Model,Split,Metric,n_samples,point_estimate,mean,std,ci_lower,ci_upper,Code
ARIMA,Test,MAE,870,3.0313940104763675,3.030925101124404,0.10306398214437032,2.845778967079225,3.224558537825569,0
ARIMA,Test,MAPE,870,8.747978239595355,8.728423569360592,0.27973470611237644,8.158362737527234,9.29148068100484,0
ARIMA,Test,R2,870,0.6019975793358591,0.6078098781905951,0.033310939233703867,0.5482425743614946,0.6718470432320542,0
ARIMA,Test,MSE,870,18.498751677127427,18.193041821821488,1.3785624051641208,15.519917033573734,20.974334467715494,0
ARIMA,Test,MAE,851,0.952211116206939,0.9499819467989158,0.03748695140927967,0.8798718422269867,1.0166184198830677,1
ARIMA,Test,MAPE,851,8.455716371453272,8.467330784279472,0.32860275923414245,7.937771919900549,9.134450084174105,1
ARIMA,Test,R2,851,0.626537087118148,0.6239974358585986,0.03370434640521143,0.558143326971648,0.6888888253233201,1
ARIMA,Test,MSE,851,1.9894257944167704,1.9974294724188706,0.1631012781930121,1.7108138902337964,2.329904348380841,1
ARIMA,Test,MAE,834,0.648343119967726,0.6528173017539973,0.030595317914689578,0.5963907589836981,0.7158850599899654,2
ARIMA,Test,MAPE,834,2.1750201306338948,2.1746582588615326,0.09362004550195221,1.9943468032537652,2.343153351559727,2
ARIMA,Test,R2,834,0.8294556265373401,0.8290162565396215,0.026161328184342452,0.776368983718937,0.8743843042852385,2
ARIMA,Test,MSE,834,1.1394326469524612,1.137236943925727,0.15259168057421646,0.8776113877641171,1.433774944962101,2
ARIMA,Test,MAE,837,0.6346665740597007,0.6369526202435136,0.020608291955437,0.6011218743940171,0.6848932913206295,3
ARIMA,Test,MAPE,837,1.9343595971225067,1.9278298835346297,0.06509288623393904,1.8112010196662498,2.0582450478241716,3
ARIMA,Test,R2,837,0.5753809392772544,0.5729502078176061,0.03277083203662176,0.5126054867921828,0.6266386271853384,3
ARIMA,Test,MSE,837,0.6999927122146149,0.7021471779632965,0.05057795108573272,0.6247099677240664,0.8278250170851874,3
ARIMA,Test,MAE,36,0.9460194561249102,0.9541023124782917,0.19381741158038085,0.5879405220932251,1.3380215753362978,4
ARIMA,Test,MAPE,36,9.88766408436034,9.603829828202324,1.675167586591159,6.407213765755869,12.61721603420645,4
ARIMA,Test,R2,36,0.20667283740158393,0.14432398409805805,0.36693924364514496,-0.8250255707690893,0.6309211707941771,4
ARIMA,Test,MSE,36,1.9577551423678696,1.970378318716144,0.6852970453699663,0.8943311354899485,3.461852005460011,4
ARIMA,Test,MAE,840,36.581952715217874,36.68471907634495,1.6237941182734426,33.52120222061224,39.832219518025326,5
ARIMA,Test,MAPE,840,18.138637935419755,18.139226763263753,0.7507010399576225,16.784468897809784,19.556581769861435,5
ARIMA,Test,R2,840,0.6761517908198154,0.6784215315391527,0.04127923017068067,0.594286205678993,0.7489608218465285,5
ARIMA,Test,MSE,840,3373.8455597035,3334.351469641024,370.17369000962606,2718.1289425516943,4014.671391820162,5
ARIMA,Test,MAE,838,0.32927326223986114,0.3299077011087422,0.010030944534373212,0.31085772873270523,0.35142367044811207,6
ARIMA,Test,MAPE,838,8.50091250199609,8.50464632377909,0.35600009367444985,7.86411653079875,9.228910624681987,6
ARIMA,Test,R2,838,0.6439899241913654,0.6472854184030417,0.029619421100442994,0.5910423364013406,0.6992140604782134,6
ARIMA,Test,MSE,838,0.22757637156740468,0.22829379995881158,0.017447331706081197,0.1989925210809945,0.2657638366467984,6
ARIMA,Test,MAE,837,0.71096693931,0.7139077832937484,0.03253818167241323,0.6491267149396838,0.771725030063519,7
ARIMA,Test,MAPE,837,4.599678850520639,4.601024706916852,0.2096783948529766,4.187334442802289,4.984656883139276,7
ARIMA,Test,R2,837,0.8056614018913295,0.8063624406426029,0.03121732553832073,0.7297869521087971,0.8588534474399676,7
ARIMA,Test,MSE,837,1.4653550781952758,1.471043425763319,0.1790335414233343,1.1719775484384438,1.8204526676784911,7
ARIMA,Test,MAE,842,2.118711090544232,2.1141101316164765,0.09851718255909699,1.932581387175987,2.2834266648971635,8
ARIMA,Test,MAPE,842,26.009501257576183,25.90440630223007,1.2285253411458208,24.022880451614398,28.491028018302888,8
ARIMA,Test,R2,842,0.6878398813520795,0.6807994987363117,0.07138828204169549,0.5513240621504684,0.7996630346200609,8
ARIMA,Test,MSE,842,12.929194665688247,12.465958423331223,2.6893962680385077,8.925697428289814,19.758836110269222,8
ARIMA,Test,MAE,836,1.7442025105916503,1.7499138719879834,0.0687827170485896,1.6359240738797163,1.8854636528487616,9
ARIMA,Test,MAPE,836,1.9178237917314087,1.9211621608093035,0.0835835337861277,1.769045003863044,2.0971657019761443,9
ARIMA,Test,R2,836,0.8244752186923108,0.8245745825084592,0.01809794833600875,0.7857813516282844,0.8571735396111425,9
ARIMA,Test,MSE,836,7.36729633961959,7.428635872413881,0.7864595003515044,6.047540014528958,8.888820762590427,9
ARIMA,Test,MAE,831,2.17678358013713,2.1833223428968265,0.0699163175686838,2.066128717709443,2.3234200316630687,10
ARIMA,Test,MAPE,831,1.5824438012662274,1.5844587113127062,0.048132132859512566,1.499711618628683,1.6835844012733043,10
ARIMA,Test,R2,831,0.4866209011932705,0.4821667403544365,0.04106383320979335,0.39536890232202876,0.5515207590504552,10
ARIMA,Test,MSE,831,8.451349925084266,8.361338594046005,0.5676045789956095,7.428040703911753,9.697573090728234,10
ARIMA,Test,MAE,843,0.35724969756941605,0.3563321136104126,0.010942675470146004,0.3376883691931492,0.37652695316008833,11
ARIMA,Test,MAPE,843,8.499564537683895,8.46661207508557,0.3195017967007194,7.933776657785105,9.168052817574905,11
ARIMA,Test,R2,843,0.15212107719642565,0.15864671788873694,0.058268999819255936,0.0369600230476511,0.2673842391451736,11
ARIMA,Test,MSE,843,0.2420742830290706,0.246802091329045,0.019924722290116718,0.21138646107253342,0.28564342114651525,11
ARIMA,Test,MAE,825,2.3576597280237173,2.3457371981365873,0.05974386655849977,2.222539174895538,2.446305987228121,12
ARIMA,Test,MAPE,825,2.314860638917978,2.3120074265053248,0.05958738448574323,2.201708510695616,2.4371530282352465,12
ARIMA,Test,R2,825,0.5457935827499953,0.5433080323525669,0.034028846515990314,0.4869002771585742,0.6191539423200851,12
ARIMA,Test,MSE,825,9.579163122674373,9.612255144668529,0.5827431624072993,8.704457655886712,10.705283579796996,12
ARIMA,Test,MAE,827,2.086534063338748,2.0877445162918,0.06001074279861573,1.9922640870627002,2.2079397716480895,13
ARIMA,Test,MAPE,827,8.318654735680152,8.276616602301312,0.31113378101093986,7.749744579290828,8.877456938863183,13
ARIMA,Test,R2,827,0.48487103576954316,0.48604389634842043,0.03848282613032942,0.4035119812251059,0.551568340924428,13
ARIMA,Test,MSE,827,7.855977496795339,7.881107348240049,0.5358136554958369,6.93159596748493,8.839531711981827,13
ARIMA,Test,MAE,825,4.413763018612165,4.420668011958141,0.16446544006772368,4.095614030569949,4.731783777993153,14
ARIMA,Test,MAPE,825,23.249568862581313,23.225656660926482,0.8927186724113052,21.563616529690925,24.811263740979566,14
ARIMA,Test,R2,825,0.8169375133878998,0.8148613635623608,0.019172727306063758,0.7816668784840342,0.8455698560522723,14
ARIMA,Test,MSE,825,45.5400225047855,45.70684519689423,5.001565390374571,38.15172618250709,57.84668010032589,14
ARIMA,Test,MAE,831,0.15434516906684,0.15495207303228853,0.010192516783934335,0.13743189716951973,0.17381432325120655,15
ARIMA,Test,MAPE,831,12.89967845550921,12.911794823971896,0.672939224347127,11.896146920568107,14.299744450838228,15
ARIMA,Test,R2,831,0.8672073048429486,0.8677102199236708,0.02978868759391067,0.7996332124225211,0.9120939016178549,15
ARIMA,Test,MSE,831,0.09674063919291612,0.09657965420793722,0.019894004859320268,0.05917009266697383,0.13088245587538525,15
ARIMA,Test,MAE,822,21.051256154134666,21.290277396066948,0.8717374295958353,19.638844042080784,22.991126833881196,16
ARIMA,Test,MAPE,822,17.650973001783328,17.65285952900962,0.7090625839297441,16.251506325885703,19.200201925920698,16
ARIMA,Test,R2,822,0.22846889271611615,0.22458896674291728,0.08874795953325952,0.050850568437336846,0.38364148803819415,16
ARIMA,Test,MSE,822,1014.1970828381783,1017.3488973392932,105.73167227821757,803.8266711739668,1238.2806434393422,16
ARIMA,Test,MAE,155,0.4848162063629337,0.48608143766731876,0.059186425719271275,0.380544476320059,0.6046098249589467,17
ARIMA,Test,MAPE,155,7.652353567681589,7.55250931255595,0.716235323199371,6.192473752088268,8.95776267601805,17
ARIMA,Test,R2,155,0.3660566475607836,0.38184359914136334,0.19503509204866493,-0.004446428406518991,0.6515803820661012,17
ARIMA,Test,MSE,155,0.6278664677746274,0.6263491052925694,0.19447719639779398,0.3335873012016634,1.0786700201681905,17
ARIMA,Test,MAE,827,0.3922332339498072,0.3895904200507126,0.012449165659356576,0.3669414488096298,0.410502896412983,18
ARIMA,Test,MAPE,827,4.395923222946658,4.401047134188252,0.15390721106565333,4.097973992581325,4.7149409929751,18
ARIMA,Test,R2,827,0.40094224931057276,0.4012428377505738,0.036316931090896926,0.34051270430910907,0.4721103415209556,18
ARIMA,Test,MSE,827,0.29613044631640817,0.29647867551618584,0.01938912417031955,0.2548212900300577,0.33122932156831153,18
ARIMA,Test,MAE,619,14.514519962969164,14.731466245285374,1.126139852218628,13.03885794101358,17.34924115249024,19
ARIMA,Test,MAPE,619,40.38904975980445,40.80912453473282,2.4372728715109053,36.8801873123439,45.46596835467308,19
ARIMA,Test,R2,619,0.5730603294371627,0.5516958427247913,0.1131061299421884,0.29609293880305637,0.7285979894231098,19
ARIMA,Test,MSE,619,970.1335706804982,990.7343038281641,200.9840326756533,696.5572974103741,1362.2405003523722,19
ARIMA,Test,MAE,21,35.95654951672456,35.11373568169389,9.785384851918414,16.27664833976193,50.29955862546818,20
ARIMA,Test,MAPE,21,36.767930515627775,37.59624164586984,6.3696563374547335,26.803562107002985,48.322729833262834,20
ARIMA,Test,R2,21,0.7744840776064736,0.7472990997566097,0.14442776230106175,0.40537340313528075,0.9377511981959127,20
ARIMA,Test,MSE,21,3394.7551015364625,3264.5528847085898,1442.1980506750435,899.4392809925961,6465.513618302349,20
ARIMA,Test,MAE,624,20.355113913903452,20.25242834090216,2.3121110334743378,16.230814957813465,25.201359094653096,21
ARIMA,Test,MAPE,624,44.50679382009369,43.93969016827219,3.681385432995731,37.708957740276375,50.80208860602096,21
ARIMA,Test,R2,624,0.40815750931104755,0.3823025879668836,0.25339067117365427,-0.2989238694455351,0.7434888295769875,21
ARIMA,Test,MSE,624,4387.035648103256,4496.058491272267,1836.5878641151878,1751.9795630883336,8282.855314297129,21
ARIMA,Test,MAE,3,16.560842855321596,16.438798986298263,2.076699060279429,13.357880631388952,21.333728352902938,22
ARIMA,Test,MAPE,3,6.9724353250452635,7.040301239334386,0.7277236088675837,6.041012551030039,8.615471023949944,22
ARIMA,Test,R2,3,0.9394462670874788,0.7820377879561246,0.2755900292261279,0.0,0.9495510500496084,22
ARIMA,Test,MSE,3,286.0962034340249,281.79682882301114,64.06077130078614,193.8645399430187,418.6479186430028,22
ARIMA,Test,MAE,418,1.8475222204369939,1.8261614345164197,0.13257409935160427,1.5982931885230132,2.0797496559256126,23
ARIMA,Test,MAPE,418,10.168803536773,10.211032614499034,0.7308434213665861,9.018466822291527,11.737678055133738,23
ARIMA,Test,R2,418,0.6314224059994048,0.6308826564419473,0.06711596853409285,0.47835977071060215,0.7461015827748964,23
ARIMA,Test,MSE,418,11.315422759278349,10.93810827746061,2.3038745258070885,7.129019565431829,14.926059077288867,23
ARIMA,Test,MAE,614,24.333720414241085,24.196327549023977,1.374253365774975,21.633418470771204,26.778859614167565,24
ARIMA,Test,MAPE,614,19.890811711644222,19.935157254552674,0.802605281752662,18.369333328269786,21.606962764017535,24
ARIMA,Test,R2,614,0.7807368626815994,0.7779799434645207,0.03696866711958376,0.7036568909474322,0.8494688415457287,24
ARIMA,Test,MSE,614,1956.236861752123,1888.5568254969455,389.4281958917031,1223.4177563039987,2681.9010994738383,24
ARIMA,Test,MAE,614,0.2818832424083009,0.2844395537290489,0.026929311874698193,0.2324429041310956,0.334233124977159,25
ARIMA,Test,MAPE,614,32.08771899923734,32.340128053209476,1.8361584823012058,29.32899511489199,35.94516688049276,25
ARIMA,Test,R2,614,0.8538897224833651,0.853491737819429,0.050076024658910714,0.7530127849387965,0.9288494444443457,25
ARIMA,Test,MSE,614,0.5441104087118611,0.556154328098092,0.16261057906335766,0.28535129281323063,0.852246201157565,25
ARIMA,Test,MAE,175,0.3916614628522169,0.39205538556793373,0.07865731451157622,0.26077516768366443,0.5513412015872398,26
ARIMA,Test,MAPE,175,87.98024511777552,87.14273707990539,29.37288185848098,42.40858752748403,145.1311576727242,26
ARIMA,Test,R2,175,0.5681817859740819,0.543213334490152,0.20502456139544523,0.013687788780042058,0.8169988873354525,26
ARIMA,Test,MSE,175,1.2261813221799283,1.187152902561774,0.40908318278135036,0.47713073859641353,2.0225259702470546,26
ARIMA,Test,MAE,625,0.33605213423216196,0.3365463321072129,0.013725222040990793,0.30357663884096875,0.3591953812059855,27
ARIMA,Test,MAPE,625,10.238454714925398,10.211582480291447,0.4034889292763157,9.536563283083133,11.015846524579235,27
ARIMA,Test,R2,625,0.7459254338766776,0.74923782307438,0.022808164517370624,0.7038980092336561,0.7929559923739209,27
ARIMA,Test,MSE,625,0.218662529552677,0.21721799697227648,0.017515901923784164,0.18829336936859814,0.2528497263443865,27
ARIMA,Test,MAE,612,0.45684481341496147,0.45803008395164674,0.01685376072474548,0.4259787049624145,0.48990844581264975,28
ARIMA,Test,MAPE,612,6.888320843748881,6.912605567276731,0.2515962109494987,6.440773312196588,7.409207779884746,28
ARIMA,Test,R2,612,0.5746923278794527,0.5732258026477555,0.04697440979256959,0.4683896073474136,0.6571098805988563,28
ARIMA,Test,MSE,612,0.4048140886730779,0.40639166430515394,0.03794922517896501,0.334584338558093,0.48461369099199325,28
ARIMA,Test,MAE,73,2.203854756867199,2.2396967382503647,0.3912115800033902,1.5645278935594227,2.9491430041534756,29
ARIMA,Test,MAPE,73,186.70766796175667,182.57693676696022,38.74019890575577,115.48460063831081,257.40631778099186,29
ARIMA,Test,R2,73,0.3000497023151838,0.27204518098548286,0.14492292625401082,-0.02828684079926446,0.5185237777190096,29
ARIMA,Test,MSE,73,14.532238151683503,14.268899347758385,4.480761421170776,7.758253584429565,23.965690189362142,29
ARIMA,Test,MAE,172,24.82917166403992,24.734375753885516,1.7165639127043664,21.796038676865084,28.483910056149853,30
ARIMA,Test,MAPE,172,17.48562116235652,17.657530085053732,1.9615648196128237,14.134155535134296,21.608135720781902,30
ARIMA,Test,R2,172,0.43842280403110223,0.4236317420484208,0.0915599212246508,0.24097884263131167,0.5845482833820782,30
ARIMA,Test,MSE,172,1142.9791261769533,1133.415079948966,200.30203252345737,837.3450145698858,1563.4396494930406,30
ARIMA,Test,MAE,158,8.815505555812317,8.759470207738627,0.7672176831076286,7.4629572969465485,10.109886125797338,31
ARIMA,Test,MAPE,158,18.83963191051876,19.069797158413845,2.6313182335953047,14.435980461156722,24.13496239896331,31
ARIMA,Test,R2,158,0.5335466526658674,0.5285072441530764,0.09930026617184969,0.2872136966748919,0.6835598698440664,31
ARIMA,Test,MSE,158,153.953540156954,149.1703888138299,29.565823133594904,104.89767608197961,214.99059438244163,31
ARIMA,Test,MAE,74,18.6071174812486,18.36264468023044,2.033013627390988,14.404060515999822,22.457719200955232,32
ARIMA,Test,MAPE,74,33.683775215885625,33.926265440070736,6.351814329959078,23.93643809940845,48.264693218469844,32
ARIMA,Test,R2,74,0.5179782727672558,0.4801019175110685,0.13962909839469886,0.18028375425696397,0.6884911638584202,32
ARIMA,Test,MSE,74,592.5275848602072,578.2717496756173,103.94573890193828,386.09052919565846,794.2642015327051,32
ARIMA,Train,MAE,3047,2.824218300076665,2.830806769035423,0.04820226769742283,2.7460270028242975,2.9289581004156138,0
ARIMA,Train,MAPE,3047,8.204692182549465,8.193443356052587,0.15499141495145022,7.923140231090162,8.520400142293877,0
ARIMA,Train,R2,3047,0.6473727744679896,0.6467535069312524,0.014744857143114194,0.6203260522699389,0.6762238441824846,0
ARIMA,Train,MSE,3047,16.786582322390814,16.82367147908335,0.6601959174860906,15.666112697862319,18.026805932532742,0
ARIMA,Train,MAE,2977,0.9368202961523877,0.93887671543109,0.01880749713027943,0.9077479808668961,0.9763492332076331,1
ARIMA,Train,MAPE,2977,8.2509586670569,8.236831427257382,0.15181406623547286,7.926610821280128,8.53390560450838,1
ARIMA,Train,R2,2977,0.6565180417733385,0.6541356812109644,0.015501762336481248,0.6233822002199978,0.6831937709989002,1
ARIMA,Train,MSE,2977,1.8533006165469106,1.8704146424853474,0.09201734338885591,1.7129280721590936,2.028795432198694,1
ARIMA,Train,MAE,2919,0.6933504401114312,0.692247265465562,0.01429952042039161,0.6715322489249836,0.7200600420770503,2
ARIMA,Train,MAPE,2919,2.328724713761045,2.3276848110973676,0.05615676284827741,2.2176617325225063,2.4236941837656647,2
ARIMA,Train,R2,2919,0.8123298279965921,0.8130493221266677,0.01170156952404499,0.7894538775831939,0.8330119209628701,2
ARIMA,Train,MSE,2919,1.1724602247870348,1.174331658942338,0.0667373136696322,1.0629645802175298,1.3103482655961818,2
ARIMA,Train,MAE,2929,0.6264138930330979,0.6249999071825798,0.010574244452486087,0.6070831386411318,0.6450932799827129,3
ARIMA,Train,MAPE,2929,1.9095463529288286,1.9093122170207206,0.032201027408460745,1.847689921478155,1.9677593823861161,3
ARIMA,Train,R2,2929,0.5957114372419678,0.5960424934883902,0.01745338620176778,0.5633593266513253,0.6315412204149364,3
ARIMA,Train,MSE,2929,0.7072177422150677,0.7071146316690846,0.031127470058190814,0.6535606009115834,0.7617907072908556,3
ARIMA,Train,MAE,130,0.5793333779237252,0.5775311445959562,0.05977241321653224,0.47775792056176064,0.6902430182519101,4
ARIMA,Train,MAPE,130,6.330328533791974,6.345807930128254,0.6814011433869297,5.05777894668331,7.66764718414656,4
ARIMA,Train,R2,130,0.6976756612835261,0.690556850247582,0.07576828105042614,0.524353607373012,0.8242846842593725,4
ARIMA,Train,MSE,130,0.7618752225796396,0.722880544567206,0.20973052424490304,0.4231706714687987,1.1838895403537064,4
ARIMA,Train,MAE,2937,37.90094190797788,37.93061592652683,0.8258031056664584,36.18297120242437,39.41510824855981,5
ARIMA,Train,MAPE,2937,20.488264668546467,20.573925514948325,0.6966086692596541,19.305832584304106,22.01804713571823,5
ARIMA,Train,R2,2937,0.6696229831618075,0.6689139995541109,0.0218113899719741,0.6307560295612091,0.7118595858467003,5
ARIMA,Train,MSE,2937,3468.5230414453727,3472.1945229820267,222.68717098258386,3081.4797547869116,3949.316148964009,5
ARIMA,Train,MAE,2932,0.3016322101924419,0.3007829495970947,0.005354024128820715,0.29045535511708787,0.31200342497200867,6
ARIMA,Train,MAPE,2932,7.957885033097995,7.943161662320679,0.16016416237743678,7.642721230013835,8.248015652142366,6
ARIMA,Train,R2,2932,0.7060897348114764,0.7034243817606689,0.013866642444755582,0.676079853251964,0.7304732832605623,6
ARIMA,Train,MSE,2932,0.19020555529301103,0.18976085203463705,0.00831897041449676,0.17500446470510556,0.20753414941963155,6
ARIMA,Train,MAE,2928,0.718950662480173,0.719870461868976,0.0193854675151735,0.688106696914555,0.7584389185949758,7
ARIMA,Train,MAPE,2928,4.698351174390983,4.715582211368811,0.09586042024885141,4.5421608957639625,4.894206969468849,7
ARIMA,Train,R2,2928,0.8150472813708641,0.8169534545169362,0.01273355034667546,0.7913622332650958,0.838202175263751,7
ARIMA,Train,MSE,2928,1.4860349405914375,1.4759929932476754,0.11658351844323789,1.2530204999382515,1.6759267478773572,7
ARIMA,Train,MAE,2948,2.193021399983221,2.1896628552973474,0.07710069261067881,2.0572112967398986,2.3276129188676844,8
ARIMA,Train,MAPE,2948,28.516127386095864,28.467917276109507,1.981192621123102,25.375408648088307,32.83044996367437,8
ARIMA,Train,R2,2948,0.6701930488002228,0.6475189129730984,0.08253921076139237,0.4974331871178344,0.7783410072263659,8
ARIMA,Train,MSE,2948,22.030888777507204,21.79555100285789,5.154114147370936,13.989529596587424,32.721426448256125,8
ARIMA,Train,MAE,2923,1.8181190038980228,1.8166498454568045,0.03814732802136484,1.757911152844791,1.8964346137313333,9
ARIMA,Train,MAPE,2923,2.0031365255154028,2.0015691287466426,0.047971310523078736,1.913266162059537,2.1001829723403236,9
ARIMA,Train,R2,2923,0.8131817466214538,0.8123154193403463,0.012544074314524454,0.785554730453297,0.8337094454903494,9
ARIMA,Train,MSE,2923,7.877149886229234,7.866209044257826,0.5279435005132392,6.832263432124988,9.056448807790272,9
ARIMA,Train,MAE,2908,2.1967749397226624,2.2004091721453203,0.03105806568757824,2.1453069957132223,2.2610339051058026,10
ARIMA,Train,MAPE,2908,1.5994868566231526,1.5985025981777674,0.02300756724720048,1.5587559752209372,1.6455246017796306,10
ARIMA,Train,R2,2908,0.4980187035101834,0.4921324516457583,0.02110476506231219,0.44426244581695523,0.5293822722136001,10
ARIMA,Train,MSE,2908,8.238207625410686,8.239632217580706,0.2591181274694193,7.776744613568828,8.80120913325926,10
ARIMA,Train,MAE,2950,0.3413536068525491,0.3412125818857693,0.005066960960098715,0.3305795594568642,0.35127172836016646,11
ARIMA,Train,MAPE,2950,8.151707133839711,8.155450970203168,0.14295062233936132,7.891151444185546,8.42095296621596,11
ARIMA,Train,R2,2950,0.2243728359354018,0.230665286015922,0.02704041018261809,0.16983444679601525,0.2807676132438572,11
ARIMA,Train,MSE,2950,0.20219494748053576,0.20229184928250746,0.00667975546699198,0.18762904556307308,0.21409864330847597,11
ARIMA,Train,MAE,2884,2.376544360514971,2.375735564720177,0.03819030461842353,2.3068657367471785,2.451437489139588,12
ARIMA,Train,MAPE,2884,2.3428715102852267,2.3480803056085406,0.03892575304961664,2.2700224707643253,2.415508125253159,12
ARIMA,Train,R2,2884,0.5340341803526758,0.5357700371996664,0.020749857589943688,0.4946773649929127,0.5738528153870549,12
ARIMA,Train,MSE,2884,10.240892976054946,10.21912235177925,0.3547640780206898,9.441094001593976,10.937911486137857,12
ARIMA,Train,MAE,2894,2.053739168215893,2.060551880042327,0.028022143535322726,2.010020959847814,2.1136117737129863,13
ARIMA,Train,MAPE,2894,8.09665919548251,8.07860607275985,0.12838630024490896,7.859653338603296,8.324648099955224,13
ARIMA,Train,R2,2894,0.5163602886167116,0.5180694366231994,0.017368692893718864,0.4782469919472837,0.5480427354105517,13
ARIMA,Train,MSE,2894,7.120686003715587,7.131123211352486,0.24218249911902182,6.714388204715711,7.631035149579345,13
ARIMA,Train,MAE,2888,4.46985961649076,4.480159180356935,0.09351571094122113,4.317732231248147,4.655816228328492,14
ARIMA,Train,MAPE,2888,24.04041674444353,24.04165098626355,0.5787299930363294,22.938261729232067,25.101004281527654,14
ARIMA,Train,R2,2888,0.7982232411771116,0.7958377359461495,0.016701525773845136,0.7607454580830376,0.8239950998739087,14
ARIMA,Train,MSE,2888,49.56917397244507,49.48476898708864,3.456756894543777,43.0948570643989,57.11682733179242,14
ARIMA,Train,MAE,2909,0.1424375431478336,0.14260505809752744,0.005157203759571572,0.13402444178790873,0.1518576207232377,15
ARIMA,Train,MAPE,2909,12.04679579882763,12.045139208270964,0.23619302297002454,11.573720730644187,12.411950695690221,15
ARIMA,Train,R2,2909,0.8844672358352473,0.8843734887524429,0.01607730641616001,0.8492884117581376,0.917058836284708,15
ARIMA,Train,MSE,2909,0.081680764276794,0.0823419394858581,0.010942568195150222,0.06210967346436745,0.10398514867318127,15
ARIMA,Train,MAE,2877,22.494561301425072,22.57273745119377,0.5042994322658171,21.631777615003976,23.439726780336397,16
ARIMA,Train,MAPE,2877,19.056060815901528,19.06946195367547,0.4136422939696865,18.348281412613222,19.964448883019994,16
ARIMA,Train,R2,2877,0.28220281137538883,0.27970009207120344,0.030743542186737166,0.21967295068879505,0.33263159448332846,16
ARIMA,Train,MSE,2877,1131.8008768304032,1126.0541418617343,52.951300553306915,1024.9109286302094,1219.6265282635102,16
ARIMA,Train,MAE,541,0.5330810907322758,0.5290564302675623,0.02730318121961775,0.47962078630829263,0.5769286078946856,17
ARIMA,Train,MAPE,541,8.127096508024156,8.06246087400981,0.4914492856958201,7.117148054977631,9.062459255083535,17
ARIMA,Train,R2,541,0.543047323572777,0.5389269328449506,0.05284015661549752,0.44796309591025757,0.630554199918312,17
ARIMA,Train,MSE,541,0.7253840407669812,0.7242075452349885,0.07908197293132171,0.5722331301496739,0.8652052544853374,17
ARIMA,Train,MAE,2892,0.3704476658560506,0.3712192105195258,0.005445011119872814,0.3609183144190328,0.3812245178982944,18
ARIMA,Train,MAPE,2892,4.133904924310135,4.120061669001013,0.07554723412954105,3.9759850307567017,4.260368632554545,18
ARIMA,Train,R2,2892,0.4548379936742031,0.4560015753943063,0.01937336995242646,0.4232456510373098,0.48994035104119366,18
ARIMA,Train,MSE,2892,0.2559279974791521,0.2558186139531799,0.009864865374895964,0.23826269076653653,0.2732353725771793,18
ARIMA,Train,MAE,2165,16.012638230019114,15.958237631428242,0.8072441025046928,14.666630984895717,17.75556653133312,19
ARIMA,Train,MAPE,2165,43.388872631243814,43.49496424511027,1.4991718782942736,40.74532837975628,46.16310097723838,19
ARIMA,Train,R2,2165,0.5602297826479501,0.5584515125803923,0.05816161981198656,0.45418255664762613,0.6582299661136822,19
ARIMA,Train,MSE,2165,1492.3012946635768,1464.4471240432194,217.47080159626648,1093.7170427372826,1942.6883054095692,19
ARIMA,Train,MAE,75,34.29759629770786,34.15073675233042,5.435624112393649,24.727300819985565,44.14787957891269,20
ARIMA,Train,MAPE,75,53.10455839854655,53.37498718973956,10.728553523419635,35.639792173644416,73.63425635366548,20
ARIMA,Train,R2,75,0.5856172005171841,0.5635830138820979,0.21512599499713295,-0.07440802793907277,0.8097935127552275,20
ARIMA,Train,MSE,75,4236.197604235541,4166.881226281646,1709.0763012036869,1889.008925138485,8202.62584518459,20
ARIMA,Train,MAE,2183,20.478047193199004,20.639505253508343,1.3672650305098324,18.483754436676424,23.266452657212106,21
ARIMA,Train,MAPE,2183,42.81243282474981,42.453917759839385,2.291520897837131,38.8712343024959,47.466208189603115,21
ARIMA,Train,R2,2183,0.5320631722614326,0.5306194206224109,0.07044447424159829,0.39516801637991783,0.6405194275948576,21
ARIMA,Train,MSE,2183,3905.435755417489,3836.3516007315675,588.3283679191958,2788.141799032135,5129.068651406634,21
ARIMA,Train,MAE,11,31.830160664359582,33.11844400903608,11.447787598136692,12.394867195381067,56.27624733034425,22
ARIMA,Train,MAPE,11,13.055300017498118,12.871652418889825,2.9455263328005876,7.174855572700417,18.225452142786228,22
ARIMA,Train,R2,11,0.7275113229492446,0.651285869323473,0.2587065051585097,0.01826957442153028,0.9152115930969313,22
ARIMA,Train,MSE,11,2235.15480669868,2070.608841974261,1259.440850372649,232.36240780285252,4850.769544816997,22
ARIMA,Train,MAE,1466,2.015454543992761,2.0049550471464417,0.0757707751669152,1.8695389059522483,2.16180538041428,23
ARIMA,Train,MAPE,1466,11.358695540745805,11.360302736364055,0.3511498029033827,10.655638480845111,11.992511122976515,23
ARIMA,Train,R2,1466,0.5472912492453255,0.5455683801435082,0.04953876821539758,0.4472821717042606,0.6319156892865941,23
ARIMA,Train,MSE,1466,12.576988927722232,12.574994584407342,1.266491387120349,10.193055590744985,15.057965784999901,23
ARIMA,Train,MAE,2150,24.313152669425612,24.17516878220324,0.8136256825515036,22.65401193037345,25.691764989972274,24
ARIMA,Train,MAPE,2150,18.96521046207786,19.01082641735891,0.5974262302090173,17.98720410680264,20.248532879257514,24
ARIMA,Train,R2,2150,0.7578794698801992,0.7619331496974558,0.03467252212156412,0.6923615010424685,0.8216900533166716,24
ARIMA,Train,MSE,2150,2419.696424177332,2374.333086057146,275.59164075292904,1775.751718091939,2998.3873897443873,24
ARIMA,Train,MAE,2149,0.2575826318738388,0.25617087099887176,0.012908109717669399,0.2335649938904263,0.2808432698720561,25
ARIMA,Train,MAPE,2149,34.71590150773495,34.658230444527774,1.5415763974412724,32.18778051459179,37.69308399437446,25
ARIMA,Train,R2,2149,0.8540552123319392,0.8574037831762744,0.024772235310088365,0.8080864866444174,0.9037186883483745,25
ARIMA,Train,MSE,2149,0.38086599627700035,0.3724366904653693,0.0740678697532777,0.24570245484923176,0.5430516747721692,25
ARIMA,Train,MAE,611,0.3621031984213224,0.36047400428499926,0.03805653009815007,0.2927325884320892,0.43766338947754363,26
ARIMA,Train,MAPE,611,63.93873634328795,65.5163818476107,7.498739483548,51.710132341656326,78.42969428626795,26
ARIMA,Train,R2,611,0.842258901442028,0.8386537617503219,0.0394367500315007,0.7695207640353946,0.9059137724628686,26
ARIMA,Train,MSE,611,0.8513825765216181,0.847167251615138,0.2003551076148976,0.5322550531900061,1.2273099012896262,26
ARIMA,Train,MAE,2187,0.3238570802822665,0.32470485534199567,0.007092226086457265,0.311523343416844,0.3384984603063596,27
ARIMA,Train,MAPE,2187,10.102912181112812,10.117416616074616,0.26372408497424304,9.61233980639234,10.620894868334949,27
ARIMA,Train,R2,2187,0.7444352811536317,0.7449727612477518,0.016296155357175237,0.7099346776462158,0.772401295673464,27
ARIMA,Train,MSE,2187,0.22281536151965567,0.22525494858390505,0.011967145920855616,0.20126275797361942,0.2459209142362898,27
ARIMA,Train,MAE,2140,0.46202916002933886,0.4620857561228091,0.009402061275341999,0.4454673796973533,0.48340193411202625,28
ARIMA,Train,MAPE,2140,6.985535150970283,6.976712865734611,0.17517553287708668,6.62712767245325,7.289105449315275,28
ARIMA,Train,R2,2140,0.5186132984430856,0.5169138447079331,0.02608126671175945,0.47086877410012146,0.5628497267358676,28
ARIMA,Train,MSE,2140,0.43343265722367075,0.4328273952217696,0.021271541979770922,0.3889575020832109,0.47042569726763056,28
ARIMA,Train,MAE,257,2.8643520404657705,2.887556599292603,0.24994638960724175,2.4330128371191635,3.3964131009020817,29
ARIMA,Train,MAPE,257,331.6677162386202,320.861462980608,67.41429257533588,205.67363813459653,460.97266095638446,29
ARIMA,Train,R2,257,0.07583885217132158,0.072543463266852,0.14859336230336553,-0.21254204077017855,0.30413266088263924,29
ARIMA,Train,MSE,257,23.850862917946785,24.10539226394988,3.8797603490315447,18.231618268742686,31.14997318717412,29
ARIMA,Train,MAE,603,23.938867458730194,23.835584673806807,0.9942576091964875,22.066510382299402,26.006822782788767,30
ARIMA,Train,MAPE,603,15.303790672709026,15.309628582369328,0.7149457784066872,14.144233109382139,16.77625050004759,30
ARIMA,Train,R2,603,0.4663921210294941,0.4615481979200951,0.041942243730942075,0.37978632047915056,0.5352902399927539,30
ARIMA,Train,MSE,603,1132.1948683226985,1124.771164453502,88.82398178297771,968.5447413322556,1300.1588930535095,30
ARIMA,Train,MAE,557,7.462652944369594,7.444257927913433,0.3256073706193258,6.870508715784801,8.095932347020257,31
ARIMA,Train,MAPE,557,16.34890473005421,16.389377190349556,1.783682116132037,13.755139256545785,20.13971428388307,31
ARIMA,Train,R2,557,0.6421933975817364,0.6499333076944355,0.03579689646697468,0.575334240131315,0.7089082423177424,31
ARIMA,Train,MSE,557,111.45787245990846,109.4262609170757,12.399332443827868,87.98387659817031,135.41643626261092,31
ARIMA,Train,MAE,261,20.46488962532533,20.6085290166029,1.2437473280277647,18.392557161664698,22.91758682486484,32
ARIMA,Train,MAPE,261,29.19713069806672,29.035176887638578,2.3771777810455648,25.517797379909595,34.023675386812826,32
ARIMA,Train,R2,261,0.2628477375798427,0.2782176039209615,0.11444358718716292,0.05439494957440471,0.46697959958654084,32
ARIMA,Train,MSE,261,850.1461331196449,841.1410967606128,86.32094662841904,665.8389257768699,1009.4089655245547,32
ARIMA,Val,MAE,435,2.8998591704240018,2.9087700731770614,0.1215927121175333,2.6982283358474226,3.110113573103402,0
ARIMA,Val,MAPE,435,8.370663415654537,8.359691435106155,0.42454938328119946,7.587352249410448,9.1532199020628,0
ARIMA,Val,R2,435,0.6012279879350765,0.6015822180079065,0.039192790431014646,0.5303468223813713,0.6709502896931802,0
ARIMA,Val,MSE,435,16.5626779049253,16.62313626712859,1.7306644118518213,13.784787063910281,19.869092519596244,0
ARIMA,Val,MAE,425,0.9271606349946143,0.9227608729955316,0.0402108830868277,0.8472646485973129,0.997804036553051,1
ARIMA,Val,MAPE,425,8.168635179853576,8.181862748370206,0.3586210381097754,7.541293999379082,8.836517166292861,1
ARIMA,Val,R2,425,0.7134759198211712,0.7153554558585579,0.028747664647357212,0.6572096497499686,0.7688813662163723,1
ARIMA,Val,MSE,425,1.6397793492492814,1.6468767513463718,0.14606948205585313,1.3612543892157667,1.8968878121169732,1
ARIMA,Val,MAE,417,0.5352394762746143,0.534541667432916,0.026527204050650382,0.48830592766962355,0.5845347486206404,2
ARIMA,Val,MAPE,417,1.787049998071077,1.7871789691794637,0.09797281589409577,1.6210993638853752,1.9738863087582872,2
ARIMA,Val,R2,417,0.9045845895614537,0.9029522654138116,0.014194934298381808,0.8783704299621514,0.9230589409058532,2
ARIMA,Val,MSE,417,0.6284558184830149,0.6387868578045988,0.0990935623806295,0.46574056471042513,0.8361586369313604,2
ARIMA,Val,MAE,419,0.635706971258986,0.6349425530503658,0.02287001239424134,0.5961064001076161,0.6750019617564529,3
ARIMA,Val,MAPE,419,1.9311667477484327,1.9222164401548276,0.0710756823583314,1.7885333629353861,2.0571446406058325,3
ARIMA,Val,R2,419,0.5927311816038929,0.594308731969327,0.050203565403039614,0.4935486197919587,0.6792098641447817,3
ARIMA,Val,MSE,419,0.6760523776504961,0.676946395376607,0.056014913139058375,0.5771031588633408,0.811148551303827,3
ARIMA,Val,MAE,18,0.3998619346432438,0.3931284783653675,0.05888167985662678,0.2833199927690063,0.5143077792042267,4
ARIMA,Val,MAPE,18,3.883772154399738,3.7733395807408154,0.6907095048842573,2.6705198644779746,5.099453911837807,4
ARIMA,Val,R2,18,0.8885376405516214,0.8539268428702337,0.11257509143162726,0.5483538283478345,0.957836905865689,4
ARIMA,Val,MSE,18,0.24967568516436797,0.2551445255337757,0.0933105422373591,0.11540257105572611,0.451758363775931,4
ARIMA,Val,MAE,420,37.95771195662212,37.97917147667627,2.3175059407305514,33.68188356974734,42.73836584289645,5
ARIMA,Val,MAPE,420,21.68072526369056,21.828663405109463,2.158242517752175,18.49613493332039,27.111844165358903,5
ARIMA,Val,R2,420,0.6878131837987689,0.6867957818040219,0.04838675543607101,0.600739103582897,0.7739825353771643,5
ARIMA,Val,MSE,420,3304.285332352601,3283.8290754867107,478.57873946161425,2335.2042582413915,4302.922997919881,5
ARIMA,Val,MAE,419,0.33673855161361144,0.33819648755873144,0.016526833947989046,0.31167532282101307,0.3711760190450347,6
ARIMA,Val,MAPE,419,8.856028357460668,8.849567706205054,0.42780121727764364,7.9685286448273045,9.646819265962835,6
ARIMA,Val,R2,419,0.5859970275673607,0.5848069051109328,0.052156432796524786,0.4739936013213502,0.6856436148041108,6
ARIMA,Val,MSE,419,0.2527296249304442,0.25159145230855584,0.03102703580387,0.2014603681069011,0.31729837652386766,6
ARIMA,Val,MAE,418,0.7379492170563811,0.7350811136094694,0.04136218580969455,0.6505661913301302,0.8049181660289035,7
ARIMA,Val,MAPE,418,4.829840428991561,4.817504083260539,0.3116766741229254,4.241274268136415,5.362814117922734,7
ARIMA,Val,R2,418,0.7612794225801108,0.7554219115726839,0.044229686818831805,0.6592763716903716,0.8327399160082999,7
ARIMA,Val,MSE,418,1.4987949937041198,1.4868268107490312,0.22270289867377183,1.1528309303317437,1.9186585090851365,7
ARIMA,Val,MAE,421,2.2595404672148662,2.2340914303708175,0.2542807010252464,1.8337660043294752,2.7268192654031567,8
ARIMA,Val,MAPE,421,26.334842193441776,26.45864568728146,2.413086731944348,22.870942349643432,31.324006753186477,8
ARIMA,Val,R2,421,0.6036788637804107,0.6036335909019539,0.07036842404768098,0.47648988325435143,0.7576898964308593,8
ARIMA,Val,MSE,421,38.64118824543768,37.9718646370513,21.297452217903267,8.734215528421988,88.01801831860917,8
ARIMA,Val,MAE,418,1.679680492843908,1.6719938172470876,0.08393908426147648,1.5447839576736793,1.8288589487647537,9
ARIMA,Val,MAPE,418,1.83173509146554,1.829036486676295,0.09145721335332797,1.667061695591255,2.028575508249525,9
ARIMA,Val,R2,418,0.8698437302181969,0.868172380448065,0.017822176825832623,0.8257800313141368,0.8973095877297873,9
ARIMA,Val,MSE,418,5.876600127161385,5.820049380545226,0.8262047132685905,4.637393273105531,7.610714565872229,9
ARIMA,Val,MAE,416,2.167848257773041,2.152226917358433,0.0930476386644133,1.9818251969676373,2.3345298342731744,10
ARIMA,Val,MAPE,416,1.5767188106660248,1.5770873234028486,0.06679948426317528,1.4389336751040949,1.6975994999424835,10
ARIMA,Val,R2,416,0.4957741637690467,0.495745873935553,0.05739267455803607,0.37650600869114836,0.6004252424791158,10
ARIMA,Val,MSE,416,8.344666473832815,8.425753368103694,0.948343280161794,6.6650960678885545,10.413919760217016,10
ARIMA,Val,MAE,422,0.32925394539723696,0.3306225330478499,0.014205550620148107,0.3052121891732199,0.35804332982089176,11
ARIMA,Val,MAPE,422,8.007805149876091,8.012454012213452,0.3744791781117195,7.435341788187255,8.786106609427256,11
ARIMA,Val,R2,422,0.2528449570835074,0.2461602778857205,0.06735126770270347,0.1091209876625341,0.3598173028496653,11
ARIMA,Val,MSE,422,0.19367214116285636,0.19379182299669945,0.01761898383613595,0.16654192171055432,0.2287336680215044,11
ARIMA,Val,MAE,413,2.37665033092167,2.3784732762332506,0.09433562106622276,2.149930622622871,2.521321069124355,12
ARIMA,Val,MAPE,413,2.347042086372211,2.3354774628508848,0.1047359800980087,2.132790136818492,2.546558439282748,12
ARIMA,Val,R2,413,0.5317961584266457,0.5328107784901472,0.05712164291711322,0.4255934197465488,0.6354958000370012,12
ARIMA,Val,MSE,413,9.685670002975693,9.587688378354182,0.9799641745971377,7.910584585022796,11.746249717081545,12
ARIMA,Val,MAE,414,2.0445556853632443,2.0356872779605113,0.0862157753155418,1.8770037997842524,2.207578243161816,13
ARIMA,Val,MAPE,414,8.249372362310972,8.226984994300365,0.33453243135083843,7.637189424001364,8.788434196370375,13
ARIMA,Val,R2,414,0.5632160420715379,0.5511478113769709,0.045795423331799374,0.45051010941701886,0.6240399901900898,13
ARIMA,Val,MSE,414,7.378129179292459,7.384470088855729,0.7045866853936172,6.120615490557713,8.794098653008431,13
ARIMA,Val,MAE,412,4.5097339573866595,4.497543312939239,0.23319410557767523,4.120479853224646,4.960927237131079,14
ARIMA,Val,MAPE,412,24.615638927759814,24.578378987701985,1.6911718624249206,21.66138712338968,27.97389400819765,14
ARIMA,Val,R2,412,0.7459378944368238,0.7427825703800599,0.04619487759520612,0.650401464268019,0.8172286507444267,14
ARIMA,Val,MSE,412,48.50770225395839,47.593303248063506,8.648370869960031,34.89759567516529,67.71968246494656,14
ARIMA,Val,MAE,416,0.14249585768862782,0.14488669943733443,0.01279665704169753,0.1214631047280247,0.17016568644234187,15
ARIMA,Val,MAPE,416,11.760106829677719,11.710278267488704,0.5165534437848994,10.846154864339919,12.86872970802574,15
ARIMA,Val,R2,416,0.86696226034758,0.8603751961627816,0.041973642046044486,0.7685460268431971,0.9200129483761936,15
ARIMA,Val,MSE,416,0.0856791141180354,0.07909258501430015,0.028925796931274388,0.039682141297677095,0.1390490091926898,15
ARIMA,Val,MAE,411,22.189929052800323,22.17263497647116,1.1576574821275774,19.92613414117793,24.17506106114485,16
ARIMA,Val,MAPE,411,19.050180518462472,19.01727266504929,0.9264473152508703,17.32340159637948,20.88615719770439,16
ARIMA,Val,R2,411,0.2110957253895438,0.1880136039308845,0.12080017189710104,-0.04202512925834374,0.4037881341611118,16
ARIMA,Val,MSE,411,1138.2101118882347,1168.2786045915914,152.2012350560532,910.6005695971766,1480.96836697311,16
ARIMA,Val,MAE,77,0.47677622045823037,0.47141165076636965,0.07578060202128062,0.33564874260979005,0.6186233383159129,17
ARIMA,Val,MAPE,77,7.4419546328165955,7.31715522215275,0.9902668086654639,5.876009084955108,9.427772459906723,17
ARIMA,Val,R2,77,0.6230403785335484,0.5872457638024985,0.1142022281949441,0.35145733748969715,0.7729606193840789,17
ARIMA,Val,MSE,77,0.5786435094785021,0.5911920532195187,0.20918476661662516,0.25377843964293717,1.0827074945383854,17
ARIMA,Val,MAE,413,0.36799415594813034,0.3644637213846524,0.01866552808384911,0.330960406742637,0.40128297787159684,18
ARIMA,Val,MAPE,413,4.070830064641777,4.0589835448173455,0.18703379982690232,3.7631327366445264,4.429646893169471,18
ARIMA,Val,R2,413,0.4934785769669413,0.473664595083555,0.06569396035800143,0.36774408310317597,0.5993677790949059,18
ARIMA,Val,MSE,413,0.26354532152415316,0.26086583290472354,0.026261266832780135,0.2174405190005843,0.3200136788528788,18
ARIMA,Val,MAE,309,17.391164534209956,17.225795555875766,2.0248180231042463,14.035390394736195,20.80719284806715,19
ARIMA,Val,MAPE,309,43.19363596134374,42.83825044439381,3.9645604511422015,36.124842192002596,50.56305263844533,19
ARIMA,Val,R2,309,0.5192738836094577,0.508305528683338,0.06710236638151987,0.37643552769677874,0.6017932560020286,19
ARIMA,Val,MSE,309,1588.7505996668385,1609.8309313969307,573.8978310813674,755.2629976403834,2804.924986607312,19
ARIMA,Val,MAE,11,37.15383608790452,36.468144365861,14.064877253301388,12.244909091243581,64.66579480833394,20
ARIMA,Val,MAPE,11,59.41001617533558,56.2375246095258,35.41331044804599,11.239831545405298,130.91911448005195,20
ARIMA,Val,R2,11,0.799646822413048,0.7784678373883939,0.21664021295653976,0.5513425232074618,0.9862417903290353,20
ARIMA,Val,MSE,11,4240.93366338149,4792.159366846453,3065.676555497385,350.200152216659,12133.713230109644,20
ARIMA,Val,MAE,312,18.991106172127836,18.719679130361474,2.53510821807552,14.364791206419286,24.739095350528483,21
ARIMA,Val,MAPE,312,40.1398429522158,39.77457670667067,3.131472229877924,33.71116055751761,45.336512505161345,21
ARIMA,Val,R2,312,0.5374291880231912,0.5299625121752305,0.1371773319509809,0.2830730621540476,0.7579412891748469,21
ARIMA,Val,MSE,312,2820.758788232922,2938.7066728861087,1234.2071020454691,960.0533702431868,5509.669478247004,21
ARIMA,Val,MAE,2,69.66501440267741,69.66501440267741,37.72909235636451,10.30910555750151,129.02092324785332,22
ARIMA,Val,MAPE,2,32.989995536331044,34.412422503510996,18.251820214876282,4.541456192731943,61.43853487993015,22
ARIMA,Val,R2,2,-114.93547607698383,-59.766447560031594,57.71102558906512,-114.93547607698383,0.0,22
ARIMA,Val,MSE,2,8376.338146562082,8541.739356345408,5756.1310902751775,106.27765739570853,16646.398635728456,22
ARIMA,Val,MAE,209,1.9527000486190207,1.9692485091275753,0.2152395542296766,1.603898469700713,2.385279506972408,23
ARIMA,Val,MAPE,209,11.658494269647884,11.768330161190892,1.2114782524491192,9.823093896363284,14.036604617309528,23
ARIMA,Val,R2,209,0.46166339810094725,0.4440928408354676,0.1342266135135877,0.12887649954189595,0.6306453596821069,23
ARIMA,Val,MSE,209,13.161963269287623,13.185049841927976,3.485416090930227,6.784813018928515,20.04270725814515,23
ARIMA,Val,MAE,307,25.50570254319506,25.198209022236114,2.6370044777814297,20.649755789474227,30.65598351049739,24
ARIMA,Val,MAPE,307,20.502870635809593,20.352208670238127,1.7470545866557903,17.207092969725995,24.32036459538174,24
ARIMA,Val,R2,307,0.7403945239674978,0.7370305139291115,0.07256304417869416,0.5961461478900091,0.8599498039132534,24
ARIMA,Val,MSE,307,2513.239558510948,2561.902749277213,726.7212266792204,1485.4082098055414,3984.479543442614,24
ARIMA,Val,MAE,307,0.2911619300842272,0.2925967709951555,0.03579540513865326,0.2271812920249597,0.359160447140807,25
ARIMA,Val,MAPE,307,34.52096899192292,34.39373445224313,2.9259043539873058,29.608662942736707,41.289582175863615,25
ARIMA,Val,R2,307,0.803873846880252,0.8034460331873186,0.07361427068752598,0.6640436816563974,0.9153925749907811,25
ARIMA,Val,MSE,307,0.5078831141601418,0.5091913162671873,0.1719849612065795,0.2394720974123488,0.8184314807214457,25
ARIMA,Val,MAE,87,0.29538301501096104,0.300263558945889,0.07553857786380738,0.19221086585865976,0.46547756724364275,26
ARIMA,Val,MAPE,87,55.99222122134363,55.17348823818518,12.749427072964469,34.67202891264031,83.5312082665782,26
ARIMA,Val,R2,87,0.8063883640693679,0.7777376345229109,0.17282415725740485,0.29666300969890114,0.9571830058350278,26
ARIMA,Val,MSE,87,0.6120960323937462,0.630155370087379,0.38137149464078285,0.09296190554885869,1.4743661183559278,26
ARIMA,Val,MAE,312,0.3016020296707874,0.299532485447375,0.016433208713909072,0.2702162522618495,0.33065322916418677,27
ARIMA,Val,MAPE,312,9.331981055055923,9.356461136739224,0.513683180230122,8.360096848361044,10.469563167283349,27
ARIMA,Val,R2,312,0.8016933420096534,0.8023619558753505,0.026294573173325713,0.7335632776625454,0.8408233531577947,27
ARIMA,Val,MSE,312,0.17942983267082377,0.18432472332029393,0.021114602545604367,0.14823639766296304,0.222943034992236,27
ARIMA,Val,MAE,306,0.48649213615197623,0.4874324175144775,0.02908438787278992,0.4372036867994491,0.5363394503288014,28
ARIMA,Val,MAPE,306,7.53940910785883,7.527049431742605,0.46902496347351,6.784347997633038,8.540143338812717,28
ARIMA,Val,R2,306,0.5641531485266718,0.5607449725613308,0.060156543382824196,0.43672861084019643,0.6608837359441643,28
ARIMA,Val,MSE,306,0.4590134573009366,0.4571302212578262,0.05873251083530574,0.3621420309536616,0.5687080102806158,28
ARIMA,Val,MAE,36,2.2482581359735576,2.263705444147392,0.5499557061571151,1.3116981185848962,3.3489586196292382,29
ARIMA,Val,MAPE,36,221.6351647063416,234.58144917355557,84.47906375806521,81.98429509526271,386.0743073075921,29
ARIMA,Val,R2,36,0.48817845939395954,0.33106732228822433,0.5382318976920292,-0.4727206733103161,0.7771072019394543,29
ARIMA,Val,MSE,36,18.121005114684248,18.679181157411882,7.019392661010758,6.502222964177529,34.673247675406536,29
ARIMA,Val,MAE,86,23.286406879621563,23.189979100367932,2.6188965149849692,17.428182365315894,27.660935627035276,30
ARIMA,Val,MAPE,86,15.097393200747062,14.983222742007218,1.6908798090526913,12.065616583377299,18.812770251240895,30
ARIMA,Val,R2,86,0.4852027774433293,0.471911417389029,0.12850641442193697,0.16508014589781153,0.6802845588060003,30
ARIMA,Val,MSE,86,1062.2631176959346,1019.1752912457785,231.15569828815057,589.8241934508337,1427.3775864456964,30
ARIMA,Val,MAE,80,9.747333577781365,9.586275714991872,1.1235792043948485,7.420285580661333,11.512645780333072,31
ARIMA,Val,MAPE,80,26.39648361978032,25.7543416859089,6.96526343824247,15.255514375280347,41.000760849708236,31
ARIMA,Val,R2,80,0.4092445531187149,0.39757148332040776,0.1342456408236919,0.15725596508451295,0.6361794643215604,31
ARIMA,Val,MSE,80,191.4992856610374,187.93809508473646,48.44609761107355,108.13323301562058,294.4667709693463,31
ARIMA,Val,MAE,37,19.305219912549,19.30967245554842,3.661982204785334,13.364385577116641,27.113401285215215,32
ARIMA,Val,MAPE,37,27.074829616975173,26.792934660345605,5.0353263878514305,18.308773569424734,36.67440319082001,32
ARIMA,Val,R2,37,0.20845373418602398,0.03830361407579205,0.421353589933546,-0.9509729800090725,0.653069843085133,32
ARIMA,Val,MSE,37,833.9636632958203,830.5809019897679,251.20247322323212,397.41791325439675,1395.9389405735621,32
Mean,Test,MAE,20550,3.457912784275894,3.4593123502554617,0.021292609129358264,3.4193330453762325,3.4936462861099424,0
Mean,Test,MAPE,20550,10.339609633943589,10.337386871628244,0.06781325644223275,10.20198768490838,10.480370445483116,0
Mean,Test,R2,20550,0.5209281826831227,0.5205678762842463,0.006280420292969124,0.5089459416286373,0.5329629416749277,0
Mean,Test,MSE,20550,21.200666585052065,21.210453872061795,0.27264133247871913,20.650439274561194,21.70099780511553,0
Mean,Test,MAE,19917,1.1438394383596555,1.1441566395506078,0.006510052655457123,1.1335994410368606,1.1561909861284123,1
Mean,Test,MAPE,19917,10.663128676013626,10.67184471553391,0.07730442200529587,10.52665818201167,10.821990695440933,1
Mean,Test,R2,19917,0.5436684315428608,0.5433931084165233,0.00674544242192705,0.5315577251241104,0.5549170092126249,1
Mean,Test,MSE,19917,2.360220738804155,2.3585856355729358,0.03360164458014861,2.29330461138125,2.424782838272594,1
Mean,Test,MAE,19775,0.9627846188023317,0.9637955147474832,0.007514838208316735,0.9518918500591891,0.9788798884083473,2
Mean,Test,MAPE,19775,3.3319164862991566,3.3296964166688867,0.03265092597814844,3.267600194976795,3.385107952814005,2
Mean,Test,R2,19775,0.7068007403739998,0.7079074696775217,0.005819499871733263,0.6984259551464496,0.7179562729045288,2
Mean,Test,MSE,19775,2.095600910847571,2.094980932265337,0.04444672312793451,2.006504530826856,2.176097288197819,2
Mean,Test,MAE,19802,0.8709140318339255,0.8708183559650149,0.005232605690374376,0.8609087775474128,0.8811516103421018,3
Mean,Test,MAPE,19802,2.728755842187108,2.7298328380904713,0.0151524693321832,2.6981453105420106,2.7547580810316927,3
Mean,Test,R2,19802,0.4403311191312703,0.4394074617829917,0.007436467546606885,0.4258562908654524,0.4533711639005403,3
Mean,Test,MSE,19802,1.278692669394786,1.27553779031024,0.015480418206939255,1.2423341621550383,1.3014965697503194,3
Mean,Test,MAE,37,0.830514447002957,0.8259424239105375,0.12891281122235237,0.5575765265944245,1.0520499413502034,4
Mean,Test,MAPE,37,9.13058011786458,9.37164941224267,1.7812550866513026,6.468913375159445,12.720491734015331,4
Mean,Test,R2,37,0.5462716069508557,0.5109371649267367,0.15208335307735002,0.2484844133897603,0.7689276367041346,4
Mean,Test,MSE,37,1.3007322028940917,1.2878206707123312,0.3876882040232098,0.7316664742424351,2.0868783824912627,4
Mean,Test,MAE,19897,51.61658726498434,51.55957870328726,0.39340641533689286,50.81333224286043,52.359256032995376,5
Mean,Test,MAPE,19897,29.137925121948843,29.16570728570273,0.5096379090999444,28.246245112426365,30.151077342139637,5
Mean,Test,R2,19897,0.5178791656517228,0.5171928226044963,0.007137383421531007,0.5029793261115215,0.5317214516805411,5
Mean,Test,MSE,19897,5487.059248331835,5492.169743047572,86.85027606047905,5301.835643696725,5647.49955743308,5
Mean,Test,MAE,19804,0.3799441823630758,0.3799633796091319,0.002363779318946507,0.3757771680072816,0.38384735662565916,6
Mean,Test,MAPE,19804,10.477162486248968,10.466580708699878,0.06708110803221547,10.318019079849565,10.591610036598295,6
Mean,Test,R2,19804,0.5965344799028393,0.596786342017375,0.005174815374888049,0.5859017261911283,0.6052272850301802,6
Mean,Test,MSE,19804,0.2602951432756422,0.26029965275169475,0.0033984596886124435,0.25370729305059764,0.2661189749518625,6
Mean,Test,MAE,19757,1.0340337020167578,1.032478503935635,0.01072410857759398,1.0160809099592611,1.053522628758561,7
Mean,Test,MAPE,19757,6.443397814258689,6.4402865403823375,0.052472102978682274,6.35602080526717,6.535341700017139,7
Mean,Test,R2,19757,0.5759158141853555,0.5769059006431823,0.006544140913737897,0.5641506000811924,0.5885430169379946,7
Mean,Test,MSE,19757,2.579058625715918,2.580850038144108,0.04662886238439583,2.4863492976112536,2.672875042742487,7
Mean,Test,MAE,20430,2.249874442134588,2.249336855894777,0.015767425796936338,2.222939939507776,2.2773437869259054,8
Mean,Test,MAPE,20430,43.5373443444162,43.39749772019124,1.0012078631401524,41.6173716008129,45.49960313952569,8
Mean,Test,R2,20430,0.25026006762105735,0.25082398138201367,0.011191069034606331,0.23130760585576712,0.27037872759524295,8
Mean,Test,MSE,20430,10.616612454226988,10.608477888285702,0.14944846232664025,10.326260844351038,10.839839178925756,8
Mean,Test,MAE,19775,2.791836021640305,2.7893569869249046,0.019346213081474162,2.750781896140308,2.8336955716864574,9
Mean,Test,MAPE,19775,3.044857360782145,3.0444172322715497,0.021142417906493034,2.9992092234085224,3.083366765706717,9
Mean,Test,R2,19775,0.6834920917337496,0.6839782393561487,0.0062304845832493565,0.6706109384055335,0.6959715024182415,9
Mean,Test,MSE,19775,15.686040188358644,15.653831056280177,0.2554872943255733,15.132937089081897,16.068505574750013,9
Mean,Test,MAE,18703,2.4832007259177664,2.4841001146140966,0.016034149796486274,2.456845766310507,2.513130219692935,10
Mean,Test,MAPE,18703,1.7914678505095845,1.7919654606334587,0.01157952651930992,1.7711512637753288,1.8125828771267622,10
Mean,Test,R2,18703,0.31886554989004223,0.3178502318865265,0.009866144060796323,0.2974894295211605,0.3354540748383138,10
Mean,Test,MSE,18703,11.027741843857587,11.051552384338551,0.15047368271585979,10.787947107610158,11.349799833320981,10
Mean,Test,MAE,18917,0.3618730344380572,0.3614797608419454,0.002031880920284376,0.3568444477656598,0.365297845026067,11
Mean,Test,MAPE,18917,8.521210408465539,8.512477710947769,0.05170717467131691,8.419368271014767,8.613097809427204,11
Mean,Test,R2,18917,0.16390613715426205,0.16353765147360938,0.008558414824079829,0.14837722271473938,0.180637966366128,11
Mean,Test,MSE,18917,0.22633982834659128,0.22706593945969236,0.003283736010758766,0.22114313475555422,0.23404542785859928,11
Mean,Test,MAE,18499,2.904723061253549,2.902566452663967,0.01873255666419286,2.8661385732534748,2.9354744999188167,12
Mean,Test,MAPE,18499,2.8737741659469975,2.87454280320752,0.019613696476126024,2.838087840852183,2.918126198597934,12
Mean,Test,R2,18499,0.3491613575701277,0.3484026428349143,0.008266680370520385,0.3323630706066443,0.36201524357133913,12
Mean,Test,MSE,18499,15.132676828698235,15.120726023111313,0.2193864351636933,14.694490225113466,15.51951805285497,12
Mean,Test,MAE,17974,2.4433579452871816,2.4389841885862005,0.014322473787699581,2.4124741591085477,2.467040148776963,13
Mean,Test,MAPE,17974,10.38656538561117,10.378210245681558,0.08788737094540433,10.239805013176934,10.5474824837983,13
Mean,Test,R2,17974,0.3364636215036182,0.33641491452496747,0.008441530096444124,0.3176441515183817,0.3517145605012909,13
Mean,Test,MSE,17974,10.733619894130358,10.726300983274063,0.17474041486008227,10.411859648362718,11.092434891219611,13
Mean,Test,MAE,19148,6.212727322034203,6.209064080917425,0.052923732091555445,6.126390033079362,6.316394786143977,14
Mean,Test,MAPE,19148,31.22252838683724,31.190351404421566,0.2789206631124698,30.679170026705947,31.739532770848204,14
Mean,Test,R2,19148,0.5439311653569754,0.5439887428413841,0.0068498308662156395,0.5315622957263544,0.5560786078431598,14
Mean,Test,MSE,19148,94.81718634917917,94.93773444381611,2.0353692012030384,91.56914928934081,98.41960106826413,14
Mean,Test,MAE,19550,0.19261741859757323,0.19246404581280008,0.001966168673337179,0.18872744666659355,0.19676695806347938,15
Mean,Test,MAPE,19550,17.373985475121472,17.385546355491684,0.1538791435544061,17.04790109137881,17.661420218618,15
Mean,Test,R2,19550,0.6530242085294189,0.6529679413894616,0.007023970680821005,0.6399061151712814,0.6673994691559024,15
Mean,Test,MSE,19550,0.11207348699822188,0.11203838318158574,0.0029695316192631985,0.10537547691581656,0.11807329158150787,15
Mean,Test,MAE,17647,21.953766760280413,21.932959422504513,0.16629216678869865,21.614832468022765,22.230206964739036,16
Mean,Test,MAPE,17647,19.750703948206453,19.721283069867965,0.1870081146651615,19.427554146550353,20.089164006759134,16
Mean,Test,R2,17647,0.297686187381178,0.29706019972483905,0.00919119967477939,0.2823810653586148,0.31371986464476687,16
Mean,Test,MSE,17647,1003.2705552537468,1007.3059610935273,17.235827879142022,971.8066247908155,1038.5665282371876,16
Mean,Test,MAE,3136,0.54067500214199,0.5398082214730799,0.012155362764956166,0.5167604963431571,0.5636415792899986,17
Mean,Test,MAPE,3136,7.751608126557458,7.721022425769924,0.15471278982188258,7.440730993897336,8.03182887822698,17
Mean,Test,R2,3136,0.5814191026932497,0.580927855456987,0.016108140918027807,0.552172609135797,0.6105060904254642,17
Mean,Test,MSE,3136,0.7276440306210149,0.7305663340768227,0.03247731063153755,0.6679295218933329,0.7963748102677561,17
Mean,Test,MAE,14560,0.434377599026052,0.4344392027606997,0.002786017399412765,0.42895189214068774,0.43984742126754056,18
Mean,Test,MAPE,14560,4.888296120197679,4.886167290476212,0.030910212007448958,4.834138315480205,4.947145209027598,18
Mean,Test,R2,14560,0.3457501239392806,0.3459871271492589,0.008969543368421118,0.3290182123072833,0.3622311947654125,18
Mean,Test,MSE,14560,0.3361398546950935,0.33675668964564975,0.006047513700959409,0.3252298300216563,0.34785685950064377,18
Mean,Test,MAE,9632,12.281824120569414,12.275949484451722,0.12389214675859513,12.045409078214881,12.535253135564641,19
Mean,Test,MAPE,9632,58.568704437088314,58.47666850980291,0.7729261231244211,57.140180416267356,59.914128286781164,19
Mean,Test,R2,9632,0.19609838942409863,0.1968711593845214,0.01599434819832741,0.16694062611154667,0.22582445051060043,19
Mean,Test,MSE,9632,327.48954523690503,327.2528886859241,8.542570833596663,312.02708383495315,343.8234364854902,19
Mean,Test,MAE,75,43.99377247046279,43.40273396817532,6.131165010242244,32.428704791531494,56.64448762416236,20
Mean,Test,MAPE,75,87.24394261238363,88.07218617947518,15.494387423293619,63.731266263984274,119.12929793474643,20
Mean,Test,R2,75,0.4711292757576657,0.45545410346058873,0.19656787498398132,-0.04691686045495654,0.7399519768258445,20
Mean,Test,MSE,75,4573.323699279968,4437.496248544589,1043.2184189403285,2344.2409968514125,6342.690139584215,20
Mean,Test,MAE,9381,11.174410666140956,11.18939072048813,0.1396498446985162,10.941625431329348,11.445577061110525,21
Mean,Test,MAPE,9381,40.78211644914605,40.732030762597844,0.5501893518834707,39.63226521698176,41.6876367586096,21
Mean,Test,R2,9381,0.29618023204680877,0.29457589042419463,0.01445283189171208,0.2694812155791084,0.3220243673353221,21
Mean,Test,MSE,9381,289.20897119556895,288.33861179899503,7.670910550180361,274.9963198723159,302.6217823768719,21
Mean,Test,MAE,2231,77.1349148574821,77.23073341368018,2.02720087130257,73.07172375941467,81.01400636790451,22
Mean,Test,MAPE,2231,28.63166239989217,28.65008709930458,0.6268409955560731,27.514592375099213,30.02891170184977,22
Mean,Test,R2,2231,0.31922457827621,0.321991845945114,0.02713139488969743,0.27471834803581996,0.3702155385626476,22
Mean,Test,MSE,2231,13108.96520097825,13107.880670274702,647.1248802789811,11818.8200123853,14118.123996481034,22
Mean,Test,MAE,7690,3.339184182216809,3.343252766103004,0.04872163637806099,3.257597044053928,3.4334172971810717,23
Mean,Test,MAPE,7690,18.304057369957974,18.270189801985687,0.22372662625324605,17.899158632343948,18.63094025104593,23
Mean,Test,R2,7690,0.3649842579934022,0.362501699327387,0.014356641085691053,0.33657018980363773,0.39389346408776044,23
Mean,Test,MSE,7690,28.18071366370841,28.10084922878787,0.7692595807646501,26.465182263930945,29.390470741889803,23
Mean,Test,MAE,7973,28.05050552381653,28.11564640318901,0.41621603790402795,27.35737470926153,28.956200930161,24
Mean,Test,MAPE,7973,25.02735275621502,25.01905398114703,0.32617037636599894,24.524628999689853,25.674555547964026,24
Mean,Test,R2,7973,0.43542749740593767,0.4330033936152464,0.0140123256350995,0.4074609375021521,0.4598571390212304,24
Mean,Test,MSE,7973,2044.672362329109,2045.8631947376734,62.33515601408524,1939.689623852903,2158.1780071940466,24
Mean,Test,MAE,7171,0.25713581601665736,0.25640582851658533,0.00358437990167612,0.2496056780452873,0.2630268163919456,25
Mean,Test,MAPE,7171,47.25892106870614,47.349679394465085,0.6769472078246083,45.97202172226787,48.79606409723283,25
Mean,Test,R2,7171,0.4550795746640104,0.45549760165424247,0.015848812017120018,0.42254044103277705,0.4827822787604445,25
Mean,Test,MSE,7171,0.17061820765870392,0.1706730251029754,0.006226015980053245,0.16070338177476096,0.18292331397188638,25
Mean,Test,MAE,501,0.3374446900549576,0.33718982568391864,0.02413850981979622,0.2958223935688853,0.38588157327613265,26
Mean,Test,MAPE,501,69.9465986873599,70.09031854214547,7.057228067611468,58.19172886575979,84.58507923209933,26
Mean,Test,R2,501,0.41641752889132544,0.41495600942900007,0.04899380691332257,0.2985417203325283,0.4969526563649396,26
Mean,Test,MSE,501,0.40304858628500756,0.3996958769932409,0.046918043157659295,0.3197291353898282,0.5044282159325734,26
Mean,Test,MAE,5225,0.4184972036772934,0.4172195144405693,0.00560757904727865,0.40591639479076974,0.42885195244253815,27
Mean,Test,MAPE,5225,13.270650990104482,13.276378098142953,0.23634246080082558,12.874969506191034,13.7246278430012,27
Mean,Test,R2,5225,0.5318728044643847,0.5308329983462419,0.011868584030676128,0.5090592070423776,0.5517894368341549,27
Mean,Test,MSE,5225,0.33777295625280385,0.33912325594516934,0.008221975814065694,0.32367426454981946,0.35213529241269387,27
Mean,Test,MAE,1445,0.45994645400489653,0.4609190898099584,0.01228306261816011,0.4403448159132152,0.4867159439152725,28
Mean,Test,MAPE,1445,7.1814482964738735,7.156900274101556,0.2532307841974676,6.730454412825282,7.616514470166617,28
Mean,Test,R2,1445,0.3997946791992849,0.4026818988496359,0.030456265272339425,0.3495241698893911,0.45635214251239287,28
Mean,Test,MSE,1445,0.4410081565246901,0.4454373321337987,0.02557045245634539,0.396968999161989,0.49570849852987486,28
Mean,Test,MAE,1151,10.506990603994293,10.551844612106482,0.40703161425450857,9.798299857759284,11.308139247813028,29
Mean,Test,MAPE,1151,367.29837427658174,365.7005554764462,21.74931263483763,329.2685978544428,412.3934627919628,29
Mean,Test,R2,1151,0.029300495906434132,0.017592191090068467,0.06533598375744061,-0.1058433738413162,0.12514140398547902,29
Mean,Test,MSE,1151,293.35004157254355,295.1485041883653,23.476544027486245,251.01872433684235,341.12272274482456,29
Mean,Test,MAE,3956,26.39770218576205,26.380994926232503,0.3750757079742269,25.64361918192745,27.064578357136284,30
Mean,Test,MAPE,3956,16.730151654666546,16.733694095664063,0.27472701681870737,16.320026046921896,17.220361652286563,30
Mean,Test,R2,3956,0.40456487167275057,0.40396351201661224,0.018149453494228023,0.36934479905424467,0.43467739379216164,30
Mean,Test,MSE,3956,1238.6515770820445,1235.653987144704,36.065499139116355,1170.9484026652985,1307.3915647736778,30
Mean,Test,MAE,3880,6.922670894295336,6.92249198287677,0.11714418937786489,6.6777191633239115,7.151296413048487,31
Mean,Test,MAPE,3880,13.429946815976953,13.434177131201588,0.32831438177168587,12.81980062498256,13.995269968136833,31
Mean,Test,R2,3880,0.7064631374027381,0.7084615680849694,0.014926803131871367,0.6793434388607288,0.7337696796338372,31
Mean,Test,MSE,3880,95.2343165230474,95.50932507889088,4.114864999254128,88.76162442453057,103.27116088641854,31
Mean,Test,MAE,3818,22.903046470794006,22.931701410747916,0.2945619815188236,22.388431304995002,23.444956800911395,32
Mean,Test,MAPE,3818,32.23710624014761,32.00534359594752,0.8037474854791642,30.36273721104291,33.190202213866236,32
Mean,Test,R2,3818,0.33925562209986726,0.3364550552758503,0.02090697301305494,0.29196239444480543,0.37720940390731134,32
Mean,Test,MSE,3818,923.8504303126858,921.3762720188845,24.707798725792916,870.7570155980014,967.8201953677984,32
Mean,Test,MAE,3520,40.567281918806096,40.56843002078923,0.6481204717709939,39.36116272023389,41.73115839537933,33
Mean,Test,MAPE,3520,32.37249631241852,32.31638206072437,0.49305101697123627,31.400369005900608,33.2611071515193,33
Mean,Test,R2,3520,0.42617071063105794,0.4217006327834969,0.01722889059371801,0.39235874665702847,0.4487987035145249,33
Mean,Test,MSE,3520,3185.174789936328,3184.7910644249473,107.59477430915379,2994.6195038058254,3397.3473282288874,33
Mean,Train,MAE,71923,3.4730808367137938,3.4736062790472073,0.012703778703074821,3.4495183467937984,3.4955636896710485,0
Mean,Train,MAPE,71923,10.37481328634027,10.37095949825703,0.040047391336716955,10.30134714758832,10.444553276435135,0
Mean,Train,R2,71923,0.5203912422547761,0.520720915619902,0.003250258495795775,0.51520470648923,0.5276359463605755,0
Mean,Train,MSE,71923,21.353907262622073,21.337016715205813,0.14713499490812548,21.08050645255262,21.63737833911302,0
Mean,Train,MAE,69714,1.136455627483085,1.1362004900132978,0.0036644203235193713,1.130251965969111,1.142936224176031,1
Mean,Train,MAPE,69714,10.643432773536917,10.645933575432357,0.03473502688491037,10.576669230408696,10.717019500057965,1
Mean,Train,R2,69714,0.5531414881947356,0.5533094207579995,0.0035207646127642022,0.5475387262900551,0.5605838324757174,1
Mean,Train,MSE,69714,2.3370671116927126,2.3394928163976743,0.018680476439685467,2.3055391317682594,2.376615557184711,1
Mean,Train,MAE,69214,0.9866106784161844,0.9870688952830072,0.0037264487025511763,0.9802839704347249,0.9949841571979912,2
Mean,Train,MAPE,69214,3.4337294154614466,3.4341307455548,0.015575437917502384,3.409674772371259,3.4661976598264843,2
Mean,Train,R2,69214,0.6963409224744024,0.6960456509134165,0.003069526790904434,0.6911253316451021,0.7017508149503814,2
Mean,Train,MSE,69214,2.1717241073737887,2.17374183729777,0.02160942346015998,2.134777755929949,2.2122945830470107,2
Mean,Train,MAE,69304,0.8694082705335524,0.8695066403256607,0.0031740005043958725,0.8630924493964077,0.8755047358064322,3
Mean,Train,MAPE,69304,2.724188034238469,2.724400058271665,0.009446264096742629,2.7086614215964495,2.742574644803623,3
Mean,Train,R2,69304,0.4372890894394925,0.4371294123333939,0.0038633572066500365,0.4293923907803592,0.4444635596926351,3
Mean,Train,MSE,69304,1.2793505243367178,1.2796900116413203,0.00823114603380629,1.2645704827544662,1.2946621322595042,3
Mean,Train,MAE,129,0.7339569993430142,0.7276061921893231,0.06627593985838175,0.609749061332033,0.8581180442773594,4
Mean,Train,MAPE,129,7.5594430408058315,7.657701509554414,0.6710229117504614,6.490164970694338,8.936267927212189,4
Mean,Train,R2,129,0.5396984154933602,0.5366870530083048,0.08002753324637892,0.36176910544850654,0.6613589389669188,4
Mean,Train,MSE,129,1.0708388897915724,1.0810595538500225,0.16020714166015496,0.7718412296141188,1.372606691523087,4
Mean,Train,MAE,69640,52.3768870720407,52.36810437485598,0.20492519277338206,51.98017706793236,52.73634393304448,5
Mean,Train,MAPE,69640,29.368088426428606,29.31638953045894,0.2745577553709613,28.721111629807616,29.829432291276746,5
Mean,Train,R2,69640,0.5107593760712721,0.5101753170475033,0.004253839232237542,0.5024673594817227,0.5175679867166505,5
Mean,Train,MSE,69640,5675.61248616092,5674.006698222074,50.155902482970646,5576.195097339812,5764.937006515221,5
Mean,Train,MAE,69319,0.37753150909385036,0.37749292207856106,0.0012423006173092796,0.37512811446252936,0.38019901250059895,6
Mean,Train,MAPE,69319,10.381737541134566,10.377442394102735,0.0384696663888663,10.303847336175863,10.435329122391607,6
Mean,Train,R2,69319,0.5891437366218262,0.5886762551769184,0.0029832731972204156,0.5820169743431803,0.5940070721278925,6
Mean,Train,MSE,69319,0.2603880292994153,0.2602854454417428,0.0020927602934938923,0.2545991839657048,0.2641111534577502,6
Mean,Train,MAE,69148,1.0173721130165319,1.0170707602512712,0.004467901664029221,1.0084856652819545,1.0259511482080428,7
Mean,Train,MAPE,69148,6.356006521877476,6.351768509568798,0.02723090674853692,6.30201602703015,6.40492180143245,7
Mean,Train,R2,69148,0.5864644172898317,0.5863765568734888,0.003608402509957124,0.5803681706110538,0.5926644565084633,7
Mean,Train,MSE,69148,2.4742866916397075,2.481405305563818,0.017968477763009923,2.44804804518804,2.518586427383982,7
Mean,Train,MAE,71504,2.2524765440556465,2.2528184446973545,0.008943208963336405,2.23747290490626,2.269751444352549,8
Mean,Train,MAPE,71504,43.322946946822775,43.31875163094125,0.5088823175136223,42.32054794946327,44.1593775390725,8
Mean,Train,R2,71504,0.27511193107591503,0.2746815836637498,0.004945223728248376,0.2651703489099451,0.283372202505608,8
Mean,Train,MSE,71504,10.550319304661647,10.54534549303739,0.09770182156779599,10.345918353017508,10.73598134747487,8
Mean,Train,MAE,69213,2.8018669030653105,2.801902197497304,0.010251087016008563,2.7831724726007794,2.8198117653055332,9
Mean,Train,MAPE,69213,3.0605127823978546,3.061646607587446,0.012751967188000528,3.0341381699769987,3.0828183720630364,9
Mean,Train,R2,69213,0.6763450813229854,0.6758442208838445,0.0035429739143661423,0.6695930640189941,0.6821629930565771,9
Mean,Train,MSE,69213,15.792171415547996,15.773905533388678,0.158985252878071,15.503495724412742,16.066374239912108,9
Mean,Train,MAE,65456,2.511257153353336,2.512480087785933,0.00814902028952975,2.4976041099133335,2.5289174606129023,10
Mean,Train,MAPE,65456,1.8099391242998784,1.809917939343581,0.005946384681209192,1.7982903719094823,1.8202605331065778,10
Mean,Train,R2,65456,0.2957079484898253,0.2960013025844488,0.00481114535792928,0.2869028027399689,0.30569513005813226,10
Mean,Train,MSE,65456,11.135201942486482,11.14093440357879,0.0836044181950747,10.977203967874862,11.289060538962634,10
Mean,Train,MAE,66208,0.3607902046090713,0.3606429213275494,0.000919001708825845,0.3588811010734648,0.36255045902398425,11
Mean,Train,MAPE,66208,8.485305221844877,8.4838389741557,0.02639773798399689,8.434948417528512,8.533364354969272,11
Mean,Train,R2,66208,0.15412063487631888,0.1534187915528101,0.004365047480483104,0.14439557987559776,0.1609950299524098,11
Mean,Train,MSE,66208,0.22563241053937477,0.22551882774261828,0.001704158639205108,0.222440901435607,0.22885111905138114,11
Mean,Train,MAE,64744,2.9386630695182854,2.9399780233639814,0.010659520665907514,2.9208926041543304,2.9614368894639376,12
Mean,Train,MAPE,64744,2.9102973393483444,2.911337413769698,0.010828154432401075,2.893350717473824,2.932681962468232,12
Mean,Train,R2,64744,0.3428335708943411,0.3430144154970678,0.004564481495717716,0.33334903628249146,0.3516092407787286,12
Mean,Train,MSE,64744,15.46677622127205,15.472915763786586,0.11133841195093849,15.25886548713975,15.66835986084505,12
Mean,Train,MAE,62910,2.4307129922258075,2.4317668794026543,0.009301620368069974,2.4119583934492845,2.4482412821078263,13
Mean,Train,MAPE,62910,10.324816565256777,10.317713177036092,0.055385966825927876,10.218624248810219,10.431422685541055,13
Mean,Train,R2,62910,0.3469592185675764,0.3476602550119011,0.004439224685033824,0.33980111608567976,0.3551398408889426,13
Mean,Train,MSE,62910,10.604699223413824,10.606446066485866,0.08098678764115104,10.414212046423579,10.742719628418424,13
Mean,Train,MAE,67015,6.274294722604082,6.27494961590515,0.031246260002961598,6.217605852463833,6.3260601837798145,14
Mean,Train,MAPE,67015,31.770655753684657,31.75459332658342,0.17468551825416923,31.421702617231574,32.11964507080011,14
Mean,Train,R2,67015,0.5347191277475284,0.534736950826988,0.0037317590132614873,0.5284030837231439,0.5417566182461221,14
Mean,Train,MSE,67015,97.43444371433033,97.40923005903414,1.0258683649810478,95.52971133509386,99.65131396216387,14
Mean,Train,MAE,68424,0.19323894467716107,0.1933645929922044,0.0011824517088176577,0.19133495742013548,0.19535781106219538,15
Mean,Train,MAPE,68424,17.25714931029151,17.256217060385215,0.07601548956828999,17.116303775923438,17.401284701495253,15
Mean,Train,R2,68424,0.6507381145659448,0.6508344578016466,0.003891586635540308,0.6439836566975871,0.657517414710857,15
Mean,Train,MSE,68424,0.11495255605732486,0.11498961129977106,0.0016627328178594504,0.11152222508310897,0.11768196379906837,15
Mean,Train,MAE,61762,22.01245743277773,21.997854017211388,0.0945034417480389,21.81738403793164,22.186681041426784,16
Mean,Train,MAPE,61762,19.96309333907056,19.944049224096588,0.12477125827886076,19.734061283726806,20.191552545232934,16
Mean,Train,R2,61762,0.2938307127725739,0.29322450931178584,0.00489535633058057,0.28486807724648794,0.30113532982753677,16
Mean,Train,MSE,61762,1014.9210921695621,1015.0859285508358,9.159899664670913,999.9415185039576,1030.841195809782,16
Mean,Train,MAE,10978,0.5490636236369416,0.5488415759125511,0.006357834081040803,0.5375987746846027,0.5606404334840354,17
Mean,Train,MAPE,10978,7.8889897697515785,7.8785815781699675,0.0825606240671553,7.731243894856676,8.025510729488843,17
Mean,Train,R2,10978,0.5773382308459669,0.5787337630038112,0.009014481599912786,0.5632838175598976,0.6017812048092659,17
Mean,Train,MSE,10978,0.7452486496063736,0.7407901292096379,0.0155895181693296,0.7106300109586406,0.7709256664228044,17
Mean,Train,MAE,50958,0.4314906484145596,0.43147461768045553,0.0015726507631381968,0.42776010582803325,0.43406457264946,18
Mean,Train,MAPE,50958,4.864508939214945,4.8673124209975835,0.020956318548964303,4.826415432811513,4.910812956879002,18
Mean,Train,R2,50958,0.3680151408932062,0.36777115204647537,0.00489942884323555,0.3596060405118719,0.37739485530287536,18
Mean,Train,MSE,50958,0.331049664623854,0.33091143487830466,0.0024428088509730406,0.32668249438374536,0.3351629932902836,18
Mean,Train,MAE,33713,12.256628689337491,12.25224640591575,0.060272249923485566,12.158055950779685,12.36966147294916,19
Mean,Train,MAPE,33713,58.987025785209426,58.982551472131036,0.3990455909920465,58.23051776733527,59.73136793413288,19
Mean,Train,R2,33713,0.22881260500701117,0.22958502737170164,0.009646698028182266,0.2110710200689414,0.24728782742076602,19
Mean,Train,MSE,33713,324.16215086017473,324.2924394156973,4.496596287432084,317.38230427814324,333.33885527032265,19
Mean,Train,MAE,263,51.384895754338444,51.25589056934332,4.082377556326455,43.63455595386601,58.98996579121632,20
Mean,Train,MAPE,263,87.22955178772038,87.6045167001983,9.43172569784124,71.67017221002911,107.08869558001695,20
Mean,Train,R2,263,0.2943573390734098,0.2880421462781247,0.10284707695772757,0.10671971059473667,0.47268242178707665,20
Mean,Train,MSE,263,7534.649910877376,7522.723472569373,1303.337350244585,4951.0053599369885,9819.869506478375,20
Mean,Train,MAE,32831,11.063989545188418,11.064479800779933,0.0689339235003896,10.907272149040532,11.19297612568304,21
Mean,Train,MAPE,32831,41.30136042917695,41.30703625148993,0.2814423051560242,40.730004734255196,41.850254641064204,21
Mean,Train,R2,32831,0.3013392055597086,0.30181104841801093,0.007625630994601172,0.2869035215631721,0.31388305925886617,21
Mean,Train,MSE,32831,281.2995892372984,281.1775612078725,4.144514383783773,274.09600796196145,289.9135741664441,21
Mean,Train,MAE,7810,76.36908055235864,76.57590005615049,0.8719908698179978,75.04397214017787,78.46452557939638,22
Mean,Train,MAPE,7810,28.847416780542368,28.834744137251114,0.3480623902429345,28.180750056268597,29.509555363834874,22
Mean,Train,R2,7810,0.3129467107706434,0.3133509545917334,0.014238370955044686,0.28759604767594493,0.3386205393178728,22
Mean,Train,MSE,7810,12697.347108935917,12675.677196936256,343.09682766467887,12046.714113523945,13317.119671819659,22
Mean,Train,MAE,26915,3.367355267519762,3.36496440457748,0.02357560040558215,3.3208760978599834,3.4092280874232617,23
Mean,Train,MAPE,26915,18.43418223144638,18.437714304321513,0.13194205560044298,18.20485234599953,18.732208789566982,23
Mean,Train,R2,26915,0.35892526604249797,0.35806868077654075,0.007734643695880119,0.3430490363619366,0.37125410041841916,23
Mean,Train,MSE,26915,29.037595286083214,29.016156257326738,0.4313579433015534,28.22998216742275,29.823793453838643,23
Mean,Train,MAE,27903,27.649740739511405,27.649169900473154,0.1827815369066143,27.31212472388928,27.96518141680989,24
Mean,Train,MAPE,27903,24.823544324389534,24.825031781718703,0.14892110157487323,24.553972786090494,25.082741613693965,24
Mean,Train,R2,27903,0.46713326213100437,0.46722188632717354,0.006404473300451613,0.45512009873886833,0.4788673747472887,24
Mean,Train,MSE,27903,1915.5758491394924,1918.4694130555672,25.860399060758013,1867.3394865761165,1959.1120308736695,24
Mean,Train,MAE,25102,0.25162762286218093,0.2517294156319327,0.0019125279756986582,0.24843641135374478,0.2553624746438597,25
Mean,Train,MAPE,25102,46.78161199878697,46.78058820875642,0.3865056127765787,46.041090622861944,47.5859457005819,25
Mean,Train,R2,25102,0.45801344390725773,0.4590038698520022,0.008288515357603082,0.44212622055551676,0.47374504964749775,25
Mean,Train,MSE,25102,0.16273056918286644,0.16271367686623792,0.0029439865531170513,0.15737687271280815,0.16822942778237543,25
Mean,Train,MAE,1757,0.30525635165637693,0.30668299569437885,0.014126958423590293,0.2848967925968707,0.3354884330253045,26
Mean,Train,MAPE,1757,62.61417445543332,62.44475340709527,2.804686817949896,57.68069509532288,67.6657862470922,26
Mean,Train,R2,1757,0.4869512616571172,0.47955272378406444,0.031171196153557085,0.42775901250627113,0.547695810155091,26
Mean,Train,MSE,1757,0.36119768411098563,0.36419755550482785,0.03085340748835402,0.3087450756343063,0.4197693573186936,26
Mean,Train,MAE,18289,0.42662874262697753,0.42628604530343106,0.0029460818598186387,0.42043100567075276,0.43196486544347173,27
Mean,Train,MAPE,18289,13.559965409872255,13.5444274680786,0.13522048452285934,13.296131054251443,13.81140588309708,27
Mean,Train,R2,18289,0.5138629168290688,0.5141767664356823,0.00680693114758628,0.5012765945470417,0.5282714918244283,27
Mean,Train,MSE,18289,0.34984349573263784,0.3507154113622778,0.005257326363666265,0.3419312367572295,0.3604189423288823,27
Mean,Train,MAE,5056,0.45736944030584076,0.4568335324481441,0.006586805451731772,0.44362672926339586,0.46808491822997517,28
Mean,Train,MAPE,5056,7.07576821131687,7.056816447486902,0.11507653307183167,6.838200796157928,7.270647083835405,28
Mean,Train,R2,5056,0.4187676012735452,0.4168388170044468,0.016674152525682037,0.38597570159573735,0.445450270554276,28
Mean,Train,MSE,5056,0.4164359407210778,0.4162473152235121,0.011896976726563677,0.3942962662209498,0.4388951934022496,28
Mean,Train,MAE,4027,10.259933893103717,10.256438017859995,0.20122558773644675,9.915063572431974,10.620061869786719,29
Mean,Train,MAPE,4027,415.3215418565754,413.5573554960941,19.751975781770213,377.4497204735198,449.11574875170066,29
Mean,Train,R2,4027,0.014647537137777,0.012782884142092612,0.038623021303400104,-0.06905154596220736,0.07129813797175669,29
Mean,Train,MSE,4027,279.83779643851267,281.55219144401167,12.103189573740684,259.9211433766579,304.79241691677584,29
Mean,Train,MAE,13846,26.514817094175342,26.513823446611653,0.18115814199713967,26.186439153399803,26.875216930790604,30
Mean,Train,MAPE,13846,16.881835859133293,16.877568394829105,0.16546261740028442,16.586836420884033,17.1933876767252,30
Mean,Train,R2,13846,0.398107396612121,0.39706406283347795,0.009143077600273466,0.3811623612052447,0.4138889309299344,30
Mean,Train,MSE,13846,1246.3982455364167,1247.7178386956255,20.106688670758068,1206.7464279519425,1285.0510462200393,30
Mean,Train,MAE,13582,6.809369619858905,6.812561888367071,0.06163168427121827,6.697908841646481,6.954133873602588,31
Mean,Train,MAPE,13582,13.278909584738482,13.292472826224525,0.15999720082862648,12.982341600223592,13.673753891711028,31
Mean,Train,R2,13582,0.7059808435081375,0.7062196022941031,0.006414612832831218,0.6929091394746011,0.7165630039730851,31
Mean,Train,MSE,13582,90.57841519245751,90.18627497368976,1.7350071424922886,87.01732151469312,93.25245451510337,31
Mean,Train,MAE,13364,22.618702987292494,22.624985015070408,0.1591621217114499,22.337881437438124,22.95877263770235,32
Mean,Train,MAPE,13364,31.861055757327932,31.859407487412554,0.415167930923409,31.014505140199425,32.72074502466754,32
Mean,Train,R2,13364,0.366774540619477,0.36561080039918004,0.010081847122081163,0.34395200499891027,0.3817466031657975,32
Mean,Train,MSE,13364,907.2086107957866,906.9125997188659,13.9299862116259,880.5013975980058,931.5676167030456,32
Mean,Train,MAE,12320,41.222143995672376,41.20695567933746,0.3984817531199036,40.54558712471726,41.94769931878208,33
Mean,Train,MAPE,12320,32.93714882517402,32.92698709995605,0.30688684030826796,32.363158153361795,33.554129060131416,33
Mean,Train,R2,12320,0.4242248128662892,0.4244845611367203,0.010609213805576495,0.4025527530224162,0.44192742660663037,33
Mean,Train,MSE,12320,3333.644758025344,3331.7549983343156,65.72933338058189,3214.8352079591314,3453.7846232782335,33
Mean,Val,MAE,10274,3.496025770363104,3.499879600632907,0.027461126422865977,3.4455942039003675,3.5471647818369023,0
Mean,Val,MAPE,10274,10.419909979168708,10.413858751557346,0.09864341309124658,10.239433263137418,10.597817861071418,0
Mean,Val,R2,10274,0.5179340325112038,0.5178881273362244,0.009015677543805074,0.499069802132337,0.5336279400484333,0
Mean,Val,MSE,10274,21.766570177514044,21.7420469301489,0.41821892861042564,20.848185477234164,22.557235552833824,0
Mean,Val,MAE,9959,1.140660817490919,1.13807328821449,0.009632055652513844,1.121804901019149,1.1537415657984609,1
Mean,Val,MAPE,9959,10.726663667560901,10.718937483635454,0.10500361312085155,10.521690275935121,10.898336311192237,1
Mean,Val,R2,9959,0.5506630426905188,0.5520346456597189,0.007888307399033831,0.5362502483197523,0.5677845785127281,1
Mean,Val,MSE,9959,2.3670434584326054,2.3670591906043312,0.04600660181769124,2.2797078991514517,2.459406289114215,1
Mean,Val,MAE,9887,0.9677878802160449,0.9678579536741839,0.011180257111943093,0.9447968197005379,0.9891985350550107,2
Mean,Val,MAPE,9887,3.3634181049220446,3.3611541991405813,0.039315003655242334,3.2946721750803136,3.4342887836229026,2
Mean,Val,R2,9887,0.7080107871615828,0.7085183248540099,0.008420708275674402,0.6949376999091721,0.7259061398244931,2
Mean,Val,MSE,9887,2.100492005913019,2.099786844844588,0.06314031111684525,1.9714037789683656,2.2264741703769357,2
Mean,Val,MAE,9900,0.8604804067060813,0.8610345648251745,0.006474190079557952,0.8494826919819238,0.8716382992258104,3
Mean,Val,MAPE,9900,2.7014006036267664,2.699653926652122,0.022817970950241503,2.654312403399447,2.745971965553475,3
Mean,Val,R2,9900,0.4505562883450541,0.45072925926810503,0.010216847745073499,0.43126046568927856,0.46855659441944664,3
Mean,Val,MSE,9900,1.2600589575173975,1.2609594529885515,0.02383864013720962,1.2178042546522463,1.306505239782252,3
Mean,Val,MAE,18,0.7462592990236687,0.7243701911123637,0.18021468040814717,0.4403176824118879,1.1340339736877028,4
Mean,Val,MAPE,18,7.479847016723105,7.639665205118611,1.8808851885227855,4.668432423630433,11.649570670572563,4
Mean,Val,R2,18,0.6379995872353494,0.5865147753021991,0.23542867784946178,0.06417728977814491,0.824168981216431,4
Mean,Val,MSE,18,1.0309973222337396,1.0411068581708873,0.39464491441221616,0.49090587841286526,1.8370959070392197,4
Mean,Val,MAE,9948,52.1237913928714,52.18030972215017,0.5335887261343711,51.103279571676595,53.094022755074995,5
Mean,Val,MAPE,9948,29.75489593367143,29.789670862735143,0.9090090257538116,28.488646788891817,31.65119278438186,5
Mean,Val,R2,9948,0.5213120760858871,0.5214750281565256,0.009215087719078969,0.5026538536441474,0.5403228825586781,5
Mean,Val,MSE,9948,5576.185516569714,5573.369973151806,131.65960175184603,5342.860211216207,5782.948797170835,5
Mean,Val,MAE,9903,0.38102144788572934,0.3810035756791462,0.0035142735858253683,0.3731535935403687,0.38649434405325234,6
Mean,Val,MAPE,9903,10.52707523509872,10.53327033675843,0.11482146711197949,10.339612625448614,10.75674877859319,6
Mean,Val,R2,9903,0.593823031762795,0.5945733443058526,0.008324060976143998,0.5791625656545178,0.6113976692222625,6
Mean,Val,MSE,9903,0.26173126585603157,0.2611998075490052,0.00471103967596003,0.2532908764389401,0.27019328859869346,6
Mean,Val,MAE,9879,1.0434589078149294,1.041964238940123,0.012242912540706261,1.0200856637073523,1.06640636499692,7
Mean,Val,MAPE,9879,6.472861575974792,6.4710689386719205,0.06701731920550302,6.339908845759843,6.588949868926478,7
Mean,Val,R2,9879,0.5635542509123673,0.5630049125399093,0.008433251859852596,0.5493978325669365,0.579211498450358,7
Mean,Val,MSE,9879,2.6702356630971407,2.67526940518733,0.07777701637057331,2.5284452408985545,2.802454620413919,7
Mean,Val,MAE,10215,2.1835696765615653,2.184826482066942,0.02455019878885332,2.138957526276289,2.2273445023829885,8
Mean,Val,MAPE,10215,45.17857008536289,44.7993280505783,1.5109155777919807,42.136911798021806,47.59041766205703,8
Mean,Val,R2,10215,0.2971729545555857,0.29694386281106755,0.013024036509060033,0.27367228840380675,0.320825916958769,8
Mean,Val,MSE,10215,9.901952068445702,9.894775116663697,0.21251259799434977,9.492340566588158,10.260447561032487,8
Mean,Val,MAE,9889,2.825330443728314,2.823216434104365,0.02828285315124608,2.7689752482442844,2.866621624759368,9
Mean,Val,MAPE,9889,3.0923785277899953,3.0891857711691775,0.03153404615196055,3.029625601543068,3.16071772541788,9
Mean,Val,R2,9889,0.6777151786756532,0.6759188127254789,0.008841121664597143,0.6593904445390586,0.6879260296100274,9
Mean,Val,MSE,9889,16.200277060281778,16.206378352012354,0.4512711315045656,15.433970452241258,17.268491065711018,9
Mean,Val,MAE,9351,2.4847326108845262,2.484532892759251,0.02031841474427319,2.445227372915728,2.521718210263092,10
Mean,Val,MAPE,9351,1.7919793455049522,1.7910397418870196,0.016277167897671595,1.7637641985629418,1.820014918393958,10
Mean,Val,R2,9351,0.3010815004173314,0.3010538683315085,0.011117511899469667,0.2791836950380833,0.31828740344285894,10
Mean,Val,MSE,9351,10.985384423242472,10.966398936152888,0.207206242671528,10.631897204571898,11.388106954123943,10
Mean,Val,MAE,9459,0.36450937493349955,0.3645771117402449,0.003349367097395823,0.35920036773143843,0.3711705747018894,11
Mean,Val,MAPE,9459,8.556568667474787,8.572479738755705,0.06726764444063738,8.443072716792058,8.683447888714003,11
Mean,Val,R2,9459,0.1383146184245283,0.1393324358276131,0.011629175136267222,0.11644954775026843,0.159198324615925,11
Mean,Val,MSE,9459,0.23031070716521074,0.2293572826272656,0.0045452618891682365,0.22171346833121885,0.2379504969927353,11
Mean,Val,MAE,9249,2.9045089310232,2.9035593023660256,0.031116491611446393,2.8414922049843447,2.959286140734762,12
Mean,Val,MAPE,9249,2.871978941903736,2.8715691314077447,0.022838043737595872,2.832964688163252,2.9202036286179136,12
Mean,Val,R2,9249,0.3473205913577073,0.34758145917537064,0.010880848959861208,0.33049213739330996,0.37294985267988995,12
Mean,Val,MSE,9249,15.22058792649081,15.201267721593972,0.30999727054860593,14.695382336021014,15.890645150442744,12
Mean,Val,MAE,8987,2.4300628396177917,2.430142984059894,0.021866891589671943,2.3831094077667103,2.473497671952956,13
Mean,Val,MAPE,8987,10.36146303173763,10.343095777182633,0.14107071427606938,10.084792379277793,10.645734440937927,13
Mean,Val,R2,8987,0.3566193358481392,0.3559396944524577,0.012035938450451417,0.3329670608604447,0.380700259030504,13
Mean,Val,MSE,8987,10.720642124605575,10.673866919935561,0.2575011450234724,10.172914721268379,11.191836343654415,13
Mean,Val,MAE,9574,6.27882189070398,6.273898771168015,0.07102921559276779,6.1549982520527875,6.42777571380727,14
Mean,Val,MAPE,9574,31.439327379686123,31.45884783768954,0.405233249904417,30.69333278359031,32.27685615390071,14
Mean,Val,R2,9574,0.5335895394415348,0.5304094176539121,0.010039807600830812,0.5146993108391027,0.5501136289997083,14
Mean,Val,MSE,9574,96.1190218781446,95.62166066810858,2.7911474671067684,90.67272664529003,101.09568704174454,14
Mean,Val,MAE,9774,0.19766045330838428,0.19744345346417583,0.0028714222273127973,0.19256571279021092,0.20272508716075635,15
Mean,Val,MAPE,9774,17.513810363210393,17.506080898132065,0.22461340639576108,17.10536679056796,17.91141821070495,15
Mean,Val,R2,9774,0.6348379529470333,0.6354789908507655,0.011316115573980138,0.6152112228580827,0.6586064845296721,15
Mean,Val,MSE,9774,0.12429902553040914,0.12402112791335625,0.004505585346247194,0.11437752270935447,0.133514684094911,15
Mean,Val,MAE,8824,21.702608015428744,21.681469510157907,0.24341869018279744,21.207226835618595,22.187103517699683,16
Mean,Val,MAPE,8824,19.552730806340854,19.53543071023471,0.27541356686058766,19.07901129450355,20.15230683425887,16
Mean,Val,R2,8824,0.3185652561440726,0.3188025992128721,0.01490418626477052,0.2912310070210282,0.3471187495457843,16
Mean,Val,MSE,8824,974.0305478194337,979.2735422887408,21.72030938310453,937.3779139303801,1016.8238461537677,16
Mean,Val,MAE,1568,0.5621842094291516,0.562282099266744,0.016202975469873145,0.5283887725337069,0.5909913587486407,17
Mean,Val,MAPE,1568,8.11373341294183,8.134449786691,0.22440626588591883,7.729053618567778,8.61404563761626,17
Mean,Val,R2,1568,0.5811088059745618,0.5796182390860065,0.023064440191694166,0.5352420211463098,0.6183548168251987,17
Mean,Val,MSE,1568,0.7467080241602166,0.7381651633940873,0.04521570618192639,0.6612561576375497,0.8260361715135836,17
Mean,Val,MAE,7279,0.4379167863562885,0.4373956311703944,0.004584251915151375,0.4276328607571675,0.44614723563781716,18
Mean,Val,MAPE,7279,4.944139507736235,4.9508650046375875,0.04797005074045258,4.8578478747163105,5.041046681223197,18
Mean,Val,R2,7279,0.35615361771533194,0.35571591875879116,0.012545518998211862,0.3329167998906489,0.37792037978371706,18
Mean,Val,MSE,7279,0.3407479315995251,0.3405241259592392,0.008322789715555551,0.3255810750566131,0.35655704293629803,18
Mean,Val,MAE,4815,12.311839679707894,12.303704439491161,0.20235156041475422,11.953107101506324,12.676890251347597,19
Mean,Val,MAPE,4815,60.260972101278576,60.36741403873943,1.3467495074056082,57.695055659881355,62.78746470653856,19
Mean,Val,R2,4815,0.2247765149211992,0.22623472787041926,0.024443717693744205,0.1836673918932111,0.2709330347579321,19
Mean,Val,MSE,4815,332.80517975960964,331.71115543714916,11.309260027609056,307.40557981951366,350.022404898847,19
Mean,Val,MAE,37,59.766884894059295,59.74829324494592,13.954864381943466,34.960487106026,87.27660193568158,20
Mean,Val,MAPE,37,83.51431317520888,83.39916925522644,21.01420314987034,51.142541428177154,128.8621742999137,20
Mean,Val,R2,37,0.3686079770428726,0.28226365838528283,0.45470262455536176,-0.7868610166324076,0.7111644574618843,20
Mean,Val,MSE,37,10291.282267445664,10129.064331058802,3838.2774506300366,3680.1113388254853,19312.490876469317,20
Mean,Val,MAE,4691,11.0062916293651,10.989321389046982,0.18303858313371202,10.64347037510879,11.31713091568952,21
Mean,Val,MAPE,4691,41.2522301291839,41.31416369809205,0.6890447465717815,40.08968911080208,42.69476814722377,21
Mean,Val,R2,4691,0.30805325445280407,0.3081237128981593,0.02043439238162803,0.2690949961009029,0.348235648279125,21
Mean,Val,MSE,4691,277.22273987310905,278.745541726178,10.012507547822985,260.32717761780805,298.0034711489965,21
Mean,Val,MAE,1116,74.5403893473677,74.39684832261123,2.289568550302499,70.39236803972469,78.0199813937452,22
Mean,Val,MAPE,1116,28.204924429974472,28.278646333589997,0.9204714249238549,26.48513170606871,29.814542391754397,22
Mean,Val,R2,1116,0.4103309086777033,0.4078972544277954,0.035209285402851155,0.34175049306733146,0.45805594711201525,22
Mean,Val,MSE,1116,11467.70428816987,11409.434188495667,762.301490699556,9964.681669500169,12900.416272198188,22
Mean,Val,MAE,3845,3.2939097018261547,3.2926076460583387,0.060437578107134515,3.168443077809329,3.4016033863971535,23
Mean,Val,MAPE,3845,17.946962512080848,17.948408705527086,0.3177452253501429,17.314161599016735,18.542694545941103,23
Mean,Val,R2,3845,0.37608233717475537,0.37634202766750824,0.017328676650267855,0.3388369431753654,0.4053543717888343,23
Mean,Val,MSE,3845,27.71976440391107,27.94729226139314,1.1360504795502102,25.696384933068252,29.89968719041204,23
Mean,Val,MAE,3986,26.73249641337523,26.810251724182937,0.5307798022281043,25.79675683213623,27.672628932317497,24
Mean,Val,MAPE,3986,24.10454749046651,24.09171401494622,0.36669731436723263,23.320108539634298,24.746169573287048,24
Mean,Val,R2,3986,0.5032896505899205,0.5050173474037304,0.015541424834996959,0.4743318894172685,0.5339052275813466,24
Mean,Val,MSE,3986,1787.6569925027143,1785.8835179871342,72.48299684489051,1658.8894199625481,1930.2689446534314,24
Mean,Val,MAE,3586,0.24987862375772674,0.24915094360773302,0.004685758919571573,0.2401733197415828,0.25805988007069225,25
Mean,Val,MAPE,3586,46.3649991452239,46.24866363226748,1.0883032185867474,44.33559177410028,48.28247747741038,25
Mean,Val,R2,3586,0.4923809862659857,0.4894515248153211,0.019789674545737254,0.4518452223848396,0.5294068216827422,25
Mean,Val,MSE,3586,0.16098208765360858,0.15998942819027873,0.006601143981226113,0.1495669184237402,0.17332878011845224,25
Mean,Val,MAE,251,0.3707793374076211,0.37177861409774143,0.04283913377324487,0.279930788457688,0.4562454013318334,26
Mean,Val,MAPE,251,68.2525814382022,67.0560680251417,14.816047854878407,45.087006933142646,98.1401569922674,26
Mean,Val,R2,251,0.3626163930271771,0.3586247710718507,0.07924073521126095,0.2125037863478646,0.4971279395785894,26
Mean,Val,MSE,251,0.6293323441068609,0.6387131913161287,0.13888972963626484,0.38952221242598,0.8884955698452611,26
Mean,Val,MAE,2613,0.4179426638756873,0.41928592534388237,0.008104413596886063,0.40281931742240523,0.4341890496096745,27
Mean,Val,MAPE,2613,13.112567832784277,13.097478038643978,0.2805520962507147,12.602764976138486,13.659754833013249,27
Mean,Val,R2,2613,0.5321323042577819,0.5331060029084571,0.01794618757900694,0.4965108116760181,0.5632237504138143,27
Mean,Val,MSE,2613,0.3322764667236411,0.3322600100919264,0.01228677246170366,0.30658429393640946,0.35342615024593593,27
Mean,Val,MAE,723,0.4872561020066275,0.4875998446908315,0.01848348027930656,0.452233600770016,0.5206300875312766,28
Mean,Val,MAPE,723,7.6847151416296375,7.710127145449852,0.33947241750712864,7.048373179559346,8.348523591540001,28
Mean,Val,R2,723,0.3790334064599318,0.3748571919109041,0.040440302349428456,0.293210004257247,0.44697373670833324,28
Mean,Val,MSE,723,0.46114796721230056,0.4633617930411375,0.032461383342838455,0.40808465801015154,0.5302548577705224,28
Mean,Val,MAE,575,10.073182616103685,9.962860116786084,0.5314005573162303,8.999528796859648,10.923180489015632,29
Mean,Val,MAPE,575,372.5141167345229,377.5738583710484,33.30712102999845,317.874998786596,443.8122575322593,29
Mean,Val,R2,575,0.06793803829389344,0.06913692387390759,0.09561522355298983,-0.13462115547567682,0.22239285105457504,29
Mean,Val,MSE,575,274.7265267386021,276.0561464665206,32.1375856045572,220.20830080634073,349.5149085293342,29
Mean,Val,MAE,1979,25.583531140130606,25.65051351770635,0.4884220922020159,24.74756539408117,26.537557263458773,30
Mean,Val,MAPE,1979,16.141227312846045,16.15720033746309,0.398537847864115,15.523694765658416,16.825798636060618,30
Mean,Val,R2,1979,0.44164953615314884,0.43951880688029066,0.025362731226891217,0.37911515113886624,0.48106279284678716,30
Mean,Val,MSE,1979,1158.0535199732028,1154.0820671958184,52.041238403280325,1050.5605156988083,1258.447436045453,30
Mean,Val,MAE,1940,6.703995204377874,6.687417204742368,0.12668600588808762,6.42348805137338,6.8913831109207955,31
Mean,Val,MAPE,1940,12.524952528900116,12.507748815858388,0.2998340348778189,11.940440158693118,13.145244107313895,31
Mean,Val,R2,1940,0.7291205348229663,0.7291466602859705,0.015563432593653018,0.6965852427783464,0.755460074293472,31
Mean,Val,MSE,1940,85.31133058368067,86.10232657742824,4.924418184607479,77.0094958864836,95.17880941809304,31
Mean,Val,MAE,1909,22.523660463454217,22.5424315281254,0.4482700481565547,21.67087792603364,23.319313490474936,32
Mean,Val,MAPE,1909,30.89992708106536,30.800727501169664,0.8111492478197956,29.425446171684456,32.43432668962371,32
Mean,Val,R2,1909,0.3882278374211595,0.3911584892224822,0.026969646094875992,0.33563941930839397,0.4384299310902476,32
Mean,Val,MSE,1909,904.8915397053743,907.4497675734215,40.08219562455475,833.734295246318,991.8840885694015,32
Mean,Val,MAE,1760,40.174873417565635,40.28319424283142,0.8139650354924534,38.8814629192818,41.823556443427655,33
Mean,Val,MAPE,1760,35.91497018312742,36.51609457217136,4.251755169609057,31.289518786574344,47.26897020936381,33
Mean,Val,R2,1760,0.4093530877655357,0.4137431302953416,0.029566037752410956,0.35653445034945797,0.4632264531965797,33
Mean,Val,MSE,1760,3094.2618393517237,3099.665121128696,152.09148296144716,2821.174434945726,3379.279954896315,33
last,Test,MAE,20550,2.7102360038571693,2.707986245682524,0.02189451169991116,2.668977736966163,2.748405401321513,0
last,Test,MAPE,20550,7.8303600390520245,7.827000876424933,0.057742766012198146,7.739513317801327,7.929832209682112,0
last,Test,R2,20550,0.6479540462132416,0.6482074312140357,0.006513810395027707,0.6355079181775056,0.6607800065805922,0
last,Test,MSE,20550,15.579311115921856,15.547399477640495,0.2610835842684734,15.043607996521708,16.0901318720074,0
last,Test,MAE,19917,0.8690415242951623,0.8692164503796043,0.007359622770296186,0.8540781759405349,0.8858832305676667,1
last,Test,MAPE,19917,7.737368416592337,7.7318072784096685,0.06138768251328413,7.613150792817007,7.842513257426624,1
last,Test,R2,19917,0.6790117196518852,0.6788300815812572,0.006516301243279369,0.6675656584143685,0.6934115054615501,1
last,Test,MSE,19917,1.6602033445815845,1.659175162918726,0.024559811681672396,1.6115030193456592,1.7062771094481122,1
last,Test,MAE,19775,0.6618685252386158,0.6622511548800655,0.005397585313546206,0.6520733895597205,0.6732665693762933,2
last,Test,MAPE,19775,2.2604843642758348,2.25839194597285,0.019301322756142252,2.2240405426320273,2.297861167323713,2
last,Test,R2,19775,0.8494681341472392,0.8489147607598119,0.00455186533889393,0.8403645832472012,0.8564657585536428,2
last,Test,MSE,19775,1.075905565365405,1.0700715020442848,0.030587778037590326,1.0047682971761682,1.1292060271528377,2
last,Test,MAE,19802,0.7430890902715815,0.7433315417728282,0.004188794709151918,0.7357938575089644,0.7507234352163057,3
last,Test,MAPE,19802,2.3020861530463197,2.3019699743878665,0.015057747418108268,2.279387346122631,2.3335247666123973,3
last,Test,R2,19802,0.567529941811107,0.5683961639706361,0.007131571361913133,0.5534466328031384,0.5809379621747873,3
last,Test,MSE,19802,0.9880776152508276,0.9859771044496856,0.013314689851484441,0.9630198643012975,1.0100740667214108,3
last,Test,MAE,37,0.8810810656160918,0.8575675469475822,0.19679778335858022,0.5268919184401227,1.2696621669305332,4
last,Test,MAPE,37,9.527087445316017,9.417575996628088,1.8161956987136951,6.736073407878081,13.480243030634693,4
last,Test,R2,37,0.3302552895891713,0.3095843175969439,0.30755122580841854,-0.34216517511252054,0.7343851731354517,4
last,Test,MSE,37,1.9199999953606293,1.8062621685441724,0.856422135652832,0.5686892061879258,3.6671620840640555,4
last,Test,MAE,19897,37.53965421922903,37.557626024023726,0.33314388596569544,36.917658440971,38.25014826355732,5
last,Test,MAPE,19897,17.283563020026364,17.29720460920241,0.2639010655823119,16.793465636217068,17.89925899584131,5
last,Test,R2,19897,0.6860652160259557,0.6868859964342549,0.006882938397762164,0.672643610526319,0.7003151977724079,5
last,Test,MSE,19897,3572.9191461024275,3569.4832553902593,88.2338347872429,3401.041223551289,3731.291089108911,5
last,Test,MAE,19804,0.28853438817486815,0.28840812311906733,0.001995341248195286,0.28508557227788744,0.29240832171485454,6
last,Test,MAPE,19804,7.577066488478507,7.581054857173648,0.05888603263903779,7.493293178963037,7.718879500731932,6
last,Test,R2,19804,0.7191008956222112,0.718777947767346,0.005184842435192958,0.7079687476958157,0.7282924639830093,6
last,Test,MSE,19804,0.18122161368933942,0.18122079928902635,0.0031786915105349377,0.17611035649907844,0.18763625901489114,6
last,Test,MAE,19757,0.6003441844155698,0.6017722100782427,0.006779342933027739,0.5903517771510572,0.6175861139592416,7
last,Test,MAPE,19757,3.932815574954799,3.930742083609021,0.04688039084295019,3.8454812223825416,4.015668799167692,7
last,Test,R2,19757,0.7989232931425811,0.7996168268290738,0.005724418802787509,0.7890112071387109,0.8097466068962282,7
last,Test,MSE,19757,1.2228435593630886,1.22700161941941,0.04383802882989609,1.1447858776029993,1.3262410901382249,7
last,Test,MAE,20430,2.087958294482527,2.084831967696519,0.015871327763915057,2.058044045454259,2.1160696728767876,8
last,Test,MAPE,20430,37.47979982464285,37.619671329018296,0.820213699370388,36.06834675322761,39.1214688574223,8
last,Test,R2,20430,0.23881153179334746,0.240921080327983,0.017751314221408653,0.20555382805280087,0.2716795038192521,8
last,Test,MSE,20430,10.778728226379426,10.776291279135963,0.21507319058608265,10.372115650334342,11.192830594342645,8
last,Test,MAE,19775,1.930429837965935,1.9320247310054892,0.015153810185975983,1.9013063231515221,1.9559245949707802,9
last,Test,MAPE,19775,2.117948366407225,2.1185037012589105,0.020005104354101088,2.0874205268928665,2.16009058836274,9
last,Test,R2,19775,0.8266873124375426,0.8269695165878942,0.004682723620684182,0.8188210497602264,0.8347791126611889,9
last,Test,MSE,19775,8.58932655790149,8.59434873123269,0.1823909860271002,8.303977124283065,8.92352987251211,9
last,Test,MAE,18703,2.326391487996578,2.3263551301930168,0.01341155932317782,2.299043602630594,2.3523371918943483,10
last,Test,MAPE,18703,1.6753380064020458,1.6769672436982683,0.011966919131708487,1.6552243162170983,1.6982164913667797,10
last,Test,R2,18703,0.39458260005299606,0.3925860768601276,0.01172431223307594,0.3684672837321244,0.4131290213756066,10
last,Test,MSE,18703,9.801863337432497,9.80278230765118,0.14360494333660534,9.525891234026627,10.064548468160186,10
last,Test,MAE,18917,0.37341809174459567,0.37319643938409713,0.002518719099962755,0.3673727357592978,0.3778750608406227,11
last,Test,MAPE,18917,8.871080012535904,8.871759497227147,0.061826142491825935,8.759228667683503,8.99860890085442,11
last,Test,R2,18917,0.0710086066507869,0.07068764988446531,0.012748029450578032,0.04379861613777537,0.0966913202934863,11
last,Test,MSE,18917,0.25148821424242007,0.25181295647993346,0.003929851644010631,0.24435493116972704,0.25919737206413834,11
last,Test,MAE,18499,2.4952700145953837,2.4944661873614793,0.018280907254988238,2.4597484999189145,2.526548056651711,12
last,Test,MAPE,18499,2.457421227644355,2.4539693723018448,0.016732088022618146,2.4229053051713243,2.488784423883235,12
last,Test,R2,18499,0.5012996715811315,0.5015117096808916,0.009112813554235629,0.4799228031705341,0.5159621214669862,12
last,Test,MSE,18499,11.595302448781014,11.615986539812964,0.17689191318283515,11.307871371425481,11.912840896805232,12
last,Test,MAE,17974,2.1536942249916544,2.1519483698675868,0.013786084963851579,2.12724004117058,2.177507093579615,13
last,Test,MAPE,17974,8.912791982784574,8.908110878904784,0.08598861501676147,8.74303745509477,9.097751202601495,13
last,Test,R2,17974,0.4672693509970173,0.46636368060667943,0.010497507949528868,0.4470365787291893,0.48660761182386425,13
last,Test,MSE,17974,8.61765605875153,8.60701847112496,0.1317031461055791,8.35345742461333,8.857394361299654,13
last,Test,MAE,19148,4.433857321913516,4.430848913724671,0.03724091043943962,4.353487962189263,4.500645628786296,14
last,Test,MAPE,19148,23.24781786129341,23.25893106491727,0.25252716902544703,22.816096092994982,23.814114974713586,14
last,Test,R2,19148,0.7617800421697858,0.7608095034529376,0.006578169894906616,0.7475540386034418,0.7744712949159539,14
last,Test,MSE,19148,49.526177668686024,49.68891372467098,1.2289146940207696,47.51499046897848,52.01931663881345,14
last,Test,MAE,19550,0.13218260839238496,0.13210175932172086,0.0012153240196032102,0.12982636797768266,0.1344128645222415,15
last,Test,MAPE,19550,12.489768258623846,12.493224851375615,0.11948488558748671,12.25423715868716,12.712124557067487,15
last,Test,R2,19550,0.8399489141966034,0.8401693316616337,0.004977355547032102,0.8309063541953576,0.8501025283881587,15
last,Test,MSE,19550,0.05169664202742836,0.05184484323697917,0.0016444041740064773,0.048349084796935234,0.05496673175558124,15
last,Test,MAE,17647,23.181305604352016,23.17783532611775,0.22999043026964566,22.742052473508245,23.623723579078597,16
last,Test,MAPE,17647,20.27749226733206,20.257771322383032,0.2093342049139739,19.894222512310687,20.67196450994498,16
last,Test,R2,17647,0.11616278772478617,0.11514269834052898,0.01719309972626772,0.08013322077744978,0.14530274277616706,16
last,Test,MSE,17647,1262.580679435598,1260.7910112200373,21.601898694924607,1218.342949934833,1303.7075986711623,16
last,Test,MAE,3136,0.5168845665698149,0.516801179755403,0.012487607890535707,0.4954181260068198,0.5416868604567586,17
last,Test,MAPE,3136,7.419230897794963,7.407038200483739,0.14807058651305038,7.112129471045073,7.662873677618749,17
last,Test,R2,3136,0.5844199600559593,0.5847605439757056,0.022708468332336605,0.5446254448683905,0.6273727990616379,17
last,Test,MSE,3136,0.72242746206576,0.723008083589216,0.03965628944861392,0.6431254270008888,0.8086040662033439,17
last,Test,MAE,14560,0.36312843436723224,0.3629175135503104,0.0029966505584501147,0.35758593608144223,0.3696067983943683,18
last,Test,MAPE,14560,4.081643152809909,4.086796237246896,0.0347608884689733,4.027055827255549,4.163162140946841,18
last,Test,R2,14560,0.48823075540118244,0.48648911970078496,0.010163723431382011,0.4638383014151063,0.5056958981709995,18
last,Test,MSE,14560,0.2629362966832247,0.2628053316635506,0.005522709488071672,0.2521622182012622,0.2749184460936375,18
last,Test,MAE,9632,9.029017857142858,9.024637147009965,0.12866815473111443,8.776949231727576,9.251270504568106,19
last,Test,MAPE,9632,37.26829605686632,37.232188885606,0.6520029630473922,35.932636254674094,38.52955513310606,19
last,Test,R2,9632,0.3937119619334807,0.395028776805706,0.020873356911597845,0.3492013859238596,0.43055521828665877,19
last,Test,MSE,9632,246.98668500830564,245.9888462936046,8.326357083404769,228.77961936773255,262.5813531717193,19
last,Test,MAE,75,25.44,25.972666666666665,4.839314260722192,16.39,35.862333333333325,20
last,Test,MAPE,75,36.45499590643125,36.366573060339164,7.558404986742009,24.49618211571016,54.47583369267853,20
last,Test,R2,75,0.734463163937688,0.7089217581845437,0.14343001092043003,0.41251051821360935,0.8931823278285033,20
last,Test,MSE,75,2296.1866666666665,2082.3064,895.8397799810863,796.2046666666666,3955.585999999995,20
last,Test,MAE,9381,8.653022065877838,8.650112461358065,0.1182847170687073,8.418620083146786,8.829967487474683,21
last,Test,MAPE,9381,29.200397346620278,29.224406724491786,0.40394533061066434,28.404596451074376,30.010424234108893,21
last,Test,R2,9381,0.45507609276407834,0.4531277173837849,0.017106280180081535,0.4189543054027354,0.482861000636269,21
last,Test,MSE,9381,223.9165334186121,225.2097089862488,8.208271151845548,212.66897252425113,241.89139617311588,21
last,Test,MAE,2231,54.131779471089196,54.10307037203048,1.5378448652707222,51.07368892873151,56.95004482294935,22
last,Test,MAPE,2231,19.66397789417413,19.745161459949884,0.5391829810614942,18.760796529617412,20.661818547895308,22
last,Test,R2,2231,0.5858134417434928,0.5878124661719306,0.026849441848461206,0.5400502133441927,0.6396842149804949,22
last,Test,MSE,2231,7975.548184670552,7983.119910354101,588.1127274916214,7014.757339757956,9206.747523532047,22
last,Test,MAE,7690,2.3822951881101133,2.37731475887373,0.0503419465155707,2.2766210986330853,2.4722421893558826,23
last,Test,MAPE,7690,12.878291495680555,12.888500795411973,0.24084668316235758,12.480756816638767,13.421012081929863,23
last,Test,R2,7690,0.5519591866770686,0.5510847751896703,0.01605023768796893,0.5221402719453055,0.5770965409050857,23
last,Test,MSE,7690,19.883144676084864,19.766838251803748,0.7266371769592475,18.543211129490892,21.05258219491218,23
last,Test,MAE,7973,19.67182992600025,19.706463062837074,0.32523002366135517,19.095222939922238,20.37331305656591,24
last,Test,MAPE,7973,17.961635662507323,17.981649611625002,0.2712488687556595,17.42839494234326,18.502978525172427,24
last,Test,R2,7973,0.6710713186326496,0.6721120751008018,0.01250560231890203,0.6477021162866113,0.6956164432783791,24
last,Test,MSE,7973,1191.2577762448263,1186.2503320581964,51.83285662900006,1093.0958249717796,1297.921861281826,24
last,Test,MAE,7171,0.19183516872883374,0.19165095448459674,0.003419792001871542,0.18495589788821828,0.19777401962189342,25
last,Test,MAPE,7171,33.47778117044919,33.52604933294021,0.5974286584564729,32.34820230096455,34.58825553485836,25
last,Test,R2,7171,0.6519009694302278,0.6520639889233665,0.013264502051673089,0.6266910996006654,0.6760513725228567,25
last,Test,MSE,7171,0.10899212054113536,0.10858221255598828,0.004999364214500177,0.09915387478460183,0.1176145671612161,25
last,Test,MAE,501,0.24926147566822,0.25107185499292767,0.019696983097599912,0.21618712496034756,0.28871008080435906,26
last,Test,MAPE,501,45.514902901257955,45.92409538538504,8.042461127055445,33.46022128458974,62.0839089804986,26
last,Test,R2,501,0.568986612647602,0.5682567502049757,0.058186445032754275,0.44381544912993565,0.6853575265612779,26
last,Test,MSE,501,0.29767744070905516,0.29285370017369083,0.04673502014805513,0.21197526561534993,0.37584294847031574,26
last,Test,MAE,5225,0.3227177036321905,0.32336516773461155,0.0049718170184651885,0.31354808699343195,0.3309122008421775,27
last,Test,MAPE,5225,9.487450671980383,9.484590624898157,0.17188127462018735,9.160580728511947,9.806979012029172,27
last,Test,R2,5225,0.6845175838167923,0.6837741916867844,0.013428117556633737,0.6535359183075562,0.7057169884738802,27
last,Test,MSE,5225,0.2276334922991507,0.22737391808122204,0.008180015110456495,0.21411872147306635,0.24300180447815475,27
last,Test,MAE,1445,0.4204498196968158,0.4195747334486885,0.011476412465695402,0.3999584731882419,0.44405276151264417,28
last,Test,MAPE,1445,6.3309970115717835,6.332546974166223,0.17407430685706635,6.042901134116737,6.668505208722178,28
last,Test,R2,1445,0.5100902843273245,0.5109441124094846,0.037880543491865946,0.4313469062769951,0.5821605975000846,28
last,Test,MSE,1445,0.3599671197251477,0.3621082262736551,0.02685325206949408,0.3137320854913406,0.40663079122593904,28
last,Test,MAE,1151,8.68923545973157,8.686545799379564,0.49815592608261766,7.803986092799098,9.57893010739635,29
last,Test,MAPE,1151,216.63850357436334,214.76559201859655,26.028413804485318,172.35261543518823,260.61676965041585,29
last,Test,R2,1151,-0.08030082566580532,-0.10348312372993823,0.12037409385145036,-0.34849131551921037,0.1442299448797071,29
last,Test,MSE,1151,326.47208614353065,327.5527257585725,33.79674669258646,274.2049657777059,403.0384641780614,29
last,Test,MAE,3956,24.188574317492417,24.224943124368046,0.4589667000003282,23.327300303336703,24.98348710819009,30
last,Test,MAPE,3956,14.487245971227816,14.45385502114439,0.2663249240445931,13.977975529064471,15.006451248710707,30
last,Test,R2,3956,0.41591327288995195,0.41332272518330476,0.026565222528869722,0.3618543153763008,0.4607611856319663,30
last,Test,MSE,3956,1215.0441102123357,1210.596533114257,44.509459649186354,1129.9220250884732,1290.224527616279,30
last,Test,MAE,3880,7.030798969072165,7.034103092783506,0.11722382384520189,6.832789948453608,7.226485180412371,31
last,Test,MAPE,3880,13.28133090551952,13.322657625714207,0.23207562848824664,12.905192562994413,13.763309261590193,31
last,Test,R2,3880,0.6894764709733091,0.691041167914286,0.012733417779671258,0.6675218948636725,0.7184795247002225,31
last,Test,MSE,3880,100.74542525773195,100.70940721649482,3.8051499940147777,94.29887081185568,110.61446037371132,31
last,Test,MAE,3818,20.851492928234677,20.855171555788367,0.35467107487942723,20.237421424829755,21.571542692509166,32
last,Test,MAPE,3818,26.470263579390107,26.323915055450556,0.687595676475458,25.199569076997463,27.782060819056777,32
last,Test,R2,3818,0.35047010728635564,0.3490559428164895,0.024843010281149658,0.30386294458408586,0.39613989982291214,32
last,Test,MSE,3818,908.1703771608172,902.9198762441068,34.97884882908517,836.8948877029859,976.4573942509166,32
last,Test,MAE,3520,44.321875,44.230079545454544,0.723498566716267,42.66540838068182,45.58508167613636,33
last,Test,MAPE,3520,34.01386813227766,34.0586299895814,0.5856982216216099,32.984320752960556,35.22748801453272,33
last,Test,R2,3520,0.2647503508919298,0.26445699190120653,0.030636257950641312,0.21048264929221042,0.33012591613454306,33
last,Test,MSE,3520,4081.1765625,4082.6092166193184,158.9629118689275,3804.849117542614,4419.309071377841,33
last,Train,MAE,71923,2.6993785067175975,2.698755820274697,0.011245312292614967,2.679280295305943,2.723759861796166,0
last,Train,MAPE,71923,7.782776634403691,7.777378415163331,0.02925296724295209,7.718272059001947,7.839703465744401,0
last,Train,R2,71923,0.6536812873555322,0.6542486432036069,0.003103682283169433,0.6479910656293375,0.6602211964034279,0
last,Train,MSE,71923,15.419354950663992,15.433867364789274,0.14839863387612856,15.196562481890014,15.696714572850519,0
last,Train,MAE,69714,0.8533874086153522,0.85310894946023,0.004042270028885865,0.8454434890269577,0.859765592423412,1
last,Train,MAPE,69714,7.635322361983171,7.639874718098469,0.03338823506373454,7.580058899135608,7.7109059107488855,1
last,Train,R2,69714,0.696604062483362,0.6965098158047199,0.003388181996261666,0.689110980447561,0.7022721694419438,1
last,Train,MSE,69714,1.5867587808203383,1.586436815803228,0.017398939262261975,1.5522949713461498,1.6170074536344698,1
last,Train,MAE,69214,0.6717860506005766,0.6717811600494451,0.0032930099506511693,0.6659152907355456,0.6783126937074381,2
last,Train,MAPE,69214,2.3068702679899795,2.307071801843219,0.011263800211774623,2.2826514245265206,2.324878537865986,2
last,Train,R2,69214,0.8435602076674875,0.8432789802174274,0.0021215298512365947,0.8395130003113459,0.847614715897574,2
last,Train,MSE,69214,1.1188338946739607,1.1179602600625613,0.018779045659575753,1.0816664174130186,1.1577407657702001,2
last,Train,MAE,69304,0.7485354358682342,0.7487047831676137,0.002577205806238059,0.7431836162519746,0.7529432569483913,3
last,Train,MAPE,69304,2.3191319829022374,2.3198264638278006,0.007545109330410581,2.3063070414727003,2.334278902889415,3
last,Train,R2,69304,0.5571024599712058,0.5569075417637943,0.004635198703656211,0.5474169735292908,0.564230889372171,3
last,Train,MSE,69304,1.0069490202329257,1.0066986042052968,0.007086842750970882,0.9940367750588404,1.0191873658949973,3
last,Train,MAE,129,0.5193798708361249,0.5256279356165451,0.056795178366391835,0.4394186476404355,0.6417635754097339,4
last,Train,MAPE,129,5.325174415765715,5.309373361651819,0.6758106445230733,3.968870396970719,6.779228568759681,4
last,Train,R2,129,0.676178621830855,0.6639942935258492,0.1093353905111777,0.45284526685695237,0.8211422386514264,4
last,Train,MSE,129,0.7533333291934868,0.7660170503795115,0.20451985080282703,0.4000445233427693,1.2197150948473927,4
last,Train,MAE,69640,38.30852814476631,38.32957383689464,0.17433706984423986,38.01722968121769,38.66623833285468,5
last,Train,MAPE,69640,17.94629586304432,17.937427699669094,0.2097683972865027,17.598554651907534,18.367070589932176,5
last,Train,R2,69640,0.6808182663591192,0.6806892960704036,0.0038968872684650596,0.6743857682560119,0.6884268250580022,5
last,Train,MSE,69640,3702.7829338035035,3706.4607282249226,46.05415628162286,3623.978332743913,3780.657614627398,5
last,Train,MAE,69319,0.2923927058895884,0.2923633343702417,0.0011614048704825049,0.29011517244526075,0.29437057492616714,6
last,Train,MAPE,69319,7.68721273899141,7.6887254336749296,0.028706451147488335,7.637698874145682,7.744783311589755,6
last,Train,R2,69319,0.7041259768693054,0.7039499653036531,0.003412294048830235,0.6980643400194245,0.7098715924673273,6
last,Train,MSE,69319,0.18751583137720745,0.18762479887356523,0.0018441610157200665,0.18433134928615882,0.19136118566027083,6
last,Train,MAE,69148,0.6008134779331827,0.601361621069151,0.003293845953550801,0.5949538173367015,0.6078584216170902,7
last,Train,MAPE,69148,3.951323500586618,3.9538062711267417,0.024003715937893275,3.909483884682882,3.996340062492697,7
last,Train,R2,69148,0.8036314479006079,0.8042906721046563,0.003945448557643946,0.7976778397638881,0.8121650435918916,7
last,Train,MSE,69148,1.1749220996458096,1.1775035807306933,0.0213004843524274,1.1299243375900285,1.2109614520537488,7
last,Train,MAE,71504,2.064290742207303,2.0646158414674454,0.009099552684982956,2.0479989068649833,2.0792655491516867,8
last,Train,MAPE,71504,36.79402014186245,36.79693965984962,0.4522343804977911,35.84633370327654,37.681684337091774,8
last,Train,R2,71504,0.27410976067183634,0.2747336389097199,0.007718314993520008,0.26072923190220754,0.2883206586579769,8
last,Train,MSE,71504,10.564905305196055,10.58210408056366,0.10688858518081029,10.345010540571845,10.75107563077447,8
last,Train,MAE,69213,1.9250769359507107,1.9241419523369567,0.007963814958633283,1.9094997334218142,1.9401296886382198,9
last,Train,MAPE,69213,2.1111593702697875,2.1107684492539693,0.008899745191036321,2.0946570741049504,2.12802297003028,9
last,Train,R2,69213,0.8247081992683113,0.8250718361889173,0.0025742865236272052,0.820069184280935,0.8295887213475913,9
last,Train,MSE,69213,8.55305451933336,8.568741822894172,0.10114509326196472,8.38017351681039,8.793924822508428,9
last,Train,MAE,65456,2.343497922268394,2.344889314959668,0.007337415721201261,2.331363244011244,2.3586504674896114,10
last,Train,MAPE,65456,1.686964993962338,1.686251494973149,0.005313558296276767,1.6751121125320034,1.6966147408504864,10
last,Train,R2,65456,0.3782965943951373,0.3782431638349108,0.005934135350071577,0.3684528093482663,0.38952143880081913,10
last,Train,MSE,65456,9.829435040332436,9.819409336042533,0.08388424763073486,9.67071563340259,9.999865081123197,10
last,Train,MAE,66208,0.37094535552228114,0.3708337829998073,0.0012630321353000102,0.3686660238237824,0.37349219596694927,11
last,Train,MAPE,66208,8.78316131099793,8.788393620271613,0.030168412726740618,8.726122950638928,8.837661918871941,11
last,Train,R2,66208,0.06886596237440845,0.06831588327319954,0.008410756147785789,0.05273904945022499,0.08309773433002642,11
last,Train,MSE,66208,0.24837349876007905,0.24828629938427213,0.0019639813237922873,0.24418689333301055,0.25194025875840775,11
last,Train,MAE,64744,2.5126034844927716,2.512803039663907,0.009002022346886088,2.4961448165080933,2.528129054429754,12
last,Train,MAPE,64744,2.477851434396528,2.4766643657403993,0.009748223029886295,2.4569457672806005,2.492859862293462,12
last,Train,R2,64744,0.49811618290510706,0.49855020493372115,0.004908907789321905,0.4878261929932457,0.506410019846374,12
last,Train,MSE,64744,11.812113863832941,11.814926325219325,0.10175000890322179,11.643928008773013,12.019029466050908,12
last,Train,MAE,62910,2.158483547922576,2.1582900492721664,0.007431416034482399,2.145561993307045,2.1726514862414064,13
last,Train,MAPE,62910,8.90847550154588,8.902411132343296,0.03927087584406971,8.826473163078933,8.975007769930135,13
last,Train,R2,62910,0.47101171118509055,0.47044485439028966,0.005497587613069508,0.459911682789248,0.4799378009863444,13
last,Train,MSE,62910,8.590216499627555,8.599838710736481,0.06506708977698056,8.482098565195201,8.708982888064371,13
last,Train,MAE,67015,4.491845109303887,4.492361710064911,0.022344474917186708,4.445729500858016,4.532838916660449,14
last,Train,MAPE,67015,23.52707713680438,23.525513258733803,0.09879221334717614,23.342671370133942,23.726467071991223,14
last,Train,R2,67015,0.7605600024867573,0.7601041984716197,0.0031834078182257242,0.7545732402193092,0.7671007438911795,14
last,Train,MSE,67015,50.14111766022532,50.11398574945907,0.7470142008918532,48.80333535402522,51.542744534805635,14
last,Train,MAE,68424,0.13451508216091232,0.13439957102280692,0.0007622913069637428,0.13295572354477272,0.13606730873509654,15
last,Train,MAPE,68424,12.602059832978247,12.59066343493521,0.058471982581273764,12.463547413028586,12.69867632764977,15
last,Train,R2,68424,0.8314672348770176,0.8313314839582736,0.0028740971265237172,0.8260650273908507,0.8365047795791771,15
last,Train,MSE,68424,0.05546918498197679,0.055515982559665035,0.0009188600461793183,0.05373584643965341,0.05707488936022045,15
last,Train,MAE,61762,23.6676678216379,23.683112269680393,0.12099060246037723,23.47568407758816,23.926988884751143,16
last,Train,MAPE,61762,20.796371278290827,20.796024674279867,0.11879012422284908,20.602969225156833,21.09339077986277,16
last,Train,R2,61762,0.07604395397020125,0.07703202728570357,0.008582401146380977,0.060875590298667494,0.09226789391241595,16
last,Train,MSE,61762,1327.9287223535507,1331.4675924111914,13.748737443418705,1304.926623571128,1358.4076317152942,16
last,Train,MAE,10978,0.506153216907552,0.5053864564366148,0.006517229854302508,0.4896700224979129,0.5156120217607677,17
last,Train,MAPE,10978,7.242667174516783,7.2237224835175935,0.07025742346109089,7.1130781232653195,7.372729728502942,17
last,Train,R2,10978,0.6106133702020633,0.6108191584829928,0.011129576953720828,0.5900237798132895,0.6309132826253501,17
last,Train,MSE,10978,0.6865770249637452,0.6859519379318594,0.01993485588108609,0.6533413421596324,0.720952824319041,17
last,Train,MAE,50958,0.36189050737882017,0.36187927928701336,0.0015631236091043473,0.35914125994454327,0.36560814406916803,18
last,Train,MAPE,50958,4.066375603157313,4.067056082506146,0.019364680387032436,4.031574821113161,4.100428116768299,18
last,Train,R2,50958,0.5041516372320984,0.5038589366334638,0.0062869150845017855,0.4919199290322439,0.51542170003824,18
last,Train,MSE,50958,0.25973792225117615,0.25993221639644015,0.0023788913211930957,0.2552005858520916,0.2638577205468853,18
last,Train,MAE,33713,8.879635946549724,8.876200130492519,0.07536648041834108,8.727969798941892,9.023395277766216,19
last,Train,MAPE,33713,36.57679999207852,36.55049087938332,0.30706836551749067,36.00576994327369,37.173365451887776,19
last,Train,R2,33713,0.4215692483066894,0.4224485998439089,0.010113736891799353,0.40450135750600485,0.44353106100466033,19
last,Train,MSE,33713,243.13851316809442,241.6471129746439,4.43333188944439,232.59878844532034,248.97792720021405,19
last,Train,MAE,263,36.250950570342205,36.04954372623574,3.7196944989251515,28.92880228136882,42.188593155893535,20
last,Train,MAPE,263,38.34019244941432,38.502737413109045,3.420287318268901,32.94092852545049,46.247621828577294,20
last,Train,R2,263,0.4768720779384136,0.4760874870937976,0.1122366250633402,0.2543639717698261,0.6462216593072944,20
last,Train,MSE,263,5585.809885931559,5646.137946768061,1281.8887920641037,3320.280988593156,8201.42252851711,20
last,Train,MAE,32831,8.605144528037526,8.60924294112272,0.07144547428450429,8.479854025159149,8.760897855685176,21
last,Train,MAPE,32831,29.64080148189327,29.626598079535746,0.26426111613267517,29.142414010304698,30.088792956369105,21
last,Train,R2,32831,0.4481591350738412,0.44937567953247504,0.009962407960434266,0.4323231331176218,0.4691560854825451,21
last,Train,MSE,32831,222.18594468642442,221.6544441990801,4.101917766760691,214.58039752825076,228.77324346654078,21
last,Train,MAE,7810,55.39910371318822,55.35406402048656,0.8444672719952779,53.736643725992316,56.86047375160051,22
last,Train,MAPE,7810,20.724752583804783,20.685181619239312,0.29182476294240794,20.126623855005377,21.241959862764006,22
last,Train,R2,7810,0.5387991777973655,0.5365342775425708,0.01616604668561334,0.5037124699446847,0.5656277714656944,22
last,Train,MSE,7810,8523.395518565942,8559.299124199744,305.15552968355996,7975.873490717029,9112.502476792573,22
last,Train,MAE,26915,2.4903759970178663,2.490382706966715,0.021162576056755672,2.4525684110223196,2.5304480826471587,23
last,Train,MAPE,26915,13.454105942137428,13.4553088682309,0.12168029592609769,13.225390866738904,13.697676772319488,23
last,Train,R2,26915,0.5283283541762331,0.527668199750705,0.008557587896358156,0.5087734604045309,0.5437830488578851,23
last,Train,MSE,26915,21.364451964596178,21.372700314947664,0.4008525891183222,20.61812830819367,22.123461257708858,23
last,Train,MAE,27903,19.350482027022185,19.33830287065907,0.1583291823338759,19.03022927642189,19.63377996989571,24
last,Train,MAPE,27903,17.661225693904015,17.637352688961062,0.1377849116805722,17.311192202214496,17.887301274714055,24
last,Train,R2,27903,0.6853856481198636,0.6850707281253076,0.0066272332393519625,0.6718076532446898,0.6966364386683893,24
last,Train,MSE,27903,1130.9913181378347,1136.7854947496685,28.6856117327663,1081.4070823477762,1178.887125712289,24
last,Train,MAE,25102,0.18611863557625963,0.18615855275016563,0.0016471962000663733,0.1829663469229149,0.18893892864573725,25
last,Train,MAPE,25102,32.826846646628,32.82017248123113,0.32283333658838625,32.165877141498534,33.36999617189652,25
last,Train,R2,25102,0.6593347475354332,0.6583653760896527,0.008339713308990908,0.642479459051147,0.6754851908459465,25
last,Train,MSE,25102,0.1022841799509466,0.10240129011664603,0.002399391618824988,0.09741031791150215,0.10722743875140416,25
last,Train,MAE,1757,0.2131531028820156,0.21110950590083216,0.011922834456532335,0.1890113835981541,0.23432128776117148,26
last,Train,MAPE,1757,37.69491157115773,37.79949731500211,2.107541316291868,33.95576221861317,41.57606996660368,26
last,Train,R2,1757,0.6397382311181048,0.640495797100867,0.03528223975061029,0.5677743353877992,0.7025884987061947,26
last,Train,MSE,1757,0.2536322709108809,0.2509350535729564,0.027947980621909625,0.19645859071409422,0.30056442636335917,26
last,Train,MAE,18289,0.32655694723403034,0.3265292257193407,0.002601852096122365,0.3214199109551384,0.3306956361737466,27
last,Train,MAPE,18289,9.647654458982768,9.627846676080855,0.09429436835699176,9.459488766053637,9.780708692422053,27
last,Train,R2,18289,0.6718315754339326,0.67198201706977,0.006741890529606027,0.6607684638728435,0.6841429233023935,27
last,Train,MSE,18289,0.23616299355401746,0.2366838270410611,0.004064359341327352,0.22855375460867658,0.24459610818470426,27
last,Train,MAE,5056,0.41620846682145624,0.4156248041350819,0.005858040481424223,0.40333094674787373,0.42534711104640854,28
last,Train,MAPE,5056,6.2106072221156055,6.207675852089435,0.08331423018811189,6.050352681634184,6.383792883309502,28
last,Train,R2,5056,0.4969358571105913,0.4935044868162958,0.018304995296771306,0.457590106202476,0.5266912167387129,28
last,Train,MSE,5056,0.36043068150746305,0.3605108975940718,0.01327892702964415,0.3384278398301351,0.38582642392856087,28
last,Train,MAE,4027,8.441979143410544,8.441511177374325,0.22668174525895743,7.992242976903235,8.885176613327529,29
last,Train,MAPE,4027,207.7220050370408,207.4039329439576,17.11234938341193,169.81645478393816,240.59495744594236,29
last,Train,R2,4027,-0.06443476368681167,-0.060044319242186416,0.05264080856206414,-0.15462487093823107,0.03436271224840047,29
last,Train,MSE,4027,302.2969850376432,303.28821545653716,14.490865572293439,277.71864126644857,330.1006474280368,29
last,Train,MAE,13846,24.53185035389282,24.563519789108774,0.212767823956982,24.168701249458326,25.023335259280657,30
last,Train,MAPE,13846,14.718232113414587,14.710605014588447,0.12621468689276932,14.511050440536042,14.957539639049891,30
last,Train,R2,13846,0.4183601708447424,0.4198017072001459,0.013388858647517075,0.39606557088615646,0.4466278693047072,30
last,Train,MSE,13846,1204.4588328759207,1203.4677486277624,26.18226487849159,1162.0389783150367,1255.6579702621696,30
last,Train,MAE,13582,7.141216315711972,7.154567810337212,0.07054062843651164,7.020658776321603,7.267747754380798,31
last,Train,MAPE,13582,13.778172755838508,13.750755305290156,0.17564802898152393,13.418855885692796,14.046808509028285,31
last,Train,R2,13582,0.6704135106506193,0.6694944770303961,0.008317700170556394,0.6553313526043489,0.685197187574163,31
last,Train,MSE,13582,101.53563539979385,101.59346506405538,2.2094642718854907,97.99504491238405,105.45935291194228,31
last,Train,MAE,13364,20.99986905118228,21.00566952259802,0.1953201519901272,20.613309544298115,21.386112877880873,32
last,Train,MAPE,13364,26.647986910730587,26.68568544600003,0.43970621740455457,25.951947195658907,27.469281570368015,32
last,Train,R2,13364,0.3643571338707994,0.36167404321281543,0.014133577120617236,0.3362429745235648,0.3917247249516878,32
last,Train,MSE,13364,910.6719778883568,911.9218483893295,17.633714025084476,877.5864403668437,940.2808849801706,32
last,Train,MAE,12320,45.363555194805194,45.388976461038965,0.42038412987775214,44.63257508116883,46.200867491883116,33
last,Train,MAPE,12320,34.76351044879244,34.80332456967022,0.3456966928237002,34.125620896820635,35.485323326153384,33
last,Train,R2,12320,0.2620368316970584,0.26231625211092724,0.0153279164013737,0.23787310109919704,0.2889702867776966,33
last,Train,MSE,12320,4272.686810064935,4262.674474228896,88.14459559657287,4097.748873782468,4399.7146565543835,33
last,Val,MAE,10274,2.7471432783317304,2.74963758500188,0.02969436992828835,2.6940969976906373,2.7979453108016914,0
last,Val,MAPE,10274,7.902574383113146,7.9056000808206015,0.08563819019966618,7.758774107845273,8.082741613195795,0
last,Val,R2,10274,0.6420326406696565,0.6414734062818098,0.010049769897132353,0.6215954021542187,0.659107421369349,0
last,Val,MSE,10274,16.163185484161765,16.13799008201594,0.4123236620539475,15.434838205548251,17.001436612453567,0
last,Val,MAE,9959,0.8486946475399296,0.8484127926029277,0.00944499987709141,0.8324746472443643,0.8681298313974939,1
last,Val,MAPE,9959,7.623077060261441,7.6229282122548625,0.08740337471119791,7.470907917001132,7.754332889157665,1
last,Val,R2,9959,0.7034081043700844,0.7036332131301093,0.00879569272898856,0.6885055601030876,0.7221655724245434,1
last,Val,MSE,9959,1.5624041044355566,1.5613874542678605,0.040148982949576154,1.4852294854741184,1.6382151942535579,1
last,Val,MAE,9887,0.6596237484335935,0.6576739674129586,0.007682795334095254,0.6427723242610293,0.6717560905579236,2
last,Val,MAPE,9887,2.262667921451829,2.2652919469201653,0.029176857732482603,2.213544293588416,2.320840557620877,2
last,Val,R2,9887,0.8443205671460506,0.8438301879954185,0.006187690046389406,0.8332388753278307,0.8550129747963449,2
last,Val,MSE,9887,1.1199160442127443,1.1148072690100934,0.046981457446409844,1.0451620625382572,1.2189260685677417,2
last,Val,MAE,9900,0.7431717252249668,0.7426508647398513,0.006399190180111727,0.7320771521028845,0.7555704785115789,3
last,Val,MAPE,9900,2.303279221428238,2.3051340247598953,0.019007740610518502,2.2669804091105537,2.340478227370209,3
last,Val,R2,9900,0.5701500037014078,0.569668682512771,0.009380843860611715,0.551712815436053,0.5862112748900448,3
last,Val,MSE,9900,0.9857904035218301,0.9850687169800927,0.019468435280185742,0.9542603731122375,1.0254134588723935,3
last,Val,MAE,18,0.8222221798366971,0.8083332872390747,0.16101242665320895,0.5070832596884832,1.0611112131012816,4
last,Val,MAPE,18,8.758429193929784,8.867880423521418,2.2698048655530747,5.281108236025636,14.12103115497324,4
last,Val,R2,18,0.579050014420304,0.5257933701157496,0.14642195519391604,0.2383645315875344,0.8198932664900928,4
last,Val,MSE,18,1.1988889863757024,1.2154556551404525,0.5579416559301236,0.517791553921245,2.28575050560644,4
last,Val,MAE,9948,38.15565942903096,38.048978689183755,0.5137316589602636,36.98027995577001,38.95415535786088,5
last,Val,MAPE,9948,17.61188939931173,17.585108194985327,0.28504158074314756,17.0758355227316,18.17797059654114,5
last,Val,R2,9948,0.6802766160459226,0.6803718252986128,0.010965517141425239,0.6597238546374636,0.7011027874079455,5
last,Val,MSE,9948,3724.4242310012064,3717.470156564134,106.7878034213471,3550.598884826096,3931.7433479091274,5
last,Val,MAE,9903,0.2957326073508353,0.29539138236876916,0.0029937985709293335,0.29021180544364916,0.30100946811567736,6
last,Val,MAPE,9903,7.776669979395195,7.778778503644024,0.07973691322422279,7.635976608793233,7.924372898209434,6
last,Val,R2,9903,0.709703926343666,0.7096323033209166,0.007764586179568626,0.6940202339839754,0.7219232697452945,6
last,Val,MSE,9903,0.18706023426403762,0.1867065037824755,0.004895636851795442,0.17661619607168,0.19483897804037742,6
last,Val,MAE,9879,0.6062303911470331,0.605243854886644,0.008369236728352946,0.5893473559659627,0.6197311214233098,7
last,Val,MAPE,9879,3.956523704462279,3.9489642627091546,0.05157904067890752,3.853223280553254,4.054990593115679,7
last,Val,R2,9879,0.8041539797617578,0.8044738912658878,0.008223480653185858,0.7859246708710561,0.8189430820706536,7
last,Val,MSE,9879,1.198213131435027,1.1990539099802024,0.04784912640706975,1.1053066602479407,1.2861094846074164,7
last,Val,MAE,10215,2.0574552103526966,2.057954397638938,0.02087966011174556,2.0230282805113706,2.098348551928027,8
last,Val,MAPE,10215,39.62232884247845,39.82076591810246,1.4171722906085102,36.78348389170555,42.74693224252039,8
last,Val,R2,10215,0.2613782917942308,0.2626632045182063,0.026669635158566563,0.20776755900599747,0.3062148097956837,8
last,Val,MSE,10215,10.4062539977276,10.414429015906435,0.2537740207474299,9.909893388812693,10.939087775071334,8
last,Val,MAE,9889,1.9599909011388719,1.9615817609230155,0.02580756420164406,1.9138156054173987,2.014195314747389,9
last,Val,MAPE,9889,2.154913953287887,2.152810553530795,0.029967000805430324,2.103018908468212,2.216838521564036,9
last,Val,R2,9889,0.8147496543473648,0.8134075112892131,0.007288626869469919,0.7990285818591358,0.8276813127672769,9
last,Val,MSE,9889,9.311971047079966,9.329723237015076,0.36250775767853544,8.707351529692188,10.171529646360097,9
last,Val,MAE,9351,2.333814565287135,2.3313351513207143,0.021157261844517657,2.2922842476740457,2.374123088439739,10
last,Val,MAPE,9351,1.6805920262701552,1.679566980475438,0.015248212918733762,1.6500108586014886,1.7089580713461014,10
last,Val,R2,9351,0.3823027197985801,0.38217592735869826,0.015858722523161686,0.3474506072588288,0.413815484581293,10
last,Val,MSE,9351,9.708774462624318,9.737078119987165,0.1976957317435595,9.39348198053684,10.141563068121057,10
last,Val,MAE,9459,0.3693677979552074,0.3689828736077077,0.0036900298869623014,0.36190902866499536,0.3755916322275755,11
last,Val,MAPE,9459,8.748734895889466,8.747211585162665,0.09688725915758754,8.55703339740033,8.907063316141711,11
last,Val,R2,9459,0.082915997966163,0.08120397593576159,0.020908628951249467,0.03747635803463611,0.12189754175654885,11
last,Val,MSE,9459,0.24511761433406087,0.24465422778465915,0.004663489170434479,0.2349916429881741,0.252219217716256,11
last,Val,MAE,9249,2.508973943128987,2.5083203589577248,0.024538373982749977,2.4609160449778353,2.5523813385230834,12
last,Val,MAPE,9249,2.471172837062035,2.4660932264764073,0.0220475168629408,2.4240244680673424,2.506238078515617,12
last,Val,R2,9249,0.4858190066908923,0.48652031320268924,0.014195060090472153,0.45674500890350794,0.5135596783235684,12
last,Val,MSE,9249,11.99078278732836,12.035907395394098,0.2986436606257262,11.43856295275165,12.605280976321765,12
last,Val,MAE,8987,2.1735284299543784,2.173890063424947,0.02207394113585751,2.1335470679870925,2.2146739735173027,13
last,Val,MAPE,8987,9.012844813696468,9.034282331265374,0.11182754262232436,8.824901695478722,9.226297832769362,13
last,Val,R2,8987,0.4676886766708094,0.46987334695674926,0.013657689373940253,0.4437496068972961,0.4974974589785584,13
last,Val,MSE,8987,8.869895404473128,8.897983754311783,0.197688718581179,8.556250695448982,9.259851034828085,13
last,Val,MAE,9574,4.507938165865887,4.5047346981407985,0.05207387270355975,4.410772665552538,4.6108314184249,14
last,Val,MAPE,9574,23.19065454413234,23.199821947802032,0.26059760213427213,22.765370680107814,23.7311553843538,14
last,Val,R2,9574,0.75874359300674,0.759004328473067,0.00803134221495234,0.7453853188352942,0.7778333602866021,14
last,Val,MSE,9574,49.71871735951535,49.72285251723418,1.7555434176006113,46.185734802590346,52.50010967202841,14
last,Val,MAE,9774,0.1321163289973115,0.13227490786838067,0.0020680408243478362,0.12793570975131763,0.13591313679034248,15
last,Val,MAPE,9774,12.42750933493491,12.427946647035665,0.15093021724265523,12.189469236725065,12.733273964326852,15
last,Val,R2,9774,0.834791412225454,0.8334768204433566,0.007578520048746503,0.8156850411401556,0.8457143826301291,15
last,Val,MSE,9774,0.056236037220627366,0.05619288953056928,0.002971938375597082,0.051427701847887225,0.061780551155013026,15
last,Val,MAE,8824,23.146985494106982,23.190878286491383,0.283296928691864,22.622842531731642,23.63581850634633,16
last,Val,MAPE,8824,20.30303552137123,20.264171888957968,0.2646617195979507,19.773962269740124,20.701771356253168,16
last,Val,R2,8824,0.12832488391965313,0.1282127206141865,0.027017034127382426,0.06797873494130119,0.1782643682975877,16
last,Val,MSE,8824,1245.9567089755212,1244.4717891545783,33.338281381169395,1184.4592156334995,1310.0202692939708,16
last,Val,MAE,1568,0.5251594371333415,0.526042728402785,0.01570365856434308,0.5015959888240513,0.5572417066413529,17
last,Val,MAPE,1568,7.524581819034607,7.522194831537352,0.2567441842265342,6.9830261541346506,7.970814570508136,17
last,Val,R2,1568,0.5932517765634651,0.5941083600638506,0.028426333137050168,0.538338938463427,0.6489316111814433,17
last,Val,MSE,1568,0.7250621798330977,0.7214498881583867,0.05405101786776604,0.6319280619936571,0.8297055119652179,17
last,Val,MAE,7279,0.36708338350069886,0.36702822491205206,0.004388126664269305,0.3589606964927172,0.3756911936885856,18
last,Val,MAPE,7279,4.126717369714297,4.12071602387952,0.04876299757078429,4.0265926923317465,4.231136536480209,18
last,Val,R2,7279,0.4989607641514502,0.501881548683655,0.014332347185999248,0.4749308082557003,0.5274328054089115,18
last,Val,MSE,7279,0.2651689719211854,0.2656602409992521,0.006858414925720623,0.2530337672215955,0.2765396631505957,18
last,Val,MAE,4815,8.89055036344756,8.905218068535824,0.19759958201908162,8.527980269989616,9.3340005192108,19
last,Val,MAPE,4815,37.58680490772377,37.667821954666834,0.9177805059953936,35.65468536792774,39.11937442547295,19
last,Val,R2,4815,0.4360243941850823,0.4410045155394915,0.031675291928482605,0.3732372706241705,0.505270073446533,19
last,Val,MSE,4815,242.1159916926272,243.33295119418486,11.709672655027044,221.6385098650052,265.71939901349947,19
last,Val,MAE,37,48.2972972972973,48.845675675675665,11.307164948748001,30.388513513513512,72.89594594594593,20
last,Val,MAPE,37,55.63505048190153,57.749290692793174,16.72668398937208,31.25711219293552,92.34164494017287,20
last,Val,R2,37,0.5005622077371257,0.4661202482854201,0.24596160723346538,-0.09964901218254367,0.7923795199148609,20
last,Val,MSE,37,8140.513513513513,8394.10945945946,3567.7153632726418,2288.585810810811,16931.68716216216,20
last,Val,MAE,4691,8.747282029418034,8.767952462161587,0.16248569212652492,8.477443508846727,9.058505649115327,21
last,Val,MAPE,4691,29.76434527981779,29.73521494942539,0.6254593471753845,28.5965935735479,30.916845864719974,21
last,Val,R2,4691,0.4280417514703666,0.42614747141602033,0.025436359880183876,0.3717732479486233,0.47360399581673757,21
last,Val,MSE,4691,229.15034107866126,231.56257567682795,10.217515231396515,214.1674802813899,249.79987209550202,21
last,Val,MAE,1116,52.86648745519713,52.931478494623654,2.123286473313368,49.53366935483871,56.915479390681,22
last,Val,MAPE,1116,20.611340674046236,20.629267128012305,0.8934601521919435,19.062759085188578,22.385558362271226,22
last,Val,R2,1116,0.6153731808564653,0.6174086996454635,0.0405065983649692,0.5429886150085937,0.6961358866945806,22
last,Val,MSE,1116,7480.104838709677,7457.167724014336,699.4150688754754,6186.009251792115,8827.22076612903,22
last,Val,MAE,3845,2.3683485140261014,2.3596205551757614,0.058038407590387475,2.2525078025192835,2.4719938453679275,23
last,Val,MAPE,3845,12.673192848226883,12.693007883100547,0.2569791261497589,12.250939968355095,13.090623802646759,23
last,Val,R2,3845,0.5636167731847868,0.5652945231355173,0.019327154867492927,0.5316025826020189,0.6028899251687931,23
last,Val,MSE,3845,19.387879135142118,19.5288402237715,0.9363618285181663,18.076493269800423,21.22317824710044,23
last,Val,MAE,3986,18.673858504766685,18.64604992473658,0.44247347319765645,17.80872742097341,19.388469016557952,24
last,Val,MAPE,3986,17.36169698547866,17.370841509980334,0.393645477400585,16.592670195979053,18.192541072393865,24
last,Val,R2,3986,0.7067178256116265,0.7034175661134929,0.017098627011729272,0.6725395870881814,0.732126223038345,24
last,Val,MSE,3986,1055.5204465629704,1045.1839814350226,58.021576141171266,946.8591476417462,1169.9076329653788,24
last,Val,MAE,3586,0.19500836544050495,0.1945599550142992,0.004293391261448751,0.18722392657186837,0.20206462548395365,25
last,Val,MAPE,3586,33.31545389318622,33.22713164334169,0.7666442531546594,31.69217746779545,34.723378289585355,25
last,Val,R2,3586,0.6562713688366062,0.6554528717484572,0.02175198163447845,0.6097711226228001,0.6908402703612667,25
last,Val,MSE,3586,0.10900724979540406,0.10959750362326331,0.006171396476543886,0.09845855385283525,0.12171181222679336,25
last,Val,MAE,251,0.284980080279696,0.2861681280003126,0.037495151432516506,0.22811653321809264,0.3589800805395164,26
last,Val,MAPE,251,41.7390615708772,42.45074828162161,11.251695550086062,28.38320032342811,66.02677978618217,26
last,Val,R2,251,0.5200017400016475,0.5205815930972219,0.09793489828395728,0.33603566986588446,0.6946265057838584,26
last,Val,MSE,251,0.47393504763428573,0.46101576963990337,0.12957286748999444,0.265130073157435,0.7347414617859225,26
last,Val,MAE,2613,0.3266169095274319,0.3261850303914462,0.007290945245039364,0.31156476771767644,0.33759566767207516,27
last,Val,MAPE,2613,9.42500471230722,9.451837486689804,0.22065629431407915,9.050685235518916,9.878613795657973,27
last,Val,R2,2613,0.6741600870617517,0.6767019629495256,0.017149617804057146,0.6414544721305482,0.7081162603997598,27
last,Val,MSE,2613,0.23140929791466755,0.23099523349480036,0.009829397856289739,0.21181654021115257,0.24866475357515935,27
last,Val,MAE,723,0.442047040657054,0.44136446739133456,0.015036052063781422,0.40747926202222684,0.469991370025677,28
last,Val,MAPE,723,6.636971128382592,6.641199637014374,0.247171257198924,6.161598228668437,7.11931864889754,28
last,Val,R2,723,0.5054299877885464,0.4973757858351265,0.04956201109043222,0.4103724773918691,0.5796953511169469,28
last,Val,MSE,723,0.36728216646127543,0.36413244281802115,0.03198882647683867,0.3030419329222229,0.4282723935231229,28
last,Val,MAE,575,7.565304352161677,7.539727831298631,0.6642775626706078,6.320228268883151,8.758241290637656,29
last,Val,MAPE,575,156.7913511580737,155.5803292474818,17.39321358471693,125.56827982900097,186.4808217899067,29
last,Val,R2,575,0.04303545463092728,0.027314385068091685,0.17268354905694888,-0.2861177817851363,0.3040197270257781,29
last,Val,MSE,575,282.06659703180577,287.61419210894167,41.09383919042508,211.76561496286618,362.8523194908727,29
last,Val,MAE,1979,24.042698332491156,24.055631632137437,0.5452549404433719,22.97602956038403,24.8880684689237,30
last,Val,MAPE,1979,14.356104800568978,14.3515246432452,0.33312925968309304,13.778414845474556,15.052960739349404,30
last,Val,R2,1979,0.43721926961863034,0.4362073448754672,0.030666763880080904,0.3824525187045233,0.4911680255863771,30
last,Val,MSE,1979,1167.2421677614957,1170.1142407781708,55.23981451809364,1043.483542824659,1272.34807036382,30
last,Val,MAE,1940,7.148969072164949,7.1211701030927825,0.15761832749545082,6.784780927835051,7.431198453608247,31
last,Val,MAPE,1940,13.112722489062886,13.106329227676492,0.3212476267081416,12.524663594138755,13.780624421833318,31
last,Val,R2,1940,0.6824697993513966,0.6814750465544154,0.01727614766965393,0.6446053164299,0.7100135400320436,31
last,Val,MSE,1940,100.00360824742268,99.18249999999998,5.324236101922322,89.90947164948454,108.27935567010309,31
last,Val,MAE,1909,21.677579884756415,21.732663698271345,0.5045137789718778,20.62124148768989,22.56061419591409,32
last,Val,MAPE,1909,26.997387252431288,27.182770925754486,0.8955338094646279,25.522500267428125,28.640418139249096,32
last,Val,R2,1909,0.34736306987003873,0.34773716987490166,0.04083301720171374,0.27811240435253093,0.41871877978953964,32
last,Val,MSE,1909,965.3359088528025,960.672155578837,47.5799508794035,877.7984154007333,1075.7497806443162,32
last,Val,MAE,1760,43.928125,44.03589488636364,0.9562167307358829,42.211541193181816,46.02139204545455,33
last,Val,MAPE,1760,37.31970770274447,37.13189851036194,3.033534433862218,33.38791863076174,44.168029554096435,33
last,Val,R2,1760,0.24706686638144904,0.24473955719373242,0.043214462812425115,0.1431640477867999,0.3158546228690654,33
last,Val,MSE,1760,3944.441619318182,3962.695738636363,220.34730476440208,3563.9561931818184,4363.859996448864,33
334f7e21,Test,MAE,34075,2.0949365855697666,2.0952857898379103,0.011631681415857272,2.0745681655873995,2.1180804856433992,0
334f7e21,Test,MAPE,34075,6.224867487980248,6.22385277071634,0.040718094044387046,6.1518440817519275,6.299197103131527,0
334f7e21,Test,R2,34075,0.7879965934228905,0.7877410687290696,0.0028792050083898276,0.7816476772833989,0.7929147735431535,0
334f7e21,Test,MSE,34075,8.917424807522124,8.914136298917349,0.1039273561575043,8.738065577179288,9.129942426681309,0
334f7e21,Test,MAE,33508,0.6981436167936472,0.6982654640710736,0.003956242344207971,0.6915387783110163,0.70672765868624,1
334f7e21,Test,MAPE,33508,6.356901289904782,6.357668092302785,0.04127879266535269,6.280968629496489,6.439983157956109,1
334f7e21,Test,R2,33508,0.7938378277817535,0.794145197369206,0.003112770964245634,0.7878377145650414,0.8004441417985338,1
334f7e21,Test,MSE,33508,1.028809831444015,1.0297844737908846,0.015753842533447204,1.0036488994834483,1.0622050870812516,1
334f7e21,Test,MAE,33393,0.5354566553819713,0.5355368070825464,0.003078946868843938,0.5302265974830803,0.5418084827197821,2
334f7e21,Test,MAPE,33393,1.8360384827410228,1.837279841334788,0.012561161461466871,1.8103644637678629,1.8602495649732644,2
334f7e21,Test,R2,33393,0.8980760150533389,0.8981890679827904,0.0024880433988873937,0.8934152090591196,0.9027629620817618,2
334f7e21,Test,MSE,33393,0.6658122983485072,0.6628598910812125,0.014663394134474485,0.6311662732097965,0.6921249162995907,2
334f7e21,Test,MAE,33424,0.5790041927060993,0.5791113799065708,0.002411209406228475,0.5747459471325602,0.5838985803296771,3
334f7e21,Test,MAPE,33424,1.7846196081550283,1.7840462110609818,0.009657635948997361,1.7640580256848852,1.8014842072619175,3
334f7e21,Test,R2,33424,0.7241783349843194,0.725141043767863,0.003730047716719998,0.7186100621728615,0.7332441097741182,3
334f7e21,Test,MSE,33424,0.6178002156944045,0.6170017009312461,0.0069261130273718784,0.6039999327835263,0.6312118478169354,3
334f7e21,Test,MAE,74,0.6718982683645717,0.6928653745393498,0.09074205204186703,0.5201002325560599,0.8747116791235435,4
334f7e21,Test,MAPE,74,6.89334053033476,6.773777801205301,0.9307284103597081,5.1857355934316836,9.177596801973953,4
334f7e21,Test,R2,74,0.45226560825397455,0.41449256102853993,0.2757292879951509,-0.28564107206421074,0.7715518933683925,4
334f7e21,Test,MSE,74,1.1896089155134277,1.2027197013014597,0.4351417055801984,0.5641119656809698,2.1464982149260745,4
334f7e21,Test,MAE,33526,30.3277070410943,30.316555361789273,0.17511476884889624,30.01091432799902,30.67820782526569,5
334f7e21,Test,MAPE,33526,13.606413580416927,13.609331324447492,0.10325343753854899,13.400634476858748,13.780778049319107,5
334f7e21,Test,R2,33526,0.7901550142370475,0.790396998791755,0.004286023691863148,0.7828676598150283,0.798784650154597,5
334f7e21,Test,MSE,33526,2086.9597193924747,2086.281429349219,39.76269828025193,2011.4017770084365,2157.079235582379,5
334f7e21,Test,MAE,33427,0.23307944373694753,0.2328457789779562,0.0012275392337708576,0.23063872925540205,0.2352029939962695,6
334f7e21,Test,MAPE,33427,6.295192404528882,6.294520735055873,0.03925960204766344,6.225147456114495,6.367390917762649,6
334f7e21,Test,R2,33427,0.8092059420883946,0.8094962814126164,0.003028765949706223,0.8044871992226951,0.8160497579628977,6
334f7e21,Test,MSE,33427,0.11319166111278466,0.11313179068745416,0.0016576634797853447,0.1102087246535215,0.11613714521892338,6
334f7e21,Test,MAE,33391,0.4601146963270936,0.4592486546837927,0.00386511793365006,0.4511621945052344,0.4664792474155666,7
334f7e21,Test,MAPE,33391,3.0441195218102752,3.041043385944006,0.020852615551281376,3.0057352286218384,3.089578269715005,7
334f7e21,Test,R2,33391,0.8688642564347775,0.8686572012452554,0.003764968998570289,0.8613808389558998,0.8757552288146375,7
334f7e21,Test,MSE,33391,0.664561173306465,0.6629443691832401,0.019351002541960576,0.628932987111696,0.7026949301974565,7
334f7e21,Test,MAE,33927,1.4721665338988867,1.472030248480597,0.009176852147135562,1.4558362841569137,1.4916335243063694,8
334f7e21,Test,MAPE,33927,24.351731575923896,24.3598904424463,0.35986876931113,23.749252507625652,24.95940330179568,8
334f7e21,Test,R2,33927,0.6226163375215975,0.622174598875544,0.0063114711203815415,0.6120547455710231,0.634429119135533,8
334f7e21,Test,MSE,33927,5.12180942522293,5.111424955393667,0.09474453594759308,4.9682694343553235,5.307173886680251,8
334f7e21,Test,MAE,33393,1.6437930600989366,1.643799358244887,0.009397472009500342,1.6269432130986723,1.661248990097368,9
334f7e21,Test,MAPE,33393,1.8130052793794333,1.8134063370729854,0.010483858335034093,1.7952186171587057,1.8317184975452874,9
334f7e21,Test,R2,33393,0.8762262818268579,0.8764608927477444,0.002128755671958586,0.8720914138652639,0.8807346531674247,9
334f7e21,Test,MSE,33393,5.593471145113782,5.594671397147056,0.09899103329426404,5.397568030112328,5.7660898408974095,9
334f7e21,Test,MAE,30899,1.7634436926713186,1.7643217806385698,0.00885172521937774,1.7447167848490555,1.7784770231377505,10
334f7e21,Test,MAPE,30899,1.268648098149904,1.2683326002444852,0.006048246723965718,1.2587097426377791,1.2816039054895394,10
334f7e21,Test,R2,30899,0.6144384410050143,0.6146486603261325,0.0043384638183697555,0.6069312418415551,0.6236966946388607,10
334f7e21,Test,MSE,30899,5.353164225809924,5.364593693942665,0.05260650797771778,5.27540150461177,5.462091950833325,10
334f7e21,Test,MAE,31114,0.2794944733896591,0.2793946039016904,0.0013680615256476253,0.2769875146758474,0.28243591450549893,11
334f7e21,Test,MAPE,31114,6.6925773998856295,6.693664708957946,0.03568578093010613,6.6289470799107955,6.7668309741596335,11
334f7e21,Test,R2,31114,0.4477168230220009,0.4474554945182184,0.00678339726223619,0.4350390235567935,0.46170808964443855,11
334f7e21,Test,MSE,31114,0.13397057714545832,0.1341171453088037,0.001570497928655047,0.13121088558810534,0.1369923747065406,11
334f7e21,Test,MAE,30695,1.8722017724732658,1.8707919269915338,0.010379829177709764,1.8514589097115752,1.890659114628239,12
334f7e21,Test,MAPE,30695,1.838298261780018,1.8387960471143976,0.00936432900909542,1.8225160415248083,1.8559158902917188,12
334f7e21,Test,R2,30695,0.6840374432673932,0.6837291958906764,0.004373394492489057,0.6759883414402638,0.6924209104607995,12
334f7e21,Test,MSE,30695,6.360926901894313,6.364901431856043,0.08850122021523325,6.203434633289219,6.506937414811527,12
334f7e21,Test,MAE,30114,1.5169542627029942,1.517398298647312,0.008484069257121309,1.5020476797523747,1.5357379975955134,13
334f7e21,Test,MAPE,30114,6.265734654139364,6.266426123742713,0.04502400671794295,6.1717008120400445,6.356123953395435,13
334f7e21,Test,R2,30114,0.6945729268120935,0.6948305002919981,0.003806702403887958,0.6874282079352044,0.7013366800897927,13
334f7e21,Test,MSE,30114,4.310137737164579,4.307744104489161,0.06350749433568383,4.198297873999406,4.4449548703016415,13
334f7e21,Test,MAE,31702,3.300426990532678,3.2940388360192565,0.021515944951116337,3.254446376245143,3.3373361557407164,14
334f7e21,Test,MAPE,31702,18.467661041694342,18.46485334702515,0.1255091763244464,18.246167674012213,18.728668713826778,14
334f7e21,Test,R2,31702,0.8357549310325989,0.8360876941135267,0.003572538448115994,0.8287639033675256,0.842955221436434,14
334f7e21,Test,MSE,31702,28.172600877647547,28.2577345342318,0.6284232944315655,26.887806488096064,29.387680068919764,14
334f7e21,Test,MAE,32241,0.10585060213331379,0.10594003000535107,0.0008136057776899025,0.10447764735062748,0.10726818948451368,15
334f7e21,Test,MAPE,32241,10.6161326589472,10.61391189879387,0.06682488347658723,10.488314024228194,10.74481150474307,15
334f7e21,Test,R2,32241,0.8776383902693741,0.8774929926059675,0.0032362210667375877,0.871450876403969,0.8841573890279185,15
334f7e21,Test,MSE,32241,0.032204351198047605,0.03228028643938621,0.0008933169001876693,0.030778575122901778,0.03415137475437231,15
334f7e21,Test,MAE,30469,15.707425254179004,15.69435299188731,0.13298884436189004,15.421352713445083,15.921093824750239,16
334f7e21,Test,MAPE,30469,13.000606148225355,12.997908144282265,0.09401770006890434,12.828473977731127,13.17465494900624,16
334f7e21,Test,R2,30469,0.4837975052660717,0.4838894936281414,0.008135440017552103,0.46820889521057596,0.49809551640776584,16
334f7e21,Test,MSE,30469,658.8368861107449,658.0794346543776,10.62482639797597,639.3235039637286,679.124918749944,16
334f7e21,Test,MAE,8348,0.4152895241875824,0.4162133829860408,0.00531009102081248,0.4064945344797549,0.4259516368914176,17
334f7e21,Test,MAPE,8348,6.155234251986368,6.151157841256645,0.0912324171846578,5.984037497110706,6.302923972718732,17
334f7e21,Test,R2,8348,0.6400337057212299,0.640301415493387,0.013936446331342188,0.6146878318692192,0.6692943595968545,17
334f7e21,Test,MSE,8348,0.5559704305772909,0.5565164274794377,0.024012573501746945,0.5121772382709161,0.6059163510246682,17
334f7e21,Test,MAE,25328,0.29248212830446524,0.292649626994502,0.0015405704047564777,0.29014090255599423,0.2958922922686542,18
334f7e21,Test,MAPE,25328,3.2959777245629187,3.2951146309280954,0.0205315867139699,3.2547520901628118,3.334291803042901,18
334f7e21,Test,R2,25328,0.6585983883289175,0.659599402401617,0.005303062201627741,0.6482857470632601,0.6688183283038321,18
334f7e21,Test,MSE,25328,0.1625365961001862,0.16271681828605458,0.002576799373228226,0.15715885603234922,0.16689825211057333,18
334f7e21,Test,MAE,19364,7.175426614860739,7.164009430044029,0.07325007824690667,7.01252214921528,7.308538366912367,19
334f7e21,Test,MAPE,19364,27.97389341662259,27.96297814985521,0.3309590193612769,27.28799176288818,28.53126848140649,19
334f7e21,Test,R2,19364,0.6206576069144876,0.6200910765871238,0.009592614817244105,0.6019966491057569,0.637666984965956,19
334f7e21,Test,MSE,19364,159.64420288990704,159.5907589635093,3.9304916228656452,152.3890361827314,166.15439749326202,19
334f7e21,Test,MAE,18972,6.975290540876757,6.974946513443639,0.07085691545235855,6.821245172996197,7.097734433918997,21
334f7e21,Test,MAPE,18972,23.55958593951083,23.589269310659564,0.23299610683010127,23.13772780148196,24.046512464473928,21
334f7e21,Test,R2,18972,0.5841390359385482,0.5862952028876693,0.010958130454760996,0.5638275516921628,0.6059891506863063,21
334f7e21,Test,MSE,18972,150.7394682243534,151.40212229683348,3.6702289778515236,144.24943077157113,158.47819288799568,21
334f7e21,Test,MAE,16627,15.962158919413163,15.993066268746848,0.19124163905733982,15.624650075903887,16.337165325191766,24
334f7e21,Test,MAPE,16627,15.381320307452201,15.380791367323972,0.15499497759716913,15.13270912962408,15.684286783594352,24
334f7e21,Test,R2,16627,0.7364810046047452,0.7368551745564842,0.009143960827280652,0.7166478141318458,0.7505111817263252,24
334f7e21,Test,MSE,16627,821.7752619747309,822.6637826840987,27.71797794122928,767.3835445883751,870.8658927375593,24
334f7e21,Test,MAE,15434,0.15821318033572396,0.1584708580469286,0.001645803001666951,0.15544009960716446,0.1615179371559654,25
334f7e21,Test,MAPE,15434,28.279683737476706,28.28459942567348,0.3301363650498644,27.726096647243768,29.04541314367477,25
334f7e21,Test,R2,15434,0.7095673544793524,0.7098961810262111,0.0094838286023622,0.6915547826817753,0.7290548113318663,25
334f7e21,Test,MSE,15434,0.07200062094720781,0.07192063671011907,0.0022499641061381527,0.06786225063543277,0.07614237573182958,25
334f7e21,Test,MAE,1613,0.2850125720845714,0.2837140739455551,0.01401173147096247,0.2568528717516541,0.3097914208904583,26
334f7e21,Test,MAPE,1613,48.4757467747834,48.86258865508641,3.522640719003507,42.653283088970134,54.969540343583034,26
334f7e21,Test,R2,1613,0.5092009194152314,0.5165077862779479,0.03951539778815554,0.44633078140663807,0.588777323923384,26
334f7e21,Test,MSE,1613,0.4125105053993177,0.416883233113773,0.04401781764214057,0.32577977411005726,0.5098296543417724,26
334f7e21,Test,MAE,11900,0.28754735351610583,0.28755533226157437,0.003108885172526302,0.2816917201355726,0.29330007126551716,27
334f7e21,Test,MAPE,11900,8.515814117192559,8.52026109877168,0.10512214491525533,8.323195915644206,8.699307919230204,27
334f7e21,Test,R2,11900,0.7396369200352291,0.7407125541119849,0.006230418694648755,0.7279123332023266,0.751757847340873,27
334f7e21,Test,MSE,11900,0.17597841412667897,0.17563271304925013,0.0038179817119421517,0.16767493203733078,0.18198608909182729,27
334f7e21,Test,MAE,4578,0.3737939173813833,0.3734090842868419,0.005496746670286662,0.3641647546715276,0.3850671270311321,28
334f7e21,Test,MAPE,4578,5.648109872541193,5.654882088887294,0.09821139439268967,5.459824712447895,5.840058777135914,28
334f7e21,Test,R2,4578,0.5423916140527776,0.5440357886070519,0.01968109432353017,0.49657154417669114,0.5766215393040102,28
334f7e21,Test,MSE,4578,0.2795805669034672,0.2784402743197505,0.00971563540740952,0.2566735148921661,0.2973286309016938,28
334f7e21,Test,MAE,10279,20.24150124806028,20.258393380493256,0.1970374303083991,19.884239287969724,20.61899727258553,30
334f7e21,Test,MAPE,10279,11.94775576375591,11.962669534492559,0.11961343254074383,11.726368200498525,12.190658687727991,30
334f7e21,Test,R2,10279,0.5821620116322099,0.5827272971338623,0.012995577836616888,0.5565520321871643,0.6053071319416258,30
334f7e21,Test,MSE,10279,836.0335660992637,838.3236298170888,22.58312843506006,798.4716812208267,880.7355509053072,30
334f7e21,Test,MAE,10112,6.541554952865537,6.543979238173628,0.07048490204057749,6.413434651894849,6.668320474854989,31
334f7e21,Test,MAPE,10112,12.149901736863221,12.122096469120688,0.12975264772583872,11.897037756223456,12.390909169507692,31
334f7e21,Test,R2,10112,0.7312288663966915,0.7313886601582179,0.006957157824457362,0.7177106344532734,0.7454339059553068,31
334f7e21,Test,MSE,10112,86.7797405983923,87.12195344383497,2.0680118763300412,83.1526249295346,90.56324546705004,31
334f7e21,Test,MAE,9902,17.615770732771384,17.640613034006513,0.1887855340718896,17.230847946667136,17.96343149214989,32
334f7e21,Test,MAPE,9902,21.745361895642816,21.760901706397572,0.39191584971763305,21.166671353570287,22.573918529299885,32
334f7e21,Test,R2,9902,0.5574837603229899,0.556136497644205,0.012133668907509004,0.5336110307211358,0.5804115646419524,32
334f7e21,Test,MSE,9902,618.802468163556,620.0341156525011,15.228639873747811,592.4564892243635,649.3130603393759,32
334f7e21,Test,MAE,9690,35.918656977780465,36.015341424646756,0.46095909553771924,35.232613380939476,37.059620374929544,33
334f7e21,Test,MAPE,9690,28.51040330814599,28.503820817071094,0.34593411085401576,27.82575978264437,29.029402788307078,33
334f7e21,Test,R2,9690,0.4924489784740619,0.4907407744655308,0.014478659445093387,0.4605755646911739,0.5149578608448465,33
334f7e21,Test,MSE,9690,2941.879055183753,2942.7416408523923,90.58823547952404,2776.186661078392,3099.097643255692,33
334f7e21,Train,MAE,79713,2.0857620797012464,2.086864349776121,0.007800750423188652,2.070384926354972,2.0998713814827763,0
334f7e21,Train,MAPE,79713,6.216645212930016,6.218663492937984,0.02623995610247303,6.162448094009603,6.270417719255184,0
334f7e21,Train,R2,79713,0.7926118342018154,0.7927265138112116,0.002102750033088945,0.788962164347598,0.797397117588206,0
334f7e21,Train,MSE,79713,8.773701449754784,8.784085236724229,0.08112663782152953,8.640758537537543,8.936846939668126,0
334f7e21,Train,MAE,79760,0.6939917396488735,0.6938989464301344,0.002925896629319458,0.6884614975976131,0.6991094408786613,1
334f7e21,Train,MAPE,79760,6.34514045020209,6.3462114727619765,0.02427551905600101,6.301819946641981,6.3852486024984145,1
334f7e21,Train,R2,79760,0.7999214636562241,0.8000517128177154,0.0017012743140767616,0.7970039659271119,0.8034167299008929,1
334f7e21,Train,MSE,79760,1.0083036132632814,1.0082266012034973,0.010017521436100808,0.9910075072910405,1.0302852411357228,1
334f7e21,Train,MAE,79801,0.5365700536684811,0.5365636468136518,0.002069017065871021,0.5325808946824107,0.540521847654561,2
334f7e21,Train,MAPE,79801,1.8378987773480546,1.8387479981703965,0.0072711676720862,1.826234828342387,1.8546657116981793,2
334f7e21,Train,R2,79801,0.8998852882598356,0.8998136307402136,0.0015992456016940802,0.8963260504222323,0.9025207891156815,2
334f7e21,Train,MSE,79801,0.6564748341412526,0.6575558844529926,0.01084853652184965,0.635416113902056,0.6765498097158016,2
334f7e21,Train,MAE,79433,0.5759420157538413,0.5759632769089972,0.0018517926483406658,0.5726310431174602,0.5795313813983429,3
334f7e21,Train,MAPE,79433,1.775572698822403,1.7759729897487373,0.006128471750790114,1.7634518684351113,1.78812707269265,3
334f7e21,Train,R2,79433,0.7323642186842287,0.7326167426834601,0.00240052402463759,0.7284737791163222,0.737076013436522,3
334f7e21,Train,MSE,79433,0.6092974440106464,0.6102459054329578,0.004871899659516234,0.6008375506926549,0.6199779280265771,3
334f7e21,Train,MAE,79376,0.197059165365728,0.1975183894708255,0.000943981736403752,0.19558127639386044,0.19937115386053317,4
334f7e21,Train,MAPE,79376,1.9645587758442784,1.9672009775307047,0.01114198139501808,1.944498612982256,1.9874657692234843,4
334f7e21,Train,R2,79376,0.9309928786229216,0.9309519561091514,0.0010213625876540511,0.9290908522865062,0.9328134864878129,4
334f7e21,Train,MSE,79376,0.1359170377290227,0.13573700452738657,0.0015533744410685022,0.1330337819184398,0.1383553382916206,4
334f7e21,Train,MAE,79872,29.548352890015128,29.543333463894786,0.10899177689531385,29.34516081728268,29.752911395757184,5
334f7e21,Train,MAPE,79872,13.694036635365622,13.687344663079989,0.1290086526577058,13.452361155523837,13.918473974190846,5
334f7e21,Train,R2,79872,0.8060870497644907,0.8059943907285644,0.00219105650848148,0.8013523199011982,0.8099190735275544,5
334f7e21,Train,MSE,79872,1946.6392598201444,1946.9833759697315,22.886371938896406,1906.0490011941847,1996.142618984044,5
334f7e21,Train,MAE,79452,0.23162488667187012,0.23163635502195168,0.0007618104874746384,0.23014794299398214,0.23304960364050578,6
334f7e21,Train,MAPE,79452,6.270050704823442,6.273438056888325,0.028119950645973606,6.215391042069822,6.321353604525455,6
334f7e21,Train,R2,79452,0.8131125529270082,0.8130129024677405,0.0018225188602678764,0.8101014446594927,0.8170779185336599,6
334f7e21,Train,MSE,79452,0.11100101197405056,0.11093671887402533,0.0009697821563825229,0.10886852712691895,0.11257550596698288,6
334f7e21,Train,MAE,79315,0.4526390428464334,0.4524549204370589,0.002116247075514737,0.44913067350890773,0.4562927305218191,7
334f7e21,Train,MAPE,79315,3.00358417492696,3.0023009440829775,0.013527729311918918,2.978977045322682,3.0275477893485143,7
334f7e21,Train,R2,79315,0.8768680855622394,0.8768994720351995,0.0020528465774380974,0.8731070200695024,0.8803083727050577,7
334f7e21,Train,MSE,79315,0.623851125187732,0.6236728610977135,0.01044219736319663,0.6040730555724404,0.6459361055467686,7
334f7e21,Train,MAE,79355,1.466418642659947,1.4664359116144998,0.005789366149073807,1.4552934306140803,1.4776783743305701,8
334f7e21,Train,MAPE,79355,24.39340330355006,24.35655092671667,0.21143523316901222,23.997092478964046,24.79474153913743,8
334f7e21,Train,R2,79355,0.6262485583373075,0.6267752241379582,0.004187405870458417,0.6180776175751581,0.6350287565204631,8
334f7e21,Train,MSE,79355,5.032246507432529,5.0334316616953485,0.05079641434673137,4.935923689795888,5.130481321029881,8
334f7e21,Train,MAE,79727,1.6320070366269304,1.6311540093885395,0.006748814785770658,1.6186456297342475,1.6434049664708537,9
334f7e21,Train,MAPE,79727,1.8007896330446824,1.8009257074303502,0.006769638880547798,1.7869524864550923,1.811983917804098,9
334f7e21,Train,R2,79727,0.8767001539341256,0.876892716247484,0.0015664429493100112,0.8739914059906527,0.8799188999884363,9
334f7e21,Train,MSE,79727,5.5271450564165105,5.5217945608895525,0.0570302944914218,5.3969344497590015,5.609259929075338,9
334f7e21,Train,MAE,78983,1.775814404091629,1.7772553981116765,0.005477909924136882,1.7680270979760435,1.788032413288171,10
334f7e21,Train,MAPE,78983,1.2771841661831493,1.2770830933755737,0.0038331587739900597,1.270073986786759,1.2848233741923671,10
334f7e21,Train,R2,78983,0.5985705526816607,0.5987349886670088,0.0033805519239165993,0.5924961592943438,0.6050990485370176,10
334f7e21,Train,MSE,78983,5.485629337640326,5.488287219473795,0.04624999752149054,5.409022556911007,5.582697874652964,10
334f7e21,Train,MAE,79207,0.2810798176056715,0.2811346408982409,0.0009178705384100184,0.27950998102280494,0.2828121865281209,11
334f7e21,Train,MAPE,79207,6.725686220527017,6.723089285173111,0.020076163160186643,6.691263161737494,6.765945908182126,11
334f7e21,Train,R2,79207,0.4516796231657936,0.4513718638954278,0.004192579703480837,0.44335012505952737,0.4597587651827491,11
334f7e21,Train,MSE,79207,0.1351404164892122,0.1350479597814156,0.0009352236245781378,0.1334608744809607,0.13686506984439747,11
334f7e21,Train,MAE,79456,1.8505765043628153,1.8511279690174436,0.006019526691544482,1.838521602715017,1.8621734405903387,12
334f7e21,Train,MAPE,79456,1.8161883791894737,1.8147691013828282,0.005985507216658513,1.8042815820593925,1.825730839260765,12
334f7e21,Train,R2,79456,0.6972669521138413,0.6973062612303422,0.0024870741308767952,0.69241880789884,0.701900017144396,12
334f7e21,Train,MSE,79456,6.199049076233427,6.200111948278765,0.04925993777047832,6.111179624616024,6.292740494503666,12
334f7e21,Train,MAE,79158,1.5282992176453098,1.5282246011209306,0.005915722878134106,1.5174052969779719,1.5404805995677728,13
334f7e21,Train,MAPE,79158,6.286389228654844,6.282206039753293,0.02684210087517171,6.235517313696468,6.3315895104118605,13
334f7e21,Train,R2,79158,0.6888158589868699,0.6884493936483984,0.0030882935409029164,0.6821188175545976,0.693614370783594,13
334f7e21,Train,MSE,79158,4.3801306070153565,4.379230253073066,0.03686868570342426,4.3085795199688155,4.449511723530268,13
334f7e21,Train,MAE,79191,3.3248003070042644,3.3251831435756203,0.014368105072073851,3.298730402348487,3.3562206139845303,14
334f7e21,Train,MAPE,79191,18.606864553920445,18.601334603774593,0.06968248886801659,18.45399829945992,18.70403305468712,14
334f7e21,Train,R2,79191,0.8249920704054254,0.8249329827507756,0.002164436907553364,0.8203333322265802,0.8291726455302252,14
334f7e21,Train,MSE,79191,29.55100597778353,29.550621572076384,0.47851704093633507,28.89670593923324,30.696475279418625,14
334f7e21,Train,MAE,79564,0.10745983339797814,0.1074699170161019,0.0005463203800740817,0.1066302766539897,0.10853573304650083,15
334f7e21,Train,MAPE,79564,10.685586336974112,10.684545832963352,0.044721863577322274,10.605733911682483,10.76512477778584,15
334f7e21,Train,R2,79564,0.8743016428322239,0.8740218654316684,0.002211412960146344,0.8693617549099831,0.8778945760919917,15
334f7e21,Train,MSE,79564,0.03368827632665038,0.03372728315747032,0.0005953681006874611,0.03255379429141069,0.034748135978594975,15
334f7e21,Train,MAE,79483,15.447657034738272,15.446536211920375,0.061669415265955,15.334899697925232,15.570913701413609,16
334f7e21,Train,MAPE,79483,12.752981525918845,12.756736731723597,0.05862810845701052,12.636415740638677,12.871754107584238,16
334f7e21,Train,R2,79483,0.5038424192582089,0.5038816046238761,0.005068582639330803,0.49509196260614013,0.5117137991140452,16
334f7e21,Train,MSE,79483,636.5018703193921,636.1214053733444,5.9728827674016,627.780264787374,648.7716428217856,16
334f7e21,Train,MAE,79481,0.39419806333086804,0.39402197810523387,0.0020489950333219347,0.3901104103762818,0.39743253247551397,17
334f7e21,Train,MAPE,79481,5.8574433118483835,5.855505090452242,0.026167881667212827,5.809359880628997,5.903935806421179,17
334f7e21,Train,R2,79481,0.6882602652261367,0.6886532638284829,0.003461001866089624,0.681877034273481,0.6955455862193971,17
334f7e21,Train,MSE,79481,0.4761762009958634,0.4756592339808882,0.005660366631834146,0.4639950874321947,0.48744295419105765,17
334f7e21,Train,MAE,79847,0.2907315643315611,0.29057071213456653,0.001004085760013376,0.2888764442538406,0.2923319559692269,18
334f7e21,Train,MAPE,79847,3.273896193307197,3.2730919482293923,0.01152553584039857,3.2506442832997924,3.298857969943103,18
334f7e21,Train,R2,79847,0.6660371604238213,0.6654379489602387,0.0028584937243286116,0.6601702975833544,0.6711577571940696,18
334f7e21,Train,MSE,79847,0.16124475243910663,0.16130812302573763,0.001368723948732815,0.1588986248074232,0.16406585296434614,18
334f7e21,Train,MAE,79430,7.086058979380811,7.08593719918689,0.03164786332939291,7.021770355036175,7.135359657793603,19
334f7e21,Train,MAPE,79430,27.897190446311228,27.89730054010611,0.1582288296164598,27.57254657445692,28.184073771976387,19
334f7e21,Train,R2,79430,0.6094723994796952,0.6089691353714829,0.005284158671332286,0.5997827349477265,0.620141364587476,19
334f7e21,Train,MSE,79430,156.06659488782935,156.11792557104008,2.2066372284673603,151.62884466456953,159.49365414762696,19
334f7e21,Train,MAE,79341,6.782817270710663,6.7808106448912655,0.034537174023591,6.708940839402651,6.847597244406508,21
334f7e21,Train,MAPE,79341,23.18906993112734,23.192458854254923,0.10190294369189608,23.013400133299253,23.407376465324624,21
334f7e21,Train,R2,79341,0.6077833416007149,0.6078000736516961,0.004786689559991832,0.5987537158898112,0.615652444505153,21
334f7e21,Train,MSE,79341,140.75265511475547,140.99485171977906,2.089399408695595,137.0587013560936,145.15281631863482,21
334f7e21,Train,MAE,79528,15.441976162104428,15.44127344789141,0.08693116528392948,15.252304953095683,15.58601198960551,24
334f7e21,Train,MAPE,79528,15.023353712344772,15.014672333006208,0.07247857488074336,14.875901726506742,15.159481305093738,24
334f7e21,Train,R2,79528,0.7551119739411786,0.7547594760282854,0.003402263826345262,0.7475544962200934,0.7608219460366732,24
334f7e21,Train,MSE,79528,764.136561372591,764.4939466118824,12.582490888561894,739.8633396742572,785.1650147077149,24
334f7e21,Train,MAE,79662,0.15832017215102032,0.15835403938477266,0.0008000109393383192,0.15680759839213856,0.15988038416653028,25
334f7e21,Train,MAPE,79662,28.19107162980192,28.157064163294834,0.13535173416425447,27.89102214759176,28.392159223034525,25
334f7e21,Train,R2,79662,0.7021798660087016,0.7022243292812647,0.00486535936614635,0.692564221465661,0.710674163106128,25
334f7e21,Train,MSE,79662,0.07369112955654035,0.07363172593936369,0.0011275692633931505,0.07156747696778298,0.07573646941989907,25
334f7e21,Train,MAE,79566,0.26847946442966314,0.26827901483948396,0.0020907430221788533,0.26390497050045425,0.2721165177253096,26
334f7e21,Train,MAPE,79566,44.193324924665085,44.19104508775856,0.4496975095297067,43.355678533402035,45.07313696805311,26
334f7e21,Train,R2,79566,0.5551587791686265,0.5542004793242358,0.005111078747545706,0.546486739664894,0.5643268107623791,26
334f7e21,Train,MSE,79566,0.36830935386041647,0.368768308997495,0.004811230751910771,0.35970446509598447,0.3788138112705311,26
334f7e21,Train,MAE,79954,0.29035307649441666,0.29047304671367785,0.001158332621224905,0.2886987175837651,0.29276229511938706,27
334f7e21,Train,MAPE,79954,8.620205474813064,8.624530131520402,0.04022220838435768,8.543554580687024,8.69883404685759,27
334f7e21,Train,R2,79954,0.738056365627241,0.7380782449220318,0.002526574452048093,0.7327643228359346,0.7428971309238112,27
334f7e21,Train,MSE,79954,0.179838529171544,0.1798921975153732,0.0014933056843322154,0.17724403929137275,0.18275668008372353,27
334f7e21,Train,MAE,79188,0.37849604684836746,0.37840680512357316,0.0013157552339179172,0.3756427035597519,0.380968020201458,28
334f7e21,Train,MAPE,79188,5.700940772697615,5.702143065127039,0.02411055684972085,5.661103192891368,5.749260727304575,28
334f7e21,Train,R2,79188,0.5343265301225646,0.5344151917153098,0.00458643803326967,0.5273825166772257,0.5437121318680102,28
334f7e21,Train,MSE,79188,0.28696091555074765,0.28703295211808827,0.002563508211810167,0.2822690187230575,0.2914437987101986,28
334f7e21,Train,MAE,79748,19.84382323890606,19.84120877753195,0.0749042516076274,19.679371798246564,19.99499164153743,30
334f7e21,Train,MAPE,79748,11.813663714623793,11.817459951028386,0.049668948345301396,11.727151149864843,11.926123658097803,30
334f7e21,Train,R2,79748,0.592358421834247,0.5927446618833531,0.004173433666314233,0.5839418449071105,0.6005671338766722,30
334f7e21,Train,MSE,79748,811.1766561289417,810.36847508856,8.041715669605129,793.7066234115464,826.833979058351,30
334f7e21,Train,MAE,79356,6.5923687019525525,6.591581969992925,0.02399440886826445,6.542543672911056,6.635067786893223,31
334f7e21,Train,MAPE,79356,12.402782549515388,12.404595212877469,0.06623587002583958,12.282323801132026,12.558176971596385,31
334f7e21,Train,R2,79356,0.7188804087464995,0.7196532980770971,0.0029859743794716626,0.7112115951240404,0.7243678584117991,31
334f7e21,Train,MSE,79356,90.16589819644261,90.0995265118634,0.9105358795980861,88.33309735889416,91.78994835284449,31
334f7e21,Train,MAE,80057,17.503214974668253,17.493963446411694,0.05812493864941742,17.370833318852668,17.591457672395627,32
334f7e21,Train,MAPE,80057,21.814988115390737,21.797883527681243,0.11779265052153501,21.563647763467355,22.014645540363677,32
334f7e21,Train,R2,80057,0.5467133555056056,0.5475920576463008,0.003899770623787602,0.5397114021199885,0.5544730984736947,32
334f7e21,Train,MSE,80057,620.2826741663312,619.8426768802236,5.979670673601647,608.0253642418098,630.3392209219892,32
334f7e21,Train,MAE,79312,35.483961841578875,35.48714352518657,0.14629956406855144,35.21524906707418,35.726063882643935,33
334f7e21,Train,MAPE,79312,27.85936885236562,27.85464016855414,0.12913841682893357,27.60103903204695,28.074522257527494,33
334f7e21,Train,R2,79312,0.48735165007556125,0.48714620896308886,0.004683109223210235,0.47950669138394236,0.4961760798420987,33
334f7e21,Train,MSE,79312,2905.5291954736767,2906.070736766571,25.671220065785363,2860.929418017215,2952.043401294342,33
334f7e21,Val,MAE,17037,2.116566196996267,2.1176342455607635,0.017475909056464557,2.083697362665966,2.1501884771077684,0
334f7e21,Val,MAPE,17037,6.318423128240385,6.321007838247467,0.05947445996742344,6.200954905954056,6.4356547417949646,0
334f7e21,Val,R2,17037,0.7815392769311138,0.781458441044577,0.004606271712153388,0.7723494014288071,0.7895607745078511,0
334f7e21,Val,MSE,17037,9.191604184379365,9.196942173851573,0.17715259393973207,8.820918453665811,9.483500032264345,0
334f7e21,Val,MAE,16754,0.6953952809827089,0.6955902102597791,0.005265024586565538,0.6844410206276291,0.7051072221415217,1
334f7e21,Val,MAPE,16754,6.364005077564314,6.377069565219554,0.05626105513194246,6.267238225897705,6.496166634486317,1
334f7e21,Val,R2,16754,0.7985268675561772,0.7981188428534622,0.003906113560976693,0.7914309369251546,0.8068477504954245,1
334f7e21,Val,MSE,16754,1.0124635424074082,1.01127683333606,0.019184603431049687,0.9770045214795892,1.0488775517402802,1
334f7e21,Val,MAE,16696,0.526959340996187,0.5261144386276883,0.004177032164529621,0.518560681636675,0.5347355872007095,2
334f7e21,Val,MAPE,16696,1.8041351649870099,1.8052212808319796,0.017017640042666458,1.7773120138739809,1.8417403745790346,2
334f7e21,Val,R2,16696,0.9067881881863205,0.9067796751423424,0.0026519283687775545,0.9022294045501095,0.9115855915772567,2
334f7e21,Val,MSE,16696,0.6099567670009841,0.6095336604492527,0.016902140626945526,0.5707577258374184,0.6379475854750658,2
334f7e21,Val,MAE,16713,0.5779765641561625,0.5782732869877905,0.004355111110466783,0.5699283182874214,0.5851340752490182,3
334f7e21,Val,MAPE,16713,1.7826587544597914,1.7832844213120926,0.011530838008969868,1.761534200136532,1.8071021071511968,3
334f7e21,Val,R2,16713,0.7301583829482888,0.7305299705553768,0.0045549321492418995,0.7208955631656738,0.7393349712562964,3
334f7e21,Val,MSE,16713,0.6076785033780476,0.6071254976201046,0.010140027705149079,0.5870746843536316,0.6257622155323114,3
334f7e21,Val,MAE,37,0.5400445783460465,0.5422273298212001,0.06166635829577732,0.41986098869426847,0.6541364060865866,4
334f7e21,Val,MAPE,37,5.3283948420460705,5.402218006347714,0.7377120583374179,4.005480284446015,6.9558304519184375,4
334f7e21,Val,R2,37,0.7705779389362106,0.7293471799691741,0.10046057696656269,0.4893893187178807,0.8773379991312815,4
334f7e21,Val,MSE,37,0.45711464672197255,0.4653398603215851,0.10626427058298253,0.2986923547215972,0.6805658194008766,4
334f7e21,Val,MAE,16763,30.214666171552658,30.23518148264936,0.26555775273849597,29.790922435554723,30.760696188332407,5
334f7e21,Val,MAPE,16763,13.833842653434958,13.825199795834132,0.17117602522259107,13.49188336262302,14.125470975243879,5
334f7e21,Val,R2,16763,0.7947246756883651,0.794950630700987,0.00540559928666231,0.7846010445153571,0.803969988577812,5
334f7e21,Val,MSE,16763,2047.7416023455335,2046.4272544705475,54.30312499999356,1940.2819468978544,2149.6444872641223,5
334f7e21,Val,MAE,16714,0.231065464052584,0.2311784768920489,0.0017203607376933517,0.22774756646771827,0.234142566408547,6
334f7e21,Val,MAPE,16714,6.244735252389052,6.242960595567056,0.06936019770543994,6.114629021220795,6.36990143084846,6
334f7e21,Val,R2,16714,0.8141227772990823,0.8139777474132857,0.004419200589202371,0.8067316295300778,0.8221152762733227,6
334f7e21,Val,MSE,16714,0.11174551670228408,0.11157834473965038,0.0026277108139274074,0.10744085305860492,0.11653823879803936,6
334f7e21,Val,MAE,16696,0.45782478688490924,0.4578382173313384,0.0056468229386306655,0.4476317523624775,0.4698680178837509,7
334f7e21,Val,MAPE,16696,3.0350441802313557,3.0340650635640407,0.032028248567113976,2.9740392898180303,3.1003925615921006,7
334f7e21,Val,R2,16696,0.8743807525186066,0.8747298392860579,0.00428458885916853,0.8668680306342167,0.882011288003158,7
334f7e21,Val,MSE,16696,0.6436976790412221,0.6403275653615927,0.021826184580666735,0.6033853307474176,0.6814598798483746,7
334f7e21,Val,MAE,16964,1.4520367424951792,1.450335930947489,0.014344754022041103,1.425207473288438,1.4794697491836837,8
334f7e21,Val,MAPE,16964,24.28736607841865,24.244835803430462,0.4377146457346065,23.44635291124772,24.99995319682883,8
334f7e21,Val,R2,16964,0.6279770375425416,0.6279710673481617,0.010344078699603772,0.6051473991860806,0.645458863412929,8
334f7e21,Val,MSE,16964,4.9331629412060245,4.95485183027841,0.10989748221498624,4.740227475956764,5.146509169997702,8
334f7e21,Val,MAE,16696,1.6461807238638657,1.6453511361911302,0.012416990409063184,1.6206140797619164,1.668633115582907,9
334f7e21,Val,MAPE,16696,1.8174305630766483,1.8168489462841935,0.014968325511008324,1.7936430560570664,1.8465209560987002,9
334f7e21,Val,R2,16696,0.876283237568327,0.8762782391958724,0.002916924680116453,0.8718248787922783,0.8828217397401316,9
334f7e21,Val,MSE,16696,5.571352112936078,5.575236606262396,0.10412937830032344,5.362477756375655,5.746686591516198,9
334f7e21,Val,MAE,15449,1.7929898949145993,1.793394020969979,0.013324373573486287,1.77109312622576,1.8173161273249856,10
334f7e21,Val,MAPE,15449,1.2896068632730227,1.2892975116709926,0.009469131163268064,1.272462251424673,1.3082600649364386,10
334f7e21,Val,R2,15449,0.6043752730171509,0.604292689186954,0.008728651941884737,0.5889939116164735,0.6231913561130554,10
334f7e21,Val,MSE,15449,5.508080317721678,5.504985173683115,0.0928989666432042,5.34002591001922,5.660596352097957,10
334f7e21,Val,MAE,15557,0.2813544995513345,0.2814447800045096,0.0020031773073637296,0.2778033485639108,0.2852129593406306,11
334f7e21,Val,MAPE,15557,6.732638616088035,6.731553349535371,0.04802211097089118,6.643908139346633,6.816097675387365,11
334f7e21,Val,R2,15557,0.4450806838949998,0.44622952176386255,0.009066564348848385,0.4282693332083105,0.46374518093085954,11
334f7e21,Val,MSE,15557,0.13505146199699875,0.13475191843117146,0.0021197651838402087,0.13032342049320766,0.1393192381807634,11
334f7e21,Val,MAE,15347,1.872519270576949,1.8716469060095344,0.014661826455519016,1.8463992925857562,1.9022051869319876,12
334f7e21,Val,MAPE,15347,1.8372705143705457,1.8341880158346384,0.01377499111525911,1.805663470221037,1.8581071833781038,12
334f7e21,Val,R2,15347,0.6884939497427817,0.689573513481283,0.006631956144733758,0.6760858891841148,0.7015095799574308,12
334f7e21,Val,MSE,15347,6.283116174521323,6.282104723662522,0.11932362345345708,6.0726190423775686,6.496276003778151,12
334f7e21,Val,MAE,15058,1.508935630171086,1.5104465203697517,0.01122433786950772,1.4906336814636159,1.5314018083166547,13
334f7e21,Val,MAPE,15058,6.23317846016875,6.234722929273622,0.05678916877647577,6.140445580641773,6.332835455319867,13
334f7e21,Val,R2,15058,0.6981829453801343,0.698588567733122,0.005642691991858345,0.6867019485369964,0.7090670962482262,13
334f7e21,Val,MSE,15058,4.272958369884093,4.265832907956394,0.08381314309481804,4.0993684017110725,4.422266782547528,13
334f7e21,Val,MAE,15851,3.3835716465506054,3.379654017987895,0.03543640964270359,3.308359474137366,3.440939484908824,14
334f7e21,Val,MAPE,15851,18.919134205447094,18.927778202876553,0.17539961055415285,18.603063546131732,19.25813075418618,14
334f7e21,Val,R2,15851,0.8193445105176886,0.8199299465301619,0.006222825209144509,0.8075897980664983,0.8305527240756587,14
334f7e21,Val,MSE,15851,30.972684567215513,30.84661780304175,1.1098760869343716,28.8974207105436,33.19839360736044,14
334f7e21,Val,MAE,16120,0.105861275756348,0.10594483867707771,0.0011386319135206575,0.10384379843668204,0.10797351716345098,15
334f7e21,Val,MAPE,16120,10.63269891859574,10.626873676190144,0.08905559286372451,10.466413579440863,10.782506254581445,15
334f7e21,Val,R2,16120,0.881590533273418,0.8811818705811844,0.004123392222237903,0.8728988105637469,0.888083114496264,15
334f7e21,Val,MSE,16120,0.031038456234526054,0.03110130115588098,0.0012775887112096349,0.02831212643017141,0.033429501162433435,15
334f7e21,Val,MAE,15235,15.723861779468663,15.719953689602738,0.16680943384700123,15.422354713004262,15.992481537873056,16
334f7e21,Val,MAPE,15235,12.972076423459342,12.98900404407165,0.12558233852530412,12.736234255566552,13.226371329485957,16
334f7e21,Val,R2,15235,0.49971112326038036,0.49912200545613095,0.009421693895743584,0.482435258682059,0.5167630035474736,16
334f7e21,Val,MSE,15235,648.5979859349155,651.0814455916459,15.52897268264032,627.0589443305344,683.2336614637093,16
334f7e21,Val,MAE,4174,0.3965905200481186,0.39711992671573115,0.008641933609908526,0.3805948984311652,0.41375449435757744,17
334f7e21,Val,MAPE,4174,5.925310818056458,5.909943769625723,0.12021091727074974,5.705769797119044,6.130645205210004,17
334f7e21,Val,R2,4174,0.6873200473793353,0.6873161695607635,0.016072974268738105,0.656323474600859,0.7160055369546234,17
334f7e21,Val,MSE,4174,0.4817078078847901,0.4813840970329981,0.025876940129674186,0.4330832543033924,0.530419915162476,17
334f7e21,Val,MAE,12664,0.2898706669153779,0.29006045225708826,0.0021889225632161207,0.28558505262499434,0.2941398713288244,18
334f7e21,Val,MAPE,12664,3.2734467052741536,3.272466997270083,0.029104943563886626,3.2160944856483478,3.3291330509317887,18
334f7e21,Val,R2,12664,0.6624946046856077,0.6624955177559808,0.007912254112899883,0.6496864657144505,0.6801771751246628,18
334f7e21,Val,MSE,12664,0.16018058986736944,0.1601638403124724,0.0033106071165383884,0.15424577107470416,0.16679092059503287,18
334f7e21,Val,MAE,9682,7.257333563320205,7.246410898850541,0.11625441833103667,7.021138262727788,7.452221416961652,19
334f7e21,Val,MAPE,9682,27.98637058988645,27.951555370971924,0.4469974724630956,27.074257760422206,28.877890466933923,19
334f7e21,Val,R2,9682,0.6215294315398739,0.6218740923370355,0.013392100646510504,0.5951667147854257,0.6465267159487409,19
334f7e21,Val,MSE,9682,162.07171389629934,163.27568447301965,6.507907921056613,150.63041347004446,174.98046253941598,19
334f7e21,Val,MAE,9486,6.943782033685037,6.948622552268798,0.09388332341707485,6.763865595851144,7.130180267809615,21
334f7e21,Val,MAPE,9486,23.21358281227898,23.183006661671225,0.29429501987582074,22.57424139371503,23.698362404847366,21
334f7e21,Val,R2,9486,0.5904175526263624,0.5896729554028005,0.01477655982124638,0.5602563937326325,0.6157581346517906,21
334f7e21,Val,MSE,9486,149.30097834130802,149.40602426647175,5.885834033539897,136.46723584647012,162.10816139468574,21
334f7e21,Val,MAE,8314,15.25035295550686,15.230350496036545,0.2401351926387697,14.807144149097653,15.67700225189095,24
334f7e21,Val,MAPE,8314,14.938356644071247,14.938657102110506,0.2663474647544076,14.463172923079073,15.545512510508512,24
334f7e21,Val,R2,8314,0.7621602054996558,0.7603896067015156,0.009630436683858079,0.7415546317300202,0.7786090002994955,24
334f7e21,Val,MSE,8314,743.1517430230999,735.5892162835297,35.26015163961694,660.5507141702141,790.7542328124985,24
334f7e21,Val,MAE,7717,0.15369018916080726,0.1536177260788307,0.0024259593116944694,0.14793035774096486,0.15834283958649842,25
334f7e21,Val,MAPE,7717,27.95546989048304,27.939560273690798,0.41099155337984816,27.254505075769107,28.64329667244077,25
334f7e21,Val,R2,7717,0.7383816950441104,0.7370651719290656,0.010869582196937374,0.7173775353616895,0.7604831526215953,25
334f7e21,Val,MSE,7717,0.06710940077289992,0.06693846075936988,0.0025821273048680167,0.06262650183244267,0.07216197685636486,25
334f7e21,Val,MAE,807,0.2552888731494121,0.2528703460439837,0.020237759166643686,0.2119179788690702,0.28440548926430304,26
334f7e21,Val,MAPE,807,57.30827237747926,56.76360348402785,7.456637533815037,43.94610911258804,70.05842496931736,26
334f7e21,Val,R2,807,0.5244814942786789,0.5323932711742354,0.059572168089498785,0.4134466502782063,0.6228284040172091,26
334f7e21,Val,MSE,807,0.33918629357783175,0.3362228503588989,0.05166679984092681,0.244485322938585,0.43410194768016885,26
334f7e21,Val,MAE,5950,0.28754122163067347,0.28720358285603403,0.004548634779479943,0.278614171145343,0.29578001529479225,27
334f7e21,Val,MAPE,5950,8.527951358334729,8.515388603569406,0.15092534451819153,8.264506687751194,8.812704304641116,27
334f7e21,Val,R2,5950,0.7328955872359828,0.7332858784148057,0.008693649564999904,0.7162931009707398,0.7492055327048531,27
334f7e21,Val,MSE,5950,0.17912833105469345,0.17854855251160706,0.006087535779411968,0.1654356732798844,0.1898315639314357,27
334f7e21,Val,MAE,2288,0.3791095321620261,0.37881032721250213,0.007363379694297168,0.3616393138087921,0.39248153662400226,28
334f7e21,Val,MAPE,2288,5.736745831037584,5.751459561559779,0.1237371928804748,5.5099319054248115,5.97408808809722,28
334f7e21,Val,R2,2288,0.5309031793154035,0.5314911753543448,0.02662376795370424,0.4656187906146107,0.5730088476465421,28
334f7e21,Val,MSE,2288,0.2858428721950896,0.2879306942892445,0.014174793072480542,0.26109213265221143,0.3202151110501117,28
334f7e21,Val,MAE,5139,20.069550778666784,20.0978894545137,0.2717221739371448,19.59396669046729,20.651744588531624,30
334f7e21,Val,MAPE,5139,11.927493236289093,11.921030645766418,0.20500672177520907,11.584476236498372,12.337058366076949,30
334f7e21,Val,R2,5139,0.5674771973621595,0.5690166774759848,0.017243213951543258,0.5348661362807551,0.5998999491632298,30
334f7e21,Val,MSE,5139,839.4599787377228,833.6302966217455,33.03093428345229,771.2384137899334,890.1569913514991,30
334f7e21,Val,MAE,5056,6.6526959757261634,6.643933466354125,0.0954405796665178,6.4695310523049745,6.854754113023983,31
334f7e21,Val,MAPE,5056,12.72329245335534,12.74009803382655,0.2420341662647858,12.245205723304862,13.18131051083918,31
334f7e21,Val,R2,5056,0.7295542092228682,0.7295478090550909,0.012697430820579279,0.6997851115583446,0.7492640118575438,31
334f7e21,Val,MSE,5056,88.94160847404125,88.90459640306679,3.677498369335398,81.99451904434754,95.7704923166442,31
334f7e21,Val,MAE,4951,17.493405830207628,17.508729908278053,0.25143134979633314,17.087151973874995,17.997826315185996,32
334f7e21,Val,MAPE,4951,21.677430909413463,21.716565903019415,0.39997306162532237,20.962178210507034,22.403217083579047,32
334f7e21,Val,R2,4951,0.5618907909044322,0.5593771048617878,0.013424184630230887,0.5360786097635162,0.5842460487500838,32
334f7e21,Val,MSE,4951,600.5307460709614,601.7427125570521,18.509511684164544,569.9839218258185,636.2997194393702,32
334f7e21,Val,MAE,4845,35.58116062349333,35.60296610798555,0.5984683022961113,34.52659428729361,36.69788356778053,33
334f7e21,Val,MAPE,4845,27.774439050607953,27.762407936244298,0.4742718134338768,26.98148503557515,28.800693659828585,33
334f7e21,Val,R2,4845,0.4779253663498676,0.4753005509706233,0.020283312382734286,0.44048943851615247,0.5195687360862972,33
334f7e21,Val,MSE,4845,2869.3726134836834,2865.5594462864065,113.4632045750732,2659.048245784342,3071.2637260060583,33
