dataset,target_state,analyte,method,n,mae,mape,rmse,r2,bias,n_analytes,n_targets
chs,normal,A1C,NORMA_normal,6.0,0.7783538071314494,14.995829724241608,1.2401491254270465,-7.482360963753589,-0.7398052295049032,,
chs,normal,A1C,NORMA_marginal,6.0,2.253461736001229,47.96480435726824,2.345086730764738,-29.33100116328626,2.253461736001229,,
chs,normal,A1C,NORMA_marginal_freq,6.0,1.4611843040678814,31.42754170677677,1.5777528613542204,-12.729252109511046,1.4611843040678814,,
chs,normal,A1C,NORMA_oracle,6.0,0.7783538071314494,14.995829724241608,1.2401491254270465,-7.482360963753589,-0.7398052295049032,,
chs,normal,A1C,Mean,6.0,2.22264485548413,46.997561260621,2.304874003254454,-28.29970893809317,2.22264485548413,,
chs,normal,A1C,Last,6.0,2.4533333301544187,53.92589005169409,2.972927892231131,-47.745853428923134,2.4533333301544187,,
chs,normal,A1C,ARIMA,6.0,2.555948106549737,54.676644996615785,2.830544132535575,-43.18845205587861,2.555948106549737,,
chs,normal,A1C,PopRI,6.0,0.3583333333333334,7.403580724279106,0.4278434293056282,-0.0095751689059795,-0.0416666666666669,,
chs,normal,A1C,PerRI,6.0,2.222633333333333,46.99732631142402,2.304863510781784,-28.29944217670398,2.222633333333333,,
chs,normal,A1C,Gaussian_mle,6.0,0.3980555555555556,8.246732100153695,0.4434591509017697,-0.0846164059667344,-0.0730555555555557,,
chs,normal,A1C,Gaussian_trunc,6.0,2.2216666666666662,48.52445593264278,3.398683568677731,-62.70747475985472,-0.0416666666666669,,
chs,normal,A1C,Cohen_m2,6.0,1.1044954776763916,23.68648551614748,1.169466733895401,-6.543009805090487,1.1044954776763916,,
chs,normal,A1C,Cohen_m3,6.0,1.034505796432495,22.10536948844513,1.0858083173008997,-5.502423554779647,1.034505796432495,,
chs,normal,A1C,Cohen_m4,6.0,0.8800604661305744,19.041471185439583,0.9740023753729709,-4.232255692301383,0.8800604661305744,,
chs,all_states,A1C,NORMA_normal,17.0,2.08871548203861,28.88775614135058,2.545707973081837,-1.4739276953585918,-2.075110101699829,,
chs,all_states,A1C,NORMA_marginal,17.0,1.7979583857118888,29.97964156498241,2.1116552806885425,-0.7022207591893919,0.1501210431176731,,
chs,all_states,A1C,NORMA_marginal_freq,17.0,1.338328808496272,20.995394081903843,1.670724914631177,-0.0655644799945356,-0.1436447765894438,,
chs,all_states,A1C,NORMA_oracle,17.0,1.103246083540075,16.38972955327543,1.4819312857647298,0.1616488383613891,-0.343766664056217,,
chs,all_states,A1C,Mean,17.0,1.639236248389902,27.6187051162746,1.864439597874021,-0.3269864040188113,0.4960579028761799,,
chs,all_states,A1C,Last,17.0,1.9300000134636377,33.21107623359378,2.4066269280745334,-1.2109930657702628,0.3535294364480411,,
chs,all_states,A1C,ARIMA,17.0,2.1355331113647926,35.82076789620483,2.498252388959203,-1.3825523933417947,0.6344332621246946,,
chs,all_states,A1C,PopRI,17.0,1.8294117647058823,24.35829178142789,2.3600598197802483,-1.1262575027474857,-1.7176470588235295,,
chs,all_states,A1C,PerRI,17.0,1.6392411764705883,27.61874200526477,1.864444931277056,-0.3269939959659524,0.4960529411764706,,
chs,all_states,A1C,Gaussian_mle,17.0,1.8683823529411765,24.856470024922974,2.4298489439722126,-1.253867537356697,-1.7536764705882353,,
chs,all_states,A1C,Gaussian_trunc,17.0,2.836862056575787,44.53174775597898,3.445227015947665,-3.531119595273169,-1.0439208801051996,,
chs,all_states,A1C,Cohen_m2,17.0,1.3537536553775562,19.9566000932708,1.6965041456654557,-0.0987014242000094,-0.5531630123362822,,
chs,all_states,A1C,Cohen_m3,17.0,1.3918081283569332,20.37014700718262,1.7015878299015093,-0.1052959494266212,-0.6615687426398783,,
chs,all_states,A1C,Cohen_m4,17.0,1.4324582156013037,20.43232653353285,1.817379879832097,-0.2608437452206371,-0.8112390630385455,,
chs,normal,ALB,NORMA_normal,13.0,0.6727966924814077,14.92074975948174,0.7511815423493914,-0.7824654284792094,-0.1684484070997971,,
chs,normal,ALB,NORMA_marginal,13.0,0.8350061327012747,18.14587192803848,0.8910653751496839,-1.5081322681339384,-0.4153363418770032,,
chs,normal,ALB,NORMA_marginal_freq,13.0,0.7671660911791461,16.09699144241398,0.8903379279739153,-1.5040387660629593,-0.5224095204889392,,
chs,normal,ALB,NORMA_oracle,13.0,0.6727966924814077,14.92074975948174,0.7511815423493914,-0.7824654284792094,-0.1684484070997971,,
chs,normal,ALB,Mean,13.0,0.578709287491791,12.263225037211829,0.7203607494359425,-0.63919787171669,-0.3063530220132196,,
chs,normal,ALB,Last,13.0,0.8146153185917779,17.98761092306334,0.9503723498460498,-1.853112417644636,-0.2976922944875863,,
chs,normal,ALB,ARIMA,13.0,0.6973354449494404,14.269812980406346,0.9985065590483976,-2.149438579485524,-0.1341278783953258,,
chs,normal,ALB,PopRI,13.0,0.4930769230769229,10.72055342780945,0.5774679478284753,-0.0533848471594498,-0.1299999999999999,,
chs,normal,ALB,PerRI,13.0,0.5787153846153845,12.263369659443857,0.7203669134545255,-0.6392259245759828,-0.3063461538461538,,
chs,normal,ALB,Gaussian_mle,13.0,0.4831388888888888,10.864822777196476,0.5744270681401259,-0.0423200505313678,0.013232905982906,,
chs,normal,ALB,Gaussian_trunc,13.0,2.027931571026505,43.708322557592005,3.304104275996385,-33.48567960989182,0.6054231623151229,,
chs,normal,ALB,Cohen_m2,13.0,0.58757677591764,12.462007651550293,0.6892793814938125,-0.5007967280901995,-0.3391880394862248,,
chs,normal,ALB,Cohen_m3,13.0,0.5779806584578293,12.161978256260856,0.7115701255218502,-0.5994354293525201,-0.3024509642674372,,
chs,normal,ALB,Cohen_m4,13.0,0.5669233916356012,11.972624589341764,0.6887159538419264,-0.4983441818518563,-0.2989941883087157,,
chs,all_states,ALB,NORMA_normal,18.0,0.8979325771331786,23.85878370566653,1.031514037797579,-0.6195421690813625,0.2903666718800862,,
chs,all_states,ALB,NORMA_marginal,18.0,0.8936956415588004,22.441344119792163,0.9992349380908532,-0.5197676526768391,-0.0304531605427879,,
chs,all_states,ALB,NORMA_marginal_freq,18.0,0.8758193972394805,21.850734975761345,0.988764512328519,-0.4880849240748681,-0.0555407667430254,,
chs,all_states,ALB,NORMA_oracle,18.0,0.5801046429740058,13.768546507183396,0.6698017749248327,0.3171354565049119,-0.1967895205815632,,
chs,all_states,ALB,Mean,18.0,0.6874190013915543,17.491192147903458,0.834710215228456,-0.0605067379222747,0.0482073334157133,,
chs,all_states,ALB,Last,18.0,0.913333296775818,23.457527996441783,1.1091237625825456,-0.8724144982203945,0.0788889021343655,,
chs,all_states,ALB,ARIMA,18.0,0.9544176759219388,24.722535976966466,1.284089850096629,-1.509763515041798,0.3539163868396076,,
chs,all_states,ALB,PopRI,18.0,0.7233333333333332,19.3730188382868,0.8553946457629951,-0.1137174652031995,0.2733333333333334,,
chs,all_states,ALB,PerRI,18.0,0.6874277777777777,17.491438593630164,0.8347196059489411,-0.0605306000439718,0.0482166666666667,,
chs,all_states,ALB,Gaussian_mle,18.0,0.7352577160493827,20.09012932118991,0.8947782250699488,-0.218632591204646,0.3958811728395062,,
chs,all_states,ALB,Gaussian_trunc,18.0,2.4447598882595862,62.5629677522476,3.693764812363349,-19.76731999551536,1.417392704190255,,
chs,all_states,ALB,Cohen_m2,18.0,0.7022588072882758,17.9237009121599,0.8348324511274969,-0.06081736425441,0.0205735058254666,,
chs,all_states,ALB,Cohen_m3,18.0,0.7120481475194295,18.19229121684919,0.8517106277426855,-0.104144994958236,0.0761808644400703,,
chs,all_states,ALB,Cohen_m4,18.0,0.7134541416168213,18.34052679731341,0.8443203797139003,-0.0850669100444829,0.0880692227681478,,
chs,normal,ALP,NORMA_normal,12.0,24.95030792236328,39.42218539857457,28.25895790047225,-0.3164979861368158,-1.803908233642576,,
chs,normal,ALP,NORMA_marginal,12.0,28.713374545443106,45.21884085161101,31.68166255118384,-0.654717431700292,5.028062000980699,,
chs,normal,ALP,NORMA_marginal_freq,12.0,23.98609326975931,42.62995983263585,28.863192163045667,-0.3733987121844504,9.524139891742426,,
chs,normal,ALP,NORMA_oracle,12.0,24.95030792236328,39.42218539857457,28.25895790047225,-0.3164979861368158,-1.803908233642576,,
chs,normal,ALP,Mean,12.0,23.24637222879148,41.561898250228026,29.041485055373965,-0.3904185567518363,3.536169713098537,,
chs,normal,ALP,Last,12.0,39.85499993642171,61.26300707507774,44.07163338015754,-2.202035978914393,1.2216658147176134,,
chs,normal,ALP,ARIMA,12.0,30.66458686420624,45.14515501180716,36.27340462289473,-1.1691248763065132,-1.1318068381248956,,
chs,normal,ALP,PopRI,12.0,20.22083333333333,33.356515974490115,24.81924941787456,-0.0155123307843469,-3.067499999999997,,
chs,normal,ALP,PerRI,12.0,23.246375,41.56189943819086,29.041493527236163,-0.3904193679662839,3.5361583333333364,,
chs,normal,ALP,Gaussian_mle,12.0,19.441180224867725,31.828159510154247,23.419950217945445,0.0957680475801617,-2.2763627645502624,,
chs,normal,ALP,Gaussian_trunc,12.0,132.5887381101371,183.4295704775704,187.2953072214184,-56.83113372710494,1.0009745069128346,,
chs,normal,ALP,Cohen_m2,12.0,22.36870471954346,40.20367685744315,28.00768224228049,-0.2931897549885318,4.373888765970869,,
chs,normal,ALP,Cohen_m3,12.0,23.178122787475587,41.37601998607447,28.967370039333662,-0.383330806351585,9.054462865193688,,
chs,normal,ALP,Cohen_m4,12.0,25.997379697163897,44.92523383065412,31.06594698029059,-0.5910253803992043,2.744336560567223,,
chs,all_states,ALP,NORMA_normal,12.0,24.95030792236328,39.42218539857457,28.25895790047225,-0.3164979861368158,-1.803908233642576,,
chs,all_states,ALP,NORMA_marginal,12.0,28.713374545443106,45.21884085161101,31.68166255118384,-0.654717431700292,5.028062000980699,,
chs,all_states,ALP,NORMA_marginal_freq,12.0,23.98609326975931,42.62995983263585,28.863192163045667,-0.3733987121844504,9.524139891742426,,
chs,all_states,ALP,NORMA_oracle,12.0,24.95030792236328,39.42218539857457,28.25895790047225,-0.3164979861368158,-1.803908233642576,,
chs,all_states,ALP,Mean,12.0,23.24637222879148,41.561898250228026,29.041485055373965,-0.3904185567518363,3.536169713098537,,
chs,all_states,ALP,Last,12.0,39.85499993642171,61.26300707507774,44.07163338015754,-2.202035978914393,1.2216658147176134,,
chs,all_states,ALP,ARIMA,12.0,30.66458686420624,45.14515501180716,36.27340462289473,-1.1691248763065132,-1.1318068381248956,,
chs,all_states,ALP,PopRI,12.0,20.22083333333333,33.356515974490115,24.81924941787456,-0.0155123307843469,-3.067499999999997,,
chs,all_states,ALP,PerRI,12.0,23.246375,41.56189943819086,29.041493527236163,-0.3904193679662839,3.5361583333333364,,
chs,all_states,ALP,Gaussian_mle,12.0,19.441180224867725,31.828159510154247,23.419950217945445,0.0957680475801617,-2.2763627645502624,,
chs,all_states,ALP,Gaussian_trunc,12.0,132.5887381101371,183.4295704775704,187.2953072214184,-56.83113372710494,1.0009745069128346,,
chs,all_states,ALP,Cohen_m2,12.0,22.36870471954346,40.20367685744315,28.00768224228049,-0.2931897549885318,4.373888765970869,,
chs,all_states,ALP,Cohen_m3,12.0,23.178122787475587,41.37601998607447,28.967370039333662,-0.383330806351585,9.054462865193688,,
chs,all_states,ALP,Cohen_m4,12.0,25.997379697163897,44.92523383065412,31.06594698029059,-0.5910253803992043,2.744336560567223,,
chs,normal,ALT,NORMA_normal,8.0,8.061176404953002,31.09870827437165,9.805191328815452,-1.8175050308137748,-7.034603414535523,,
chs,normal,ALT,NORMA_marginal,8.0,15.08973394294539,68.3089413706024,16.762767698445646,-7.234628447462692,-3.308592114304293,,
chs,normal,ALT,NORMA_marginal_freq,8.0,7.367929144810294,28.652708556956537,9.020401858929082,-1.3845384340906608,-5.88286485696676,,
chs,normal,ALT,NORMA_oracle,8.0,8.061176404953002,31.09870827437165,9.805191328815452,-1.8175050308137748,-7.034603414535523,,
chs,normal,ALT,Mean,8.0,9.716174894917062,47.654706495819696,11.033521214015678,-2.567638352047444,9.716174894917062,,
chs,normal,ALT,Last,8.0,17.68500018596649,79.47161289773933,20.06146720312045,-10.794456677191771,-2.507499632835388,,
chs,normal,ALT,ARIMA,8.0,18.15401494579281,73.49291619347636,22.07187458104368,-13.276803910302403,7.105632005297687,,
chs,normal,ALT,PopRI,8.0,5.0625,23.219476861307943,5.926889993917552,-0.029452442568552,1.0025,,
chs,normal,ALT,PerRI,8.0,9.7161875,47.65476115926431,11.033531295385442,-2.56764487157954,9.7161875,,
chs,normal,ALT,Gaussian_mle,8.0,4.681208333333332,22.94397499969645,5.772710173138397,0.0234104729360865,1.3228333333333344,,
chs,normal,ALT,Gaussian_trunc,8.0,43.29609330809309,210.3980053742216,65.92508207858616,-126.36611842316334,-13.1904488014242,,
chs,normal,ALT,Cohen_m2,8.0,7.858157920837401,36.45700670729879,8.991811198761665,-1.369446537732706,3.037999095916748,,
chs,normal,ALT,Cohen_m3,8.0,9.182421865463256,44.73146045720086,10.116039437839772,-1.9989800919336789,9.182421865463256,,
chs,normal,ALT,Cohen_m4,8.0,13.793893384933472,67.49765922930902,16.70177634704922,-7.174814051199759,9.706876935958862,,
chs,all_states,ALT,NORMA_normal,20.0,19.35328025817871,51.49812060884857,22.66080069215509,-1.180251765609912,-17.362766540527343,,
chs,all_states,ALT,NORMA_marginal,20.0,18.3389810624236,65.7384838168699,21.72428138764354,-1.0037659094967646,-9.595967734440594,,
chs,all_states,ALT,NORMA_marginal_freq,20.0,18.461183163902938,49.914675251276144,21.71584484970145,-1.0022099027082323,-16.14447798239285,,
chs,all_states,ALT,NORMA_oracle,20.0,7.050695621490478,20.612688743237925,8.964725478113017,0.6587834130424606,-0.6624839668273929,,
chs,all_states,ALT,Mean,20.0,12.182909405444438,47.51532925083664,14.505575549809066,0.1066408798406803,-1.600369544442426,,
chs,all_states,ALT,Last,20.0,16.268000204086302,66.13442468382321,19.24812872251695,-0.5730161208184175,-3.5220003490448,,
chs,all_states,ALT,ARIMA,20.0,20.753581038689525,71.28935579498474,24.15685652984577,-1.477633044930783,-3.937875531356962,,
chs,all_states,ALT,PopRI,20.0,16.531,45.0183037769013,19.80161306560655,-0.664781666469529,-12.513000000000002,,
chs,all_states,ALT,PerRI,20.0,12.21183,47.56653156322237,14.54148565023533,0.1022121930773863,-1.6292800000000005,,
chs,all_states,ALT,Gaussian_mle,20.0,15.18334404761905,43.84058873798104,18.75643968856531,-0.493677897259787,-10.848394047619047,,
chs,all_states,ALT,Gaussian_trunc,20.0,57.84537094889332,173.35474484162296,75.55630282850797,-23.23804245722384,-11.24818728435206,,
chs,all_states,ALT,Cohen_m2,20.0,12.12031254196167,37.11478434025569,14.571272693602372,0.0985303362386159,-3.869017208099365,,
chs,all_states,ALT,Cohen_m3,20.0,12.14157473754883,45.444261010270566,14.925570818522717,0.0541592007492583,-1.8210633163452148,,
chs,all_states,ALT,Cohen_m4,20.0,13.374891475677492,56.514722838854425,16.323882873625124,-0.1313658998958802,1.6095440025329588,,
chs,normal,AST,NORMA_normal,8.0,8.029580893516542,30.41872937917043,10.16073993127764,-1.9857222720369987,-5.070863108634949,,
chs,normal,AST,NORMA_marginal,8.0,12.70124931383858,50.347292372350125,14.210581240608006,-4.840128732333821,0.0220830440723283,,
chs,normal,AST,NORMA_marginal_freq,8.0,7.450426901952657,28.814260473655818,9.280726846086797,-1.4909368515636867,-3.4425761920911904,,
chs,normal,AST,NORMA_oracle,8.0,8.029580893516542,30.41872937917043,10.16073993127764,-1.9857222720369987,-5.070863108634949,,
chs,normal,AST,Mean,8.0,9.360506164072053,42.73618634528052,10.713538207975136,-2.319438159626708,8.427172805307404,,
chs,normal,AST,Last,8.0,15.754999785423278,62.2991896565658,18.780334437841013,-9.200122332728492,3.1499997568130484,,
chs,normal,AST,ARIMA,8.0,13.9070929596649,63.70363897327513,17.283428562379722,-7.638901743672884,2.464655286899919,,
chs,normal,AST,PopRI,8.0,5.02125,21.25941385885511,5.926538829704907,-0.01578315147078,0.7387499999999991,,
chs,normal,AST,PerRI,8.0,9.3605,42.73617254464891,10.713543369492651,-2.3194413580737554,8.427174999999998,,
chs,normal,AST,Gaussian_mle,8.0,6.6647083333333335,28.84267148039597,8.19457256952565,-0.9420094902985824,1.214041666666667,,
chs,normal,AST,Gaussian_trunc,8.0,33.24808896895084,143.26229372909452,51.9026340858768,-76.90718902838906,1.831707964275017,,
chs,normal,AST,Cohen_m2,8.0,5.507557888031005,24.663461303419965,6.200990211217673,-0.1120410732998098,3.5565886688232413,,
chs,normal,AST,Cohen_m3,8.0,4.731389093399049,20.22689276796252,5.375772132774368,0.1642421971591122,1.3829515171051017,,
chs,normal,AST,Cohen_m4,8.0,6.258752603530883,27.96728643800953,7.581410352249937,-0.6622591972445717,2.525892038345336,,
chs,all_states,AST,NORMA_normal,10.0,12.23844687271118,36.74028225305508,15.96710924684544,-1.3441297010263762,-9.871472644805907,,
chs,all_states,AST,NORMA_marginal,10.0,14.16755710687209,48.93010489147166,15.674137595372304,-1.2588966112923363,-3.9888912205433655,,
chs,all_states,AST,NORMA_marginal_freq,10.0,11.452773652877228,34.7629453984819,14.945071530109832,-1.053643429909804,-8.246493084988057,,
chs,all_states,AST,NORMA_oracle,10.0,7.389149517059326,26.42635671969306,9.364934923578131,0.1936221835544858,-3.757126522064209,,
chs,all_states,AST,Mean,10.0,11.777515990658411,43.31550369850321,13.715099885177942,-0.7295255964430452,2.452627184845152,,
chs,all_states,AST,Last,10.0,15.200999576568602,55.58100107880456,18.56757536017928,-2.169855277855961,0.1169997215270992,,
chs,all_states,AST,ARIMA,10.0,15.505909150138924,60.26602509059239,18.49131219795872,-2.1438694694723264,-2.40851055288707,,
chs,all_states,AST,PopRI,10.0,8.357999999999999,26.28969565428961,11.0825511503444,-0.1292979322260925,-3.75,,
chs,all_states,AST,PerRI,10.0,11.77751,43.31549047304738,13.715101054859202,-0.7295258914454557,2.4526299999999988,,
chs,all_states,AST,Gaussian_mle,10.0,10.642338095238092,34.359892500948,14.274838766172694,-0.8735766589416774,-4.339338095238095,,
chs,all_states,AST,Gaussian_trunc,10.0,32.09329311184775,126.27397598984102,48.15010952298666,-20.316878150507765,-4.0294555652670665,,
chs,all_states,AST,Cohen_m2,10.0,9.159776527404784,29.856369819037248,12.151657699427863,-0.3576883731259683,-1.908459281921387,,
chs,all_states,AST,Cohen_m3,10.0,8.275703483581543,25.730402672601382,11.381909171983294,-0.1911303080355082,-3.3842309951782226,,
chs,all_states,AST,Cohen_m4,10.0,9.168063003540038,31.317112317600422,11.536386658958724,-0.223682224391523,-2.1403472900390628,,
chs,normal,BUN,NORMA_normal,7.0,2.5629266629900243,22.314453873820376,2.9961921656525696,-1.4929510183189243,1.332365826198033,,
chs,normal,BUN,NORMA_marginal,7.0,5.352681499703691,44.68438823169835,6.442828491469883,-10.52729900569175,3.3576693232503234,,
chs,normal,BUN,NORMA_marginal_freq,7.0,3.5684206512272145,31.53544874314366,4.280608263153881,-4.088448557815151,3.064057691342924,,
chs,normal,BUN,NORMA_oracle,7.0,2.5629266629900243,22.314453873820376,2.9961921656525696,-1.4929510183189243,1.332365826198033,,
chs,normal,BUN,Mean,7.0,2.6748555131996565,23.20623487655199,3.366467541824162,-2.1471923026218502,1.9960119512616368,,
chs,normal,BUN,Last,7.0,6.258571859087263,50.993203449530775,6.829766194471415,-11.953469012672626,3.207143211364746,,
chs,normal,BUN,ARIMA,7.0,4.535619151975138,35.99473225328829,5.870187507221176,-8.569260227411975,1.616321747569909,,
chs,normal,BUN,PopRI,7.0,1.7914285714285711,16.09557616170721,2.2762751528381995,-0.4388778690847266,1.257142857142857,,
chs,normal,BUN,PerRI,7.0,2.674871428571429,23.206362531245915,3.36647694460714,-2.14720988330972,1.9960142857142853,,
chs,normal,BUN,Gaussian_mle,7.0,2.3202857142857134,20.866955097128,3.0350269826995406,-1.5579940521394158,1.5464285714285706,,
chs,normal,BUN,Gaussian_trunc,7.0,15.200723056045195,121.9994324623979,23.52289774864336,-152.6583123046949,14.573532501264827,,
chs,normal,BUN,Cohen_m2,7.0,2.623189931597028,22.48372489247192,3.144891800950251,-1.746539402349231,2.291855648585728,,
chs,normal,BUN,Cohen_m3,7.0,1.9303645597185408,16.89071415872919,2.8047491407743457,-1.1845523909948836,1.7096821648733955,,
chs,normal,BUN,Cohen_m4,7.0,3.414967580522809,28.944580637349155,4.177375934501671,-3.845979117084344,2.11249076298305,,
chs,all_states,BUN,NORMA_normal,15.0,5.338348025004069,35.06573940015125,6.389813797310226,-0.1181961655734817,-2.328428840637207,,
chs,all_states,BUN,NORMA_marginal,15.0,6.477224953868557,51.63573688585238,7.6905900237719615,-0.6197982060771337,0.2390614476147181,,
chs,all_states,BUN,NORMA_marginal_freq,15.0,5.3145100259012175,39.74885910969234,5.989095075282342,0.017655069991152,-0.5216236726662549,,
chs,all_states,BUN,NORMA_oracle,15.0,2.215101069132487,18.19268167144445,2.681871184474819,0.80302213715828,0.6913987477620442,,
chs,all_states,BUN,Mean,15.0,5.187305648821371,38.65822412978248,6.016718796921196,0.008572361237306,-0.9917452418741092,,
chs,all_states,BUN,Last,15.0,6.644666750590006,52.59408200573653,7.9231018251398915,-0.7192224272968679,0.1660003026326497,,
chs,all_states,BUN,ARIMA,15.0,6.3829528884674005,40.720559103216026,7.983855206618982,-0.7456890884045098,-2.5860739545427105,,
chs,all_states,BUN,PopRI,15.0,5.223333333333333,36.88930312604262,6.329364897049309,-0.0971395258623473,-1.8833333333333333,,
chs,all_states,BUN,PerRI,15.0,5.187313333333334,38.6583093766587,6.016723443591759,0.0085708298912159,-0.9917400000000004,,
chs,all_states,BUN,Gaussian_mle,15.0,5.226555555555555,35.84033619301713,6.310369086464547,-0.0905638960253529,-1.9180888888888887,,
chs,all_states,BUN,Gaussian_trunc,15.0,19.952516909373948,122.42512019470097,27.236880840836623,-19.31684815640272,4.447387868538973,,
chs,all_states,BUN,Cohen_m2,15.0,5.035139503479003,41.398650123370665,6.252573492071501,-0.0706787995462456,-0.1391397476196289,,
chs,all_states,BUN,Cohen_m3,15.0,4.4443165588378895,34.9452895758125,5.441799598697556,0.1889891176603962,-0.5594704945882162,,
chs,all_states,BUN,Cohen_m4,15.0,5.79341773223877,45.20573364539494,6.558112104537936,-0.177875166804543,-0.7339878718058268,,
chs,normal,CA,NORMA_normal,6.0,0.5984605662027992,6.380117711753395,0.627194239073538,-0.8715937470393502,-0.0960506312052406,,
chs,normal,CA,NORMA_marginal,6.0,0.7509830524566592,7.956734249533406,0.8954411381984397,-2.8148858720957173,0.034060300893131,,
chs,normal,CA,NORMA_marginal_freq,6.0,0.684666347689614,7.215264331746511,0.7052044399972734,-1.3661242158074756,-0.307341013719802,,
chs,normal,CA,NORMA_oracle,6.0,0.5984605662027992,6.380117711753395,0.627194239073538,-0.8715937470393502,-0.0960506312052406,,
chs,normal,CA,Mean,6.0,0.4462103330647504,4.725150949037095,0.5344028812669616,-0.358767174021211,-0.0115674602543863,,
chs,normal,CA,Last,6.0,1.006666781107585,10.615861095483211,1.2037026454316864,-5.893597054158815,0.380000063578288,,
chs,normal,CA,ARIMA,6.0,0.9808352045380904,10.182694234822131,1.2453862998117662,-6.3793079081898325,0.1811536555956431,,
chs,normal,CA,PopRI,6.0,0.3883333333333333,4.131566714480344,0.4593292210749641,-0.0038194673891498,-0.0283333333333345,,
chs,normal,CA,PerRI,6.0,0.4462166666666667,4.725211752598236,0.5344026244321786,-0.3587658679706613,-0.0115833333333332,,
chs,normal,CA,Gaussian_mle,6.0,0.4008333333333332,4.317197700430012,0.4820524214616467,-0.1055948368906813,0.0791666666666666,,
chs,normal,CA,Gaussian_trunc,6.0,2.953859101532297,31.38388935445636,3.917091944682882,-72.00203990108811,0.930525768198964,,
chs,normal,CA,Cohen_m2,6.0,0.4395152854919433,4.640446525617933,0.4923399761089931,-0.1532877122447826,-0.0248535982767738,,
chs,normal,CA,Cohen_m3,6.0,0.4217327562967936,4.531071856306944,0.5134504497492803,-0.254309008989438,0.150453993479411,,
chs,normal,CA,Cohen_m4,6.0,0.459547373453776,4.938822562113661,0.5430012561358291,-0.402843204908899,0.1253187942504885,,
chs,all_states,CA,NORMA_normal,10.0,0.8737966880798338,9.207483827110234,0.961213948672504,-0.2038503300050258,-0.1262554283142089,,
chs,all_states,CA,NORMA_marginal,10.0,1.082542311495853,11.334955260436727,1.2525998275696932,-1.0443585287813328,-0.0978217618687287,,
chs,all_states,CA,NORMA_marginal_freq,10.0,0.8976578909509445,9.29985282756492,0.9825823380154994,-0.2579699705660538,-0.334573488077525,,
chs,all_states,CA,NORMA_oracle,10.0,0.6352412834167479,6.760836322297338,0.7278189607410117,0.3097934155840645,-0.2776405448913573,,
chs,all_states,CA,Mean,10.0,0.9312445567951227,9.749392769786096,1.140677875475656,-0.6953462243360513,-0.1046666150120602,,
chs,all_states,CA,Last,10.0,1.3490001487731933,14.141285653563369,1.5925923271783085,-2.304772783413819,0.1090000038146973,,
chs,all_states,CA,ARIMA,10.0,1.2754637474944586,13.320267143223742,1.4747668398842688,-1.833864593419555,0.0363661055757829,,
chs,all_states,CA,PopRI,10.0,0.7369999999999999,7.739311086493503,0.8803692407166438,-0.0098621333948334,-0.0870000000000013,,
chs,all_states,CA,PerRI,10.0,0.9312399999999998,9.749335323324395,1.14066609838287,-0.6953112168249111,-0.1046799999999999,,
chs,all_states,CA,Gaussian_mle,10.0,0.7427333333333334,7.84793804951479,0.8961911626433282,-0.0464866231216156,-0.0117333333333334,,
chs,all_states,CA,Gaussian_trunc,10.0,2.8329255354588363,30.743048355105618,3.759566061679215,-17.416530144889798,1.057280847089234,,
chs,all_states,CA,Cohen_m2,10.0,0.8905358428955077,9.334715313451364,1.0721727270060972,-0.4978277723301183,-0.0929543609619139,,
chs,all_states,CA,Cohen_m3,10.0,0.8294846649169921,8.81437076871845,0.9971471994398006,-0.2955402639943369,0.0699232940673828,,
chs,all_states,CA,Cohen_m4,10.0,0.8604849929809569,9.057932609073935,1.0274375858150535,-0.3754451155735008,-0.0125292892456053,,
chs,normal,CL,NORMA_normal,8.0,2.769174690246583,2.779910165188588,3.168932313637384,-0.6487123927281062,1.6625304031372077,,
chs,normal,CL,NORMA_marginal,8.0,3.279476867238256,3.268773703154874,3.949299157768402,-1.5607020049479914,1.55468096757512,,
chs,normal,CL,NORMA_marginal_freq,8.0,2.7752410010368127,2.786597724669852,3.183075479405261,-0.6634618700401751,1.6928113179396842,,
chs,normal,CL,NORMA_oracle,8.0,2.769174690246583,2.779910165188588,3.168932313637384,-0.6487123927281062,1.6625304031372077,,
chs,normal,CL,Mean,8.0,2.22694678003138,2.2499487199914445,2.8941362572449725,-0.3751716938913809,1.7393426292592835,,
chs,normal,CL,Last,8.0,4.352499923706052,4.302852848835352,5.534060408074748,-4.02813312089386,1.2824997711181645,,
chs,normal,CL,ARIMA,8.0,5.887545907811614,5.933223095450262,8.812385488967717,-11.749875665811556,4.086044655013417,,
chs,normal,CL,PopRI,8.0,2.495000000000001,2.4945571831111306,2.785937903112704,-0.2742711198992755,1.2925000000000004,,
chs,normal,CL,PerRI,8.0,2.2269625000000026,2.249964061090453,2.8941443513152563,-0.3751793858249443,1.7393374999999978,,
chs,normal,CL,Gaussian_mle,8.0,2.81407738095238,2.81600742132989,3.1596609283008625,-0.6390791879814111,1.3997023809523803,,
chs,normal,CL,Gaussian_trunc,8.0,9.053108336738944,8.79497976757171,14.08463851392028,-31.56944714686678,0.7784214156263793,,
chs,normal,CL,Cohen_m2,8.0,2.652858009338381,2.658643889427951,3.011202156360296,-0.4886712523049479,1.102090339660645,,
chs,normal,CL,Cohen_m3,8.0,2.31303047180176,2.315917366573563,2.5566912939900965,-0.0731873910564839,0.9651760864257816,,
chs,normal,CL,Cohen_m4,8.0,2.689519042968751,2.6923632478582595,3.031165995238196,-0.508476041088116,1.2944416809082036,,
chs,all_states,CL,NORMA_normal,15.0,4.395019999186199,4.280755583966353,4.909669039939798,-0.0639932400718474,-0.2810725708007813,,
chs,all_states,CL,NORMA_marginal,15.0,4.097103025690107,3.9540982992181775,4.958324940866829,-0.085186551909884,-0.7293855343451715,,
chs,all_states,CL,NORMA_marginal_freq,15.0,4.391416653183788,4.278451930352655,4.906539678106366,-0.0626373202815939,-0.2506197323767528,,
chs,all_states,CL,NORMA_oracle,15.0,1.906727091471354,1.8968741706771373,2.436598345629088,0.7379390422011949,0.9576893310546876,,
chs,all_states,CL,Mean,15.0,4.066026433507087,3.9595104560484815,4.778951185122255,-0.008090733819642,-0.2396720411952951,,
chs,all_states,CL,Last,15.0,4.002666768391927,3.86674358742917,5.54872936370833,-0.3590064554038439,-0.484000223795573,,
chs,all_states,CL,ARIMA,15.0,6.579352708959407,6.460829897991097,8.473567226805038,-2.169326578477885,0.2966381473522792,,
chs,all_states,CL,PopRI,15.0,4.257333333333334,4.125731801708717,4.799773605772118,-0.0168945982304762,-0.6186666666666667,,
chs,all_states,CL,PerRI,15.0,4.066033333333335,3.9595173150100496,4.778953003256397,-0.0080915008685029,-0.2396733333333353,,
chs,all_states,CL,Gaussian_mle,15.0,4.460552380952382,4.319836951947115,4.997246311047006,-0.1022901995005056,-0.7518698412698446,,
chs,all_states,CL,Gaussian_trunc,15.0,13.188414359260529,12.50534447216331,18.651532019109528,-14.355482035751033,-6.48359849872218,,
chs,all_states,CL,Cohen_m2,15.0,4.406404642740887,4.266656569104172,4.953760986677976,-0.0831897233999332,-0.9240586140950522,,
chs,all_states,CL,Cohen_m3,15.0,4.261508199055991,4.123410855275968,4.850808622057654,-0.0386344314074404,-0.9503037312825522,,
chs,all_states,CL,Cohen_m4,15.0,4.378816182454428,4.247518646722702,4.924864970174093,-0.0705897696109907,-0.6632991333007813,,
chs,normal,CO2,NORMA_normal,9.0,0.6779794989691845,2.670417257767176,0.8695466334252829,0.3565550658857073,-0.2366147189670143,,
chs,normal,CO2,NORMA_marginal,9.0,1.9013842626313933,7.430157656497821,2.154958688000412,-2.951877989830799,-0.3721687069519181,,
chs,normal,CO2,NORMA_marginal_freq,9.0,0.6341886159031228,2.505940882596137,0.8522305736506309,0.3819268881643196,-0.1557113265437751,,
chs,normal,CO2,NORMA_oracle,9.0,0.6779794989691845,2.670417257767176,0.8695466334252829,0.3565550658857073,-0.2366147189670143,,
chs,normal,CO2,Mean,9.0,1.3859259224947165,5.491513661485671,1.6157219691050844,-1.2215643129272429,0.0181481051571148,,
chs,normal,CO2,Last,9.0,3.224444410536025,12.629928668210589,3.78693649040322,-11.20398523444464,0.4822221713595915,,
chs,normal,CO2,ARIMA,9.0,3.3510752790864493,12.980197768301243,4.279869166894378,-14.587864292409224,-0.3148535259550221,,
chs,normal,CO2,PopRI,9.0,0.8033333333333333,3.208064596931686,1.0885209128803075,-0.008321864198439,-0.0988888888888893,,
chs,normal,CO2,PerRI,9.0,1.3859333333333337,5.4915444983112245,1.6157294726806497,-1.2215849473120213,0.0181555555555554,,
chs,normal,CO2,Gaussian_mle,9.0,0.8866111111111112,3.4904237908643525,1.0993212678739557,-0.0284303630900484,-0.2239444444444447,,
chs,normal,CO2,Gaussian_trunc,9.0,4.343669371182082,16.5937608093543,7.955939230330841,-52.86523320313608,-0.2796639632212003,,
chs,normal,CO2,Cohen_m2,9.0,1.455931786431207,5.694187939570308,1.5724494287138513,-1.104161180829181,-0.5454822794596359,,
chs,normal,CO2,Cohen_m3,9.0,1.4751426357693145,5.782267339252378,1.6519672653996107,-1.322354449030828,-0.8446605088975699,,
chs,normal,CO2,Cohen_m4,9.0,1.3019341871473524,5.106087202342412,1.5014911374986122,-0.9185414046094048,-0.6758393859863285,,
chs,all_states,CO2,NORMA_normal,19.0,2.815146416111997,10.905255630800108,3.635494825978504,-0.2210670172423026,-0.4977381134033204,,
chs,all_states,CO2,NORMA_marginal,19.0,3.658565079374621,14.259783548910656,4.492573167839495,-0.8646733184581945,-0.4182060535807724,,
chs,all_states,CO2,NORMA_marginal_freq,19.0,2.798563693663906,10.873040232887444,3.631408094341035,-0.2183233090686629,-0.414981804517566,,
chs,all_states,CO2,NORMA_oracle,19.0,1.114210309480366,4.278572431591127,1.7512034519948774,0.7166745103520809,-0.7553172141627262,,
chs,all_states,CO2,Mean,19.0,3.637529630063471,14.411908897411498,4.418030082991447,-0.8033074468625625,-0.0216600594006686,,
chs,all_states,CO2,Last,19.0,4.846842181557104,18.8474493696494,5.776108297380581,-2.0823581060462866,0.0826315347771894,,
chs,all_states,CO2,ARIMA,19.0,4.01296511134201,15.41106824089539,4.661321135049936,-1.0073841320496069,0.1989941475465243,,
chs,all_states,CO2,PopRI,19.0,2.65,10.3834346168916,3.3018328243568,-0.0072159626888246,-0.2794736842105264,,
chs,all_states,CO2,PerRI,19.0,3.637536842105264,14.411933432916252,4.418037124644477,-0.8033131952505228,-0.0216631578947368,,
chs,all_states,CO2,Gaussian_mle,19.0,2.890561403508772,11.232479366293454,3.6253885893758495,-0.2142876156071527,-0.4527719298245614,,
chs,all_states,CO2,Gaussian_trunc,19.0,6.703360782220159,25.45926921193913,9.883861819702895,-8.025385668248088,-2.828435035217737,,
chs,all_states,CO2,Cohen_m2,19.0,3.363111961766293,12.853079773706504,4.106786054530972,-0.558176305455079,-0.9001700029875104,,
chs,all_states,CO2,Cohen_m3,19.0,3.426939994410464,13.351275420246663,4.137845280204362,-0.581834102599164,-0.7317544314735815,,
chs,all_states,CO2,Cohen_m4,19.0,3.296934308503803,12.886453528843342,3.9855416184880696,-0.4675304991743696,-0.5904102606522411,,
chs,normal,CRE,NORMA_normal,6.0,0.1580923449993133,15.028218869203004,0.2244642154341712,-0.8327075117482157,-0.1062783968448639,,
chs,normal,CRE,NORMA_marginal,6.0,0.2849493047737639,28.977931440305543,0.3481189288073346,-3.408128108904495,0.0093238409237404,,
chs,normal,CRE,NORMA_marginal_freq,6.0,0.1579571071203239,15.531160277336376,0.21118294924845,-0.6222457006343776,-0.0729772393371946,,
chs,normal,CRE,NORMA_oracle,6.0,0.1580923449993133,15.028218869203004,0.2244642154341712,-0.8327075117482157,-0.1062783968448639,,
chs,normal,CRE,Mean,6.0,0.1943762638382237,21.153053031969527,0.2031973719591422,-0.5018795503280504,0.0053459629536879,,
chs,normal,CRE,Last,6.0,0.3199999988079071,32.54230225328529,0.3885013962024662,-4.490148585071802,-0.046666659116745,,
chs,normal,CRE,ARIMA,6.0,0.3581050879858107,36.09799824156852,0.4526048366113381,-6.451390292475638,-0.1715385329420455,,
chs,normal,CRE,PopRI,6.0,0.1016666666666666,9.794875496369944,0.1360759591796679,0.3264625644134586,-0.0783333333333333,,
chs,normal,CRE,PerRI,6.0,0.1943833333333333,21.153919102534733,0.2032023252819711,-0.5019527735677483,0.0053499999999999,,
chs,normal,CRE,Gaussian_mle,6.0,0.1611111111111111,15.420035780289096,0.2348758537327042,-1.0066686874810546,-0.1105555555555555,,
chs,normal,CRE,Gaussian_trunc,6.0,0.8394994698205798,91.9298785374062,1.3146174674360631,-61.86337989771478,-0.0871994416765682,,
chs,normal,CRE,Cohen_m2,6.0,0.2039182635148366,22.014053641934904,0.2105090186087577,-0.6119083449150273,-0.0063243281841278,,
chs,normal,CRE,Cohen_m3,6.0,0.1843402735392253,20.17610756171761,0.1909001236077727,-0.3255965029449981,0.0100630648930867,,
chs,normal,CRE,Cohen_m4,6.0,0.1838686716556549,20.08760060938421,0.2060567722540267,-0.5444459554439955,0.0165140457948048,,
chs,all_states,CRE,NORMA_normal,13.0,0.30191261108105,32.51967763967156,0.3605258632400221,-0.4248744047234618,-0.1278223514556885,,
chs,all_states,CRE,NORMA_marginal,13.0,0.371463754826773,44.61590281679824,0.4607662412999754,-1.3273678953302013,0.0336801998697095,,
chs,all_states,CRE,NORMA_marginal_freq,13.0,0.2970529989247557,32.90002672227567,0.352794487931788,-0.3644176118188342,-0.0982589592696852,,
chs,all_states,CRE,NORMA_oracle,13.0,0.1399156593359433,13.145282600375,0.1856957913432355,0.6219860246284614,-0.0230396165297581,,
chs,all_states,CRE,Mean,13.0,0.2602347090453628,30.831529744783108,0.3017178416515302,0.0020570393168977,-0.0176962427140764,,
chs,all_states,CRE,Last,13.0,0.3730769348144531,43.55638060777516,0.440777297413764,-1.1298164149671464,0.0007692410395695,,
chs,all_states,CRE,ARIMA,13.0,0.3404942783011014,35.25521666558077,0.4239715623938606,-0.9705034045859492,-0.1506723044450365,,
chs,all_states,CRE,PopRI,13.0,0.2884615384615384,30.64180087912592,0.3516226123821696,-0.3553683090734543,-0.1346153846153846,,
chs,all_states,CRE,PerRI,13.0,0.2602384615384615,30.83169318667689,0.3017156952649808,0.0020712377727615,-0.0177,,
chs,all_states,CRE,Gaussian_mle,13.0,0.3191282051282051,34.63533098580942,0.3861779183425491,-0.6348526244778285,-0.1334871794871795,,
chs,all_states,CRE,Gaussian_trunc,13.0,0.8172462146661847,84.48449747753732,1.113630040676307,-12.595200280671529,0.1364885788518567,,
chs,all_states,CRE,Cohen_m2,13.0,0.2578456225762,30.58587546447581,0.2946600475668179,0.0481988094612604,-0.0191699156394371,,
chs,all_states,CRE,Cohen_m3,13.0,0.2294548320770263,27.777012185223825,0.278892195934623,0.1473388842338737,0.0022937903037437,,
chs,all_states,CRE,Cohen_m4,13.0,0.2655772253183218,30.45658783753305,0.3032428100909025,-0.0080562333838503,-0.0355803764783419,,
chs,normal,DBIL,NORMA_normal,8.0,0.0664757980406284,36.27532781004072,0.076399183426757,-0.2970744951722814,-0.0236121349036693,,
chs,normal,DBIL,NORMA_marginal,8.0,0.1110179109231531,74.04845052042548,0.1435391588197877,-3.578553358820499,0.061472507736471,,
chs,normal,DBIL,NORMA_marginal_freq,8.0,0.0685009687875617,48.485998212729584,0.0849943158746131,-0.6053408291096716,0.037189882484357,,
chs,normal,DBIL,NORMA_oracle,8.0,0.0664757980406284,36.27532781004072,0.076399183426757,-0.2970744951722814,-0.0236121349036693,,
chs,normal,DBIL,Mean,8.0,0.0601493049837234,39.53364904435524,0.0781438616139878,-0.3569918017657969,0.02489930665017,,
chs,normal,DBIL,Last,8.0,0.0925000008381903,66.88315880437119,0.1274754871063078,-2.6111110695534365,0.0625000006519258,,
chs,normal,DBIL,ARIMA,8.0,0.0638610166840386,46.7591829039864,0.0932347547305464,-0.9317154421478108,0.0613610153429341,,
chs,normal,DBIL,PopRI,8.0,0.06,36.54137529137529,0.0670820393249936,0.0,1.3877787807814457e-17,,
chs,normal,DBIL,PerRI,8.0,0.06015,39.53337121212122,0.078146337086264,-0.3570777777777782,0.0249,,
chs,normal,DBIL,Gaussian_mle,8.0,0.0594791666666666,35.689831002331,0.0687038986844592,-0.0489390432098766,-0.0040624999999999,,
chs,normal,DBIL,Gaussian_trunc,8.0,0.205227624797106,151.1699729847981,0.3190596796900146,-21.622017600865505,-0.1787477594380802,,
chs,normal,DBIL,Cohen_m2,8.0,0.0450986339151859,23.54614070957496,0.0533149867109518,0.3683360426691172,0.0041636258363723,,
chs,normal,DBIL,Cohen_m3,8.0,0.0620127903670072,36.944422671367306,0.0691843138496172,-0.0636598406316302,-0.0036095481365919,,
chs,normal,DBIL,Cohen_m4,8.0,0.0600564411282539,34.98816453940768,0.070097397956192,-0.0919211556063914,-0.0059610538184642,,
chs,all_states,DBIL,NORMA_normal,10.0,0.0809771962761879,59.39279412565624,0.0929996467717875,-0.0656646500341624,-0.0140684430003166,,
chs,all_states,DBIL,NORMA_marginal,10.0,0.1160018498767614,90.27966399206916,0.1428243878232249,-1.513406327880603,0.0558143777446917,,
chs,all_states,DBIL,NORMA_marginal_freq,10.0,0.0809793995470732,75.25006282936995,0.1022868449653022,-0.2891324116505396,0.0456060521968805,,
chs,all_states,DBIL,NORMA_oracle,10.0,0.0727612338066101,43.64236025682418,0.0823925044609348,0.163562741332532,0.0006908874511718,,
chs,all_states,DBIL,Mean,10.0,0.0822444441508915,68.88386447051802,0.1043088052165019,-0.3406021249007076,0.0257944462291068,,
chs,all_states,DBIL,Last,10.0,0.1019999995976686,91.83986024437552,0.1349073747420552,-1.2424839526605878,0.0660000018328428,,
chs,all_states,DBIL,ARIMA,10.0,0.0813896685611212,74.44723754152942,0.1101848758444659,-0.4958978394357298,0.0600050583293108,,
chs,all_states,DBIL,PopRI,10.0,0.078,57.01087801087801,0.0901110426085504,-0.0004928536224741,-0.0019999999999999,,
chs,all_states,DBIL,PerRI,10.0,0.08225,68.88503030303032,0.1043170599662394,-0.3408143173977331,0.02579,,
chs,all_states,DBIL,Gaussian_mle,10.0,0.0718333333333333,59.59353146853146,0.085406706736389,0.1012437708778268,0.0075,,
chs,all_states,DBIL,Gaussian_trunc,10.0,0.2377090637436134,168.4809182310528,0.3382488530016771,-13.09712747128514,-0.0694712436445356,,
chs,all_states,DBIL,Cohen_m2,10.0,0.0651752902865409,46.45720328414912,0.0806945618688854,0.1976820705752361,0.0023691828846931,,
chs,all_states,DBIL,Cohen_m3,10.0,0.0743542664051055,54.806605484090575,0.0830981446335359,0.1491742679231084,-0.0011677492856979,,
chs,all_states,DBIL,Cohen_m4,10.0,0.0722041301727295,49.88800779801288,0.0829181657496994,0.1528558142810956,-0.0070590455532073,,
chs,all_states,GLU,NORMA_normal,18.0,98.01328523423938,51.177774216780094,108.38208820413372,-5.897772150840938,-98.01328523423938,,
chs,all_states,GLU,NORMA_marginal,18.0,54.2130758724164,27.439865484058743,70.45563707816387,-1.9149110620958896,-44.91307091642929,,
chs,all_states,GLU,NORMA_marginal_freq,18.0,65.19601407679885,32.63533932124139,77.95670945651746,-2.568624185531098,-63.94028681530618,,
chs,all_states,GLU,NORMA_oracle,18.0,36.12163889567057,20.24224025316453,44.49858092326117,-0.1627494389582844,-13.167819044325087,,
chs,all_states,GLU,Mean,18.0,36.50827404829559,19.557397981788963,46.30957840138632,-0.2593181720992576,-24.30146533454748,,
chs,all_states,GLU,Last,18.0,58.93111097547743,30.223089738528607,80.19711890790899,-2.776690091178566,-36.17777794731988,,
chs,all_states,GLU,ARIMA,18.0,69.82569315112768,37.2318504957056,101.66991479024874,-5.069860848733836,-8.489135417049418,,
chs,all_states,GLU,PopRI,18.0,96.46666666666668,50.45215634212877,104.92275534358068,-5.464473950438377,-96.46666666666668,,
chs,all_states,GLU,PerRI,18.0,36.50827777777778,19.55740044455976,46.30958470845965,-0.2593185151217112,-24.30146666666667,,
chs,all_states,GLU,Gaussian_mle,18.0,96.21305555555556,50.240196280373,104.93537047339608,-5.466028524187393,-96.21305555555556,,
chs,all_states,GLU,Gaussian_trunc,18.0,97.15237631874226,49.87203139494589,113.47067099377,-6.560683562221413,-95.94682076318672,,
chs,all_states,GLU,Cohen_m2,18.0,93.3697470770942,48.67757431186397,101.95439852992692,-5.103876664993301,-93.3697470770942,,
chs,all_states,GLU,Cohen_m3,18.0,87.61098005506727,45.31378691872276,96.76510166695644,-4.498336690723383,-87.61098005506727,,
chs,all_states,GLU,Cohen_m4,18.0,83.79556265936958,43.07828637113055,93.43615861633982,-4.126533106820601,-83.79556265936958,,
chs,normal,HCT,NORMA_normal,7.0,2.095509905133929,4.508566573227292,2.447161556363873,-0.745646223144204,-0.9526649693080356,,
chs,normal,HCT,NORMA_marginal,7.0,4.960912726070722,10.686397823325615,5.834247582490127,-8.922032836815228,-3.71210035289257,,
chs,normal,HCT,NORMA_marginal_freq,7.0,6.336804535298105,13.68220307351559,6.81565357099776,-12.540851203117638,-6.336804535298105,,
chs,normal,HCT,NORMA_oracle,7.0,2.095509905133929,4.508566573227292,2.447161556363873,-0.745646223144204,-0.9526649693080356,,
chs,normal,HCT,Mean,7.0,2.571627707059691,5.442233366751554,3.2723388006846994,-2.121385969558786,-2.4593828776093565,,
chs,normal,HCT,Last,7.0,5.8799997820173,12.741201126238249,6.795229006617308,-12.459816687584638,-2.6485714721679687,,
chs,normal,HCT,ARIMA,7.0,2.6852521490397794,5.681056594737882,3.6408919384935294,-2.8640837320957995,-1.119296799967182,,
chs,normal,HCT,PopRI,7.0,2.2071428571428577,4.745209656077161,2.572028104712033,-0.9283344933640304,-1.8014285714285714,,
chs,normal,HCT,PerRI,7.0,2.57162857142857,5.442235749963129,3.272331351105596,-2.121371757714205,-2.459371428571428,,
chs,normal,HCT,Gaussian_mle,7.0,1.6818095238095236,3.632334077438067,1.925183462706702,-0.0803766642805074,-0.8705714285714298,,
chs,normal,HCT,Gaussian_trunc,7.0,5.175012733377381,10.89527181809183,9.997568903699202,-28.1353179687354,3.07356198908442,,
chs,normal,HCT,Cohen_m2,7.0,2.697664533342634,5.690024579475261,3.489375160830876,-2.549165739463957,-2.3885518973214284,,
chs,normal,HCT,Cohen_m3,7.0,2.66940887451172,5.654361159544446,3.2926359886174423,-2.160227817675295,-2.295568106515067,,
chs,normal,HCT,Cohen_m4,7.0,2.691265019008092,5.714887964502209,3.348252252918061,-2.2678889482351057,-2.691265019008092,,
chs,all_states,HCT,NORMA_normal,11.0,3.930910061922941,9.289346624986456,4.855373855326383,-0.1234283364953421,-0.1231297718394889,,
chs,all_states,HCT,NORMA_marginal,11.0,5.037269470413902,11.503202032470377,5.811683274107134,-0.6095478754486887,-1.8275401166308936,,
chs,all_states,HCT,NORMA_marginal_freq,11.0,6.914165082097696,15.202349716532554,7.489266074687626,-1.6728743514255142,-6.011107356242536,,
chs,all_states,HCT,NORMA_oracle,11.0,2.7667233969948515,6.568570743060959,3.4486026248511448,0.4332567818205325,-0.9303256086869676,,
chs,all_states,HCT,Mean,11.0,4.292793471183611,10.016707787849947,5.245477057130489,-0.3112032190140077,-1.0841526917461712,,
chs,all_states,HCT,Last,11.0,5.5236362249201,12.715748960915416,6.712067762529964,-1.1469043093239537,-0.1563634144176139,,
chs,all_states,HCT,ARIMA,11.0,4.469244830132124,9.869450511762397,6.954952752960405,-1.3050926778396017,-1.4822214872441228,,
chs,all_states,HCT,PopRI,11.0,4.170909090909091,9.71627917140214,5.131524671532376,-0.2548530356274452,-1.0145454545454549,,
chs,all_states,HCT,PerRI,11.0,4.2928,10.016723733968078,5.245480938865378,-0.311205159636418,-1.0841454545454547,,
chs,all_states,HCT,Gaussian_mle,11.0,4.047060606060606,9.415505901996347,5.332027587317905,-0.3548299809896573,-0.7350606060606075,,
chs,all_states,HCT,Gaussian_trunc,11.0,10.480340322446867,24.36744583607579,16.49140425913563,-11.960307287255544,7.303281764441257,,
chs,all_states,HCT,Cohen_m2,11.0,4.346910275545987,10.156996533585993,5.348933282499669,-0.3634348325186014,-0.9120358692515984,,
chs,all_states,HCT,Cohen_m3,11.0,4.432836900190874,10.380838364286262,5.449991916684038,-0.4154408958439834,-0.8804820806329904,,
chs,all_states,HCT,Cohen_m4,11.0,4.194550517689098,9.694693165492682,4.95797657513955,-0.1714100997945331,-1.4519896212491126,,
chs,normal,HDL,NORMA_normal,13.0,16.161247171255255,23.523554542098868,18.142451671859973,-0.8192887188037496,-9.357558535062353,,
chs,normal,HDL,NORMA_marginal,13.0,19.62047207422604,28.250805075809964,22.24855927610266,-1.7359834312164009,-13.4406659953652,,
chs,normal,HDL,NORMA_marginal_freq,13.0,17.43504922819238,24.666668085562936,19.84468299567034,-1.1766971482770887,-12.33749559164307,,
chs,normal,HDL,NORMA_oracle,13.0,16.161247171255255,23.523554542098868,18.142451671859973,-0.8192887188037496,-9.357558535062353,,
chs,normal,HDL,Mean,13.0,15.843691710144894,22.80851478078115,19.039005751168347,-1.0035408741071672,-10.337830945644916,,
chs,normal,HDL,Last,13.0,18.68384691678561,26.942045640864208,23.389939539879567,-2.0239031345680325,-12.420768655630258,,
chs,normal,HDL,ARIMA,13.0,18.2750219797457,25.935520124155392,22.90560772226945,-1.8999687257443127,-5.686046048787537,,
chs,normal,HDL,PopRI,13.0,10.676153846153843,17.51978718557652,13.450989383112878,-4.17618624981575e-05,-0.0869230769230771,,
chs,normal,HDL,PerRI,13.0,16.00463076923077,23.0700712927664,19.08328494524825,-1.012871018677695,-10.498784615384617,,
chs,normal,HDL,Gaussian_mle,13.0,12.640586080586084,19.08589239494281,14.963514673227474,-0.2375903218434263,-5.334520146520148,,
chs,normal,HDL,Gaussian_trunc,13.0,62.09490050217861,81.7789125443697,107.38961184526902,-62.74325286253727,-55.32602234766172,,
chs,normal,HDL,Cohen_m2,13.0,16.09537487323467,23.611212793731976,19.42938658540948,-1.0865454818051918,-9.283496187650242,,
chs,normal,HDL,Cohen_m3,13.0,17.592710453913757,25.36086468543541,20.808045106612266,-1.3931627702372222,-11.099161799504206,,
chs,normal,HDL,Cohen_m4,13.0,16.474595102163455,23.6451752784726,20.402502327605067,-1.300787710278949,-11.022205270620493,,
chs,all_states,HDL,NORMA_normal,18.0,18.738643866644967,37.50492147170728,20.474550961416,-0.0902549776773982,0.3083953009711371,,
chs,all_states,HDL,NORMA_marginal,18.0,20.91988731145217,39.99491078997969,22.86911366165605,-0.3601849729986401,-2.957601294363722,,
chs,all_states,HDL,NORMA_marginal_freq,18.0,18.791476174104105,35.80326358036172,20.59086419982893,-0.102677353725149,-2.710917306888169,,
chs,all_states,HDL,NORMA_oracle,18.0,14.0021378326416,23.92670330023122,16.451341624353866,0.2961146141795433,-8.853851615058051,,
chs,all_states,HDL,Mean,18.0,17.400490948392807,33.91472624151426,19.964099720298503,-0.0365703152313416,-1.5083865252331663,,
chs,all_states,HDL,Last,18.0,18.762778193155924,35.142783696715966,22.767614045597625,-0.3481379926289694,-3.7016663869222,,
chs,all_states,HDL,ARIMA,18.0,19.94323041943857,38.92538178673513,24.867253283170548,-0.6082551185289988,2.6380146210534594,,
chs,all_states,HDL,PopRI,18.0,17.545555555555556,41.27276759160521,21.9089063574104,-0.2483624728521798,9.77222222222222,,
chs,all_states,HDL,PerRI,18.0,17.516727777777774,34.103637330732404,19.99461147577572,-0.0397411818513824,-1.624627777777778,,
chs,all_states,HDL,Gaussian_mle,18.0,17.194935185185187,37.16326898632186,19.996747255238866,-0.0399633193476485,4.21291402116402,,
chs,all_states,HDL,Gaussian_trunc,18.0,60.50853187781715,103.58805653791214,101.48396417468255,-25.785154343901137,-43.72213462484532,,
chs,all_states,HDL,Cohen_m2,18.0,17.590414191351996,34.479055077603846,20.330163790576552,-0.0749321732100516,-0.7387704637315539,,
chs,all_states,HDL,Cohen_m3,18.0,18.808279817369247,36.11104284661791,21.3610030803949,-0.1867045072971489,-1.913627921210395,,
chs,all_states,HDL,Cohen_m4,18.0,17.922963392469615,34.70875334249241,20.98683915820396,-0.1454954668080104,-1.935836876763238,,
chs,normal,HGB,NORMA_normal,6.0,0.9569679705301924,6.725641553957113,1.1526445095916331,0.0812956736308052,0.1477389717102048,,
chs,normal,HGB,NORMA_marginal,6.0,2.0528211721427385,14.09413074586056,2.504346959263409,-3.336845831195884,-0.517852884590107,,
chs,normal,HGB,NORMA_marginal_freq,6.0,2.073655519426031,14.079486668972343,2.283265278092983,-2.6049374564980874,-2.073655519426031,,
chs,normal,HGB,NORMA_oracle,6.0,0.9569679705301924,6.725641553957113,1.1526445095916331,0.0812956736308052,0.1477389717102048,,
chs,normal,HGB,Mean,6.0,1.5957683422727162,10.793448103728576,2.1286776358472497,-2.1333202434198024,-0.4096256257892519,,
chs,normal,HGB,Last,6.0,2.668333276112875,18.80961228059647,3.49412595291373,-7.442325673696349,0.0816668256123858,,
chs,normal,HGB,ARIMA,6.0,3.262269474388448,22.91163735662945,3.772314342715297,-8.84012781030931,-0.5419767934961041,,
chs,normal,HGB,PopRI,6.0,1.0433333333333337,7.472409527147097,1.1696295709896074,0.0540206217250341,0.9566666666666664,,
chs,normal,HGB,PerRI,6.0,1.5957666666666672,10.793426848421063,2.1286736472899435,-2.1333085014674924,-0.4096333333333337,,
chs,normal,HGB,Gaussian_mle,6.0,0.9308333333333336,6.805240063185019,1.0994866226259117,0.1640796671635145,0.8441666666666663,,
chs,normal,HGB,Gaussian_trunc,6.0,5.052960167727467,34.68977390455055,7.488959987713344,-37.78180426864659,-3.5737064989392,,
chs,normal,HGB,Cohen_m2,6.0,1.391981442769369,9.416012933330814,1.9511215085201423,-1.632410549740248,-0.4187370554606122,,
chs,normal,HGB,Cohen_m3,6.0,1.3675295321146652,9.249739161439429,1.881159251269292,-1.4470120901181955,-0.3784101422627769,,
chs,normal,HGB,Cohen_m4,6.0,1.5622200965881354,10.713799506088709,1.9786503905099715,-1.7072173203118863,-0.3708815193176272,,
chs,all_states,HGB,NORMA_normal,12.0,2.022495965957642,14.28458166191888,2.400449241966911,-1.4238097418227915,0.3566533120473225,,
chs,all_states,HGB,NORMA_marginal,12.0,2.4059475990067467,16.09119985535811,2.8968618858411928,-2.529954048079684,-0.8059806614376339,,
chs,all_states,HGB,NORMA_marginal_freq,12.0,2.7428001190659,17.946311921971557,3.462030630864076,-4.041680084846924,-2.193730150517388,,
chs,all_states,HGB,NORMA_oracle,12.0,0.8430476156870524,5.915776145466012,1.0179181545508835,0.564147850139993,0.2476456356048582,,
chs,all_states,HGB,Mean,12.0,1.66015207780216,11.340711033227862,2.0187434414593266,-0.7142562038115092,-0.4079735302684286,,
chs,all_states,HGB,Last,12.0,2.5724999745686854,17.708643029949055,3.212803722268588,-3.341920436365786,-0.3575000572204591,,
chs,all_states,HGB,ARIMA,12.0,3.321893659185965,23.74600012897413,4.2631497139424575,-6.644949860610134,0.8540034134841751,,
chs,all_states,HGB,PopRI,12.0,1.8866666666666667,13.40517102542838,2.1454098287584435,-0.9361277258530571,0.6449999999999999,,
chs,all_states,HGB,PerRI,12.0,1.6601500000000005,11.34068986352954,2.0187392022415054,-0.7142490041865643,-0.4079833333333334,,
chs,all_states,HGB,Gaussian_mle,12.0,2.186458333333334,15.558476165277076,2.6080912760420536,-1.861271343241028,0.6514583333333333,,
chs,all_states,HGB,Gaussian_trunc,12.0,5.852255808598255,39.33433240867905,7.8338764957172335,-24.814689947751862,-3.030298410693639,,
chs,all_states,HGB,Cohen_m2,12.0,1.407346998850505,9.579113739847314,1.8051168515790288,-0.3706422458910208,-0.3909179178873699,,
chs,all_states,HGB,Cohen_m3,12.0,1.5155337111155192,10.31737309241196,1.884581196917552,-0.4939744828711538,-0.428854684829712,,
chs,all_states,HGB,Cohen_m4,12.0,1.4959016545613617,10.141648168046409,1.8319373537291443,-0.4116749511595485,-0.4632172393798829,,
chs,normal,K,NORMA_normal,8.0,0.3284921169281006,7.629735843082906,0.4234005883884806,-0.7798048070759271,-0.0970261573791503,,
chs,normal,K,NORMA_marginal,8.0,0.2692605500403505,6.383936363603933,0.3790212527112644,-0.4262530506548319,-0.0315099308808957,,
chs,normal,K,NORMA_marginal_freq,8.0,0.329133498157229,7.643406996898819,0.4238091990436629,-0.7832417325315293,-0.0982490842477092,,
chs,normal,K,NORMA_oracle,8.0,0.3284921169281006,7.629735843082906,0.4234005883884806,-0.7798048070759271,-0.0970261573791503,,
chs,normal,K,Mean,8.0,0.3495416391889254,8.300699302516904,0.5029492186680196,-1.511410678957135,0.0070416823029517,,
chs,normal,K,Last,8.0,0.5849999499320984,13.394151508656298,0.6162385283325232,-2.770224023593657,0.0349999785423278,,
chs,normal,K,ARIMA,8.0,0.3644382714169642,8.48741384228279,0.4551734550314489,-1.0569480084043654,-0.0506145611923257,,
chs,normal,K,PopRI,8.0,0.3087499999999999,7.025347755014572,0.3484070894801079,-0.205156446333556,-0.14375,,
chs,normal,K,PerRI,8.0,0.3495374999999999,8.300589352255821,0.502940464916077,-1.511323258303212,0.0070375,,
chs,normal,K,Gaussian_mle,8.0,0.3555208333333334,8.208041560926938,0.4266765339028306,-0.8074528540920136,-0.1478124999999999,,
chs,normal,K,Gaussian_trunc,8.0,2.749544199032674,60.77398826841185,3.644557952313989,-130.87400070390913,-0.1151691724952075,,
chs,normal,K,Cohen_m2,8.0,0.3947415971755981,9.345979247769202,0.5452057035265608,-1.951142917038473,0.1176397323608398,,
chs,normal,K,Cohen_m3,8.0,0.3758667969703673,8.942542833735581,0.4597143342974436,-1.098193572459656,0.1016355872154236,,
chs,normal,K,Cohen_m4,8.0,0.3611581277847289,8.518281870545891,0.4510776268111056,-1.0200961212184525,-0.0075015306472778,,
chs,all_states,K,NORMA_normal,13.0,0.6196997187687802,13.524376359400977,0.7539514470865166,-0.6741223174522788,-0.3086176534799429,,
chs,all_states,K,NORMA_marginal,13.0,0.5688715666747604,12.47972814937945,0.7197704831189268,-0.5257679690364081,-0.2541877637449312,,
chs,all_states,K,NORMA_marginal_freq,13.0,0.620394657410289,13.5371622674208,0.7545127929345273,-0.6766161423794079,-0.3099181444040707,,
chs,all_states,K,NORMA_oracle,13.0,0.3171129461435171,7.228777191856578,0.3983764072010005,0.5326011399354208,-0.0671518648587739,,
chs,all_states,K,Mean,13.0,0.6097802053004394,13.355796181513266,0.7553211356346063,-0.680210531813092,-0.2500878926685878,,
chs,all_states,K,Last,13.0,0.7615384277930628,17.148781624574223,0.9058951901840948,-1.4168869421501076,-0.1384615780757023,,
chs,all_states,K,ARIMA,13.0,0.5404178636610769,11.83780995358272,0.6933751304331716,-0.4159142379859648,-0.2316898344296561,,
chs,all_states,K,PopRI,13.0,0.5692307692307692,12.231885867073586,0.6715653356152326,-0.3282412683807512,-0.3338461538461538,,
chs,all_states,K,PerRI,13.0,0.6215153846153846,13.703032876046173,0.7705166992649501,-0.7484955800806501,-0.2383461538461537,,
chs,all_states,K,Gaussian_mle,13.0,0.6383589743589744,13.77234491183902,0.76039903773032,-0.7028780400293859,-0.3702820512820512,,
chs,all_states,K,Gaussian_trunc,13.0,3.195721652967292,67.19838022550546,3.980119788302395,-45.6544113182721,-0.6951640215084196,,
chs,all_states,K,Cohen_m2,13.0,0.5694437357095572,12.641440549298856,0.6972386208233504,-0.4317371635025548,-0.1259503797384408,,
chs,all_states,K,Cohen_m3,13.0,0.5761981120476356,12.923998341868218,0.681000683586925,-0.3658264645655402,-0.1204907409961406,,
chs,all_states,K,Cohen_m4,13.0,0.6119790913508488,13.530141775575297,0.725867299174456,-0.5517254778529761,-0.2283733690701997,,
chs,normal,LDL,NORMA_normal,15.0,23.644287241617835,24.83070289194752,31.19936351666275,-1.107658718502483,-14.066224599202476,,
chs,normal,LDL,NORMA_marginal,15.0,23.900103723657462,25.710180855493427,30.31488850166748,-0.9898519786408227,-4.910195316226504,,
chs,normal,LDL,NORMA_marginal_freq,15.0,21.694017200757536,24.419331192258845,27.72759088018068,-0.664688945647522,-6.953291472590417,,
chs,normal,LDL,NORMA_oracle,15.0,23.644287241617835,24.83070289194752,31.19936351666275,-1.107658718502483,-14.066224599202476,,
chs,normal,LDL,Mean,15.0,24.578148305418622,34.558416120031524,32.0918491920264,-1.229966332023642,21.898282318276696,,
chs,normal,LDL,Last,15.0,23.81866721598307,25.883138452806943,31.179001559512635,-1.1049085308507631,4.356000081380208,,
chs,normal,LDL,ARIMA,15.0,31.24126232143904,38.02152468243586,40.121908192946094,-2.485555324328332,12.941483167516276,,
chs,normal,LDL,PopRI,15.0,30.02733333333334,30.12100701010587,34.48924788974094,-1.5755872606802417,-26.97533333333333,,
chs,normal,LDL,PerRI,15.0,24.57814,34.558401601822226,32.09183375578072,-1.2299641867873432,21.898273333333336,,
chs,normal,LDL,Gaussian_mle,15.0,21.61293968253968,27.11192072863747,25.377854975040044,-0.3945004001820933,-1.436549206349205,,
chs,normal,LDL,Gaussian_trunc,15.0,28.58614857253712,35.07348583667248,38.62688557445879,-2.2306373291734265,9.608169711946648,,
chs,normal,LDL,Cohen_m2,15.0,27.02216271972656,37.4191730658102,34.01792532597829,-1.505673429756536,23.452603474934897,,
chs,normal,LDL,Cohen_m3,15.0,20.758169494628905,28.611565279987985,26.180523554080263,-0.4841078946371433,14.31392803955078,,
chs,normal,LDL,Cohen_m4,15.0,18.798454366048176,24.450069113421925,21.81838004850642,-0.0307511439689474,13.561873189290363,,
chs,all_states,LDL,NORMA_normal,20.0,37.44253432464599,30.63574920929566,49.61218397608303,-0.9024360966514664,-30.258987342834462,,
chs,all_states,LDL,NORMA_marginal,20.0,34.990484949275114,29.70800577824993,45.62929521721108,-0.6092403301146134,-20.74805364370189,,
chs,all_states,LDL,NORMA_marginal_freq,20.0,34.22440014299102,29.229153775323592,45.14304938050732,-0.5751255296378026,-23.168855846865675,,
chs,all_states,LDL,NORMA_oracle,20.0,22.49716065216064,21.5267095290036,28.833792656509782,0.3574056113455858,-12.717362510681152,,
chs,all_states,LDL,Mean,20.0,29.52795454178159,32.72021159096091,36.4251778267323,-0.025502557762123,5.329368425989907,,
chs,all_states,LDL,Last,20.0,31.927000488281244,28.073157149442263,40.96494810065747,-0.2970544395648979,-10.796000015258787,,
chs,all_states,LDL,ARIMA,20.0,32.73505649053317,34.08334049610103,40.84616945950621,-0.2895436764566397,0.4020026261833219,,
chs,all_states,LDL,PopRI,20.0,46.526,37.41205863750318,57.01500311321574,-1.51253251848367,-44.23700000000001,,
chs,all_states,LDL,PerRI,20.0,29.52794,32.72019564927912,36.42515718858327,-0.0255013956830403,5.329370000000002,,
chs,all_states,LDL,Gaussian_mle,20.0,33.61916309523809,31.02271656108193,41.98140001776992,-0.3622199041733189,-18.486870238095243,,
chs,all_states,LDL,Gaussian_trunc,20.0,36.60666423868061,35.523378851137686,46.97112861138629,-0.7052787391523476,-7.960925525317788,,
chs,all_states,LDL,Cohen_m2,20.0,31.50745567321777,34.96155026330406,38.08986364844767,-0.1213784932970789,6.34861897277832,,
chs,all_states,LDL,Cohen_m3,20.0,29.00233451843261,29.64482420024041,36.15381512989753,-0.0102797602267326,-2.698261367797852,,
chs,all_states,LDL,Cohen_m4,20.0,28.10363543701171,26.842317792239363,35.76308830866403,0.0114391279977371,-3.833389770507813,,
chs,normal,MCH,NORMA_normal,7.0,0.7263661193847659,2.3411894225894643,0.8280095195686316,-1.3167904651125162,-0.5869649178641184,,
chs,normal,MCH,NORMA_marginal,7.0,1.7091525399990946,5.540924020739601,1.9194818659281487,-11.45042350884965,-0.4896492779409231,,
chs,normal,MCH,NORMA_marginal_freq,7.0,0.8233328184545233,2.651014576042225,0.9404965875894098,-1.9890318703000536,-0.7196016295586146,,
chs,normal,MCH,NORMA_oracle,7.0,0.7263661193847659,2.3411894225894643,0.8280095195686316,-1.3167904651125162,-0.5869649178641184,,
chs,normal,MCH,Mean,7.0,1.0193196738279866,3.3000449325399868,1.276467062298418,-4.505988793102599,-0.7640815519475613,,
chs,normal,MCH,Last,7.0,1.802856859479632,5.830019292089404,1.9432370744001903,-11.760499437177398,-0.1571433585030693,,
chs,normal,MCH,ARIMA,7.0,2.188400809810769,7.014896088186544,2.7850531978650315,-25.21096965821451,1.0024838908960696,,
chs,normal,MCH,PopRI,7.0,0.9685714285714287,3.097774128822672,1.110881246064197,-3.1701470304267483,-0.9685714285714287,,
chs,normal,MCH,PerRI,7.0,1.019314285714287,3.300027268262536,1.276467484897286,-4.505992438829283,-0.7640857142857145,,
chs,normal,MCH,Gaussian_mle,7.0,0.9313571428571414,2.989162083043878,1.1191863346142583,-3.232733202379083,-0.7123095238095226,,
chs,normal,MCH,Gaussian_trunc,7.0,6.269380319373194,20.13414560669867,8.64454937081216,-251.52292746379652,1.2513008336581752,,
chs,normal,MCH,Cohen_m2,7.0,1.0249604688371932,3.313600458388586,1.3009973922556688,-4.719643355917524,-0.7285694776262558,,
chs,normal,MCH,Cohen_m3,7.0,0.9701185280936104,3.1302326587375493,1.181232198161868,-3.715053777326253,-0.845414744785854,,
chs,normal,MCH,Cohen_m4,7.0,0.9554600415910997,3.0867805922949967,1.0956267457017923,-3.056405363228457,-0.6750203922816687,,
chs,all_states,MCH,NORMA_normal,16.0,1.898453259468079,6.339735053065885,2.2580414681995307,0.0182552330726954,-0.3119382810592652,,
chs,all_states,MCH,NORMA_marginal,16.0,2.150417704124891,7.177413914730265,2.4937510563561665,-0.1974047105474039,-0.2969189134880245,,
chs,all_states,MCH,NORMA_marginal_freq,16.0,1.949146412818228,6.483225620224578,2.2834779982460565,-0.0039877901160787,-0.4290273654516037,,
chs,all_states,MCH,NORMA_oracle,16.0,0.5934289741516121,1.934040639760595,0.6845363079844156,0.9097748225951312,-0.3231571865081788,,
chs,all_states,MCH,Mean,16.0,2.0399419450949114,6.7757929118322044,2.4819731598636943,-0.1861208216128238,-0.4470876796472642,,
chs,all_states,MCH,Last,16.0,2.274374976158142,7.5763800618379635,2.590326966429389,-0.2919447511558692,-0.2043752622604371,,
chs,all_states,MCH,ARIMA,16.0,2.7144220255740508,8.867150110162642,3.316268295854324,-1.1175520115072364,0.1136983388761967,,
chs,all_states,MCH,PopRI,16.0,2.0700000000000003,6.849359610932587,2.353760289409268,-0.0667415991978044,-0.5887500000000001,,
chs,all_states,MCH,PerRI,16.0,2.0399375000000006,6.775778683686956,2.48197129087949,-0.1861190352597066,-0.4470875000000003,,
chs,all_states,MCH,Gaussian_mle,16.0,1.938465773809524,6.462286902716897,2.316317473874137,-0.0330728192740412,-0.3285550595238093,,
chs,all_states,MCH,Gaussian_trunc,16.0,5.708290563978332,18.248473429229698,8.007078284618313,-11.344767574223944,0.4022199233035723,,
chs,all_states,MCH,Cohen_m2,16.0,2.1169418382644656,7.032323446927805,2.5489394907534315,-0.2509899480740156,-0.4428703737258912,,
chs,all_states,MCH,Cohen_m3,16.0,2.0434772300720216,6.789906147381808,2.419389975185724,-0.1270586640785274,-0.4574571800231934,,
chs,all_states,MCH,Cohen_m4,16.0,2.04157096862793,6.79322631427321,2.409626010917045,-0.1179800492112714,-0.385537977218628,,
chs,normal,MCHC,NORMA_normal,9.0,0.5442562188042532,1.6010499373767937,0.6012378010148004,-0.0968181647636732,-0.1306803046332463,,
chs,normal,MCHC,NORMA_marginal,9.0,1.2273839183890745,3.5867204605139515,1.525715068828703,-6.062995833476744,-1.15606691652591,,
chs,normal,MCHC,NORMA_marginal_freq,9.0,1.2065762759215322,3.5388870241008017,1.3160290097025604,-4.2550034351723705,-1.2065762759215322,,
chs,normal,MCHC,NORMA_oracle,9.0,0.5442562188042532,1.6010499373767937,0.6012378010148004,-0.0968181647636732,-0.1306803046332463,,
chs,normal,MCHC,Mean,9.0,0.4920563664680226,1.4432234227173566,0.5940235876045916,-0.0706547783951399,-0.2486349110712661,,
chs,normal,MCHC,Last,9.0,1.0499992201063373,3.0719448088968164,1.29995256608091,-4.127398714362841,-0.7233333672417532,,
chs,normal,MCHC,ARIMA,9.0,1.2276477684665548,3.613948204214713,1.4016217042473078,-4.960788421668839,-0.3894932238175539,,
chs,normal,MCHC,PopRI,9.0,0.7144444444444452,2.132633812972654,0.8523366575349077,-1.2042680871148257,0.6300000000000002,,
chs,normal,MCHC,PerRI,9.0,0.4920555555555547,1.4432209926205557,0.5940251032854864,-0.0706602420605451,-0.2486333333333329,,
chs,normal,MCHC,Gaussian_mle,9.0,0.836841269841271,2.4922744597616906,1.017174184687886,-2.1392994059602084,0.6297301587301578,,
chs,normal,MCHC,Gaussian_trunc,9.0,4.159874331352386,12.413023395397502,6.667527192381946,-133.8874889590632,3.7690356535885,,
chs,normal,MCHC,Cohen_m2,9.0,0.6406209988064231,1.8705473981864915,0.8227884131972171,-1.054085009785024,-0.5588715955946179,,
chs,normal,MCHC,Cohen_m3,9.0,0.6888553025987407,2.016655119717144,0.821260643533305,-1.0464639611457869,-0.6128889804416231,,
chs,normal,MCHC,Cohen_m4,9.0,0.8290246412489147,2.427397711949464,0.975989872074662,-1.8902319713879103,-0.6671551683213974,,
chs,all_states,MCHC,NORMA_normal,19.0,1.3440765380859367,4.020249940476436,1.5907017187137025,0.0881763095608683,0.1865804732473273,,
chs,all_states,MCHC,NORMA_marginal,19.0,1.6607698647573192,4.840731252633459,2.072560560956172,-0.5479175714610349,-0.8153544330635519,,
chs,all_states,MCHC,NORMA_marginal_freq,19.0,1.5198292193268543,4.399747463759695,1.837336156547499,-0.216495800318295,-0.9835630774535412,,
chs,all_states,MCHC,NORMA_oracle,19.0,0.4576057956093232,1.3460376386480533,0.5344763540261291,0.8970585305588851,0.0370627112137644,,
chs,all_states,MCHC,Mean,19.0,1.369662768651568,4.0967041588693,1.6856270521511287,-0.023897201509506,0.1199316951047404,,
chs,all_states,MCHC,Last,19.0,1.825263041446083,5.378639557446762,2.333766052347728,-0.9626732678338888,-0.3578945802387438,,
chs,all_states,MCHC,ARIMA,19.0,2.179221540518568,6.4201615602719695,3.0057398021879176,-2.255638199637624,-0.2575539233355048,,
chs,all_states,MCHC,PopRI,19.0,1.563157894736842,4.737013404008564,1.8507210543603347,-0.2342845768855823,0.8063157894736842,,
chs,all_states,MCHC,PerRI,19.0,1.3696631578947362,4.096705974499745,1.685626296849802,-0.0238962839272445,0.1199368421052626,,
chs,all_states,MCHC,Gaussian_mle,19.0,1.5061002506265662,4.556271240814649,1.7705836551853589,-0.1297081777193023,0.7657142857142846,,
chs,all_states,MCHC,Gaussian_trunc,19.0,4.121386369180679,12.169056615853812,6.000375713575177,-11.974488938593597,2.271415650431797,,
chs,all_states,MCHC,Cohen_m2,19.0,1.301700881154913,3.849812654129909,1.5566661460547924,0.1267786769189999,-0.2270120158948396,,
chs,all_states,MCHC,Cohen_m3,19.0,1.365691624691611,4.050115848879853,1.5828961593217348,0.0971029758712553,-0.1913608591180098,,
chs,all_states,MCHC,Cohen_m4,19.0,1.4238304138183586,4.226504981708913,1.6093895185455864,0.0666259805383207,-0.2015318458958676,,
chs,normal,MCV,NORMA_normal,9.0,3.9404104275173606,4.368886323413891,4.443971591270613,-0.29642540282078,-1.0652180989583335,,
chs,normal,MCV,NORMA_marginal,9.0,6.846318941684372,7.595901283047343,7.477821388970413,-2.6707529756076007,-4.152525581590323,,
chs,normal,MCV,NORMA_marginal_freq,9.0,3.897018599630457,4.339325842709184,4.3741961677061445,-0.2560342896448064,-0.5498075759748278,,
chs,normal,MCV,NORMA_oracle,9.0,3.9404104275173606,4.368886323413891,4.443971591270613,-0.29642540282078,-1.0652180989583335,,
chs,normal,MCV,Mean,9.0,5.093669875816062,5.595027364748119,6.121699636437202,-1.4600787985439865,-3.234280642756709,,
chs,normal,MCV,Last,9.0,7.946666191948785,8.777827136254153,8.997268090024395,-4.314058203236751,-5.566665988498264,,
chs,normal,MCV,ARIMA,9.0,9.910591759447852,10.993847750829364,13.72559748740629,-11.367089443124977,-7.303164508770657,,
chs,normal,MCV,PopRI,9.0,3.0088888888888885,3.310197918602838,3.995661536105268,-0.0480508877460266,-0.8555555555555558,,
chs,normal,MCV,PerRI,9.0,5.093677777777777,5.595036113158074,6.121704637780414,-1.4600828182457537,-3.2343,,
chs,normal,MCV,Gaussian_mle,9.0,4.380041005291004,4.83893619521132,4.92966458738779,-0.5952903066842545,-1.7241706349206316,,
chs,normal,MCV,Gaussian_trunc,9.0,13.621241368456817,15.25444027668262,22.61876664226689,-32.58480447430299,-9.451855129744208,,
chs,normal,MCV,Cohen_m2,9.0,5.023730706108942,5.518505345419977,6.188482081524787,-1.5140462318926784,-3.233794657389323,,
chs,normal,MCV,Cohen_m3,9.0,4.197211269802518,4.621444991505492,5.108304920412437,-0.7130049188359828,-1.8537287394205733,,
chs,normal,MCV,Cohen_m4,9.0,5.544182569715712,6.10997894696966,6.075295676333639,-1.4229241732395643,-3.4083094278971355,,
chs,all_states,MCV,NORMA_normal,15.0,7.365788675944009,8.910828315645126,8.871218482297422,-0.4842899943404766,3.3442932332356774,,
chs,all_states,MCV,NORMA_marginal,15.0,9.164580275721578,10.921624685365575,10.102729079312954,-0.924995076268084,1.5718557606171126,,
chs,all_states,MCV,NORMA_marginal_freq,15.0,7.519202264282714,9.1353627933107,9.157668932171775,-0.581692615612625,3.9132191526842974,,
chs,all_states,MCV,NORMA_oracle,15.0,4.333485229492187,5.070318070810997,5.325081634433454,0.4651835594377487,-2.0475672200520827,,
chs,all_states,MCV,Mean,15.0,7.882925595116992,9.368500926619122,9.290433557473373,-0.6278866917825772,1.36837756723071,,
chs,all_states,MCV,Last,15.0,8.739999593098958,10.233232272320604,9.693638759679516,-0.7722536199596839,-0.354666625976562,,
chs,all_states,MCV,ARIMA,15.0,10.858455307000357,12.768711792426924,13.423833795307951,-2.3986413896625782,-0.6468147746598523,,
chs,all_states,MCV,PopRI,15.0,6.215999999999999,7.458562993208555,7.684163801828624,-0.1136415790289691,2.454666666666667,,
chs,all_states,MCV,PerRI,15.0,7.882926666666666,9.368501971183155,9.290431758212318,-0.6278860612430384,1.368366666666668,,
chs,all_states,MCV,Gaussian_mle,15.0,7.389792063492061,8.867709309266726,8.693713167895227,-0.4254855658381706,2.488598412698414,,
chs,all_states,MCV,Gaussian_trunc,15.0,24.208614475571,29.584070846087,35.65839348169072,-22.98146749555276,2.0639856966611005,,
chs,all_states,MCV,Cohen_m2,15.0,8.017037658691406,9.564319122435707,9.60385780994751,-0.7395769812080273,1.6386963094075526,,
chs,all_states,MCV,Cohen_m3,15.0,7.590482279459636,9.11859891493131,9.263242092827586,-0.618371560810344,2.5807485148111984,,
chs,all_states,MCV,Cohen_m4,15.0,8.014351094563802,9.54005621125312,9.1324653874564,-0.5729983935203538,1.51598817952474,,
chs,normal,MPV,NORMA_normal,9.0,1.7394323306613502,19.05945307567326,2.0880772549736086,-1.4857393577956373,0.4434641011555992,,
chs,normal,MPV,NORMA_marginal,9.0,1.681063786332799,18.264090624019712,2.018467700127057,-1.3227692693445152,0.3527481912989368,,
chs,normal,MPV,NORMA_marginal_freq,9.0,1.7357723766166862,19.017754896944165,2.085611357331921,-1.479871797610469,0.4419821317188199,,
chs,normal,MPV,NORMA_oracle,9.0,1.7394323306613502,19.05945307567326,2.0880772549736086,-1.4857393577956373,0.4434641011555992,,
chs,normal,MPV,Mean,9.0,1.3206036613861758,14.253581213033398,1.6692851915510536,-0.5886328720511511,0.0927465386621576,,
chs,normal,MPV,Last,9.0,1.9511110708448625,20.61913255094076,2.39571843341796,-2.2721560889668435,0.1288888528611927,,
chs,normal,MPV,ARIMA,9.0,1.820013688813025,19.67435835510108,2.05054752929699,-1.3971882685986654,0.509680701383476,,
chs,normal,MPV,PopRI,9.0,1.301111111111111,14.71998290432113,1.461867147026554,-0.2183674158869231,0.6188888888888892,,
chs,normal,MPV,PerRI,9.0,1.3206,14.253532632631387,1.6692839635937051,-0.5886305347960177,0.0927333333333335,,
chs,normal,MPV,Gaussian_mle,9.0,1.2856693121693126,14.152889105251148,1.6671397968844,-0.5845520183535946,0.2471137566137565,,
chs,normal,MPV,Gaussian_trunc,9.0,5.719903268939563,62.45044398222576,9.340411173241383,-48.73870258509992,-0.9051723297088698,,
chs,all_states,MPV,NORMA_normal,12.0,1.839033686319987,18.47543878372987,2.1347983166585087,-0.3099449139299528,-0.201861362457275,,
chs,all_states,MPV,NORMA_marginal,12.0,1.7955571680495572,17.881266326249374,2.084278482444429,-0.2486790337537121,-0.2701981848257557,,
chs,all_states,MPV,NORMA_marginal_freq,12.0,1.8368636136035204,18.44866894280324,2.1335487745529744,-0.3084118864047651,-0.2035477323518912,,
chs,all_states,MPV,NORMA_oracle,12.0,1.4888255564371746,15.738509869079603,1.857250233464892,0.0085286415241527,0.1752696228027347,,
chs,all_states,MPV,Mean,12.0,1.8541630586275064,17.446011878277,2.266310007526469,-0.4763113637960432,-0.7941504085912561,,
chs,all_states,MPV,Last,12.0,1.9424999761581416,19.203139565348483,2.40161230217236,-0.657849599731428,-0.3825000333786008,,
chs,all_states,MPV,ARIMA,12.0,2.1316071153530234,20.756001477635504,2.359277945066692,-0.5999173401009215,-0.3843363227056475,,
chs,all_states,MPV,PopRI,12.0,1.67,16.47225727482915,1.8793482912967463,-0.0152053002974947,-0.2299999999999996,,
chs,all_states,MPV,PerRI,12.0,1.854166666666666,17.446025386987284,2.266318064982642,-0.4763218613318767,-0.7941666666666664,,
chs,all_states,MPV,Gaussian_mle,12.0,1.7632053571428574,16.86595217134301,2.1638452916300865,-0.3458347669937751,-0.6136180555555555,,
chs,all_states,MPV,Gaussian_trunc,12.0,6.595389982831949,64.80961216495996,10.119276038658429,-28.43324975110061,-2.9843417784089303,,
chs,normal,NA,NORMA_normal,8.0,1.2362690734863264,0.8838746856000385,1.5135109798289177,0.3105238724829369,-0.0477349853515605,,
chs,normal,NA,NORMA_marginal,8.0,1.692999832756783,1.198158201709444,2.288099103025906,-0.5757878356814214,-0.9863520312105578,,
chs,normal,NA,NORMA_marginal_freq,8.0,1.3849677840673174,0.986421299114762,1.641760626582946,0.1887256335787299,-0.4969295442928363,,
chs,normal,NA,NORMA_oracle,8.0,1.2362690734863264,0.8838746856000385,1.5135109798289177,0.3105238724829369,-0.0477349853515605,,
chs,normal,NA,Mean,8.0,1.3888322226206498,0.9906248508219416,1.632582348416971,0.1977711520699879,-0.710082604090374,,
chs,normal,NA,Last,8.0,3.1262488555908163,2.2278331669056177,3.8444881778186,-3.448618272750716,-1.0862462615966777,,
chs,normal,NA,ARIMA,8.0,2.851785456407196,2.0270823511284104,3.483151589876885,-2.651681013141668,-1.9147897546778587,,
chs,normal,NA,PopRI,8.0,1.4549999999999983,1.0372980839741672,1.8411952639521965,-0.0203467372983381,-0.259999999999998,,
chs,normal,NA,PerRI,8.0,1.4628124999999983,1.042911505836717,1.6965697683119314,0.1336536904797733,-0.7840624999999974,,
chs,normal,NA,Gaussian_mle,8.0,1.3153958333333264,0.9421793042222284,1.6776401053016865,0.1528785447517898,-0.2260208333333295,,
chs,normal,NA,Gaussian_trunc,8.0,16.54737091716039,11.734327325627923,21.9017248633618,-143.37922946978097,7.423090053484348,,
chs,normal,NA,Cohen_m2,8.0,1.6604312133789063,1.1857556010984611,1.8589206151806497,-0.0400872422175553,-0.8842485046386699,,
chs,normal,NA,Cohen_m3,8.0,1.0381410217285136,0.7385105797712653,1.303375930547473,0.4886862459876923,-0.6590821838378886,,
chs,normal,NA,Cohen_m4,8.0,1.3374102783203128,0.9518166722910136,1.6023033054248172,0.2272526238335855,-0.770955810546873,,
chs,all_states,NA,NORMA_normal,12.0,3.177919158935547,2.18770328885592,4.2671695581147135,-0.5717469151575925,-2.3855631001790365,,
chs,all_states,NA,NORMA_marginal,12.0,3.388516992680749,2.333718918707183,4.346070455353446,-0.6304081644254498,-2.917418458316599,,
chs,all_states,NA,NORMA_marginal_freq,12.0,3.428488147093617,2.3589327551545978,4.547029349062243,-0.7846716762709387,-2.8364626539106297,,
chs,all_states,NA,NORMA_oracle,12.0,1.3254106140136723,0.929474534618846,1.599017657585969,0.7792964414715692,-0.5330545552571616,,
chs,all_states,NA,Mean,12.0,3.182969232488567,2.192882738280316,4.200529079373787,-0.5230382399124052,-2.7304694868017165,,
chs,all_states,NA,Last,12.0,4.590831807454426,3.1887229433002235,5.688628471462512,-1.7933024199763996,-3.2308300781250003,,
chs,all_states,NA,ARIMA,12.0,3.697017546047711,2.570550075980281,4.272480769990072,-0.5756619581103528,-3.07235374489482,,
chs,all_states,NA,PopRI,12.0,3.2183333333333337,2.218357759890689,4.177259867425058,-0.5062109604563929,-2.421666666666667,,
chs,all_states,NA,PerRI,12.0,3.2322916666666663,2.2277420359098588,4.2174030379093095,-0.535299220737679,-2.7797916666666658,,
chs,all_states,NA,Gaussian_mle,12.0,3.3388749999999967,2.299910934095766,4.503536465574502,-0.750693759459544,-2.612624999999999,,
chs,all_states,NA,Gaussian_trunc,12.0,15.116949077143548,10.597230453876977,19.679989639818064,-32.43124477454369,4.985024903286276,,
chs,all_states,NA,Cohen_m2,12.0,3.2191739908854182,2.224308328071986,4.128518044390833,-0.4712659721632739,-2.7017188517252606,,
chs,all_states,NA,Cohen_m3,12.0,3.1551655578613285,2.164807790737837,4.469543491309699,-0.7243648106848593,-2.902459665934245,,
chs,all_states,NA,Cohen_m4,12.0,3.5216413370768245,2.420299877029113,4.799172734126164,-0.9880878882045788,-3.1440050252278646,,
chs,normal,PLT,NORMA_normal,12.0,74.0908979288737,24.104410078489504,84.92538884571093,0.1154195489340095,-47.5509614054362,,
chs,normal,PLT,NORMA_marginal,12.0,74.78221893306359,24.221297730648924,86.05697394201785,0.0916893825958826,-49.51280367945825,,
chs,normal,PLT,NORMA_marginal_freq,12.0,77.85188292636393,24.75040417136929,91.43285627042076,-0.0253374571359559,-58.20124887358888,,
chs,normal,PLT,NORMA_oracle,12.0,74.0908979288737,24.104410078489504,84.92538884571093,0.1154195489340095,-47.5509614054362,,
chs,normal,PLT,Mean,12.0,83.17889529165366,31.189199288517333,98.22351419034167,-0.1832954249332066,7.326521270462043,,
chs,normal,PLT,Last,12.0,54.04916376749674,19.114527345732903,83.56317893722526,0.1435694402794486,-15.747503509521485,,
chs,normal,PLT,ARIMA,12.0,101.10235531463783,34.18924924472591,120.52444135283812,-0.7816094334855488,-4.887339525498599,,
chs,normal,PLT,PopRI,12.0,77.74083333333333,27.01391022015397,91.10241558268366,-0.017939657516208,-12.094166666666666,,
chs,normal,PLT,PerRI,12.0,83.1789,31.189200461172256,98.22351150290682,-0.1832953601823299,7.32651666666666,,
chs,normal,PLT,Gaussian_mle,12.0,79.22615972222222,29.713862009040405,95.59116774636664,-0.1207217058018643,-1.4027569444444314,,
chs,normal,PLT,Gaussian_trunc,12.0,398.96925634885935,162.74721262443242,622.8434673888493,-46.57952223876564,327.8582571042044,,
chs,normal,PLT,Cohen_m2,12.0,81.09514460245768,27.98761726407556,101.3256482988608,-0.2592183143116731,-25.213270416259764,,
chs,normal,PLT,Cohen_m3,12.0,80.73968663533529,28.285134974909283,97.3334978697274,-0.1619485840528103,-20.79275853474935,,
chs,normal,PLT,Cohen_m4,12.0,67.69200764973958,24.55305486115359,83.61594724065718,0.1424874647678322,-8.168029378255207,,
chs,all_states,PLT,NORMA_normal,16.0,103.84013633728028,35.39731140174009,122.22506026929568,-0.1088624760031318,-55.8313436126709,,
chs,all_states,PLT,NORMA_marginal,16.0,84.19364948011128,31.32069935355093,102.63772890807468,0.2180639529785103,-37.418570911721126,,
chs,all_states,PLT,NORMA_marginal_freq,16.0,108.31128273916752,35.81346797799765,128.0467247224164,-0.2170099121868813,-66.9922087830249,,
chs,all_states,PLT,NORMA_oracle,16.0,73.28675868988037,22.13095062987605,92.39469894548375,0.3663473194303355,-19.50757213592529,,
chs,all_states,PLT,Mean,16.0,98.54796345039192,35.78733935285916,112.72474577357364,0.0568175828341149,-11.820150647335412,,
chs,all_states,PLT,Last,16.0,72.76874897003174,30.07463968310572,112.28292790458694,0.0641965872995937,-9.682502708435058,,
chs,all_states,PLT,ARIMA,16.0,124.7174131068376,44.281714013158016,159.35246876127016,-0.884841169649367,-14.259925253455831,,
chs,all_states,PLT,PopRI,16.0,104.1125,35.06623419383495,121.05111683706184,-0.0876640351341855,-34.36625,,
chs,all_states,PLT,PerRI,16.0,98.54796875,35.78734048556422,112.72474643418754,0.0568175717792325,-11.820156250000004,,
chs,all_states,PLT,Gaussian_mle,16.0,100.91086979166668,37.060036767532345,117.64864893132751,-0.0273798774449181,-18.81456770833332,,
chs,all_states,PLT,Gaussian_trunc,16.0,379.3227975809953,144.8188068598613,577.7641753895143,-23.77755143218898,286.38998082281284,,
chs,all_states,PLT,Cohen_m2,16.0,98.16917469024658,32.87768240296462,116.74123611004843,-0.0115928289026159,-40.22675128936768,,
chs,all_states,PLT,Cohen_m3,16.0,100.58239269256592,33.61280037497821,116.68760138273402,-0.0106635250210447,-39.73827739715576,,
chs,all_states,PLT,Cohen_m4,16.0,91.51647445678712,31.34116787386872,109.768549825711,0.1056386550520961,-29.576153717041016,,
chs,normal,RBC,NORMA_normal,10.0,0.4078461742401122,7.672706708301765,0.5005668927005499,-0.9382345838971188,-0.1237588520050048,,
chs,normal,RBC,NORMA_marginal,10.0,0.7261231215338373,13.412527524102696,0.9382351778686872,-5.809347821639651,-0.589012572245142,,
chs,normal,RBC,NORMA_marginal_freq,10.0,0.7208254360549473,13.494091678432069,0.8503569072295808,-4.593512095617581,-0.7134837931523286,,
chs,normal,RBC,NORMA_oracle,10.0,0.4078461742401122,7.672706708301765,0.5005668927005499,-0.9382345838971188,-0.1237588520050048,,
chs,normal,RBC,Mean,10.0,0.4036904188545923,7.64870094245044,0.5214204235532549,-1.1030915103998875,-0.1472238354701844,,
chs,normal,RBC,Last,10.0,0.8549999647140503,16.02122404262878,1.029451289459959,-7.197731654528086,-0.5470000143051147,,
chs,normal,RBC,ARIMA,10.0,0.8649105585719221,16.261247740930312,1.040938731093696,-7.381706131771979,-0.2123235228109283,,
chs,normal,RBC,PopRI,10.0,0.2739999999999999,5.314060411643841,0.3375203697556637,0.1187846158606392,-0.0219999999999997,,
chs,normal,RBC,PerRI,10.0,5.15698522,99.90226560463108,5.169510462253621,-205.7192550771192,-5.15698522,,
chs,normal,RBC,Gaussian_mle,10.0,0.3336333333333333,6.398618295292592,0.3736004624669989,-0.0796845938577583,-0.0436,,
chs,normal,RBC,Gaussian_trunc,10.0,1.2189075060012764,24.228380806985623,2.1131104999704027,-33.54033219689013,-0.0471333102378327,,
chs,normal,RBC,Cohen_m2,10.0,0.413930528640747,7.824539724697346,0.511466877668908,-1.023564829917245,-0.1968192691802977,,
chs,normal,RBC,Cohen_m3,10.0,0.4080162315368651,7.687492314405758,0.5251520025977554,-1.1333010445282428,-0.2198509330749511,,
chs,normal,RBC,Cohen_m4,10.0,0.4855529098510741,9.046831591447296,0.6347530021802079,-2.116675746285368,-0.3107961769104003,,
chs,all_states,RBC,NORMA_normal,18.0,0.6445373736487494,12.352396893137126,0.7540661890940644,-0.4806311205727498,-0.2673698223961723,,
chs,all_states,RBC,NORMA_marginal,18.0,0.7986657766073008,14.91967197023982,0.9711849158074348,-1.4560194039122618,-0.5566310502695875,,
chs,all_states,RBC,NORMA_marginal_freq,18.0,1.0497021614993316,19.202089500494804,1.2341163361293754,-2.965885204635717,-0.9865812215817686,,
chs,all_states,RBC,NORMA_oracle,18.0,0.4021956067615085,7.773595391790805,0.5007663982096014,0.3470223806550729,-0.11681880791982,,
chs,all_states,RBC,Mean,18.0,0.619564564035683,12.075817930004176,0.7550936550540353,-0.4846687887064334,-0.2116386763244288,,
chs,all_states,RBC,Last,18.0,0.89055553595225,16.80294754352284,1.0903490856142315,-2.0957014043812774,-0.5327777687708536,,
chs,all_states,RBC,ARIMA,18.0,0.909497893943238,17.840422376849222,1.081156300186616,-2.043721440807478,-0.1905340480681481,,
chs,all_states,RBC,PopRI,18.0,0.5816666666666666,11.201312051411469,0.708782210712305,-0.3081379789226999,-0.2316666666666665,,
chs,all_states,RBC,PerRI,18.0,5.226646638888889,99.90235329493184,5.263265419179783,-71.13374490379339,-5.226646638888889,,
chs,all_states,RBC,Gaussian_mle,18.0,0.6329999999999999,12.194378258279365,0.7574296976707343,-0.4938692750890676,-0.2470555555555555,,
chs,all_states,RBC,Gaussian_trunc,18.0,1.684685586847444,31.696666596533028,2.45258674288365,-14.663062814497389,0.0787544347227542,,
chs,all_states,RBC,Cohen_m2,18.0,0.6462361102634006,12.516021918596826,0.7785219740977335,-0.5782277932131064,-0.2643667284647623,,
chs,all_states,RBC,Cohen_m3,18.0,0.6212444443172878,11.974501312796274,0.7368428803474332,-0.4137666084260933,-0.2828511354658338,,
chs,all_states,RBC,Cohen_m4,18.0,0.6889929644266763,13.010829356190476,0.8099927837876442,-0.7084026496618567,-0.3935064697265624,,
chs,normal,RDW,NORMA_normal,12.0,0.8967415205637613,6.9422651738011085,1.002280119795167,-1.389629608234383,-0.489262647628784,,
chs,normal,RDW,NORMA_marginal,12.0,1.4796714676777745,11.476678139770412,1.8805536679694967,-7.412475689939763,1.001382387821179,,
chs,normal,RDW,NORMA_marginal_freq,12.0,0.734312442093849,5.940906580341415,0.988073559296036,-1.322367332152389,0.4943862799351324,,
chs,normal,RDW,NORMA_oracle,12.0,0.8967415205637613,6.9422651738011085,1.002280119795167,-1.389629608234383,-0.489262647628784,,
chs,normal,RDW,Mean,12.0,0.7878332980915354,6.324532326563174,0.9602537383844127,-1.1934329915454345,0.6696666723269007,,
chs,normal,RDW,Last,12.0,1.6799999809265136,13.013764725487482,1.8313200908696563,-6.977758367108391,0.9600000508626304,,
chs,normal,RDW,ARIMA,12.0,1.2456258117060306,9.635392404094572,1.4744694265206777,-4.1715877943217965,0.1483553333898233,,
chs,normal,RDW,PopRI,12.0,1.1725,8.89879686869092,1.3049680711292004,-3.0509056669227146,-1.1324999999999998,,
chs,normal,RDW,PerRI,12.0,0.7878333333333337,6.32453265192911,0.960257297984938,-1.193449253413288,0.6696666666666671,,
chs,normal,RDW,Gaussian_mle,12.0,0.7111746031746029,5.526757009984479,0.8269137104232919,-0.6265699459984024,-0.2317698412698411,,
chs,normal,RDW,Gaussian_trunc,12.0,0.7505537922941353,5.877707372349967,0.8407002003434694,-0.6812591465749378,-0.0281185257269999,,
chs,normal,RDW,Cohen_m2,12.0,0.7068009281158448,5.690065878131337,0.8773777537460217,-0.8311570579024166,0.6016827551523846,,
chs,normal,RDW,Cohen_m3,12.0,0.8193285592397056,6.576461260716328,0.9959537196284568,-1.3595580919693946,0.7486721007029217,,
chs,normal,RDW,Cohen_m4,12.0,1.029903742472331,8.238273254810471,1.2448004818387193,-2.685970488397234,0.9683965174357098,,
chs,all_states,RDW,NORMA_normal,20.0,1.599261339187622,11.250325461150652,1.8640766661219887,-1.5487908196549185,-1.3547740154266357,,
chs,all_states,RDW,NORMA_marginal,20.0,1.7630445439202558,12.77890382632926,2.0585790332523586,-2.1084346699465963,-0.2744122306208837,,
chs,all_states,RDW,NORMA_marginal_freq,20.0,1.0719670197388145,7.774875350264709,1.320223651355782,-0.2785027643091082,-0.3347477865214257,,
chs,all_states,RDW,NORMA_oracle,20.0,1.1535358619689942,8.289080503018988,1.4374105556275474,-0.5155431762417935,0.2920545883178711,,
chs,all_states,RDW,Mean,20.0,1.167960683939949,8.410172308303625,1.359832350952371,-0.3563675526232941,-0.2934607016888875,,
chs,all_states,RDW,Last,20.0,1.7274999351501463,12.677230351059269,1.94144657114938,-1.764760654341492,-0.1434999160766601,,
chs,all_states,RDW,ARIMA,20.0,1.7886372488270808,12.719338676899657,2.0604976440169978,-2.1142315378936187,-0.9522485617695686,,
chs,all_states,RDW,PopRI,20.0,1.992,13.924089112074814,2.28830286457016,-2.8409058567922387,-1.968,,
chs,all_states,RDW,PerRI,20.0,1.16796,8.410168563777425,1.359831505371162,-0.3563658657704145,-0.2934599999999998,,
chs,all_states,RDW,Gaussian_mle,20.0,1.3825297619047618,9.676801292524214,1.6776011245798597,-1.0643535150520935,-1.0948869047619048,,
chs,all_states,RDW,Gaussian_trunc,20.0,1.3020887335818012,9.193794093834873,1.5743832820190833,-0.8181411353732622,-0.7105184770364937,,
chs,all_states,RDW,Cohen_m2,20.0,1.0965914916992188,7.870503114859654,1.3137436873882795,-0.2659831880388947,-0.3115012817382812,,
chs,all_states,RDW,Cohen_m3,20.0,1.0337625827789307,7.536364376362359,1.2357152971851348,-0.1200657047627944,-0.0929621868133544,,
chs,all_states,RDW,Cohen_m4,20.0,1.3030380573272706,9.526382427620854,1.471461435030883,-0.5881971874129104,-0.1040579013824462,,
chs,normal,TBIL,NORMA_normal,10.0,0.2269182162284851,54.54901705348541,0.2563782538784895,-0.2498775230900618,0.1064121332168579,,
chs,normal,TBIL,NORMA_marginal,10.0,0.4429052383528449,103.0776173518389,0.5129279126486616,-4.002853136095248,0.3646300332048058,,
chs,normal,TBIL,NORMA_marginal_freq,10.0,0.2212965086288706,52.53390559909471,0.2511946689435134,-0.1998471487505242,0.0899784536639907,,
chs,normal,TBIL,NORMA_oracle,10.0,0.2269182162284851,54.54901705348541,0.2563782538784895,-0.2498775230900618,0.1064121332168579,,
chs,normal,TBIL,Mean,10.0,0.3520976240457523,92.43115725873824,0.4036437375637909,-2.098143468681027,0.329097624939822,,
chs,normal,TBIL,Last,10.0,0.4820000087618828,109.32589355506934,0.565844506668409,-5.0883455803840185,0.3980000060200691,,
chs,normal,TBIL,ARIMA,10.0,0.7247186928307121,155.79103753829204,0.9354712077480468,-15.640483381041465,0.5263188080584796,,
chs,normal,TBIL,PopRI,10.0,0.249,63.56862102719728,0.279051966486531,-0.4807279088782832,0.159,,
chs,normal,TBIL,PerRI,10.0,0.35209,92.4293837521286,0.4036367859846275,-2.0980367567362004,0.32909,,
chs,normal,TBIL,Gaussian_mle,10.0,0.2387738095238095,58.12702469411559,0.2760081731060064,-0.4486016395313699,0.1409404761904762,,
chs,normal,TBIL,Gaussian_trunc,10.0,1.3429905860999338,222.3788889953404,1.871775486896056,-65.6212225626075,0.6659546785689232,,
chs,normal,TBIL,Cohen_m2,10.0,0.4085987350940704,105.56317507064878,0.5180182165674148,-4.102642619096864,0.3829350378513336,,
chs,normal,TBIL,Cohen_m3,10.0,0.306713923215866,81.06387542762687,0.3485397428677537,-1.3099878749989524,0.2740309503078461,,
chs,normal,TBIL,Cohen_m4,10.0,0.2911799507141113,76.5873711843963,0.3410795459574671,-1.212159513787141,0.2246559586524963,,
chs,all_states,TBIL,NORMA_normal,22.0,0.4581836555220863,60.00553241653734,0.5349296843703714,-0.4433693716000566,-0.252996047410098,,
chs,all_states,TBIL,NORMA_marginal,22.0,0.5168909867310899,85.53938228080594,0.5891472710514072,-0.7507810168859013,-0.0601626918630234,,
chs,all_states,TBIL,NORMA_marginal_freq,22.0,0.4632068333829864,59.2719971973969,0.544775129990796,-0.4969890869351492,-0.2707167662681469,,
chs,all_states,TBIL,NORMA_oracle,22.0,0.194218941764398,32.893454663921126,0.2346763773179287,0.7222060141318682,0.0894334347139705,,
chs,all_states,TBIL,Mean,22.0,0.4219944922658467,75.30013148604958,0.4650697818718742,-0.0909889006041537,-0.0239360451214694,,
chs,all_states,TBIL,Last,22.0,0.5295454511588269,92.90492419363063,0.6286095770532352,-0.9931779545083756,-0.0031818154454231,,
chs,all_states,TBIL,ARIMA,22.0,0.7821670694594889,156.23811294790372,1.1333851012108551,-5.479464087027713,0.0839277006718359,,
chs,all_states,TBIL,PopRI,22.0,0.4272727272727272,65.45193349757547,0.4737471515865437,-0.1320805055776959,-0.1618181818181817,,
chs,all_states,TBIL,PerRI,22.0,0.4219954545454545,75.30004021497106,0.4650715648742088,-0.0909972659702191,-0.023940909090909,,
chs,all_states,TBIL,Gaussian_mle,22.0,0.4447646103896103,62.28872657550054,0.5159498686517023,-0.3427621809860925,-0.202939935064935,,
chs,all_states,TBIL,Gaussian_trunc,22.0,1.534085982105822,182.45914100660264,1.9333963222904484,-17.854970820254543,0.2382665636254342,,
chs,all_states,TBIL,Cohen_m2,22.0,0.4416261942820115,83.01217633903057,0.5232288393526081,-0.3809165520819881,0.0308017775145444,,
chs,all_states,TBIL,Cohen_m3,22.0,0.4453982021591879,72.65547295723653,0.4924932586375409,-0.2234456148060846,-0.1004395359212701,,
chs,all_states,TBIL,Cohen_m4,22.0,0.4327712937918576,69.4719333093031,0.4825564955009529,-0.1745740997052536,-0.125705617016012,,
chs,normal,TC,NORMA_normal,7.0,34.952275477818084,20.03649578289834,45.28688741876054,-2.9902229546649304,-26.702924891880578,,
chs,normal,TC,NORMA_marginal,7.0,30.66243789953186,17.718778272049555,33.801152067286765,-1.2228759310160164,12.313728716407384,,
chs,normal,TC,NORMA_marginal_freq,7.0,27.306085946248665,16.27611907840216,33.30492122373824,-1.1580874498224776,-12.502565386846028,,
chs,normal,TC,NORMA_oracle,7.0,34.952275477818084,20.03649578289834,45.28688741876054,-2.9902229546649304,-26.702924891880578,,
chs,normal,TC,Mean,7.0,25.124359081207764,16.263013565152942,30.26137026600682,-0.7816787347537677,19.68864539615692,,
chs,normal,TC,Last,7.0,25.26571498325893,14.81876773344377,29.27452080950589,-0.6673693250600006,16.52571498325893,,
chs,normal,TC,ARIMA,7.0,37.55713840385895,21.912369055702424,49.7327301282032,-3.81212410694078,10.475247297896637,,
chs,normal,TC,PopRI,7.0,27.74714285714285,15.376705523243142,31.58587681679447,-0.9410561214688486,-21.99285714285714,,
chs,normal,TC,PerRI,7.0,25.12435714285716,16.26301323125154,30.2613712206314,-0.781678847163372,19.688642857142863,,
chs,normal,TC,Gaussian_mle,7.0,23.469095238095257,13.728311834166504,25.566202393034207,-0.2716999755910463,-9.674380952380956,,
chs,normal,TC,Gaussian_trunc,7.0,65.21616690580046,35.63694010791621,119.2066722395816,-26.64733956003816,37.67523935339504,,
chs,normal,TC,Cohen_m2,7.0,29.264227469308043,18.6956185235754,33.90737924616842,-1.2368695891226742,24.284185791015627,,
chs,normal,TC,Cohen_m3,7.0,24.797455269949783,15.520920298922784,27.846176269626152,-0.5086321323963303,7.186858694893975,,
chs,normal,TC,Cohen_m4,7.0,18.477221243722106,11.1970626865665,23.3268047804594,-0.0586751698448957,6.436815098353796,,
chs,all_states,TC,NORMA_normal,13.0,51.76136873685396,25.47453609436048,62.80712394565064,-3.259358030476319,-47.319410729041465,,
chs,all_states,TC,NORMA_marginal,13.0,38.77918267875903,19.31669496773961,49.46845476449643,-1.6423054653729738,-14.051989571030486,,
chs,all_states,TC,NORMA_marginal_freq,13.0,41.32484122069328,20.61066371944135,50.07978537737505,-1.7080161609786284,-33.35371476563032,,
chs,all_states,TC,NORMA_oracle,13.0,24.24206477238582,13.261625155462443,34.63274168821955,-0.2950903912145908,-12.582959359975955,,
chs,all_states,TC,Mean,13.0,29.380296236347952,15.828460201639857,33.58146797346832,-0.2176590126589894,-2.3706782812134817,,
chs,all_states,TC,Last,13.0,33.89769244854268,16.90246691518098,44.42376352054412,-1.130870372621382,-10.026923217773431,,
chs,all_states,TC,ARIMA,13.0,40.94822898347161,21.202696587901173,49.017370466661696,-1.5943367849258347,-10.091105804601533,,
chs,all_states,TC,PopRI,13.0,47.48461538461538,22.94813888459002,53.81695186177221,-2.127263860689995,-44.386153846153846,,
chs,all_states,TC,PerRI,13.0,29.38029230769232,15.828458619979202,33.58146651026426,-0.2176589065478709,-2.37067692307692,,
chs,all_states,TC,Gaussian_mle,13.0,37.2512435897436,18.299690589690613,44.42653345854438,-1.131136111602745,-29.823320512820512,,
chs,all_states,TC,Gaussian_trunc,13.0,72.80389370852829,35.81619473871267,120.4809927596159,-14.673406907076616,24.67609427719236,,
chs,all_states,TC,Cohen_m2,13.0,33.392712402343754,17.932881175221606,37.44785807371572,-0.51418973664263,-4.5589514160156215,,
chs,all_states,TC,Cohen_m3,13.0,31.497513380784262,16.404368525560848,36.51798994495616,-0.4399256340914901,-14.120365694486177,,
chs,all_states,TC,Cohen_m4,13.0,27.435716458834136,13.790341702764048,33.31516679961509,-0.1984235035275177,-12.823074012169467,,
chs,normal,TGL,NORMA_normal,6.0,34.24004302978516,29.31023383635449,43.83186135453139,-0.9573659976162184,-26.083076578776044,,
chs,normal,TGL,NORMA_marginal,6.0,39.28596301660591,37.382562821953485,47.95206787089111,-1.342647219554364,2.672672797926532,,
chs,normal,TGL,NORMA_marginal_freq,6.0,25.896420681512907,25.51408987147643,34.02880341912239,-0.1797379990841179,-8.197353955554702,,
chs,normal,TGL,NORMA_oracle,6.0,34.24004302978516,29.31023383635449,43.83186135453139,-0.9573659976162184,-26.083076578776044,,
chs,normal,TGL,Mean,6.0,15.914415906270344,20.636358193271167,22.66927528941892,0.476438762906867,8.074583905537924,,
chs,normal,TGL,Last,6.0,51.041667353312185,48.37473902528173,65.64126878767064,-3.389814273481181,13.83499961853027,,
chs,normal,TGL,ARIMA,6.0,14.416759304322548,16.19923745012057,16.996393193853937,0.7056895035681818,4.369176334270171,,
chs,normal,TGL,PopRI,6.0,29.79833333333333,27.20857175372135,35.95835345692755,-0.3173215800660092,-17.648333333333337,,
chs,normal,TGL,PerRI,6.0,15.914416666666662,20.63635857104019,22.669275305465767,0.4764387621656426,8.074583333333333,,
chs,normal,TGL,Gaussian_mle,6.0,36.64946428571428,33.37081435329374,39.41882094522053,-0.5830676429469281,-27.665297619047617,,
chs,normal,TGL,Gaussian_trunc,6.0,38.29137486453451,35.47645674750295,40.53091811909596,-0.6736517484336575,-29.93899837650334,,
chs,normal,TGL,Cohen_m2,6.0,31.962340291341143,35.112842268947645,37.48513831869771,-0.4315629425907779,2.137318827311196,,
chs,normal,TGL,Cohen_m3,6.0,24.83841710408529,28.381566510515484,29.64539063277483,0.1046216954753181,6.228102264404295,,
chs,normal,TGL,Cohen_m4,6.0,29.1401899210612,32.32169357412962,37.6582814105736,-0.4448182052082814,-5.632637125651044,,
chs,all_states,TGL,NORMA_normal,14.0,69.77148723057337,41.73878371639421,79.22223274652053,-1.7858820658801595,-66.27564446585518,,
chs,all_states,TGL,NORMA_marginal,14.0,46.0547712183194,30.85376762175282,58.06286478004197,-0.4964613032725964,-28.07249872637692,,
chs,all_states,TGL,NORMA_marginal_freq,14.0,57.026789520010006,35.10387645686976,65.71272726798402,-0.916759195617648,-49.44147520888506,,
chs,all_states,TGL,NORMA_oracle,14.0,29.40536712646485,20.04062854364208,35.75163587928828,0.4326377863632284,-9.857731846400672,,
chs,all_states,TGL,Mean,14.0,29.105577137032338,20.31440704559825,35.90962032552164,0.4276124247205648,-18.82457721768594,,
chs,all_states,TGL,Last,14.0,52.5942851802281,36.39785310824421,66.71668359935859,-0.975774933469334,-12.79142886570522,,
chs,all_states,TGL,ARIMA,14.0,48.6433015840923,29.14671974531912,91.48892777378347,-2.715400600786182,-31.33541135770744,,
chs,all_states,TGL,PopRI,14.0,68.07499999999997,40.10797250401224,78.77317477597126,-1.7543889635664387,-62.86785714285713,,
chs,all_states,TGL,PerRI,14.0,29.105578571428573,20.31440808182997,35.909618582163034,0.4276124802976926,-18.82457857142857,,
chs,all_states,TGL,Gaussian_mle,14.0,76.72572278911566,46.46557064836179,85.7071189586592,-2.260636340047364,-72.87536564625852,,
chs,all_states,TGL,Gaussian_trunc,14.0,118.78900572279828,68.77097934374656,170.9817671035218,-11.976816808368422,-73.15370151364206,,
chs,all_states,TGL,Cohen_m2,14.0,52.55740515572683,34.60767650358391,62.79334119417711,-0.7502325476115457,-37.94326553344727,,
chs,all_states,TGL,Cohen_m3,14.0,50.23409489222935,32.421611001064406,59.39339024999359,-0.5658306993579882,-35.17562146868024,,
chs,all_states,TGL,Cohen_m4,14.0,45.59403967721122,30.992460911405484,53.06143430000467,-0.2497597734995904,-35.519374193464,,
chs,normal,TP,NORMA_normal,10.0,0.56733634185791,8.380146748494344,0.6051493193840034,-0.2140931367704124,0.1381741752624511,,
chs,normal,TP,NORMA_marginal,10.0,0.4788050409965464,7.086758410939964,0.5419361921153075,0.0263043794713383,0.1212542805349135,,
chs,normal,TP,NORMA_marginal_freq,10.0,0.555367870053417,8.145203671911656,0.5947017404042861,-0.1725336756077404,0.0842410843839759,,
chs,normal,TP,NORMA_oracle,10.0,0.56733634185791,8.380146748494344,0.6051493193840034,-0.2140931367704124,0.1381741752624511,,
chs,normal,TP,Mean,10.0,0.700857123511178,10.538682173196907,0.8154947491419003,-1.2048002210596835,0.3225872380695644,,
chs,normal,TP,Last,10.0,0.6399999446868897,9.51250498058796,0.7043577858988667,-0.6448016953156164,0.4159999599456787,,
chs,normal,TP,ARIMA,10.0,0.5234619673479516,7.496451112468947,0.6649253782082434,-0.4657932711555446,0.0270628062858738,,
chs,normal,TP,PopRI,10.0,0.5469999999999999,8.179999683557579,0.5841489536068688,-0.1312904263184242,0.199,,
chs,normal,TP,PerRI,10.0,0.7008499999999999,10.538586372450872,0.8154856252565091,-1.204750886022233,0.32259,,
chs,normal,TP,Gaussian_mle,10.0,0.7631190476190477,11.205580092316348,0.8491378814558658,-1.390470219121359,0.081547619047619,,
chs,normal,TP,Gaussian_trunc,10.0,4.205240359810463,63.39419342424433,5.221207199013426,-89.37925602322602,-0.7625809962059805,,
chs,normal,TP,Cohen_m2,10.0,0.7582079010009763,11.383518646145504,0.8367050315640309,-1.3209814369459378,0.3521587600708008,,
chs,normal,TP,Cohen_m3,10.0,0.7069797592163084,10.653422046649204,0.7886726355769291,-1.0621509407512535,0.3471857299804687,,
chs,normal,TP,Cohen_m4,10.0,0.6517459602355956,9.801562704269609,0.7321997697599074,-0.7774037073241025,0.2925317039489746,,
chs,all_states,TP,NORMA_normal,14.0,0.8342758423941474,12.371178549062234,0.9957701605360948,-0.2874402200416128,0.0925940677097865,,
chs,all_states,TP,NORMA_marginal,14.0,0.7885097055828865,11.63429939920054,1.0135099533507503,-0.3337207033759346,0.0558748857022959,,
chs,all_states,TP,NORMA_marginal_freq,14.0,0.8209425718725447,12.09557882597984,0.9833307600172716,-0.255475106703025,0.041753269601152,,
chs,all_states,TP,NORMA_oracle,14.0,0.6060622106279645,8.749154287538584,0.7589890234484005,0.2520374615718292,-0.0978265598842076,,
chs,all_states,TP,Mean,14.0,0.9556122403890908,14.327161133677103,1.1450392125636193,-0.7023528250386661,0.2341813614795536,,
chs,all_states,TP,Last,14.0,1.007857074737549,15.231892579161826,1.2782604668098667,-1.1215221560728388,0.3721428489685058,,
chs,all_states,TP,ARIMA,14.0,0.8531109989831945,12.9850344112089,1.170969713747281,-0.7803286532641489,0.1910994200498872,,
chs,all_states,TP,PopRI,14.0,0.7864285714285713,11.77149937536561,0.8902046313709481,-0.028936457180257,0.1492857142857142,,
chs,all_states,TP,PerRI,14.0,0.9556071428571428,14.327078724893331,1.1450365505707043,-0.7023449097710641,0.2341785714285714,,
chs,all_states,TP,Gaussian_mle,14.0,1.0117278911564629,15.011592055491793,1.1695683091647096,-0.7760698449753527,0.0713197278911565,,
chs,all_states,TP,Gaussian_trunc,14.0,3.9259641581956974,60.51798312555307,5.01350771141328,-31.635647310491308,-0.0745728897908501,,
chs,all_states,TP,Cohen_m2,14.0,0.954157837459019,14.375619054099822,1.077778898895175,-0.5082322041955871,0.2810427692958286,,
chs,all_states,TP,Cohen_m3,14.0,0.8980971826825821,13.5628276780176,1.0164129816942515,-0.3413720818197581,0.277916624886649,,
chs,all_states,TP,Cohen_m4,14.0,0.912916167122977,13.735398098074016,1.065245814989256,-0.4733588289284836,0.2293399293082101,,
chs,normal,WBC,NORMA_normal,20.0,1.63252778339386,19.707615034291187,2.0388748488428323,-0.1978853212148157,-0.7600538663864136,,
chs,normal,WBC,NORMA_marginal,20.0,1.667218400025805,19.479682811516287,2.029322996907988,-0.1866877520587235,-0.722948315867686,,
chs,normal,WBC,NORMA_marginal_freq,20.0,1.6142492145802247,19.708373811600485,2.008934279396094,-0.1629621086337436,-0.6596830437714278,,
chs,normal,WBC,NORMA_oracle,20.0,1.63252778339386,19.707615034291187,2.0388748488428323,-0.1978853212148157,-0.7600538663864136,,
chs,normal,WBC,Mean,20.0,1.5796131037927812,18.55040481787165,1.960678424554415,-0.1077629756447466,-0.7378321490344548,,
chs,normal,WBC,Last,20.0,1.6809999570846557,21.21247019214065,2.1453764363562966,-0.3262980118015588,0.1410000391006468,,
chs,normal,WBC,ARIMA,20.0,1.9652535077568136,23.09594638654651,2.5270494928985063,-0.8401854886401745,-1.237390113938813,,
chs,normal,WBC,PopRI,20.0,1.616,20.77648951322548,1.914821140472394,-0.0565511653057337,-0.4430000000000001,,
chs,normal,WBC,PerRI,20.0,1.57961,18.55039036482446,1.960670164000054,-0.1077536414093225,-0.7378300000000002,,
chs,normal,WBC,Gaussian_mle,20.0,1.6156595238095235,19.896942762391205,2.0159844345396425,-0.1711390313682981,-0.6003523809523811,,
chs,normal,WBC,Gaussian_trunc,20.0,10.047581686951029,130.80481759954876,14.38402566355541,-58.62041635408116,3.69934471294418,,
chs,normal,WBC,Cohen_m2,20.0,1.8801486368179323,21.70864373903195,2.267820836700228,-0.4820115510116367,-1.0628052167892457,,
chs,normal,WBC,Cohen_m3,20.0,1.7266439189910892,20.67395389829173,2.23890349382369,-0.4444577860058212,-0.7662848644256592,,
chs,normal,WBC,Cohen_m4,20.0,1.7719408912658694,21.25971600647332,2.2018495399190843,-0.397041745617841,-0.5308058910369874,,
chs,all_states,WBC,NORMA_normal,23.0,1.857438549373461,28.40299186208881,2.259039766605797,0.0028505104012075,-0.2230672330441683,,
chs,all_states,WBC,NORMA_marginal,23.0,1.8879031320249755,28.21247307901914,2.25199505922797,0.0090599392827317,-0.1905027078824072,,
chs,all_states,WBC,NORMA_marginal_freq,23.0,1.8562260699098727,28.781136555469267,2.2579470965550894,0.0038148952669581,-0.1211063286567818,,
chs,all_states,WBC,NORMA_oracle,23.0,1.7000969069937006,24.307995718977065,2.1407041680414887,0.1045819833000288,-0.9414239356828772,,
chs,all_states,WBC,Mean,23.0,1.825422714934668,27.72595205691795,2.2358820691552066,0.0231895311302693,-0.1897470701324931,,
chs,all_states,WBC,Last,23.0,2.12478257469509,35.4920298004382,2.740775065118984,-0.4677743986551628,0.785652211230734,,
chs,all_states,WBC,ARIMA,23.0,2.494212710950118,40.22468007795684,3.297819967068598,-1.1250365569298402,-0.2906947861765142,,
chs,all_states,WBC,PopRI,23.0,1.908695652173913,31.01088166043436,2.26535533252704,-0.0027327169797746,0.1182608695652172,,
chs,all_states,WBC,PerRI,23.0,1.825421739130435,27.725983300600017,2.2358792847752214,0.0231919640044027,-0.1897434782608695,,
chs,all_states,WBC,Gaussian_mle,23.0,1.8739756728778465,29.367327081398788,2.287780421097597,-0.0226833778080643,-0.0529912008281574,,
chs,all_states,WBC,Gaussian_trunc,23.0,10.788969701173931,166.5132219169163,15.048729451520874,-43.24988925950439,3.622676680298411,,
chs,all_states,WBC,Cohen_m2,23.0,1.976023272638736,27.64048860206521,2.317691446823414,-0.0495998389035856,-0.5830670348457668,,
chs,all_states,WBC,Cohen_m3,23.0,1.8899334849482,27.948246032832905,2.361193236177769,-0.0893704241541391,-0.2778306745446248,,
chs,all_states,WBC,Cohen_m4,23.0,2.0872100921299146,32.52050278612548,2.5572404844113565,-0.2777787512470624,0.0848215857796046,,
chs,normal,pooled,NORMA_normal,260.0,9.73299242653755,17.490509590639395,23.45339944517168,0.9026296833209648,-5.362973448391144,,
chs,normal,pooled,NORMA_marginal,260.0,10.982460414245317,25.9607839947133,23.8832075909201,0.8990281557024906,-2.9104099161955457,,
chs,normal,pooled,NORMA_marginal_freq,260.0,9.595007155737946,19.06155215299449,23.52922897002501,0.9019990300884986,-4.313831447637212,,
chs,normal,pooled,NORMA_oracle,260.0,9.73299242653755,17.490509590639395,23.45339944517168,0.9026296833209648,-5.362973448391144,,
chs,normal,pooled,Mean,260.0,9.632357948750514,21.57007089403446,24.66922180897036,0.8922726735755706,2.4221008664973303,,
chs,normal,pooled,Last,260.0,11.05119217953831,28.81197806744776,25.48774486936651,0.8850053053580466,-0.3206538680660034,,
chs,normal,pooled,ARIMA,260.0,12.654955761409978,29.24687040838485,30.9916197053723,0.8299786225431529,0.6569378852089788,,
chs,normal,pooled,PopRI,260.0,9.243615384615383,16.377221208402812,23.44737083834282,0.9026797342241129,-3.2920769230769227,,
chs,normal,pooled,PerRI,260.0,9.82550097,25.13291466042265,24.691674652457685,0.8920764869626193,2.2190921069230773,,
chs,normal,pooled,Gaussian_mle,260.0,9.019720482295485,16.71741674758805,23.53907232677205,0.9019170163267984,-1.387688888888888,,
chs,normal,pooled,Gaussian_trunc,260.0,38.06853199236276,76.76272319453962,144.58780394094052,-2.7006524934670697,13.72982715911016,,
chs,normal,pooled,Cohen_m2,260.0,9.97917720973033,20.845407235683595,25.804001925246848,0.8821338458579933,0.6360106717073002,,
chs,normal,pooled,Cohen_m3,260.0,9.352736626063402,19.451410822400668,24.18269211048728,0.8964799972147766,0.2454310402984807,,
chs,normal,pooled,Cohen_m4,260.0,8.950315242290499,20.2725861991984,21.82722479326461,0.9156641892664924,0.230033614099026,,
chs,all_states,pooled,NORMA_normal,453.0,16.828212678828514,25.980345385951058,38.52221528719416,0.7759429221449803,-11.85831250944806,,
chs,all_states,pooled,NORMA_marginal,453.0,13.56301434085395,28.81168118079434,30.31547811976497,0.8612397723314811,-6.006523293935651,,
chs,all_states,pooled,NORMA_marginal_freq,453.0,14.841259013637275,25.26369337944744,34.48400006843005,0.8204557777210483,-9.511859371684183,,
chs,all_states,pooled,NORMA_oracle,453.0,9.07930146347871,15.1393375024311,23.034936260353103,0.9198856729035298,-3.1037764406204222,,
chs,all_states,pooled,Mean,453.0,11.519863108418104,24.503108670821465,26.91214885387672,0.8906464435205943,-1.910819725602365,,
chs,all_states,pooled,Last,453.0,13.550463497712714,30.90516890917557,32.80965682270952,0.8374677545923253,-3.3067108699083985,,
chs,all_states,pooled,ARIMA,453.0,16.084784678482652,34.34595737673672,42.628474128827136,0.7256305614411456,-2.4492165972569806,,
chs,all_states,pooled,PopRI,453.0,16.577350993377483,25.536062185190666,37.89060842826383,0.7832299301360692,-10.779205298013244,,
chs,all_states,pooled,PerRI,453.0,11.710465650110375,28.013597492026072,26.934007118799443,0.890468735696316,-2.116957482339956,,
chs,all_states,pooled,Gaussian_mle,453.0,15.857227592066996,25.36646049604341,36.68818187952563,0.7967696615954122,-9.086904402747118,,
chs,all_states,pooled,Gaussian_trunc,453.0,38.43286887858606,74.57827666509168,124.41943447084635,-1.3372900246440689,2.511127424892416,,
chs,all_states,pooled,Cohen_m2,453.0,14.60539661734704,24.95018892843208,34.328133077768086,0.8220751821812023,-6.498203222723986,,
chs,all_states,pooled,Cohen_m3,453.0,14.234172673293823,24.25764564134376,33.4454216707687,0.8311078317901268,-6.665988910906099,,
chs,all_states,pooled,Cohen_m4,453.0,13.668004448761211,25.03856439031924,31.836097118004336,0.8469702737687023,-6.213240589958679,,
chs,all_states,median,ARIMA,,3.509455602616838,24.2342680529703,4.2678152419662645,-1.343822535590698,,30.0,465.0
chs,all_states,median,Cohen_m2,,3.2191739908854182,17.932881175221606,4.106786054530972,-0.2931897549885318,,29.0,453.0
chs,all_states,median,Cohen_m3,,3.1551655578613285,18.19229121684919,4.137845280204362,-0.1911303080355082,,29.0,453.0
chs,all_states,median,Cohen_m4,,3.296934308503803,18.34052679731341,3.9855416184880696,-0.223682224391523,,29.0,453.0
chs,all_states,median,Gaussian_mle,,2.5385098684210528,19.19490995544026,3.116739932708952,-0.3585249425814881,,30.0,465.0
chs,all_states,median,Gaussian_trunc,,8.591850552333513,55.19500726024948,12.58400274508965,-17.63575048257217,,30.0,465.0
chs,all_states,median,Last,,3.2875833714803058,21.33033378089513,4.380766542988459,-1.1256692855199926,,30.0,465.0
chs,all_states,median,Mean,,2.6114555887917392,17.46860201309023,3.3412511196187404,-0.2852606955566327,,30.0,465.0
chs,all_states,median,NORMA_marginal,,2.897232295843748,20.87901954376589,3.6214661705973192,-0.6425627980628709,,30.0,465.0
chs,all_states,median,NORMA_marginal_freq,,2.770681906364903,20.8030289006726,3.5467193626025555,-0.3689081620016423,,30.0,465.0
chs,all_states,median,NORMA_normal,,2.451930949075304,24.666659900013507,3.0906013995301698,-0.4341218881617592,,30.0,465.0
chs,all_states,median,NORMA_oracle,,1.4071180852254237,13.51508583132292,1.8042268427298849,0.3618764653879606,,30.0,465.0
chs,all_states,median,PerRI,,3.4349142543859648,18.524419519094963,4.317720081276893,-0.2852618373790646,,30.0,465.0
chs,all_states,median,PopRI,,2.3600000000000003,21.16057886143841,2.830946322068524,-0.1831825412316391,,30.0,465.0
chs,normal,median,ARIMA,,2.6852521490397794,19.67435835510108,3.483151589876885,-4.1715877943217965,,29.0,269.0
chs,normal,median,Cohen_m2,,1.5581814999050567,15.578813087562844,1.905021061850396,-1.070315245795108,,28.0,260.0
chs,normal,median,Cohen_m3,,1.4213360839419895,13.84144927759182,1.7665632583344513,-0.8797344399908847,,28.0,260.0
chs,normal,median,Cohen_m4,,1.4498151874542242,11.58484363795413,1.7904768479673945,-0.8479725559667536,,28.0,260.0
chs,normal,median,Gaussian_mle,,1.2856693121693126,11.205580092316348,1.6671397968844,-0.2716999755910463,,29.0,269.0
chs,normal,median,Gaussian_trunc,,5.719903268939563,43.708322557592005,9.340411173241383,-56.83113372710494,,29.0,269.0
chs,normal,median,Last,,2.668333276112875,18.80961228059647,3.49412595291373,-4.127398714362841,,29.0,269.0
chs,normal,median,Mean,,1.5796131037927812,14.253581213033398,1.960678424554415,-1.1030915103998875,,29.0,269.0
chs,normal,median,NORMA_marginal,,1.9013842626313933,18.14587192803848,2.288099103025906,-2.8148858720957173,,29.0,269.0
chs,normal,median,NORMA_marginal_freq,,1.6142492145802247,16.09699144241398,2.008934279396094,-1.1580874498224776,,29.0,269.0
chs,normal,median,NORMA_normal,,1.2362690734863264,14.995829724241608,1.5135109798289177,-0.7824654284792094,,29.0,269.0
chs,normal,median,NORMA_oracle,,1.2362690734863264,14.995829724241608,1.5135109798289177,-0.7824654284792094,,29.0,269.0
chs,normal,median,PerRI,,1.5957666666666672,16.26301323125154,2.1286736472899435,-1.193449253413288,,29.0,269.0
chs,normal,median,PopRI,,1.301111111111111,9.794875496369944,1.461867147026554,-0.0533848471594498,,29.0,269.0
