method,analyte,decile,z_median,mortality_pct,ci_lo,ci_hi,n
baseline_z,ALT,1,0.13,0.0,0.0,65.8,2
baseline_z,ALT,2,0.2,50.0,9.5,90.5,2
baseline_z,ALT,3,0.27,50.0,9.5,90.5,2
baseline_z,ALT,4,0.51,0.0,0.0,65.8,2
baseline_z,ALT,5,0.78,50.0,9.5,90.5,2
baseline_z,ALT,6,0.87,0.0,0.0,65.8,2
baseline_z,ALT,7,1.02,0.0,0.0,65.8,2
baseline_z,ALT,8,1.19,0.0,0.0,65.8,2
baseline_z,ALT,9,1.35,0.0,0.0,65.8,2
baseline_z,ALT,10,1.73,50.0,9.5,90.5,2
baseline_z,LDL,1,0.05,0.0,0.0,65.8,2
baseline_z,LDL,2,0.09,50.0,9.5,90.5,2
baseline_z,LDL,3,0.23,50.0,9.5,90.5,2
baseline_z,LDL,4,0.51,0.0,0.0,65.8,2
baseline_z,LDL,5,0.79,0.0,0.0,65.8,2
baseline_z,LDL,6,0.95,0.0,0.0,65.8,2
baseline_z,LDL,7,1.03,50.0,9.5,90.5,2
baseline_z,LDL,8,1.15,0.0,0.0,65.8,2
baseline_z,LDL,9,1.4,0.0,0.0,65.8,2
baseline_z,LDL,10,2.53,50.0,9.5,90.5,2
baseline_z,MCHC,1,0.04,0.0,0.0,65.8,2
baseline_z,MCHC,2,0.09,50.0,9.5,90.5,2
baseline_z,MCHC,3,0.32,0.0,0.0,65.8,2
baseline_z,MCHC,4,0.39,0.0,0.0,65.8,2
baseline_z,MCHC,5,0.5,0.0,0.0,65.8,2
baseline_z,MCHC,6,0.85,0.0,0.0,65.8,2
baseline_z,MCHC,7,1.18,0.0,0.0,65.8,2
baseline_z,MCHC,8,1.36,0.0,0.0,65.8,2
baseline_z,MCHC,9,1.67,50.0,9.5,90.5,2
baseline_z,MCHC,10,2.24,50.0,9.5,90.5,2
baseline_z,RDW,1,0.06,0.0,0.0,65.8,2
baseline_z,RDW,2,0.23,0.0,0.0,65.8,2
baseline_z,RDW,3,0.39,0.0,0.0,65.8,2
baseline_z,RDW,4,0.46,50.0,9.5,90.5,2
baseline_z,RDW,5,0.7,0.0,0.0,65.8,2
baseline_z,RDW,6,0.77,50.0,9.5,90.5,2
baseline_z,RDW,7,0.88,50.0,9.5,90.5,2
baseline_z,RDW,8,1.18,50.0,9.5,90.5,2
baseline_z,RDW,9,1.35,50.0,9.5,90.5,2
baseline_z,RDW,10,1.65,0.0,0.0,65.8,2
baseline_z,TBIL,1,0.31,66.7,20.8,93.9,3
baseline_z,TBIL,2,0.63,50.0,9.5,90.5,2
baseline_z,TBIL,3,0.74,50.0,9.5,90.5,2
baseline_z,TBIL,4,0.85,0.0,0.0,65.8,2
baseline_z,TBIL,5,1.02,0.0,0.0,65.8,2
baseline_z,TBIL,6,1.13,0.0,0.0,65.8,2
baseline_z,TBIL,7,1.23,100.0,34.2,100.0,2
baseline_z,TBIL,8,1.39,50.0,9.5,90.5,2
baseline_z,TBIL,9,1.65,50.0,9.5,90.5,2
baseline_z,TBIL,10,2.01,0.0,0.0,56.2,3
baseline_z,WBC,1,0.03,0.0,0.0,56.2,3
baseline_z,WBC,2,0.23,0.0,0.0,65.8,2
baseline_z,WBC,3,0.34,0.0,0.0,65.8,2
baseline_z,WBC,4,0.49,50.0,9.5,90.5,2
baseline_z,WBC,5,0.59,0.0,0.0,56.2,3
baseline_z,WBC,6,0.94,50.0,9.5,90.5,2
baseline_z,WBC,7,1.09,0.0,0.0,65.8,2
baseline_z,WBC,8,1.22,0.0,0.0,65.8,2
baseline_z,WBC,9,1.34,50.0,9.5,90.5,2
baseline_z,WBC,10,1.56,33.3,6.1,79.2,3
PopRI,A1C,1,0.21,20.0,3.6,62.4,5
PopRI,A1C,2,0.39,60.0,23.1,88.2,5
PopRI,A1C,3,0.59,50.0,15.0,85.0,4
PopRI,A1C,4,0.91,20.0,3.6,62.4,5
PopRI,A1C,5,1.81,25.0,4.6,69.9,4
PopRI,A1C,6,2.16,0.0,0.0,43.4,5
PopRI,A1C,7,3.54,0.0,0.0,49.0,4
PopRI,A1C,8,4.25,40.0,11.8,76.9,5
PopRI,A1C,9,5.08,0.0,0.0,49.0,4
PopRI,A1C,10,6.18,40.0,11.8,76.9,5
PopRI,ALB,1,0.05,25.0,4.6,69.9,4
PopRI,ALB,2,0.23,0.0,0.0,49.0,4
PopRI,ALB,3,0.34,0.0,0.0,49.0,4
PopRI,ALB,4,0.4,0.0,0.0,49.0,4
PopRI,ALB,5,0.62,0.0,0.0,49.0,4
PopRI,ALB,6,0.68,0.0,0.0,56.2,3
PopRI,ALB,7,0.87,0.0,0.0,49.0,4
PopRI,ALB,8,1.08,0.0,0.0,49.0,4
PopRI,ALB,9,1.27,0.0,0.0,49.0,4
PopRI,ALB,10,1.41,0.0,0.0,49.0,4
PopRI,ALP,1,0.08,0.0,0.0,49.0,4
PopRI,ALP,2,0.17,0.0,0.0,56.2,3
PopRI,ALP,3,0.23,33.3,6.1,79.2,3
PopRI,ALP,4,0.45,25.0,4.6,69.9,4
PopRI,ALP,5,0.61,0.0,0.0,56.2,3
PopRI,ALP,6,0.69,100.0,43.8,100.0,3
PopRI,ALP,7,0.82,25.0,4.6,69.9,4
PopRI,ALP,8,0.85,33.3,6.1,79.2,3
PopRI,ALP,9,0.93,33.3,6.1,79.2,3
PopRI,ALP,10,1.07,25.0,4.6,69.9,4
PopRI,ALT,1,0.05,40.0,11.8,76.9,5
PopRI,ALT,2,0.27,25.0,4.6,69.9,4
PopRI,ALT,3,0.42,20.0,3.6,62.4,5
PopRI,ALT,4,0.53,0.0,0.0,49.0,4
PopRI,ALT,5,0.72,20.0,3.6,62.4,5
PopRI,ALT,6,1.05,0.0,0.0,49.0,4
PopRI,ALT,7,1.13,75.0,30.1,95.4,4
PopRI,ALT,8,1.37,20.0,3.6,62.4,5
PopRI,ALT,9,1.92,25.0,4.6,69.9,4
PopRI,ALT,10,2.19,20.0,3.6,62.4,5
PopRI,AST,1,0.15,0.0,0.0,56.2,3
PopRI,AST,2,0.24,0.0,0.0,56.2,3
PopRI,AST,3,0.28,50.0,9.5,90.5,2
PopRI,AST,4,0.31,33.3,6.1,79.2,3
PopRI,AST,5,0.53,50.0,9.5,90.5,2
PopRI,AST,6,0.79,33.3,6.1,79.2,3
PopRI,AST,7,0.92,0.0,0.0,65.8,2
PopRI,AST,8,1.13,33.3,6.1,79.2,3
PopRI,AST,9,1.32,50.0,9.5,90.5,2
PopRI,AST,10,1.78,0.0,0.0,56.2,3
PopRI,BUN,1,0.11,50.0,15.0,85.0,4
PopRI,BUN,2,0.23,0.0,0.0,56.2,3
PopRI,BUN,3,0.47,0.0,0.0,56.2,3
PopRI,BUN,4,0.55,0.0,0.0,56.2,3
PopRI,BUN,5,0.73,0.0,0.0,56.2,3
PopRI,BUN,6,0.87,66.7,20.8,93.9,3
PopRI,BUN,7,1.04,0.0,0.0,56.2,3
PopRI,BUN,8,1.19,0.0,0.0,56.2,3
PopRI,BUN,9,1.49,0.0,0.0,56.2,3
PopRI,BUN,10,1.69,33.3,6.1,79.2,3
PopRI,CA,1,0.04,100.0,43.8,100.0,3
PopRI,CA,2,0.14,0.0,0.0,56.2,3
PopRI,CA,3,0.34,0.0,0.0,65.8,2
PopRI,CA,4,0.47,0.0,0.0,56.2,3
PopRI,CA,5,0.8,0.0,0.0,56.2,3
PopRI,CA,6,0.93,0.0,0.0,65.8,2
PopRI,CA,7,1.0,0.0,0.0,56.2,3
PopRI,CA,8,1.28,0.0,0.0,65.8,2
PopRI,CA,9,1.53,0.0,0.0,56.2,3
PopRI,CA,10,1.78,0.0,0.0,56.2,3
PopRI,CL,1,0.15,25.0,4.6,69.9,4
PopRI,CL,2,0.45,66.7,20.8,93.9,3
PopRI,CL,3,0.69,66.7,20.8,93.9,3
PopRI,CL,4,0.82,0.0,0.0,56.2,3
PopRI,CL,5,0.95,50.0,15.0,85.0,4
PopRI,CL,6,1.24,0.0,0.0,56.2,3
PopRI,CL,7,1.31,33.3,6.1,79.2,3
PopRI,CL,8,1.52,0.0,0.0,56.2,3
PopRI,CL,9,1.58,33.3,6.1,79.2,3
PopRI,CL,10,1.88,50.0,15.0,85.0,4
PopRI,CO2,1,0.03,50.0,15.0,85.0,4
PopRI,CO2,2,0.16,50.0,15.0,85.0,4
PopRI,CO2,3,0.33,0.0,0.0,49.0,4
PopRI,CO2,4,0.64,0.0,0.0,56.2,3
PopRI,CO2,5,1.02,50.0,15.0,85.0,4
PopRI,CO2,6,1.27,50.0,15.0,85.0,4
PopRI,CO2,7,1.5,0.0,0.0,56.2,3
PopRI,CO2,8,1.63,0.0,0.0,49.0,4
PopRI,CO2,9,2.01,25.0,4.6,69.9,4
PopRI,CO2,10,2.34,25.0,4.6,69.9,4
PopRI,CRE,1,0.1,33.3,6.1,79.2,3
PopRI,CRE,2,0.32,25.0,4.6,69.9,4
PopRI,CRE,3,0.43,0.0,0.0,79.3,1
PopRI,CRE,4,0.5,0.0,0.0,56.2,3
PopRI,CRE,5,0.6,33.3,6.1,79.2,3
PopRI,CRE,6,0.92,100.0,34.2,100.0,2
PopRI,CRE,7,1.1,0.0,0.0,56.2,3
PopRI,CRE,8,1.25,0.0,0.0,65.8,2
PopRI,CRE,9,1.43,33.3,6.1,79.2,3
PopRI,CRE,10,1.57,0.0,0.0,56.2,3
PopRI,CRP,1,0.2,0.0,0.0,49.0,4
PopRI,CRP,2,0.31,0.0,0.0,49.0,4
PopRI,CRP,3,0.37,0.0,0.0,49.0,4
PopRI,CRP,4,0.47,25.0,4.6,69.9,4
PopRI,CRP,5,0.59,50.0,15.0,85.0,4
PopRI,CRP,6,0.63,0.0,0.0,56.2,3
PopRI,CRP,7,0.83,0.0,0.0,56.2,3
PopRI,CRP,8,0.98,25.0,4.6,69.9,4
PopRI,CRP,9,1.52,0.0,0.0,49.0,4
PopRI,CRP,10,2.13,0.0,0.0,49.0,4
PopRI,DBIL,1,0.0,0.0,0.0,56.2,3
PopRI,DBIL,2,0.3,0.0,0.0,56.2,3
PopRI,DBIL,3,0.5,0.0,0.0,56.2,3
PopRI,DBIL,4,0.6,50.0,9.5,90.5,2
PopRI,DBIL,5,0.8,33.3,6.1,79.2,3
PopRI,DBIL,6,1.0,33.3,6.1,79.2,3
PopRI,DBIL,7,1.1,0.0,0.0,56.2,3
PopRI,DBIL,8,1.35,50.0,9.5,90.5,2
PopRI,DBIL,9,1.6,0.0,0.0,56.2,3
PopRI,DBIL,10,1.9,33.3,6.1,79.2,3
PopRI,GGT,1,0.18,0.0,0.0,56.2,3
PopRI,GGT,2,0.55,0.0,0.0,65.8,2
PopRI,GGT,3,0.68,0.0,0.0,65.8,2
PopRI,GGT,4,0.92,0.0,0.0,56.2,3
PopRI,GGT,5,0.97,0.0,0.0,65.8,2
PopRI,GGT,6,1.04,0.0,0.0,65.8,2
PopRI,GGT,7,1.19,0.0,0.0,56.2,3
PopRI,GGT,8,1.7,0.0,0.0,65.8,2
PopRI,GGT,9,1.83,0.0,0.0,65.8,2
PopRI,GGT,10,2.62,0.0,0.0,56.2,3
PopRI,GLU,1,0.29,50.0,15.0,85.0,4
PopRI,GLU,2,1.34,25.0,4.6,69.9,4
PopRI,GLU,3,2.48,25.0,4.6,69.9,4
PopRI,GLU,4,4.09,0.0,0.0,49.0,4
PopRI,GLU,5,5.94,0.0,0.0,49.0,4
PopRI,GLU,6,6.42,33.3,6.1,79.2,3
PopRI,GLU,7,7.23,25.0,4.6,69.9,4
PopRI,GLU,8,8.14,50.0,15.0,85.0,4
PopRI,GLU,9,9.3,25.0,4.6,69.9,4
PopRI,GLU,10,10.67,50.0,15.0,85.0,4
PopRI,HCT,1,0.15,0.0,0.0,56.2,3
PopRI,HCT,2,0.32,50.0,9.5,90.5,2
PopRI,HCT,3,0.48,0.0,0.0,65.8,2
PopRI,HCT,4,0.8,0.0,0.0,65.8,2
PopRI,HCT,5,0.89,0.0,0.0,65.8,2
PopRI,HCT,6,1.11,50.0,9.5,90.5,2
PopRI,HCT,7,1.24,0.0,0.0,65.8,2
PopRI,HCT,8,1.45,50.0,9.5,90.5,2
PopRI,HCT,9,1.77,0.0,0.0,65.8,2
PopRI,HCT,10,2.41,0.0,0.0,56.2,3
PopRI,HDL,1,0.1,0.0,0.0,49.0,4
PopRI,HDL,2,0.2,0.0,0.0,49.0,4
PopRI,HDL,3,0.29,0.0,0.0,56.2,3
PopRI,HDL,4,0.37,75.0,30.1,95.4,4
PopRI,HDL,5,0.48,0.0,0.0,49.0,4
PopRI,HDL,6,0.63,0.0,0.0,56.2,3
PopRI,HDL,7,0.69,0.0,0.0,49.0,4
PopRI,HDL,8,0.85,33.3,6.1,79.2,3
PopRI,HDL,9,1.05,50.0,15.0,85.0,4
PopRI,HDL,10,1.2,25.0,4.6,69.9,4
PopRI,HGB,1,0.16,33.3,6.1,79.2,3
PopRI,HGB,2,0.24,0.0,0.0,56.2,3
PopRI,HGB,3,0.56,25.0,4.6,69.9,4
PopRI,HGB,4,0.73,0.0,0.0,65.8,2
PopRI,HGB,5,0.79,0.0,0.0,56.2,3
PopRI,HGB,6,0.95,100.0,34.2,100.0,2
PopRI,HGB,7,1.11,100.0,43.8,100.0,3
PopRI,HGB,8,1.28,33.3,6.1,79.2,3
PopRI,HGB,9,1.78,0.0,0.0,56.2,3
PopRI,HGB,10,2.36,66.7,20.8,93.9,3
PopRI,K,1,0.1,50.0,15.0,85.0,4
PopRI,K,2,0.24,0.0,0.0,49.0,4
PopRI,K,3,0.27,0.0,0.0,65.8,2
PopRI,K,4,0.33,33.3,6.1,79.2,3
PopRI,K,5,0.52,33.3,6.1,79.2,3
PopRI,K,6,0.65,33.3,6.1,79.2,3
PopRI,K,7,0.76,0.0,0.0,56.2,3
PopRI,K,8,1.27,33.3,6.1,79.2,3
PopRI,K,9,1.39,0.0,0.0,56.2,3
PopRI,K,10,1.63,33.3,6.1,79.2,3
PopRI,LDH,1,0.06,60.0,23.1,88.2,5
PopRI,LDH,2,0.15,25.0,4.6,69.9,4
PopRI,LDH,3,0.33,0.0,0.0,49.0,4
PopRI,LDH,4,0.42,50.0,15.0,85.0,4
PopRI,LDH,5,0.5,0.0,0.0,49.0,4
PopRI,LDH,6,0.63,25.0,4.6,69.9,4
PopRI,LDH,7,0.84,0.0,0.0,49.0,4
PopRI,LDH,8,0.94,0.0,0.0,49.0,4
PopRI,LDH,9,1.43,25.0,4.6,69.9,4
PopRI,LDH,10,1.64,0.0,0.0,49.0,4
PopRI,LDL,1,0.1,0.0,0.0,49.0,4
PopRI,LDL,2,0.18,25.0,4.6,69.9,4
PopRI,LDL,3,0.27,33.3,6.1,79.2,3
PopRI,LDL,4,0.43,25.0,4.6,69.9,4
PopRI,LDL,5,0.59,25.0,4.6,69.9,4
PopRI,LDL,6,0.65,0.0,0.0,56.2,3
PopRI,LDL,7,1.01,25.0,4.6,69.9,4
PopRI,LDL,8,1.24,33.3,6.1,79.2,3
PopRI,LDL,9,1.39,25.0,4.6,69.9,4
PopRI,LDL,10,1.63,25.0,4.6,69.9,4
PopRI,MCH,1,0.18,25.0,4.6,69.9,4
PopRI,MCH,2,0.23,0.0,0.0,56.2,3
PopRI,MCH,3,0.63,0.0,0.0,49.0,4
PopRI,MCH,4,0.72,0.0,0.0,56.2,3
PopRI,MCH,5,0.94,0.0,0.0,49.0,4
PopRI,MCH,6,1.21,33.3,6.1,79.2,3
PopRI,MCH,7,1.24,33.3,6.1,79.2,3
PopRI,MCH,8,1.33,25.0,4.6,69.9,4
PopRI,MCH,9,1.8,0.0,0.0,56.2,3
PopRI,MCH,10,1.93,25.0,4.6,69.9,4
PopRI,MCHC,1,0.07,0.0,0.0,43.4,5
PopRI,MCHC,2,0.43,16.7,3.0,56.4,6
PopRI,MCHC,3,0.52,0.0,0.0,56.2,3
PopRI,MCHC,4,0.76,20.0,3.6,62.4,5
PopRI,MCHC,5,0.93,0.0,0.0,49.0,4
PopRI,MCHC,6,1.13,20.0,3.6,62.4,5
PopRI,MCHC,7,1.31,0.0,0.0,49.0,4
PopRI,MCHC,8,1.58,0.0,0.0,43.4,5
PopRI,MCHC,9,1.95,25.0,4.6,69.9,4
PopRI,MCHC,10,2.24,0.0,0.0,43.4,5
PopRI,MCV,1,0.04,33.3,6.1,79.2,3
PopRI,MCV,2,0.1,0.0,0.0,56.2,3
PopRI,MCV,3,0.24,0.0,0.0,56.2,3
PopRI,MCV,4,0.55,50.0,9.5,90.5,2
PopRI,MCV,5,0.6,33.3,6.1,79.2,3
PopRI,MCV,6,0.79,66.7,20.8,93.9,3
PopRI,MCV,7,0.95,50.0,9.5,90.5,2
PopRI,MCV,8,1.07,0.0,0.0,56.2,3
PopRI,MCV,9,1.22,25.0,4.6,69.9,4
PopRI,MCV,10,1.4,0.0,0.0,65.8,2
PopRI,MPV,1,0.15,0.0,0.0,56.2,3
PopRI,MPV,2,0.36,25.0,4.6,69.9,4
PopRI,MPV,3,0.39,0.0,0.0,65.8,2
PopRI,MPV,4,0.43,50.0,9.5,90.5,2
PopRI,MPV,5,0.47,0.0,0.0,56.2,3
PopRI,MPV,6,0.58,0.0,0.0,56.2,3
PopRI,MPV,7,0.7,0.0,0.0,65.8,2
PopRI,MPV,8,0.84,0.0,0.0,56.2,3
PopRI,MPV,9,0.99,0.0,0.0,56.2,3
PopRI,MPV,10,1.12,0.0,0.0,56.2,3
PopRI,NA,1,0.06,0.0,0.0,56.2,3
PopRI,NA,2,0.1,0.0,0.0,65.8,2
PopRI,NA,3,0.17,0.0,0.0,56.2,3
PopRI,NA,4,0.2,0.0,0.0,65.8,2
PopRI,NA,5,0.38,0.0,0.0,56.2,3
PopRI,NA,6,0.48,0.0,0.0,65.8,2
PopRI,NA,7,0.72,0.0,0.0,65.8,2
PopRI,NA,8,1.29,0.0,0.0,56.2,3
PopRI,NA,9,1.51,0.0,0.0,65.8,2
PopRI,NA,10,1.58,0.0,0.0,56.2,3
PopRI,PLT,1,0.09,0.0,0.0,49.0,4
PopRI,PLT,2,0.15,25.0,4.6,69.9,4
PopRI,PLT,3,0.23,0.0,0.0,49.0,4
PopRI,PLT,4,0.35,0.0,0.0,56.2,3
PopRI,PLT,5,0.51,0.0,0.0,49.0,4
PopRI,PLT,6,0.69,0.0,0.0,49.0,4
PopRI,PLT,7,0.78,0.0,0.0,56.2,3
PopRI,PLT,8,0.83,25.0,4.6,69.9,4
PopRI,PLT,9,0.95,50.0,15.0,85.0,4
PopRI,PLT,10,1.24,0.0,0.0,49.0,4
PopRI,PT,1,0.06,33.3,6.1,79.2,3
PopRI,PT,2,0.41,0.0,0.0,56.2,3
PopRI,PT,3,0.61,0.0,0.0,65.8,2
PopRI,PT,4,0.75,0.0,0.0,56.2,3
PopRI,PT,5,0.95,33.3,6.1,79.2,3
PopRI,PT,6,1.08,0.0,0.0,65.8,2
PopRI,PT,7,1.37,0.0,0.0,56.2,3
PopRI,PT,8,1.45,0.0,0.0,65.8,2
PopRI,PT,9,1.6,66.7,20.8,93.9,3
PopRI,PT,10,1.9,33.3,6.1,79.2,3
PopRI,RBC,1,0.11,33.3,9.7,70.0,6
PopRI,RBC,2,0.27,40.0,11.8,76.9,5
PopRI,RBC,3,0.63,16.7,3.0,56.4,6
PopRI,RBC,4,0.74,25.0,4.6,69.9,4
PopRI,RBC,5,0.99,20.0,3.6,62.4,5
PopRI,RBC,6,1.15,0.0,0.0,43.4,5
PopRI,RBC,7,1.34,40.0,11.8,76.9,5
PopRI,RBC,8,1.44,20.0,3.6,62.4,5
PopRI,RBC,9,2.01,50.0,18.8,81.2,6
PopRI,RBC,10,2.48,25.0,4.6,69.9,4
PopRI,RDW,1,0.02,20.0,3.6,62.4,5
PopRI,RDW,2,0.11,20.0,3.6,62.4,5
PopRI,RDW,3,0.19,33.3,6.1,79.2,3
PopRI,RDW,4,0.3,25.0,4.6,69.9,4
PopRI,RDW,5,0.48,20.0,3.6,62.4,5
PopRI,RDW,6,0.59,0.0,0.0,49.0,4
PopRI,RDW,7,0.93,50.0,15.0,85.0,4
PopRI,RDW,8,1.08,50.0,15.0,85.0,4
PopRI,RDW,9,1.17,25.0,4.6,69.9,4
PopRI,RDW,10,1.45,20.0,3.6,62.4,5
PopRI,TBIL,1,0.18,71.4,35.9,91.8,7
PopRI,TBIL,2,0.34,50.0,15.0,85.0,4
PopRI,TBIL,3,0.45,20.0,3.6,62.4,5
PopRI,TBIL,4,0.59,33.3,9.7,70.0,6
PopRI,TBIL,5,0.78,40.0,11.8,76.9,5
PopRI,TBIL,6,0.98,20.0,3.6,62.4,5
PopRI,TBIL,7,1.12,33.3,9.7,70.0,6
PopRI,TBIL,8,1.2,0.0,0.0,43.4,5
PopRI,TBIL,9,1.45,20.0,3.6,62.4,5
PopRI,TBIL,10,1.8,33.3,9.7,70.0,6
PopRI,TC,1,0.08,0.0,0.0,56.2,3
PopRI,TC,2,0.3,0.0,0.0,65.8,2
PopRI,TC,3,0.45,50.0,9.5,90.5,2
PopRI,TC,4,0.83,0.0,0.0,56.2,3
PopRI,TC,5,0.97,0.0,0.0,65.8,2
PopRI,TC,6,1.24,0.0,0.0,65.8,2
PopRI,TC,7,1.38,0.0,0.0,56.2,3
PopRI,TC,8,1.53,100.0,34.2,100.0,2
PopRI,TC,9,1.73,0.0,0.0,65.8,2
PopRI,TC,10,2.01,33.3,6.1,79.2,3
PopRI,TGL,1,0.06,33.3,6.1,79.2,3
PopRI,TGL,2,0.65,33.3,6.1,79.2,3
PopRI,TGL,3,0.8,33.3,6.1,79.2,3
PopRI,TGL,4,0.93,0.0,0.0,65.8,2
PopRI,TGL,5,1.0,0.0,0.0,56.2,3
PopRI,TGL,6,1.34,33.3,6.1,79.2,3
PopRI,TGL,7,1.57,100.0,34.2,100.0,2
PopRI,TGL,8,1.65,0.0,0.0,56.2,3
PopRI,TGL,9,1.95,0.0,0.0,56.2,3
PopRI,TGL,10,2.42,0.0,0.0,56.2,3
PopRI,TP,1,0.06,33.3,6.1,79.2,3
PopRI,TP,2,0.27,50.0,9.5,90.5,2
PopRI,TP,3,0.47,50.0,9.5,90.5,2
PopRI,TP,4,0.62,0.0,0.0,56.2,3
PopRI,TP,5,0.69,50.0,9.5,90.5,2
PopRI,TP,6,0.88,0.0,0.0,65.8,2
PopRI,TP,7,1.21,66.7,20.8,93.9,3
PopRI,TP,8,1.39,66.7,20.8,93.9,3
PopRI,TP,9,1.44,0.0,0.0,79.3,1
PopRI,TP,10,1.47,33.3,6.1,79.2,3
PopRI,WBC,1,0.03,0.0,0.0,39.0,6
PopRI,WBC,2,0.21,16.7,3.0,56.4,6
PopRI,WBC,3,0.34,33.3,9.7,70.0,6
PopRI,WBC,4,0.47,0.0,0.0,39.0,6
PopRI,WBC,5,0.53,50.0,18.8,81.2,6
PopRI,WBC,6,0.64,20.0,3.6,62.4,5
PopRI,WBC,7,0.85,16.7,3.0,56.4,6
PopRI,WBC,8,0.95,66.7,30.0,90.3,6
PopRI,WBC,9,1.13,0.0,0.0,39.0,6
PopRI,WBC,10,1.2,16.7,3.0,56.4,6
PerRI,A1C,1,0.12,40.0,11.8,76.9,5
PerRI,A1C,2,0.22,0.0,0.0,43.4,5
PerRI,A1C,3,0.26,25.0,4.6,69.9,4
PerRI,A1C,4,0.39,40.0,11.8,76.9,5
PerRI,A1C,5,0.43,0.0,0.0,49.0,4
PerRI,A1C,6,0.52,20.0,3.6,62.4,5
PerRI,A1C,7,0.59,0.0,0.0,49.0,4
PerRI,A1C,8,0.65,20.0,3.6,62.4,5
PerRI,A1C,9,0.87,25.0,4.6,69.9,4
PerRI,A1C,10,1.07,80.0,37.6,96.4,5
PerRI,ALB,1,0.03,0.0,0.0,49.0,4
PerRI,ALB,2,0.13,0.0,0.0,49.0,4
PerRI,ALB,3,0.23,0.0,0.0,49.0,4
PerRI,ALB,4,0.28,25.0,4.6,69.9,4
PerRI,ALB,5,0.32,0.0,0.0,49.0,4
PerRI,ALB,6,0.4,0.0,0.0,56.2,3
PerRI,ALB,7,0.52,0.0,0.0,49.0,4
PerRI,ALB,8,0.58,0.0,0.0,49.0,4
PerRI,ALB,9,0.68,0.0,0.0,49.0,4
PerRI,ALB,10,1.07,0.0,0.0,49.0,4
PerRI,ALP,1,0.04,0.0,0.0,49.0,4
PerRI,ALP,2,0.13,33.3,6.1,79.2,3
PerRI,ALP,3,0.27,33.3,6.1,79.2,3
PerRI,ALP,4,0.38,50.0,15.0,85.0,4
PerRI,ALP,5,0.54,0.0,0.0,56.2,3
PerRI,ALP,6,0.58,0.0,0.0,56.2,3
PerRI,ALP,7,0.66,50.0,15.0,85.0,4
PerRI,ALP,8,0.75,33.3,6.1,79.2,3
PerRI,ALP,9,0.78,0.0,0.0,56.2,3
PerRI,ALP,10,0.8,50.0,15.0,85.0,4
PerRI,ALT,1,0.08,40.0,11.8,76.9,5
PerRI,ALT,2,0.12,25.0,4.6,69.9,4
PerRI,ALT,3,0.17,40.0,11.8,76.9,5
PerRI,ALT,4,0.25,0.0,0.0,49.0,4
PerRI,ALT,5,0.34,40.0,11.8,76.9,5
PerRI,ALT,6,0.43,0.0,0.0,49.0,4
PerRI,ALT,7,0.51,0.0,0.0,49.0,4
PerRI,ALT,8,0.61,0.0,0.0,43.4,5
PerRI,ALT,9,0.74,25.0,4.6,69.9,4
PerRI,ALT,10,1.06,60.0,23.1,88.2,5
PerRI,AST,1,0.05,33.3,6.1,79.2,3
PerRI,AST,2,0.12,33.3,6.1,79.2,3
PerRI,AST,3,0.2,0.0,0.0,65.8,2
PerRI,AST,4,0.4,0.0,0.0,56.2,3
PerRI,AST,5,0.47,0.0,0.0,65.8,2
PerRI,AST,6,0.55,66.7,20.8,93.9,3
PerRI,AST,7,0.65,0.0,0.0,65.8,2
PerRI,AST,8,0.76,0.0,0.0,56.2,3
PerRI,AST,9,0.84,100.0,34.2,100.0,2
PerRI,AST,10,1.25,0.0,0.0,56.2,3
PerRI,BUN,1,0.07,50.0,15.0,85.0,4
PerRI,BUN,2,0.14,0.0,0.0,56.2,3
PerRI,BUN,3,0.23,0.0,0.0,56.2,3
PerRI,BUN,4,0.28,0.0,0.0,56.2,3
PerRI,BUN,5,0.46,33.3,6.1,79.2,3
PerRI,BUN,6,0.5,33.3,6.1,79.2,3
PerRI,BUN,7,0.6,0.0,0.0,56.2,3
PerRI,BUN,8,0.66,0.0,0.0,56.2,3
PerRI,BUN,9,0.7,0.0,0.0,56.2,3
PerRI,BUN,10,0.76,33.3,6.1,79.2,3
PerRI,CA,1,0.08,0.0,0.0,56.2,3
PerRI,CA,2,0.18,33.3,6.1,79.2,3
PerRI,CA,3,0.22,50.0,9.5,90.5,2
PerRI,CA,4,0.23,33.3,6.1,79.2,3
PerRI,CA,5,0.36,0.0,0.0,56.2,3
PerRI,CA,6,0.5,0.0,0.0,65.8,2
PerRI,CA,7,0.7,0.0,0.0,56.2,3
PerRI,CA,8,0.88,0.0,0.0,65.8,2
PerRI,CA,9,1.08,0.0,0.0,56.2,3
PerRI,CA,10,1.35,0.0,0.0,56.2,3
PerRI,CL,1,0.06,50.0,15.0,85.0,4
PerRI,CL,2,0.13,0.0,0.0,56.2,3
PerRI,CL,3,0.33,66.7,20.8,93.9,3
PerRI,CL,4,0.42,33.3,6.1,79.2,3
PerRI,CL,5,0.52,25.0,4.6,69.9,4
PerRI,CL,6,0.6,0.0,0.0,56.2,3
PerRI,CL,7,0.75,0.0,0.0,56.2,3
PerRI,CL,8,0.77,33.3,6.1,79.2,3
PerRI,CL,9,0.82,66.7,20.8,93.9,3
PerRI,CL,10,1.23,50.0,15.0,85.0,4
PerRI,CO2,1,0.05,25.0,4.6,69.9,4
PerRI,CO2,2,0.11,50.0,15.0,85.0,4
PerRI,CO2,3,0.2,50.0,15.0,85.0,4
PerRI,CO2,4,0.27,0.0,0.0,56.2,3
PerRI,CO2,5,0.41,0.0,0.0,49.0,4
PerRI,CO2,6,0.54,50.0,15.0,85.0,4
PerRI,CO2,7,0.65,33.3,6.1,79.2,3
PerRI,CO2,8,0.82,25.0,4.6,69.9,4
PerRI,CO2,9,0.96,25.0,4.6,69.9,4
PerRI,CO2,10,1.9,0.0,0.0,49.0,4
PerRI,CRE,1,0.09,33.3,6.1,79.2,3
PerRI,CRE,2,0.15,33.3,6.1,79.2,3
PerRI,CRE,3,0.19,0.0,0.0,65.8,2
PerRI,CRE,4,0.24,0.0,0.0,56.2,3
PerRI,CRE,5,0.31,66.7,20.8,93.9,3
PerRI,CRE,6,0.35,0.0,0.0,65.8,2
PerRI,CRE,7,0.41,33.3,6.1,79.2,3
PerRI,CRE,8,0.51,0.0,0.0,65.8,2
PerRI,CRE,9,0.66,0.0,0.0,56.2,3
PerRI,CRE,10,0.79,33.3,6.1,79.2,3
PerRI,CRP,1,0.08,25.0,4.6,69.9,4
PerRI,CRP,2,0.11,0.0,0.0,49.0,4
PerRI,CRP,3,0.14,0.0,0.0,49.0,4
PerRI,CRP,4,0.18,0.0,0.0,56.2,3
PerRI,CRP,5,0.44,25.0,4.6,69.9,4
PerRI,CRP,6,0.58,50.0,15.0,85.0,4
PerRI,CRP,7,0.7,0.0,0.0,56.2,3
PerRI,CRP,8,0.76,0.0,0.0,49.0,4
PerRI,CRP,9,0.89,0.0,0.0,49.0,4
PerRI,CRP,10,1.21,0.0,0.0,49.0,4
PerRI,DBIL,1,0.02,0.0,0.0,56.2,3
PerRI,DBIL,2,0.11,0.0,0.0,56.2,3
PerRI,DBIL,3,0.22,33.3,6.1,79.2,3
PerRI,DBIL,4,0.26,0.0,0.0,56.2,3
PerRI,DBIL,5,0.38,33.3,6.1,79.2,3
PerRI,DBIL,6,0.43,50.0,9.5,90.5,2
PerRI,DBIL,7,0.52,0.0,0.0,65.8,2
PerRI,DBIL,8,0.55,33.3,6.1,79.2,3
PerRI,DBIL,9,0.69,33.3,6.1,79.2,3
PerRI,DBIL,10,1.27,0.0,0.0,56.2,3
PerRI,GGT,1,0.04,0.0,0.0,56.2,3
PerRI,GGT,2,0.09,0.0,0.0,65.8,2
PerRI,GGT,3,0.12,0.0,0.0,65.8,2
PerRI,GGT,4,0.19,0.0,0.0,56.2,3
PerRI,GGT,5,0.3,0.0,0.0,65.8,2
PerRI,GGT,6,0.4,0.0,0.0,65.8,2
PerRI,GGT,7,0.57,0.0,0.0,56.2,3
PerRI,GGT,8,0.67,0.0,0.0,65.8,2
PerRI,GGT,9,0.85,0.0,0.0,65.8,2
PerRI,GGT,10,1.05,0.0,0.0,56.2,3
PerRI,GLU,1,0.02,0.0,0.0,49.0,4
PerRI,GLU,2,0.05,0.0,0.0,49.0,4
PerRI,GLU,3,0.13,50.0,15.0,85.0,4
PerRI,GLU,4,0.27,50.0,15.0,85.0,4
PerRI,GLU,5,0.36,25.0,4.6,69.9,4
PerRI,GLU,6,0.38,33.3,6.1,79.2,3
PerRI,GLU,7,0.47,25.0,4.6,69.9,4
PerRI,GLU,8,0.56,50.0,15.0,85.0,4
PerRI,GLU,9,0.77,50.0,15.0,85.0,4
PerRI,GLU,10,0.95,0.0,0.0,49.0,4
PerRI,HCT,1,0.08,0.0,0.0,56.2,3
PerRI,HCT,2,0.14,50.0,9.5,90.5,2
PerRI,HCT,3,0.24,0.0,0.0,65.8,2
PerRI,HCT,4,0.31,0.0,0.0,65.8,2
PerRI,HCT,5,0.42,0.0,0.0,65.8,2
PerRI,HCT,6,0.54,0.0,0.0,65.8,2
PerRI,HCT,7,0.57,0.0,0.0,65.8,2
PerRI,HCT,8,0.7,50.0,9.5,90.5,2
PerRI,HCT,9,0.78,50.0,9.5,90.5,2
PerRI,HCT,10,0.88,0.0,0.0,56.2,3
PerRI,HDL,1,0.06,50.0,15.0,85.0,4
PerRI,HDL,2,0.16,0.0,0.0,49.0,4
PerRI,HDL,3,0.23,0.0,0.0,56.2,3
PerRI,HDL,4,0.29,25.0,4.6,69.9,4
PerRI,HDL,5,0.4,0.0,0.0,49.0,4
PerRI,HDL,6,0.47,33.3,6.1,79.2,3
PerRI,HDL,7,0.48,50.0,15.0,85.0,4
PerRI,HDL,8,0.65,33.3,6.1,79.2,3
PerRI,HDL,9,0.77,0.0,0.0,49.0,4
PerRI,HDL,10,1.02,0.0,0.0,49.0,4
PerRI,HGB,1,0.04,33.3,6.1,79.2,3
PerRI,HGB,2,0.16,0.0,0.0,56.2,3
PerRI,HGB,3,0.28,33.3,6.1,79.2,3
PerRI,HGB,4,0.35,66.7,20.8,93.9,3
PerRI,HGB,5,0.41,33.3,6.1,79.2,3
PerRI,HGB,6,0.5,100.0,34.2,100.0,2
PerRI,HGB,7,0.53,33.3,6.1,79.2,3
PerRI,HGB,8,0.65,33.3,6.1,79.2,3
PerRI,HGB,9,0.73,33.3,6.1,79.2,3
PerRI,HGB,10,0.97,0.0,0.0,56.2,3
PerRI,K,1,0.07,25.0,4.6,69.9,4
PerRI,K,2,0.13,0.0,0.0,56.2,3
PerRI,K,3,0.18,0.0,0.0,56.2,3
PerRI,K,4,0.29,0.0,0.0,56.2,3
PerRI,K,5,0.45,33.3,6.1,79.2,3
PerRI,K,6,0.49,0.0,0.0,56.2,3
PerRI,K,7,0.59,0.0,0.0,56.2,3
PerRI,K,8,0.85,66.7,20.8,93.9,3
PerRI,K,9,0.91,66.7,20.8,93.9,3
PerRI,K,10,1.16,33.3,6.1,79.2,3
PerRI,LDH,1,0.05,40.0,11.8,76.9,5
PerRI,LDH,2,0.14,50.0,15.0,85.0,4
PerRI,LDH,3,0.21,50.0,15.0,85.0,4
PerRI,LDH,4,0.26,0.0,0.0,49.0,4
PerRI,LDH,5,0.4,0.0,0.0,49.0,4
PerRI,LDH,6,0.45,0.0,0.0,49.0,4
PerRI,LDH,7,0.58,25.0,4.6,69.9,4
PerRI,LDH,8,0.73,25.0,4.6,69.9,4
PerRI,LDH,9,1.02,0.0,0.0,49.0,4
PerRI,LDH,10,1.14,0.0,0.0,49.0,4
PerRI,LDL,1,0.04,25.0,4.6,69.9,4
PerRI,LDL,2,0.12,25.0,4.6,69.9,4
PerRI,LDL,3,0.25,0.0,0.0,56.2,3
PerRI,LDL,4,0.31,25.0,4.6,69.9,4
PerRI,LDL,5,0.44,0.0,0.0,49.0,4
PerRI,LDL,6,0.48,33.3,6.1,79.2,3
PerRI,LDL,7,0.55,0.0,0.0,49.0,4
PerRI,LDL,8,0.6,33.3,6.1,79.2,3
PerRI,LDL,9,0.79,50.0,15.0,85.0,4
PerRI,LDL,10,1.15,25.0,4.6,69.9,4
PerRI,MCH,1,0.03,0.0,0.0,49.0,4
PerRI,MCH,2,0.09,33.3,6.1,79.2,3
PerRI,MCH,3,0.19,0.0,0.0,49.0,4
PerRI,MCH,4,0.4,0.0,0.0,56.2,3
PerRI,MCH,5,0.44,25.0,4.6,69.9,4
PerRI,MCH,6,0.55,0.0,0.0,56.2,3
PerRI,MCH,7,0.59,33.3,6.1,79.2,3
PerRI,MCH,8,0.73,0.0,0.0,49.0,4
PerRI,MCH,9,1.21,0.0,0.0,56.2,3
PerRI,MCH,10,1.63,50.0,15.0,85.0,4
PerRI,MCHC,1,0.03,0.0,0.0,43.4,5
PerRI,MCHC,2,0.05,20.0,3.6,62.4,5
PerRI,MCHC,3,0.14,0.0,0.0,49.0,4
PerRI,MCHC,4,0.2,0.0,0.0,43.4,5
PerRI,MCHC,5,0.26,0.0,0.0,49.0,4
PerRI,MCHC,6,0.42,20.0,3.6,62.4,5
PerRI,MCHC,7,0.48,0.0,0.0,49.0,4
PerRI,MCHC,8,0.67,0.0,0.0,43.4,5
PerRI,MCHC,9,0.82,0.0,0.0,49.0,4
PerRI,MCHC,10,1.27,40.0,11.8,76.9,5
PerRI,MCV,1,0.09,33.3,6.1,79.2,3
PerRI,MCV,2,0.35,33.3,6.1,79.2,3
PerRI,MCV,3,0.43,33.3,6.1,79.2,3
PerRI,MCV,4,0.47,0.0,0.0,65.8,2
PerRI,MCV,5,0.57,66.7,20.8,93.9,3
PerRI,MCV,6,0.63,33.3,6.1,79.2,3
PerRI,MCV,7,0.67,0.0,0.0,65.8,2
PerRI,MCV,8,0.85,0.0,0.0,56.2,3
PerRI,MCV,9,1.07,0.0,0.0,56.2,3
PerRI,MCV,10,1.51,33.3,6.1,79.2,3
PerRI,MPV,1,0.06,0.0,0.0,56.2,3
PerRI,MPV,2,0.1,0.0,0.0,56.2,3
PerRI,MPV,3,0.17,0.0,0.0,56.2,3
PerRI,MPV,4,0.35,0.0,0.0,65.8,2
PerRI,MPV,5,0.5,0.0,0.0,56.2,3
PerRI,MPV,6,0.69,0.0,0.0,56.2,3
PerRI,MPV,7,0.73,0.0,0.0,65.8,2
PerRI,MPV,8,0.8,33.3,6.1,79.2,3
PerRI,MPV,9,0.97,33.3,6.1,79.2,3
PerRI,MPV,10,1.17,0.0,0.0,56.2,3
PerRI,NA,1,0.04,0.0,0.0,56.2,3
PerRI,NA,2,0.1,0.0,0.0,65.8,2
PerRI,NA,3,0.19,0.0,0.0,56.2,3
PerRI,NA,4,0.21,0.0,0.0,65.8,2
PerRI,NA,5,0.27,0.0,0.0,56.2,3
PerRI,NA,6,0.3,0.0,0.0,65.8,2
PerRI,NA,7,0.36,0.0,0.0,65.8,2
PerRI,NA,8,0.6,0.0,0.0,56.2,3
PerRI,NA,9,0.71,0.0,0.0,65.8,2
PerRI,NA,10,0.9,0.0,0.0,56.2,3
PerRI,PLT,1,0.03,0.0,0.0,49.0,4
PerRI,PLT,2,0.11,25.0,4.6,69.9,4
PerRI,PLT,3,0.33,25.0,4.6,69.9,4
PerRI,PLT,4,0.47,0.0,0.0,56.2,3
PerRI,PLT,5,0.53,25.0,4.6,69.9,4
PerRI,PLT,6,0.59,0.0,0.0,49.0,4
PerRI,PLT,7,0.69,0.0,0.0,56.2,3
PerRI,PLT,8,0.73,25.0,4.6,69.9,4
PerRI,PLT,9,0.81,0.0,0.0,49.0,4
PerRI,PLT,10,1.03,0.0,0.0,49.0,4
PerRI,PT,1,0.1,33.3,6.1,79.2,3
PerRI,PT,2,0.19,0.0,0.0,56.2,3
PerRI,PT,3,0.26,0.0,0.0,65.8,2
PerRI,PT,4,0.34,0.0,0.0,56.2,3
PerRI,PT,5,0.45,0.0,0.0,56.2,3
PerRI,PT,6,0.54,0.0,0.0,65.8,2
PerRI,PT,7,0.61,0.0,0.0,56.2,3
PerRI,PT,8,0.71,50.0,9.5,90.5,2
PerRI,PT,9,0.92,0.0,0.0,56.2,3
PerRI,PT,10,1.53,100.0,43.8,100.0,3
PerRI,RBC,1,2505.1,66.7,30.0,90.3,6
PerRI,RBC,2,3104.18,20.0,3.6,62.4,5
PerRI,RBC,3,3602.48,60.0,23.1,88.2,5
PerRI,RBC,4,3868.26,60.0,23.1,88.2,5
PerRI,RBC,5,3971.98,0.0,0.0,43.4,5
PerRI,RBC,6,4053.49,0.0,0.0,43.4,5
PerRI,RBC,7,4261.64,20.0,3.6,62.4,5
PerRI,RBC,8,4551.31,20.0,3.6,62.4,5
PerRI,RBC,9,4929.07,20.0,3.6,62.4,5
PerRI,RBC,10,5830.53,0.0,0.0,43.4,5
PerRI,RDW,1,0.04,20.0,3.6,62.4,5
PerRI,RDW,2,0.12,25.0,4.6,69.9,4
PerRI,RDW,3,0.23,25.0,4.6,69.9,4
PerRI,RDW,4,0.35,25.0,4.6,69.9,4
PerRI,RDW,5,0.4,0.0,0.0,43.4,5
PerRI,RDW,6,0.43,75.0,30.1,95.4,4
PerRI,RDW,7,0.53,25.0,4.6,69.9,4
PerRI,RDW,8,0.62,50.0,15.0,85.0,4
PerRI,RDW,9,0.71,0.0,0.0,49.0,4
PerRI,RDW,10,0.86,20.0,3.6,62.4,5
PerRI,TBIL,1,0.05,50.0,18.8,81.2,6
PerRI,TBIL,2,0.26,60.0,23.1,88.2,5
PerRI,TBIL,3,0.31,40.0,11.8,76.9,5
PerRI,TBIL,4,0.37,50.0,18.8,81.2,6
PerRI,TBIL,5,0.48,20.0,3.6,62.4,5
PerRI,TBIL,6,0.56,0.0,0.0,43.4,5
PerRI,TBIL,7,0.64,50.0,18.8,81.2,6
PerRI,TBIL,8,0.76,40.0,11.8,76.9,5
PerRI,TBIL,9,0.92,20.0,3.6,62.4,5
PerRI,TBIL,10,1.0,0.0,0.0,39.0,6
PerRI,TC,1,0.07,0.0,0.0,56.2,3
PerRI,TC,2,0.18,0.0,0.0,65.8,2
PerRI,TC,3,0.27,0.0,0.0,65.8,2
PerRI,TC,4,0.4,33.3,6.1,79.2,3
PerRI,TC,5,0.48,100.0,34.2,100.0,2
PerRI,TC,6,0.49,0.0,0.0,65.8,2
PerRI,TC,7,0.58,0.0,0.0,56.2,3
PerRI,TC,8,0.61,0.0,0.0,65.8,2
PerRI,TC,9,0.71,0.0,0.0,65.8,2
PerRI,TC,10,0.77,33.3,6.1,79.2,3
PerRI,TGL,1,0.04,33.3,6.1,79.2,3
PerRI,TGL,2,0.06,33.3,6.1,79.2,3
PerRI,TGL,3,0.1,0.0,0.0,56.2,3
PerRI,TGL,4,0.14,0.0,0.0,65.8,2
PerRI,TGL,5,0.18,33.3,6.1,79.2,3
PerRI,TGL,6,0.23,66.7,20.8,93.9,3
PerRI,TGL,7,0.32,0.0,0.0,65.8,2
PerRI,TGL,8,0.35,33.3,6.1,79.2,3
PerRI,TGL,9,0.41,0.0,0.0,56.2,3
PerRI,TGL,10,0.59,0.0,0.0,56.2,3
PerRI,TP,1,0.01,66.7,20.8,93.9,3
PerRI,TP,2,0.12,0.0,0.0,65.8,2
PerRI,TP,3,0.25,50.0,9.5,90.5,2
PerRI,TP,4,0.29,0.0,0.0,56.2,3
PerRI,TP,5,0.51,0.0,0.0,65.8,2
PerRI,TP,6,0.58,50.0,9.5,90.5,2
PerRI,TP,7,0.7,66.7,20.8,93.9,3
PerRI,TP,8,0.81,50.0,9.5,90.5,2
PerRI,TP,9,0.95,0.0,0.0,65.8,2
PerRI,TP,10,1.13,66.7,20.8,93.9,3
PerRI,WBC,1,0.02,0.0,0.0,39.0,6
PerRI,WBC,2,0.1,0.0,0.0,39.0,6
PerRI,WBC,3,0.21,16.7,3.0,56.4,6
PerRI,WBC,4,0.29,33.3,9.7,70.0,6
PerRI,WBC,5,0.43,16.7,3.0,56.4,6
PerRI,WBC,6,0.48,40.0,11.8,76.9,5
PerRI,WBC,7,0.56,33.3,9.7,70.0,6
PerRI,WBC,8,0.67,16.7,3.0,56.4,6
PerRI,WBC,9,0.81,0.0,0.0,39.0,6
PerRI,WBC,10,1.37,66.7,30.0,90.3,6
Cohen_m2,A1C,1,0.35,40.0,11.8,76.9,5
Cohen_m2,A1C,2,0.83,0.0,0.0,43.4,5
Cohen_m2,A1C,3,1.17,0.0,0.0,49.0,4
Cohen_m2,A1C,4,1.66,80.0,37.6,96.4,5
Cohen_m2,A1C,5,2.11,0.0,0.0,49.0,4
Cohen_m2,A1C,6,2.71,20.0,3.6,62.4,5
Cohen_m2,A1C,7,3.39,25.0,4.6,69.9,4
Cohen_m2,A1C,8,4.4,40.0,11.8,76.9,5
Cohen_m2,A1C,9,5.74,0.0,0.0,49.0,4
Cohen_m2,A1C,10,7.29,40.0,11.8,76.9,5
Cohen_m2,ALB,1,0.17,0.0,0.0,49.0,4
Cohen_m2,ALB,2,0.45,0.0,0.0,49.0,4
Cohen_m2,ALB,3,0.61,25.0,4.6,69.9,4
Cohen_m2,ALB,4,0.95,0.0,0.0,49.0,4
Cohen_m2,ALB,5,1.18,0.0,0.0,49.0,4
Cohen_m2,ALB,6,1.43,0.0,0.0,56.2,3
Cohen_m2,ALB,7,1.61,0.0,0.0,49.0,4
Cohen_m2,ALB,8,1.72,0.0,0.0,49.0,4
Cohen_m2,ALB,9,2.15,0.0,0.0,49.0,4
Cohen_m2,ALB,10,2.81,0.0,0.0,49.0,4
Cohen_m2,ALP,1,0.06,0.0,0.0,49.0,4
Cohen_m2,ALP,2,0.28,33.3,6.1,79.2,3
Cohen_m2,ALP,3,0.58,0.0,0.0,56.2,3
Cohen_m2,ALP,4,0.69,75.0,30.1,95.4,4
Cohen_m2,ALP,5,0.85,0.0,0.0,56.2,3
Cohen_m2,ALP,6,1.04,0.0,0.0,56.2,3
Cohen_m2,ALP,7,1.19,25.0,4.6,69.9,4
Cohen_m2,ALP,8,1.26,0.0,0.0,56.2,3
Cohen_m2,ALP,9,1.35,66.7,20.8,93.9,3
Cohen_m2,ALP,10,1.56,50.0,15.0,85.0,4
Cohen_m2,ALT,1,0.05,40.0,11.8,76.9,5
Cohen_m2,ALT,2,0.28,25.0,4.6,69.9,4
Cohen_m2,ALT,3,0.38,60.0,23.1,88.2,5
Cohen_m2,ALT,4,0.42,0.0,0.0,49.0,4
Cohen_m2,ALT,5,0.6,0.0,0.0,43.4,5
Cohen_m2,ALT,6,0.67,0.0,0.0,49.0,4
Cohen_m2,ALT,7,0.78,25.0,4.6,69.9,4
Cohen_m2,ALT,8,1.17,20.0,3.6,62.4,5
Cohen_m2,ALT,9,1.45,25.0,4.6,69.9,4
Cohen_m2,ALT,10,1.95,40.0,11.8,76.9,5
Cohen_m2,AST,1,0.18,0.0,0.0,56.2,3
Cohen_m2,AST,2,0.26,33.3,6.1,79.2,3
Cohen_m2,AST,3,0.41,0.0,0.0,65.8,2
Cohen_m2,AST,4,0.53,33.3,6.1,79.2,3
Cohen_m2,AST,5,0.66,50.0,9.5,90.5,2
Cohen_m2,AST,6,0.86,33.3,6.1,79.2,3
Cohen_m2,AST,7,1.19,0.0,0.0,65.8,2
Cohen_m2,AST,8,1.41,33.3,6.1,79.2,3
Cohen_m2,AST,9,1.47,50.0,9.5,90.5,2
Cohen_m2,AST,10,1.75,0.0,0.0,56.2,3
Cohen_m2,BUN,1,0.03,33.3,6.1,79.2,3
Cohen_m2,BUN,2,0.16,0.0,0.0,56.2,3
Cohen_m2,BUN,3,0.34,33.3,6.1,79.2,3
Cohen_m2,BUN,4,0.46,0.0,0.0,65.8,2
Cohen_m2,BUN,5,0.61,33.3,6.1,79.2,3
Cohen_m2,BUN,6,0.79,0.0,0.0,56.2,3
Cohen_m2,BUN,7,0.81,50.0,9.5,90.5,2
Cohen_m2,BUN,8,0.95,0.0,0.0,56.2,3
Cohen_m2,BUN,9,1.11,0.0,0.0,56.2,3
Cohen_m2,BUN,10,1.81,33.3,6.1,79.2,3
Cohen_m2,CA,1,0.22,0.0,0.0,56.2,3
Cohen_m2,CA,2,0.47,33.3,6.1,79.2,3
Cohen_m2,CA,3,0.53,0.0,0.0,65.8,2
Cohen_m2,CA,4,0.61,66.7,20.8,93.9,3
Cohen_m2,CA,5,0.75,0.0,0.0,56.2,3
Cohen_m2,CA,6,1.23,0.0,0.0,65.8,2
Cohen_m2,CA,7,1.38,0.0,0.0,56.2,3
Cohen_m2,CA,8,1.67,0.0,0.0,65.8,2
Cohen_m2,CA,9,2.03,0.0,0.0,56.2,3
Cohen_m2,CA,10,2.45,0.0,0.0,56.2,3
Cohen_m2,CL,1,0.11,25.0,4.6,69.9,4
Cohen_m2,CL,2,0.35,66.7,20.8,93.9,3
Cohen_m2,CL,3,0.42,33.3,6.1,79.2,3
Cohen_m2,CL,4,0.54,33.3,6.1,79.2,3
Cohen_m2,CL,5,0.76,25.0,4.6,69.9,4
Cohen_m2,CL,6,1.0,33.3,6.1,79.2,3
Cohen_m2,CL,7,1.12,33.3,6.1,79.2,3
Cohen_m2,CL,8,1.21,33.3,6.1,79.2,3
Cohen_m2,CL,9,1.3,33.3,6.1,79.2,3
Cohen_m2,CL,10,1.72,25.0,4.6,69.9,4
Cohen_m2,CO2,1,0.08,50.0,15.0,85.0,4
Cohen_m2,CO2,2,0.21,25.0,4.6,69.9,4
Cohen_m2,CO2,3,0.33,50.0,15.0,85.0,4
Cohen_m2,CO2,4,0.42,0.0,0.0,56.2,3
Cohen_m2,CO2,5,0.57,50.0,15.0,85.0,4
Cohen_m2,CO2,6,0.71,25.0,4.6,69.9,4
Cohen_m2,CO2,7,0.88,33.3,6.1,79.2,3
Cohen_m2,CO2,8,0.94,0.0,0.0,49.0,4
Cohen_m2,CO2,9,1.18,0.0,0.0,49.0,4
Cohen_m2,CO2,10,1.76,25.0,4.6,69.9,4
Cohen_m2,CRE,1,0.1,33.3,6.1,79.2,3
Cohen_m2,CRE,2,0.53,33.3,6.1,79.2,3
Cohen_m2,CRE,3,0.62,0.0,0.0,65.8,2
Cohen_m2,CRE,4,0.69,33.3,6.1,79.2,3
Cohen_m2,CRE,5,0.75,33.3,6.1,79.2,3
Cohen_m2,CRE,6,0.94,0.0,0.0,65.8,2
Cohen_m2,CRE,7,1.09,33.3,6.1,79.2,3
Cohen_m2,CRE,8,1.46,0.0,0.0,65.8,2
Cohen_m2,CRE,9,1.7,0.0,0.0,56.2,3
Cohen_m2,CRE,10,2.32,33.3,6.1,79.2,3
Cohen_m2,DBIL,1,0.04,0.0,0.0,56.2,3
Cohen_m2,DBIL,2,0.16,0.0,0.0,56.2,3
Cohen_m2,DBIL,3,0.24,50.0,9.5,90.5,2
Cohen_m2,DBIL,4,0.36,33.3,6.1,79.2,3
Cohen_m2,DBIL,5,0.46,0.0,0.0,56.2,3
Cohen_m2,DBIL,6,0.55,33.3,6.1,79.2,3
Cohen_m2,DBIL,7,0.59,50.0,9.5,90.5,2
Cohen_m2,DBIL,8,0.72,0.0,0.0,65.8,2
Cohen_m2,DBIL,9,0.86,0.0,0.0,56.2,3
Cohen_m2,DBIL,10,1.28,33.3,6.1,79.2,3
Cohen_m2,GLU,1,0.21,50.0,15.0,85.0,4
Cohen_m2,GLU,2,0.79,25.0,4.6,69.9,4
Cohen_m2,GLU,3,1.34,25.0,4.6,69.9,4
Cohen_m2,GLU,4,2.4,0.0,0.0,49.0,4
Cohen_m2,GLU,5,3.3,0.0,0.0,49.0,4
Cohen_m2,GLU,6,3.65,66.7,20.8,93.9,3
Cohen_m2,GLU,7,4.11,0.0,0.0,49.0,4
Cohen_m2,GLU,8,4.6,50.0,15.0,85.0,4
Cohen_m2,GLU,9,5.21,25.0,4.6,69.9,4
Cohen_m2,GLU,10,6.1,50.0,15.0,85.0,4
Cohen_m2,HCT,1,0.16,33.3,6.1,79.2,3
Cohen_m2,HCT,2,0.25,0.0,0.0,65.8,2
Cohen_m2,HCT,3,0.39,0.0,0.0,65.8,2
Cohen_m2,HCT,4,0.54,0.0,0.0,65.8,2
Cohen_m2,HCT,5,0.79,0.0,0.0,65.8,2
Cohen_m2,HCT,6,0.9,0.0,0.0,65.8,2
Cohen_m2,HCT,7,0.96,0.0,0.0,65.8,2
Cohen_m2,HCT,8,1.41,0.0,0.0,65.8,2
Cohen_m2,HCT,9,1.53,100.0,34.2,100.0,2
Cohen_m2,HCT,10,1.62,0.0,0.0,56.2,3
Cohen_m2,HDL,1,0.16,0.0,0.0,49.0,4
Cohen_m2,HDL,2,0.34,25.0,4.6,69.9,4
Cohen_m2,HDL,3,0.42,66.7,20.8,93.9,3
Cohen_m2,HDL,4,0.51,0.0,0.0,49.0,4
Cohen_m2,HDL,5,0.76,25.0,4.6,69.9,4
Cohen_m2,HDL,6,0.85,33.3,6.1,79.2,3
Cohen_m2,HDL,7,0.94,0.0,0.0,49.0,4
Cohen_m2,HDL,8,1.2,0.0,0.0,56.2,3
Cohen_m2,HDL,9,1.49,25.0,4.6,69.9,4
Cohen_m2,HDL,10,1.71,25.0,4.6,69.9,4
Cohen_m2,HGB,1,0.04,33.3,6.1,79.2,3
Cohen_m2,HGB,2,0.34,0.0,0.0,56.2,3
Cohen_m2,HGB,3,0.61,33.3,6.1,79.2,3
Cohen_m2,HGB,4,0.97,0.0,0.0,56.2,3
Cohen_m2,HGB,5,1.13,66.7,20.8,93.9,3
Cohen_m2,HGB,6,1.3,50.0,9.5,90.5,2
Cohen_m2,HGB,7,1.42,66.7,20.8,93.9,3
Cohen_m2,HGB,8,1.65,33.3,6.1,79.2,3
Cohen_m2,HGB,9,1.75,33.3,6.1,79.2,3
Cohen_m2,HGB,10,2.32,33.3,6.1,79.2,3
Cohen_m2,K,1,0.03,0.0,0.0,49.0,4
Cohen_m2,K,2,0.15,0.0,0.0,56.2,3
Cohen_m2,K,3,0.25,0.0,0.0,56.2,3
Cohen_m2,K,4,0.53,33.3,6.1,79.2,3
Cohen_m2,K,5,0.71,0.0,0.0,56.2,3
Cohen_m2,K,6,0.87,33.3,6.1,79.2,3
Cohen_m2,K,7,1.01,0.0,0.0,56.2,3
Cohen_m2,K,8,1.16,66.7,20.8,93.9,3
Cohen_m2,K,9,1.29,33.3,6.1,79.2,3
Cohen_m2,K,10,1.68,66.7,20.8,93.9,3
Cohen_m2,LDL,1,0.05,50.0,15.0,85.0,4
Cohen_m2,LDL,2,0.33,0.0,0.0,49.0,4
Cohen_m2,LDL,3,0.36,0.0,0.0,56.2,3
Cohen_m2,LDL,4,0.53,25.0,4.6,69.9,4
Cohen_m2,LDL,5,0.76,0.0,0.0,49.0,4
Cohen_m2,LDL,6,0.83,0.0,0.0,56.2,3
Cohen_m2,LDL,7,0.9,25.0,4.6,69.9,4
Cohen_m2,LDL,8,1.0,0.0,0.0,56.2,3
Cohen_m2,LDL,9,1.08,50.0,15.0,85.0,4
Cohen_m2,LDL,10,1.69,50.0,15.0,85.0,4
Cohen_m2,MCH,1,0.12,0.0,0.0,49.0,4
Cohen_m2,MCH,2,0.26,0.0,0.0,56.2,3
Cohen_m2,MCH,3,0.39,25.0,4.6,69.9,4
Cohen_m2,MCH,4,0.65,33.3,6.1,79.2,3
Cohen_m2,MCH,5,1.03,0.0,0.0,49.0,4
Cohen_m2,MCH,6,1.25,33.3,6.1,79.2,3
Cohen_m2,MCH,7,1.48,0.0,0.0,56.2,3
Cohen_m2,MCH,8,1.7,0.0,0.0,49.0,4
Cohen_m2,MCH,9,2.04,33.3,6.1,79.2,3
Cohen_m2,MCH,10,2.55,25.0,4.6,69.9,4
Cohen_m2,MCHC,1,0.12,20.0,3.6,62.4,5
Cohen_m2,MCHC,2,0.21,0.0,0.0,49.0,4
Cohen_m2,MCHC,3,0.27,0.0,0.0,49.0,4
Cohen_m2,MCHC,4,0.34,0.0,0.0,43.4,5
Cohen_m2,MCHC,5,0.43,0.0,0.0,49.0,4
Cohen_m2,MCHC,6,0.66,25.0,4.6,69.9,4
Cohen_m2,MCHC,7,0.8,0.0,0.0,43.4,5
Cohen_m2,MCHC,8,0.99,0.0,0.0,49.0,4
Cohen_m2,MCHC,9,1.1,25.0,4.6,69.9,4
Cohen_m2,MCHC,10,1.33,20.0,3.6,62.4,5
Cohen_m2,MCV,1,0.11,33.3,6.1,79.2,3
Cohen_m2,MCV,2,0.65,33.3,6.1,79.2,3
Cohen_m2,MCV,3,0.73,0.0,0.0,56.2,3
Cohen_m2,MCV,4,0.87,100.0,34.2,100.0,2
Cohen_m2,MCV,5,1.19,33.3,6.1,79.2,3
Cohen_m2,MCV,6,1.63,33.3,6.1,79.2,3
Cohen_m2,MCV,7,1.85,0.0,0.0,65.8,2
Cohen_m2,MCV,8,1.99,0.0,0.0,56.2,3
Cohen_m2,MCV,9,2.21,0.0,0.0,56.2,3
Cohen_m2,MCV,10,2.96,33.3,6.1,79.2,3
Cohen_m2,NA,1,0.1,0.0,0.0,56.2,3
Cohen_m2,NA,2,0.28,0.0,0.0,65.8,2
Cohen_m2,NA,3,0.38,0.0,0.0,56.2,3
Cohen_m2,NA,4,0.44,0.0,0.0,65.8,2
Cohen_m2,NA,5,0.54,0.0,0.0,56.2,3
Cohen_m2,NA,6,0.6,0.0,0.0,65.8,2
Cohen_m2,NA,7,0.68,0.0,0.0,65.8,2
Cohen_m2,NA,8,1.0,0.0,0.0,56.2,3
Cohen_m2,NA,9,1.25,0.0,0.0,65.8,2
Cohen_m2,NA,10,1.83,0.0,0.0,56.2,3
Cohen_m2,PLT,1,0.04,0.0,0.0,49.0,4
Cohen_m2,PLT,2,0.47,0.0,0.0,49.0,4
Cohen_m2,PLT,3,0.51,25.0,4.6,69.9,4
Cohen_m2,PLT,4,0.69,33.3,6.1,79.2,3
Cohen_m2,PLT,5,0.98,0.0,0.0,49.0,4
Cohen_m2,PLT,6,1.24,0.0,0.0,49.0,4
Cohen_m2,PLT,7,1.46,33.3,6.1,79.2,3
Cohen_m2,PLT,8,1.48,0.0,0.0,49.0,4
Cohen_m2,PLT,9,1.66,25.0,4.6,69.9,4
Cohen_m2,PLT,10,2.2,0.0,0.0,49.0,4
Cohen_m2,RBC,1,0.17,16.7,3.0,56.4,6
Cohen_m2,RBC,2,0.41,40.0,11.8,76.9,5
Cohen_m2,RBC,3,0.7,20.0,3.6,62.4,5
Cohen_m2,RBC,4,0.85,40.0,11.8,76.9,5
Cohen_m2,RBC,5,1.0,40.0,11.8,76.9,5
Cohen_m2,RBC,6,1.39,0.0,0.0,43.4,5
Cohen_m2,RBC,7,1.64,20.0,3.6,62.4,5
Cohen_m2,RBC,8,1.89,60.0,23.1,88.2,5
Cohen_m2,RBC,9,2.13,20.0,3.6,62.4,5
Cohen_m2,RBC,10,2.48,20.0,3.6,62.4,5
Cohen_m2,RDW,1,0.12,40.0,11.8,76.9,5
Cohen_m2,RDW,2,0.26,0.0,0.0,49.0,4
Cohen_m2,RDW,3,0.53,25.0,4.6,69.9,4
Cohen_m2,RDW,4,0.67,25.0,4.6,69.9,4
Cohen_m2,RDW,5,0.97,60.0,23.1,88.2,5
Cohen_m2,RDW,6,1.07,0.0,0.0,49.0,4
Cohen_m2,RDW,7,1.18,25.0,4.6,69.9,4
Cohen_m2,RDW,8,1.34,25.0,4.6,69.9,4
Cohen_m2,RDW,9,1.51,50.0,15.0,85.0,4
Cohen_m2,RDW,10,1.78,0.0,0.0,43.4,5
Cohen_m2,TBIL,1,0.08,66.7,30.0,90.3,6
Cohen_m2,TBIL,2,0.21,40.0,11.8,76.9,5
Cohen_m2,TBIL,3,0.34,80.0,37.6,96.4,5
Cohen_m2,TBIL,4,0.58,16.7,3.0,56.4,6
Cohen_m2,TBIL,5,0.7,20.0,3.6,62.4,5
Cohen_m2,TBIL,6,0.91,20.0,3.6,62.4,5
Cohen_m2,TBIL,7,1.08,0.0,0.0,39.0,6
Cohen_m2,TBIL,8,1.33,40.0,11.8,76.9,5
Cohen_m2,TBIL,9,1.5,20.0,3.6,62.4,5
Cohen_m2,TBIL,10,2.1,33.3,9.7,70.0,6
Cohen_m2,TC,1,0.18,0.0,0.0,56.2,3
Cohen_m2,TC,2,0.39,50.0,9.5,90.5,2
Cohen_m2,TC,3,0.45,0.0,0.0,65.8,2
Cohen_m2,TC,4,0.55,0.0,0.0,56.2,3
Cohen_m2,TC,5,0.7,0.0,0.0,65.8,2
Cohen_m2,TC,6,0.9,0.0,0.0,65.8,2
Cohen_m2,TC,7,1.06,66.7,20.8,93.9,3
Cohen_m2,TC,8,1.14,0.0,0.0,65.8,2
Cohen_m2,TC,9,1.23,0.0,0.0,65.8,2
Cohen_m2,TC,10,1.42,33.3,6.1,79.2,3
Cohen_m2,TGL,1,0.06,33.3,6.1,79.2,3
Cohen_m2,TGL,2,0.12,0.0,0.0,56.2,3
Cohen_m2,TGL,3,0.26,0.0,0.0,56.2,3
Cohen_m2,TGL,4,0.45,100.0,34.2,100.0,2
Cohen_m2,TGL,5,0.51,0.0,0.0,56.2,3
Cohen_m2,TGL,6,0.64,66.7,20.8,93.9,3
Cohen_m2,TGL,7,0.75,50.0,9.5,90.5,2
Cohen_m2,TGL,8,0.84,0.0,0.0,56.2,3
Cohen_m2,TGL,9,1.04,0.0,0.0,56.2,3
Cohen_m2,TGL,10,1.67,0.0,0.0,56.2,3
Cohen_m2,TP,1,0.22,33.3,6.1,79.2,3
Cohen_m2,TP,2,0.36,50.0,9.5,90.5,2
Cohen_m2,TP,3,0.83,0.0,0.0,65.8,2
Cohen_m2,TP,4,0.99,33.3,6.1,79.2,3
Cohen_m2,TP,5,1.07,50.0,9.5,90.5,2
Cohen_m2,TP,6,1.25,50.0,9.5,90.5,2
Cohen_m2,TP,7,1.57,33.3,6.1,79.2,3
Cohen_m2,TP,8,1.64,50.0,9.5,90.5,2
Cohen_m2,TP,9,1.92,50.0,9.5,90.5,2
Cohen_m2,TP,10,2.13,33.3,6.1,79.2,3
Cohen_m2,WBC,1,0.04,16.7,3.0,56.4,6
Cohen_m2,WBC,2,0.09,16.7,3.0,56.4,6
Cohen_m2,WBC,3,0.16,0.0,0.0,39.0,6
Cohen_m2,WBC,4,0.22,16.7,3.0,56.4,6
Cohen_m2,WBC,5,0.33,50.0,18.8,81.2,6
Cohen_m2,WBC,6,0.48,0.0,0.0,43.4,5
Cohen_m2,WBC,7,0.54,66.7,30.0,90.3,6
Cohen_m2,WBC,8,0.62,16.7,3.0,56.4,6
Cohen_m2,WBC,9,0.77,0.0,0.0,39.0,6
Cohen_m2,WBC,10,0.92,33.3,9.7,70.0,6
Cohen_m3,A1C,1,0.33,20.0,3.6,62.4,5
Cohen_m3,A1C,2,1.16,40.0,11.8,76.9,5
Cohen_m3,A1C,3,1.39,0.0,0.0,49.0,4
Cohen_m3,A1C,4,1.68,60.0,23.1,88.2,5
Cohen_m3,A1C,5,2.11,0.0,0.0,49.0,4
Cohen_m3,A1C,6,2.52,40.0,11.8,76.9,5
Cohen_m3,A1C,7,3.94,0.0,0.0,49.0,4
Cohen_m3,A1C,8,4.55,40.0,11.8,76.9,5
Cohen_m3,A1C,9,5.88,0.0,0.0,49.0,4
Cohen_m3,A1C,10,7.68,40.0,11.8,76.9,5
Cohen_m3,ALB,1,0.2,25.0,4.6,69.9,4
Cohen_m3,ALB,2,0.43,0.0,0.0,49.0,4
Cohen_m3,ALB,3,0.59,0.0,0.0,49.0,4
Cohen_m3,ALB,4,0.85,0.0,0.0,49.0,4
Cohen_m3,ALB,5,1.18,0.0,0.0,49.0,4
Cohen_m3,ALB,6,1.49,0.0,0.0,56.2,3
Cohen_m3,ALB,7,1.57,0.0,0.0,49.0,4
Cohen_m3,ALB,8,1.72,0.0,0.0,49.0,4
Cohen_m3,ALB,9,2.16,0.0,0.0,49.0,4
Cohen_m3,ALB,10,2.72,0.0,0.0,49.0,4
Cohen_m3,ALP,1,0.07,25.0,4.6,69.9,4
Cohen_m3,ALP,2,0.34,33.3,6.1,79.2,3
Cohen_m3,ALP,3,0.6,33.3,6.1,79.2,3
Cohen_m3,ALP,4,0.67,25.0,4.6,69.9,4
Cohen_m3,ALP,5,0.87,0.0,0.0,56.2,3
Cohen_m3,ALP,6,1.12,33.3,6.1,79.2,3
Cohen_m3,ALP,7,1.27,0.0,0.0,49.0,4
Cohen_m3,ALP,8,1.35,0.0,0.0,56.2,3
Cohen_m3,ALP,9,1.44,66.7,20.8,93.9,3
Cohen_m3,ALP,10,1.67,50.0,15.0,85.0,4
Cohen_m3,ALT,1,0.0,40.0,11.8,76.9,5
Cohen_m3,ALT,2,0.25,25.0,4.6,69.9,4
Cohen_m3,ALT,3,0.37,20.0,3.6,62.4,5
Cohen_m3,ALT,4,0.42,25.0,4.6,69.9,4
Cohen_m3,ALT,5,0.65,0.0,0.0,43.4,5
Cohen_m3,ALT,6,0.74,25.0,4.6,69.9,4
Cohen_m3,ALT,7,0.83,50.0,15.0,85.0,4
Cohen_m3,ALT,8,1.09,20.0,3.6,62.4,5
Cohen_m3,ALT,9,1.48,25.0,4.6,69.9,4
Cohen_m3,ALT,10,1.67,20.0,3.6,62.4,5
Cohen_m3,AST,1,0.08,33.3,6.1,79.2,3
Cohen_m3,AST,2,0.15,0.0,0.0,56.2,3
Cohen_m3,AST,3,0.33,0.0,0.0,65.8,2
Cohen_m3,AST,4,0.45,0.0,0.0,56.2,3
Cohen_m3,AST,5,0.66,100.0,34.2,100.0,2
Cohen_m3,AST,6,0.98,33.3,6.1,79.2,3
Cohen_m3,AST,7,1.05,0.0,0.0,65.8,2
Cohen_m3,AST,8,1.17,0.0,0.0,56.2,3
Cohen_m3,AST,9,1.26,100.0,34.2,100.0,2
Cohen_m3,AST,10,1.92,0.0,0.0,56.2,3
Cohen_m3,BUN,1,0.01,33.3,6.1,79.2,3
Cohen_m3,BUN,2,0.13,33.3,6.1,79.2,3
Cohen_m3,BUN,3,0.22,0.0,0.0,56.2,3
Cohen_m3,BUN,4,0.43,0.0,0.0,65.8,2
Cohen_m3,BUN,5,0.58,0.0,0.0,56.2,3
Cohen_m3,BUN,6,0.8,33.3,6.1,79.2,3
Cohen_m3,BUN,7,0.92,0.0,0.0,65.8,2
Cohen_m3,BUN,8,1.03,33.3,6.1,79.2,3
Cohen_m3,BUN,9,1.07,33.3,6.1,79.2,3
Cohen_m3,BUN,10,1.22,0.0,0.0,56.2,3
Cohen_m3,CA,1,0.06,0.0,0.0,56.2,3
Cohen_m3,CA,2,0.56,0.0,0.0,56.2,3
Cohen_m3,CA,3,0.69,50.0,9.5,90.5,2
Cohen_m3,CA,4,0.8,33.3,6.1,79.2,3
Cohen_m3,CA,5,0.84,33.3,6.1,79.2,3
Cohen_m3,CA,6,1.1,0.0,0.0,65.8,2
Cohen_m3,CA,7,1.36,0.0,0.0,56.2,3
Cohen_m3,CA,8,1.45,0.0,0.0,65.8,2
Cohen_m3,CA,9,1.72,0.0,0.0,56.2,3
Cohen_m3,CA,10,2.06,0.0,0.0,56.2,3
Cohen_m3,CL,1,0.16,25.0,4.6,69.9,4
Cohen_m3,CL,2,0.31,66.7,20.8,93.9,3
Cohen_m3,CL,3,0.5,33.3,6.1,79.2,3
Cohen_m3,CL,4,0.61,66.7,20.8,93.9,3
Cohen_m3,CL,5,0.66,0.0,0.0,49.0,4
Cohen_m3,CL,6,0.98,33.3,6.1,79.2,3
Cohen_m3,CL,7,1.16,66.7,20.8,93.9,3
Cohen_m3,CL,8,1.24,0.0,0.0,56.2,3
Cohen_m3,CL,9,1.34,33.3,6.1,79.2,3
Cohen_m3,CL,10,1.65,25.0,4.6,69.9,4
Cohen_m3,CO2,1,0.05,50.0,15.0,85.0,4
Cohen_m3,CO2,2,0.24,0.0,0.0,49.0,4
Cohen_m3,CO2,3,0.37,25.0,4.6,69.9,4
Cohen_m3,CO2,4,0.43,0.0,0.0,56.2,3
Cohen_m3,CO2,5,0.61,50.0,15.0,85.0,4
Cohen_m3,CO2,6,0.66,75.0,30.1,95.4,4
Cohen_m3,CO2,7,1.03,0.0,0.0,56.2,3
Cohen_m3,CO2,8,1.12,25.0,4.6,69.9,4
Cohen_m3,CO2,9,1.31,0.0,0.0,49.0,4
Cohen_m3,CO2,10,1.74,25.0,4.6,69.9,4
Cohen_m3,CRE,1,0.22,33.3,6.1,79.2,3
Cohen_m3,CRE,2,0.29,33.3,6.1,79.2,3
Cohen_m3,CRE,3,0.6,50.0,9.5,90.5,2
Cohen_m3,CRE,4,0.75,0.0,0.0,56.2,3
Cohen_m3,CRE,5,0.87,33.3,6.1,79.2,3
Cohen_m3,CRE,6,0.92,0.0,0.0,65.8,2
Cohen_m3,CRE,7,1.22,33.3,6.1,79.2,3
Cohen_m3,CRE,8,1.43,0.0,0.0,65.8,2
Cohen_m3,CRE,9,1.62,0.0,0.0,56.2,3
Cohen_m3,CRE,10,2.36,33.3,6.1,79.2,3
Cohen_m3,DBIL,1,0.03,0.0,0.0,56.2,3
Cohen_m3,DBIL,2,0.08,0.0,0.0,56.2,3
Cohen_m3,DBIL,3,0.22,0.0,0.0,56.2,3
Cohen_m3,DBIL,4,0.3,50.0,9.5,90.5,2
Cohen_m3,DBIL,5,0.4,33.3,6.1,79.2,3
Cohen_m3,DBIL,6,0.47,0.0,0.0,65.8,2
Cohen_m3,DBIL,7,0.57,25.0,4.6,69.9,4
Cohen_m3,DBIL,8,0.65,0.0,0.0,79.3,1
Cohen_m3,DBIL,9,0.68,33.3,6.1,79.2,3
Cohen_m3,DBIL,10,0.97,33.3,6.1,79.2,3
Cohen_m3,GLU,1,0.39,25.0,4.6,69.9,4
Cohen_m3,GLU,2,0.87,50.0,15.0,85.0,4
Cohen_m3,GLU,3,1.24,25.0,4.6,69.9,4
Cohen_m3,GLU,4,2.05,0.0,0.0,49.0,4
Cohen_m3,GLU,5,3.13,0.0,0.0,49.0,4
Cohen_m3,GLU,6,3.44,66.7,20.8,93.9,3
Cohen_m3,GLU,7,4.0,0.0,0.0,49.0,4
Cohen_m3,GLU,8,4.35,50.0,15.0,85.0,4
Cohen_m3,GLU,9,5.16,25.0,4.6,69.9,4
Cohen_m3,GLU,10,5.89,50.0,15.0,85.0,4
Cohen_m3,HCT,1,0.2,33.3,6.1,79.2,3
Cohen_m3,HCT,2,0.4,0.0,0.0,65.8,2
Cohen_m3,HCT,3,0.59,0.0,0.0,65.8,2
Cohen_m3,HCT,4,0.74,0.0,0.0,65.8,2
Cohen_m3,HCT,5,0.85,0.0,0.0,65.8,2
Cohen_m3,HCT,6,0.95,0.0,0.0,65.8,2
Cohen_m3,HCT,7,1.12,0.0,0.0,65.8,2
Cohen_m3,HCT,8,1.26,0.0,0.0,65.8,2
Cohen_m3,HCT,9,1.36,50.0,9.5,90.5,2
Cohen_m3,HCT,10,1.45,33.3,6.1,79.2,3
Cohen_m3,HDL,1,0.16,0.0,0.0,49.0,4
Cohen_m3,HDL,2,0.32,50.0,15.0,85.0,4
Cohen_m3,HDL,3,0.44,33.3,6.1,79.2,3
Cohen_m3,HDL,4,0.56,0.0,0.0,49.0,4
Cohen_m3,HDL,5,0.75,25.0,4.6,69.9,4
Cohen_m3,HDL,6,0.99,33.3,6.1,79.2,3
Cohen_m3,HDL,7,1.06,0.0,0.0,49.0,4
Cohen_m3,HDL,8,1.2,0.0,0.0,56.2,3
Cohen_m3,HDL,9,1.62,50.0,15.0,85.0,4
Cohen_m3,HDL,10,1.75,0.0,0.0,49.0,4
Cohen_m3,HGB,1,0.06,33.3,6.1,79.2,3
Cohen_m3,HGB,2,0.29,0.0,0.0,56.2,3
Cohen_m3,HGB,3,0.67,0.0,0.0,56.2,3
Cohen_m3,HGB,4,0.9,33.3,6.1,79.2,3
Cohen_m3,HGB,5,1.26,33.3,6.1,79.2,3
Cohen_m3,HGB,6,1.38,100.0,34.2,100.0,2
Cohen_m3,HGB,7,1.47,33.3,6.1,79.2,3
Cohen_m3,HGB,8,1.65,33.3,6.1,79.2,3
Cohen_m3,HGB,9,1.82,66.7,20.8,93.9,3
Cohen_m3,HGB,10,2.3,33.3,6.1,79.2,3
Cohen_m3,K,1,0.12,0.0,0.0,49.0,4
Cohen_m3,K,2,0.21,0.0,0.0,56.2,3
Cohen_m3,K,3,0.32,0.0,0.0,56.2,3
Cohen_m3,K,4,0.48,33.3,6.1,79.2,3
Cohen_m3,K,5,0.57,0.0,0.0,56.2,3
Cohen_m3,K,6,0.8,33.3,6.1,79.2,3
Cohen_m3,K,7,0.82,33.3,6.1,79.2,3
Cohen_m3,K,8,1.09,33.3,6.1,79.2,3
Cohen_m3,K,9,1.21,33.3,6.1,79.2,3
Cohen_m3,K,10,1.33,66.7,20.8,93.9,3
Cohen_m3,LDL,1,0.1,50.0,15.0,85.0,4
Cohen_m3,LDL,2,0.28,0.0,0.0,49.0,4
Cohen_m3,LDL,3,0.37,0.0,0.0,56.2,3
Cohen_m3,LDL,4,0.54,0.0,0.0,49.0,4
Cohen_m3,LDL,5,0.69,25.0,4.6,69.9,4
Cohen_m3,LDL,6,0.77,33.3,6.1,79.2,3
Cohen_m3,LDL,7,0.88,0.0,0.0,49.0,4
Cohen_m3,LDL,8,0.98,33.3,6.1,79.2,3
Cohen_m3,LDL,9,1.22,25.0,4.6,69.9,4
Cohen_m3,LDL,10,1.66,50.0,15.0,85.0,4
Cohen_m3,MCH,1,0.07,0.0,0.0,49.0,4
Cohen_m3,MCH,2,0.35,0.0,0.0,56.2,3
Cohen_m3,MCH,3,0.46,0.0,0.0,49.0,4
Cohen_m3,MCH,4,0.64,66.7,20.8,93.9,3
Cohen_m3,MCH,5,1.07,25.0,4.6,69.9,4
Cohen_m3,MCH,6,1.26,0.0,0.0,56.2,3
Cohen_m3,MCH,7,1.49,0.0,0.0,56.2,3
Cohen_m3,MCH,8,1.79,0.0,0.0,49.0,4
Cohen_m3,MCH,9,1.9,33.3,6.1,79.2,3
Cohen_m3,MCH,10,2.4,25.0,4.6,69.9,4
Cohen_m3,MCHC,1,0.05,20.0,3.6,62.4,5
Cohen_m3,MCHC,2,0.21,0.0,0.0,49.0,4
Cohen_m3,MCHC,3,0.27,0.0,0.0,49.0,4
Cohen_m3,MCHC,4,0.35,0.0,0.0,43.4,5
Cohen_m3,MCHC,5,0.53,25.0,4.6,69.9,4
Cohen_m3,MCHC,6,0.73,0.0,0.0,49.0,4
Cohen_m3,MCHC,7,0.83,0.0,0.0,43.4,5
Cohen_m3,MCHC,8,0.99,25.0,4.6,69.9,4
Cohen_m3,MCHC,9,1.24,0.0,0.0,49.0,4
Cohen_m3,MCHC,10,1.51,20.0,3.6,62.4,5
Cohen_m3,MCV,1,0.08,33.3,6.1,79.2,3
Cohen_m3,MCV,2,0.62,33.3,6.1,79.2,3
Cohen_m3,MCV,3,0.81,33.3,6.1,79.2,3
Cohen_m3,MCV,4,0.94,50.0,9.5,90.5,2
Cohen_m3,MCV,5,1.14,0.0,0.0,56.2,3
Cohen_m3,MCV,6,1.34,33.3,6.1,79.2,3
Cohen_m3,MCV,7,1.62,50.0,9.5,90.5,2
Cohen_m3,MCV,8,1.81,0.0,0.0,56.2,3
Cohen_m3,MCV,9,2.21,33.3,6.1,79.2,3
Cohen_m3,MCV,10,2.87,0.0,0.0,56.2,3
Cohen_m3,NA,1,0.04,0.0,0.0,56.2,3
Cohen_m3,NA,2,0.14,0.0,0.0,65.8,2
Cohen_m3,NA,3,0.24,0.0,0.0,56.2,3
Cohen_m3,NA,4,0.3,0.0,0.0,65.8,2
Cohen_m3,NA,5,0.34,0.0,0.0,56.2,3
Cohen_m3,NA,6,0.47,0.0,0.0,65.8,2
Cohen_m3,NA,7,0.71,0.0,0.0,65.8,2
Cohen_m3,NA,8,1.02,0.0,0.0,56.2,3
Cohen_m3,NA,9,1.39,0.0,0.0,65.8,2
Cohen_m3,NA,10,1.74,0.0,0.0,56.2,3
Cohen_m3,PLT,1,0.09,0.0,0.0,49.0,4
Cohen_m3,PLT,2,0.28,0.0,0.0,49.0,4
Cohen_m3,PLT,3,0.46,25.0,4.6,69.9,4
Cohen_m3,PLT,4,0.72,0.0,0.0,56.2,3
Cohen_m3,PLT,5,0.9,25.0,4.6,69.9,4
Cohen_m3,PLT,6,1.19,0.0,0.0,49.0,4
Cohen_m3,PLT,7,1.36,33.3,6.1,79.2,3
Cohen_m3,PLT,8,1.54,0.0,0.0,49.0,4
Cohen_m3,PLT,9,1.67,25.0,4.6,69.9,4
Cohen_m3,PLT,10,1.91,0.0,0.0,49.0,4
Cohen_m3,RBC,1,0.03,33.3,9.7,70.0,6
Cohen_m3,RBC,2,0.49,20.0,3.6,62.4,5
Cohen_m3,RBC,3,0.65,40.0,11.8,76.9,5
Cohen_m3,RBC,4,0.88,20.0,3.6,62.4,5
Cohen_m3,RBC,5,1.06,20.0,3.6,62.4,5
Cohen_m3,RBC,6,1.34,40.0,11.8,76.9,5
Cohen_m3,RBC,7,1.66,20.0,3.6,62.4,5
Cohen_m3,RBC,8,1.91,40.0,11.8,76.9,5
Cohen_m3,RBC,9,2.1,40.0,11.8,76.9,5
Cohen_m3,RBC,10,2.38,0.0,0.0,43.4,5
Cohen_m3,RDW,1,0.14,40.0,11.8,76.9,5
Cohen_m3,RDW,2,0.28,0.0,0.0,49.0,4
Cohen_m3,RDW,3,0.44,50.0,15.0,85.0,4
Cohen_m3,RDW,4,0.71,25.0,4.6,69.9,4
Cohen_m3,RDW,5,1.0,60.0,23.1,88.2,5
Cohen_m3,RDW,6,1.23,25.0,4.6,69.9,4
Cohen_m3,RDW,7,1.28,0.0,0.0,49.0,4
Cohen_m3,RDW,8,1.42,25.0,4.6,69.9,4
Cohen_m3,RDW,9,1.54,0.0,0.0,49.0,4
Cohen_m3,RDW,10,1.76,20.0,3.6,62.4,5
Cohen_m3,TBIL,1,0.08,50.0,18.8,81.2,6
Cohen_m3,TBIL,2,0.36,40.0,11.8,76.9,5
Cohen_m3,TBIL,3,0.52,20.0,3.6,62.4,5
Cohen_m3,TBIL,4,0.61,66.7,30.0,90.3,6
Cohen_m3,TBIL,5,0.71,40.0,11.8,76.9,5
Cohen_m3,TBIL,6,0.96,0.0,0.0,43.4,5
Cohen_m3,TBIL,7,1.15,16.7,3.0,56.4,6
Cohen_m3,TBIL,8,1.19,40.0,11.8,76.9,5
Cohen_m3,TBIL,9,1.45,20.0,3.6,62.4,5
Cohen_m3,TBIL,10,1.74,33.3,9.7,70.0,6
Cohen_m3,TC,1,0.1,33.3,6.1,79.2,3
Cohen_m3,TC,2,0.37,0.0,0.0,65.8,2
Cohen_m3,TC,3,0.44,0.0,0.0,65.8,2
Cohen_m3,TC,4,0.51,0.0,0.0,56.2,3
Cohen_m3,TC,5,0.66,0.0,0.0,65.8,2
Cohen_m3,TC,6,0.8,0.0,0.0,65.8,2
Cohen_m3,TC,7,0.99,0.0,0.0,56.2,3
Cohen_m3,TC,8,1.17,0.0,0.0,65.8,2
Cohen_m3,TC,9,1.36,100.0,34.2,100.0,2
Cohen_m3,TC,10,1.68,33.3,6.1,79.2,3
Cohen_m3,TGL,1,0.04,0.0,0.0,56.2,3
Cohen_m3,TGL,2,0.18,0.0,0.0,56.2,3
Cohen_m3,TGL,3,0.26,33.3,6.1,79.2,3
Cohen_m3,TGL,4,0.42,0.0,0.0,65.8,2
Cohen_m3,TGL,5,0.68,66.7,20.8,93.9,3
Cohen_m3,TGL,6,0.78,0.0,0.0,56.2,3
Cohen_m3,TGL,7,0.93,0.0,0.0,65.8,2
Cohen_m3,TGL,8,1.05,33.3,6.1,79.2,3
Cohen_m3,TGL,9,1.14,66.7,20.8,93.9,3
Cohen_m3,TGL,10,1.47,0.0,0.0,56.2,3
Cohen_m3,TP,1,0.09,0.0,0.0,56.2,3
Cohen_m3,TP,2,0.37,100.0,34.2,100.0,2
Cohen_m3,TP,3,0.84,0.0,0.0,65.8,2
Cohen_m3,TP,4,0.99,33.3,6.1,79.2,3
Cohen_m3,TP,5,1.22,50.0,9.5,90.5,2
Cohen_m3,TP,6,1.36,0.0,0.0,65.8,2
Cohen_m3,TP,7,1.53,100.0,43.8,100.0,3
Cohen_m3,TP,8,1.76,0.0,0.0,65.8,2
Cohen_m3,TP,9,2.07,50.0,9.5,90.5,2
Cohen_m3,TP,10,2.32,33.3,6.1,79.2,3
Cohen_m3,WBC,1,0.07,0.0,0.0,39.0,6
Cohen_m3,WBC,2,0.12,16.7,3.0,56.4,6
Cohen_m3,WBC,3,0.18,0.0,0.0,39.0,6
Cohen_m3,WBC,4,0.28,50.0,18.8,81.2,6
Cohen_m3,WBC,5,0.37,16.7,3.0,56.4,6
Cohen_m3,WBC,6,0.45,40.0,11.8,76.9,5
Cohen_m3,WBC,7,0.52,33.3,9.7,70.0,6
Cohen_m3,WBC,8,0.59,33.3,9.7,70.0,6
Cohen_m3,WBC,9,0.8,16.7,3.0,56.4,6
Cohen_m3,WBC,10,1.02,16.7,3.0,56.4,6
Cohen_m4,A1C,1,0.46,20.0,3.6,62.4,5
Cohen_m4,A1C,2,1.03,20.0,3.6,62.4,5
Cohen_m4,A1C,3,1.28,50.0,15.0,85.0,4
Cohen_m4,A1C,4,1.72,40.0,11.8,76.9,5
Cohen_m4,A1C,5,2.11,0.0,0.0,49.0,4
Cohen_m4,A1C,6,2.98,40.0,11.8,76.9,5
Cohen_m4,A1C,7,4.38,0.0,0.0,49.0,4
Cohen_m4,A1C,8,5.37,40.0,11.8,76.9,5
Cohen_m4,A1C,9,6.88,0.0,0.0,49.0,4
Cohen_m4,A1C,10,8.91,40.0,11.8,76.9,5
Cohen_m4,ALB,1,0.25,0.0,0.0,49.0,4
Cohen_m4,ALB,2,0.38,25.0,4.6,69.9,4
Cohen_m4,ALB,3,0.7,0.0,0.0,49.0,4
Cohen_m4,ALB,4,0.9,0.0,0.0,49.0,4
Cohen_m4,ALB,5,1.31,0.0,0.0,49.0,4
Cohen_m4,ALB,6,1.6,0.0,0.0,56.2,3
Cohen_m4,ALB,7,1.83,0.0,0.0,49.0,4
Cohen_m4,ALB,8,1.94,0.0,0.0,49.0,4
Cohen_m4,ALB,9,2.24,0.0,0.0,49.0,4
Cohen_m4,ALB,10,3.01,0.0,0.0,49.0,4
Cohen_m4,ALP,1,0.15,0.0,0.0,49.0,4
Cohen_m4,ALP,2,0.52,33.3,6.1,79.2,3
Cohen_m4,ALP,3,0.6,33.3,6.1,79.2,3
Cohen_m4,ALP,4,0.76,25.0,4.6,69.9,4
Cohen_m4,ALP,5,1.04,33.3,6.1,79.2,3
Cohen_m4,ALP,6,1.22,0.0,0.0,56.2,3
Cohen_m4,ALP,7,1.28,25.0,4.6,69.9,4
Cohen_m4,ALP,8,1.32,0.0,0.0,56.2,3
Cohen_m4,ALP,9,1.56,33.3,6.1,79.2,3
Cohen_m4,ALP,10,1.74,75.0,30.1,95.4,4
Cohen_m4,ALT,1,0.07,60.0,23.1,88.2,5
Cohen_m4,ALT,2,0.26,0.0,0.0,49.0,4
Cohen_m4,ALT,3,0.38,60.0,23.1,88.2,5
Cohen_m4,ALT,4,0.68,0.0,0.0,49.0,4
Cohen_m4,ALT,5,0.83,20.0,3.6,62.4,5
Cohen_m4,ALT,6,0.96,0.0,0.0,49.0,4
Cohen_m4,ALT,7,1.05,0.0,0.0,49.0,4
Cohen_m4,ALT,8,1.24,20.0,3.6,62.4,5
Cohen_m4,ALT,9,1.72,0.0,0.0,49.0,4
Cohen_m4,ALT,10,2.04,60.0,23.1,88.2,5
Cohen_m4,AST,1,0.04,0.0,0.0,56.2,3
Cohen_m4,AST,2,0.29,0.0,0.0,56.2,3
Cohen_m4,AST,3,0.46,50.0,9.5,90.5,2
Cohen_m4,AST,4,0.54,66.7,20.8,93.9,3
Cohen_m4,AST,5,0.66,0.0,0.0,65.8,2
Cohen_m4,AST,6,0.82,33.3,6.1,79.2,3
Cohen_m4,AST,7,0.91,0.0,0.0,65.8,2
Cohen_m4,AST,8,1.23,33.3,6.1,79.2,3
Cohen_m4,AST,9,1.45,0.0,0.0,65.8,2
Cohen_m4,AST,10,1.71,33.3,6.1,79.2,3
Cohen_m4,BUN,1,0.08,0.0,0.0,56.2,3
Cohen_m4,BUN,2,0.41,33.3,6.1,79.2,3
Cohen_m4,BUN,3,0.58,33.3,6.1,79.2,3
Cohen_m4,BUN,4,0.65,0.0,0.0,65.8,2
Cohen_m4,BUN,5,0.72,33.3,6.1,79.2,3
Cohen_m4,BUN,6,0.8,0.0,0.0,56.2,3
Cohen_m4,BUN,7,0.94,0.0,0.0,65.8,2
Cohen_m4,BUN,8,1.15,33.3,6.1,79.2,3
Cohen_m4,BUN,9,1.26,0.0,0.0,56.2,3
Cohen_m4,BUN,10,1.52,33.3,6.1,79.2,3
Cohen_m4,CA,1,0.15,0.0,0.0,56.2,3
Cohen_m4,CA,2,0.57,100.0,43.8,100.0,3
Cohen_m4,CA,3,0.61,0.0,0.0,65.8,2
Cohen_m4,CA,4,0.77,0.0,0.0,56.2,3
Cohen_m4,CA,5,1.04,0.0,0.0,56.2,3
Cohen_m4,CA,6,1.16,0.0,0.0,65.8,2
Cohen_m4,CA,7,1.27,0.0,0.0,56.2,3
Cohen_m4,CA,8,1.65,0.0,0.0,65.8,2
Cohen_m4,CA,9,2.06,0.0,0.0,56.2,3
Cohen_m4,CA,10,2.47,0.0,0.0,56.2,3
Cohen_m4,CL,1,0.17,25.0,4.6,69.9,4
Cohen_m4,CL,2,0.44,33.3,6.1,79.2,3
Cohen_m4,CL,3,0.52,100.0,43.8,100.0,3
Cohen_m4,CL,4,0.54,33.3,6.1,79.2,3
Cohen_m4,CL,5,0.85,0.0,0.0,49.0,4
Cohen_m4,CL,6,0.94,33.3,6.1,79.2,3
Cohen_m4,CL,7,1.1,33.3,6.1,79.2,3
Cohen_m4,CL,8,1.17,66.7,20.8,93.9,3
Cohen_m4,CL,9,1.37,0.0,0.0,56.2,3
Cohen_m4,CL,10,1.54,25.0,4.6,69.9,4
Cohen_m4,CO2,1,0.06,50.0,15.0,85.0,4
Cohen_m4,CO2,2,0.18,0.0,0.0,49.0,4
Cohen_m4,CO2,3,0.3,0.0,0.0,49.0,4
Cohen_m4,CO2,4,0.4,66.7,20.8,93.9,3
Cohen_m4,CO2,5,0.64,25.0,4.6,69.9,4
Cohen_m4,CO2,6,0.81,75.0,30.1,95.4,4
Cohen_m4,CO2,7,0.98,0.0,0.0,56.2,3
Cohen_m4,CO2,8,1.08,25.0,4.6,69.9,4
Cohen_m4,CO2,9,1.3,0.0,0.0,49.0,4
Cohen_m4,CO2,10,1.67,25.0,4.6,69.9,4
Cohen_m4,CRE,1,0.16,33.3,6.1,79.2,3
Cohen_m4,CRE,2,0.39,33.3,6.1,79.2,3
Cohen_m4,CRE,3,0.54,0.0,0.0,65.8,2
Cohen_m4,CRE,4,0.83,0.0,0.0,56.2,3
Cohen_m4,CRE,5,0.87,33.3,6.1,79.2,3
Cohen_m4,CRE,6,0.94,50.0,9.5,90.5,2
Cohen_m4,CRE,7,1.04,0.0,0.0,56.2,3
Cohen_m4,CRE,8,1.27,50.0,9.5,90.5,2
Cohen_m4,CRE,9,1.58,0.0,0.0,56.2,3
Cohen_m4,CRE,10,1.92,33.3,6.1,79.2,3
Cohen_m4,DBIL,1,0.06,0.0,0.0,56.2,3
Cohen_m4,DBIL,2,0.11,0.0,0.0,56.2,3
Cohen_m4,DBIL,3,0.15,0.0,0.0,65.8,2
Cohen_m4,DBIL,4,0.25,33.3,6.1,79.2,3
Cohen_m4,DBIL,5,0.35,33.3,6.1,79.2,3
Cohen_m4,DBIL,6,0.46,0.0,0.0,65.8,2
Cohen_m4,DBIL,7,0.63,25.0,4.6,69.9,4
Cohen_m4,DBIL,8,0.67,0.0,0.0,79.3,1
Cohen_m4,DBIL,9,0.77,33.3,6.1,79.2,3
Cohen_m4,DBIL,10,1.07,33.3,6.1,79.2,3
Cohen_m4,GLU,1,0.56,25.0,4.6,69.9,4
Cohen_m4,GLU,2,0.83,50.0,15.0,85.0,4
Cohen_m4,GLU,3,1.11,0.0,0.0,49.0,4
Cohen_m4,GLU,4,1.77,25.0,4.6,69.9,4
Cohen_m4,GLU,5,2.89,0.0,0.0,49.0,4
Cohen_m4,GLU,6,3.23,33.3,6.1,79.2,3
Cohen_m4,GLU,7,3.89,25.0,4.6,69.9,4
Cohen_m4,GLU,8,4.19,50.0,15.0,85.0,4
Cohen_m4,GLU,9,4.89,25.0,4.6,69.9,4
Cohen_m4,GLU,10,5.71,50.0,15.0,85.0,4
Cohen_m4,HCT,1,0.2,33.3,6.1,79.2,3
Cohen_m4,HCT,2,0.4,0.0,0.0,65.8,2
Cohen_m4,HCT,3,0.59,0.0,0.0,65.8,2
Cohen_m4,HCT,4,0.69,0.0,0.0,65.8,2
Cohen_m4,HCT,5,0.84,0.0,0.0,65.8,2
Cohen_m4,HCT,6,0.99,0.0,0.0,65.8,2
Cohen_m4,HCT,7,1.12,0.0,0.0,65.8,2
Cohen_m4,HCT,8,1.37,0.0,0.0,65.8,2
Cohen_m4,HCT,9,1.39,50.0,9.5,90.5,2
Cohen_m4,HCT,10,1.55,33.3,6.1,79.2,3
Cohen_m4,HDL,1,0.04,0.0,0.0,49.0,4
Cohen_m4,HDL,2,0.32,25.0,4.6,69.9,4
Cohen_m4,HDL,3,0.41,66.7,20.8,93.9,3
Cohen_m4,HDL,4,0.62,0.0,0.0,49.0,4
Cohen_m4,HDL,5,0.72,0.0,0.0,49.0,4
Cohen_m4,HDL,6,0.93,33.3,6.1,79.2,3
Cohen_m4,HDL,7,1.07,25.0,4.6,69.9,4
Cohen_m4,HDL,8,1.33,33.3,6.1,79.2,3
Cohen_m4,HDL,9,1.54,0.0,0.0,49.0,4
Cohen_m4,HDL,10,1.92,25.0,4.6,69.9,4
Cohen_m4,HGB,1,0.13,0.0,0.0,56.2,3
Cohen_m4,HGB,2,0.34,33.3,6.1,79.2,3
Cohen_m4,HGB,3,0.74,33.3,6.1,79.2,3
Cohen_m4,HGB,4,1.15,33.3,6.1,79.2,3
Cohen_m4,HGB,5,1.26,33.3,6.1,79.2,3
Cohen_m4,HGB,6,1.47,100.0,34.2,100.0,2
Cohen_m4,HGB,7,1.61,33.3,6.1,79.2,3
Cohen_m4,HGB,8,1.82,33.3,6.1,79.2,3
Cohen_m4,HGB,9,1.94,33.3,6.1,79.2,3
Cohen_m4,HGB,10,2.35,33.3,6.1,79.2,3
Cohen_m4,K,1,0.14,25.0,4.6,69.9,4
Cohen_m4,K,2,0.29,0.0,0.0,56.2,3
Cohen_m4,K,3,0.35,0.0,0.0,56.2,3
Cohen_m4,K,4,0.41,0.0,0.0,56.2,3
Cohen_m4,K,5,0.65,33.3,6.1,79.2,3
Cohen_m4,K,6,0.82,33.3,6.1,79.2,3
Cohen_m4,K,7,1.16,33.3,6.1,79.2,3
Cohen_m4,K,8,1.39,33.3,6.1,79.2,3
Cohen_m4,K,9,1.48,33.3,6.1,79.2,3
Cohen_m4,K,10,1.57,33.3,6.1,79.2,3
Cohen_m4,LDL,1,0.1,50.0,15.0,85.0,4
Cohen_m4,LDL,2,0.31,25.0,4.6,69.9,4
Cohen_m4,LDL,3,0.44,33.3,6.1,79.2,3
Cohen_m4,LDL,4,0.49,0.0,0.0,49.0,4
Cohen_m4,LDL,5,0.6,0.0,0.0,49.0,4
Cohen_m4,LDL,6,0.73,0.0,0.0,56.2,3
Cohen_m4,LDL,7,0.78,25.0,4.6,69.9,4
Cohen_m4,LDL,8,0.98,33.3,6.1,79.2,3
Cohen_m4,LDL,9,1.26,25.0,4.6,69.9,4
Cohen_m4,LDL,10,2.02,25.0,4.6,69.9,4
Cohen_m4,MCH,1,0.13,0.0,0.0,49.0,4
Cohen_m4,MCH,2,0.43,0.0,0.0,56.2,3
Cohen_m4,MCH,3,0.63,50.0,15.0,85.0,4
Cohen_m4,MCH,4,0.84,0.0,0.0,56.2,3
Cohen_m4,MCH,5,1.09,0.0,0.0,49.0,4
Cohen_m4,MCH,6,1.22,0.0,0.0,56.2,3
Cohen_m4,MCH,7,1.68,33.3,6.1,79.2,3
Cohen_m4,MCH,8,2.13,0.0,0.0,49.0,4
Cohen_m4,MCH,9,2.43,33.3,6.1,79.2,3
Cohen_m4,MCH,10,2.86,25.0,4.6,69.9,4
Cohen_m4,MCHC,1,0.08,20.0,3.6,62.4,5
Cohen_m4,MCHC,2,0.18,0.0,0.0,49.0,4
Cohen_m4,MCHC,3,0.31,0.0,0.0,49.0,4
Cohen_m4,MCHC,4,0.41,0.0,0.0,43.4,5
Cohen_m4,MCHC,5,0.53,25.0,4.6,69.9,4
Cohen_m4,MCHC,6,0.72,0.0,0.0,49.0,4
Cohen_m4,MCHC,7,0.95,0.0,0.0,43.4,5
Cohen_m4,MCHC,8,1.02,0.0,0.0,49.0,4
Cohen_m4,MCHC,9,1.22,25.0,4.6,69.9,4
Cohen_m4,MCHC,10,1.51,20.0,3.6,62.4,5
Cohen_m4,MCV,1,0.2,0.0,0.0,56.2,3
Cohen_m4,MCV,2,0.61,33.3,6.1,79.2,3
Cohen_m4,MCV,3,1.01,33.3,6.1,79.2,3
Cohen_m4,MCV,4,1.17,50.0,9.5,90.5,2
Cohen_m4,MCV,5,1.56,33.3,6.1,79.2,3
Cohen_m4,MCV,6,1.68,33.3,6.1,79.2,3
Cohen_m4,MCV,7,1.81,50.0,9.5,90.5,2
Cohen_m4,MCV,8,1.92,0.0,0.0,56.2,3
Cohen_m4,MCV,9,2.4,33.3,6.1,79.2,3
Cohen_m4,MCV,10,2.99,0.0,0.0,56.2,3
Cohen_m4,NA,1,0.16,0.0,0.0,56.2,3
Cohen_m4,NA,2,0.19,0.0,0.0,65.8,2
Cohen_m4,NA,3,0.25,0.0,0.0,56.2,3
Cohen_m4,NA,4,0.36,0.0,0.0,65.8,2
Cohen_m4,NA,5,0.39,0.0,0.0,56.2,3
Cohen_m4,NA,6,0.53,0.0,0.0,65.8,2
Cohen_m4,NA,7,0.64,0.0,0.0,65.8,2
Cohen_m4,NA,8,1.27,0.0,0.0,56.2,3
Cohen_m4,NA,9,1.57,0.0,0.0,65.8,2
Cohen_m4,NA,10,1.95,0.0,0.0,56.2,3
Cohen_m4,PLT,1,0.04,0.0,0.0,49.0,4
Cohen_m4,PLT,2,0.37,25.0,4.6,69.9,4
Cohen_m4,PLT,3,0.54,0.0,0.0,49.0,4
Cohen_m4,PLT,4,0.84,0.0,0.0,56.2,3
Cohen_m4,PLT,5,1.0,25.0,4.6,69.9,4
Cohen_m4,PLT,6,1.23,0.0,0.0,49.0,4
Cohen_m4,PLT,7,1.27,33.3,6.1,79.2,3
Cohen_m4,PLT,8,1.56,0.0,0.0,49.0,4
Cohen_m4,PLT,9,1.87,25.0,4.6,69.9,4
Cohen_m4,PLT,10,2.11,0.0,0.0,49.0,4
Cohen_m4,RBC,1,0.21,16.7,3.0,56.4,6
Cohen_m4,RBC,2,0.44,20.0,3.6,62.4,5
Cohen_m4,RBC,3,0.7,60.0,23.1,88.2,5
Cohen_m4,RBC,4,1.0,40.0,11.8,76.9,5
Cohen_m4,RBC,5,1.14,40.0,11.8,76.9,5
Cohen_m4,RBC,6,1.3,0.0,0.0,43.4,5
Cohen_m4,RBC,7,1.79,20.0,3.6,62.4,5
Cohen_m4,RBC,8,2.05,20.0,3.6,62.4,5
Cohen_m4,RBC,9,2.35,0.0,0.0,43.4,5
Cohen_m4,RBC,10,2.7,60.0,23.1,88.2,5
Cohen_m4,RDW,1,0.29,0.0,0.0,43.4,5
Cohen_m4,RDW,2,0.5,50.0,15.0,85.0,4
Cohen_m4,RDW,3,0.66,25.0,4.6,69.9,4
Cohen_m4,RDW,4,0.79,50.0,15.0,85.0,4
Cohen_m4,RDW,5,1.04,60.0,23.1,88.2,5
Cohen_m4,RDW,6,1.2,50.0,15.0,85.0,4
Cohen_m4,RDW,7,1.38,0.0,0.0,49.0,4
Cohen_m4,RDW,8,1.69,0.0,0.0,49.0,4
Cohen_m4,RDW,9,1.84,25.0,4.6,69.9,4
Cohen_m4,RDW,10,2.01,0.0,0.0,43.4,5
Cohen_m4,TBIL,1,0.13,66.7,30.0,90.3,6
Cohen_m4,TBIL,2,0.35,20.0,3.6,62.4,5
Cohen_m4,TBIL,3,0.44,80.0,37.6,96.4,5
Cohen_m4,TBIL,4,0.72,16.7,3.0,56.4,6
Cohen_m4,TBIL,5,0.83,20.0,3.6,62.4,5
Cohen_m4,TBIL,6,0.95,20.0,3.6,62.4,5
Cohen_m4,TBIL,7,1.11,33.3,9.7,70.0,6
Cohen_m4,TBIL,8,1.27,20.0,3.6,62.4,5
Cohen_m4,TBIL,9,1.51,20.0,3.6,62.4,5
Cohen_m4,TBIL,10,1.84,33.3,9.7,70.0,6
Cohen_m4,TC,1,0.13,0.0,0.0,56.2,3
Cohen_m4,TC,2,0.2,0.0,0.0,65.8,2
Cohen_m4,TC,3,0.28,50.0,9.5,90.5,2
Cohen_m4,TC,4,0.43,0.0,0.0,56.2,3
Cohen_m4,TC,5,0.55,0.0,0.0,65.8,2
Cohen_m4,TC,6,0.63,0.0,0.0,65.8,2
Cohen_m4,TC,7,1.11,0.0,0.0,56.2,3
Cohen_m4,TC,8,1.21,50.0,9.5,90.5,2
Cohen_m4,TC,9,1.29,50.0,9.5,90.5,2
Cohen_m4,TC,10,2.51,33.3,6.1,79.2,3
Cohen_m4,TGL,1,0.08,33.3,6.1,79.2,3
Cohen_m4,TGL,2,0.16,0.0,0.0,56.2,3
Cohen_m4,TGL,3,0.22,0.0,0.0,56.2,3
Cohen_m4,TGL,4,0.49,100.0,34.2,100.0,2
Cohen_m4,TGL,5,0.59,0.0,0.0,56.2,3
Cohen_m4,TGL,6,0.79,0.0,0.0,56.2,3
Cohen_m4,TGL,7,0.95,50.0,9.5,90.5,2
Cohen_m4,TGL,8,0.97,33.3,6.1,79.2,3
Cohen_m4,TGL,9,1.1,33.3,6.1,79.2,3
Cohen_m4,TGL,10,1.34,0.0,0.0,56.2,3
Cohen_m4,TP,1,0.18,0.0,0.0,56.2,3
Cohen_m4,TP,2,0.48,50.0,9.5,90.5,2
Cohen_m4,TP,3,0.7,50.0,9.5,90.5,2
Cohen_m4,TP,4,1.03,0.0,0.0,56.2,3
Cohen_m4,TP,5,1.29,50.0,9.5,90.5,2
Cohen_m4,TP,6,1.44,50.0,9.5,90.5,2
Cohen_m4,TP,7,1.63,66.7,20.8,93.9,3
Cohen_m4,TP,8,1.89,50.0,9.5,90.5,2
Cohen_m4,TP,9,2.34,50.0,9.5,90.5,2
Cohen_m4,TP,10,2.53,33.3,6.1,79.2,3
Cohen_m4,WBC,1,0.05,0.0,0.0,39.0,6
Cohen_m4,WBC,2,0.1,33.3,9.7,70.0,6
Cohen_m4,WBC,3,0.19,16.7,3.0,56.4,6
Cohen_m4,WBC,4,0.33,0.0,0.0,39.0,6
Cohen_m4,WBC,5,0.42,50.0,18.8,81.2,6
Cohen_m4,WBC,6,0.5,0.0,0.0,43.4,5
Cohen_m4,WBC,7,0.57,16.7,3.0,56.4,6
Cohen_m4,WBC,8,0.61,16.7,3.0,56.4,6
Cohen_m4,WBC,9,0.77,33.3,9.7,70.0,6
Cohen_m4,WBC,10,1.01,50.0,18.8,81.2,6
Gaussian_mle,A1C,1,0.12,0.0,0.0,43.4,5
Gaussian_mle,A1C,2,0.39,60.0,23.1,88.2,5
Gaussian_mle,A1C,3,0.64,25.0,4.6,69.9,4
Gaussian_mle,A1C,4,0.91,60.0,23.1,88.2,5
Gaussian_mle,A1C,5,1.3,25.0,4.6,69.9,4
Gaussian_mle,A1C,6,1.8,0.0,0.0,43.4,5
Gaussian_mle,A1C,7,2.55,0.0,0.0,49.0,4
Gaussian_mle,A1C,8,4.16,40.0,11.8,76.9,5
Gaussian_mle,A1C,9,5.12,0.0,0.0,49.0,4
Gaussian_mle,A1C,10,7.05,40.0,11.8,76.9,5
Gaussian_mle,ALB,1,0.09,0.0,0.0,49.0,4
Gaussian_mle,ALB,2,0.15,0.0,0.0,49.0,4
Gaussian_mle,ALB,3,0.3,25.0,4.6,69.9,4
Gaussian_mle,ALB,4,0.45,0.0,0.0,49.0,4
Gaussian_mle,ALB,5,0.51,0.0,0.0,49.0,4
Gaussian_mle,ALB,6,0.68,0.0,0.0,56.2,3
Gaussian_mle,ALB,7,0.8,0.0,0.0,49.0,4
Gaussian_mle,ALB,8,0.88,0.0,0.0,49.0,4
Gaussian_mle,ALB,9,1.27,0.0,0.0,49.0,4
Gaussian_mle,ALB,10,1.7,0.0,0.0,49.0,4
Gaussian_mle,ALP,1,0.05,25.0,4.6,69.9,4
Gaussian_mle,ALP,2,0.17,0.0,0.0,56.2,3
Gaussian_mle,ALP,3,0.24,0.0,0.0,56.2,3
Gaussian_mle,ALP,4,0.43,50.0,15.0,85.0,4
Gaussian_mle,ALP,5,0.53,0.0,0.0,56.2,3
Gaussian_mle,ALP,6,0.61,66.7,20.8,93.9,3
Gaussian_mle,ALP,7,0.73,25.0,4.6,69.9,4
Gaussian_mle,ALP,8,0.79,33.3,6.1,79.2,3
Gaussian_mle,ALP,9,0.8,66.7,20.8,93.9,3
Gaussian_mle,ALP,10,0.83,0.0,0.0,49.0,4
Gaussian_mle,ALT,1,0.09,20.0,3.6,62.4,5
Gaussian_mle,ALT,2,0.18,25.0,4.6,69.9,4
Gaussian_mle,ALT,3,0.27,20.0,3.6,62.4,5
Gaussian_mle,ALT,4,0.52,0.0,0.0,49.0,4
Gaussian_mle,ALT,5,0.7,20.0,3.6,62.4,5
Gaussian_mle,ALT,6,0.85,25.0,4.6,69.9,4
Gaussian_mle,ALT,7,1.14,50.0,15.0,85.0,4
Gaussian_mle,ALT,8,1.45,40.0,11.8,76.9,5
Gaussian_mle,ALT,9,1.56,25.0,4.6,69.9,4
Gaussian_mle,ALT,10,3.28,20.0,3.6,62.4,5
Gaussian_mle,AST,1,0.04,0.0,0.0,56.2,3
Gaussian_mle,AST,2,0.24,33.3,6.1,79.2,3
Gaussian_mle,AST,3,0.29,50.0,9.5,90.5,2
Gaussian_mle,AST,4,0.6,33.3,6.1,79.2,3
Gaussian_mle,AST,5,0.76,0.0,0.0,65.8,2
Gaussian_mle,AST,6,0.93,66.7,20.8,93.9,3
Gaussian_mle,AST,7,1.3,50.0,9.5,90.5,2
Gaussian_mle,AST,8,1.75,0.0,0.0,56.2,3
Gaussian_mle,AST,9,2.54,0.0,0.0,65.8,2
Gaussian_mle,AST,10,3.89,0.0,0.0,56.2,3
Gaussian_mle,BUN,1,0.1,50.0,15.0,85.0,4
Gaussian_mle,BUN,2,0.35,0.0,0.0,56.2,3
Gaussian_mle,BUN,3,0.47,0.0,0.0,56.2,3
Gaussian_mle,BUN,4,0.54,33.3,6.1,79.2,3
Gaussian_mle,BUN,5,0.64,0.0,0.0,56.2,3
Gaussian_mle,BUN,6,0.68,33.3,6.1,79.2,3
Gaussian_mle,BUN,7,0.96,0.0,0.0,56.2,3
Gaussian_mle,BUN,8,1.3,33.3,6.1,79.2,3
Gaussian_mle,BUN,9,1.53,0.0,0.0,56.2,3
Gaussian_mle,BUN,10,2.08,0.0,0.0,56.2,3
Gaussian_mle,CA,1,0.05,66.7,20.8,93.9,3
Gaussian_mle,CA,2,0.11,33.3,6.1,79.2,3
Gaussian_mle,CA,3,0.23,0.0,0.0,65.8,2
Gaussian_mle,CA,4,0.63,0.0,0.0,56.2,3
Gaussian_mle,CA,5,0.81,0.0,0.0,56.2,3
Gaussian_mle,CA,6,0.89,0.0,0.0,65.8,2
Gaussian_mle,CA,7,0.99,0.0,0.0,56.2,3
Gaussian_mle,CA,8,1.15,0.0,0.0,65.8,2
Gaussian_mle,CA,9,1.68,0.0,0.0,56.2,3
Gaussian_mle,CA,10,2.82,0.0,0.0,56.2,3
Gaussian_mle,CL,1,0.19,25.0,4.6,69.9,4
Gaussian_mle,CL,2,0.34,33.3,6.1,79.2,3
Gaussian_mle,CL,3,0.39,100.0,43.8,100.0,3
Gaussian_mle,CL,4,0.68,0.0,0.0,56.2,3
Gaussian_mle,CL,5,0.98,50.0,15.0,85.0,4
Gaussian_mle,CL,6,1.27,0.0,0.0,56.2,3
Gaussian_mle,CL,7,1.5,33.3,6.1,79.2,3
Gaussian_mle,CL,8,1.59,0.0,0.0,56.2,3
Gaussian_mle,CL,9,1.85,33.3,6.1,79.2,3
Gaussian_mle,CL,10,2.39,50.0,15.0,85.0,4
Gaussian_mle,CO2,1,0.07,50.0,15.0,85.0,4
Gaussian_mle,CO2,2,0.24,25.0,4.6,69.9,4
Gaussian_mle,CO2,3,0.34,25.0,4.6,69.9,4
Gaussian_mle,CO2,4,0.62,33.3,6.1,79.2,3
Gaussian_mle,CO2,5,0.93,50.0,15.0,85.0,4
Gaussian_mle,CO2,6,1.25,25.0,4.6,69.9,4
Gaussian_mle,CO2,7,1.42,33.3,6.1,79.2,3
Gaussian_mle,CO2,8,1.84,0.0,0.0,49.0,4
Gaussian_mle,CO2,9,2.47,25.0,4.6,69.9,4
Gaussian_mle,CO2,10,11.9,0.0,0.0,49.0,4
Gaussian_mle,CRE,1,0.09,33.3,6.1,79.2,3
Gaussian_mle,CRE,2,0.19,33.3,6.1,79.2,3
Gaussian_mle,CRE,3,0.3,0.0,0.0,65.8,2
Gaussian_mle,CRE,4,0.6,0.0,0.0,56.2,3
Gaussian_mle,CRE,5,0.76,66.7,20.8,93.9,3
Gaussian_mle,CRE,6,0.9,50.0,9.5,90.5,2
Gaussian_mle,CRE,7,1.19,33.3,6.1,79.2,3
Gaussian_mle,CRE,8,1.37,0.0,0.0,65.8,2
Gaussian_mle,CRE,9,2.3,0.0,0.0,56.2,3
Gaussian_mle,CRE,10,4.42,0.0,0.0,56.2,3
Gaussian_mle,CRP,1,0.14,0.0,0.0,49.0,4
Gaussian_mle,CRP,2,0.23,0.0,0.0,49.0,4
Gaussian_mle,CRP,3,0.3,50.0,15.0,85.0,4
Gaussian_mle,CRP,4,0.44,0.0,0.0,56.2,3
Gaussian_mle,CRP,5,0.51,25.0,4.6,69.9,4
Gaussian_mle,CRP,6,0.64,0.0,0.0,49.0,4
Gaussian_mle,CRP,7,1.03,33.3,6.1,79.2,3
Gaussian_mle,CRP,8,1.29,0.0,0.0,49.0,4
Gaussian_mle,CRP,9,1.56,0.0,0.0,49.0,4
Gaussian_mle,CRP,10,2.32,0.0,0.0,49.0,4
Gaussian_mle,DBIL,1,0.12,0.0,0.0,56.2,3
Gaussian_mle,DBIL,2,0.21,0.0,0.0,65.8,2
Gaussian_mle,DBIL,3,0.29,0.0,0.0,56.2,3
Gaussian_mle,DBIL,4,0.4,0.0,0.0,65.8,2
Gaussian_mle,DBIL,5,0.47,0.0,0.0,56.2,3
Gaussian_mle,DBIL,6,1.05,0.0,0.0,65.8,2
Gaussian_mle,DBIL,7,1.09,50.0,9.5,90.5,2
Gaussian_mle,DBIL,8,1.35,0.0,0.0,56.2,3
Gaussian_mle,DBIL,9,1.62,0.0,0.0,65.8,2
Gaussian_mle,DBIL,10,1.86,33.3,6.1,79.2,3
Gaussian_mle,GGT,1,0.17,0.0,0.0,56.2,3
Gaussian_mle,GGT,2,0.55,0.0,0.0,65.8,2
Gaussian_mle,GGT,3,0.8,0.0,0.0,65.8,2
Gaussian_mle,GGT,4,0.9,0.0,0.0,56.2,3
Gaussian_mle,GGT,5,1.03,0.0,0.0,65.8,2
Gaussian_mle,GGT,6,1.16,0.0,0.0,65.8,2
Gaussian_mle,GGT,7,1.34,0.0,0.0,56.2,3
Gaussian_mle,GGT,8,1.42,0.0,0.0,65.8,2
Gaussian_mle,GGT,9,1.64,0.0,0.0,65.8,2
Gaussian_mle,GGT,10,2.62,0.0,0.0,56.2,3
Gaussian_mle,GLU,1,0.29,50.0,15.0,85.0,4
Gaussian_mle,GLU,2,1.34,25.0,4.6,69.9,4
Gaussian_mle,GLU,3,2.35,25.0,4.6,69.9,4
Gaussian_mle,GLU,4,3.11,0.0,0.0,49.0,4
Gaussian_mle,GLU,5,5.46,0.0,0.0,49.0,4
Gaussian_mle,GLU,6,6.42,33.3,6.1,79.2,3
Gaussian_mle,GLU,7,7.06,25.0,4.6,69.9,4
Gaussian_mle,GLU,8,7.94,25.0,4.6,69.9,4
Gaussian_mle,GLU,9,9.15,50.0,15.0,85.0,4
Gaussian_mle,GLU,10,10.27,50.0,15.0,85.0,4
Gaussian_mle,HCT,1,0.18,0.0,0.0,56.2,3
Gaussian_mle,HCT,2,0.36,50.0,9.5,90.5,2
Gaussian_mle,HCT,3,0.8,0.0,0.0,65.8,2
Gaussian_mle,HCT,4,0.88,50.0,9.5,90.5,2
Gaussian_mle,HCT,5,0.91,50.0,9.5,90.5,2
Gaussian_mle,HCT,6,0.97,0.0,0.0,65.8,2
Gaussian_mle,HCT,7,1.19,0.0,0.0,65.8,2
Gaussian_mle,HCT,8,1.52,0.0,0.0,65.8,2
Gaussian_mle,HCT,9,2.13,0.0,0.0,65.8,2
Gaussian_mle,HCT,10,6.15,0.0,0.0,56.2,3
Gaussian_mle,HDL,1,0.03,50.0,15.0,85.0,4
Gaussian_mle,HDL,2,0.16,0.0,0.0,49.0,4
Gaussian_mle,HDL,3,0.36,0.0,0.0,56.2,3
Gaussian_mle,HDL,4,0.43,25.0,4.6,69.9,4
Gaussian_mle,HDL,5,0.55,0.0,0.0,49.0,4
Gaussian_mle,HDL,6,0.64,33.3,6.1,79.2,3
Gaussian_mle,HDL,7,0.67,25.0,4.6,69.9,4
Gaussian_mle,HDL,8,0.74,0.0,0.0,56.2,3
Gaussian_mle,HDL,9,0.89,25.0,4.6,69.9,4
Gaussian_mle,HDL,10,1.16,25.0,4.6,69.9,4
Gaussian_mle,HGB,1,0.13,0.0,0.0,56.2,3
Gaussian_mle,HGB,2,0.27,33.3,6.1,79.2,3
Gaussian_mle,HGB,3,0.41,33.3,6.1,79.2,3
Gaussian_mle,HGB,4,0.58,0.0,0.0,56.2,3
Gaussian_mle,HGB,5,0.73,33.3,6.1,79.2,3
Gaussian_mle,HGB,6,0.96,50.0,9.5,90.5,2
Gaussian_mle,HGB,7,1.36,0.0,0.0,56.2,3
Gaussian_mle,HGB,8,1.78,66.7,20.8,93.9,3
Gaussian_mle,HGB,9,2.2,66.7,20.8,93.9,3
Gaussian_mle,HGB,10,7.18,66.7,20.8,93.9,3
Gaussian_mle,K,1,0.04,0.0,0.0,49.0,4
Gaussian_mle,K,2,0.15,33.3,6.1,79.2,3
Gaussian_mle,K,3,0.36,0.0,0.0,56.2,3
Gaussian_mle,K,4,0.42,0.0,0.0,56.2,3
Gaussian_mle,K,5,0.5,0.0,0.0,56.2,3
Gaussian_mle,K,6,0.72,0.0,0.0,56.2,3
Gaussian_mle,K,7,1.0,66.7,20.8,93.9,3
Gaussian_mle,K,8,1.2,0.0,0.0,56.2,3
Gaussian_mle,K,9,1.8,66.7,20.8,93.9,3
Gaussian_mle,K,10,3.7,66.7,20.8,93.9,3
Gaussian_mle,LDH,1,0.02,60.0,23.1,88.2,5
Gaussian_mle,LDH,2,0.07,50.0,15.0,85.0,4
Gaussian_mle,LDH,3,0.21,25.0,4.6,69.9,4
Gaussian_mle,LDH,4,0.35,0.0,0.0,49.0,4
Gaussian_mle,LDH,5,0.54,0.0,0.0,49.0,4
Gaussian_mle,LDH,6,0.65,25.0,4.6,69.9,4
Gaussian_mle,LDH,7,0.87,0.0,0.0,49.0,4
Gaussian_mle,LDH,8,1.04,0.0,0.0,49.0,4
Gaussian_mle,LDH,9,1.2,0.0,0.0,49.0,4
Gaussian_mle,LDH,10,1.8,25.0,4.6,69.9,4
Gaussian_mle,LDL,1,0.09,0.0,0.0,49.0,4
Gaussian_mle,LDL,2,0.21,25.0,4.6,69.9,4
Gaussian_mle,LDL,3,0.3,33.3,6.1,79.2,3
Gaussian_mle,LDL,4,0.42,25.0,4.6,69.9,4
Gaussian_mle,LDL,5,0.57,0.0,0.0,49.0,4
Gaussian_mle,LDL,6,0.73,33.3,6.1,79.2,3
Gaussian_mle,LDL,7,0.94,25.0,4.6,69.9,4
Gaussian_mle,LDL,8,1.2,66.7,20.8,93.9,3
Gaussian_mle,LDL,9,1.56,25.0,4.6,69.9,4
Gaussian_mle,LDL,10,2.29,0.0,0.0,49.0,4
Gaussian_mle,MCH,1,0.1,25.0,4.6,69.9,4
Gaussian_mle,MCH,2,0.26,0.0,0.0,56.2,3
Gaussian_mle,MCH,3,0.38,0.0,0.0,49.0,4
Gaussian_mle,MCH,4,0.46,0.0,0.0,56.2,3
Gaussian_mle,MCH,5,0.99,25.0,4.6,69.9,4
Gaussian_mle,MCH,6,1.21,33.3,6.1,79.2,3
Gaussian_mle,MCH,7,1.3,0.0,0.0,56.2,3
Gaussian_mle,MCH,8,1.74,25.0,4.6,69.9,4
Gaussian_mle,MCH,9,2.15,33.3,6.1,79.2,3
Gaussian_mle,MCH,10,3.34,0.0,0.0,49.0,4
Gaussian_mle,MCHC,1,0.06,20.0,3.6,62.4,5
Gaussian_mle,MCHC,2,0.28,0.0,0.0,43.4,5
Gaussian_mle,MCHC,3,0.43,0.0,0.0,49.0,4
Gaussian_mle,MCHC,4,0.52,40.0,11.8,76.9,5
Gaussian_mle,MCHC,5,0.79,0.0,0.0,49.0,4
Gaussian_mle,MCHC,6,0.97,0.0,0.0,43.4,5
Gaussian_mle,MCHC,7,1.61,0.0,0.0,49.0,4
Gaussian_mle,MCHC,8,1.78,0.0,0.0,43.4,5
Gaussian_mle,MCHC,9,1.97,25.0,4.6,69.9,4
Gaussian_mle,MCHC,10,3.32,0.0,0.0,43.4,5
Gaussian_mle,MCV,1,0.22,33.3,6.1,79.2,3
Gaussian_mle,MCV,2,0.45,0.0,0.0,56.2,3
Gaussian_mle,MCV,3,0.5,33.3,6.1,79.2,3
Gaussian_mle,MCV,4,0.62,50.0,9.5,90.5,2
Gaussian_mle,MCV,5,0.66,33.3,6.1,79.2,3
Gaussian_mle,MCV,6,0.8,66.7,20.8,93.9,3
Gaussian_mle,MCV,7,0.97,0.0,0.0,65.8,2
Gaussian_mle,MCV,8,1.11,0.0,0.0,56.2,3
Gaussian_mle,MCV,9,1.5,33.3,6.1,79.2,3
Gaussian_mle,MCV,10,1.88,0.0,0.0,56.2,3
Gaussian_mle,MPV,1,0.04,0.0,0.0,56.2,3
Gaussian_mle,MPV,2,0.13,0.0,0.0,56.2,3
Gaussian_mle,MPV,3,0.25,0.0,0.0,56.2,3
Gaussian_mle,MPV,4,0.44,0.0,0.0,65.8,2
Gaussian_mle,MPV,5,0.58,0.0,0.0,56.2,3
Gaussian_mle,MPV,6,0.66,33.3,6.1,79.2,3
Gaussian_mle,MPV,7,0.73,50.0,9.5,90.5,2
Gaussian_mle,MPV,8,0.81,0.0,0.0,56.2,3
Gaussian_mle,MPV,9,1.05,0.0,0.0,56.2,3
Gaussian_mle,MPV,10,1.14,0.0,0.0,56.2,3
Gaussian_mle,NA,1,0.08,0.0,0.0,56.2,3
Gaussian_mle,NA,2,0.11,0.0,0.0,65.8,2
Gaussian_mle,NA,3,0.22,0.0,0.0,56.2,3
Gaussian_mle,NA,4,0.26,0.0,0.0,65.8,2
Gaussian_mle,NA,5,0.31,0.0,0.0,56.2,3
Gaussian_mle,NA,6,0.47,0.0,0.0,65.8,2
Gaussian_mle,NA,7,0.74,0.0,0.0,65.8,2
Gaussian_mle,NA,8,1.13,0.0,0.0,56.2,3
Gaussian_mle,NA,9,1.54,0.0,0.0,65.8,2
Gaussian_mle,NA,10,2.35,0.0,0.0,56.2,3
Gaussian_mle,PLT,1,0.02,0.0,0.0,49.0,4
Gaussian_mle,PLT,2,0.2,0.0,0.0,49.0,4
Gaussian_mle,PLT,3,0.38,0.0,0.0,49.0,4
Gaussian_mle,PLT,4,0.5,0.0,0.0,56.2,3
Gaussian_mle,PLT,5,0.58,50.0,15.0,85.0,4
Gaussian_mle,PLT,6,0.73,0.0,0.0,49.0,4
Gaussian_mle,PLT,7,0.76,33.3,6.1,79.2,3
Gaussian_mle,PLT,8,0.83,25.0,4.6,69.9,4
Gaussian_mle,PLT,9,0.92,0.0,0.0,49.0,4
Gaussian_mle,PLT,10,1.23,0.0,0.0,49.0,4
Gaussian_mle,PT,1,0.11,33.3,6.1,79.2,3
Gaussian_mle,PT,2,0.31,0.0,0.0,56.2,3
Gaussian_mle,PT,3,0.46,0.0,0.0,65.8,2
Gaussian_mle,PT,4,0.55,0.0,0.0,56.2,3
Gaussian_mle,PT,5,0.75,0.0,0.0,56.2,3
Gaussian_mle,PT,6,1.03,50.0,9.5,90.5,2
Gaussian_mle,PT,7,1.27,0.0,0.0,56.2,3
Gaussian_mle,PT,8,1.57,0.0,0.0,65.8,2
Gaussian_mle,PT,9,2.42,66.7,20.8,93.9,3
Gaussian_mle,PT,10,4.69,33.3,6.1,79.2,3
Gaussian_mle,RBC,1,0.25,50.0,18.8,81.2,6
Gaussian_mle,RBC,2,0.46,40.0,11.8,76.9,5
Gaussian_mle,RBC,3,0.66,0.0,0.0,43.4,5
Gaussian_mle,RBC,4,0.8,20.0,3.6,62.4,5
Gaussian_mle,RBC,5,0.97,20.0,3.6,62.4,5
Gaussian_mle,RBC,6,1.22,20.0,3.6,62.4,5
Gaussian_mle,RBC,7,1.52,20.0,3.6,62.4,5
Gaussian_mle,RBC,8,1.77,40.0,11.8,76.9,5
Gaussian_mle,RBC,9,2.0,20.0,3.6,62.4,5
Gaussian_mle,RBC,10,2.6,40.0,11.8,76.9,5
Gaussian_mle,RDW,1,0.11,20.0,3.6,62.4,5
Gaussian_mle,RDW,2,0.19,25.0,4.6,69.9,4
Gaussian_mle,RDW,3,0.25,25.0,4.6,69.9,4
Gaussian_mle,RDW,4,0.37,25.0,4.6,69.9,4
Gaussian_mle,RDW,5,0.5,0.0,0.0,43.4,5
Gaussian_mle,RDW,6,0.7,25.0,4.6,69.9,4
Gaussian_mle,RDW,7,0.88,25.0,4.6,69.9,4
Gaussian_mle,RDW,8,1.03,50.0,15.0,85.0,4
Gaussian_mle,RDW,9,1.4,50.0,15.0,85.0,4
Gaussian_mle,RDW,10,1.77,20.0,3.6,62.4,5
Gaussian_mle,TBIL,1,0.08,66.7,30.0,90.3,6
Gaussian_mle,TBIL,2,0.29,60.0,23.1,88.2,5
Gaussian_mle,TBIL,3,0.44,20.0,3.6,62.4,5
Gaussian_mle,TBIL,4,0.54,33.3,9.7,70.0,6
Gaussian_mle,TBIL,5,0.75,40.0,11.8,76.9,5
Gaussian_mle,TBIL,6,0.85,20.0,3.6,62.4,5
Gaussian_mle,TBIL,7,1.0,0.0,0.0,39.0,6
Gaussian_mle,TBIL,8,1.26,20.0,3.6,62.4,5
Gaussian_mle,TBIL,9,1.53,0.0,0.0,43.4,5
Gaussian_mle,TBIL,10,3.51,66.7,30.0,90.3,6
Gaussian_mle,TC,1,0.2,33.3,6.1,79.2,3
Gaussian_mle,TC,2,0.29,0.0,0.0,65.8,2
Gaussian_mle,TC,3,0.55,0.0,0.0,65.8,2
Gaussian_mle,TC,4,0.85,33.3,6.1,79.2,3
Gaussian_mle,TC,5,0.99,50.0,9.5,90.5,2
Gaussian_mle,TC,6,1.02,0.0,0.0,65.8,2
Gaussian_mle,TC,7,1.3,33.3,6.1,79.2,3
Gaussian_mle,TC,8,1.37,0.0,0.0,65.8,2
Gaussian_mle,TC,9,2.49,0.0,0.0,65.8,2
Gaussian_mle,TC,10,3.05,0.0,0.0,56.2,3
Gaussian_mle,TGL,1,0.29,66.7,20.8,93.9,3
Gaussian_mle,TGL,2,0.78,0.0,0.0,56.2,3
Gaussian_mle,TGL,3,1.03,33.3,6.1,79.2,3
Gaussian_mle,TGL,4,1.57,0.0,0.0,65.8,2
Gaussian_mle,TGL,5,1.64,0.0,0.0,56.2,3
Gaussian_mle,TGL,6,2.12,0.0,0.0,56.2,3
Gaussian_mle,TGL,7,2.47,0.0,0.0,65.8,2
Gaussian_mle,TGL,8,3.16,100.0,43.8,100.0,3
Gaussian_mle,TGL,9,3.83,0.0,0.0,56.2,3
Gaussian_mle,TGL,10,19.63,0.0,0.0,56.2,3
Gaussian_mle,TP,1,0.13,66.7,20.8,93.9,3
Gaussian_mle,TP,2,0.32,50.0,9.5,90.5,2
Gaussian_mle,TP,3,0.44,0.0,0.0,65.8,2
Gaussian_mle,TP,4,0.66,33.3,6.1,79.2,3
Gaussian_mle,TP,5,0.8,100.0,34.2,100.0,2
Gaussian_mle,TP,6,0.87,0.0,0.0,65.8,2
Gaussian_mle,TP,7,0.99,0.0,0.0,56.2,3
Gaussian_mle,TP,8,1.16,100.0,34.2,100.0,2
Gaussian_mle,TP,9,1.37,50.0,9.5,90.5,2
Gaussian_mle,TP,10,18.88,0.0,0.0,56.2,3
Gaussian_mle,WBC,1,0.06,0.0,0.0,39.0,6
Gaussian_mle,WBC,2,0.15,16.7,3.0,56.4,6
Gaussian_mle,WBC,3,0.23,0.0,0.0,39.0,6
Gaussian_mle,WBC,4,0.35,33.3,9.7,70.0,6
Gaussian_mle,WBC,5,0.46,16.7,3.0,56.4,6
Gaussian_mle,WBC,6,0.57,40.0,11.8,76.9,5
Gaussian_mle,WBC,7,0.68,33.3,9.7,70.0,6
Gaussian_mle,WBC,8,0.9,0.0,0.0,39.0,6
Gaussian_mle,WBC,9,0.98,33.3,9.7,70.0,6
Gaussian_mle,WBC,10,1.75,50.0,18.8,81.2,6
Gaussian_trunc,A1C,1,0.13,40.0,11.8,76.9,5
Gaussian_trunc,A1C,2,0.21,40.0,11.8,76.9,5
Gaussian_trunc,A1C,3,0.5,25.0,4.6,69.9,4
Gaussian_trunc,A1C,4,0.71,20.0,3.6,62.4,5
Gaussian_trunc,A1C,5,1.29,0.0,0.0,49.0,4
Gaussian_trunc,A1C,6,1.62,40.0,11.8,76.9,5
Gaussian_trunc,A1C,7,1.96,0.0,0.0,49.0,4
Gaussian_trunc,A1C,8,4.28,40.0,11.8,76.9,5
Gaussian_trunc,A1C,9,5.39,0.0,0.0,49.0,4
Gaussian_trunc,A1C,10,6.92,40.0,11.8,76.9,5
Gaussian_trunc,ALB,1,0.12,0.0,0.0,49.0,4
Gaussian_trunc,ALB,2,0.21,0.0,0.0,49.0,4
Gaussian_trunc,ALB,3,0.25,25.0,4.6,69.9,4
Gaussian_trunc,ALB,4,0.49,0.0,0.0,49.0,4
Gaussian_trunc,ALB,5,0.76,0.0,0.0,49.0,4
Gaussian_trunc,ALB,6,0.92,0.0,0.0,56.2,3
Gaussian_trunc,ALB,7,1.04,0.0,0.0,49.0,4
Gaussian_trunc,ALB,8,1.17,0.0,0.0,49.0,4
Gaussian_trunc,ALB,9,1.28,0.0,0.0,49.0,4
Gaussian_trunc,ALB,10,1.62,0.0,0.0,49.0,4
Gaussian_trunc,ALP,1,0.11,0.0,0.0,49.0,4
Gaussian_trunc,ALP,2,0.27,66.7,20.8,93.9,3
Gaussian_trunc,ALP,3,0.46,66.7,20.8,93.9,3
Gaussian_trunc,ALP,4,0.57,50.0,15.0,85.0,4
Gaussian_trunc,ALP,5,0.71,33.3,6.1,79.2,3
Gaussian_trunc,ALP,6,0.78,33.3,6.1,79.2,3
Gaussian_trunc,ALP,7,0.83,25.0,4.6,69.9,4
Gaussian_trunc,ALP,8,0.95,0.0,0.0,56.2,3
Gaussian_trunc,ALP,9,1.0,0.0,0.0,56.2,3
Gaussian_trunc,ALP,10,1.25,0.0,0.0,49.0,4
Gaussian_trunc,ALT,1,0.26,0.0,0.0,43.4,5
Gaussian_trunc,ALT,2,0.51,0.0,0.0,49.0,4
Gaussian_trunc,ALT,3,0.69,20.0,3.6,62.4,5
Gaussian_trunc,ALT,4,0.94,25.0,4.6,69.9,4
Gaussian_trunc,ALT,5,1.07,60.0,23.1,88.2,5
Gaussian_trunc,ALT,6,1.18,25.0,4.6,69.9,4
Gaussian_trunc,ALT,7,1.33,25.0,4.6,69.9,4
Gaussian_trunc,ALT,8,1.65,60.0,23.1,88.2,5
Gaussian_trunc,ALT,9,4.03,25.0,4.6,69.9,4
Gaussian_trunc,ALT,10,6.56,0.0,0.0,43.4,5
Gaussian_trunc,AST,1,0.2,66.7,20.8,93.9,3
Gaussian_trunc,AST,2,0.43,33.3,6.1,79.2,3
Gaussian_trunc,AST,3,0.66,0.0,0.0,65.8,2
Gaussian_trunc,AST,4,0.88,33.3,6.1,79.2,3
Gaussian_trunc,AST,5,0.97,50.0,9.5,90.5,2
Gaussian_trunc,AST,6,1.05,33.3,6.1,79.2,3
Gaussian_trunc,AST,7,1.36,0.0,0.0,65.8,2
Gaussian_trunc,AST,8,1.94,0.0,0.0,56.2,3
Gaussian_trunc,AST,9,2.6,0.0,0.0,65.8,2
Gaussian_trunc,AST,10,3.87,0.0,0.0,56.2,3
Gaussian_trunc,BUN,1,0.11,50.0,15.0,85.0,4
Gaussian_trunc,BUN,2,0.47,0.0,0.0,56.2,3
Gaussian_trunc,BUN,3,0.59,0.0,0.0,56.2,3
Gaussian_trunc,BUN,4,0.7,0.0,0.0,56.2,3
Gaussian_trunc,BUN,5,0.8,0.0,0.0,56.2,3
Gaussian_trunc,BUN,6,0.91,33.3,6.1,79.2,3
Gaussian_trunc,BUN,7,1.02,0.0,0.0,56.2,3
Gaussian_trunc,BUN,8,1.69,0.0,0.0,56.2,3
Gaussian_trunc,BUN,9,2.91,0.0,0.0,56.2,3
Gaussian_trunc,BUN,10,5.84,66.7,20.8,93.9,3
Gaussian_trunc,CA,1,0.19,0.0,0.0,56.2,3
Gaussian_trunc,CA,2,0.75,66.7,20.8,93.9,3
Gaussian_trunc,CA,3,0.78,50.0,9.5,90.5,2
Gaussian_trunc,CA,4,0.95,0.0,0.0,56.2,3
Gaussian_trunc,CA,5,1.01,0.0,0.0,56.2,3
Gaussian_trunc,CA,6,1.17,0.0,0.0,65.8,2
Gaussian_trunc,CA,7,1.27,0.0,0.0,56.2,3
Gaussian_trunc,CA,8,1.58,0.0,0.0,65.8,2
Gaussian_trunc,CA,9,1.97,0.0,0.0,56.2,3
Gaussian_trunc,CA,10,3.38,0.0,0.0,56.2,3
Gaussian_trunc,CL,1,0.11,0.0,0.0,49.0,4
Gaussian_trunc,CL,2,0.35,33.3,6.1,79.2,3
Gaussian_trunc,CL,3,0.62,0.0,0.0,56.2,3
Gaussian_trunc,CL,4,0.79,66.7,20.8,93.9,3
Gaussian_trunc,CL,5,1.45,25.0,4.6,69.9,4
Gaussian_trunc,CL,6,1.55,0.0,0.0,56.2,3
Gaussian_trunc,CL,7,1.73,33.3,6.1,79.2,3
Gaussian_trunc,CL,8,2.21,33.3,6.1,79.2,3
Gaussian_trunc,CL,9,2.72,33.3,6.1,79.2,3
Gaussian_trunc,CL,10,5.51,100.0,51.0,100.0,4
Gaussian_trunc,CO2,1,0.12,25.0,4.6,69.9,4
Gaussian_trunc,CO2,2,0.17,25.0,4.6,69.9,4
Gaussian_trunc,CO2,3,0.24,0.0,0.0,49.0,4
Gaussian_trunc,CO2,4,0.42,66.7,20.8,93.9,3
Gaussian_trunc,CO2,5,0.64,25.0,4.6,69.9,4
Gaussian_trunc,CO2,6,1.29,50.0,15.0,85.0,4
Gaussian_trunc,CO2,7,1.58,33.3,6.1,79.2,3
Gaussian_trunc,CO2,8,2.03,0.0,0.0,49.0,4
Gaussian_trunc,CO2,9,4.84,50.0,15.0,85.0,4
Gaussian_trunc,CO2,10,15.79,0.0,0.0,49.0,4
Gaussian_trunc,CRE,1,0.06,0.0,0.0,56.2,3
Gaussian_trunc,CRE,2,0.16,33.3,6.1,79.2,3
Gaussian_trunc,CRE,3,0.26,50.0,9.5,90.5,2
Gaussian_trunc,CRE,4,0.71,0.0,0.0,56.2,3
Gaussian_trunc,CRE,5,0.86,33.3,6.1,79.2,3
Gaussian_trunc,CRE,6,1.27,50.0,9.5,90.5,2
Gaussian_trunc,CRE,7,1.41,33.3,6.1,79.2,3
Gaussian_trunc,CRE,8,1.66,50.0,9.5,90.5,2
Gaussian_trunc,CRE,9,2.64,0.0,0.0,56.2,3
Gaussian_trunc,CRE,10,5.06,0.0,0.0,56.2,3
Gaussian_trunc,CRP,1,0.14,0.0,0.0,49.0,4
Gaussian_trunc,CRP,2,0.15,0.0,0.0,49.0,4
Gaussian_trunc,CRP,3,0.27,0.0,0.0,49.0,4
Gaussian_trunc,CRP,4,0.36,33.3,6.1,79.2,3
Gaussian_trunc,CRP,5,0.5,0.0,0.0,49.0,4
Gaussian_trunc,CRP,6,0.58,50.0,15.0,85.0,4
Gaussian_trunc,CRP,7,0.68,33.3,6.1,79.2,3
Gaussian_trunc,CRP,8,0.91,0.0,0.0,49.0,4
Gaussian_trunc,CRP,9,1.25,0.0,0.0,49.0,4
Gaussian_trunc,CRP,10,2.84,0.0,0.0,49.0,4
Gaussian_trunc,DBIL,1,0.28,0.0,0.0,56.2,3
Gaussian_trunc,DBIL,2,0.4,0.0,0.0,65.8,2
Gaussian_trunc,DBIL,3,0.53,0.0,0.0,56.2,3
Gaussian_trunc,DBIL,4,0.57,0.0,0.0,65.8,2
Gaussian_trunc,DBIL,5,0.78,0.0,0.0,49.0,4
Gaussian_trunc,DBIL,6,1.04,0.0,0.0,79.3,1
Gaussian_trunc,DBIL,7,1.13,0.0,0.0,65.8,2
Gaussian_trunc,DBIL,8,1.49,33.3,6.1,79.2,3
Gaussian_trunc,DBIL,9,1.68,0.0,0.0,65.8,2
Gaussian_trunc,DBIL,10,4.03,33.3,6.1,79.2,3
Gaussian_trunc,GGT,1,0.12,0.0,0.0,56.2,3
Gaussian_trunc,GGT,2,0.75,0.0,0.0,65.8,2
Gaussian_trunc,GGT,3,0.86,0.0,0.0,65.8,2
Gaussian_trunc,GGT,4,0.96,0.0,0.0,56.2,3
Gaussian_trunc,GGT,5,1.1,0.0,0.0,65.8,2
Gaussian_trunc,GGT,6,1.16,0.0,0.0,65.8,2
Gaussian_trunc,GGT,7,1.29,0.0,0.0,56.2,3
Gaussian_trunc,GGT,8,1.51,0.0,0.0,65.8,2
Gaussian_trunc,GGT,9,1.95,0.0,0.0,65.8,2
Gaussian_trunc,GGT,10,2.62,0.0,0.0,56.2,3
Gaussian_trunc,GLU,1,0.13,50.0,15.0,85.0,4
Gaussian_trunc,GLU,2,0.73,25.0,4.6,69.9,4
Gaussian_trunc,GLU,3,1.99,25.0,4.6,69.9,4
Gaussian_trunc,GLU,4,2.89,0.0,0.0,49.0,4
Gaussian_trunc,GLU,5,4.7,0.0,0.0,49.0,4
Gaussian_trunc,GLU,6,5.95,0.0,0.0,56.2,3
Gaussian_trunc,GLU,7,6.53,50.0,15.0,85.0,4
Gaussian_trunc,GLU,8,7.94,25.0,4.6,69.9,4
Gaussian_trunc,GLU,9,9.15,50.0,15.0,85.0,4
Gaussian_trunc,GLU,10,10.27,50.0,15.0,85.0,4
Gaussian_trunc,HCT,1,0.14,33.3,6.1,79.2,3
Gaussian_trunc,HCT,2,0.48,50.0,9.5,90.5,2
Gaussian_trunc,HCT,3,0.56,0.0,0.0,65.8,2
Gaussian_trunc,HCT,4,0.72,50.0,9.5,90.5,2
Gaussian_trunc,HCT,5,1.0,0.0,0.0,65.8,2
Gaussian_trunc,HCT,6,1.07,0.0,0.0,65.8,2
Gaussian_trunc,HCT,7,1.26,0.0,0.0,65.8,2
Gaussian_trunc,HCT,8,1.52,0.0,0.0,65.8,2
Gaussian_trunc,HCT,9,2.23,0.0,0.0,65.8,2
Gaussian_trunc,HCT,10,6.62,0.0,0.0,56.2,3
Gaussian_trunc,HDL,1,0.04,0.0,0.0,49.0,4
Gaussian_trunc,HDL,2,0.15,25.0,4.6,69.9,4
Gaussian_trunc,HDL,3,0.31,0.0,0.0,56.2,3
Gaussian_trunc,HDL,4,0.47,0.0,0.0,49.0,4
Gaussian_trunc,HDL,5,0.59,0.0,0.0,49.0,4
Gaussian_trunc,HDL,6,0.73,0.0,0.0,56.2,3
Gaussian_trunc,HDL,7,0.96,0.0,0.0,49.0,4
Gaussian_trunc,HDL,8,1.1,0.0,0.0,56.2,3
Gaussian_trunc,HDL,9,1.34,100.0,51.0,100.0,4
Gaussian_trunc,HDL,10,1.69,50.0,15.0,85.0,4
Gaussian_trunc,HGB,1,0.15,0.0,0.0,56.2,3
Gaussian_trunc,HGB,2,0.41,100.0,43.8,100.0,3
Gaussian_trunc,HGB,3,0.74,0.0,0.0,56.2,3
Gaussian_trunc,HGB,4,0.93,0.0,0.0,56.2,3
Gaussian_trunc,HGB,5,1.04,0.0,0.0,56.2,3
Gaussian_trunc,HGB,6,1.36,0.0,0.0,65.8,2
Gaussian_trunc,HGB,7,1.9,66.7,20.8,93.9,3
Gaussian_trunc,HGB,8,2.47,66.7,20.8,93.9,3
Gaussian_trunc,HGB,9,3.11,33.3,6.1,79.2,3
Gaussian_trunc,HGB,10,8.54,66.7,20.8,93.9,3
Gaussian_trunc,K,1,0.24,50.0,15.0,85.0,4
Gaussian_trunc,K,2,0.4,33.3,6.1,79.2,3
Gaussian_trunc,K,3,0.87,0.0,0.0,56.2,3
Gaussian_trunc,K,4,0.95,0.0,0.0,56.2,3
Gaussian_trunc,K,5,1.11,33.3,6.1,79.2,3
Gaussian_trunc,K,6,1.17,0.0,0.0,56.2,3
Gaussian_trunc,K,7,1.26,0.0,0.0,56.2,3
Gaussian_trunc,K,8,1.34,0.0,0.0,56.2,3
Gaussian_trunc,K,9,2.05,33.3,6.1,79.2,3
Gaussian_trunc,K,10,4.27,66.7,20.8,93.9,3
Gaussian_trunc,LDH,1,0.06,60.0,23.1,88.2,5
Gaussian_trunc,LDH,2,0.65,75.0,30.1,95.4,4
Gaussian_trunc,LDH,3,0.85,25.0,4.6,69.9,4
Gaussian_trunc,LDH,4,1.03,0.0,0.0,49.0,4
Gaussian_trunc,LDH,5,1.11,0.0,0.0,49.0,4
Gaussian_trunc,LDH,6,1.18,25.0,4.6,69.9,4
Gaussian_trunc,LDH,7,1.23,0.0,0.0,49.0,4
Gaussian_trunc,LDH,8,1.4,0.0,0.0,49.0,4
Gaussian_trunc,LDH,9,1.5,0.0,0.0,49.0,4
Gaussian_trunc,LDH,10,1.9,0.0,0.0,49.0,4
Gaussian_trunc,LDL,1,0.06,25.0,4.6,69.9,4
Gaussian_trunc,LDL,2,0.17,50.0,15.0,85.0,4
Gaussian_trunc,LDL,3,0.27,66.7,20.8,93.9,3
Gaussian_trunc,LDL,4,0.38,0.0,0.0,49.0,4
Gaussian_trunc,LDL,5,0.57,25.0,4.6,69.9,4
Gaussian_trunc,LDL,6,0.66,0.0,0.0,56.2,3
Gaussian_trunc,LDL,7,0.78,0.0,0.0,49.0,4
Gaussian_trunc,LDL,8,1.13,0.0,0.0,56.2,3
Gaussian_trunc,LDL,9,1.65,50.0,15.0,85.0,4
Gaussian_trunc,LDL,10,2.52,0.0,0.0,49.0,4
Gaussian_trunc,MCH,1,0.09,0.0,0.0,49.0,4
Gaussian_trunc,MCH,2,0.18,33.3,6.1,79.2,3
Gaussian_trunc,MCH,3,0.56,25.0,4.6,69.9,4
Gaussian_trunc,MCH,4,0.81,0.0,0.0,56.2,3
Gaussian_trunc,MCH,5,1.1,25.0,4.6,69.9,4
Gaussian_trunc,MCH,6,1.36,0.0,0.0,56.2,3
Gaussian_trunc,MCH,7,1.72,33.3,6.1,79.2,3
Gaussian_trunc,MCH,8,1.92,0.0,0.0,49.0,4
Gaussian_trunc,MCH,9,2.49,33.3,6.1,79.2,3
Gaussian_trunc,MCH,10,3.46,0.0,0.0,49.0,4
Gaussian_trunc,MCHC,1,0.03,0.0,0.0,43.4,5
Gaussian_trunc,MCHC,2,0.11,0.0,0.0,43.4,5
Gaussian_trunc,MCHC,3,0.39,25.0,4.6,69.9,4
Gaussian_trunc,MCHC,4,0.58,20.0,3.6,62.4,5
Gaussian_trunc,MCHC,5,0.8,25.0,4.6,69.9,4
Gaussian_trunc,MCHC,6,1.32,20.0,3.6,62.4,5
Gaussian_trunc,MCHC,7,1.55,0.0,0.0,49.0,4
Gaussian_trunc,MCHC,8,1.79,0.0,0.0,43.4,5
Gaussian_trunc,MCHC,9,2.08,0.0,0.0,49.0,4
Gaussian_trunc,MCHC,10,3.3,0.0,0.0,43.4,5
Gaussian_trunc,MCV,1,0.14,66.7,20.8,93.9,3
Gaussian_trunc,MCV,2,0.43,66.7,20.8,93.9,3
Gaussian_trunc,MCV,3,0.48,33.3,6.1,79.2,3
Gaussian_trunc,MCV,4,0.54,50.0,9.5,90.5,2
Gaussian_trunc,MCV,5,0.74,0.0,0.0,56.2,3
Gaussian_trunc,MCV,6,1.07,0.0,0.0,56.2,3
Gaussian_trunc,MCV,7,1.2,50.0,9.5,90.5,2
Gaussian_trunc,MCV,8,1.55,0.0,0.0,56.2,3
Gaussian_trunc,MCV,9,1.93,0.0,0.0,56.2,3
Gaussian_trunc,MCV,10,4.01,0.0,0.0,56.2,3
Gaussian_trunc,MPV,1,0.07,0.0,0.0,56.2,3
Gaussian_trunc,MPV,2,0.3,0.0,0.0,56.2,3
Gaussian_trunc,MPV,3,0.66,0.0,0.0,56.2,3
Gaussian_trunc,MPV,4,0.84,0.0,0.0,65.8,2
Gaussian_trunc,MPV,5,0.93,0.0,0.0,56.2,3
Gaussian_trunc,MPV,6,1.18,0.0,0.0,56.2,3
Gaussian_trunc,MPV,7,1.55,0.0,0.0,65.8,2
Gaussian_trunc,MPV,8,1.64,33.3,6.1,79.2,3
Gaussian_trunc,MPV,9,1.9,33.3,6.1,79.2,3
Gaussian_trunc,MPV,10,9.59,0.0,0.0,56.2,3
Gaussian_trunc,NA,1,0.17,0.0,0.0,56.2,3
Gaussian_trunc,NA,2,0.24,0.0,0.0,65.8,2
Gaussian_trunc,NA,3,0.42,0.0,0.0,56.2,3
Gaussian_trunc,NA,4,0.57,0.0,0.0,65.8,2
Gaussian_trunc,NA,5,0.78,0.0,0.0,56.2,3
Gaussian_trunc,NA,6,1.04,0.0,0.0,65.8,2
Gaussian_trunc,NA,7,1.27,0.0,0.0,65.8,2
Gaussian_trunc,NA,8,1.31,0.0,0.0,56.2,3
Gaussian_trunc,NA,9,1.48,0.0,0.0,65.8,2
Gaussian_trunc,NA,10,2.71,0.0,0.0,56.2,3
Gaussian_trunc,PLT,1,0.02,0.0,0.0,49.0,4
Gaussian_trunc,PLT,2,0.13,0.0,0.0,49.0,4
Gaussian_trunc,PLT,3,0.38,25.0,4.6,69.9,4
Gaussian_trunc,PLT,4,0.68,33.3,6.1,79.2,3
Gaussian_trunc,PLT,5,0.83,25.0,4.6,69.9,4
Gaussian_trunc,PLT,6,0.97,25.0,4.6,69.9,4
Gaussian_trunc,PLT,7,1.12,0.0,0.0,56.2,3
Gaussian_trunc,PLT,8,1.28,0.0,0.0,49.0,4
Gaussian_trunc,PLT,9,1.74,0.0,0.0,49.0,4
Gaussian_trunc,PLT,10,1.94,0.0,0.0,49.0,4
Gaussian_trunc,PT,1,0.09,0.0,0.0,56.2,3
Gaussian_trunc,PT,2,0.18,0.0,0.0,56.2,3
Gaussian_trunc,PT,3,0.2,0.0,0.0,65.8,2
Gaussian_trunc,PT,4,0.35,0.0,0.0,56.2,3
Gaussian_trunc,PT,5,0.66,0.0,0.0,56.2,3
Gaussian_trunc,PT,6,0.92,0.0,0.0,65.8,2
Gaussian_trunc,PT,7,1.28,0.0,0.0,56.2,3
Gaussian_trunc,PT,8,1.33,50.0,9.5,90.5,2
Gaussian_trunc,PT,9,2.69,100.0,43.8,100.0,3
Gaussian_trunc,PT,10,6.63,33.3,6.1,79.2,3
Gaussian_trunc,RBC,1,0.22,33.3,9.7,70.0,6
Gaussian_trunc,RBC,2,0.51,40.0,11.8,76.9,5
Gaussian_trunc,RBC,3,0.63,0.0,0.0,43.4,5
Gaussian_trunc,RBC,4,0.76,20.0,3.6,62.4,5
Gaussian_trunc,RBC,5,1.15,40.0,11.8,76.9,5
Gaussian_trunc,RBC,6,1.41,40.0,11.8,76.9,5
Gaussian_trunc,RBC,7,1.83,40.0,11.8,76.9,5
Gaussian_trunc,RBC,8,1.96,20.0,3.6,62.4,5
Gaussian_trunc,RBC,9,2.28,20.0,3.6,62.4,5
Gaussian_trunc,RBC,10,2.7,20.0,3.6,62.4,5
Gaussian_trunc,RDW,1,0.09,40.0,11.8,76.9,5
Gaussian_trunc,RDW,2,0.2,0.0,0.0,49.0,4
Gaussian_trunc,RDW,3,0.26,25.0,4.6,69.9,4
Gaussian_trunc,RDW,4,0.32,25.0,4.6,69.9,4
Gaussian_trunc,RDW,5,0.46,0.0,0.0,43.4,5
Gaussian_trunc,RDW,6,0.63,25.0,4.6,69.9,4
Gaussian_trunc,RDW,7,0.84,25.0,4.6,69.9,4
Gaussian_trunc,RDW,8,1.01,50.0,15.0,85.0,4
Gaussian_trunc,RDW,9,1.29,50.0,15.0,85.0,4
Gaussian_trunc,RDW,10,2.04,20.0,3.6,62.4,5
Gaussian_trunc,TBIL,1,0.34,33.3,9.7,70.0,6
Gaussian_trunc,TBIL,2,0.46,60.0,23.1,88.2,5
Gaussian_trunc,TBIL,3,0.6,100.0,56.6,100.0,5
Gaussian_trunc,TBIL,4,0.76,16.7,3.0,56.4,6
Gaussian_trunc,TBIL,5,0.92,0.0,0.0,43.4,5
Gaussian_trunc,TBIL,6,1.0,40.0,11.8,76.9,5
Gaussian_trunc,TBIL,7,1.17,16.7,3.0,56.4,6
Gaussian_trunc,TBIL,8,1.38,0.0,0.0,43.4,5
Gaussian_trunc,TBIL,9,1.52,0.0,0.0,43.4,5
Gaussian_trunc,TBIL,10,3.53,66.7,30.0,90.3,6
Gaussian_trunc,TC,1,0.14,33.3,6.1,79.2,3
Gaussian_trunc,TC,2,0.32,0.0,0.0,65.8,2
Gaussian_trunc,TC,3,0.57,50.0,9.5,90.5,2
Gaussian_trunc,TC,4,0.71,66.7,20.8,93.9,3
Gaussian_trunc,TC,5,0.83,0.0,0.0,65.8,2
Gaussian_trunc,TC,6,1.09,0.0,0.0,65.8,2
Gaussian_trunc,TC,7,1.26,0.0,0.0,56.2,3
Gaussian_trunc,TC,8,1.7,0.0,0.0,65.8,2
Gaussian_trunc,TC,9,2.75,0.0,0.0,65.8,2
Gaussian_trunc,TC,10,3.39,0.0,0.0,56.2,3
Gaussian_trunc,TGL,1,0.29,66.7,20.8,93.9,3
Gaussian_trunc,TGL,2,0.97,0.0,0.0,56.2,3
Gaussian_trunc,TGL,3,1.36,0.0,0.0,56.2,3
Gaussian_trunc,TGL,4,1.59,50.0,9.5,90.5,2
Gaussian_trunc,TGL,5,1.69,0.0,0.0,56.2,3
Gaussian_trunc,TGL,6,1.89,0.0,0.0,56.2,3
Gaussian_trunc,TGL,7,2.44,0.0,0.0,65.8,2
Gaussian_trunc,TGL,8,3.67,100.0,43.8,100.0,3
Gaussian_trunc,TGL,9,4.4,0.0,0.0,56.2,3
Gaussian_trunc,TGL,10,24.06,0.0,0.0,56.2,3
Gaussian_trunc,TP,1,0.45,33.3,6.1,79.2,3
Gaussian_trunc,TP,2,0.57,100.0,34.2,100.0,2
Gaussian_trunc,TP,3,0.6,50.0,9.5,90.5,2
Gaussian_trunc,TP,4,0.67,100.0,43.8,100.0,3
Gaussian_trunc,TP,5,0.95,0.0,0.0,65.8,2
Gaussian_trunc,TP,6,1.11,0.0,0.0,65.8,2
Gaussian_trunc,TP,7,1.47,0.0,0.0,56.2,3
Gaussian_trunc,TP,8,1.61,100.0,34.2,100.0,2
Gaussian_trunc,TP,9,1.87,0.0,0.0,65.8,2
Gaussian_trunc,TP,10,8.3,0.0,0.0,56.2,3
Gaussian_trunc,WBC,1,0.09,16.7,3.0,56.4,6
Gaussian_trunc,WBC,2,0.43,16.7,3.0,56.4,6
Gaussian_trunc,WBC,3,0.51,33.3,9.7,70.0,6
Gaussian_trunc,WBC,4,0.69,16.7,3.0,56.4,6
Gaussian_trunc,WBC,5,0.84,0.0,0.0,39.0,6
Gaussian_trunc,WBC,6,0.93,40.0,11.8,76.9,5
Gaussian_trunc,WBC,7,1.05,16.7,3.0,56.4,6
Gaussian_trunc,WBC,8,1.11,33.3,9.7,70.0,6
Gaussian_trunc,WBC,9,1.34,0.0,0.0,39.0,6
Gaussian_trunc,WBC,10,1.94,50.0,18.8,81.2,6
Gaussian_eb,A1C,1,0.21,20.0,3.6,62.4,5
Gaussian_eb,A1C,2,0.39,60.0,23.1,88.2,5
Gaussian_eb,A1C,3,0.59,50.0,15.0,85.0,4
Gaussian_eb,A1C,4,0.91,20.0,3.6,62.4,5
Gaussian_eb,A1C,5,1.81,25.0,4.6,69.9,4
Gaussian_eb,A1C,6,2.16,0.0,0.0,43.4,5
Gaussian_eb,A1C,7,3.54,0.0,0.0,49.0,4
Gaussian_eb,A1C,8,4.25,40.0,11.8,76.9,5
Gaussian_eb,A1C,9,5.08,0.0,0.0,49.0,4
Gaussian_eb,A1C,10,6.18,40.0,11.8,76.9,5
Gaussian_eb,ALB,1,0.05,25.0,4.6,69.9,4
Gaussian_eb,ALB,2,0.23,0.0,0.0,49.0,4
Gaussian_eb,ALB,3,0.34,0.0,0.0,49.0,4
Gaussian_eb,ALB,4,0.4,0.0,0.0,49.0,4
Gaussian_eb,ALB,5,0.62,0.0,0.0,49.0,4
Gaussian_eb,ALB,6,0.68,0.0,0.0,56.2,3
Gaussian_eb,ALB,7,0.87,0.0,0.0,49.0,4
Gaussian_eb,ALB,8,1.08,0.0,0.0,49.0,4
Gaussian_eb,ALB,9,1.27,0.0,0.0,49.0,4
Gaussian_eb,ALB,10,1.41,0.0,0.0,49.0,4
Gaussian_eb,ALP,1,0.08,0.0,0.0,49.0,4
Gaussian_eb,ALP,2,0.17,0.0,0.0,56.2,3
Gaussian_eb,ALP,3,0.23,33.3,6.1,79.2,3
Gaussian_eb,ALP,4,0.45,25.0,4.6,69.9,4
Gaussian_eb,ALP,5,0.61,0.0,0.0,56.2,3
Gaussian_eb,ALP,6,0.69,100.0,43.8,100.0,3
Gaussian_eb,ALP,7,0.82,25.0,4.6,69.9,4
Gaussian_eb,ALP,8,0.85,33.3,6.1,79.2,3
Gaussian_eb,ALP,9,0.93,33.3,6.1,79.2,3
Gaussian_eb,ALP,10,1.07,25.0,4.6,69.9,4
Gaussian_eb,ALT,1,0.05,40.0,11.8,76.9,5
Gaussian_eb,ALT,2,0.27,25.0,4.6,69.9,4
Gaussian_eb,ALT,3,0.42,20.0,3.6,62.4,5
Gaussian_eb,ALT,4,0.53,0.0,0.0,49.0,4
Gaussian_eb,ALT,5,0.72,20.0,3.6,62.4,5
Gaussian_eb,ALT,6,1.05,0.0,0.0,49.0,4
Gaussian_eb,ALT,7,1.13,75.0,30.1,95.4,4
Gaussian_eb,ALT,8,1.37,20.0,3.6,62.4,5
Gaussian_eb,ALT,9,1.92,25.0,4.6,69.9,4
Gaussian_eb,ALT,10,2.19,20.0,3.6,62.4,5
Gaussian_eb,AST,1,0.15,0.0,0.0,56.2,3
Gaussian_eb,AST,2,0.24,0.0,0.0,56.2,3
Gaussian_eb,AST,3,0.28,50.0,9.5,90.5,2
Gaussian_eb,AST,4,0.31,33.3,6.1,79.2,3
Gaussian_eb,AST,5,0.53,50.0,9.5,90.5,2
Gaussian_eb,AST,6,0.79,33.3,6.1,79.2,3
Gaussian_eb,AST,7,0.92,0.0,0.0,65.8,2
Gaussian_eb,AST,8,1.13,33.3,6.1,79.2,3
Gaussian_eb,AST,9,1.32,50.0,9.5,90.5,2
Gaussian_eb,AST,10,1.78,0.0,0.0,56.2,3
Gaussian_eb,BUN,1,0.11,50.0,15.0,85.0,4
Gaussian_eb,BUN,2,0.23,0.0,0.0,56.2,3
Gaussian_eb,BUN,3,0.47,0.0,0.0,56.2,3
Gaussian_eb,BUN,4,0.55,0.0,0.0,56.2,3
Gaussian_eb,BUN,5,0.73,0.0,0.0,56.2,3
Gaussian_eb,BUN,6,0.87,66.7,20.8,93.9,3
Gaussian_eb,BUN,7,1.04,0.0,0.0,56.2,3
Gaussian_eb,BUN,8,1.19,0.0,0.0,56.2,3
Gaussian_eb,BUN,9,1.49,0.0,0.0,56.2,3
Gaussian_eb,BUN,10,1.69,33.3,6.1,79.2,3
Gaussian_eb,CA,1,0.04,100.0,43.8,100.0,3
Gaussian_eb,CA,2,0.14,0.0,0.0,56.2,3
Gaussian_eb,CA,3,0.34,0.0,0.0,65.8,2
Gaussian_eb,CA,4,0.47,0.0,0.0,56.2,3
Gaussian_eb,CA,5,0.8,0.0,0.0,56.2,3
Gaussian_eb,CA,6,0.93,0.0,0.0,65.8,2
Gaussian_eb,CA,7,1.0,0.0,0.0,56.2,3
Gaussian_eb,CA,8,1.28,0.0,0.0,65.8,2
Gaussian_eb,CA,9,1.53,0.0,0.0,56.2,3
Gaussian_eb,CA,10,1.78,0.0,0.0,56.2,3
Gaussian_eb,CL,1,0.15,25.0,4.6,69.9,4
Gaussian_eb,CL,2,0.45,66.7,20.8,93.9,3
Gaussian_eb,CL,3,0.69,66.7,20.8,93.9,3
Gaussian_eb,CL,4,0.82,0.0,0.0,56.2,3
Gaussian_eb,CL,5,0.95,50.0,15.0,85.0,4
Gaussian_eb,CL,6,1.24,0.0,0.0,56.2,3
Gaussian_eb,CL,7,1.31,33.3,6.1,79.2,3
Gaussian_eb,CL,8,1.52,0.0,0.0,56.2,3
Gaussian_eb,CL,9,1.58,33.3,6.1,79.2,3
Gaussian_eb,CL,10,1.88,50.0,15.0,85.0,4
Gaussian_eb,CO2,1,0.03,50.0,15.0,85.0,4
Gaussian_eb,CO2,2,0.16,50.0,15.0,85.0,4
Gaussian_eb,CO2,3,0.33,0.0,0.0,49.0,4
Gaussian_eb,CO2,4,0.64,0.0,0.0,56.2,3
Gaussian_eb,CO2,5,1.02,50.0,15.0,85.0,4
Gaussian_eb,CO2,6,1.27,50.0,15.0,85.0,4
Gaussian_eb,CO2,7,1.5,0.0,0.0,56.2,3
Gaussian_eb,CO2,8,1.63,0.0,0.0,49.0,4
Gaussian_eb,CO2,9,2.01,25.0,4.6,69.9,4
Gaussian_eb,CO2,10,2.34,25.0,4.6,69.9,4
Gaussian_eb,CRE,1,0.1,33.3,6.1,79.2,3
Gaussian_eb,CRE,2,0.32,25.0,4.6,69.9,4
Gaussian_eb,CRE,3,0.43,0.0,0.0,79.3,1
Gaussian_eb,CRE,4,0.5,0.0,0.0,56.2,3
Gaussian_eb,CRE,5,0.6,33.3,6.1,79.2,3
Gaussian_eb,CRE,6,0.92,100.0,34.2,100.0,2
Gaussian_eb,CRE,7,1.1,0.0,0.0,56.2,3
Gaussian_eb,CRE,8,1.25,0.0,0.0,65.8,2
Gaussian_eb,CRE,9,1.43,33.3,6.1,79.2,3
Gaussian_eb,CRE,10,1.57,0.0,0.0,56.2,3
Gaussian_eb,CRP,1,0.2,0.0,0.0,49.0,4
Gaussian_eb,CRP,2,0.31,0.0,0.0,49.0,4
Gaussian_eb,CRP,3,0.37,0.0,0.0,49.0,4
Gaussian_eb,CRP,4,0.47,25.0,4.6,69.9,4
Gaussian_eb,CRP,5,0.59,50.0,15.0,85.0,4
Gaussian_eb,CRP,6,0.63,0.0,0.0,56.2,3
Gaussian_eb,CRP,7,0.83,0.0,0.0,56.2,3
Gaussian_eb,CRP,8,0.98,25.0,4.6,69.9,4
Gaussian_eb,CRP,9,1.52,0.0,0.0,49.0,4
Gaussian_eb,CRP,10,2.13,0.0,0.0,49.0,4
Gaussian_eb,DBIL,1,0.0,0.0,0.0,56.2,3
Gaussian_eb,DBIL,2,0.3,0.0,0.0,56.2,3
Gaussian_eb,DBIL,3,0.5,0.0,0.0,56.2,3
Gaussian_eb,DBIL,4,0.6,50.0,9.5,90.5,2
Gaussian_eb,DBIL,5,0.8,33.3,6.1,79.2,3
Gaussian_eb,DBIL,6,1.0,33.3,6.1,79.2,3
Gaussian_eb,DBIL,7,1.1,0.0,0.0,56.2,3
Gaussian_eb,DBIL,8,1.35,50.0,9.5,90.5,2
Gaussian_eb,DBIL,9,1.6,0.0,0.0,56.2,3
Gaussian_eb,DBIL,10,1.9,33.3,6.1,79.2,3
Gaussian_eb,GGT,1,0.18,0.0,0.0,56.2,3
Gaussian_eb,GGT,2,0.55,0.0,0.0,65.8,2
Gaussian_eb,GGT,3,0.68,0.0,0.0,65.8,2
Gaussian_eb,GGT,4,0.92,0.0,0.0,56.2,3
Gaussian_eb,GGT,5,0.97,0.0,0.0,65.8,2
Gaussian_eb,GGT,6,1.04,0.0,0.0,65.8,2
Gaussian_eb,GGT,7,1.19,0.0,0.0,56.2,3
Gaussian_eb,GGT,8,1.7,0.0,0.0,65.8,2
Gaussian_eb,GGT,9,1.83,0.0,0.0,65.8,2
Gaussian_eb,GGT,10,2.62,0.0,0.0,56.2,3
Gaussian_eb,GLU,1,0.29,50.0,15.0,85.0,4
Gaussian_eb,GLU,2,1.34,25.0,4.6,69.9,4
Gaussian_eb,GLU,3,2.48,25.0,4.6,69.9,4
Gaussian_eb,GLU,4,4.09,0.0,0.0,49.0,4
Gaussian_eb,GLU,5,5.94,0.0,0.0,49.0,4
Gaussian_eb,GLU,6,6.42,33.3,6.1,79.2,3
Gaussian_eb,GLU,7,7.23,25.0,4.6,69.9,4
Gaussian_eb,GLU,8,8.14,50.0,15.0,85.0,4
Gaussian_eb,GLU,9,9.3,25.0,4.6,69.9,4
Gaussian_eb,GLU,10,10.67,50.0,15.0,85.0,4
Gaussian_eb,HCT,1,0.15,0.0,0.0,56.2,3
Gaussian_eb,HCT,2,0.32,50.0,9.5,90.5,2
Gaussian_eb,HCT,3,0.48,0.0,0.0,65.8,2
Gaussian_eb,HCT,4,0.8,0.0,0.0,65.8,2
Gaussian_eb,HCT,5,0.89,0.0,0.0,65.8,2
Gaussian_eb,HCT,6,1.11,50.0,9.5,90.5,2
Gaussian_eb,HCT,7,1.24,0.0,0.0,65.8,2
Gaussian_eb,HCT,8,1.45,50.0,9.5,90.5,2
Gaussian_eb,HCT,9,1.77,0.0,0.0,65.8,2
Gaussian_eb,HCT,10,2.41,0.0,0.0,56.2,3
Gaussian_eb,HDL,1,0.1,0.0,0.0,49.0,4
Gaussian_eb,HDL,2,0.2,0.0,0.0,49.0,4
Gaussian_eb,HDL,3,0.29,0.0,0.0,56.2,3
Gaussian_eb,HDL,4,0.37,75.0,30.1,95.4,4
Gaussian_eb,HDL,5,0.48,0.0,0.0,49.0,4
Gaussian_eb,HDL,6,0.63,0.0,0.0,56.2,3
Gaussian_eb,HDL,7,0.69,0.0,0.0,49.0,4
Gaussian_eb,HDL,8,0.85,33.3,6.1,79.2,3
Gaussian_eb,HDL,9,1.05,50.0,15.0,85.0,4
Gaussian_eb,HDL,10,1.2,25.0,4.6,69.9,4
Gaussian_eb,HGB,1,0.16,33.3,6.1,79.2,3
Gaussian_eb,HGB,2,0.24,0.0,0.0,56.2,3
Gaussian_eb,HGB,3,0.56,25.0,4.6,69.9,4
Gaussian_eb,HGB,4,0.73,0.0,0.0,65.8,2
Gaussian_eb,HGB,5,0.79,0.0,0.0,56.2,3
Gaussian_eb,HGB,6,0.95,100.0,34.2,100.0,2
Gaussian_eb,HGB,7,1.11,100.0,43.8,100.0,3
Gaussian_eb,HGB,8,1.28,33.3,6.1,79.2,3
Gaussian_eb,HGB,9,1.78,0.0,0.0,56.2,3
Gaussian_eb,HGB,10,2.36,66.7,20.8,93.9,3
Gaussian_eb,K,1,0.1,50.0,15.0,85.0,4
Gaussian_eb,K,2,0.24,0.0,0.0,49.0,4
Gaussian_eb,K,3,0.27,0.0,0.0,65.8,2
Gaussian_eb,K,4,0.33,33.3,6.1,79.2,3
Gaussian_eb,K,5,0.52,33.3,6.1,79.2,3
Gaussian_eb,K,6,0.65,33.3,6.1,79.2,3
Gaussian_eb,K,7,0.76,0.0,0.0,56.2,3
Gaussian_eb,K,8,1.27,33.3,6.1,79.2,3
Gaussian_eb,K,9,1.39,0.0,0.0,56.2,3
Gaussian_eb,K,10,1.63,33.3,6.1,79.2,3
Gaussian_eb,LDH,1,0.06,60.0,23.1,88.2,5
Gaussian_eb,LDH,2,0.15,25.0,4.6,69.9,4
Gaussian_eb,LDH,3,0.33,0.0,0.0,49.0,4
Gaussian_eb,LDH,4,0.42,50.0,15.0,85.0,4
Gaussian_eb,LDH,5,0.5,0.0,0.0,49.0,4
Gaussian_eb,LDH,6,0.63,25.0,4.6,69.9,4
Gaussian_eb,LDH,7,0.84,0.0,0.0,49.0,4
Gaussian_eb,LDH,8,0.94,0.0,0.0,49.0,4
Gaussian_eb,LDH,9,1.43,25.0,4.6,69.9,4
Gaussian_eb,LDH,10,1.64,0.0,0.0,49.0,4
Gaussian_eb,LDL,1,0.1,0.0,0.0,49.0,4
Gaussian_eb,LDL,2,0.18,25.0,4.6,69.9,4
Gaussian_eb,LDL,3,0.27,33.3,6.1,79.2,3
Gaussian_eb,LDL,4,0.43,25.0,4.6,69.9,4
Gaussian_eb,LDL,5,0.59,25.0,4.6,69.9,4
Gaussian_eb,LDL,6,0.65,0.0,0.0,56.2,3
Gaussian_eb,LDL,7,1.01,25.0,4.6,69.9,4
Gaussian_eb,LDL,8,1.24,33.3,6.1,79.2,3
Gaussian_eb,LDL,9,1.39,25.0,4.6,69.9,4
Gaussian_eb,LDL,10,1.63,25.0,4.6,69.9,4
Gaussian_eb,MCH,1,0.18,25.0,4.6,69.9,4
Gaussian_eb,MCH,2,0.23,0.0,0.0,56.2,3
Gaussian_eb,MCH,3,0.63,0.0,0.0,49.0,4
Gaussian_eb,MCH,4,0.72,0.0,0.0,56.2,3
Gaussian_eb,MCH,5,0.94,0.0,0.0,49.0,4
Gaussian_eb,MCH,6,1.21,33.3,6.1,79.2,3
Gaussian_eb,MCH,7,1.24,33.3,6.1,79.2,3
Gaussian_eb,MCH,8,1.33,25.0,4.6,69.9,4
Gaussian_eb,MCH,9,1.8,0.0,0.0,56.2,3
Gaussian_eb,MCH,10,1.93,25.0,4.6,69.9,4
Gaussian_eb,MCHC,1,0.07,0.0,0.0,43.4,5
Gaussian_eb,MCHC,2,0.43,16.7,3.0,56.4,6
Gaussian_eb,MCHC,3,0.52,0.0,0.0,56.2,3
Gaussian_eb,MCHC,4,0.76,20.0,3.6,62.4,5
Gaussian_eb,MCHC,5,0.93,0.0,0.0,49.0,4
Gaussian_eb,MCHC,6,1.13,20.0,3.6,62.4,5
Gaussian_eb,MCHC,7,1.31,0.0,0.0,49.0,4
Gaussian_eb,MCHC,8,1.58,0.0,0.0,43.4,5
Gaussian_eb,MCHC,9,1.95,25.0,4.6,69.9,4
Gaussian_eb,MCHC,10,2.24,0.0,0.0,43.4,5
Gaussian_eb,MCV,1,0.04,33.3,6.1,79.2,3
Gaussian_eb,MCV,2,0.1,0.0,0.0,56.2,3
Gaussian_eb,MCV,3,0.24,0.0,0.0,56.2,3
Gaussian_eb,MCV,4,0.55,50.0,9.5,90.5,2
Gaussian_eb,MCV,5,0.6,33.3,6.1,79.2,3
Gaussian_eb,MCV,6,0.79,66.7,20.8,93.9,3
Gaussian_eb,MCV,7,0.95,50.0,9.5,90.5,2
Gaussian_eb,MCV,8,1.07,0.0,0.0,56.2,3
Gaussian_eb,MCV,9,1.22,25.0,4.6,69.9,4
Gaussian_eb,MCV,10,1.4,0.0,0.0,65.8,2
Gaussian_eb,MPV,1,0.15,0.0,0.0,56.2,3
Gaussian_eb,MPV,2,0.36,25.0,4.6,69.9,4
Gaussian_eb,MPV,3,0.39,0.0,0.0,65.8,2
Gaussian_eb,MPV,4,0.43,50.0,9.5,90.5,2
Gaussian_eb,MPV,5,0.47,0.0,0.0,56.2,3
Gaussian_eb,MPV,6,0.58,0.0,0.0,56.2,3
Gaussian_eb,MPV,7,0.7,0.0,0.0,65.8,2
Gaussian_eb,MPV,8,0.84,0.0,0.0,56.2,3
Gaussian_eb,MPV,9,0.99,0.0,0.0,56.2,3
Gaussian_eb,MPV,10,1.12,0.0,0.0,56.2,3
Gaussian_eb,NA,1,0.06,0.0,0.0,56.2,3
Gaussian_eb,NA,2,0.1,0.0,0.0,65.8,2
Gaussian_eb,NA,3,0.17,0.0,0.0,56.2,3
Gaussian_eb,NA,4,0.2,0.0,0.0,65.8,2
Gaussian_eb,NA,5,0.38,0.0,0.0,56.2,3
Gaussian_eb,NA,6,0.48,0.0,0.0,65.8,2
Gaussian_eb,NA,7,0.72,0.0,0.0,65.8,2
Gaussian_eb,NA,8,1.29,0.0,0.0,56.2,3
Gaussian_eb,NA,9,1.51,0.0,0.0,65.8,2
Gaussian_eb,NA,10,1.58,0.0,0.0,56.2,3
Gaussian_eb,PLT,1,0.09,0.0,0.0,49.0,4
Gaussian_eb,PLT,2,0.15,25.0,4.6,69.9,4
Gaussian_eb,PLT,3,0.23,0.0,0.0,49.0,4
Gaussian_eb,PLT,4,0.35,0.0,0.0,56.2,3
Gaussian_eb,PLT,5,0.51,0.0,0.0,49.0,4
Gaussian_eb,PLT,6,0.69,0.0,0.0,49.0,4
Gaussian_eb,PLT,7,0.78,0.0,0.0,56.2,3
Gaussian_eb,PLT,8,0.83,25.0,4.6,69.9,4
Gaussian_eb,PLT,9,0.95,50.0,15.0,85.0,4
Gaussian_eb,PLT,10,1.24,0.0,0.0,49.0,4
Gaussian_eb,PT,1,0.06,33.3,6.1,79.2,3
Gaussian_eb,PT,2,0.41,0.0,0.0,56.2,3
Gaussian_eb,PT,3,0.61,0.0,0.0,65.8,2
Gaussian_eb,PT,4,0.75,0.0,0.0,56.2,3
Gaussian_eb,PT,5,0.95,33.3,6.1,79.2,3
Gaussian_eb,PT,6,1.08,0.0,0.0,65.8,2
Gaussian_eb,PT,7,1.37,0.0,0.0,56.2,3
Gaussian_eb,PT,8,1.45,0.0,0.0,65.8,2
Gaussian_eb,PT,9,1.6,66.7,20.8,93.9,3
Gaussian_eb,PT,10,1.9,33.3,6.1,79.2,3
Gaussian_eb,RBC,1,0.11,33.3,9.7,70.0,6
Gaussian_eb,RBC,2,0.27,40.0,11.8,76.9,5
Gaussian_eb,RBC,3,0.63,16.7,3.0,56.4,6
Gaussian_eb,RBC,4,0.74,25.0,4.6,69.9,4
Gaussian_eb,RBC,5,0.99,20.0,3.6,62.4,5
Gaussian_eb,RBC,6,1.15,0.0,0.0,43.4,5
Gaussian_eb,RBC,7,1.34,40.0,11.8,76.9,5
Gaussian_eb,RBC,8,1.44,20.0,3.6,62.4,5
Gaussian_eb,RBC,9,2.01,50.0,18.8,81.2,6
Gaussian_eb,RBC,10,2.48,25.0,4.6,69.9,4
Gaussian_eb,RDW,1,0.02,20.0,3.6,62.4,5
Gaussian_eb,RDW,2,0.11,20.0,3.6,62.4,5
Gaussian_eb,RDW,3,0.19,33.3,6.1,79.2,3
Gaussian_eb,RDW,4,0.3,25.0,4.6,69.9,4
Gaussian_eb,RDW,5,0.48,20.0,3.6,62.4,5
Gaussian_eb,RDW,6,0.59,0.0,0.0,49.0,4
Gaussian_eb,RDW,7,0.93,50.0,15.0,85.0,4
Gaussian_eb,RDW,8,1.08,50.0,15.0,85.0,4
Gaussian_eb,RDW,9,1.17,25.0,4.6,69.9,4
Gaussian_eb,RDW,10,1.45,20.0,3.6,62.4,5
Gaussian_eb,TBIL,1,0.18,71.4,35.9,91.8,7
Gaussian_eb,TBIL,2,0.34,50.0,15.0,85.0,4
Gaussian_eb,TBIL,3,0.45,20.0,3.6,62.4,5
Gaussian_eb,TBIL,4,0.59,33.3,9.7,70.0,6
Gaussian_eb,TBIL,5,0.78,40.0,11.8,76.9,5
Gaussian_eb,TBIL,6,0.98,20.0,3.6,62.4,5
Gaussian_eb,TBIL,7,1.12,33.3,9.7,70.0,6
Gaussian_eb,TBIL,8,1.2,0.0,0.0,43.4,5
Gaussian_eb,TBIL,9,1.45,20.0,3.6,62.4,5
Gaussian_eb,TBIL,10,1.8,33.3,9.7,70.0,6
Gaussian_eb,TC,1,0.08,0.0,0.0,56.2,3
Gaussian_eb,TC,2,0.3,0.0,0.0,65.8,2
Gaussian_eb,TC,3,0.45,50.0,9.5,90.5,2
Gaussian_eb,TC,4,0.83,0.0,0.0,56.2,3
Gaussian_eb,TC,5,0.97,0.0,0.0,65.8,2
Gaussian_eb,TC,6,1.24,0.0,0.0,65.8,2
Gaussian_eb,TC,7,1.38,0.0,0.0,56.2,3
Gaussian_eb,TC,8,1.53,100.0,34.2,100.0,2
Gaussian_eb,TC,9,1.73,0.0,0.0,65.8,2
Gaussian_eb,TC,10,2.01,33.3,6.1,79.2,3
Gaussian_eb,TGL,1,0.06,33.3,6.1,79.2,3
Gaussian_eb,TGL,2,0.65,33.3,6.1,79.2,3
Gaussian_eb,TGL,3,0.8,33.3,6.1,79.2,3
Gaussian_eb,TGL,4,0.93,0.0,0.0,65.8,2
Gaussian_eb,TGL,5,1.0,0.0,0.0,56.2,3
Gaussian_eb,TGL,6,1.34,33.3,6.1,79.2,3
Gaussian_eb,TGL,7,1.57,100.0,34.2,100.0,2
Gaussian_eb,TGL,8,1.65,0.0,0.0,56.2,3
Gaussian_eb,TGL,9,1.95,0.0,0.0,56.2,3
Gaussian_eb,TGL,10,2.42,0.0,0.0,56.2,3
Gaussian_eb,TP,1,0.06,33.3,6.1,79.2,3
Gaussian_eb,TP,2,0.27,50.0,9.5,90.5,2
Gaussian_eb,TP,3,0.47,50.0,9.5,90.5,2
Gaussian_eb,TP,4,0.62,0.0,0.0,56.2,3
Gaussian_eb,TP,5,0.69,50.0,9.5,90.5,2
Gaussian_eb,TP,6,0.88,0.0,0.0,65.8,2
Gaussian_eb,TP,7,1.21,66.7,20.8,93.9,3
Gaussian_eb,TP,8,1.39,66.7,20.8,93.9,3
Gaussian_eb,TP,9,1.44,0.0,0.0,79.3,1
Gaussian_eb,TP,10,1.47,33.3,6.1,79.2,3
Gaussian_eb,WBC,1,0.03,0.0,0.0,39.0,6
Gaussian_eb,WBC,2,0.21,16.7,3.0,56.4,6
Gaussian_eb,WBC,3,0.34,33.3,9.7,70.0,6
Gaussian_eb,WBC,4,0.47,0.0,0.0,39.0,6
Gaussian_eb,WBC,5,0.53,50.0,18.8,81.2,6
Gaussian_eb,WBC,6,0.64,20.0,3.6,62.4,5
Gaussian_eb,WBC,7,0.85,16.7,3.0,56.4,6
Gaussian_eb,WBC,8,0.95,66.7,30.0,90.3,6
Gaussian_eb,WBC,9,1.13,0.0,0.0,39.0,6
Gaussian_eb,WBC,10,1.2,16.7,3.0,56.4,6
NORMA_q_age_set,A1C,1,0.3,20.0,3.6,62.4,5
NORMA_q_age_set,A1C,2,0.41,40.0,11.8,76.9,5
NORMA_q_age_set,A1C,3,0.53,50.0,15.0,85.0,4
NORMA_q_age_set,A1C,4,0.71,40.0,11.8,76.9,5
NORMA_q_age_set,A1C,5,0.86,0.0,0.0,49.0,4
NORMA_q_age_set,A1C,6,0.97,20.0,3.6,62.4,5
NORMA_q_age_set,A1C,7,1.34,0.0,0.0,49.0,4
NORMA_q_age_set,A1C,8,1.52,20.0,3.6,62.4,5
NORMA_q_age_set,A1C,9,1.74,25.0,4.6,69.9,4
NORMA_q_age_set,A1C,10,2.47,40.0,11.8,76.9,5
NORMA_q_age_set,ALB,1,0.07,0.0,0.0,49.0,4
NORMA_q_age_set,ALB,2,0.14,0.0,0.0,49.0,4
NORMA_q_age_set,ALB,3,0.29,0.0,0.0,49.0,4
NORMA_q_age_set,ALB,4,0.43,0.0,0.0,49.0,4
NORMA_q_age_set,ALB,5,0.64,0.0,0.0,49.0,4
NORMA_q_age_set,ALB,6,0.71,33.3,6.1,79.2,3
NORMA_q_age_set,ALB,7,0.81,0.0,0.0,49.0,4
NORMA_q_age_set,ALB,8,0.98,0.0,0.0,49.0,4
NORMA_q_age_set,ALB,9,1.3,0.0,0.0,49.0,4
NORMA_q_age_set,ALB,10,1.47,0.0,0.0,49.0,4
NORMA_q_age_set,ALP,1,0.03,25.0,4.6,69.9,4
NORMA_q_age_set,ALP,2,0.1,0.0,0.0,56.2,3
NORMA_q_age_set,ALP,3,0.25,33.3,6.1,79.2,3
NORMA_q_age_set,ALP,4,0.27,0.0,0.0,49.0,4
NORMA_q_age_set,ALP,5,0.39,0.0,0.0,56.2,3
NORMA_q_age_set,ALP,6,0.54,0.0,0.0,56.2,3
NORMA_q_age_set,ALP,7,0.65,50.0,15.0,85.0,4
NORMA_q_age_set,ALP,8,0.78,66.7,20.8,93.9,3
NORMA_q_age_set,ALP,9,1.01,33.3,6.1,79.2,3
NORMA_q_age_set,ALP,10,1.11,50.0,15.0,85.0,4
NORMA_q_age_set,ALT,1,0.08,20.0,3.6,62.4,5
NORMA_q_age_set,ALT,2,0.35,0.0,0.0,49.0,4
NORMA_q_age_set,ALT,3,0.44,20.0,3.6,62.4,5
NORMA_q_age_set,ALT,4,0.6,25.0,4.6,69.9,4
NORMA_q_age_set,ALT,5,0.74,20.0,3.6,62.4,5
NORMA_q_age_set,ALT,6,1.05,25.0,4.6,69.9,4
NORMA_q_age_set,ALT,7,1.2,25.0,4.6,69.9,4
NORMA_q_age_set,ALT,8,1.59,20.0,3.6,62.4,5
NORMA_q_age_set,ALT,9,1.78,75.0,30.1,95.4,4
NORMA_q_age_set,ALT,10,2.25,20.0,3.6,62.4,5
NORMA_q_age_set,AST,1,0.22,66.7,20.8,93.9,3
NORMA_q_age_set,AST,2,0.36,33.3,6.1,79.2,3
NORMA_q_age_set,AST,3,0.42,0.0,0.0,65.8,2
NORMA_q_age_set,AST,4,0.5,0.0,0.0,56.2,3
NORMA_q_age_set,AST,5,0.57,50.0,9.5,90.5,2
NORMA_q_age_set,AST,6,0.91,0.0,0.0,56.2,3
NORMA_q_age_set,AST,7,1.21,0.0,0.0,65.8,2
NORMA_q_age_set,AST,8,1.41,66.7,20.8,93.9,3
NORMA_q_age_set,AST,9,1.58,0.0,0.0,65.8,2
NORMA_q_age_set,AST,10,2.59,0.0,0.0,56.2,3
NORMA_q_age_set,BUN,1,0.08,66.7,20.8,93.9,3
NORMA_q_age_set,BUN,2,0.15,0.0,0.0,56.2,3
NORMA_q_age_set,BUN,3,0.39,0.0,0.0,56.2,3
NORMA_q_age_set,BUN,4,0.42,0.0,0.0,65.8,2
NORMA_q_age_set,BUN,5,0.46,33.3,6.1,79.2,3
NORMA_q_age_set,BUN,6,0.75,0.0,0.0,56.2,3
NORMA_q_age_set,BUN,7,0.87,0.0,0.0,65.8,2
NORMA_q_age_set,BUN,8,0.96,33.3,6.1,79.2,3
NORMA_q_age_set,BUN,9,1.19,0.0,0.0,56.2,3
NORMA_q_age_set,BUN,10,1.62,33.3,6.1,79.2,3
NORMA_q_age_set,CA,1,0.13,0.0,0.0,56.2,3
NORMA_q_age_set,CA,2,0.29,0.0,0.0,56.2,3
NORMA_q_age_set,CA,3,0.35,100.0,34.2,100.0,2
NORMA_q_age_set,CA,4,0.39,0.0,0.0,56.2,3
NORMA_q_age_set,CA,5,0.57,33.3,6.1,79.2,3
NORMA_q_age_set,CA,6,0.7,0.0,0.0,65.8,2
NORMA_q_age_set,CA,7,0.75,0.0,0.0,56.2,3
NORMA_q_age_set,CA,8,1.04,0.0,0.0,65.8,2
NORMA_q_age_set,CA,9,1.19,0.0,0.0,56.2,3
NORMA_q_age_set,CA,10,1.47,0.0,0.0,56.2,3
NORMA_q_age_set,CL,1,0.22,25.0,4.6,69.9,4
NORMA_q_age_set,CL,2,0.3,66.7,20.8,93.9,3
NORMA_q_age_set,CL,3,0.45,66.7,20.8,93.9,3
NORMA_q_age_set,CL,4,0.66,66.7,20.8,93.9,3
NORMA_q_age_set,CL,5,0.91,25.0,4.6,69.9,4
NORMA_q_age_set,CL,6,1.02,33.3,6.1,79.2,3
NORMA_q_age_set,CL,7,1.12,0.0,0.0,56.2,3
NORMA_q_age_set,CL,8,1.32,33.3,6.1,79.2,3
NORMA_q_age_set,CL,9,1.5,0.0,0.0,56.2,3
NORMA_q_age_set,CL,10,1.6,25.0,4.6,69.9,4
NORMA_q_age_set,CO2,1,0.05,25.0,4.6,69.9,4
NORMA_q_age_set,CO2,2,0.16,50.0,15.0,85.0,4
NORMA_q_age_set,CO2,3,0.26,50.0,15.0,85.0,4
NORMA_q_age_set,CO2,4,0.35,0.0,0.0,56.2,3
NORMA_q_age_set,CO2,5,0.4,0.0,0.0,49.0,4
NORMA_q_age_set,CO2,6,0.61,25.0,4.6,69.9,4
NORMA_q_age_set,CO2,7,0.91,33.3,6.1,79.2,3
NORMA_q_age_set,CO2,8,1.07,50.0,15.0,85.0,4
NORMA_q_age_set,CO2,9,1.34,25.0,4.6,69.9,4
NORMA_q_age_set,CO2,10,2.04,0.0,0.0,49.0,4
NORMA_q_age_set,CRE,1,0.13,33.3,6.1,79.2,3
NORMA_q_age_set,CRE,2,0.24,0.0,0.0,56.2,3
NORMA_q_age_set,CRE,3,0.33,50.0,9.5,90.5,2
NORMA_q_age_set,CRE,4,0.5,0.0,0.0,56.2,3
NORMA_q_age_set,CRE,5,0.6,66.7,20.8,93.9,3
NORMA_q_age_set,CRE,6,0.86,0.0,0.0,65.8,2
NORMA_q_age_set,CRE,7,0.99,33.3,6.1,79.2,3
NORMA_q_age_set,CRE,8,1.07,0.0,0.0,65.8,2
NORMA_q_age_set,CRE,9,1.11,33.3,6.1,79.2,3
NORMA_q_age_set,CRE,10,1.64,0.0,0.0,56.2,3
NORMA_q_age_set,CRP,1,0.02,50.0,15.0,85.0,4
NORMA_q_age_set,CRP,2,0.05,0.0,0.0,49.0,4
NORMA_q_age_set,CRP,3,0.31,0.0,0.0,49.0,4
NORMA_q_age_set,CRP,4,0.35,0.0,0.0,56.2,3
NORMA_q_age_set,CRP,5,0.54,0.0,0.0,49.0,4
NORMA_q_age_set,CRP,6,0.62,25.0,4.6,69.9,4
NORMA_q_age_set,CRP,7,0.81,0.0,0.0,56.2,3
NORMA_q_age_set,CRP,8,0.97,0.0,0.0,49.0,4
NORMA_q_age_set,CRP,9,1.42,25.0,4.6,69.9,4
NORMA_q_age_set,CRP,10,2.0,0.0,0.0,49.0,4
NORMA_q_age_set,DBIL,1,0.08,0.0,0.0,56.2,3
NORMA_q_age_set,DBIL,2,0.15,0.0,0.0,56.2,3
NORMA_q_age_set,DBIL,3,0.21,0.0,0.0,65.8,2
NORMA_q_age_set,DBIL,4,0.33,0.0,0.0,56.2,3
NORMA_q_age_set,DBIL,5,0.45,0.0,0.0,56.2,3
NORMA_q_age_set,DBIL,6,0.6,50.0,9.5,90.5,2
NORMA_q_age_set,DBIL,7,0.89,0.0,0.0,56.2,3
NORMA_q_age_set,DBIL,8,1.04,100.0,34.2,100.0,2
NORMA_q_age_set,DBIL,9,1.24,33.3,6.1,79.2,3
NORMA_q_age_set,DBIL,10,1.48,33.3,6.1,79.2,3
NORMA_q_age_set,GGT,1,0.07,0.0,0.0,56.2,3
NORMA_q_age_set,GGT,2,0.38,0.0,0.0,65.8,2
NORMA_q_age_set,GGT,3,0.7,0.0,0.0,65.8,2
NORMA_q_age_set,GGT,4,0.77,0.0,0.0,56.2,3
NORMA_q_age_set,GGT,5,0.9,0.0,0.0,65.8,2
NORMA_q_age_set,GGT,6,1.01,0.0,0.0,65.8,2
NORMA_q_age_set,GGT,7,1.15,0.0,0.0,56.2,3
NORMA_q_age_set,GGT,8,1.29,0.0,0.0,65.8,2
NORMA_q_age_set,GGT,9,1.6,0.0,0.0,65.8,2
NORMA_q_age_set,GGT,10,1.98,0.0,0.0,56.2,3
NORMA_q_age_set,GLU,1,0.39,50.0,15.0,85.0,4
NORMA_q_age_set,GLU,2,0.59,50.0,15.0,85.0,4
NORMA_q_age_set,GLU,3,1.08,50.0,15.0,85.0,4
NORMA_q_age_set,GLU,4,1.23,0.0,0.0,49.0,4
NORMA_q_age_set,GLU,5,1.64,25.0,4.6,69.9,4
NORMA_q_age_set,GLU,6,1.88,0.0,0.0,56.2,3
NORMA_q_age_set,GLU,7,2.21,50.0,15.0,85.0,4
NORMA_q_age_set,GLU,8,2.68,25.0,4.6,69.9,4
NORMA_q_age_set,GLU,9,3.49,25.0,4.6,69.9,4
NORMA_q_age_set,GLU,10,4.66,0.0,0.0,49.0,4
NORMA_q_age_set,HCT,1,0.03,33.3,6.1,79.2,3
NORMA_q_age_set,HCT,2,0.19,0.0,0.0,65.8,2
NORMA_q_age_set,HCT,3,0.33,0.0,0.0,65.8,2
NORMA_q_age_set,HCT,4,0.46,50.0,9.5,90.5,2
NORMA_q_age_set,HCT,5,0.64,0.0,0.0,65.8,2
NORMA_q_age_set,HCT,6,0.9,0.0,0.0,65.8,2
NORMA_q_age_set,HCT,7,0.96,0.0,0.0,65.8,2
NORMA_q_age_set,HCT,8,1.13,0.0,0.0,65.8,2
NORMA_q_age_set,HCT,9,1.49,50.0,9.5,90.5,2
NORMA_q_age_set,HCT,10,1.92,0.0,0.0,56.2,3
NORMA_q_age_set,HDL,1,0.04,0.0,0.0,49.0,4
NORMA_q_age_set,HDL,2,0.15,0.0,0.0,49.0,4
NORMA_q_age_set,HDL,3,0.17,66.7,20.8,93.9,3
NORMA_q_age_set,HDL,4,0.39,0.0,0.0,49.0,4
NORMA_q_age_set,HDL,5,0.47,0.0,0.0,49.0,4
NORMA_q_age_set,HDL,6,0.6,0.0,0.0,56.2,3
NORMA_q_age_set,HDL,7,0.66,50.0,15.0,85.0,4
NORMA_q_age_set,HDL,8,0.71,0.0,0.0,56.2,3
NORMA_q_age_set,HDL,9,0.94,25.0,4.6,69.9,4
NORMA_q_age_set,HDL,10,1.16,50.0,15.0,85.0,4
NORMA_q_age_set,HGB,1,0.03,0.0,0.0,56.2,3
NORMA_q_age_set,HGB,2,0.15,33.3,6.1,79.2,3
NORMA_q_age_set,HGB,3,0.27,33.3,6.1,79.2,3
NORMA_q_age_set,HGB,4,0.49,33.3,6.1,79.2,3
NORMA_q_age_set,HGB,5,0.59,33.3,6.1,79.2,3
NORMA_q_age_set,HGB,6,0.82,50.0,9.5,90.5,2
NORMA_q_age_set,HGB,7,1.04,33.3,6.1,79.2,3
NORMA_q_age_set,HGB,8,1.28,33.3,6.1,79.2,3
NORMA_q_age_set,HGB,9,1.37,33.3,6.1,79.2,3
NORMA_q_age_set,HGB,10,2.01,66.7,20.8,93.9,3
NORMA_q_age_set,K,1,0.07,0.0,0.0,49.0,4
NORMA_q_age_set,K,2,0.14,33.3,6.1,79.2,3
NORMA_q_age_set,K,3,0.28,0.0,0.0,56.2,3
NORMA_q_age_set,K,4,0.46,0.0,0.0,56.2,3
NORMA_q_age_set,K,5,0.56,0.0,0.0,56.2,3
NORMA_q_age_set,K,6,0.78,33.3,6.1,79.2,3
NORMA_q_age_set,K,7,0.84,66.7,20.8,93.9,3
NORMA_q_age_set,K,8,0.94,66.7,20.8,93.9,3
NORMA_q_age_set,K,9,1.38,33.3,6.1,79.2,3
NORMA_q_age_set,K,10,1.71,0.0,0.0,56.2,3
NORMA_q_age_set,LDH,1,0.07,40.0,11.8,76.9,5
NORMA_q_age_set,LDH,2,0.15,25.0,4.6,69.9,4
NORMA_q_age_set,LDH,3,0.27,25.0,4.6,69.9,4
NORMA_q_age_set,LDH,4,0.36,25.0,4.6,69.9,4
NORMA_q_age_set,LDH,5,0.49,25.0,4.6,69.9,4
NORMA_q_age_set,LDH,6,0.59,25.0,4.6,69.9,4
NORMA_q_age_set,LDH,7,0.82,0.0,0.0,49.0,4
NORMA_q_age_set,LDH,8,1.12,0.0,0.0,49.0,4
NORMA_q_age_set,LDH,9,1.21,25.0,4.6,69.9,4
NORMA_q_age_set,LDH,10,1.63,0.0,0.0,49.0,4
NORMA_q_age_set,LDL,1,0.07,0.0,0.0,49.0,4
NORMA_q_age_set,LDL,2,0.18,25.0,4.6,69.9,4
NORMA_q_age_set,LDL,3,0.27,0.0,0.0,56.2,3
NORMA_q_age_set,LDL,4,0.45,0.0,0.0,49.0,4
NORMA_q_age_set,LDL,5,0.68,50.0,15.0,85.0,4
NORMA_q_age_set,LDL,6,0.83,66.7,20.8,93.9,3
NORMA_q_age_set,LDL,7,1.1,25.0,4.6,69.9,4
NORMA_q_age_set,LDL,8,1.29,33.3,6.1,79.2,3
NORMA_q_age_set,LDL,9,1.57,0.0,0.0,49.0,4
NORMA_q_age_set,LDL,10,1.86,25.0,4.6,69.9,4
NORMA_q_age_set,MCH,1,0.08,0.0,0.0,49.0,4
NORMA_q_age_set,MCH,2,0.17,33.3,6.1,79.2,3
NORMA_q_age_set,MCH,3,0.48,0.0,0.0,49.0,4
NORMA_q_age_set,MCH,4,0.57,0.0,0.0,56.2,3
NORMA_q_age_set,MCH,5,0.73,25.0,4.6,69.9,4
NORMA_q_age_set,MCH,6,0.79,0.0,0.0,56.2,3
NORMA_q_age_set,MCH,7,0.93,0.0,0.0,56.2,3
NORMA_q_age_set,MCH,8,1.1,25.0,4.6,69.9,4
NORMA_q_age_set,MCH,9,1.22,33.3,6.1,79.2,3
NORMA_q_age_set,MCH,10,1.54,25.0,4.6,69.9,4
NORMA_q_age_set,MCHC,1,0.1,0.0,0.0,43.4,5
NORMA_q_age_set,MCHC,2,0.21,0.0,0.0,49.0,4
NORMA_q_age_set,MCHC,3,0.31,25.0,4.6,69.9,4
NORMA_q_age_set,MCHC,4,0.48,40.0,11.8,76.9,5
NORMA_q_age_set,MCHC,5,0.57,0.0,0.0,49.0,4
NORMA_q_age_set,MCHC,6,0.73,0.0,0.0,49.0,4
NORMA_q_age_set,MCHC,7,0.94,0.0,0.0,43.4,5
NORMA_q_age_set,MCHC,8,1.16,0.0,0.0,49.0,4
NORMA_q_age_set,MCHC,9,1.42,0.0,0.0,49.0,4
NORMA_q_age_set,MCHC,10,2.02,20.0,3.6,62.4,5
NORMA_q_age_set,MCV,1,0.05,0.0,0.0,56.2,3
NORMA_q_age_set,MCV,2,0.21,33.3,6.1,79.2,3
NORMA_q_age_set,MCV,3,0.3,0.0,0.0,56.2,3
NORMA_q_age_set,MCV,4,0.35,50.0,9.5,90.5,2
NORMA_q_age_set,MCV,5,0.37,0.0,0.0,56.2,3
NORMA_q_age_set,MCV,6,0.51,0.0,0.0,56.2,3
NORMA_q_age_set,MCV,7,0.66,50.0,9.5,90.5,2
NORMA_q_age_set,MCV,8,0.75,33.3,6.1,79.2,3
NORMA_q_age_set,MCV,9,0.97,66.7,20.8,93.9,3
NORMA_q_age_set,MCV,10,1.27,33.3,6.1,79.2,3
NORMA_q_age_set,MPV,1,0.31,0.0,0.0,56.2,3
NORMA_q_age_set,MPV,2,0.56,0.0,0.0,56.2,3
NORMA_q_age_set,MPV,3,1.3,0.0,0.0,56.2,3
NORMA_q_age_set,MPV,4,1.77,0.0,0.0,65.8,2
NORMA_q_age_set,MPV,5,2.24,0.0,0.0,56.2,3
NORMA_q_age_set,MPV,6,2.78,0.0,0.0,56.2,3
NORMA_q_age_set,MPV,7,3.28,0.0,0.0,65.8,2
NORMA_q_age_set,MPV,8,3.49,0.0,0.0,56.2,3
NORMA_q_age_set,MPV,9,4.3,33.3,6.1,79.2,3
NORMA_q_age_set,MPV,10,5.62,33.3,6.1,79.2,3
NORMA_q_age_set,NA,1,0.13,0.0,0.0,56.2,3
NORMA_q_age_set,NA,2,0.15,0.0,0.0,65.8,2
NORMA_q_age_set,NA,3,0.2,0.0,0.0,56.2,3
NORMA_q_age_set,NA,4,0.23,0.0,0.0,65.8,2
NORMA_q_age_set,NA,5,0.34,0.0,0.0,56.2,3
NORMA_q_age_set,NA,6,0.56,0.0,0.0,65.8,2
NORMA_q_age_set,NA,7,0.77,0.0,0.0,65.8,2
NORMA_q_age_set,NA,8,1.32,0.0,0.0,56.2,3
NORMA_q_age_set,NA,9,1.45,0.0,0.0,65.8,2
NORMA_q_age_set,NA,10,1.64,0.0,0.0,56.2,3
NORMA_q_age_set,PLT,1,0.08,0.0,0.0,49.0,4
NORMA_q_age_set,PLT,2,0.28,25.0,4.6,69.9,4
NORMA_q_age_set,PLT,3,0.34,0.0,0.0,49.0,4
NORMA_q_age_set,PLT,4,0.39,0.0,0.0,56.2,3
NORMA_q_age_set,PLT,5,0.45,25.0,4.6,69.9,4
NORMA_q_age_set,PLT,6,0.52,25.0,4.6,69.9,4
NORMA_q_age_set,PLT,7,0.59,0.0,0.0,56.2,3
NORMA_q_age_set,PLT,8,0.78,0.0,0.0,49.0,4
NORMA_q_age_set,PLT,9,1.13,25.0,4.6,69.9,4
NORMA_q_age_set,PLT,10,1.42,0.0,0.0,49.0,4
NORMA_q_age_set,PT,1,0.18,33.3,6.1,79.2,3
NORMA_q_age_set,PT,2,0.24,0.0,0.0,56.2,3
NORMA_q_age_set,PT,3,0.41,0.0,0.0,65.8,2
NORMA_q_age_set,PT,4,0.55,0.0,0.0,56.2,3
NORMA_q_age_set,PT,5,0.74,0.0,0.0,56.2,3
NORMA_q_age_set,PT,6,0.96,0.0,0.0,65.8,2
NORMA_q_age_set,PT,7,1.08,0.0,0.0,56.2,3
NORMA_q_age_set,PT,8,1.37,0.0,0.0,65.8,2
NORMA_q_age_set,PT,9,1.43,66.7,20.8,93.9,3
NORMA_q_age_set,PT,10,2.14,66.7,20.8,93.9,3
NORMA_q_age_set,RBC,1,0.13,50.0,18.8,81.2,6
NORMA_q_age_set,RBC,2,0.28,0.0,0.0,43.4,5
NORMA_q_age_set,RBC,3,0.4,20.0,3.6,62.4,5
NORMA_q_age_set,RBC,4,0.54,20.0,3.6,62.4,5
NORMA_q_age_set,RBC,5,0.65,0.0,0.0,43.4,5
NORMA_q_age_set,RBC,6,0.85,0.0,0.0,43.4,5
NORMA_q_age_set,RBC,7,1.1,40.0,11.8,76.9,5
NORMA_q_age_set,RBC,8,1.2,40.0,11.8,76.9,5
NORMA_q_age_set,RBC,9,1.56,40.0,11.8,76.9,5
NORMA_q_age_set,RBC,10,1.97,60.0,23.1,88.2,5
NORMA_q_age_set,RDW,1,0.02,40.0,11.8,76.9,5
NORMA_q_age_set,RDW,2,0.1,25.0,4.6,69.9,4
NORMA_q_age_set,RDW,3,0.28,0.0,0.0,49.0,4
NORMA_q_age_set,RDW,4,0.36,25.0,4.6,69.9,4
NORMA_q_age_set,RDW,5,0.46,20.0,3.6,62.4,5
NORMA_q_age_set,RDW,6,0.61,0.0,0.0,49.0,4
NORMA_q_age_set,RDW,7,0.67,25.0,4.6,69.9,4
NORMA_q_age_set,RDW,8,0.94,50.0,15.0,85.0,4
NORMA_q_age_set,RDW,9,1.24,25.0,4.6,69.9,4
NORMA_q_age_set,RDW,10,1.51,40.0,11.8,76.9,5
NORMA_q_age_set,TBIL,1,0.06,100.0,61.0,100.0,6
NORMA_q_age_set,TBIL,2,0.29,40.0,11.8,76.9,5
NORMA_q_age_set,TBIL,3,0.46,20.0,3.6,62.4,5
NORMA_q_age_set,TBIL,4,0.54,16.7,3.0,56.4,6
NORMA_q_age_set,TBIL,5,0.64,60.0,23.1,88.2,5
NORMA_q_age_set,TBIL,6,0.73,20.0,3.6,62.4,5
NORMA_q_age_set,TBIL,7,0.92,16.7,3.0,56.4,6
NORMA_q_age_set,TBIL,8,1.22,0.0,0.0,43.4,5
NORMA_q_age_set,TBIL,9,1.45,0.0,0.0,43.4,5
NORMA_q_age_set,TBIL,10,2.0,50.0,18.8,81.2,6
NORMA_q_age_set,TC,1,0.17,0.0,0.0,56.2,3
NORMA_q_age_set,TC,2,0.43,50.0,9.5,90.5,2
NORMA_q_age_set,TC,3,0.52,0.0,0.0,65.8,2
NORMA_q_age_set,TC,4,0.94,0.0,0.0,56.2,3
NORMA_q_age_set,TC,5,1.02,0.0,0.0,65.8,2
NORMA_q_age_set,TC,6,1.29,0.0,0.0,65.8,2
NORMA_q_age_set,TC,7,1.49,0.0,0.0,56.2,3
NORMA_q_age_set,TC,8,1.68,0.0,0.0,65.8,2
NORMA_q_age_set,TC,9,1.78,100.0,34.2,100.0,2
NORMA_q_age_set,TC,10,3.3,33.3,6.1,79.2,3
NORMA_q_age_set,TGL,1,0.18,66.7,20.8,93.9,3
NORMA_q_age_set,TGL,2,0.51,33.3,6.1,79.2,3
NORMA_q_age_set,TGL,3,0.59,0.0,0.0,56.2,3
NORMA_q_age_set,TGL,4,1.01,0.0,0.0,65.8,2
NORMA_q_age_set,TGL,5,1.29,0.0,0.0,56.2,3
NORMA_q_age_set,TGL,6,1.43,0.0,0.0,56.2,3
NORMA_q_age_set,TGL,7,1.56,0.0,0.0,65.8,2
NORMA_q_age_set,TGL,8,1.69,0.0,0.0,56.2,3
NORMA_q_age_set,TGL,9,1.89,66.7,20.8,93.9,3
NORMA_q_age_set,TGL,10,2.87,33.3,6.1,79.2,3
NORMA_q_age_set,TP,1,0.08,66.7,20.8,93.9,3
NORMA_q_age_set,TP,2,0.29,50.0,9.5,90.5,2
NORMA_q_age_set,TP,3,0.35,50.0,9.5,90.5,2
NORMA_q_age_set,TP,4,0.4,0.0,0.0,56.2,3
NORMA_q_age_set,TP,5,0.58,100.0,34.2,100.0,2
NORMA_q_age_set,TP,6,0.71,0.0,0.0,65.8,2
NORMA_q_age_set,TP,7,1.09,0.0,0.0,56.2,3
NORMA_q_age_set,TP,8,1.31,100.0,34.2,100.0,2
NORMA_q_age_set,TP,9,1.45,50.0,9.5,90.5,2
NORMA_q_age_set,TP,10,1.77,0.0,0.0,56.2,3
NORMA_q_age_set,WBC,1,0.08,0.0,0.0,39.0,6
NORMA_q_age_set,WBC,2,0.24,16.7,3.0,56.4,6
NORMA_q_age_set,WBC,3,0.31,16.7,3.0,56.4,6
NORMA_q_age_set,WBC,4,0.4,16.7,3.0,56.4,6
NORMA_q_age_set,WBC,5,0.47,33.3,9.7,70.0,6
NORMA_q_age_set,WBC,6,0.54,40.0,11.8,76.9,5
NORMA_q_age_set,WBC,7,0.63,16.7,3.0,56.4,6
NORMA_q_age_set,WBC,8,0.71,16.7,3.0,56.4,6
NORMA_q_age_set,WBC,9,1.13,16.7,3.0,56.4,6
NORMA_q_age_set,WBC,10,1.54,50.0,18.8,81.2,6
