dataset,target_state,analyte,method,n,mae,mape,rmse,r2,bias,n_analytes,n_targets
ehrshot,normal,A1C,NORMA_normal,30.0,0.1395096143086751,2.774534441793709,0.1983856089302715,0.6555701590084484,0.0112997563680012,,
ehrshot,normal,A1C,NORMA_marginal,30.0,0.1787002746716452,3.502196653257552,0.2504547371845024,0.4510422224781956,0.1178787901259759,,
ehrshot,normal,A1C,NORMA_marginal_freq,30.0,0.3977029037879266,7.896495988895519,0.4744165442698242,-0.9697000362624452,0.3977029037879266,,
ehrshot,normal,A1C,NORMA_oracle,30.0,0.1395096143086751,2.774534441793709,0.1983856089302715,0.6555701590084484,0.0112997563680012,,
ehrshot,normal,A1C,Mean,30.0,0.5062520883248467,9.844640319088274,0.8215304574897226,-4.906466971265517,0.4202520826557828,,
ehrshot,normal,A1C,Last,30.0,0.1866667207082112,3.631065978305666,0.2516611592109388,0.4457409067497651,0.0733333619435628,,
ehrshot,normal,A1C,ARIMA,30.0,0.3242488803179584,6.158293395484917,0.4855486225633374,-1.0632216879214202,0.1375131524289331,,
ehrshot,normal,A1C,PopRI,30.0,0.4466666666666669,8.441147502177007,0.5085928299402841,-1.263710618436407,-0.3800000000000001,,
ehrshot,normal,A1C,PerRI,30.0,0.4854387462237534,9.347351373894687,0.8699371498251673,-5.623021977648213,0.3930895398745433,,
ehrshot,normal,A1C,Gaussian_mle,30.0,0.2647672735760972,5.06836196627001,0.3660414629897171,-0.1725760148277633,-0.1049152661064425,,
ehrshot,normal,A1C,Gaussian_trunc,30.0,0.4910514879367449,9.500112147667354,1.0108982381712,-7.943248960947807,0.0337982597115846,,
ehrshot,normal,A1C,Gaussian_eb,30.0,0.1957540507465799,3.843907140933113,0.2723405200984068,0.3509099280559739,0.0092965979963018,,
ehrshot,normal,A1C,Cohen_m2,30.0,0.3977797031402588,7.817842546308413,0.5179672051061911,-1.347929045205826,0.295395154953003,,
ehrshot,normal,A1C,Cohen_m3,30.0,0.475395148595174,9.58168617134924,0.6057200164233133,-2.21088160702327,0.4445142777760822,,
ehrshot,normal,A1C,Cohen_m4,30.0,0.3006016508738199,6.0336945331174165,0.3892675016818716,-0.3261014107261897,0.2392605177561442,,
ehrshot,all_states,A1C,NORMA_normal,107.0,0.9176694468917134,12.443318620576868,1.3392119877126047,-0.1286493287699681,-0.8592113806822591,,
ehrshot,all_states,A1C,NORMA_marginal,107.0,0.3775990249356223,5.3592934762292845,0.6541742347018757,0.7306932484860877,-0.1485229181029445,,
ehrshot,all_states,A1C,NORMA_marginal_freq,107.0,0.5879637316555271,8.451362185642623,0.8589598213413137,0.5356921023938472,-0.3000856692838311,,
ehrshot,all_states,A1C,NORMA_oracle,107.0,0.3509285695084901,4.939641989878958,0.6241322304217432,0.7548603329722765,-0.0764105725511212,,
ehrshot,all_states,A1C,Mean,107.0,0.5857274904820576,8.767683920779497,0.9045993886915816,0.4850406462174425,0.0003065155529701,,
ehrshot,all_states,A1C,Last,107.0,0.3859813467364444,5.50984148671414,0.663536263873561,0.7229298770129298,-0.0028037249484909,,
ehrshot,all_states,A1C,ARIMA,107.0,0.5086853913876702,7.345933578137012,0.8491017271670549,0.5462884659420215,0.01092446403719,,
ehrshot,all_states,A1C,PopRI,107.0,1.721495327102804,24.014154561541208,2.118631192737689,-1.8246919714705343,-1.7028037383177572,,
ehrshot,all_states,A1C,PerRI,107.0,0.6101398640923504,9.007781387169825,0.977974822900571,0.398111951048004,-0.0232461064599953,,
ehrshot,all_states,A1C,Gaussian_mle,107.0,1.5584821562439763,21.33783825587151,2.027727521795835,-1.587495259549772,-1.513663836392671,,
ehrshot,all_states,A1C,Gaussian_trunc,107.0,1.7945991342936127,25.37397506300549,2.291970547558333,-2.30581416582346,-1.1143133233283518,,
ehrshot,all_states,A1C,Gaussian_eb,107.0,1.4844465126152726,20.17622321148864,1.976337470220682,-1.4580039738469357,-1.4269556765191376,,
ehrshot,all_states,A1C,Cohen_m2,107.0,0.950841278004869,12.96407447946241,1.3501084816401785,-0.1470905513590064,-0.728139501197316,,
ehrshot,all_states,A1C,Cohen_m3,107.0,0.9488353666858138,13.087749796112046,1.3488728436027762,-0.1449918457661627,-0.6662971487669186,,
ehrshot,all_states,A1C,Cohen_m4,107.0,0.9993172048408294,13.48730097632088,1.4237972141137498,-0.2757237739159111,-0.8417326383501571,,
ehrshot,normal,ALB,NORMA_normal,260.0,0.1982277140250573,4.913419897320288,0.2556392507153966,0.5409563989142712,0.0127023150370671,,
ehrshot,normal,ALB,NORMA_marginal,260.0,0.2258511674095221,5.568130937835483,0.2993633452499717,0.3704994521568935,-0.090706261861584,,
ehrshot,normal,ALB,NORMA_marginal_freq,260.0,0.2359184686090171,5.632562373981463,0.3038517571658993,0.3514814987594494,-0.1633726209579295,,
ehrshot,normal,ALB,NORMA_oracle,260.0,0.1982277140250573,4.913419897320288,0.2556392507153966,0.5409563989142712,0.0127023150370671,,
ehrshot,normal,ALB,Mean,260.0,0.3691351365758069,9.042726086131104,0.485155513690785,-0.6533348066146134,-0.2671903422071305,,
ehrshot,normal,ALB,Last,260.0,0.2588461665006784,6.421060874171884,0.3542597928173148,0.118458840357336,-0.0649999990830054,,
ehrshot,normal,ALB,ARIMA,260.0,0.3185938686864058,7.901546007251984,0.4930599434687146,-0.7076478242038267,-0.0869471902325934,,
ehrshot,normal,ALB,PopRI,260.0,0.5059615384615385,13.229097245141825,0.5897603815892585,-1.4431495680902429,0.4532692307692307,,
ehrshot,normal,ALB,PerRI,260.0,0.368107187993861,9.075574275562785,0.5060261008337719,-0.7986418849893218,-0.2487559854253149,,
ehrshot,normal,ALB,Gaussian_mle,260.0,0.239969260762463,5.920515020299449,0.31160208822053,0.3179761140235002,-0.0236264950344721,,
ehrshot,normal,ALB,Gaussian_trunc,260.0,1.0051788988753323,25.816578635925875,2.048795264582555,-28.48465084660869,-0.8474362619328892,,
ehrshot,normal,ALB,Gaussian_eb,260.0,0.2309429426225217,5.638112233572986,0.2938961391554234,0.3932823520301702,-0.050858606483898,,
ehrshot,normal,ALB,Cohen_m2,260.0,0.3593876875363863,8.773680889642629,0.4608481719373483,-0.4918137446117476,-0.2451733860602745,,
ehrshot,normal,ALB,Cohen_m3,260.0,0.2665927542172945,6.414630144275285,0.3524082240063103,0.1276496581971937,-0.1336342826256384,,
ehrshot,normal,ALB,Cohen_m4,260.0,0.2326070968921367,5.674048339368048,0.2968468123294868,0.3810384873028944,-0.0521520115778995,,
ehrshot,all_states,ALB,NORMA_normal,525.0,0.5434505939483643,22.38542172644518,0.7638862725360568,0.178772413516612,0.4512685153597877,,
ehrshot,all_states,ALB,NORMA_marginal,525.0,0.2316026655456147,7.433543568832084,0.3080322484096592,0.866463960872767,0.0192109703883346,,
ehrshot,all_states,ALB,NORMA_marginal_freq,525.0,0.48032993964961,19.28517176952548,0.6596533501777447,0.3875965010636008,0.2818590045606488,,
ehrshot,all_states,ALB,NORMA_oracle,525.0,0.1933415834790184,6.196528517226961,0.252194629411082,0.9104887161506142,0.0048852618535359,,
ehrshot,all_states,ALB,Mean,525.0,0.3954157114137597,13.51174297331436,0.5144864775758436,0.6274761801319155,0.0051226802556595,,
ehrshot,all_states,ALB,Last,525.0,0.2483809631892612,7.754419482503676,0.3421500678477868,0.8352447056429955,-0.0026666677565801,,
ehrshot,all_states,ALB,ARIMA,525.0,0.2951954552180054,9.136660264780348,0.4474733704657735,0.7182003114110784,-0.0156204379219787,,
ehrshot,all_states,ALB,PopRI,525.0,1.180857142857143,46.48596695976511,1.4296936068696011,-1.8766834103500225,1.1547619047619049,,
ehrshot,all_states,ALB,PerRI,525.0,0.4090310726728793,14.072079219626229,0.550700612928084,0.5731873937297318,0.0210591850549845,,
ehrshot,all_states,ALB,Gaussian_mle,525.0,0.8171016812224478,34.2815207465678,1.144333638936465,-0.8429410676998808,0.6865590212087275,,
ehrshot,all_states,ALB,Gaussian_trunc,525.0,1.41148547242655,50.90789487375132,2.1503157002113027,-5.507445959380102,-0.203705627316376,,
ehrshot,all_states,ALB,Gaussian_eb,525.0,0.7934481193770883,33.156247562302326,1.1038530784230012,-0.7148599781270772,0.6538892569624803,,
ehrshot,all_states,ALB,Cohen_m2,525.0,0.5659551551455544,22.607147324263146,0.7463145319026886,0.2161194030567989,0.2638877332778204,,
ehrshot,all_states,ALB,Cohen_m3,525.0,0.6470176946549189,26.45844759225756,0.8589752134608654,-0.0384064631692198,0.4488100192660377,,
ehrshot,all_states,ALB,Cohen_m4,525.0,0.669569946743193,27.65169080291488,0.8941587156931499,-0.1252145692475563,0.5285463882627941,,
ehrshot,normal,ALP,NORMA_normal,337.0,9.600165766141536,12.885415031161346,12.755806898846366,0.6560988599530472,0.0648907285062071,,
ehrshot,normal,ALP,NORMA_marginal,337.0,10.802517954339928,14.47583761918052,14.986446308079868,0.5253045517218013,3.030669728322976,,
ehrshot,normal,ALP,NORMA_marginal_freq,337.0,10.836923842272258,15.598268821556946,13.859629205871403,0.5940047371360415,5.329401282992571,,
ehrshot,normal,ALP,NORMA_oracle,337.0,9.600165766141536,12.885415031161346,12.755806898846366,0.6560988599530472,0.0648907285062071,,
ehrshot,normal,ALP,Mean,337.0,16.66102950646559,22.802787421435458,23.115180749031904,-0.1293078077254823,5.864704645591488,,
ehrshot,normal,ALP,Last,337.0,11.253709198813056,14.872068446698508,15.988149357611894,0.4597259148547488,1.728486646884273,,
ehrshot,normal,ALP,ARIMA,337.0,13.213590230249329,17.55735295041732,21.70307276549873,0.0044566029372662,3.0308452563844166,,
ehrshot,normal,ALP,PopRI,337.0,18.77151335311573,25.5281671292335,22.154836836506504,-0.0374205704042496,-4.207715133531157,,
ehrshot,normal,ALP,PerRI,337.0,17.258456255491986,22.68770459353574,25.18494451808641,-0.340601620875969,2.663423350493974,,
ehrshot,normal,ALP,Gaussian_mle,337.0,14.033000749467448,18.75464583113142,18.035961866129696,0.3124625484607795,-0.8773904270633739,,
ehrshot,normal,ALP,Gaussian_trunc,337.0,23.76024939168707,34.62624442124645,55.453579893974336,-5.49945467030586,4.215867810848688,,
ehrshot,normal,ALP,Gaussian_eb,337.0,13.9998603325973,18.866020838393386,17.897788881624145,0.3229566057946633,-0.6480702754771496,,
ehrshot,normal,ALP,Cohen_m2,337.0,15.509065509196205,21.83907239208076,19.95884583908178,0.1580455616241326,2.684922351327778,,
ehrshot,normal,ALP,Cohen_m3,337.0,19.20315866442038,29.148438303869124,24.557632030480484,-0.2746493197356445,12.665105327300571,,
ehrshot,normal,ALP,Cohen_m4,337.0,17.563867201083493,25.21389869258402,22.37651276190362,-0.058284789313483,11.133596380669568,,
ehrshot,all_states,ALP,NORMA_normal,487.0,27.357953261545795,19.013453532672774,50.341817181218445,0.2887495321598761,-20.57931495838831,,
ehrshot,all_states,ALP,NORMA_marginal,487.0,16.89957133334173,15.021943441842016,28.902656383111072,0.7655553599859136,-3.684378805080141,,
ehrshot,all_states,ALP,NORMA_marginal_freq,487.0,26.64854520808944,20.02608662116221,48.07755070475614,0.3512916951174806,-15.350859014340434,,
ehrshot,all_states,ALP,NORMA_oracle,487.0,13.868152716321378,12.555849018447368,23.93716260919657,0.8391910823611705,-1.1564738255996234,,
ehrshot,all_states,ALP,Mean,487.0,27.69248500491353,23.977962775289487,44.12654482505648,0.4535321273256959,-9.039471341150223,,
ehrshot,all_states,ALP,Last,487.0,17.072895277207394,15.263288211022452,29.057482151656565,0.7630368861227609,-2.606776180698152,,
ehrshot,all_states,ALP,ARIMA,487.0,20.469513587091,18.1228042684619,41.207045151608426,0.5234508098827482,-2.9747413439487165,,
ehrshot,all_states,ALP,PopRI,487.0,45.48254620123203,34.90181591560782,69.29539779853705,-0.3476390076129876,-35.19507186858316,,
ehrshot,all_states,ALP,PerRI,487.0,30.685415364142344,25.115997007573903,51.05939331417037,0.2683285834935189,-13.889443030944426,,
ehrshot,all_states,ALP,Gaussian_mle,487.0,38.0438960860892,27.31904052823989,63.51609047555576,-0.1322238686307995,-28.86152899846408,,
ehrshot,all_states,ALP,Gaussian_trunc,487.0,47.12916221717049,40.01236995673242,83.05382443878109,-0.93590508144359,-20.40759633350141,,
ehrshot,all_states,ALP,Gaussian_eb,487.0,37.98703794797878,27.38262582791852,63.36816161110556,-0.126956115227895,-28.667625717236824,,
ehrshot,all_states,ALP,Cohen_m2,487.0,38.51731372809753,29.2812416653073,62.11569438369969,-0.0828479477236106,-25.83514278968012,,
ehrshot,all_states,ALP,Cohen_m3,487.0,36.4962860123088,31.75552802898175,56.453507419349314,0.1055694019412883,-14.27662986896366,,
ehrshot,all_states,ALP,Cohen_m4,487.0,29.44795653168915,25.85659407083275,46.67230176854898,0.3886594147996777,-8.225020954985883,,
ehrshot,normal,ALT,NORMA_normal,359.0,4.805447251683822,19.952026808958216,6.5843584560902375,0.3047327088962075,-1.5320405933518264,,
ehrshot,normal,ALT,NORMA_marginal,359.0,5.235443154487708,21.99769977797706,7.211266962518888,0.1660346372967537,-0.4070796835464031,,
ehrshot,normal,ALT,NORMA_marginal_freq,359.0,4.71632318952024,20.224016796669453,6.403224232899335,0.3424598333620136,-0.760320639946457,,
ehrshot,normal,ALT,NORMA_oracle,359.0,4.805447251683822,19.952026808958216,6.5843584560902375,0.3047327088962075,-1.5320405933518264,,
ehrshot,normal,ALT,Mean,359.0,10.009379468526706,47.99479608864385,13.438446890780938,-1.8961631600787607,7.026709693834381,,
ehrshot,normal,ALT,Last,359.0,6.281337047353761,26.117953318301986,9.539392014169456,-0.4593728371969401,1.3286908077994428,,
ehrshot,normal,ALT,ARIMA,359.0,8.37161048861317,36.18056640605204,14.18544206187623,-2.227086561908946,3.93053045566384,,
ehrshot,normal,ALT,PopRI,359.0,6.610027855153203,33.298839374151264,7.917576793699102,-0.0053318344949995,0.5766016713091922,,
ehrshot,normal,ALT,PerRI,359.0,8.77833359454914,40.42111321911751,12.212856732127154,-1.3919901736032596,3.904170728578503,,
ehrshot,normal,ALT,Gaussian_mle,359.0,5.973888345068,27.829929972994734,7.4336996822778065,0.1137935839266084,0.4023790786707994,,
ehrshot,normal,ALT,Gaussian_trunc,359.0,19.76303846683959,100.78027963884912,37.91151798152963,-22.04980280342229,-4.911411825738818,,
ehrshot,normal,ALT,Gaussian_eb,359.0,5.886121162068803,27.944882534668103,7.241464268779878,0.1590355244395271,0.5468703516320191,,
ehrshot,normal,ALT,Cohen_m2,359.0,8.604735273504655,40.59106207909709,11.453605349746624,-1.1038234707871633,4.099508893855103,,
ehrshot,normal,ALT,Cohen_m3,359.0,11.711205649840798,59.73560858276426,14.499071588560126,-2.371360969493232,9.73456157482434,,
ehrshot,normal,ALT,Cohen_m4,359.0,9.72270827439502,46.54628939572202,12.951946854731204,-1.6902644560707325,5.908534482993123,,
ehrshot,all_states,ALT,NORMA_normal,497.0,12.11641428887964,26.740944984037785,22.303330300484465,0.1074251354607506,-9.547084438009282,,
ehrshot,all_states,ALT,NORMA_marginal,497.0,9.414138968236331,23.932548180726272,17.46138451902256,0.452905217999955,-5.4266541161157615,,
ehrshot,all_states,ALT,NORMA_marginal_freq,497.0,11.84658416414504,26.697172342712783,21.91241729078268,0.1384394592761064,-8.766394049961518,,
ehrshot,all_states,ALT,NORMA_oracle,497.0,7.707422990434367,20.313324366787548,14.013232611947492,0.6476438283733184,-1.9395618582635337,,
ehrshot,all_states,ALT,Mean,497.0,13.471413978866035,44.88561247103445,19.82444134494281,0.2948083912918043,0.9023573936406554,,
ehrshot,all_states,ALT,Last,497.0,9.7364185110664,26.1534765743301,17.523367554861615,0.44901425711856,-1.4869215291750504,,
ehrshot,all_states,ALT,ARIMA,497.0,12.290078286780624,35.49395258435424,22.483508283502825,0.0929455093107581,-0.0391709519513631,,
ehrshot,all_states,ALT,PopRI,497.0,15.907444668008049,43.07656982268633,25.699626941839025,-0.1851105347762263,-10.156941649899396,,
ehrshot,all_states,ALT,PerRI,497.0,13.672110940019142,40.56966471838829,21.232191508619177,0.1910999430705787,-2.59122629769524,,
ehrshot,all_states,ALT,Gaussian_mle,497.0,14.31672531808812,35.4362413971882,24.17587870779424,-0.0487446459738558,-9.445651143497876,,
ehrshot,all_states,ALT,Gaussian_trunc,497.0,27.236602926348933,100.55503229863412,45.00524346588241,-2.6343893516978043,-11.647196867263231,,
ehrshot,all_states,ALT,Gaussian_eb,497.0,14.359659332315925,36.07998590386172,24.23020392183466,-0.0534631747112468,-9.384385393527756,,
ehrshot,all_states,ALT,Cohen_m2,497.0,13.577982731748154,40.86794078966166,21.250944318656376,0.1896704299664675,-3.877080667906364,,
ehrshot,all_states,ALT,Cohen_m3,497.0,15.163016729911329,54.58551968259995,21.692608604367965,0.1556378028279422,0.9725575993958134,,
ehrshot,all_states,ALT,Cohen_m4,497.0,13.975859592138402,45.214295966027706,20.90800332197939,0.2156130830291857,-1.7630915862453775,,
ehrshot,normal,AST,NORMA_normal,403.0,4.507719929697496,19.322730506352627,5.894472286512018,0.3598742545600216,-1.2700474694112394,,
ehrshot,normal,AST,NORMA_marginal,403.0,5.1148484698794725,22.144342432920823,7.098259435055134,0.0717196207213191,0.0611498796280164,,
ehrshot,normal,AST,NORMA_marginal_freq,403.0,4.49064759976813,20.132393974376527,5.76755895693847,0.3871424798103116,-0.1188092696562692,,
ehrshot,normal,AST,NORMA_oracle,403.0,4.507719929697496,19.322730506352627,5.894472286512018,0.3598742545600216,-1.2700474694112394,,
ehrshot,normal,AST,Mean,403.0,8.569371231054852,39.30237829391387,11.380525514034453,-1.386162783426795,5.2448474075564055,,
ehrshot,normal,AST,Last,403.0,6.676178660049628,29.086875350254264,10.864636329884457,-1.1747323856537033,1.847394540942928,,
ehrshot,normal,AST,ARIMA,403.0,7.862665592706627,35.53440842755612,12.549137498791085,-1.9013704927103945,2.7240156666425426,,
ehrshot,normal,AST,PopRI,403.0,6.189826302729529,30.96681855520489,7.437789967656903,-0.0192090117008019,1.021091811414392,,
ehrshot,normal,AST,PerRI,403.0,6.923321805085595,30.054692620727824,9.959126703064973,-0.8273340614795868,2.024931969197436,,
ehrshot,normal,AST,Gaussian_mle,403.0,5.241067236948023,23.86665609436131,6.651496603479532,0.1848938281222757,-0.1905851331905272,,
ehrshot,normal,AST,Gaussian_trunc,403.0,13.983928655751992,68.54879735511612,29.59041795483975,-15.131607002844692,-4.229208297280803,,
ehrshot,normal,AST,Gaussian_eb,403.0,5.1163997675487645,23.511561795440727,6.482247151294641,0.2258473489617685,-0.2370376460141564,,
ehrshot,normal,AST,Cohen_m2,403.0,5.801968882160802,27.787271877973552,7.253666144490962,0.0306278011207864,0.6586249637840403,,
ehrshot,normal,AST,Cohen_m3,403.0,6.5031606376023205,34.00396736230832,8.316463938764953,-0.2742447463272803,2.375764326185505,,
ehrshot,normal,AST,Cohen_m4,403.0,7.505654555100661,39.4048530722989,9.530632531051737,-0.6734736718802599,5.026152002604369,,
ehrshot,all_states,AST,NORMA_normal,496.0,9.169949881492125,24.183141527536858,15.98300773512924,0.1759547366839238,-6.497872533336762,,
ehrshot,all_states,AST,NORMA_marginal,496.0,7.91407312739186,23.780333860593323,13.419606453703125,0.4190836396325645,-3.3970422612804474,,
ehrshot,all_states,AST,NORMA_marginal_freq,496.0,8.929402062306387,24.4638355343738,15.50042294989322,0.2249653033649604,-5.32388323339246,,
ehrshot,all_states,AST,NORMA_oracle,496.0,6.384289703061504,20.14803356617943,9.98882132182285,0.6781433124633807,-1.1694445763864825,,
ehrshot,all_states,AST,Mean,496.0,11.279903281343138,38.94218430713856,16.09674610360127,0.1641848557523227,0.6094970110606839,,
ehrshot,all_states,AST,Last,496.0,9.015120967741936,29.36454750396639,15.031636664264196,0.2711358533219669,-0.2590725806451613,,
ehrshot,all_states,AST,ARIMA,496.0,10.726930658934783,36.16309567635204,19.496690492498097,-0.2261845588716498,0.6404191581072985,,
ehrshot,all_states,AST,PopRI,496.0,11.763104838709678,35.89936066105231,18.55007662361359,-0.1100063514456799,-5.839717741935484,,
ehrshot,all_states,AST,PerRI,496.0,10.89938834580523,32.769079601780675,17.207322483640343,0.0448740515762466,-2.969038710504505,,
ehrshot,all_states,AST,Gaussian_mle,496.0,10.781753580866962,29.69044737800498,17.850408249392718,-0.027851453486468,-6.649675043607007,,
ehrshot,all_states,AST,Gaussian_trunc,496.0,19.45486471025768,70.78982921635829,34.854199036825214,-2.9187202574109783,-9.85490716664399,,
ehrshot,all_states,AST,Gaussian_eb,496.0,10.70901651774352,29.45106227818861,17.86257895859387,-0.0292535441975878,-6.712569555068576,,
ehrshot,all_states,AST,Cohen_m2,496.0,11.100671195214794,32.84795719581784,17.79711885498485,-0.0217236583042541,-5.763714032788431,,
ehrshot,all_states,AST,Cohen_m3,496.0,11.60390600465959,37.69779555548088,18.073820024607823,-0.0537411854920544,-4.322117893926559,,
ehrshot,all_states,AST,Cohen_m4,496.0,11.39892545438582,40.26583057467317,16.895058393859983,0.079225162918297,-1.1502038855706491,,
ehrshot,normal,BUN,NORMA_normal,404.0,1.9676225043759488,15.108612257704811,2.515286619772376,0.504486784336271,-0.1251836649262079,,
ehrshot,normal,BUN,NORMA_marginal,404.0,2.407299617772164,18.17071313208701,3.2169483566412023,0.189471185429688,0.4861183413015664,,
ehrshot,normal,BUN,NORMA_marginal_freq,404.0,2.193609419620878,18.20230041795806,2.767484612948593,0.400138884791519,1.1188112292846557,,
ehrshot,normal,BUN,NORMA_oracle,404.0,1.9676225043759488,15.108612257704811,2.515286619772376,0.504486784336271,-0.1251836649262079,,
ehrshot,normal,BUN,Mean,404.0,3.546830326736047,27.550494208883592,5.107762250778759,-1.043344668479247,1.098888605995832,,
ehrshot,normal,BUN,Last,404.0,2.882425742574257,21.36282309570901,4.077604251965063,-0.3022381904738256,0.3329207920792079,,
ehrshot,normal,BUN,ARIMA,404.0,3.459338217487387,25.75269411844303,6.715700583985796,-2.5323435113143384,0.4644665935685307,,
ehrshot,normal,BUN,PopRI,404.0,3.073019801980198,24.66260456421922,3.57322620954152,-2.999145723547869e-06,-0.0061881188118811,,
ehrshot,normal,BUN,PerRI,404.0,3.442370901702369,26.49105285455948,4.995845035962959,-0.9547814008403273,0.6515374868761488,,
ehrshot,normal,BUN,Gaussian_mle,404.0,2.559019788648748,19.99314277762271,3.190639781914786,0.202674172265007,-0.1993138569454779,,
ehrshot,normal,BUN,Gaussian_trunc,404.0,14.095239423039231,110.16913270069313,22.15228461327304,-37.43415400128139,-0.8775932846007429,,
ehrshot,normal,BUN,Gaussian_eb,404.0,2.5362427498152447,19.965222311534387,3.131098924646041,0.2321544727242965,-0.1560426904710681,,
ehrshot,normal,BUN,Cohen_m2,404.0,2.9861652497017737,23.72573405959018,3.836930392823289,-0.1530499516563097,0.3616580585441967,,
ehrshot,normal,BUN,Cohen_m3,404.0,2.787429179295455,23.24902278241206,3.5201402143733898,0.029489572211607,0.868239952786134,,
ehrshot,normal,BUN,Cohen_m4,404.0,2.7499804425947736,23.11879591725493,3.464587437306705,0.0598799103034204,1.2513145810306665,,
ehrshot,all_states,BUN,NORMA_normal,685.0,6.719992465694455,26.724868375100822,12.786449945987018,0.0804786845885269,-5.055613675778799,,
ehrshot,all_states,BUN,NORMA_marginal,685.0,3.555269389332717,20.00906820216909,5.942814570001875,0.8013693818279547,-0.2860661700824924,,
ehrshot,all_states,BUN,NORMA_marginal_freq,685.0,6.483021767374956,28.76161700603124,12.037617197670606,0.1850276167711988,-3.749084246616311,,
ehrshot,all_states,BUN,NORMA_oracle,685.0,2.895296664829672,15.466529312917933,5.29431258322496,0.8423547123147236,0.1206277861212291,,
ehrshot,all_states,BUN,Mean,685.0,5.756587281711596,32.55314430076093,8.791824233622647,0.5652697814898362,-0.7845503587033575,,
ehrshot,all_states,BUN,Last,685.0,3.754014598540146,21.09315648770162,6.088190075396841,0.7915325563270019,-0.0620437956204379,,
ehrshot,all_states,BUN,ARIMA,685.0,4.395993135011902,25.695797327412944,7.631541455033462,0.6724433878326724,0.0922456861237205,,
ehrshot,all_states,BUN,PopRI,685.0,9.197810218978102,43.53455437546147,14.682192898922418,-0.2123937437381213,-6.145255474452555,,
ehrshot,all_states,BUN,PerRI,685.0,6.029973423956365,32.42443047274472,9.532134431462424,0.4889749934859143,-1.4552753991716358,,
ehrshot,all_states,BUN,Gaussian_mle,685.0,8.251378773856164,36.37631530057728,13.994794698880549,-0.1015263714119871,-5.90214935280335,,
ehrshot,all_states,BUN,Gaussian_trunc,685.0,16.538959883140034,106.16402676444596,23.48734963014895,-2.102629094372164,-5.520931768995412,,
ehrshot,all_states,BUN,Gaussian_eb,685.0,8.329419100709277,37.00433186139549,14.063684413130328,-0.1123976429969253,-5.925407197846826,,
ehrshot,all_states,BUN,Cohen_m2,685.0,7.764173975478124,35.30815302678743,13.03202323895668,0.0448193261630796,-4.984512640960025,,
ehrshot,all_states,BUN,Cohen_m3,685.0,8.032361755927983,38.04357967208562,13.365870534869687,-0.0047461148971073,-4.821692362318944,,
ehrshot,all_states,BUN,Cohen_m4,685.0,7.649739017625794,36.977348022258624,12.91024987087724,0.0625866566471963,-4.206578148890586,,
ehrshot,normal,CA,NORMA_normal,459.0,0.2530217268368258,2.7652848633133744,0.3208236747750096,0.3884427846302468,0.0430149049281035,,
ehrshot,normal,CA,NORMA_marginal,459.0,0.2905567966941322,3.167194807122073,0.3767661227533926,0.1565720897905741,-0.0644320870277396,,
ehrshot,normal,CA,NORMA_marginal_freq,459.0,0.2554152098418059,2.7514584659867043,0.3298430540489148,0.353573781908982,-0.0957610898396071,,
ehrshot,normal,CA,NORMA_oracle,459.0,0.2530217268368258,2.7652848633133744,0.3208236747750096,0.3884427846302468,0.0430149049281035,,
ehrshot,normal,CA,Mean,459.0,0.3906371445503011,4.211803740800012,0.5102102750125963,-0.5466878627984377,-0.254459928592295,,
ehrshot,normal,CA,Last,459.0,0.3649237711704894,3.987876888471784,0.4870099072259191,-0.4092234739671316,-0.0723311569695898,,
ehrshot,normal,CA,ARIMA,459.0,0.3973269019753624,4.3381139640004935,0.6061806636378807,-1.1832749614285638,-0.1235124868076482,,
ehrshot,normal,CA,PopRI,459.0,0.4204793028322434,4.674231203030088,0.4850712500726652,-0.398026315789469,0.2588235294117633,,
ehrshot,normal,CA,PerRI,459.0,0.3932479155559072,4.25713030183878,0.5188503343986204,-0.5995155938961116,-0.2432339919463294,,
ehrshot,normal,CA,Gaussian_mle,459.0,0.2971366068188752,3.241202325798103,0.3659112315511537,0.2044714743121608,0.013005798263177,,
ehrshot,normal,CA,Gaussian_trunc,459.0,1.3415233743122308,14.75802308806117,2.304659452683006,-30.558605072596368,-0.9604289010428154,,
ehrshot,normal,CA,Gaussian_eb,459.0,0.2934897341420787,3.1962737232574234,0.3598966570214166,0.2304091389911544,0.0071466778247058,,
ehrshot,normal,CA,Cohen_m2,459.0,0.3326862846324647,3.5781325370073835,0.4406644535289918,-0.1537728498058683,-0.1489719602796766,,
ehrshot,normal,CA,Cohen_m3,459.0,0.3093487654376393,3.3653063086516366,0.3860789501570169,0.1143614265418276,0.0032468438408213,,
ehrshot,normal,CA,Cohen_m4,459.0,0.3007655839774603,3.276037779627597,0.3696383702005845,0.1881825730799073,0.0173645127572784,,
ehrshot,all_states,CA,NORMA_normal,701.0,0.4116051163721017,4.892091268483863,0.5525401065396427,0.3315684108054114,0.2443199410758243,,
ehrshot,all_states,CA,NORMA_marginal,701.0,0.3158382335630784,3.613684522545328,0.4253686259256116,0.603849452613419,0.0356635629519122,,
ehrshot,all_states,CA,NORMA_marginal_freq,701.0,0.3788710213389732,4.446878779244358,0.5092796869880493,0.4321389770978883,0.1129119957962969,,
ehrshot,all_states,CA,NORMA_oracle,701.0,0.2407031947637931,2.7404222098423845,0.3080203635992858,0.7922752666878536,0.0248380674615226,,
ehrshot,all_states,CA,Mean,701.0,0.4171115465181261,4.7228973583834,0.553176381277471,0.3300280664623033,-0.0840920961918135,,
ehrshot,all_states,CA,Last,701.0,0.3619115750561767,4.11406046146274,0.4933870769308631,0.4670273888038639,-0.024821673786419,,
ehrshot,all_states,CA,ARIMA,701.0,0.3955890879180548,4.50325077061017,0.595826147026328,0.2227361540963341,-0.0519707561832803,,
ehrshot,all_states,CA,PopRI,701.0,0.7258202567760335,8.667076632047465,0.8900464012010898,-0.734421501161181,0.5791726105563466,,
ehrshot,all_states,CA,PerRI,701.0,0.4263518017596253,4.841832463912767,0.570452796171592,0.2875263974463097,-0.0846673630371742,,
ehrshot,all_states,CA,Gaussian_mle,701.0,0.5375392226642252,6.402966157811915,0.70949416670356,-0.1021152454478009,0.3124689917614131,,
ehrshot,all_states,CA,Gaussian_trunc,701.0,1.5047203592783245,17.359485051019156,2.3435124010546984,-11.024412425299346,-0.7091095597634174,,
ehrshot,all_states,CA,Gaussian_eb,701.0,0.5305014723156848,6.310092435119556,0.6923143830992151,-0.0493879196709106,0.3016273122153169,,
ehrshot,all_states,CA,Cohen_m2,701.0,0.4543364847267575,5.282955278239968,0.5958497049445388,0.2226746895896545,0.0935799978258946,,
ehrshot,all_states,CA,Cohen_m3,701.0,0.5298867254216387,6.274807463336781,0.6826053383494398,-0.020160989907445,0.2844244248176606,,
ehrshot,all_states,CA,Cohen_m4,701.0,0.5104474509833712,6.051404232371981,0.655917966918594,0.058048794548747,0.2840764411675947,,
ehrshot,normal,CL,NORMA_normal,506.0,1.560070882201666,1.5233000326383834,1.9807727255509413,0.3019266090064991,-0.0740451586576318,,
ehrshot,normal,CL,NORMA_marginal,506.0,1.7464516831476218,1.7065376391459046,2.2292670808626176,0.115788833502071,0.1404373446253587,,
ehrshot,normal,CL,NORMA_marginal_freq,506.0,1.5597017459848097,1.5233084037064246,1.979270011899799,0.3029853942844943,-0.0498580398881383,,
ehrshot,normal,CL,NORMA_oracle,506.0,1.560070882201666,1.5233000326383834,1.9807727255509413,0.3019266090064991,-0.0740451586576318,,
ehrshot,normal,CL,Mean,506.0,2.2061535949465365,2.159780683793218,2.932034061133062,-0.5295716010942515,0.4976145398040135,,
ehrshot,normal,CL,Last,506.0,2.202898545698686,2.1515830031814405,2.891235826313901,-0.4873008386675892,0.4216073831550688,,
ehrshot,normal,CL,ARIMA,506.0,2.168570198179048,2.1212511552529287,2.9322609684986216,-0.5298083544777081,0.5602278185611799,,
ehrshot,normal,CL,PopRI,506.0,2.0513833992094863,1.9978377831838927,2.430049040641145,-0.0506591949565955,-0.5335968379446641,,
ehrshot,normal,CL,PerRI,506.0,2.192631316462315,2.1452728169468744,3.020955032009089,-0.6237542871179573,0.4230468521012409,,
ehrshot,normal,CL,Gaussian_mle,506.0,1.71551664327673,1.678035935294136,2.146263480780177,0.1804077155582201,0.0171029865408325,,
ehrshot,normal,CL,Gaussian_trunc,506.0,10.378976849684545,10.12744950985732,15.631695508456044,-42.47543768477514,3.228517276779639,,
ehrshot,normal,CL,Gaussian_eb,506.0,1.728938489066297,1.6910255048628369,2.1326334380923733,0.1907844530344314,-0.0243159372461319,,
ehrshot,normal,CL,Cohen_m2,506.0,1.955948162455804,1.9099098518517736,2.478224417988788,-0.092730469136135,-0.0261224588386621,,
ehrshot,normal,CL,Cohen_m3,506.0,2.1067573939387505,2.0448836744447445,2.614067698248632,-0.2158092705217706,-0.9550986007268248,,
ehrshot,normal,CL,Cohen_m4,506.0,1.955003323762314,1.8996703539912216,2.4245033592951835,-0.0458691907587769,-0.7065025148655582,,
ehrshot,all_states,CL,NORMA_normal,697.0,2.517736612809782,2.4594769065620485,3.452046543695022,0.4509524165664128,-0.1627395498530252,,
ehrshot,all_states,CL,NORMA_marginal,697.0,2.197491458385454,2.146248089604421,2.938012702715418,0.6022922651963276,-0.0064678164483201,,
ehrshot,all_states,CL,NORMA_marginal_freq,697.0,2.5175588459162133,2.4600609905041217,3.450361193535007,0.4514883951737913,-0.1385866581229423,,
ehrshot,all_states,CL,NORMA_oracle,697.0,1.5936335887936302,1.5571879399804034,2.0355388207434086,0.8090958023084176,-0.1374442868116425,,
ehrshot,all_states,CL,Mean,697.0,2.832962297330187,2.779810525005916,3.833882905042209,0.3227728072660794,0.3831596161573694,,
ehrshot,all_states,CL,Last,697.0,2.36681013504094,2.3159603136512272,3.181000304962755,0.5337872777566478,0.2759445277998061,,
ehrshot,all_states,CL,ARIMA,697.0,2.4013683467433,2.3545203188845014,3.229469136626854,0.5194716932634453,0.3337229088368017,,
ehrshot,all_states,CL,PopRI,697.0,3.568149210903874,3.4882770046859792,4.682915620503085,-0.0103907556123414,-0.4748923959827834,,
ehrshot,all_states,CL,PerRI,697.0,2.876642154141384,2.8247456388945524,4.013431049219274,0.2578557764425386,0.3646580956633284,,
ehrshot,all_states,CL,Gaussian_mle,697.0,3.0741664605593946,3.012923416951588,4.215741410767717,0.1811494844513075,-0.0396420667427368,,
ehrshot,all_states,CL,Gaussian_trunc,697.0,11.140988654514627,10.89621200575722,15.716704021251669,-10.38097968754239,2.98775735208755,,
ehrshot,all_states,CL,Gaussian_eb,697.0,3.137987388302735,3.076899786669505,4.277193299352629,0.1571031037241536,-0.051854351939476,,
ehrshot,all_states,CL,Cohen_m2,697.0,2.95711985824782,2.89205877579794,3.924288882777281,0.2904571317726746,-0.0943521529735413,,
ehrshot,all_states,CL,Cohen_m3,697.0,3.252242297661014,3.152109633044444,4.299149029777155,0.1484273603606507,-1.0552083129007124,,
ehrshot,all_states,CL,Cohen_m4,697.0,3.1036629587882216,3.013419879232125,4.132862853881941,0.2130290764700703,-0.8068305389097804,,
ehrshot,normal,CO2,NORMA_normal,426.0,1.1587950881098357,4.544947510120547,1.4408990695182895,0.157247389697428,-0.0115195216147552,,
ehrshot,normal,CO2,NORMA_marginal,426.0,1.324396074264233,5.191613235358865,1.6738432127809018,-0.1372672576113058,0.1042806419485388,,
ehrshot,normal,CO2,NORMA_marginal_freq,426.0,1.155305670887965,4.542217792156511,1.4425698826723556,0.1552918071633626,0.053698782742798,,
ehrshot,normal,CO2,NORMA_oracle,426.0,1.1587950881098357,4.544947510120547,1.4408990695182895,0.157247389697428,-0.0115195216147552,,
ehrshot,normal,CO2,Mean,426.0,1.5826421968931692,6.222274669907697,1.983530129417129,-0.5970208566990565,0.197792229574307,,
ehrshot,normal,CO2,Last,426.0,1.7969483568075115,7.016772130366741,2.2721264677491018,-1.0955497997007253,0.0833333333333333,,
ehrshot,normal,CO2,ARIMA,426.0,1.7631627651945874,6.949097288671224,2.525877600620281,-1.5897484856056097,0.1038108298507297,,
ehrshot,normal,CO2,PopRI,426.0,1.3661971830985915,5.327864623639272,1.5837348144311645,-0.0181175223281686,-0.2112676056338028,,
ehrshot,normal,CO2,PerRI,426.0,1.7608207176064827,6.925744152260211,2.240996050766596,-1.0385208929688443,0.2002060220593398,,
ehrshot,normal,CO2,Gaussian_mle,426.0,1.255379664848835,4.929655415962441,1.5521111594745305,0.0221356182759229,-0.0272753920530615,,
ehrshot,normal,CO2,Gaussian_trunc,426.0,11.236990484412903,43.94817165705581,13.569325346979754,-73.739380815519,3.121209058005096,,
ehrshot,normal,CO2,Gaussian_eb,426.0,1.2496766681279137,4.909747570174641,1.5047756417841824,0.0808709563057934,-0.0201487616562022,,
ehrshot,normal,CO2,Cohen_m2,426.0,1.5488159152823435,6.033527977862598,1.888555086232569,-0.44774574982018,-0.1464701236133844,,
ehrshot,normal,CO2,Cohen_m3,426.0,1.4660895889353864,5.863483524225984,1.7943402114361755,-0.3069006207294151,0.7918048195995634,,
ehrshot,normal,CO2,Cohen_m4,426.0,1.3676521498272676,5.467676282858825,1.6881168502039443,-0.1567459677677258,0.6223206497693845,,
ehrshot,all_states,CO2,NORMA_normal,693.0,2.2385094712822986,8.876923833676921,2.96099036864209,0.3514939201316336,-0.3188236396206061,,
ehrshot,all_states,CO2,NORMA_marginal,693.0,1.8321593604548805,7.328860220796542,2.354395441241827,0.5899858179087327,-0.0856345463913001,,
ehrshot,all_states,CO2,NORMA_marginal_freq,693.0,2.2327327545743483,8.882937971478846,2.954940748324337,0.3541411477780107,-0.2533104585388397,,
ehrshot,all_states,CO2,NORMA_oracle,693.0,1.1292840564061726,4.477653813306488,1.4470395846706576,0.8451180221688152,-0.0219538992789572,,
ehrshot,all_states,CO2,Mean,693.0,2.2135395565374423,8.907506015254018,2.8382130927797897,0.4041594431745937,-0.0114472904823894,,
ehrshot,all_states,CO2,Last,693.0,1.9242424242424243,7.625522169375569,2.4872691725078604,0.5424003991549915,-0.044011544011544,,
ehrshot,all_states,CO2,ARIMA,693.0,1.9522448583701075,7.787299165980956,2.707459425227509,0.4577944279959504,0.0251573786671497,,
ehrshot,all_states,CO2,PopRI,693.0,2.886724386724387,11.472276107240424,3.710919498038663,-0.0185987266345857,-0.5014430014430015,,
ehrshot,all_states,CO2,PerRI,693.0,2.3586810342399405,9.520188420431534,3.02870609134339,0.3214930124462839,0.0161708948696108,,
ehrshot,all_states,CO2,Gaussian_mle,693.0,2.614817956017108,10.482158040185103,3.45958519839732,0.1147047720411594,-0.2778031410487837,,
ehrshot,all_states,CO2,Gaussian_trunc,693.0,11.2071650557434,44.32099022674745,13.301029574358065,-12.08611042647818,2.5785581118302447,,
ehrshot,all_states,CO2,Gaussian_eb,693.0,2.67679579556402,10.723315735700924,3.512680077004664,0.0873226818122708,-0.2914510053078751,,
ehrshot,all_states,CO2,Cohen_m2,693.0,2.507511342586721,10.017381015979742,3.186676524891212,0.2488684144552435,-0.3091287103738275,,
ehrshot,all_states,CO2,Cohen_m3,693.0,2.626749212091619,10.899535877029862,3.4184478912177747,0.1356333723057563,0.5896729858750733,,
ehrshot,all_states,CO2,Cohen_m4,693.0,2.6164249761452063,10.76951056078484,3.4256324193870085,0.1319962876347502,0.3837409769473827,,
ehrshot,normal,CRE,NORMA_normal,462.0,0.0702034630558707,8.36818452265172,0.0926536387689593,0.7805992824110142,-0.0049778021207619,,
ehrshot,normal,CRE,NORMA_marginal,462.0,0.0767327209173858,9.026562045180471,0.1053004956874992,0.7166169208376084,0.0017465535606988,,
ehrshot,normal,CRE,NORMA_marginal_freq,462.0,0.0721212341992383,8.78536226308253,0.0934132094356828,0.7769872613858497,0.0114750544574378,,
ehrshot,normal,CRE,NORMA_oracle,462.0,0.0702034630558707,8.36818452265172,0.0926536387689593,0.7805992824110142,-0.0049778021207619,,
ehrshot,normal,CRE,Mean,462.0,0.1190029139703034,14.235431638184052,0.1765492523011839,0.2033916597381336,0.0372200983656228,,
ehrshot,normal,CRE,Last,462.0,0.0823376672969752,9.731989482367217,0.1140137478788724,0.667778658182067,-0.0061471853885815,,
ehrshot,normal,CRE,ARIMA,462.0,0.0919768312841183,10.674747694366705,0.1363158213017744,0.52509623480248,-0.0021935948881393,,
ehrshot,normal,CRE,PopRI,462.0,0.1390367965367965,17.506978958136916,0.1649788455545724,0.3043839333630818,0.0295779220779221,,
ehrshot,normal,CRE,PerRI,462.0,0.1129837688620691,13.404260889833507,0.1590289554731728,0.3536533582751545,0.0124364200099195,,
ehrshot,normal,CRE,Gaussian_mle,462.0,0.0964938224091862,11.522423798731465,0.1248154812897272,0.6018469974334275,-0.0009645367978969,,
ehrshot,normal,CRE,Gaussian_trunc,462.0,0.40310672907544,49.58405828906259,0.7592705832920155,-13.73351033591918,-0.1284601457050357,,
ehrshot,normal,CRE,Gaussian_eb,462.0,0.0958583255406209,11.500824160000796,0.1233351316562989,0.611235422331507,6.547643140791839e-05,,
ehrshot,normal,CRE,Cohen_m2,462.0,0.1153224696070601,13.915813411795124,0.1630469605359576,0.3205797320474656,0.0306074707590656,,
ehrshot,normal,CRE,Cohen_m3,462.0,0.1170612984766691,14.499969140372055,0.1538669117396641,0.3949328736821259,0.0454232979698098,,
ehrshot,normal,CRE,Cohen_m4,462.0,0.1163854734051279,14.565273645958616,0.151426421382407,0.4139746517984045,0.0359130641650327,,
ehrshot,all_states,CRE,NORMA_normal,696.0,0.2111856914508617,16.827651766743802,0.414623224784698,0.4112898956898767,-0.1403251546501428,,
ehrshot,all_states,CRE,NORMA_marginal,696.0,0.1079298059616584,10.351304995598417,0.1889844608786225,0.8776943748472492,-0.0188205166935638,,
ehrshot,all_states,CRE,NORMA_marginal_freq,696.0,0.2092023738179894,17.158681771486144,0.4066280756756819,0.4337751020494859,-0.1235889763515254,,
ehrshot,all_states,CRE,NORMA_oracle,696.0,0.0915244972800043,8.619361299985291,0.1516524602762076,0.9212422754117257,0.0003544497772537,,
ehrshot,all_states,CRE,Mean,696.0,0.1919332574684195,17.557669958004144,0.3164923978033252,0.656978923923704,-0.0226167044067193,,
ehrshot,all_states,CRE,Last,696.0,0.1087859231747429,10.340742399835,0.1891147885981887,0.8775256275400906,-0.0205100571920816,,
ehrshot,all_states,CRE,ARIMA,696.0,0.1250750922070104,11.962046094285997,0.2194587058580984,0.8350699208523413,-0.0156457979357059,,
ehrshot,all_states,CRE,PopRI,696.0,0.3453591954022988,31.951564136645025,0.5406393219483593,-0.0009433514257941,-0.1614080459770114,,
ehrshot,all_states,CRE,PerRI,696.0,0.1929726802176196,17.106986217629014,0.3298671281492409,0.6273747171978277,-0.0502571336606571,,
ehrshot,all_states,CRE,Gaussian_mle,696.0,0.2824037109797244,23.869918532073097,0.499378418158696,0.1460080471328745,-0.1737279112140255,,
ehrshot,all_states,CRE,Gaussian_trunc,696.0,0.5800685823772708,59.980642326378856,0.9224641915918084,-1.9140249972527483,-0.2067857369981279,,
ehrshot,all_states,CRE,Gaussian_eb,696.0,0.2823163780052108,23.828014374884194,0.4987879660564867,0.1480263291593532,-0.1727977473658235,,
ehrshot,all_states,CRE,Cohen_m2,696.0,0.2368029276941014,21.3205341317334,0.4105274233975707,0.4228634398637116,-0.0904390175315155,,
ehrshot,all_states,CRE,Cohen_m3,696.0,0.2431130516768872,22.245844873681897,0.4138678488810239,0.4134330093284243,-0.0859666480106868,,
ehrshot,all_states,CRE,Cohen_m4,696.0,0.2324067747969737,22.567202933869883,0.3865048832414514,0.4884310105338216,-0.0722635922452499,,
ehrshot,normal,DBIL,NORMA_normal,86.0,0.0298431562337764,15.76469509613562,0.0487646665554234,0.3444885636919667,-0.0074960163582203,,
ehrshot,normal,DBIL,NORMA_marginal,86.0,0.0451373301876796,21.73590161288432,0.0913098092591242,-1.298288935322279,0.0155569444553975,,
ehrshot,normal,DBIL,NORMA_marginal_freq,86.0,0.0431376379748191,28.40016380630729,0.0636078066320191,-0.1152971578996504,0.0330603534941506,,
ehrshot,normal,DBIL,NORMA_oracle,86.0,0.0298431562337764,15.76469509613562,0.0487646665554234,0.3444885636919667,-0.0074960163582203,,
ehrshot,normal,DBIL,Mean,86.0,0.0826775407223482,43.5030438068283,0.1527716309375519,-5.433616730950244,0.0573637153183541,,
ehrshot,normal,DBIL,Last,86.0,0.0491860491106676,21.701614156740547,0.1179426359874507,-2.834523599260943,0.0205813985508541,,
ehrshot,normal,DBIL,ARIMA,86.0,0.0567344474796331,25.58868427993134,0.1337524238158366,-3.931432317200498,0.0237745661790672,,
ehrshot,normal,DBIL,PopRI,86.0,0.0383720930232558,25.801989644254554,0.0602321091839243,-5.963384817242456e-05,0.0004651162790697,,
ehrshot,normal,DBIL,PerRI,86.0,0.0683657459774701,35.1958549631481,0.1424281395524751,-4.591925257523609,0.0339764275968608,,
ehrshot,normal,DBIL,Gaussian_mle,86.0,0.0368174782576413,20.65205039010652,0.0533023240087757,0.2168191767520703,-0.0110298786591126,,
ehrshot,normal,DBIL,Gaussian_trunc,86.0,0.1956481634554819,122.26133698059049,0.3315547360169941,-29.30262328721557,-0.108244931766777,,
ehrshot,normal,DBIL,Gaussian_eb,86.0,0.0366630244441158,20.77429839571165,0.0531341823280239,0.2217524565785722,-0.0104720707311012,,
ehrshot,normal,DBIL,Cohen_m2,86.0,0.0642689192399036,36.92600299876091,0.1092281314450371,-2.288809843819472,0.014032443640537,,
ehrshot,normal,DBIL,Cohen_m3,86.0,0.0529291740891545,29.557818607501257,0.0658314010188371,-0.1946369704261372,-0.0010013227268707,,
ehrshot,normal,DBIL,Cohen_m4,86.0,0.0500042230861131,28.645049124391463,0.0590749834760476,0.0379957897290232,-0.0182737826330717,,
ehrshot,all_states,DBIL,NORMA_normal,114.0,0.117700241312646,23.021443486790822,0.2689081134863005,0.1773906229777826,-0.1008418726345949,,
ehrshot,all_states,DBIL,NORMA_marginal,114.0,0.0799400260690901,22.19913786191428,0.1801032586076542,0.6309977748371469,-0.0285947520872954,,
ehrshot,all_states,DBIL,NORMA_marginal_freq,114.0,0.115883580026042,30.854892537245444,0.2478092390665761,0.3014124650405434,-0.0584008847073455,,
ehrshot,all_states,DBIL,NORMA_oracle,114.0,0.0656493979744743,17.481011018776186,0.1595347572091963,0.7104680633136589,-0.0254938097690281,,
ehrshot,all_states,DBIL,Mean,114.0,0.1363319323396211,42.71169141657419,0.2334937785255464,0.3797932760214003,0.0236019940538481,,
ehrshot,all_states,DBIL,Last,114.0,0.0882456166074987,22.675057351543902,0.2004206127745331,0.5430479656420342,-0.0094736807754165,,
ehrshot,all_states,DBIL,ARIMA,114.0,0.1019036450266478,27.392351698777084,0.2188547999293396,0.4551236024813418,0.0081714449754255,,
ehrshot,all_states,DBIL,PopRI,114.0,0.1609649122807017,35.94263123892137,0.3244090443717244,-0.1972139018845078,-0.1316666666666666,,
ehrshot,all_states,DBIL,PerRI,114.0,0.122808231871749,36.043722331275575,0.2286299889197821,0.4053625813637042,-0.00223317704188,,
ehrshot,all_states,DBIL,Gaussian_mle,114.0,0.1559356860484406,31.19517301817628,0.3213980444537632,-0.1750931749150206,-0.136481882842533,,
ehrshot,all_states,DBIL,Gaussian_trunc,114.0,0.2808711651832105,108.63137602730252,0.4513347851150735,-1.3173063787598402,-0.2044090781198015,,
ehrshot,all_states,DBIL,Gaussian_eb,114.0,0.155283051986817,31.2129527862232,0.320548113475458,-0.1688863698403842,-0.1355249640980516,,
ehrshot,all_states,DBIL,Cohen_m2,114.0,0.1504760698451284,40.697108121525616,0.2769880798315529,0.1272135340596973,-0.075491520833028,,
ehrshot,all_states,DBIL,Cohen_m3,114.0,0.1551767503640108,36.08898006411475,0.2981458181745272,-0.0112145000199816,-0.1160031081082528,,
ehrshot,all_states,DBIL,Cohen_m4,114.0,0.1657917300546379,37.520712379079626,0.3167003984976582,-0.1409932194878123,-0.1418547311163785,,
ehrshot,normal,GLU,NORMA_normal,209.0,5.662157341623991,6.594540464225076,7.708038590493069,-0.1391378572273622,1.0947735800127094,,
ehrshot,normal,GLU,NORMA_marginal,209.0,11.362172952571,13.143352509961709,15.44866643537239,-3.575836694427971,10.35060104524565,,
ehrshot,normal,GLU,NORMA_marginal_freq,209.0,11.242130072684349,13.276244177258109,13.761510151029508,-2.6309537259338303,11.08595508980416,,
ehrshot,normal,GLU,NORMA_oracle,209.0,5.662157341623991,6.594540464225076,7.708038590493069,-0.1391378572273622,1.0947735800127094,,
ehrshot,normal,GLU,Mean,209.0,18.949375735600963,21.711457267649777,24.042054421674777,-10.082345265680376,18.22467835741126,,
ehrshot,normal,GLU,Last,209.0,15.559808612440191,17.61779517346836,22.83202652868769,-8.994876800932639,12.038277511961722,,
ehrshot,normal,GLU,ARIMA,209.0,18.25075018200757,20.615831172560263,26.008459065345097,-11.969336805638829,15.153502857676717,,
ehrshot,normal,GLU,PopRI,209.0,7.925837320574162,8.742914533674472,8.892836211533835,-0.516244056878395,-5.188995215311005,,
ehrshot,normal,GLU,PerRI,209.0,14.272804246574806,16.45392038267893,20.71880499072081,-7.230342909301592,12.634514293151092,,
ehrshot,normal,GLU,Gaussian_mle,209.0,5.692856558532444,6.588972659209881,7.200210877228227,0.0060170001946093,0.0745085285448009,,
ehrshot,normal,GLU,Gaussian_trunc,209.0,25.33571382949206,28.992740722547367,42.99657439520318,-34.44510250000758,18.53431986806342,,
ehrshot,normal,GLU,Gaussian_eb,209.0,5.573282864119738,6.496714506160894,7.0320324556663225,0.0519084900318828,0.2827897835351852,,
ehrshot,normal,GLU,Cohen_m2,209.0,7.922882299103805,9.145033395543262,10.04129217264148,-0.9331596978528872,1.9864002574573865,,
ehrshot,normal,GLU,Cohen_m3,209.0,7.553861408142382,8.915245586829114,9.868508011531018,-0.8672029316055947,5.167611300089713,,
ehrshot,normal,GLU,Cohen_m4,209.0,11.378131118117338,13.337433506442684,14.20349250655369,-2.867931885102241,10.626746656792015,,
ehrshot,all_states,GLU,NORMA_normal,702.0,33.3847393459744,22.179088152478453,50.585507100199855,-0.5935396151363415,-30.93005847115802,,
ehrshot,all_states,GLU,NORMA_marginal,702.0,21.586615459091384,15.958782681820468,32.386189441417145,0.3468237992343164,-10.472039328988064,,
ehrshot,all_states,GLU,NORMA_marginal_freq,702.0,26.07714796754168,18.10811201412056,39.83674214911904,0.011723934367734,-18.10288917478748,,
ehrshot,all_states,GLU,NORMA_oracle,702.0,16.639004726355573,11.970601253107224,25.99343072131568,0.5792366976305114,-5.011306811601688,,
ehrshot,all_states,GLU,Mean,702.0,23.04111122262153,18.726054360994347,32.479697789938484,0.343046534725504,-0.3485754198897464,,
ehrshot,all_states,GLU,Last,702.0,24.63390313390313,19.59002921051351,35.80802127267559,0.2015066673553037,-0.3831908831908832,,
ehrshot,all_states,GLU,ARIMA,702.0,25.07330016452848,20.34597253304589,39.054847799956654,0.0501379254880985,0.7477790053453981,,
ehrshot,all_states,GLU,PopRI,702.0,39.62535612535613,27.01304522103916,55.47648432795929,-0.916586878564372,-38.364672364672366,,
ehrshot,all_states,GLU,PerRI,702.0,23.597950317261457,18.23306647944925,35.19372759359186,0.2286682918662025,-6.300923906940258,,
ehrshot,all_states,GLU,Gaussian_mle,702.0,35.99255844123657,24.000453420857013,53.134105746448256,-0.7581559710531562,-33.78950150410578,,
ehrshot,all_states,GLU,Gaussian_trunc,702.0,41.64587614504358,31.60412577208166,58.40607803179593,-1.1243532582379925,-15.741251007162624,,
ehrshot,all_states,GLU,Gaussian_eb,702.0,35.61747647361565,23.739724408343527,52.65007743964171,-0.72626981654954,-33.355063968394404,,
ehrshot,all_states,GLU,Cohen_m2,702.0,36.28821375702861,24.529538265491706,52.78372736274414,-0.7350450613544379,-32.71212800072129,,
ehrshot,all_states,GLU,Cohen_m3,702.0,32.86121941156197,22.086774556052426,49.13315510493776,-0.5033494924564119,-28.340747746307287,,
ehrshot,all_states,GLU,Cohen_m4,702.0,29.37230619338164,20.03142293280296,45.20111114940493,-0.2723566684677974,-21.386521733384527,,
ehrshot,normal,HCT,NORMA_normal,161.0,1.533168157731524,3.705740624719408,1.935092516779384,0.5857851205950592,0.2520141175074606,,
ehrshot,normal,HCT,NORMA_marginal,161.0,2.0679677189633185,4.968760955036039,2.8400622051591675,0.1077677161221447,-1.30932635006247,,
ehrshot,normal,HCT,NORMA_marginal_freq,161.0,3.336176071035908,7.906548390628197,3.9606717030329177,-0.7352414761236341,-3.3217870791768647,,
ehrshot,normal,HCT,NORMA_oracle,161.0,1.533168157731524,3.705740624719408,1.935092516779384,0.5857851205950592,0.2520141175074606,,
ehrshot,normal,HCT,Mean,161.0,3.670815973194632,8.740010899526789,4.9727394490611125,-1.7353546210462416,-2.872001188143814,,
ehrshot,normal,HCT,Last,161.0,2.7031056872065764,6.564198241330563,3.837215587267174,-0.6287507493196371,-1.1652173178536551,,
ehrshot,normal,HCT,ARIMA,161.0,3.4852848517343715,8.33000294215726,6.1269746245833705,-3.1525454250055684,-1.660655483217235,,
ehrshot,normal,HCT,PopRI,161.0,2.518012422360248,6.23496229124058,2.82548297415983,0.116904609413834,1.849689440993789,,
ehrshot,normal,HCT,PerRI,161.0,3.8150822143849488,9.095132943873644,5.261088878214175,-2.0617766440241168,-2.721870529868016,,
ehrshot,normal,HCT,Gaussian_mle,161.0,1.8383861227241736,4.452775414074839,2.2476778240239708,0.4411563118638513,0.4077301932422636,,
ehrshot,normal,HCT,Gaussian_trunc,161.0,5.679760818622166,13.567501048134153,11.180929857119644,-12.828595539821514,-2.2690641744944355,,
ehrshot,normal,HCT,Gaussian_eb,161.0,1.6924311203832425,4.081515831063789,2.0980939887553176,0.5130637491974395,0.1801416075939949,,
ehrshot,normal,HCT,Cohen_m2,161.0,2.564294139790979,6.131984090548145,3.2460198707346977,-0.1655330064745281,-0.5841648457213215,,
ehrshot,normal,HCT,Cohen_m3,161.0,2.5205820450871625,5.970710627812164,3.2846059789374453,-0.193407565746986,-0.8678470350940773,,
ehrshot,normal,HCT,Cohen_m4,161.0,2.47356368355129,5.84614408215543,3.236395610200114,-0.1586317770909009,-1.3679224049822878,,
ehrshot,all_states,HCT,NORMA_normal,742.0,7.323632749778562,25.84683694720064,9.232902224866994,-0.9148360202191016,6.930777462859039,,
ehrshot,all_states,HCT,NORMA_marginal,742.0,2.000432049974953,6.263127636166785,2.790758199259218,0.8250558058164821,0.386930738872946,,
ehrshot,all_states,HCT,NORMA_marginal_freq,742.0,2.602564863431802,8.145342574377448,3.43518109966965,0.7349337763901302,0.6286876825018082,,
ehrshot,all_states,HCT,NORMA_oracle,742.0,1.7122784570863625,5.456793887863234,2.388311818495648,0.8718740286188131,0.2714670500022703,,
ehrshot,all_states,HCT,Mean,742.0,3.650676391742865,11.6425206284985,4.755621833861304,0.4919929490995085,0.5241702870061637,,
ehrshot,all_states,HCT,Last,742.0,2.29878710055287,6.964557561311373,3.2919130193872808,0.7565824882992127,-0.1370619796999702,,
ehrshot,all_states,HCT,ARIMA,742.0,2.8166873676642634,8.429580280365558,4.567249796388813,0.531440609890862,-0.1959288961725411,,
ehrshot,all_states,HCT,PopRI,742.0,10.948045822102424,38.12468651786397,12.732790960092888,-2.6416846350930183,10.688207547169812,,
ehrshot,all_states,HCT,PerRI,742.0,3.7079745206461374,11.755658601330117,4.99699636531017,0.4391158304468884,0.3332647495116773,,
ehrshot,all_states,HCT,Gaussian_mle,742.0,10.039517031604074,35.25905236873843,12.076003028029286,-2.27568055006912,9.619000409522783,,
ehrshot,all_states,HCT,Gaussian_trunc,742.0,11.207273793417086,37.96742482459372,13.794529451620276,-3.274338347531362,7.499306517727814,,
ehrshot,all_states,HCT,Gaussian_eb,742.0,9.794061504977837,34.45753212468669,11.83934290959164,-2.148547970112705,9.344636720025596,,
ehrshot,all_states,HCT,Cohen_m2,742.0,8.39999337106381,29.707518986673232,10.182197895306269,-1.3288321204148592,7.492555780744939,,
ehrshot,all_states,HCT,Cohen_m3,742.0,7.384798515710549,26.09926583526009,9.005528156159402,-0.8216858809529344,6.433033984819192,,
ehrshot,all_states,HCT,Cohen_m4,742.0,5.920034358186542,20.98019734437692,7.387440651265892,-0.2258663541708518,4.688037705742767,,
ehrshot,normal,HDL,NORMA_normal,77.0,5.966563237177861,10.08577726597476,7.961593694753693,0.6759288965681578,0.8155298604593648,,
ehrshot,normal,HDL,NORMA_marginal,77.0,6.06605558348952,10.408778644767596,8.070169009203756,0.6670296619036833,0.3676341593957041,,
ehrshot,normal,HDL,NORMA_marginal_freq,77.0,5.945959577910699,9.885899490789294,7.955358850526356,0.6764362677732269,-0.8677775396742167,,
ehrshot,normal,HDL,NORMA_oracle,77.0,5.966563237177861,10.08577726597476,7.961593694753693,0.6759288965681578,0.8155298604593648,,
ehrshot,normal,HDL,Mean,77.0,6.174054086638019,10.663324515095098,8.00224277670899,0.6726112638978134,-0.7986111822035186,,
ehrshot,normal,HDL,Last,77.0,7.805194805194805,13.416697554999658,11.737939375342709,0.2955924352067108,2.5324675324675323,,
ehrshot,normal,HDL,ARIMA,77.0,10.057799977392357,17.089262754107065,17.935100660469498,-0.6445531883336351,5.261705385256042,,
ehrshot,normal,HDL,PopRI,77.0,15.61038961038961,30.24837062820753,17.817254150248445,-0.6230123964376624,11.03896103896104,,
ehrshot,normal,HDL,PerRI,77.0,7.19748438539851,12.195579834381489,9.598300397437338,0.5289912633313495,-0.5881773629192038,,
ehrshot,normal,HDL,Gaussian_mle,77.0,6.96632784417556,12.247561698616868,9.73430826738039,0.5155483070551825,1.2298520184140205,,
ehrshot,normal,HDL,Gaussian_trunc,77.0,21.75655604648006,36.31805092419659,52.75722509711719,-13.229976285769144,-4.003504449177906,,
ehrshot,normal,HDL,Gaussian_eb,77.0,5.867428810757053,9.845404655022238,8.278999641695403,0.6495742474584674,-0.1719035402288508,,
ehrshot,normal,HDL,Cohen_m2,77.0,5.511436759651481,9.40186316710471,7.515281647695865,0.7112441381390272,-0.937706489067573,,
ehrshot,normal,HDL,Cohen_m3,77.0,5.927823946073458,10.621221033793798,7.815629002394298,0.6877027509187958,1.4413972334428269,,
ehrshot,normal,HDL,Cohen_m4,77.0,5.500523059399097,9.737967337047037,7.237470312386156,0.7321979620355509,1.245004133744674,,
ehrshot,all_states,HDL,NORMA_normal,101.0,7.545120277027093,16.319346196683963,10.2763985866474,0.6919694948803907,2.2639463443567256,,
ehrshot,all_states,HDL,NORMA_marginal,101.0,6.598266237913983,13.320899521110228,9.603913258339384,0.7309652965382036,0.8298802452632595,,
ehrshot,all_states,HDL,NORMA_marginal_freq,101.0,7.416455937556446,15.670431040067411,10.257821972347203,0.6930821399124061,0.7451039774498234,,
ehrshot,all_states,HDL,NORMA_oracle,101.0,5.495885754575824,10.464605128184694,7.403090922144536,0.8401406609211898,0.5479589405626354,,
ehrshot,all_states,HDL,Mean,101.0,6.644960211979647,13.233940191947054,9.894170551429127,0.7144575831420246,-0.6177287913585926,,
ehrshot,all_states,HDL,Last,101.0,8.138613861386139,16.217974222391696,12.216690417313323,0.5646696121904884,1.9405940594059403,,
ehrshot,all_states,HDL,ARIMA,101.0,9.510801882994608,18.31212565225825,16.632032466471514,0.1931319947265524,4.358950115543268,,
ehrshot,all_states,HDL,PopRI,101.0,20.663366336633665,49.07344130102464,23.904305921405843,-0.6667256648301938,15.11881188118812,,
ehrshot,all_states,HDL,PerRI,101.0,7.447991187058159,14.731171179540858,10.794211039841429,0.6601450059209246,-0.2670490510339193,,
ehrshot,all_states,HDL,Gaussian_mle,101.0,11.346996222929633,27.88635303598986,16.652003902586152,0.1911930870510474,5.66195258120282,,
ehrshot,all_states,HDL,Gaussian_trunc,101.0,25.06692656796325,50.00152002692526,52.25503558126525,-6.964676524256089,2.33554233988228,,
ehrshot,all_states,HDL,Gaussian_eb,101.0,9.89321067367391,23.658367827843048,14.813102150746154,0.3599647668460956,3.893840347181992,,
ehrshot,all_states,HDL,Cohen_m2,101.0,7.1692265803271,15.624488249395156,10.411399855847431,0.6838231278266147,0.7059723882391898,,
ehrshot,all_states,HDL,Cohen_m3,101.0,8.796260267201037,20.52782132495284,12.115877202608466,0.5718247375835072,3.624687950209816,,
ehrshot,all_states,HDL,Cohen_m4,101.0,7.8492035440879295,18.246739666818616,10.938466315899973,0.6510005728574109,3.16542661308062,,
ehrshot,normal,HGB,NORMA_normal,180.0,0.5038896963331435,3.706723275809921,0.6729696323656138,0.6701577083547683,0.0419959470960829,,
ehrshot,normal,HGB,NORMA_marginal,180.0,0.6813875374279159,4.923572828252681,0.9492640190314156,0.3437195849896352,-0.4718887154945893,,
ehrshot,normal,HGB,NORMA_marginal_freq,180.0,1.1948476880623058,8.586003420724314,1.3921005346881488,-0.4114210989456737,-1.1744736045449438,,
ehrshot,normal,HGB,NORMA_oracle,180.0,0.5038896963331435,3.706723275809921,0.6729696323656138,0.6701577083547683,0.0419959470960829,,
ehrshot,normal,HGB,Mean,180.0,1.208845316427512,8.781394422616192,1.6430856403877112,-0.96623673222803,-0.9558050961775598,,
ehrshot,normal,HGB,Last,180.0,0.7494444539811875,5.467210704650933,1.1232146054357124,0.081157893345127,-0.4149999904632568,,
ehrshot,normal,HGB,ARIMA,180.0,0.8814222548929684,6.449042825716249,1.3518692624226345,-0.3310206454551978,-0.4697411115012429,,
ehrshot,normal,HGB,PopRI,180.0,1.011111111111111,7.652062349391498,1.1756322176221232,-0.0066033307977406,0.8977777777777778,,
ehrshot,normal,HGB,PerRI,180.0,1.1806312086152395,8.577256360968011,1.715439269809278,-1.1432167766386212,-0.8876346033994507,,
ehrshot,normal,HGB,Gaussian_mle,180.0,0.5792366412451013,4.289428537373984,0.7505965031452968,0.5896745274244155,0.1208296309784798,,
ehrshot,normal,HGB,Gaussian_trunc,180.0,1.6370050127059737,12.106826443808256,3.432820373397738,-7.582574121104058,-0.9416734966402937,,
ehrshot,normal,HGB,Gaussian_eb,180.0,0.5461448701163127,4.017665705800615,0.7013663742753773,0.641734254885518,0.0575955513376794,,
ehrshot,normal,HGB,Cohen_m2,180.0,0.8239998001522489,5.8635093646310645,1.074864943663964,0.1585599054769104,-0.4436110464731853,,
ehrshot,normal,HGB,Cohen_m3,180.0,0.8855678664313422,6.252366792634258,1.1647516315347042,0.0119428627005033,-0.6137980800204809,,
ehrshot,normal,HGB,Cohen_m4,180.0,0.7482602988349065,5.319702373200982,1.0101946190929212,0.2567661064626352,-0.4410016187032064,,
ehrshot,all_states,HGB,NORMA_normal,751.0,2.356060483198509,25.326162628382136,3.0085235326154973,-0.8345334716284409,2.231188535626814,,
ehrshot,all_states,HGB,NORMA_marginal,751.0,0.6724806933541984,6.400065000878871,0.9539170102606548,0.8155664181729273,0.0896175435005369,,
ehrshot,all_states,HGB,NORMA_marginal_freq,751.0,0.9116004952331912,8.683751796125529,1.1746655323798934,0.720329109313431,0.1999574889104911,,
ehrshot,all_states,HGB,NORMA_oracle,751.0,0.5813497098879553,5.589954182605897,0.8118823680990096,0.8664004381523799,0.0574703536560627,,
ehrshot,all_states,HGB,Mean,751.0,1.239080300626326,11.959464577418732,1.6102216260016904,0.4744789404699008,0.2197748925455136,,
ehrshot,all_states,HGB,Last,751.0,0.7263648614743737,6.770508143864356,1.081779244484116,0.7628101483562132,-0.0375499259298555,,
ehrshot,all_states,HGB,ARIMA,751.0,0.8543125720643668,7.8969298006060145,1.2933316504229284,0.6609696127113549,-0.0436739679081536,,
ehrshot,all_states,HGB,PopRI,751.0,4.078295605858855,42.965887043017794,4.718818037930671,-3.513207237896683,4.038881491344873,,
ehrshot,all_states,HGB,PerRI,751.0,1.2414306550262524,11.937133882577475,1.6967939698386725,0.4164513906749144,0.1579788524341073,,
ehrshot,all_states,HGB,Gaussian_mle,751.0,3.600595904769704,38.59720487224285,4.416344124171313,-2.953162138815052,3.475182773147876,,
ehrshot,all_states,HGB,Gaussian_trunc,751.0,4.150594557998219,43.00914740015367,5.244937795070449,-4.575701275466054,2.4593268983033054,,
ehrshot,all_states,HGB,Gaussian_eb,751.0,3.461836893737025,37.21531406291121,4.272362604640889,-2.6996021607435585,3.328831865418649,,
ehrshot,all_states,HGB,Cohen_m2,751.0,2.1540837502511296,23.244105877181703,2.6583519240640525,-0.4323322239852687,1.781594396050221,,
ehrshot,all_states,HGB,Cohen_m3,751.0,2.1156962296934165,22.790720611687195,2.6126716536263794,-0.3835296824833254,1.6779914215941245,,
ehrshot,all_states,HGB,Cohen_m4,751.0,2.0157493273840443,21.84121993145711,2.5161820396987022,-0.2832253496885777,1.6573264280743352,,
ehrshot,normal,K,NORMA_normal,635.0,0.2481348711299145,6.003978948685996,0.3138045925888774,0.2850113501101537,0.0109113525781105,,
ehrshot,normal,K,NORMA_marginal,635.0,0.2518024526278852,6.094917122801338,0.318406892146625,0.2638853235745798,0.0103140949143348,,
ehrshot,normal,K,NORMA_marginal_freq,635.0,0.2481086462428922,6.002109234449643,0.3137636850508626,0.2851977496699768,0.0099667813325583,,
ehrshot,normal,K,NORMA_oracle,635.0,0.2481348711299145,6.003978948685996,0.3138045925888774,0.2850113501101537,0.0109113525781105,,
ehrshot,normal,K,Mean,635.0,0.2891792333219561,6.967835526121348,0.3652728585081614,0.0312418623216522,-0.0116108099465891,,
ehrshot,normal,K,Last,635.0,0.3284252078138937,7.959898265295508,0.4273568326765849,-0.3260559879294002,0.0221259869552972,,
ehrshot,normal,K,ARIMA,635.0,0.3143734132156455,7.587668021808994,0.4328456422342936,-0.3603374556438163,0.0211516366637875,,
ehrshot,normal,K,PopRI,635.0,0.3198425196850394,7.863114918444991,0.3813052593230279,-0.0556650610430193,0.0875590551181102,,
ehrshot,normal,K,PerRI,635.0,0.3026368913031607,7.275941750689205,0.3821714499662867,-0.0604667037202508,-0.0267802178761035,,
ehrshot,normal,K,Gaussian_mle,635.0,0.274347715673971,6.610874332791822,0.3442960224025214,0.1393143386386032,-0.0110724227813003,,
ehrshot,normal,K,Gaussian_trunc,635.0,0.8356635185217735,20.12400510652347,1.6751923644737388,-19.37557750184217,-0.2751023203735163,,
ehrshot,normal,K,Gaussian_eb,635.0,0.2727237539279732,6.562089222353807,0.3386751325635169,0.1671876131979822,-0.0138594036701311,,
ehrshot,normal,K,Cohen_m2,635.0,0.3145526471475917,7.679163334529824,0.3905047425462172,-0.107218114228063,0.0782302872965655,,
ehrshot,normal,K,Cohen_m3,635.0,0.3043914870014341,7.49367155874836,0.3808904537348915,-0.0533694851397927,0.0892991457961676,,
ehrshot,normal,K,Cohen_m4,635.0,0.2736442223496324,6.696240834485185,0.3436828824179193,0.1423771152188921,0.0504354913966862,,
ehrshot,all_states,K,NORMA_normal,721.0,0.3118358848825738,7.598971811862746,0.415429456969819,0.3438667948163256,0.0055330870386301,,
ehrshot,all_states,K,NORMA_marginal,721.0,0.3081945456862712,7.512269371524473,0.4076337079921687,0.368261100030567,0.0062970396794608,,
ehrshot,all_states,K,NORMA_marginal_freq,721.0,0.31180449118787,7.596370427142728,0.4154221016852507,0.343890028622377,0.0045826818883799,,
ehrshot,all_states,K,NORMA_oracle,721.0,0.2427026378298269,5.870697474650356,0.307502198089387,0.6405041427272418,0.0074657106862484,,
ehrshot,all_states,K,Mean,721.0,0.3475772212342023,8.429136227110195,0.4574857382059103,0.2042941324939579,-0.0164447272922688,,
ehrshot,all_states,K,Last,721.0,0.3579056991783491,8.65518152696379,0.4798614355982267,0.1245544512462629,0.0126907107238134,,
ehrshot,all_states,K,ARIMA,721.0,0.3519458994598312,8.521742705314168,0.4832001070621931,0.1123301183859396,0.0160504130300849,,
ehrshot,all_states,K,PopRI,721.0,0.4091539528432733,10.193578221987034,0.520535305393292,-0.0301437283720702,0.0890429958391123,,
ehrshot,all_states,K,PerRI,721.0,0.3637605266301371,8.789606355186535,0.4827056439853684,0.1141459102247482,-0.0324921585190656,,
ehrshot,all_states,K,Gaussian_mle,721.0,0.348557668506807,8.488737455430142,0.4630226197234526,0.1849169599111745,-0.0128232509138777,,
ehrshot,all_states,K,Gaussian_trunc,721.0,0.8998063725669448,21.806613365372936,1.723344594238782,-10.291241423923136,-0.3020111404575943,,
ehrshot,all_states,K,Gaussian_eb,721.0,0.3497778821532442,8.508551436314962,0.4628533565226405,0.1855127767950152,-0.0157672190028711,,
ehrshot,all_states,K,Cohen_m2,721.0,0.3772429914646439,9.327056320286612,0.4828780862262633,0.1135128703915558,0.0775113935113449,,
ehrshot,all_states,K,Cohen_m3,721.0,0.3776696431322667,9.409301647844966,0.4912209197369804,0.0826160265381489,0.0886498128491533,,
ehrshot,all_states,K,Cohen_m4,721.0,0.348199894755624,8.604316377658234,0.4590003953022817,0.1990165180054712,0.0474423670404992,,
ehrshot,normal,LDL,NORMA_normal,38.0,12.63063601443642,15.558632762019798,15.30143161289348,0.4960398578261547,0.1552408117997019,,
ehrshot,normal,LDL,NORMA_marginal,38.0,13.613085847532174,16.780760311441863,16.778343101420084,0.3940591934314145,3.1445161868204115,,
ehrshot,normal,LDL,NORMA_marginal_freq,38.0,12.4724820166976,15.980017422229178,15.430555741056946,0.4874984372563217,4.324262943416643,,
ehrshot,normal,LDL,NORMA_oracle,38.0,12.63063601443642,15.558632762019798,15.30143161289348,0.4960398578261547,0.1552408117997019,,
ehrshot,normal,LDL,Mean,38.0,18.902902422972577,25.18750845318556,24.563890109361274,-0.2987523613664411,10.594051711433082,,
ehrshot,normal,LDL,Last,38.0,13.842105263157896,17.113041340250096,18.2497296302972,0.2831225358306066,3.3684210526315788,,
ehrshot,normal,LDL,ARIMA,38.0,16.931168110779584,21.296135483791225,23.544440958146744,-0.1931878557470043,5.508821713700393,,
ehrshot,normal,LDL,PopRI,38.0,25.657894736842103,27.122924303265407,30.70530555903465,-1.0293591109984872,-21.86842105263158,,
ehrshot,normal,LDL,PerRI,38.0,17.146711822170488,22.97503228857304,23.68253391366994,-0.2072254831510827,7.306541632645688,,
ehrshot,normal,LDL,Gaussian_mle,38.0,15.794467396306349,20.896338083605333,20.65282150361649,0.0818981940166921,5.078359906457436,,
ehrshot,normal,LDL,Gaussian_trunc,38.0,39.38501979943508,57.969023981055855,106.79650272030818,-23.549696112196965,30.85734221703013,,
ehrshot,normal,LDL,Gaussian_eb,38.0,15.82171718561528,20.96943088573498,20.15211604176708,0.1258753464445727,4.906415515388557,,
ehrshot,normal,LDL,Cohen_m2,38.0,19.43895390159205,24.699578134092864,25.8394297718836,-0.4371361347987079,9.395524376317075,,
ehrshot,normal,LDL,Cohen_m3,38.0,16.566570482755964,22.615228338133235,21.417536655663245,0.0126500778594736,7.2686707346062915,,
ehrshot,normal,LDL,Cohen_m4,38.0,16.260418139005964,23.08425400427449,21.04518579390266,0.0466824527673523,9.948847720497533,,
ehrshot,all_states,LDL,NORMA_normal,48.0,21.120903094609577,19.21893493077287,29.24673700533743,0.3142931911921739,-10.998750607172648,,
ehrshot,all_states,LDL,NORMA_marginal,48.0,18.58934236823617,18.181713223528085,24.25218268700904,0.5284961054829105,-5.322907424373709,,
ehrshot,all_states,LDL,NORMA_marginal_freq,48.0,20.12717678985266,19.005270428416488,27.587998737501188,0.3898676996881765,-6.829753696428888,,
ehrshot,all_states,LDL,NORMA_oracle,48.0,12.818230549494425,14.040184891314734,15.528937625733182,0.8066843058237305,-1.6361027558644612,,
ehrshot,all_states,LDL,Mean,48.0,20.265214869124573,23.195187912328585,25.73802621833013,0.468951605630325,3.1948738206132368,,
ehrshot,all_states,LDL,Last,48.0,16.6875,17.179277050029093,22.343436769366228,0.5997940210432556,-2.5625,,
ehrshot,all_states,LDL,ARIMA,48.0,19.896665475501607,20.9162745419422,29.12639419391872,0.3199245962339584,-1.5869448536378084,,
ehrshot,all_states,LDL,PopRI,48.0,39.833333333333336,33.72424246210424,51.030628058059406,-1.0875911596058565,-36.833333333333336,,
ehrshot,all_states,LDL,PerRI,48.0,20.41777983655817,22.441095632068155,26.53088034485432,0.4357300222139468,0.5660458151712914,,
ehrshot,all_states,LDL,Gaussian_mle,48.0,23.927986579810067,23.61115551005728,32.64644894393526,0.1456112535464458,-7.403664965122069,,
ehrshot,all_states,LDL,Gaussian_trunc,48.0,42.054584939084,52.60553201630304,98.53547438778544,-6.78339096279537,13.5539516572843,,
ehrshot,all_states,LDL,Gaussian_eb,48.0,23.91954781471056,23.653390585713915,31.86040116727941,0.186259180505723,-7.509776093082521,,
ehrshot,all_states,LDL,Cohen_m2,48.0,20.91147303581237,22.977313055353594,26.71658807361575,0.4278029545481351,1.946932395299276,,
ehrshot,all_states,LDL,Cohen_m3,48.0,22.60606590906779,23.816865214739742,28.64928020189217,0.3420224857960228,-3.736499945322671,,
ehrshot,all_states,LDL,Cohen_m4,48.0,20.86606041590373,23.227090915687924,26.497269342528337,0.4371588226025115,-0.1170582771301275,,
ehrshot,normal,MCH,NORMA_normal,415.0,0.4024522068988846,1.3333433007789806,0.5401376327000135,0.7467902383691952,-0.0549797885389212,,
ehrshot,normal,MCH,NORMA_marginal,415.0,0.4607438080117108,1.527978928655084,0.6565948655168897,0.6258320921522516,-0.0481401117351651,,
ehrshot,normal,MCH,NORMA_marginal_freq,415.0,0.4096118797438297,1.3547686487136672,0.5521919883781002,0.7353622633217363,-0.1058661966673061,,
ehrshot,normal,MCH,NORMA_oracle,415.0,0.4024522068988846,1.3333433007789806,0.5401376327000135,0.7467902383691952,-0.0549797885389212,,
ehrshot,normal,MCH,Mean,415.0,0.8096608775492101,2.6952849796565355,1.131496959322483,-0.1111644885803135,0.0849177774230812,,
ehrshot,normal,MCH,Last,415.0,0.5138554639701383,1.7039083580250307,0.7421111301220639,0.5220202901023112,0.0039758613310664,,
ehrshot,normal,MCH,ARIMA,415.0,0.5662012234476536,1.8808080351425407,0.9238173587836512,0.2592975041745151,0.0251033167097156,,
ehrshot,normal,MCH,PopRI,415.0,0.9325301204819276,3.0898575471161163,1.085123944949891,-0.0219514518143961,-0.1590361445783132,,
ehrshot,normal,MCH,PerRI,415.0,0.8424680578380196,2.8035967748080823,1.2412628711311045,-0.3372084146410332,0.1159611737590469,,
ehrshot,normal,MCH,Gaussian_mle,415.0,0.5889858327683029,1.962039505334835,0.7706547231120379,0.4845444028290525,0.0465939765915261,,
ehrshot,normal,MCH,Gaussian_trunc,415.0,1.5200979055573265,5.052041117603332,3.4376776854385587,-9.256563689355794,0.2798480233446235,,
ehrshot,normal,MCH,Gaussian_eb,415.0,0.5843090040293937,1.9457866560427737,0.7665115785217522,0.4900718234704054,0.0414164692478148,,
ehrshot,normal,MCH,Cohen_m2,415.0,0.6953959168583514,2.31501322406542,0.8978086447982405,0.3004171785651442,0.0425020011074572,,
ehrshot,normal,MCH,Cohen_m3,415.0,0.8768749172716256,2.908484260231167,1.1646419622167756,-0.1772167654434537,0.2782117820647826,,
ehrshot,normal,MCH,Cohen_m4,415.0,0.7981829374382295,2.649262235606409,1.0599355814047506,0.0249418564172972,0.3109870359122038,,
ehrshot,all_states,MCH,NORMA_normal,693.0,0.9171834706228018,3.087505024768064,1.4598301654999453,0.6998922477194847,-0.0996149555773274,,
ehrshot,all_states,MCH,NORMA_marginal,693.0,0.551790217112127,1.840661858827332,0.8093746664041415,0.9077488559923284,-0.0765062714188501,,
ehrshot,all_states,MCH,NORMA_marginal_freq,693.0,0.923831120568563,3.0974048463195776,1.465723769851165,0.6974641753120637,-0.1524859791464507,,
ehrshot,all_states,MCH,NORMA_oracle,693.0,0.4464575961554722,1.49675399938933,0.6283511591853388,0.9443996675641642,-0.0407582887151368,,
ehrshot,all_states,MCH,Mean,693.0,1.0316936351336223,3.494730346697282,1.5098984851001422,0.6789534215394494,0.0551319833926128,,
ehrshot,all_states,MCH,Last,693.0,0.5639249886957254,1.8865747997011808,0.8348946511766315,0.9018396937959255,0.0020201695429814,,
ehrshot,all_states,MCH,ARIMA,693.0,0.6396692871794671,2.148049612402437,1.0606957434433648,0.8415638796919406,0.0101585358786004,,
ehrshot,all_states,MCH,PopRI,693.0,2.0465367965367967,6.937178397701296,2.667449154676616,-0.0019933676127144,-0.118975468975469,,
ehrshot,all_states,MCH,PerRI,693.0,1.0754681526089256,3.644920045745349,1.6326816081143605,0.6246161812166122,0.0670948056121981,,
ehrshot,all_states,MCH,Gaussian_mle,693.0,1.575766113891171,5.381462388166861,2.3395790001170447,0.2291888715754441,0.0353771226282038,,
ehrshot,all_states,MCH,Gaussian_trunc,693.0,2.6098838802851905,8.763777756684803,4.457337332973996,-1.797844367582445,0.3790481556449034,,
ehrshot,all_states,MCH,Gaussian_eb,693.0,1.564054918203835,5.344407991059429,2.3285249554620666,0.2364555222085491,0.040709680199583,,
ehrshot,all_states,MCH,Cohen_m2,693.0,1.3591813306271772,4.637833549383563,1.9204094387040265,0.4806499106116173,0.0405684560580344,,
ehrshot,all_states,MCH,Cohen_m3,693.0,1.433246321905227,4.925787912903125,1.970948027904421,0.452955202708902,0.3025954066244898,,
ehrshot,all_states,MCH,Cohen_m4,693.0,1.177718098407872,4.094176067389639,1.6837001801929596,0.6007894005008738,0.4033949534098308,,
ehrshot,normal,MCHC,NORMA_normal,394.0,0.3851270549793534,1.128116734419499,0.4893751090343391,0.4538056807751152,-0.0791390491621143,,
ehrshot,normal,MCHC,NORMA_marginal,394.0,0.5441824136904448,1.5932618107065697,0.6929092031006796,-0.095004958386508,-0.4231517955868738,,
ehrshot,normal,MCHC,NORMA_marginal_freq,394.0,0.8917346160454974,2.6003276257725405,1.051451482237013,-1.5214008894341426,-0.8774396071106729,,
ehrshot,normal,MCHC,NORMA_oracle,394.0,0.3851270549793534,1.128116734419499,0.4893751090343391,0.4538056807751152,-0.0791390491621143,,
ehrshot,normal,MCHC,Mean,394.0,0.5502989825927145,1.6187870404980562,0.7251687151316557,-0.1993378669690215,-0.1782444214201324,,
ehrshot,normal,MCHC,Last,394.0,0.5355330646340617,1.5745169255995717,0.6988024479675948,-0.1137103659901552,-0.1543146975754481,,
ehrshot,normal,MCHC,ARIMA,394.0,0.5827377997875864,1.716881505970881,0.9688705592104206,-1.140892916371813,-0.1106818761938747,,
ehrshot,normal,MCHC,PopRI,394.0,0.7286802030456854,2.1644706207073496,0.8537020010512947,-0.6621722418347775,0.5388324873096446,,
ehrshot,normal,MCHC,PerRI,394.0,0.5758398843320582,1.6948525854715135,0.7578734713222983,-0.3099563879668987,-0.1506400734113866,,
ehrshot,normal,MCHC,Gaussian_mle,394.0,0.4819041892008469,1.4207914512016242,0.6083993535678246,0.1558086177642151,0.1178424167518541,,
ehrshot,normal,MCHC,Gaussian_trunc,394.0,1.1652844634356987,3.4564003157482226,2.3886301937459966,-12.012515566558529,-0.652069783278151,,
ehrshot,normal,MCHC,Gaussian_eb,394.0,0.4633978190039548,1.3650413300991138,0.5754681875481579,0.2447233343109298,0.0920207294323287,,
ehrshot,normal,MCHC,Cohen_m2,394.0,0.7072006477317228,2.074275343540576,0.8824420429145048,-0.775970752354709,-0.5134028691325696,,
ehrshot,normal,MCHC,Cohen_m3,394.0,0.5274990856344928,1.542332197299879,0.6932506567025697,-0.0960844230827009,-0.291910179254367,,
ehrshot,normal,MCHC,Cohen_m4,394.0,0.4790991439432055,1.3992486481381683,0.6340422919837662,0.0831466397602859,-0.2763072347883037,,
ehrshot,all_states,MCHC,NORMA_normal,679.0,0.7982242449393856,2.483101828757436,1.1101801610420468,0.2597859701141056,0.5090634414830159,,
ehrshot,all_states,MCHC,NORMA_marginal,679.0,0.5554210893128333,1.6768039648278823,0.7129552848656928,0.6947223757769404,-0.1327838446949658,,
ehrshot,all_states,MCHC,NORMA_marginal_freq,679.0,0.7985072484498845,2.398849681700238,0.993787154813038,0.4068600914081437,-0.2881564696027996,,
ehrshot,all_states,MCHC,NORMA_oracle,679.0,0.4086885938237096,1.2390667427958568,0.5239503614726202,0.835126568647105,-0.0358702343588198,,
ehrshot,all_states,MCHC,Mean,679.0,0.6991536102947855,2.139345766729793,0.925207604147933,0.4858986136631351,0.1957083290740468,,
ehrshot,all_states,MCHC,Last,679.0,0.5717231728015838,1.7319825622509215,0.7483905095565152,0.6636225058273152,0.0088365231768196,,
ehrshot,all_states,MCHC,ARIMA,679.0,0.6491763511882986,1.971507524012272,1.0065255116226404,0.3915569115492066,0.0732116413091711,,
ehrshot,all_states,MCHC,PopRI,679.0,1.5147275405007363,4.710630150422318,1.892186087178668,-1.1502951617514636,1.383946980854197,,
ehrshot,all_states,MCHC,PerRI,679.0,0.7257645498668331,2.220137942792093,0.967804073468538,0.4374705299590692,0.2108498964252226,,
ehrshot,all_states,MCHC,Gaussian_mle,679.0,1.090238692791021,3.398805535158984,1.4926430976237244,-0.3380808088840681,0.8583862039938571,,
ehrshot,all_states,MCHC,Gaussian_trunc,679.0,1.6307509713358326,5.017359822080205,2.6572430306573303,-3.240654995996484,-0.0920026453659921,,
ehrshot,all_states,MCHC,Gaussian_eb,679.0,1.0682862644638829,3.330861880907671,1.458878829426571,-0.2782294874808257,0.8309755266809384,,
ehrshot,all_states,MCHC,Cohen_m2,679.0,0.8276715268793795,2.5302246236291484,1.066317295384308,0.317121727478347,0.0447945590574015,,
ehrshot,all_states,MCHC,Cohen_m3,679.0,0.8568674416183898,2.6470835822342385,1.146712252273712,0.2102688044276144,0.3513501960855523,,
ehrshot,all_states,MCHC,Cohen_m4,679.0,0.8315783931861395,2.573557299083188,1.1280114233358196,0.2358169800793681,0.3637555859752541,,
ehrshot,normal,MCV,NORMA_normal,596.0,1.1857962691543884,1.3141825645926497,1.7102379962500929,0.8295647055092806,0.105166072973469,,
ehrshot,normal,MCV,NORMA_marginal,596.0,1.2508872447192134,1.384443637396815,1.8294312686421488,0.8049802348504483,0.2213619960467709,,
ehrshot,normal,MCV,NORMA_marginal_freq,596.0,1.2020959503382858,1.3346831543266409,1.7361187623436818,0.8243673336121227,0.2596896861192006,,
ehrshot,normal,MCV,NORMA_oracle,596.0,1.1857962691543884,1.3141825645926497,1.7102379962500929,0.8295647055092806,0.105166072973469,,
ehrshot,normal,MCV,Mean,596.0,2.2683014582278327,2.5263900498054817,3.235322647711739,0.3900677048591746,0.1476365724857046,,
ehrshot,normal,MCV,Last,596.0,1.3113256800094706,1.447266445113966,2.016892764198256,0.7629652337225767,0.0614933577159908,,
ehrshot,normal,MCV,ARIMA,596.0,1.5054599542154177,1.6642540902857523,2.571242323603879,0.6147590458685794,0.083748274515135,,
ehrshot,normal,MCV,PopRI,596.0,3.597902684563759,3.955428271763359,4.362046980382077,-0.1087333499873528,-1.3660234899328858,,
ehrshot,normal,MCV,PerRI,596.0,2.349940505222752,2.6151918270721106,3.4302680864978017,0.3143498753133034,0.0857389772704476,,
ehrshot,normal,MCV,Gaussian_mle,596.0,2.002625437790756,2.225143057352927,2.751130174189151,0.5589694092757977,-0.1097221556768482,,
ehrshot,normal,MCV,Gaussian_trunc,596.0,3.4386636926810903,3.839042939631481,9.456622162826044,-4.210969221864358,-0.0078405918993147,,
ehrshot,normal,MCV,Gaussian_eb,596.0,1.9868550750128264,2.20894052974003,2.723514692295296,0.5677789853851954,-0.0760755859078095,,
ehrshot,normal,MCV,Cohen_m2,596.0,2.269669462370392,2.5441828145852403,3.15025331241808,0.4217210452733552,0.6063210173741281,,
ehrshot,normal,MCV,Cohen_m3,596.0,2.492318113698255,2.7840223455773305,3.322698300884736,0.356678223860297,0.7192191335178859,,
ehrshot,normal,MCV,Cohen_m4,596.0,2.165620962565377,2.410639482578924,2.9850792022549446,0.4807719443605435,0.6891703535246375,,
ehrshot,all_states,MCV,NORMA_normal,708.0,1.6478504676603325,1.8036259776490144,2.5557794191854777,0.8336520824349971,-0.1848635183215814,,
ehrshot,all_states,MCV,NORMA_marginal,708.0,1.3144779659783663,1.455663027099822,1.940638255027049,0.9040909017489368,0.1565588763328291,,
ehrshot,all_states,MCV,NORMA_marginal_freq,708.0,1.655577521660089,1.8176569162518992,2.556517505094168,0.833555989022779,-0.0322900037635178,,
ehrshot,all_states,MCV,NORMA_oracle,708.0,1.1796562927590923,1.3068742456388085,1.720433786843542,0.9246216620821656,0.0765422109830178,,
ehrshot,all_states,MCV,Mean,708.0,2.6212985170745235,2.895341664178556,3.817071372023372,0.628951062486703,-0.118479075638097,,
ehrshot,all_states,MCV,Last,708.0,1.3511300879009698,1.494091599961368,2.0780718513665724,0.8900255621769289,0.0833334604899089,,
ehrshot,all_states,MCV,ARIMA,708.0,1.548386092971921,1.7075478257710976,2.677590364942492,0.8174176029373105,0.1278787026129552,,
ehrshot,all_states,MCV,PopRI,708.0,5.033898305084746,5.515785668271396,6.547409135236684,-0.0917157889521069,-1.89774011299435,,
ehrshot,all_states,MCV,PerRI,708.0,2.7228651976545377,3.0012429576469035,4.035926223373426,0.5851825009326599,-0.2194514020442937,,
ehrshot,all_states,MCV,Gaussian_mle,708.0,3.1380738922616955,3.4842136403636337,4.858485175965553,0.3988644732872719,-0.470277032635521,,
ehrshot,all_states,MCV,Gaussian_trunc,708.0,4.714316831582992,5.244822177949239,10.929130861123278,-2.041878641171425,0.1377445789328922,,
ehrshot,all_states,MCV,Gaussian_eb,708.0,3.0857299650148966,3.432564621725519,4.776211871170034,0.4190512805812179,-0.3972777738565573,,
ehrshot,all_states,MCV,Cohen_m2,708.0,2.810141605441853,3.127008108762141,3.98834199078951,0.594906370788841,0.2316365409032098,,
ehrshot,all_states,MCV,Cohen_m3,708.0,3.1510450309279268,3.51907330458484,4.353206161531356,0.5173980174041009,0.4036556373208254,,
ehrshot,all_states,MCV,Cohen_m4,708.0,2.614492606039101,2.9120607677197303,3.644917943907477,0.6616656108814356,0.4361457156596217,,
ehrshot,normal,MPV,NORMA_normal,18.0,0.6256873236762153,6.12560210024512,0.8076284459797619,0.5696908271118222,0.1320513195461698,,
ehrshot,normal,MPV,NORMA_marginal,18.0,0.6250953782541325,6.118566631345752,0.8068165882860171,0.5705555173659184,0.1303801083773106,,
ehrshot,normal,MPV,NORMA_marginal_freq,18.0,0.6246237812752914,6.112820210289786,0.8062057026038575,0.5712055837449965,0.1289188112738317,,
ehrshot,normal,MPV,NORMA_oracle,18.0,0.6256873236762153,6.12560210024512,0.8076284459797619,0.5696908271118222,0.1320513195461698,,
ehrshot,normal,MPV,Mean,18.0,0.4431922591869804,4.428334284284683,0.5491639745412799,0.801041971447695,-0.091367552510818,,
ehrshot,normal,MPV,Last,18.0,0.4111111958821614,4.1034098960804215,0.4784234007110781,0.8489981676316649,0.0888888676961264,,
ehrshot,normal,MPV,ARIMA,18.0,0.366178715703547,3.543463661861056,0.4702245029943097,0.8541293554282792,0.0430175478102549,,
ehrshot,normal,MPV,PopRI,18.0,0.9666666666666668,9.874969865339548,1.231981240838422,-0.0013031438345005,-0.0444444444444443,,
ehrshot,normal,MPV,PerRI,18.0,0.4923400365364449,4.8467529577720985,0.6683340506389063,0.7053241353419446,-0.1218496553473106,,
ehrshot,normal,MPV,Gaussian_mle,18.0,0.4244355576940318,4.19832548334704,0.5298018814005209,0.8148241349048864,-0.0488974364722952,,
ehrshot,normal,MPV,Gaussian_trunc,18.0,0.7581156851108958,8.01221317205337,1.4265167773719118,-0.3424903030298674,-0.2428437351890379,,
ehrshot,normal,MPV,Gaussian_eb,18.0,0.4404519466642427,4.347746961882678,0.5496684659755665,0.800676256544042,-0.0598975560156738,,
ehrshot,all_states,MPV,NORMA_normal,24.0,1.0467408736546835,13.40721219415815,1.5033585610992086,0.5265387586302379,0.4878529946009318,,
ehrshot,all_states,MPV,NORMA_marginal,24.0,0.946716703586672,12.027651570732832,1.3312684352981672,0.6287294066799675,0.4404089746990909,,
ehrshot,all_states,MPV,NORMA_marginal_freq,24.0,1.0449385918946714,13.380091161288144,1.500713097691437,0.528203594134482,0.4841958967576581,,
ehrshot,all_states,MPV,NORMA_oracle,24.0,0.6072702328364055,6.379642725470291,0.7788830589380716,0.8729122186704712,0.1133454879124959,,
ehrshot,all_states,MPV,Mean,24.0,0.7555268161193508,9.770281465705906,1.2296229990369878,0.6832597628048951,0.1559958541821768,,
ehrshot,all_states,MPV,Last,24.0,0.4375000596046448,4.567476183604402,0.5358016113376087,0.9398594614316113,0.0041666467984518,,
ehrshot,all_states,MPV,ARIMA,24.0,0.7887311649634606,10.916224648493989,1.5954996842884182,0.466723154353017,0.4264075948717849,,
ehrshot,all_states,MPV,PopRI,24.0,1.675,20.15547733818126,2.202082347839578,-0.0158425348055688,0.275,,
ehrshot,all_states,MPV,PerRI,24.0,0.7752001687226127,9.740768462021377,1.2223406067032625,0.6870004153877993,0.1138634166272322,,
ehrshot,all_states,MPV,Gaussian_mle,24.0,1.1463028587467146,14.622624235279536,1.8858162760068464,0.2549969655265054,0.2850531131219689,,
ehrshot,all_states,MPV,Gaussian_trunc,24.0,1.7204542783716403,22.46453512667722,3.0111603327010346,-0.8994464031909648,-0.2552239840029838,,
ehrshot,all_states,MPV,Gaussian_eb,24.0,1.0771620412158087,14.214810301935474,1.730800918709992,0.3724425113692973,0.3668985611120847,,
ehrshot,normal,NA,NORMA_normal,483.0,1.4901358405008571,1.0684588893447833,1.8792722063194705,0.2334303118648704,0.0086438354744921,,
ehrshot,normal,NA,NORMA_marginal,483.0,1.6560181677775905,1.1866697928379102,2.121046770508824,0.0234988682275422,-0.3775342269827878,,
ehrshot,normal,NA,NORMA_marginal_freq,483.0,1.4777413467694458,1.0574514875784065,1.8932851225478653,0.22195573618534,-0.3163472156470597,,
ehrshot,normal,NA,NORMA_oracle,483.0,1.4901358405008571,1.0684588893447833,1.8792722063194705,0.2334303118648704,0.0086438354744921,,
ehrshot,normal,NA,Mean,483.0,2.026768282211717,1.4519667030403578,2.5820042181814977,-0.4470587232267111,-0.6765139416403786,,
ehrshot,normal,NA,Last,483.0,2.191511387163561,1.5708728619032613,2.858009702869765,-0.7729629433208094,-0.5144927536231884,,
ehrshot,normal,NA,ARIMA,483.0,2.13824816947243,1.5326097470385704,3.3494274362075127,-1.435080975177612,-0.6160029699022078,,
ehrshot,normal,NA,PopRI,483.0,2.116977225672878,1.529554631621437,2.5165086399592687,-0.3745771251207213,1.313664596273292,,
ehrshot,normal,NA,PerRI,483.0,2.126345349367519,1.523378616675624,2.7416678630035154,-0.6315558455181269,-0.6482022498524571,,
ehrshot,normal,NA,Gaussian_mle,483.0,1.654091411351604,1.1866744877726942,2.0973151741799394,0.0452280340220282,0.0619251444338855,,
ehrshot,normal,NA,Gaussian_trunc,483.0,8.241194513585627,5.925853354801132,13.924070641873213,-41.08280664307805,-4.53342913127326,,
ehrshot,normal,NA,Gaussian_eb,483.0,1.6009577081163366,1.1480890890921336,2.0153206836401494,0.118422321989817,0.0166455167702358,,
ehrshot,normal,NA,Cohen_m2,483.0,1.823128267845012,1.3074213013740923,2.321653714154075,-0.1699495830822706,0.0288467565185041,,
ehrshot,normal,NA,Cohen_m3,483.0,1.8005543584408967,1.2931169115320351,2.2100513167532188,-0.0601735788676158,0.2839562710274327,,
ehrshot,normal,NA,Cohen_m4,483.0,1.8744564016906864,1.3469536837715077,2.3117727349282085,-0.1600121430615162,0.3709235023514331,,
ehrshot,all_states,NA,NORMA_normal,692.0,2.44270068923862,1.8005540322430933,3.2777618860700235,0.3221999473027476,1.1374748097678828,,
ehrshot,all_states,NA,NORMA_marginal,692.0,2.120740505486689,1.5515774420889066,2.7584608001987303,0.5199566810129677,0.4675414156974177,,
ehrshot,all_states,NA,NORMA_marginal_freq,692.0,2.3647159831340248,1.739777700407626,3.180112817277528,0.3619835873642876,0.8202823437994418,,
ehrshot,all_states,NA,NORMA_oracle,692.0,1.4383737861765602,1.045120597766868,1.8450964863294568,0.7852243905722365,0.0550176146402524,,
ehrshot,all_states,NA,Mean,692.0,2.528541016465477,1.841612788499647,3.3811243042726096,0.2787778246341904,0.0842684980793638,,
ehrshot,all_states,NA,Last,692.0,2.258670520231214,1.6416085698983511,3.002527836741006,0.4312506918678436,-0.0115606936416184,,
ehrshot,all_states,NA,ARIMA,692.0,2.327181874000816,1.6930100483693085,3.4787620852502896,0.2365224827229097,-0.0840460246373907,,
ehrshot,all_states,NA,PopRI,692.0,3.794075144508671,2.807419541723067,4.887277041319912,-0.5068870925365683,2.834537572254335,,
ehrshot,all_states,NA,PerRI,692.0,2.6456210147246497,1.9277207732506123,3.578030939302037,0.1923280885730621,0.1057669340008723,,
ehrshot,all_states,NA,Gaussian_mle,692.0,2.966368867128282,2.187386195074466,4.028402526203225,-0.0237938483285438,1.4356081670160976,,
ehrshot,all_states,NA,Gaussian_trunc,692.0,9.248721908141182,6.733665812340512,14.307104307300817,-11.913687815376742,-4.557923487036098,,
ehrshot,all_states,NA,Gaussian_eb,692.0,2.9473706507005595,2.1737767840662894,4.006670256211057,-0.0127773974256328,1.4126822970031072,,
ehrshot,all_states,NA,Cohen_m2,692.0,2.957410051643504,2.175550282784741,3.895598308855246,0.0425962291979664,1.2922169018343004,,
ehrshot,all_states,NA,Cohen_m3,692.0,3.146674249902626,2.320810060207809,4.147664623409709,-0.085310641529946,1.6821688392947864,,
ehrshot,all_states,NA,Cohen_m4,692.0,3.162141502248069,2.3311458874243693,4.147604549427608,-0.0852792028936002,1.7091250336928174,,
ehrshot,normal,PLT,NORMA_normal,482.0,27.246769378788738,10.890281562337616,38.95168999930196,0.6977877097105529,-2.4851839057637446,,
ehrshot,normal,PLT,NORMA_marginal,482.0,29.17533352529584,11.66871263938827,41.94440257486762,0.6495649494948584,-4.86833114951942,,
ehrshot,normal,PLT,NORMA_marginal_freq,482.0,27.394344325052806,10.750122307365126,39.58033632532679,0.687954106122598,-6.451792989171162,,
ehrshot,normal,PLT,NORMA_oracle,482.0,27.246769378788738,10.890281562337616,38.95168999930196,0.6977877097105529,-2.4851839057637446,,
ehrshot,normal,PLT,Mean,482.0,51.68534702034388,20.723581362263545,70.03834537472514,0.0229174282958352,-13.18655996938336,,
ehrshot,normal,PLT,Last,482.0,33.64315352697096,13.560778165013826,47.862820487955375,0.5436940975290188,-2.7095435684647304,,
ehrshot,normal,PLT,ARIMA,482.0,44.23150535783302,18.15544819943872,87.22701767380157,-0.5155196084790135,0.94538963111741,,
ehrshot,normal,PLT,PopRI,482.0,77.26659751037344,36.6853544176045,87.76428079465181,-0.5342463836275697,51.78941908713693,,
ehrshot,normal,PLT,PerRI,482.0,57.01950039341196,22.79738961934774,79.15195432967961,-0.2479086545056299,-19.90469722905188,,
ehrshot,normal,PLT,Gaussian_mle,482.0,46.2751058137879,19.14441111514921,61.09260170453614,0.2565756996928013,-0.3757250454959381,,
ehrshot,normal,PLT,Gaussian_trunc,482.0,109.77310035235917,46.77236298091626,238.3300362408432,-10.31402332738464,-49.17453690108156,,
ehrshot,normal,PLT,Gaussian_eb,482.0,44.3986167117953,18.04175631234453,58.8567743805517,0.3099947010044959,-2.954527611321962,,
ehrshot,normal,PLT,Cohen_m2,482.0,48.56128461529111,18.79713025623483,67.13325477718051,0.1022923659880956,-16.67840455874368,,
ehrshot,normal,PLT,Cohen_m3,482.0,47.4275831167134,19.33714507720428,63.22379581599105,0.2038028026766571,-1.642774969710356,,
ehrshot,normal,PLT,Cohen_m4,482.0,48.94880885207307,21.33216805073864,64.34501854659801,0.1753125746898053,15.550483165440223,,
ehrshot,all_states,PLT,NORMA_normal,692.0,38.943676204350645,90.90528889995412,55.43873257358111,0.718797365274035,11.638477512866777,,
ehrshot,all_states,PLT,NORMA_marginal,692.0,28.69877897158388,48.31506122953324,44.703946890440825,0.8171543905077909,-2.322083303956318,,
ehrshot,all_states,PLT,NORMA_marginal_freq,692.0,38.45422894361065,88.48843773431658,55.13251928159245,0.7218952058544806,7.98800878152331,,
ehrshot,all_states,PLT,NORMA_oracle,692.0,24.22082936557042,31.63123501858842,36.04322150783058,0.8811388299057769,-2.1309066204666403,,
ehrshot,all_states,PLT,Mean,692.0,54.55381891285333,78.83177995078641,75.26868730973274,0.4816519328208933,-0.1013159562255905,,
ehrshot,all_states,PLT,Last,692.0,30.934248554913296,49.37376198342604,47.03543354398384,0.7975848091100798,-1.564306358381503,,
ehrshot,all_states,PLT,ARIMA,692.0,39.80901335331298,52.24553160520008,78.23854086141067,0.4399403506530861,0.6642454455109947,,
ehrshot,all_states,PLT,PopRI,692.0,116.41401734104046,220.57063953052435,137.23267365920253,-0.7230895508501836,88.89956647398844,,
ehrshot,all_states,PLT,PerRI,692.0,58.24505595253153,84.0121104561399,82.91694158577633,0.370958426801936,-7.102986065659716,,
ehrshot,all_states,PLT,Gaussian_mle,692.0,78.01681707931317,164.87218631834568,105.29034294660156,-0.0143080681344123,36.61130100249715,,
ehrshot,all_states,PLT,Gaussian_trunc,692.0,136.27468029851968,208.97380739665965,249.30073526660533,-4.686432892649717,-29.38439222386444,,
ehrshot,all_states,PLT,Gaussian_eb,692.0,74.01869265843028,161.2952075693706,100.40303908324096,0.0776696138185735,31.77098974651709,,
ehrshot,all_states,PLT,Cohen_m2,692.0,62.610984383290905,117.26826513376652,82.72558686102242,0.3738584658165815,8.31153003053169,,
ehrshot,all_states,PLT,Cohen_m3,692.0,71.58870787427604,143.4629169122504,92.53039653710448,0.2166395411537153,28.6258905443842,,
ehrshot,all_states,PLT,Cohen_m4,692.0,79.14990373291721,167.6031718880905,104.8850228858204,-0.0065138472262951,48.761313708531375,,
ehrshot,normal,RBC,NORMA_normal,180.0,0.1948754609425862,4.218565615621003,0.25288219564964,0.6362354433479889,0.0149706363677978,,
ehrshot,normal,RBC,NORMA_marginal,180.0,0.2558044980490824,5.47863918682681,0.3398558861121112,0.3429877512021725,-0.1385926531039584,,
ehrshot,normal,RBC,NORMA_marginal_freq,180.0,0.3943698319031481,8.26623981706493,0.4817895346350703,-0.3203789691218495,-0.3833727215352359,,
ehrshot,normal,RBC,NORMA_oracle,180.0,0.1948754609425862,4.218565615621003,0.25288219564964,0.6362354433479889,0.0149706363677978,,
ehrshot,normal,RBC,Mean,180.0,0.4737646765653235,10.079877063572836,0.6255014477866153,-1.225566177670423,-0.3744229904684295,,
ehrshot,normal,RBC,Last,180.0,0.2935555566681757,6.33725299393773,0.4243740476991994,-0.024428160489841,-0.0948889003859626,,
ehrshot,normal,RBC,ARIMA,180.0,0.3203287972150345,6.898570590282162,0.4824021957385818,-0.3237391881383682,-0.1221894432434886,,
ehrshot,normal,RBC,PopRI,180.0,0.3338888888888888,7.40918369617433,0.3915056406575346,0.1281135641105052,0.2266666666666665,,
ehrshot,normal,RBC,PerRI,180.0,0.4767304344890642,10.158111759619269,0.6553845658043257,-1.443297177867842,-0.3715625451462006,,
ehrshot,normal,RBC,Gaussian_mle,180.0,0.2310063689584266,5.032737757013988,0.3012401957419205,0.4838098459883606,0.0324553131971179,,
ehrshot,normal,RBC,Gaussian_trunc,180.0,0.7463339544935388,16.03235758754812,1.4474378223733144,-10.917460132304733,-0.3792898057462666,,
ehrshot,normal,RBC,Gaussian_eb,180.0,0.222694212021998,4.828455931450101,0.2880782614482593,0.5279316880580305,0.0077767787276962,,
ehrshot,normal,RBC,Cohen_m2,180.0,0.4191825681262546,8.805539258274306,0.5529091538766798,-0.7389673755779229,-0.314255870713128,,
ehrshot,normal,RBC,Cohen_m3,180.0,0.3090682189729478,6.55624864872004,0.4001991128638343,0.0889627861173436,-0.113337402873569,,
ehrshot,normal,RBC,Cohen_m4,180.0,0.2995436253017848,6.28613074804194,0.4012120975474867,0.084344911188867,-0.1524564425150552,,
ehrshot,all_states,RBC,NORMA_normal,702.0,0.7793856146804289,25.64774095454662,0.9948107157495424,-0.5745212029445368,0.7260275741452166,,
ehrshot,all_states,RBC,NORMA_marginal,702.0,0.2304544785262114,6.574672869429761,0.316777074539195,0.8403477323659334,0.0375186662145414,,
ehrshot,all_states,RBC,NORMA_marginal_freq,702.0,0.3682112843652234,10.885092771230582,0.4560026501176636,0.669171940746653,0.1301942331638702,,
ehrshot,all_states,RBC,NORMA_oracle,702.0,0.1930568795326429,5.5569923946292095,0.2649672862707725,0.8883002709580047,0.0241289419190496,,
ehrshot,all_states,RBC,Mean,702.0,0.4284170325190848,12.431202828279668,0.553948396731605,0.5117905028965166,0.0524496895981876,,
ehrshot,all_states,RBC,Last,702.0,0.2461894596132457,6.79878663637557,0.3627711196071399,0.7906210513868281,-0.0110327686135925,,
ehrshot,all_states,RBC,ARIMA,702.0,0.2853415923367823,7.994398622544178,0.4280772443774482,0.708450776802857,-0.0079005245904073,,
ehrshot,all_states,RBC,PopRI,702.0,1.3075213675213673,42.14166840264115,1.5241005941481096,-2.6956843319755195,1.268005698005698,,
ehrshot,all_states,RBC,PerRI,702.0,0.4335758890920389,12.49510819012811,0.5821989071757521,0.4607248903849965,0.0340005931158716,,
ehrshot,all_states,RBC,Gaussian_mle,702.0,1.1660366722776416,38.1759779408787,1.426389573680127,-2.2370090626220893,1.105597832431421,,
ehrshot,all_states,RBC,Gaussian_trunc,702.0,1.3821360500443145,42.74703275654092,1.7273071327813314,-3.7468634277093296,0.7946863542547566,,
ehrshot,all_states,RBC,Gaussian_eb,702.0,1.1172188487367176,36.667033972002585,1.3727905013318085,-1.9983072508297743,1.0515656545214271,,
ehrshot,all_states,RBC,Cohen_m2,702.0,0.6497443746637416,20.88374461185524,0.7983255069483267,-0.0139758579017117,0.4215376902034141,,
ehrshot,all_states,RBC,Cohen_m3,702.0,0.938250535600885,30.723876795389867,1.1324429960433748,-1.0403294779298058,0.818856920802016,,
ehrshot,all_states,RBC,Cohen_m4,702.0,0.7747310253425881,25.406448232256484,0.9470570480431844,-0.4269865670314055,0.6448785289264473,,
ehrshot,normal,RDW,NORMA_normal,332.0,0.3542331437030471,2.6784897921780964,0.4892712817732738,0.5843979526000365,-0.0041273467512015,,
ehrshot,normal,RDW,NORMA_marginal,332.0,0.453221186782402,3.409733745586625,0.6758302780554094,0.2070359150618614,0.1893866951420784,,
ehrshot,normal,RDW,NORMA_marginal_freq,332.0,0.4535676779900028,3.498826638409442,0.6071113590826691,0.3600958227464901,0.3479084491427093,,
ehrshot,normal,RDW,NORMA_oracle,332.0,0.3542331437030471,2.6784897921780964,0.4892712817732738,0.5843979526000365,-0.0041273467512015,,
ehrshot,normal,RDW,Mean,332.0,0.9322984260909648,7.034962497640118,1.422688501034611,-2.5139685529895703,0.6780192613198803,,
ehrshot,normal,RDW,Last,332.0,0.4798193184726209,3.6147634129723687,0.7625456769004463,-0.0095084407365584,0.1942771118807505,,
ehrshot,normal,RDW,ARIMA,332.0,0.6062267753104621,4.570583154595085,1.0847598582578346,-1.0428921486528813,0.2604605841018229,,
ehrshot,normal,RDW,PopRI,332.0,1.607530120481928,11.787344316685264,1.7589101910674587,-4.371128694581668,-1.586746987951807,,
ehrshot,normal,RDW,PerRI,332.0,0.8793566617411368,6.643684548028975,1.3594452090342053,-2.2084970550164016,0.5805009935120242,,
ehrshot,normal,RDW,Gaussian_mle,332.0,0.4996647467626381,3.7762731430796377,0.6898586280947723,0.1737748154033543,-0.0012241699513808,,
ehrshot,normal,RDW,Gaussian_trunc,332.0,1.292418380957005,9.617697474561648,3.4616179065670925,-19.80350374975999,0.8853720696906187,,
ehrshot,normal,RDW,Gaussian_eb,332.0,0.4810813762010156,3.6492653728250697,0.6543825463440837,0.256567329143836,0.0337288748458108,,
ehrshot,normal,RDW,Cohen_m2,332.0,0.6415984285883158,4.924269680118068,0.8635761734275785,-0.2947309530094062,0.3383528761116856,,
ehrshot,normal,RDW,Cohen_m3,332.0,0.808365439219647,6.187890860488664,1.0336804881579522,-0.855029690764765,0.6188883183950401,,
ehrshot,normal,RDW,Cohen_m4,332.0,0.91311854626759,6.933387121506077,1.1789379454143725,-1.4130155484341462,0.7950361699943083,,
ehrshot,all_states,RDW,NORMA_normal,718.0,1.65355207368856,9.11821921169328,2.7709637526875737,-0.0570240448386452,-1.47543962340501,,
ehrshot,all_states,RDW,NORMA_marginal,718.0,0.592152118146617,3.735941291722212,0.9887400774608808,0.8654178526815032,-0.0332091427090138,,
ehrshot,all_states,RDW,NORMA_marginal_freq,718.0,1.5238018043647814,8.524880079109494,2.524261987740734,0.1228133128016878,-1.1284006160049669,,
ehrshot,all_states,RDW,NORMA_oracle,718.0,0.5242795920305598,3.2598602278651856,0.902972681642786,0.8877536054491214,-0.0198207013122218,,
ehrshot,all_states,RDW,Mean,718.0,1.2893983102670146,7.949348679281008,1.8628052926324188,0.5222968517511557,-0.2014505463881451,,
ehrshot,all_states,RDW,Last,718.0,0.5816156315604292,3.726060904965918,0.987484361433274,0.8657594786534242,0.0409470728180867,,
ehrshot,all_states,RDW,ARIMA,718.0,0.6934885277128342,4.474012516030746,1.179983272553686,0.8083208483094335,0.0645416601490416,,
ehrshot,all_states,RDW,PopRI,718.0,3.7566852367688015,22.205847581622383,4.615689454078367,-1.932893818703146,-3.747075208913648,,
ehrshot,all_states,RDW,PerRI,718.0,1.31651103337249,8.026708491028439,2.0013439088669,0.4486001741380854,-0.3397548056435727,,
ehrshot,all_states,RDW,Gaussian_mle,718.0,2.5962532973715904,14.630158161466497,3.822331702642381,-1.0113142108615345,-2.3657765961162456,,
ehrshot,all_states,RDW,Gaussian_trunc,718.0,3.501888300190342,20.79591022852805,5.440977523610034,-3.0754638085334687,-0.9834807597022064,,
ehrshot,all_states,RDW,Gaussian_eb,718.0,2.520280074861894,14.168916916110453,3.741278036445991,-0.9269176104757764,-2.282234109196788,,
ehrshot,all_states,RDW,Cohen_m2,718.0,2.024619882418917,11.508548851660455,2.9933364241880325,-0.2334860375907266,-1.56546701680983,,
ehrshot,all_states,RDW,Cohen_m3,718.0,1.8164856753973573,10.486877405861645,2.671940478389738,0.0171737763695554,-1.1072625083179528,,
ehrshot,all_states,RDW,Cohen_m4,718.0,1.473075824195628,8.698496345417162,2.170765432313837,0.351292421727617,-0.5134395084009197,,
ehrshot,normal,TBIL,NORMA_normal,414.0,0.095003251997745,18.267662543814488,0.1274289250131635,0.6025660180384886,-0.0053772707924174,,
ehrshot,normal,TBIL,NORMA_marginal,414.0,0.1106081683855077,20.585163610148165,0.165057246156599,0.3331960725380835,-0.0035351957602213,,
ehrshot,normal,TBIL,NORMA_marginal_freq,414.0,0.0942055747860025,17.81909083441184,0.1277459976933604,0.600585741807294,-0.0147400931638355,,
ehrshot,normal,TBIL,NORMA_oracle,414.0,0.095003251997745,18.267662543814488,0.1274289250131635,0.6025660180384886,-0.0053772707924174,,
ehrshot,normal,TBIL,Mean,414.0,0.1737225552321278,34.15343292253779,0.2417335795546805,-0.4302202582850223,0.0800897743762918,,
ehrshot,normal,TBIL,Last,414.0,0.1270531418890768,24.76827494927651,0.2081665986844039,-0.060598604833989,0.0280193278970925,,
ehrshot,normal,TBIL,ARIMA,414.0,0.1428995824191187,28.15405226456528,0.2308725383037738,-0.3045884063924238,0.0411769353172828,,
ehrshot,normal,TBIL,PopRI,414.0,0.2169082125603865,50.9855804421022,0.2515651489268523,-0.5489232878277264,0.1497584541062802,,
ehrshot,normal,TBIL,PerRI,414.0,0.1580117517217176,29.7901286755139,0.2309848735425778,-0.305858257755778,0.0341302187171641,,
ehrshot,normal,TBIL,Gaussian_mle,414.0,0.129814471755618,26.27504374195481,0.1694234632323903,0.2974518908817534,0.0254945630900857,,
ehrshot,normal,TBIL,Gaussian_trunc,414.0,0.7839580695273637,165.562421865098,1.295851496591562,-40.09977349409687,-0.4850717582186046,,
ehrshot,normal,TBIL,Gaussian_eb,414.0,0.1286323137361546,26.18722284148456,0.1670569086161489,0.3169415941130105,0.0236497814205113,,
ehrshot,normal,TBIL,Cohen_m2,414.0,0.1785190679600849,33.997520878471626,0.261500505079699,-0.6736861536017722,0.0654303749978254,,
ehrshot,normal,TBIL,Cohen_m3,414.0,0.185088024061659,38.94253126018332,0.2576205522900207,-0.6243887500325374,0.0781977844267075,,
ehrshot,normal,TBIL,Cohen_m4,414.0,0.1598813312497116,33.29382332122376,0.2150138817732752,-0.1315192813740093,0.0702688149352004,,
ehrshot,all_states,TBIL,NORMA_normal,495.0,0.1604706268418919,24.58459297775573,0.294038207475851,0.483668666682154,-0.0658923328464681,,
ehrshot,all_states,TBIL,NORMA_marginal,495.0,0.1403794428360502,23.334599986933945,0.2333892819903119,0.6747009735056674,-0.0323771921456056,,
ehrshot,all_states,TBIL,NORMA_marginal_freq,495.0,0.1606912703365912,24.076997125885164,0.297533710153517,0.4713194862407187,-0.0754179959559186,,
ehrshot,all_states,TBIL,NORMA_oracle,495.0,0.1088283816401404,17.942889632439798,0.1654586210793787,0.8365067793790236,-0.0118046808814761,,
ehrshot,all_states,TBIL,Mean,495.0,0.2095511408963896,38.55672749197946,0.3144536867848524,0.4094803826986196,0.0319888513631389,,
ehrshot,all_states,TBIL,Last,495.0,0.1429292960088662,25.12264911746488,0.2391166399147213,0.6585394414372421,0.007575760908199,,
ehrshot,all_states,TBIL,ARIMA,495.0,0.1652677635455594,29.459957612873502,0.272661122789358,0.5560159328584414,0.0170663064258693,,
ehrshot,all_states,TBIL,PopRI,495.0,0.3068686868686869,68.14984702116114,0.4164544914325495,-0.0357526385086011,0.0773737373737374,,
ehrshot,all_states,TBIL,PerRI,495.0,0.1972843284197806,33.954944133139016,0.3160959661362521,0.4032961293743038,-0.0118747432501479,,
ehrshot,all_states,TBIL,Gaussian_mle,495.0,0.2099007041169339,36.4946861955358,0.3524635551858217,0.2580931469012444,-0.0422017940799384,,
ehrshot,all_states,TBIL,Gaussian_trunc,495.0,0.8556507939332344,193.40689740911168,1.3306352804733177,-9.57399293858313,-0.5381806233238531,,
ehrshot,all_states,TBIL,Gaussian_eb,495.0,0.2108949450547325,36.69858992173421,0.3559041473487795,0.2435381239311149,-0.0452386843800862,,
ehrshot,all_states,TBIL,Cohen_m2,495.0,0.224203581123641,40.42380165876079,0.3480297834154217,0.2766411983277376,0.0145283016652771,,
ehrshot,all_states,TBIL,Cohen_m3,495.0,0.2466731758551164,48.57735450953281,0.363526454712738,0.2107892544490649,0.0224316275240194,,
ehrshot,all_states,TBIL,Cohen_m4,495.0,0.2208920628133446,42.938926105601695,0.3314611265047464,0.3438756556728727,0.0150469732766199,,
ehrshot,normal,TC,NORMA_normal,86.0,14.17073387323424,8.968069869383656,17.447105958278865,0.6086821820288779,-2.993594058724337,,
ehrshot,normal,TC,NORMA_marginal,86.0,15.342792980162104,9.823445293153595,18.99786325280056,0.5360273929444667,2.9046555902971978,,
ehrshot,normal,TC,NORMA_marginal_freq,86.0,14.903498438403547,10.030967367741903,17.8324271545278,0.5912067244982431,5.368508347456254,,
ehrshot,normal,TC,NORMA_oracle,86.0,14.17073387323424,8.968069869383656,17.447105958278865,0.6086821820288779,-2.993594058724337,,
ehrshot,normal,TC,Mean,86.0,23.778808837223018,16.447213297635894,30.91656826477124,-0.228755256093343,15.481793982624747,,
ehrshot,normal,TC,Last,86.0,17.976744186046513,11.484841585764713,24.019856127214688,0.2583079404880118,3.488372093023256,,
ehrshot,normal,TC,ARIMA,86.0,29.122627823035707,19.16313587204609,45.33603023165904,-1.642225042889418,9.843486798185427,,
ehrshot,normal,TC,PopRI,86.0,24.5,15.78621552232371,29.063883125377128,-0.0859006744175172,-8.174418604651162,,
ehrshot,normal,TC,PerRI,86.0,23.652212095528675,16.25376938786939,33.20614867022049,-0.4174894719928372,13.18577334191692,,
ehrshot,normal,TC,Gaussian_mle,86.0,18.681381858805715,12.65643524499426,22.91968319227414,0.3246948735712418,2.5067746202664623,,
ehrshot,normal,TC,Gaussian_trunc,86.0,57.93209095141352,41.140531367318665,120.27225872358778,-17.59575262652451,44.05409400461617,,
ehrshot,normal,TC,Gaussian_eb,86.0,18.595559625498343,12.736896805265363,22.25857386155176,0.3630908383697966,3.259476387641598,,
ehrshot,normal,TC,Cohen_m2,86.0,22.1032363536746,15.531950377505732,29.29415155014005,-0.1031756671659549,11.216553089230556,,
ehrshot,normal,TC,Cohen_m3,86.0,21.47071093182231,14.983050618992529,26.04613336673072,0.1278938562682552,6.077764111895895,,
ehrshot,normal,TC,Cohen_m4,86.0,20.816545175951585,14.871215035933922,26.77512547467816,0.078392807558969,14.266580093738645,,
ehrshot,all_states,TC,NORMA_normal,122.0,26.44523820720735,14.447520976929177,37.47474453674332,0.3132510047063531,-15.687063873791304,,
ehrshot,all_states,TC,NORMA_marginal,122.0,21.570582676073087,12.537716987566617,31.609364472996127,0.511401421542219,-5.057972084879861,,
ehrshot,all_states,TC,NORMA_marginal_freq,122.0,25.00253857509619,14.543032311545732,34.17702861623248,0.4287985846587825,-7.295561981728775,,
ehrshot,all_states,TC,NORMA_oracle,122.0,16.04643424612577,9.581428289868107,21.3967846252047,0.7761187612707496,-4.104388127561475,,
ehrshot,all_states,TC,Mean,122.0,27.22226362720223,17.41600263296684,35.71859100411244,0.3761081555366885,5.947141274949111,,
ehrshot,all_states,TC,Last,122.0,23.508196721311474,13.718922625331368,33.974194642983726,0.4355584029858591,-2.360655737704918,,
ehrshot,all_states,TC,ARIMA,122.0,34.46681398254022,20.477448421266967,54.69937253061911,-0.4631382356700928,5.439002079255626,,
ehrshot,all_states,TC,PopRI,122.0,40.9344262295082,22.995651811461016,51.66347601641184,-0.3052326131524998,-24.983606557377048,,
ehrshot,all_states,TC,PerRI,122.0,28.049585639864503,17.71448772848226,38.59408636908657,0.271612977262438,3.565032253322296,,
ehrshot,all_states,TC,Gaussian_mle,122.0,31.73394891788359,18.228808361881327,42.56688233813778,0.1139374999644415,-13.168926465002537,,
ehrshot,all_states,TC,Gaussian_trunc,122.0,61.0408076719876,39.072134464439856,111.83642272093624,-5.116277827938066,19.05070762577412,,
ehrshot,all_states,TC,Gaussian_eb,122.0,31.815523407888392,18.41159956492601,42.24239580144537,0.1273948862779197,-12.594672500539016,,
ehrshot,all_states,TC,Cohen_m2,122.0,28.227432626192687,17.766683049952118,37.64315201486572,0.3070647832704135,-0.8731474329213655,,
ehrshot,all_states,TC,Cohen_m3,122.0,30.84654848692847,18.821806055091137,38.96388010551683,0.2575878556673957,-7.367054798563972,,
ehrshot,all_states,TC,Cohen_m4,122.0,27.869204786957287,17.764912561331208,36.110419835772575,0.362345033974224,1.5128913003890232,,
ehrshot,normal,TP,NORMA_normal,353.0,0.3035624177192493,4.395116725930636,0.4002760221016964,0.4539090398193939,0.0240675766812505,,
ehrshot,normal,TP,NORMA_marginal,353.0,0.331895241815139,4.805677781822207,0.4403647518846563,0.3390464553682842,-0.0116919495514702,,
ehrshot,normal,TP,NORMA_marginal_freq,353.0,0.3016545493063028,4.344569681356683,0.4000005452956273,0.4546604394492717,-0.015452523708412,,
ehrshot,normal,TP,NORMA_oracle,353.0,0.3035624177192493,4.395116725930636,0.4002760221016964,0.4539090398193939,0.0240675766812505,,
ehrshot,normal,TP,Mean,353.0,0.4488364819792877,6.476525975168046,0.5915281572841237,-0.1926051533460435,-0.0481385451304024,,
ehrshot,normal,TP,Last,353.0,0.4025495831757024,5.784666416618357,0.5749984502507364,-0.1268839294352257,-0.0376770538243626,,
ehrshot,normal,TP,ARIMA,353.0,0.4392481069602116,6.366580587888874,0.6959011428166099,-0.6505965631373802,-0.023688228678481,,
ehrshot,normal,TP,PopRI,353.0,0.461756373937677,6.73818365318356,0.5431520637040321,-0.0055153504753036,0.0402266288951841,,
ehrshot,normal,TP,PerRI,353.0,0.4775485268799881,6.896510858894233,0.649346881723827,-0.4371409213564927,-0.0412701467746915,,
ehrshot,normal,TP,Gaussian_mle,353.0,0.3836315564972449,5.575884948147597,0.4852202691896442,0.1975394225951975,0.0251789580993056,,
ehrshot,normal,TP,Gaussian_trunc,353.0,1.3922735968428226,20.148022882249418,2.5657218529064854,-21.43701010283108,0.0009333661438451,,
ehrshot,normal,TP,Gaussian_eb,353.0,0.374387675681972,5.4511592225793,0.4703247062909073,0.2460519487623119,0.0235381234703594,,
ehrshot,normal,TP,Cohen_m2,353.0,0.4124085045401165,5.956482124995508,0.525065437457642,0.0603357580502236,-0.0260898892670109,,
ehrshot,normal,TP,Cohen_m3,353.0,0.4197932378428516,5.997036675642202,0.5226810969857689,0.0688504774540583,-0.1093890735853157,,
ehrshot,normal,TP,Cohen_m4,353.0,0.407565198741621,5.868656028932686,0.5191790210543147,0.081286480191989,-0.060878978707635,,
ehrshot,all_states,TP,NORMA_normal,503.0,0.4843567649128422,7.987228850036128,0.6660306591061096,0.5421328360486417,0.1626071527985408,,
ehrshot,all_states,TP,NORMA_marginal,503.0,0.4069582083982551,6.347390210492354,0.5575530855105627,0.679134145333353,0.0444292308244404,,
ehrshot,all_states,TP,NORMA_marginal_freq,503.0,0.4790525636738694,7.849316467559666,0.6605676891279406,0.5496131413328349,0.1239960289142883,,
ehrshot,all_states,TP,NORMA_oracle,503.0,0.2988551200502672,4.581552937710365,0.4027079546325959,0.8326092431678277,0.025451389600932,,
ehrshot,all_states,TP,Mean,503.0,0.5561217396688399,8.729046891999873,0.7458873530066513,0.4257545755900928,0.0571378189006765,,
ehrshot,all_states,TP,Last,503.0,0.4222664036760273,6.432296866355862,0.6217400002545149,0.6010038780922914,-0.0011928374440248,,
ehrshot,all_states,TP,ARIMA,503.0,0.4497675733319378,6.894288528861018,0.7112947664610604,0.4777838687860034,0.0079908548076215,,
ehrshot,all_states,TP,PopRI,503.0,0.8109343936381709,13.55494826201312,1.0370761008557678,-0.1101260882882375,0.3266401590457256,,
ehrshot,all_states,TP,PerRI,503.0,0.5712400250178236,8.935785639823647,0.7851451826883855,0.3637160078462823,0.0529802186679033,,
ehrshot,all_states,TP,Gaussian_mle,503.0,0.6908350324737208,11.612099764477666,0.938175730757647,0.091511477748581,0.274960301508783,,
ehrshot,all_states,TP,Gaussian_trunc,503.0,1.7420296195377556,27.32331524669412,2.826896397596424,-7.248421418067847,0.0378367681927958,,
ehrshot,all_states,TP,Gaussian_eb,503.0,0.6886068457495291,11.588739074529524,0.9327200642603922,0.1020468156548537,0.2760881872849545,,
ehrshot,all_states,TP,Cohen_m2,503.0,0.6289893711537538,10.322246390050267,0.8148673157331964,0.3146303737692238,0.1750505047337435,,
ehrshot,all_states,TP,Cohen_m3,503.0,0.6598358935437667,10.738094834480426,0.8459397653026468,0.2613649071218559,0.1133165052349477,,
ehrshot,all_states,TP,Cohen_m4,503.0,0.6102797946209462,9.912026003915,0.7914209833875543,0.3535035000322052,0.1208364073372266,,
ehrshot,normal,WBC,NORMA_normal,456.0,1.082443896511145,15.23440595287843,1.3880922268258211,0.396813287273094,-0.0728748371726588,,
ehrshot,normal,WBC,NORMA_marginal,456.0,1.1843552854344075,16.864746123769113,1.580212820541159,0.2182888913041003,0.0928138718015916,,
ehrshot,normal,WBC,NORMA_marginal_freq,456.0,1.0869884420714775,15.450826922989352,1.3883613969547417,0.3965793322317924,-0.0042117764375102,,
ehrshot,normal,WBC,NORMA_oracle,456.0,1.082443896511145,15.23440595287843,1.3880922268258211,0.396813287273094,-0.0728748371726588,,
ehrshot,normal,WBC,Mean,456.0,2.0632353926209217,30.196987092225346,2.7184247611519665,-1.3133948073865556,1.030274740638395,,
ehrshot,normal,WBC,Last,456.0,1.5234649316783535,21.823914018211248,2.215847048566797,-0.537073660494721,0.4853070261708477,,
ehrshot,normal,WBC,ARIMA,456.0,1.918593638479266,26.547277023180595,3.390715210428276,-2.5991317988734584,0.6702390737350865,,
ehrshot,normal,WBC,PopRI,456.0,1.5837719298245616,24.11383170693597,1.8297852428871864,-0.0481305101893339,0.3921052631578947,,
ehrshot,normal,WBC,PerRI,456.0,1.9824257317373204,28.578113984130145,2.681263216484928,-1.2505777564010216,0.5478020254171515,,
ehrshot,normal,WBC,Gaussian_mle,456.0,1.393768768745991,20.31716457578804,1.666341766196915,0.130752837994117,0.1641026738265141,,
ehrshot,normal,WBC,Gaussian_trunc,456.0,5.440554079078977,79.55551590367989,9.624060502316926,-27.99558069608152,-1.4283319209090135,,
ehrshot,normal,WBC,Gaussian_eb,456.0,1.3731516650875897,20.04943023493269,1.6234949809080024,0.1748801742635485,0.1275365511670882,,
ehrshot,normal,WBC,Cohen_m2,456.0,1.959654228519975,28.09624170280208,2.54506917672161,-1.0277495056468222,0.7381837646166484,,
ehrshot,normal,WBC,Cohen_m3,456.0,1.667220280044957,23.99685475067004,2.072959742461608,-0.3452309720067672,0.0904106294899656,,
ehrshot,normal,WBC,Cohen_m4,456.0,1.5590320852764863,22.29486200883829,1.9509313817223384,-0.1915138940461691,0.1276112424699883,,
ehrshot,all_states,WBC,NORMA_normal,691.0,2.11625279358948,62.27427916002871,3.3166867677193044,0.3908396735497709,-0.8617762562852519,,
ehrshot,all_states,WBC,NORMA_marginal,691.0,1.6910258423093758,44.19138735176672,2.482394641837559,0.6587565336604574,-0.4294351953866648,,
ehrshot,all_states,WBC,NORMA_marginal_freq,691.0,2.110805143923377,63.3901729205148,3.288955146929041,0.4009837607715597,-0.7903632299215609,,
ehrshot,all_states,WBC,NORMA_oracle,691.0,1.1804216905026634,16.57313292342957,1.729009224539818,0.834454524678568,-0.1003265732966697,,
ehrshot,all_states,WBC,Mean,691.0,2.476261138109973,77.7658463435768,3.365702022703043,0.3727018279486562,0.3646207495273482,,
ehrshot,all_states,WBC,Last,691.0,1.64725037420926,21.901796120347257,2.448299715278404,0.6680659089035033,0.1921128858511596,,
ehrshot,all_states,WBC,ARIMA,691.0,1.9589163360006847,26.87411234153256,3.305434621915004,0.3949659201842226,0.3441664225945081,,
ehrshot,all_states,WBC,PopRI,691.0,3.133863965267728,108.322025399146,4.27919528661792,-0.0140209028829418,-0.5031837916063676,,
ehrshot,all_states,WBC,PerRI,691.0,2.438521234364761,74.9384332933959,3.436282942347676,0.3461162763857098,-0.0788825867814427,,
ehrshot,all_states,WBC,Gaussian_mle,691.0,2.751427016707547,94.88991341908176,4.00407163745698,0.1121770395870715,-0.7521198182684592,,
ehrshot,all_states,WBC,Gaussian_trunc,691.0,6.711364613789277,195.6653335954202,10.415088255283122,-5.006875121232602,-2.823991712833964,,
ehrshot,all_states,WBC,Gaussian_eb,691.0,2.777858661003392,95.49861145612536,4.024407415375447,0.1031360334606831,-0.7828838411567097,,
ehrshot,all_states,WBC,Cohen_m2,691.0,2.686078949637075,84.11431776562738,3.6804385741894734,0.2498953768183396,-0.0352686761947168,,
ehrshot,all_states,WBC,Cohen_m3,691.0,2.720935604782767,80.72406252407053,3.8240064027251015,0.1902332949204542,-0.7660268025184334,,
ehrshot,all_states,WBC,Cohen_m4,691.0,2.669288090652046,87.51390774605203,3.788784739032923,0.2050815860966978,-0.7521912057216882,,
ehrshot,normal,pooled,NORMA_normal,9223.0,3.0976204094037723,7.56853846506967,9.762549996625916,0.977297462565738,-0.2415693357143848,,
ehrshot,normal,pooled,NORMA_marginal,9223.0,3.5178978696682486,8.68057388746131,10.794770480054735,0.9722428620457008,0.1005019951514161,,
ehrshot,normal,pooled,NORMA_marginal_freq,9223.0,3.365632642748244,8.508234375592052,10.111553938419556,0.9756452506605432,0.0575008581027054,,
ehrshot,normal,pooled,NORMA_oracle,9223.0,3.0976204094037723,7.56853846506967,9.762549996625916,0.977297462565738,-0.2415693357143848,,
ehrshot,normal,pooled,Mean,9223.0,5.832257804000116,14.525162672443098,17.81803069317632,0.9243746732974908,0.660826818637712,,
ehrshot,normal,pooled,Last,9223.0,4.158172707743285,10.44262613528948,12.658228727421792,0.961832498076082,0.4032455154909923,,
ehrshot,normal,pooled,ARIMA,9223.0,5.195026986696616,12.483622052848649,21.776549506034588,0.8870396596521746,0.9557324526281756,,
ehrshot,normal,pooled,PopRI,9223.0,6.922230835953593,15.069804591595954,21.087326694582167,0.8940768442477139,2.44189580396834,,
ehrshot,normal,pooled,PerRI,9223.0,5.920178040592896,13.449594476272718,19.69561845775093,0.9075967804198226,-0.2795394874635901,,
ehrshot,normal,pooled,Gaussian_mle,9223.0,4.5482047966839225,10.180566755383216,14.882905068869215,0.9472377531312092,0.0251383034516793,,
ehrshot,normal,pooled,Gaussian_trunc,9223.0,12.6472510239139,40.32593646635154,59.08090301993393,0.1685385703546674,-2.0614937108201707,,
ehrshot,normal,pooled,Gaussian_eb,9223.0,4.415907694266887,10.027487597794376,14.366009676505945,0.9508390612149542,-0.107118383006052,,
ehrshot,normal,pooled,Cohen_m2,9223.0,5.086847471882299,12.68988823046433,16.54519434473775,0.9347933927447492,-0.3570575959774169,,
ehrshot,normal,pooled,Cohen_m3,9223.0,5.287126702816216,13.894316005396618,15.990465310520126,0.9390925999012618,1.1619823240908111,,
ehrshot,normal,pooled,Cohen_m4,9223.0,5.30050541061015,13.16166840432044,16.15751515877231,0.9378133728352732,2.2108275244676228,,
ehrshot,all_states,pooled,NORMA_normal,15458.0,6.663560988388398,19.93609494514572,19.6689553206567,0.9003985529120526,-1.992070209660973,,
ehrshot,all_states,pooled,NORMA_marginal,15458.0,4.472844232896409,12.186663197144265,13.887283862083684,0.9503478925958524,-1.0232907788631016,,
ehrshot,all_states,pooled,NORMA_marginal_freq,15458.0,5.914220817985791,17.35595753371795,18.058461800204853,0.916041519446782,-1.6762185017978135,,
ehrshot,all_states,pooled,NORMA_oracle,15458.0,3.584381970255788,8.5884418588095,11.111698265880047,0.9682119461394808,-0.47955272925212,,
ehrshot,all_states,pooled,Mean,15458.0,6.782082230451676,19.85750027549318,20.10752306098694,0.8959073148694815,-0.1695525598479952,,
ehrshot,all_states,pooled,Last,15458.0,4.832515003785369,11.977553598014756,14.71737655409696,0.944234722958425,-0.2279348277183473,,
ehrshot,all_states,pooled,ARIMA,15458.0,5.7074986183621865,13.84403597644548,21.432357369326688,0.8817386193038798,0.0863713431645333,,
ehrshot,all_states,pooled,PopRI,15458.0,12.42571160564109,37.48669040434593,34.999084879863204,0.6846328606782026,0.8141764781989906,,
ehrshot,all_states,pooled,PerRI,15458.0,7.111536795284249,19.53585415797653,22.21807902042158,0.8729086260638864,-1.2323303836210828,,
ehrshot,all_states,pooled,Gaussian_mle,15458.0,9.622956277533117,29.76082019083705,28.666817247757088,0.788426136722218,-1.0431322668879717,,
ehrshot,all_states,pooled,Gaussian_trunc,15458.0,15.856835957823629,56.55041399575088,59.01213196810402,0.1034269701805767,-3.079407136779334,,
ehrshot,all_states,pooled,Gaussian_eb,15458.0,9.394976675449442,29.397841534247803,27.80145879657486,0.8010068026226698,-1.2635952720207029,,
ehrshot,all_states,pooled,Cohen_m2,15458.0,8.59472090140683,24.892448955800216,24.69811044045696,0.8429526844749512,-1.9956245610020165,,
ehrshot,all_states,pooled,Cohen_m3,15458.0,8.902842044261229,27.40215163542856,25.51352572678544,0.8324115759963828,-0.3516743473345596,,
ehrshot,all_states,pooled,Cohen_m4,15458.0,8.615594855829281,27.332806254442765,26.54287260872653,0.8186160288131983,1.1208382872210882,,
ehrshot,all_states,median,ARIMA,,1.548386092971921,9.136660264780348,2.677590364942492,0.466723154353017,,29.0,15482.0
ehrshot,all_states,median,Cohen_m2,,2.596795146111898,21.10213937179432,3.4335575495403434,0.2193970463232267,,28.0,15458.0
ehrshot,all_states,median,Cohen_m3,,2.673842408437193,22.16630971486716,3.621227146971438,0.1206013871235223,,28.0,15458.0
ehrshot,all_states,median,Cohen_m4,,2.615458791092154,20.50581013858994,3.5352751816472425,0.2020490520510845,,28.0,15458.0
ehrshot,all_states,median,Gaussian_eb,,2.777858661003392,23.658367827843048,4.006670256211057,-0.0127773974256328,,29.0,15482.0
ehrshot,all_states,median,Gaussian_mle,,2.751427016707547,23.869918532073097,4.00407163745698,-0.0237938483285438,,29.0,15482.0
ehrshot,all_states,median,Gaussian_trunc,,4.714316831582992,40.01236995673242,10.415088255283122,-3.7468634277093296,,29.0,15482.0
ehrshot,all_states,median,Last,,1.3511300879009698,7.754419482503676,2.0780718513665724,0.6636225058273152,,29.0,15482.0
ehrshot,all_states,median,Mean,,2.2135395565374423,12.431202828279668,2.8382130927797897,0.468951605630325,,29.0,15482.0
ehrshot,all_states,median,NORMA_marginal,,1.3144779659783663,7.512269371524473,1.940638255027049,0.679134145333353,,29.0,15482.0
ehrshot,all_states,median,NORMA_marginal_freq,,1.655577521660089,13.380091161288144,2.556517505094168,0.4287985846587825,,29.0,15482.0
ehrshot,all_states,median,NORMA_normal,,2.11625279358948,16.827651766743802,2.96099036864209,0.3142931911921739,,29.0,15482.0
ehrshot,all_states,median,NORMA_oracle,,1.1292840564061726,6.196528517226961,1.4470395846706576,0.8365067793790236,,29.0,15482.0
ehrshot,all_states,median,PerRI,,2.3586810342399405,12.49510819012811,3.02870609134339,0.4032961293743038,,29.0,15482.0
ehrshot,all_states,median,PopRI,,3.568149210903874,31.951564136645025,4.615689454078367,-0.3052326131524998,,29.0,15482.0
ehrshot,normal,median,ARIMA,,1.5054599542154177,7.901546007251984,2.525877600620281,-0.7076478242038267,,29.0,9241.0
ehrshot,normal,median,Cohen_m2,,1.6859720915636776,8.789610073958467,2.105104400193322,-0.1596529281401982,,28.0,9223.0
ehrshot,normal,median,Cohen_m3,,1.5666549344901717,8.204458572788738,1.9336499769488915,-0.0781290009751584,,28.0,9223.0
ehrshot,normal,median,Cohen_m4,,1.463342117551877,6.814813977995631,1.8195241159631408,0.0423391212481878,,28.0,9223.0
ehrshot,normal,median,Gaussian_eb,,1.2496766681279137,5.638112233572986,1.5047756417841824,0.256567329143836,,29.0,9241.0
ehrshot,normal,median,Gaussian_mle,,1.255379664848835,5.920515020299449,1.5521111594745305,0.2044714743121608,,29.0,9241.0
ehrshot,normal,median,Gaussian_trunc,,3.4386636926810903,25.816578635925875,9.456622162826044,-19.37557750184217,,29.0,9241.0
ehrshot,normal,median,Last,,1.3113256800094706,7.016772130366741,2.016892764198256,-0.060598604833989,,29.0,9241.0
ehrshot,normal,median,Mean,,1.5826421968931692,9.844640319088274,1.983530129417129,-0.5295716010942515,,29.0,9241.0
ehrshot,normal,median,NORMA_marginal,,1.1843552854344075,6.094917122801338,1.580212820541159,0.3331960725380835,,29.0,9241.0
ehrshot,normal,median,NORMA_marginal_freq,,1.155305670887965,8.26623981706493,1.3921005346881488,0.3600958227464901,,29.0,9241.0
ehrshot,normal,median,NORMA_normal,,1.082443896511145,6.003978948685996,1.3880922268258211,0.5409563989142712,,29.0,9241.0
ehrshot,normal,median,NORMA_oracle,,1.082443896511145,6.003978948685996,1.3880922268258211,0.5409563989142712,,29.0,9241.0
ehrshot,normal,median,PerRI,,1.7608207176064827,9.347351373894687,2.240996050766596,-0.6237542871179573,,29.0,9241.0
ehrshot,normal,median,PopRI,,1.5837719298245616,9.874969865339548,1.7589101910674587,-0.0506591949565955,,29.0,9241.0
