method,analyte,decile,z_median,mortality_pct,ci_lo,ci_hi,n
Cohen_m2,A1C,7,2.2,8.9,4.4,17.2,79
Cohen_m2,HGB,3,0.41,3.8,3.5,4.1,17462
Cohen_m2,HGB,4,0.6,4.3,4.0,4.6,17900
Cohen_m2,HGB,5,0.8,5.6,5.2,5.9,16626
Cohen_m2,HGB,6,0.99,7.4,7.0,7.8,17488
Cohen_m2,HGB,7,1.24,9.3,8.8,9.7,17139
Cohen_m2,HGB,8,1.46,11.4,10.9,11.9,17408
Cohen_m2,HGB,9,1.81,17.4,16.8,17.9,17319
Cohen_m2,HGB,10,2.23,24.9,24.3,25.6,17220
Cohen_m2,K,1,0.05,7.1,6.7,7.4,21383
Cohen_m2,K,2,0.17,7.4,7.1,7.8,21282
Cohen_m2,K,3,0.29,7.5,7.2,7.9,21292
Cohen_m2,K,4,0.41,7.9,7.6,8.3,21324
Cohen_m2,K,5,0.56,8.4,8.1,8.8,21318
Cohen_m2,K,6,0.7,9.0,8.6,9.4,21341
Cohen_m2,K,7,0.85,9.6,9.3,10.0,21291
Cohen_m2,K,8,1.08,11.2,10.8,11.6,21332
Cohen_m2,K,9,1.35,12.9,12.4,13.3,21309
Cohen_m2,K,10,1.81,19.0,18.4,19.5,21313
Cohen_m2,NA,1,0.09,5.4,5.1,5.7,20102
Cohen_m2,HGB,2,0.24,2.8,2.6,3.1,17159
Cohen_m2,HGB,1,0.08,3.2,2.9,3.4,17487
Cohen_m2,HCT,10,3.2,27.4,26.8,28.0,21807
Cohen_m2,HCT,9,2.6,16.2,15.7,16.7,22462
Cohen_m2,CRE,9,0.7,11.5,11.1,12.0,18781
Cohen_m2,CRE,10,0.99,19.1,18.6,19.7,19289
Cohen_m2,GLU,1,0.27,7.0,6.7,7.3,31396
Cohen_m2,GLU,2,0.73,8.8,8.5,9.2,31263
Cohen_m2,GLU,3,1.29,6.0,5.8,6.3,31330
Cohen_m2,GLU,4,2.04,7.1,6.8,7.4,30931
Cohen_m2,GLU,5,2.83,6.9,6.6,7.2,31468
Cohen_m2,GLU,6,3.59,7.4,7.1,7.7,30665
Cohen_m2,GLU,7,4.62,8.3,8.0,8.6,30881
Cohen_m2,NA,2,0.26,5.6,5.3,6.0,19817
Cohen_m2,GLU,8,5.97,9.9,9.6,10.2,31201
Cohen_m2,GLU,10,11.17,13.8,13.5,14.2,30846
Cohen_m2,HCT,1,0.17,2.6,2.4,2.8,22214
Cohen_m2,HCT,2,0.48,2.8,2.6,3.0,22551
Cohen_m2,HCT,3,0.82,3.6,3.4,3.9,22366
Cohen_m2,HCT,4,1.12,4.8,4.6,5.1,21652
Cohen_m2,HCT,5,1.37,5.2,4.9,5.5,23631
Cohen_m2,HCT,6,1.63,7.0,6.7,7.4,20901
Cohen_m2,HCT,7,1.93,10.0,9.6,10.4,23267
Cohen_m2,HCT,8,2.29,12.2,11.8,12.7,21050
Cohen_m2,GLU,9,7.98,11.3,10.9,11.6,31275
Cohen_m2,NA,3,0.4,6.3,6.0,6.7,20033
Cohen_m2,NA,4,0.54,5.8,5.5,6.1,19900
Cohen_m2,NA,5,0.68,8.0,7.6,8.3,20303
Cohen_m2,TBIL,10,1.9,10.3,9.8,10.9,11165
Cohen_m2,TP,1,0.11,4.6,4.3,5.0,12851
Cohen_m2,TP,2,0.26,4.3,3.9,4.7,11066
Cohen_m2,TP,3,0.41,4.3,4.0,4.7,11999
Cohen_m2,TP,4,0.57,5.2,4.8,5.6,12020
Cohen_m2,TP,5,0.76,4.8,4.5,5.2,11967
Cohen_m2,TP,6,0.93,4.6,4.3,5.0,11838
Cohen_m2,TP,7,1.18,7.3,6.8,7.8,12017
Cohen_m2,TP,8,1.44,9.8,9.3,10.3,12790
Cohen_m2,TBIL,9,1.31,10.8,10.2,11.4,11043
Cohen_m2,TP,9,1.81,11.6,11.0,12.2,11063
Cohen_m2,WBC,1,0.07,6.7,6.3,7.1,15271
Cohen_m2,WBC,2,0.22,5.8,5.4,6.2,15283
Cohen_m2,WBC,3,0.39,5.5,5.1,5.8,15238
Cohen_m2,WBC,4,0.53,7.4,7.0,7.8,15265
Cohen_m2,WBC,5,0.69,7.2,6.8,7.7,15270
Cohen_m2,WBC,6,0.87,9.6,9.1,10.0,15281
Cohen_m2,WBC,7,1.1,8.0,7.6,8.4,15264
Cohen_m2,WBC,8,1.4,9.5,9.0,9.9,15622
Cohen_m2,WBC,9,1.79,11.2,10.7,11.7,15149
Cohen_m2,TP,10,2.51,26.1,25.3,26.9,11954
Cohen_m2,CRE,8,0.54,5.8,5.5,6.1,19702
Cohen_m2,TBIL,8,0.95,7.1,6.7,7.6,11294
Cohen_m2,TBIL,6,0.51,5.2,4.8,5.6,11159
Cohen_m2,NA,6,0.86,6.9,6.6,7.3,19687
Cohen_m2,NA,7,1.09,9.7,9.3,10.1,19930
Cohen_m2,NA,8,1.38,10.2,9.8,10.6,19938
Cohen_m2,NA,9,1.86,14.4,13.9,14.9,19930
Cohen_m2,NA,10,2.63,19.1,18.5,19.6,19951
Cohen_m2,PLT,1,0.05,4.0,3.7,4.3,14993
Cohen_m2,PLT,2,0.15,3.3,3.1,3.6,14968
Cohen_m2,PLT,3,0.25,3.8,3.5,4.1,14986
Cohen_m2,PLT,4,0.37,5.0,4.7,5.4,14970
Cohen_m2,TBIL,7,0.68,5.8,5.4,6.2,11164
Cohen_m2,PLT,5,0.49,5.3,4.9,5.6,15002
Cohen_m2,PLT,7,0.8,9.2,8.8,9.7,14966
Cohen_m2,PLT,8,1.01,13.7,13.1,14.2,14954
Cohen_m2,PLT,9,1.27,23.7,23.1,24.4,14974
Cohen_m2,PLT,10,1.69,10.5,10.0,11.0,14979
Cohen_m2,TBIL,1,0.04,5.5,5.1,6.0,11332
Cohen_m2,TBIL,2,0.12,4.6,4.2,5.0,11055
Cohen_m2,TBIL,3,0.2,5.2,4.8,5.6,11118
Cohen_m2,TBIL,4,0.29,5.6,5.2,6.1,11176
Cohen_m2,TBIL,5,0.39,5.5,5.1,5.9,11167
Cohen_m2,PLT,6,0.64,7.1,6.7,7.5,15001
Cohen_m2,WBC,10,2.65,11.5,11.0,12.0,14989
Cohen_m2,CRE,7,0.42,4.9,4.6,5.2,19371
Cohen_m2,CRE,5,0.25,2.9,2.7,3.2,19325
Cohen_m2,ALP,8,0.88,8.1,7.6,8.6,10694
Cohen_m2,ALP,9,1.22,11.3,10.7,11.9,10688
Cohen_m2,ALP,10,1.87,17.2,16.5,17.9,10696
Cohen_m2,ALT,1,0.05,6.2,5.7,6.7,9982
Cohen_m2,ALT,2,0.14,5.9,5.4,6.4,9976
Cohen_m2,ALT,3,0.25,5.6,5.1,6.0,9992
Cohen_m2,ALT,4,0.36,5.8,5.4,6.3,9959
Cohen_m2,ALT,5,0.48,7.2,6.7,7.7,9987
Cohen_m2,ALT,6,0.58,7.0,6.5,7.5,9965
Cohen_m2,ALT,7,0.7,7.0,6.5,7.5,9979
Cohen_m2,ALT,8,0.92,8.6,8.1,9.2,9981
Cohen_m2,ALT,9,1.23,8.7,8.2,9.3,9978
Cohen_m2,ALT,10,1.96,12.4,11.8,13.0,9962
Cohen_m2,AST,1,0.06,4.9,4.5,5.3,9920
Cohen_m2,AST,2,0.18,5.2,4.8,5.7,9929
Cohen_m2,AST,3,0.29,4.4,4.0,4.9,9937
Cohen_m2,AST,4,0.42,5.5,5.1,6.0,9932
Cohen_m2,AST,5,0.54,4.8,4.4,5.2,9872
Cohen_m2,AST,6,0.68,5.1,4.7,5.6,9926
Cohen_m2,ALP,7,0.65,5.9,5.5,6.4,10687
Cohen_m2,ALP,6,0.5,5.5,5.1,6.0,10592
Cohen_m2,ALP,5,0.39,5.4,5.0,5.9,10814
Cohen_m2,ALP,4,0.28,4.2,3.8,4.6,10688
Cohen_m2,A1C,4,0.92,9.2,4.5,17.8,76
Cohen_m2,A1C,3,0.71,1.4,0.2,7.5,72
Cohen_m2,A1C,2,0.45,3.8,1.3,10.6,79
Cohen_m2,A1C,1,0.14,5.1,2.0,12.5,78
Cohen_m2,A1C,8,2.91,2.7,0.8,9.5,73
Cohen_m2,A1C,9,3.67,7.6,3.5,15.6,79
Cohen_m2,A1C,10,5.5,5.4,2.1,13.1,74
Cohen_m2,ALB,1,0.11,3.0,2.7,3.3,13105
Cohen_m2,ALB,2,0.29,3.9,3.6,4.2,13277
Cohen_m2,AST,7,0.86,6.6,6.2,7.1,9922
Cohen_m2,ALB,3,0.43,4.3,4.0,4.7,12460
Cohen_m2,ALB,5,0.73,6.9,6.4,7.3,12966
Cohen_m2,ALB,6,0.87,8.0,7.5,8.4,12777
Cohen_m2,ALB,7,1.07,6.0,5.6,6.4,13027
Cohen_m2,ALB,8,1.33,9.2,8.8,9.7,13334
Cohen_m2,ALB,9,1.59,11.6,11.1,12.2,12518
Cohen_m2,ALB,10,2.04,21.7,21.0,22.5,12878
Cohen_m2,ALP,1,0.04,3.5,3.1,3.8,10746
Cohen_m2,ALP,2,0.12,3.7,3.4,4.1,10649
Cohen_m2,ALP,3,0.19,4.4,4.0,4.8,10709
Cohen_m2,ALB,4,0.58,5.3,4.9,5.7,13112
Cohen_m2,AST,8,1.09,6.2,5.8,6.7,9906
Cohen_m2,AST,9,1.44,9.7,9.2,10.3,9926
Cohen_m2,AST,10,2.38,15.7,15.0,16.5,9910
Cohen_m2,CL,5,0.99,7.2,6.8,7.6,14862
Cohen_m2,CL,6,1.29,8.1,7.6,8.5,14864
Cohen_m2,CL,7,1.62,10.1,9.6,10.6,14857
Cohen_m2,CL,8,2.03,9.6,9.2,10.1,14849
Cohen_m2,CL,9,2.57,15.4,14.8,16.0,14859
Cohen_m2,CL,10,3.46,22.5,21.8,23.2,14857
Cohen_m2,CO2,1,0.09,14.7,14.0,15.6,7302
Cohen_m2,CO2,2,0.29,14.9,14.1,15.8,7310
Cohen_m2,CO2,3,0.5,15.1,14.3,15.9,7296
Cohen_m2,CL,4,0.75,7.4,7.0,7.9,14837
Cohen_m2,CO2,4,0.71,14.1,13.3,14.9,7301
Cohen_m2,CO2,6,1.21,16.1,15.2,16.9,7339
Cohen_m2,CO2,7,1.54,17.6,16.7,18.5,7271
Cohen_m2,CO2,8,1.96,22.4,21.5,23.4,7285
Cohen_m2,CO2,9,2.47,25.6,24.6,26.6,7300
Cohen_m2,CO2,10,3.29,37.1,36.0,38.2,7300
Cohen_m2,CRE,1,0.03,2.6,2.4,2.9,19309
Cohen_m2,CRE,2,0.07,2.4,2.2,2.7,19279
Cohen_m2,CRE,3,0.13,2.4,2.2,2.6,19291
Cohen_m2,CRE,4,0.19,2.5,2.2,2.7,19291
Cohen_m2,CO2,5,0.94,17.6,16.8,18.5,7295
Cohen_m2,CRE,6,0.33,3.7,3.5,4.0,19280
Cohen_m2,CL,3,0.55,7.1,6.7,7.5,14873
Cohen_m2,CL,1,0.12,6.5,6.1,6.9,14869
Cohen_m2,BUN,1,0.07,4.3,4.0,4.7,12531
Cohen_m2,BUN,2,0.19,4.9,4.6,5.3,12510
Cohen_m2,BUN,3,0.33,4.3,4.0,4.7,12498
Cohen_m2,BUN,4,0.46,4.6,4.3,5.0,12521
Cohen_m2,BUN,5,0.62,4.0,3.7,4.4,12607
Cohen_m2,BUN,6,0.78,6.4,6.0,6.9,12415
Cohen_m2,BUN,7,1.0,6.6,6.2,7.1,12509
Cohen_m2,BUN,8,1.3,7.8,7.4,8.3,12516
Cohen_m2,BUN,9,1.84,11.4,10.9,12.0,12557
Cohen_m2,CL,2,0.34,6.2,5.8,6.6,14855
Cohen_m2,BUN,10,3.26,26.3,25.5,27.1,12464
Cohen_m2,CA,2,0.23,7.2,6.8,7.7,13933
Cohen_m2,CA,3,0.36,6.9,6.5,7.4,13227
Cohen_m2,CA,4,0.5,7.5,7.1,8.0,13259
Cohen_m2,CA,5,0.64,8.0,7.6,8.5,13172
Cohen_m2,CA,6,0.81,9.0,8.6,9.5,13429
Cohen_m2,CA,7,0.97,9.6,9.1,10.1,13477
Cohen_m2,CA,8,1.25,10.7,10.2,11.3,13766
Cohen_m2,CA,9,1.58,12.9,12.4,13.5,12913
Cohen_m2,CA,10,2.05,20.2,19.6,20.9,13395
Cohen_m2,CA,1,0.07,7.1,6.7,7.6,13399
Cohen_m2,A1C,5,1.28,3.8,1.3,10.6,79
Cohen_m2,A1C,6,1.64,5.5,2.2,13.3,73
Cohen_m3,WBC,10,2.06,18.5,17.9,19.1,15263
Cohen_m3,CA,9,1.46,15.4,14.8,16.0,13398
Cohen_m3,CA,8,1.17,11.4,10.8,11.9,13397
Cohen_m3,CA,7,0.97,9.7,9.2,10.2,13397
Cohen_m3,CA,6,0.78,9.1,8.6,9.6,13397
Cohen_m3,CA,5,0.61,7.3,6.9,7.8,13396
Cohen_m3,CA,4,0.46,6.6,6.1,7.0,13398
Cohen_m3,CA,3,0.32,6.7,6.3,7.1,13396
Cohen_m3,CA,2,0.19,6.2,5.8,6.6,13397
Cohen_m3,CA,1,0.06,5.9,5.5,6.3,13398
Cohen_m3,CA,10,2.04,21.1,20.4,21.8,13396
Cohen_m3,BUN,10,4.01,28.0,27.2,28.8,12513
Cohen_m3,BUN,8,1.45,7.5,7.0,7.9,12512
Cohen_m3,BUN,7,1.13,5.8,5.4,6.2,12513
Cohen_m3,BUN,6,0.94,5.6,5.2,6.0,12513
Cohen_m3,BUN,5,0.77,4.9,4.5,5.3,12511
Cohen_m3,BUN,4,0.59,4.1,3.7,4.4,12510
Cohen_m3,BUN,3,0.41,4.5,4.1,4.9,12516
Cohen_m3,BUN,2,0.24,4.0,3.6,4.3,12514
Cohen_m3,BUN,1,0.08,4.0,3.7,4.4,12513
Cohen_m3,AST,10,2.06,9.7,9.1,10.3,9918
Cohen_m3,BUN,9,2.0,12.4,11.9,13.0,12513
Cohen_m3,AST,9,1.65,9.2,8.7,9.8,9907
Cohen_m3,CL,1,0.13,6.4,6.1,6.9,14859
Cohen_m3,CL,3,0.64,7.8,7.4,8.3,14856
Cohen_m3,CRE,3,0.16,2.7,2.5,3.0,19292
Cohen_m3,CRE,2,0.09,2.5,2.3,2.8,19291
Cohen_m3,CRE,1,0.03,2.5,2.3,2.7,19293
Cohen_m3,CO2,10,4.2,47.2,46.1,48.4,7298
Cohen_m3,CO2,9,2.99,26.6,25.6,27.6,7302
Cohen_m3,CO2,8,2.34,21.3,20.4,22.3,7300
Cohen_m3,CO2,7,1.87,17.3,16.5,18.2,7299
Cohen_m3,CO2,6,1.5,16.1,15.2,16.9,7298
Cohen_m3,CO2,5,1.17,15.0,14.2,15.8,7301
Cohen_m3,CL,2,0.38,7.0,6.6,7.4,14860
Cohen_m3,CO2,4,0.89,13.4,12.6,14.2,7289
Cohen_m3,CO2,2,0.37,13.5,12.8,14.3,7300
Cohen_m3,CO2,1,0.12,11.6,10.9,12.4,7301
Cohen_m3,CL,10,4.33,22.3,21.6,23.0,14859
Cohen_m3,CL,9,3.16,14.6,14.0,15.2,14853
Cohen_m3,CL,8,2.46,9.8,9.4,10.3,14863
Cohen_m3,CL,7,1.94,8.9,8.5,9.4,14858
Cohen_m3,CL,6,1.57,7.9,7.4,8.3,14858
Cohen_m3,CL,5,1.23,7.4,7.0,7.8,14858
Cohen_m3,CL,4,0.92,8.0,7.5,8.4,14858
Cohen_m3,CO2,3,0.62,13.2,12.4,14.0,7311
Cohen_m3,CRE,4,0.22,2.6,2.3,2.8,19291
Cohen_m3,AST,8,1.36,6.2,5.8,6.7,9928
Cohen_m3,AST,6,0.96,7.1,6.6,7.6,9919
Cohen_m3,ALP,1,0.04,4.4,4.1,4.8,10697
Cohen_m3,ALB,10,3.4,32.7,31.9,33.5,12946
Cohen_m3,ALB,9,2.58,16.7,16.1,17.4,12944
Cohen_m3,ALB,8,2.08,10.1,9.6,10.6,12946
Cohen_m3,ALB,7,1.78,6.6,6.2,7.0,12946
Cohen_m3,ALB,6,1.4,3.5,3.2,3.8,12945
Cohen_m3,ALB,5,0.98,2.5,2.3,2.8,12945
Cohen_m3,ALB,4,0.72,2.0,1.7,2.2,12946
Cohen_m3,ALB,3,0.52,2.0,1.8,2.2,12945
Cohen_m3,ALP,2,0.12,4.3,4.0,4.8,10696
Cohen_m3,ALB,2,0.31,1.9,1.6,2.1,12944
Cohen_m3,A1C,10,6.36,7.9,3.7,16.2,76
Cohen_m3,A1C,9,4.43,2.6,0.7,9.0,77
Cohen_m3,A1C,8,3.48,7.9,3.7,16.2,76
Cohen_m3,A1C,7,2.77,6.6,2.8,14.5,76
Cohen_m3,A1C,6,1.89,1.3,0.2,7.1,76
Cohen_m3,A1C,5,1.52,6.7,2.9,14.7,75
Cohen_m3,A1C,4,1.15,6.5,2.8,14.3,77
Cohen_m3,A1C,3,0.87,5.3,2.1,12.8,76
Cohen_m3,A1C,2,0.49,3.9,1.4,11.0,76
Cohen_m3,ALB,1,0.1,1.7,1.5,1.9,12947
Cohen_m3,AST,7,1.15,5.7,5.3,6.2,9918
Cohen_m3,ALP,3,0.2,4.1,3.7,4.5,10698
Cohen_m3,ALP,5,0.4,4.8,4.4,5.2,10696
Cohen_m3,AST,5,0.79,6.5,6.0,7.0,9918
Cohen_m3,AST,4,0.62,5.7,5.2,6.1,9918
Cohen_m3,AST,3,0.45,5.7,5.2,6.1,9918
Cohen_m3,AST,2,0.28,6.4,6.0,6.9,9918
Cohen_m3,AST,1,0.09,6.0,5.5,6.5,9918
Cohen_m3,ALT,10,2.2,10.4,9.8,11.0,9975
Cohen_m3,ALT,9,1.61,10.4,9.8,11.0,9977
Cohen_m3,ALT,8,1.32,9.4,8.8,10.0,9975
Cohen_m3,ALT,7,1.13,7.0,6.5,7.5,9975
Cohen_m3,ALP,4,0.3,4.2,3.9,4.6,10695
Cohen_m3,ALT,6,0.97,6.5,6.0,7.0,9978
Cohen_m3,ALT,4,0.66,5.3,4.9,5.7,9977
Cohen_m3,ALT,3,0.5,6.0,5.6,6.5,9976
Cohen_m3,ALT,2,0.32,6.1,5.6,6.6,9976
Cohen_m3,ALT,1,0.11,6.9,6.5,7.5,9977
Cohen_m3,ALP,10,1.65,13.2,12.6,13.9,10697
Cohen_m3,ALP,9,1.16,11.8,11.2,12.4,10695
Cohen_m3,ALP,8,0.86,9.3,8.7,9.8,10697
Cohen_m3,ALP,7,0.66,8.0,7.5,8.5,10694
Cohen_m3,ALP,6,0.52,5.0,4.6,5.4,10698
Cohen_m3,ALT,5,0.82,6.3,5.9,6.8,9975
Cohen_m3,CRE,5,0.3,2.9,2.7,3.2,19292
Cohen_m3,A1C,1,0.15,5.2,2.0,12.6,77
Cohen_m3,CRE,7,0.49,4.4,4.1,4.7,19291
Cohen_m3,TBIL,5,0.46,6.6,6.2,7.1,11163
Cohen_m3,TBIL,4,0.34,4.5,4.1,4.9,11167
Cohen_m3,TBIL,3,0.24,4.2,3.8,4.6,11173
Cohen_m3,TBIL,2,0.14,4.1,3.7,4.5,11167
Cohen_m3,TBIL,1,0.04,4.1,3.8,4.5,11168
Cohen_m3,PLT,10,1.78,30.1,29.4,30.9,14979
Cohen_m3,PLT,9,1.39,18.5,17.9,19.1,14980
Cohen_m3,PLT,8,1.1,10.2,9.7,10.7,14978
Cohen_m3,PLT,7,0.87,6.0,5.6,6.4,14980
Cohen_m3,TBIL,6,0.6,6.1,5.7,6.6,11166
Cohen_m3,PLT,6,0.69,4.3,4.0,4.6,14979
Cohen_m3,PLT,4,0.4,3.9,3.6,4.3,14979
Cohen_m3,PLT,3,0.28,3.1,2.8,3.4,14979
Cohen_m3,PLT,2,0.17,2.9,2.6,3.2,14979
Cohen_m3,PLT,1,0.06,2.7,2.5,3.0,14980
Cohen_m3,NA,10,2.89,18.6,18.0,19.1,19956
Cohen_m3,NA,9,1.91,15.5,15.1,16.1,19958
Cohen_m3,NA,8,1.48,13.7,13.2,14.2,19963
Cohen_m3,NA,7,1.21,8.6,8.2,9.0,19959
Cohen_m3,NA,6,0.98,6.6,6.3,7.0,19959
Cohen_m3,PLT,5,0.54,3.9,3.6,4.2,14980
Cohen_m3,NA,5,0.75,6.1,5.8,6.5,19956
Cohen_m3,TBIL,7,0.75,5.6,5.2,6.1,11167
Cohen_m3,TBIL,9,1.21,7.9,7.4,8.4,11164
Cohen_m3,WBC,9,1.4,8.3,7.8,8.7,15264
Cohen_m3,WBC,8,1.11,7.1,6.7,7.5,15252
Cohen_m3,WBC,7,0.9,8.7,8.3,9.2,15274
Cohen_m3,WBC,6,0.73,7.4,7.0,7.9,15263
Cohen_m3,WBC,5,0.59,8.0,7.6,8.5,15263
Cohen_m3,WBC,4,0.45,5.5,5.1,5.9,15263
Cohen_m3,WBC,3,0.32,6.8,6.5,7.3,15263
Cohen_m3,WBC,2,0.19,5.8,5.4,6.2,15263
Cohen_m3,WBC,1,0.06,6.3,5.9,6.7,15264
Cohen_m3,TBIL,8,0.94,6.2,5.8,6.7,11171
Cohen_m3,TP,10,2.71,27.5,26.7,28.3,11951
Cohen_m3,TP,8,1.5,9.0,8.5,9.5,11957
Cohen_m3,TP,7,1.22,6.4,5.9,6.8,11949
Cohen_m3,TP,6,0.97,5.2,4.8,5.6,11963
Cohen_m3,TP,5,0.77,4.4,4.1,4.8,11957
Cohen_m3,TP,4,0.59,4.5,4.2,4.9,11954
Cohen_m3,TP,3,0.42,4.8,4.4,5.2,11958
Cohen_m3,TP,2,0.25,4.1,3.7,4.5,11957
Cohen_m3,TP,1,0.08,3.9,3.6,4.3,11957
Cohen_m3,TBIL,10,1.88,16.1,15.4,16.8,11167
Cohen_m3,TP,9,1.87,12.8,12.3,13.5,11962
Cohen_m3,NA,4,0.52,6.7,6.4,7.1,19962
Cohen_m3,CRE,6,0.39,4.1,3.8,4.4,19293
Cohen_m3,NA,2,0.19,5.5,5.2,5.8,19959
Cohen_m3,HCT,7,2.32,9.2,8.8,9.6,22190
Cohen_m3,HCT,6,1.99,7.6,7.2,7.9,22190
Cohen_m3,HCT,5,1.71,5.8,5.5,6.1,22190
Cohen_m3,HCT,4,1.39,4.4,4.1,4.7,22190
Cohen_m3,HCT,3,1.03,4.0,3.8,4.3,22190
Cohen_m3,HCT,2,0.64,2.9,2.6,3.1,22189
Cohen_m3,HCT,1,0.22,2.4,2.2,2.6,22192
Cohen_m3,GLU,10,16.87,13.6,13.2,14.0,31126
Cohen_m3,GLU,8,8.74,9.4,9.1,9.7,31125
Cohen_m3,HCT,8,2.67,12.5,12.0,12.9,22193
Cohen_m3,GLU,7,6.58,8.1,7.8,8.4,31126
Cohen_m3,GLU,5,3.51,7.4,7.1,7.6,31124
Cohen_m3,GLU,4,2.44,8.9,8.6,9.2,31124
Cohen_m3,GLU,3,1.65,8.2,7.9,8.5,31124
Cohen_m3,GLU,2,0.99,6.5,6.2,6.7,31130
Cohen_m3,GLU,1,0.32,6.2,6.0,6.5,31126
Cohen_m3,CRE,10,1.08,20.2,19.6,20.7,19292
Cohen_m3,CRE,9,0.78,9.2,8.8,9.6,19292
Cohen_m3,CRE,8,0.62,6.7,6.4,7.1,19291
Cohen_m3,NA,3,0.34,5.9,5.5,6.2,19959
Cohen_m3,GLU,6,4.92,7.2,6.9,7.5,31126
Cohen_m3,HCT,9,3.04,15.9,15.4,16.4,22190
Cohen_m3,GLU,9,11.89,11.1,10.8,11.5,31125
Cohen_m3,HGB,1,0.08,2.6,2.4,2.9,17323
Cohen_m3,HCT,10,3.68,26.7,26.1,27.3,22187
Cohen_m3,K,10,1.48,22.0,21.4,22.5,21319
Cohen_m3,K,9,1.11,14.2,13.7,14.7,21318
Cohen_m3,K,8,0.89,11.1,10.7,11.6,21319
Cohen_m3,K,7,0.72,9.1,8.7,9.5,21317
Cohen_m3,K,6,0.58,8.7,8.4,9.1,21316
Cohen_m3,K,4,0.34,7.4,7.1,7.8,21316
Cohen_m3,K,3,0.23,6.8,6.5,7.2,21321
Cohen_m3,K,2,0.14,6.2,5.9,6.6,21318
Cohen_m3,K,1,0.05,6.4,6.1,6.7,21319
Cohen_m3,K,5,0.45,8.0,7.7,8.4,21322
Cohen_m3,NA,1,0.06,4.2,3.9,4.5,19960
Cohen_m3,HGB,10,2.06,25.6,24.9,26.2,17321
Cohen_m3,HGB,3,0.39,3.6,3.3,3.9,17321
Cohen_m3,HGB,4,0.56,4.4,4.1,4.7,17321
Cohen_m3,HGB,5,0.74,5.3,5.0,5.6,17320
Cohen_m3,HGB,2,0.23,3.0,2.7,3.2,17319
Cohen_m3,HGB,7,1.14,9.2,8.8,9.6,17323
Cohen_m3,HGB,8,1.37,12.1,11.6,12.6,17319
Cohen_m3,HGB,9,1.66,17.0,16.5,17.6,17320
Cohen_m3,HGB,6,0.94,7.0,6.6,7.4,17321
Cohen_m4,K,1,0.06,6.5,6.2,6.9,21320
Cohen_m4,HGB,4,0.51,4.7,4.4,5.1,17320
Cohen_m4,HGB,5,0.67,5.2,4.9,5.6,17321
Cohen_m4,HGB,6,0.86,7.3,6.9,7.7,17323
Cohen_m4,HGB,7,1.05,9.6,9.2,10.1,17320
Cohen_m4,HGB,8,1.26,12.2,11.8,12.7,17326
Cohen_m4,HGB,9,1.53,16.7,16.1,17.3,17314
Cohen_m4,HGB,10,1.91,24.4,23.7,25.0,17321
Cohen_m4,K,2,0.19,6.0,5.7,6.4,21317
Cohen_m4,NA,2,0.19,5.3,5.0,5.6,19959
Cohen_m4,K,4,0.47,7.5,7.2,7.9,21320
Cohen_m4,K,5,0.63,8.4,8.1,8.8,21317
Cohen_m4,K,6,0.83,8.8,8.4,9.2,21318
Cohen_m4,K,7,1.03,8.7,8.4,9.1,21318
Cohen_m4,K,8,1.26,10.9,10.5,11.3,21319
Cohen_m4,K,9,1.58,13.6,13.2,14.1,21318
Cohen_m4,K,10,2.08,21.9,21.4,22.5,21319
Cohen_m4,NA,1,0.06,5.3,5.0,5.6,19960
Cohen_m4,HGB,3,0.35,3.6,3.4,3.9,17321
Cohen_m4,K,3,0.33,7.5,7.1,7.8,21319
Cohen_m4,HGB,2,0.21,3.1,2.9,3.4,17320
Cohen_m4,CRE,10,1.55,21.5,20.9,22.1,19292
Cohen_m4,HCT,10,3.24,26.0,25.4,26.6,22190
Cohen_m4,NA,3,0.33,5.3,5.0,5.6,19959
Cohen_m4,GLU,1,0.27,6.1,5.8,6.3,31127
Cohen_m4,GLU,2,0.81,6.6,6.4,6.9,31125
Cohen_m4,GLU,3,1.37,7.0,6.7,7.3,31125
Cohen_m4,GLU,4,2.0,7.8,7.5,8.1,31126
Cohen_m4,GLU,5,2.75,9.1,8.8,9.5,31127
Cohen_m4,GLU,6,3.76,8.5,8.2,8.8,31129
Cohen_m4,GLU,7,5.2,8.6,8.3,8.9,31141
Cohen_m4,GLU,8,7.21,9.5,9.2,9.8,31109
Cohen_m4,HGB,1,0.07,3.0,2.8,3.3,17322
Cohen_m4,GLU,9,10.12,10.3,9.9,10.6,31122
Cohen_m4,HCT,1,0.14,2.9,2.7,3.2,22192
Cohen_m4,HCT,2,0.41,3.4,3.1,3.6,22189
Cohen_m4,HCT,3,0.69,3.8,3.6,4.1,22190
Cohen_m4,HCT,4,0.97,4.0,3.7,4.2,22191
Cohen_m4,HCT,5,1.23,6.1,5.8,6.5,22189
Cohen_m4,HCT,6,1.51,7.4,7.1,7.7,22190
Cohen_m4,HCT,7,1.83,9.4,9.0,9.8,22190
Cohen_m4,HCT,8,2.2,12.3,11.9,12.7,22190
Cohen_m4,HCT,9,2.59,15.9,15.4,16.4,22190
Cohen_m4,GLU,10,14.7,12.8,12.5,13.2,31125
Cohen_m4,NA,4,0.46,5.4,5.1,5.7,19961
Cohen_m4,TBIL,6,0.7,5.1,4.7,5.5,11167
Cohen_m4,NA,6,0.78,7.3,7.0,7.7,19960
Cohen_m4,TP,1,0.09,4.4,4.0,4.8,11959
Cohen_m4,TP,2,0.28,4.2,3.9,4.6,11954
Cohen_m4,TP,3,0.47,4.6,4.2,4.9,11957
Cohen_m4,TP,4,0.66,5.1,4.7,5.5,11956
Cohen_m4,TP,5,0.87,5.2,4.8,5.6,11957
Cohen_m4,TP,6,1.12,5.8,5.4,6.2,11956
Cohen_m4,TP,7,1.38,6.4,5.9,6.8,11958
Cohen_m4,TP,8,1.68,9.1,8.6,9.7,11960
Cohen_m4,TP,9,2.12,12.1,11.5,12.7,11951
Cohen_m4,TBIL,10,2.39,17.5,16.8,18.2,11168
Cohen_m4,TP,10,2.94,25.7,24.9,26.5,11957
Cohen_m4,WBC,2,0.17,5.9,5.6,6.3,15263
Cohen_m4,WBC,3,0.28,5.6,5.3,6.0,15263
Cohen_m4,WBC,4,0.4,5.2,4.9,5.6,15263
Cohen_m4,WBC,5,0.52,5.3,5.0,5.7,15263
Cohen_m4,WBC,6,0.66,6.8,6.4,7.2,15264
Cohen_m4,WBC,7,0.82,8.9,8.5,9.4,15262
Cohen_m4,WBC,8,1.01,8.8,8.4,9.3,15263
Cohen_m4,WBC,9,1.32,10.2,9.7,10.7,15263
Cohen_m4,WBC,10,2.15,20.4,19.8,21.1,15264
Cohen_m4,WBC,1,0.06,5.1,4.8,5.5,15264
Cohen_m4,NA,5,0.61,6.0,5.7,6.4,19957
Cohen_m4,TBIL,9,1.49,7.4,6.9,7.9,11167
Cohen_m4,TBIL,7,0.93,5.8,5.4,6.3,11167
Cohen_m4,NA,7,0.98,8.6,8.3,9.0,19958
Cohen_m4,NA,8,1.23,11.7,11.3,12.2,19959
Cohen_m4,NA,9,1.65,15.4,14.9,15.9,19959
Cohen_m4,NA,10,2.42,21.0,20.5,21.6,19959
Cohen_m4,PLT,1,0.06,2.5,2.3,2.8,14981
Cohen_m4,PLT,2,0.17,2.1,1.9,2.4,14978
Cohen_m4,PLT,3,0.28,2.5,2.3,2.8,14980
Cohen_m4,PLT,4,0.41,2.6,2.3,2.8,14978
Cohen_m4,PLT,5,0.55,3.3,3.0,3.6,14982
Cohen_m4,TBIL,8,1.17,5.8,5.4,6.3,11167
Cohen_m4,PLT,6,0.7,3.6,3.3,3.9,14978
Cohen_m4,PLT,8,1.12,9.1,8.6,9.5,14979
Cohen_m4,PLT,9,1.44,15.9,15.4,16.5,14979
Cohen_m4,PLT,10,1.97,37.7,37.0,38.5,14980
Cohen_m4,TBIL,1,0.04,3.8,3.5,4.2,11169
Cohen_m4,TBIL,2,0.16,4.4,4.1,4.8,11167
Cohen_m4,TBIL,3,0.29,5.5,5.1,6.0,11192
Cohen_m4,TBIL,4,0.39,4.5,4.1,4.9,11141
Cohen_m4,TBIL,5,0.51,5.6,5.2,6.1,11168
Cohen_m4,CRE,9,1.25,8.3,7.9,8.7,19249
Cohen_m4,PLT,7,0.88,6.3,6.0,6.7,14978
Cohen_m4,CRE,8,0.98,5.9,5.6,6.3,19335
Cohen_m4,CL,5,1.0,7.6,7.2,8.0,14859
Cohen_m4,CRE,6,0.61,4.2,3.9,4.5,19299
Cohen_m4,ALP,7,0.58,6.2,5.7,6.6,10696
Cohen_m4,ALP,8,0.75,7.7,7.2,8.2,10697
Cohen_m4,ALP,9,0.99,11.6,11.0,12.2,10696
Cohen_m4,ALP,10,1.46,14.9,14.2,15.6,10696
Cohen_m4,ALT,1,0.05,5.8,5.3,6.2,9977
Cohen_m4,ALT,2,0.16,5.8,5.4,6.3,9976
Cohen_m4,ALT,3,0.26,5.9,5.4,6.4,9976
Cohen_m4,ALT,4,0.37,5.7,5.3,6.2,9980
Cohen_m4,ALT,5,0.48,6.1,5.6,6.6,9981
Cohen_m4,ALP,6,0.46,5.1,4.7,5.6,10696
Cohen_m4,ALT,6,0.59,6.2,5.7,6.7,9967
Cohen_m4,ALT,8,0.9,9.8,9.2,10.4,9976
Cohen_m4,ALT,9,1.2,10.6,10.0,11.3,9975
Cohen_m4,ALT,10,1.83,12.0,11.4,12.7,9976
Cohen_m4,AST,1,0.06,5.4,5.0,5.9,9919
Cohen_m4,AST,2,0.18,5.0,4.6,5.5,9917
Cohen_m4,AST,3,0.3,5.2,4.8,5.7,9918
Cohen_m4,AST,4,0.42,6.1,5.7,6.6,9920
Cohen_m4,AST,5,0.55,5.2,4.8,5.7,9916
Cohen_m4,AST,6,0.69,6.1,5.6,6.6,9919
Cohen_m4,ALT,7,0.71,6.4,6.0,6.9,9977
Cohen_m4,AST,7,0.85,7.4,6.9,7.9,9917
Cohen_m4,ALP,5,0.36,6.2,5.8,6.7,10697
Cohen_m4,ALP,3,0.19,4.3,3.9,4.7,10696
Cohen_m4,A1C,1,0.19,1.3,0.2,6.8,79
Cohen_m4,A1C,3,0.98,5.3,2.1,12.8,76
Cohen_m4,A1C,4,1.46,5.3,2.1,12.8,76
Cohen_m4,A1C,5,1.97,7.9,3.7,16.2,76
Cohen_m4,A1C,7,3.45,9.2,4.5,17.8,76
Cohen_m4,A1C,8,4.26,6.5,2.8,14.3,77
Cohen_m4,A1C,9,5.35,2.6,0.7,9.1,76
Cohen_m4,A1C,10,7.52,7.9,3.7,16.2,76
Cohen_m4,ALB,1,0.09,1.8,1.6,2.0,12946
Cohen_m4,ALP,4,0.27,4.4,4.1,4.8,10696
Cohen_m4,ALB,2,0.28,1.8,1.6,2.1,12945
Cohen_m4,ALB,4,0.71,2.2,2.0,2.5,12945
Cohen_m4,ALB,5,0.95,2.3,2.0,2.6,12959
Cohen_m4,ALB,6,1.35,4.2,3.8,4.5,12931
Cohen_m4,ALB,7,1.73,7.0,6.5,7.4,12977
Cohen_m4,ALB,8,2.0,10.6,10.1,11.2,12930
Cohen_m4,ALB,9,2.63,16.0,15.4,16.6,12929
Cohen_m4,ALB,10,3.25,31.9,31.1,32.7,12946
Cohen_m4,ALP,1,0.04,3.9,3.6,4.3,10697
Cohen_m4,ALP,2,0.11,4.9,4.5,5.3,10696
Cohen_m4,ALB,3,0.49,1.9,1.7,2.2,12946
Cohen_m4,CRE,7,0.75,4.0,3.7,4.2,19284
Cohen_m4,AST,8,1.05,7.1,6.6,7.6,9919
Cohen_m4,AST,10,1.79,12.0,11.3,12.6,9918
Cohen_m4,CL,6,1.27,6.3,5.9,6.7,14857
Cohen_m4,CL,7,1.57,9.0,8.5,9.4,14859
Cohen_m4,CL,8,1.97,10.0,9.6,10.5,14857
Cohen_m4,CL,9,2.56,14.4,13.8,15.0,14863
Cohen_m4,CL,10,3.45,24.6,23.9,25.3,14854
Cohen_m4,CO2,1,0.11,12.2,11.5,13.0,7300
Cohen_m4,CO2,2,0.34,12.6,11.8,13.4,7300
Cohen_m4,CO2,3,0.58,13.5,12.7,14.3,7301
Cohen_m4,CO2,4,0.82,13.6,12.8,14.4,7300
Cohen_m4,CL,4,0.75,6.8,6.4,7.2,14856
Cohen_m4,CO2,5,1.09,15.1,14.3,15.9,7299
Cohen_m4,CO2,7,1.75,18.9,18.0,19.8,7300
Cohen_m4,CO2,8,2.19,20.9,20.0,21.9,7299
Cohen_m4,CO2,9,2.78,26.8,25.8,27.8,7301
Cohen_m4,CO2,10,3.93,46.3,45.2,47.5,7299
Cohen_m4,CRE,1,0.04,2.5,2.3,2.7,19295
Cohen_m4,CRE,2,0.14,2.8,2.6,3.0,19290
Cohen_m4,CRE,3,0.25,2.9,2.7,3.1,22091
Cohen_m4,CRE,4,0.34,2.8,2.6,3.1,16493
Cohen_m4,CRE,5,0.44,3.0,2.8,3.3,19290
Cohen_m4,CO2,6,1.39,15.3,14.5,16.1,7300
Cohen_m4,AST,9,1.31,8.7,8.2,9.3,9917
Cohen_m4,CL,3,0.52,7.7,7.3,8.1,14860
Cohen_m4,CL,1,0.1,6.2,5.8,6.6,14871
Cohen_m4,A1C,2,0.59,8.1,3.8,16.6,74
Cohen_m4,BUN,2,0.23,5.3,4.9,5.7,12513
Cohen_m4,BUN,3,0.39,4.7,4.3,5.1,12513
Cohen_m4,BUN,4,0.56,5.0,4.6,5.4,12513
Cohen_m4,BUN,5,0.73,5.1,4.7,5.5,12512
Cohen_m4,BUN,6,0.91,4.0,3.7,4.4,12513
Cohen_m4,BUN,7,1.12,5.9,5.5,6.3,12513
Cohen_m4,BUN,8,1.41,7.3,6.8,7.7,12512
Cohen_m4,BUN,9,2.0,11.9,11.3,12.4,12513
Cohen_m4,CL,2,0.3,7.7,7.2,8.1,14846
Cohen_m4,BUN,10,3.59,26.8,26.0,27.5,12513
Cohen_m4,CA,2,0.25,6.1,5.7,6.6,13398
Cohen_m4,CA,3,0.42,6.6,6.2,7.0,13397
Cohen_m4,CA,4,0.6,6.8,6.4,7.3,13396
Cohen_m4,CA,5,0.8,7.7,7.3,8.2,13397
Cohen_m4,CA,6,1.04,8.5,8.0,9.0,13398
Cohen_m4,CA,7,1.28,9.8,9.3,10.3,13397
Cohen_m4,CA,8,1.55,11.9,11.4,12.5,13396
Cohen_m4,CA,9,1.96,15.2,14.6,15.8,13397
Cohen_m4,CA,10,2.73,21.0,20.4,21.7,13397
Cohen_m4,CA,1,0.08,5.6,5.3,6.0,13397
Cohen_m4,BUN,1,0.08,4.9,4.5,5.3,12513
Cohen_m4,A1C,6,2.51,0.0,0.0,4.8,76
Gaussian_eb,CRE,7,0.94,8.0,7.6,8.4,18974
Gaussian_eb,CL,4,0.49,7.3,6.9,7.7,14711
Gaussian_eb,CL,3,0.35,8.0,7.6,8.4,14688
Gaussian_eb,CL,2,0.21,6.7,6.3,7.1,14726
Gaussian_eb,CL,1,0.07,6.5,6.1,6.9,14714
Gaussian_eb,CA,10,3.51,11.8,11.2,12.3,13223
Gaussian_eb,CA,9,2.06,14.9,14.3,15.5,13229
Gaussian_eb,CA,8,1.57,13.0,12.4,13.6,13037
Gaussian_eb,CA,7,1.24,10.8,10.2,11.3,13416
Gaussian_eb,CA,6,0.98,10.6,10.1,11.1,13225
Gaussian_eb,CA,5,0.75,9.2,8.7,9.7,13226
Gaussian_eb,CA,4,0.56,7.6,7.2,8.1,13217
Gaussian_eb,CA,3,0.39,7.9,7.5,8.4,13220
Gaussian_eb,CA,2,0.23,7.3,6.9,7.8,13240
Gaussian_eb,CA,1,0.08,7.0,6.6,7.5,13229
Gaussian_eb,BUN,10,3.67,24.3,23.5,25.0,12377
Gaussian_eb,BUN,9,2.14,15.1,14.5,15.7,12374
Gaussian_eb,BUN,8,1.34,8.6,8.1,9.1,11376
Gaussian_eb,BUN,7,1.04,6.7,6.3,7.2,13380
Gaussian_eb,BUN,6,0.84,5.2,4.8,5.6,12378
Gaussian_eb,CL,5,0.65,7.5,7.1,8.0,14708
Gaussian_eb,CL,6,0.89,6.3,5.9,6.7,14729
Gaussian_eb,CL,7,1.18,10.6,10.1,11.1,14699
Gaussian_eb,CL,8,1.5,12.6,12.1,13.1,14701
Gaussian_eb,CRE,8,1.26,9.2,8.8,9.6,18966
Gaussian_eb,A1C,1,0.5,2.5,0.7,8.6,81
Gaussian_eb,CRE,6,0.71,5.3,5.0,5.6,18970
Gaussian_eb,CRE,5,0.54,4.9,4.6,5.2,18966
Gaussian_eb,CRE,4,0.4,3.7,3.4,3.9,18974
Gaussian_eb,CRE,3,0.28,3.8,3.5,4.0,18971
Gaussian_eb,CRE,2,0.17,3.3,3.1,3.6,18970
Gaussian_eb,CRE,1,0.05,3.3,3.0,3.5,18971
Gaussian_eb,CO2,10,3.56,41.2,40.0,42.4,6918
Gaussian_eb,BUN,5,0.67,4.8,4.4,5.2,12380
Gaussian_eb,CO2,9,2.52,26.2,25.2,27.2,7586
Gaussian_eb,CO2,7,1.48,20.0,19.1,21.0,7151
Gaussian_eb,CO2,6,1.17,16.1,15.3,17.0,7352
Gaussian_eb,CO2,5,0.9,15.7,14.8,16.5,7253
Gaussian_eb,CO2,4,0.68,14.3,13.5,15.1,7252
Gaussian_eb,CO2,3,0.46,14.8,14.0,15.7,7252
Gaussian_eb,CO2,2,0.28,14.2,13.4,15.0,7250
Gaussian_eb,CO2,1,0.09,13.4,12.6,14.2,7255
Gaussian_eb,CL,10,2.64,21.4,20.7,22.1,14708
Gaussian_eb,CL,9,1.85,14.0,13.4,14.5,14709
Gaussian_eb,CO2,8,1.92,20.6,19.7,21.6,7252
Gaussian_eb,BUN,4,0.52,4.8,4.5,5.2,12377
Gaussian_eb,BUN,3,0.37,4.0,3.7,4.4,12377
Gaussian_eb,BUN,2,0.22,4.3,4.0,4.7,12377
Gaussian_eb,ALP,7,0.77,6.5,6.0,7.0,10644
Gaussian_eb,ALP,6,0.6,5.8,5.4,6.3,10645
Gaussian_eb,ALP,5,0.47,6.2,5.8,6.7,10645
Gaussian_eb,ALP,4,0.35,4.6,4.3,5.1,10645
Gaussian_eb,ALP,3,0.24,5.8,5.4,6.2,10645
Gaussian_eb,ALP,2,0.14,5.0,4.6,5.4,10645
Gaussian_eb,ALP,1,0.05,5.4,5.0,5.9,10645
Gaussian_eb,ALB,10,4.06,11.2,10.6,11.7,12737
Gaussian_eb,ALB,9,2.34,19.6,18.9,20.4,10982
Gaussian_eb,ALP,8,1.03,8.0,7.5,8.5,10646
Gaussian_eb,ALB,8,1.8,16.0,15.4,16.7,13547
Gaussian_eb,ALB,6,1.0,6.3,5.9,6.8,12737
Gaussian_eb,ALB,5,0.76,4.0,3.7,4.4,12742
Gaussian_eb,ALB,4,0.53,3.4,3.1,3.7,12739
Gaussian_eb,ALB,3,0.37,2.8,2.5,3.1,12738
Gaussian_eb,ALB,2,0.22,2.9,2.6,3.2,12741
Gaussian_eb,ALB,1,0.07,4.2,3.9,4.6,12740
Gaussian_eb,A1C,10,8.79,0.0,-0.0,20.4,15
Gaussian_eb,A1C,9,4.75,8.2,4.0,16.0,85
Gaussian_eb,A1C,8,3.75,3.1,0.9,10.7,64
Gaussian_eb,ALB,7,1.36,9.3,8.8,9.8,13692
Gaussian_eb,CRE,9,1.8,13.3,12.8,13.8,18972
Gaussian_eb,ALP,9,1.4,12.5,11.9,13.2,10646
Gaussian_eb,ALT,1,0.07,6.5,6.1,7.1,9899
Gaussian_eb,BUN,1,0.07,3.5,3.2,3.8,12379
Gaussian_eb,AST,10,1.71,13.2,12.6,13.9,9896
Gaussian_eb,AST,9,1.03,9.0,8.5,9.6,9896
Gaussian_eb,AST,8,0.76,6.7,6.2,7.2,9896
Gaussian_eb,AST,7,0.61,6.4,5.9,6.9,9896
Gaussian_eb,AST,6,0.49,5.9,5.4,6.4,9895
Gaussian_eb,AST,5,0.4,5.4,4.9,5.8,9897
Gaussian_eb,AST,4,0.31,5.2,4.8,5.7,9896
Gaussian_eb,AST,3,0.22,5.4,4.9,5.8,9896
Gaussian_eb,ALP,10,2.23,9.4,8.9,10.0,10643
Gaussian_eb,AST,2,0.13,5.2,4.8,5.7,9896
Gaussian_eb,ALT,10,2.7,9.1,8.6,9.7,9897
Gaussian_eb,ALT,9,1.52,8.4,7.8,8.9,9896
Gaussian_eb,ALT,8,1.1,8.4,7.9,8.9,9898
Gaussian_eb,ALT,7,0.88,8.3,7.8,8.9,9897
Gaussian_eb,ALT,6,0.72,6.7,6.2,7.2,9894
Gaussian_eb,ALT,5,0.57,6.5,6.1,7.1,9899
Gaussian_eb,ALT,4,0.44,8.3,7.7,8.8,9896
Gaussian_eb,ALT,3,0.32,6.0,5.6,6.5,9898
Gaussian_eb,ALT,2,0.2,6.5,6.0,7.0,9895
Gaussian_eb,AST,1,0.04,5.9,5.5,6.4,9897
Gaussian_eb,CRE,10,4.46,3.4,3.2,3.7,18969
Gaussian_eb,GLU,1,0.25,7.9,7.6,8.3,29983
Gaussian_eb,GLU,2,0.73,9.2,8.9,9.6,29977
Gaussian_eb,TBIL,10,3.42,13.7,13.0,14.3,11044
Gaussian_eb,TBIL,9,1.4,10.9,10.3,11.5,11051
Gaussian_eb,TBIL,8,0.93,7.0,6.6,7.5,11035
Gaussian_eb,TBIL,7,0.71,4.1,3.8,4.5,11059
Gaussian_eb,TBIL,6,0.57,6.0,5.6,6.5,11047
Gaussian_eb,TBIL,5,0.46,3.9,3.5,4.2,11047
Gaussian_eb,TBIL,4,0.35,5.4,5.0,5.8,11047
Gaussian_eb,TBIL,3,0.25,5.2,4.8,5.6,11045
Gaussian_eb,TBIL,2,0.16,4.9,4.5,5.3,11049
Gaussian_eb,TP,1,0.07,3.7,3.4,4.0,11857
Gaussian_eb,TBIL,1,0.05,5.1,4.7,5.5,11050
Gaussian_eb,PLT,9,1.58,21.3,20.6,22.0,14277
Gaussian_eb,PLT,8,1.23,13.1,12.6,13.7,14580
Gaussian_eb,PLT,7,0.97,8.4,8.0,8.9,15570
Gaussian_eb,PLT,6,0.75,6.7,6.3,7.1,14812
Gaussian_eb,PLT,5,0.58,4.8,4.5,5.2,14806
Gaussian_eb,PLT,4,0.43,4.9,4.5,5.2,14813
Gaussian_eb,PLT,3,0.3,4.4,4.1,4.7,14806
Gaussian_eb,PLT,2,0.18,4.2,3.9,4.6,14814
Gaussian_eb,PLT,1,0.06,4.4,4.1,4.7,14810
Gaussian_eb,PLT,10,2.67,13.6,13.1,14.2,14810
Gaussian_eb,NA,10,2.19,16.4,15.9,16.9,19760
Gaussian_eb,TP,2,0.2,4.6,4.2,4.9,11868
Gaussian_eb,TP,4,0.47,4.7,4.4,5.1,11855
Gaussian_eb,A1C,2,1.13,5.7,2.2,13.8,70
Gaussian_eb,A1C,3,1.63,5.3,2.1,12.9,75
Gaussian_eb,A1C,4,2.0,6.0,2.8,12.5,100
Gaussian_eb,A1C,5,2.25,0.0,0.0,5.5,66
Gaussian_eb,WBC,10,2.69,17.3,16.7,17.9,15172
Gaussian_eb,WBC,9,1.46,15.7,15.1,16.3,15162
Gaussian_eb,WBC,8,1.13,9.5,9.0,9.9,15180
Gaussian_eb,WBC,7,0.9,8.0,7.5,8.4,15170
Gaussian_eb,WBC,6,0.73,5.9,5.5,6.3,15171
Gaussian_eb,TP,3,0.33,4.3,4.0,4.7,11841
Gaussian_eb,WBC,5,0.58,5.4,5.1,5.8,15172
Gaussian_eb,WBC,3,0.32,5.4,5.0,5.7,15171
Gaussian_eb,WBC,2,0.19,5.0,4.6,5.3,15171
Gaussian_eb,WBC,1,0.06,5.3,4.9,5.6,15172
Gaussian_eb,TP,10,3.22,18.1,17.4,18.8,11835
Gaussian_eb,TP,9,1.89,17.7,17.0,18.4,11876
Gaussian_eb,TP,8,1.39,12.0,11.4,12.6,11381
Gaussian_eb,TP,7,1.05,7.8,7.3,8.2,12328
Gaussian_eb,TP,6,0.81,4.7,4.3,5.1,11856
Gaussian_eb,TP,5,0.62,5.0,4.6,5.4,11856
Gaussian_eb,WBC,4,0.44,5.4,5.1,5.8,15172
Gaussian_eb,A1C,7,3.25,8.0,4.5,13.8,137
Gaussian_eb,NA,9,1.45,15.2,14.7,15.7,19756
Gaussian_eb,NA,7,0.79,9.5,9.1,9.9,19757
Gaussian_eb,HGB,2,0.82,3.2,2.9,3.5,16350
Gaussian_eb,HGB,1,0.28,2.4,2.2,2.7,16355
Gaussian_eb,HCT,10,5.52,25.3,24.7,25.9,20718
Gaussian_eb,HCT,9,4.5,15.9,15.4,16.4,20721
Gaussian_eb,HCT,8,3.75,13.8,13.3,14.3,17479
Gaussian_eb,HCT,7,3.31,9.1,8.7,9.5,22470
Gaussian_eb,HCT,6,2.8,7.2,6.9,7.5,22189
Gaussian_eb,HCT,5,2.35,5.7,5.4,6.0,20703
Gaussian_eb,HCT,4,1.91,5.1,4.8,5.4,19194
Gaussian_eb,HGB,3,1.34,4.5,4.2,4.8,16359
Gaussian_eb,HCT,3,1.46,4.5,4.3,4.8,21269
Gaussian_eb,HCT,1,0.32,3.4,3.2,3.7,20789
Gaussian_eb,GLU,10,12.38,13.6,13.2,14.0,29979
Gaussian_eb,GLU,9,8.5,11.0,10.7,11.4,29926
Gaussian_eb,GLU,8,6.37,9.9,9.6,10.3,30017
Gaussian_eb,GLU,7,4.85,8.9,8.5,9.2,29986
Gaussian_eb,GLU,6,3.72,7.8,7.5,8.1,29681
Gaussian_eb,GLU,5,2.86,7.3,7.0,7.6,29330
Gaussian_eb,GLU,4,2.1,7.1,6.8,7.4,28912
Gaussian_eb,GLU,3,1.41,5.7,5.5,6.0,31991
Gaussian_eb,HCT,2,0.93,4.1,3.9,4.4,21666
Gaussian_eb,NA,8,1.02,12.4,12.0,12.9,19763
Gaussian_eb,HGB,4,1.75,4.7,4.4,5.0,18072
Gaussian_eb,HGB,6,2.41,7.6,7.2,8.0,16350
Gaussian_eb,NA,6,0.63,8.6,8.2,9.0,19762
Gaussian_eb,NA,5,0.5,6.5,6.2,6.9,19759
Gaussian_eb,NA,4,0.39,7.1,6.8,7.5,19758
Gaussian_eb,NA,3,0.28,5.4,5.1,5.7,19757
Gaussian_eb,NA,2,0.16,5.8,5.5,6.1,19764
Gaussian_eb,NA,1,0.05,5.3,5.0,5.6,19760
Gaussian_eb,K,10,1.67,12.4,12.0,12.9,21261
Gaussian_eb,K,9,1.17,14.7,14.3,15.2,21261
Gaussian_eb,K,8,0.92,12.1,11.7,12.6,21255
Gaussian_eb,HGB,5,2.07,6.3,5.9,6.7,14627
Gaussian_eb,K,7,0.74,10.2,9.8,10.6,21264
Gaussian_eb,K,5,0.46,9.2,8.9,9.6,21260
Gaussian_eb,K,4,0.35,8.2,7.8,8.6,21257
Gaussian_eb,K,3,0.24,8.1,7.8,8.5,21266
Gaussian_eb,K,2,0.14,7.8,7.5,8.2,21259
Gaussian_eb,K,1,0.05,7.8,7.5,8.2,21263
Gaussian_eb,HGB,10,5.47,19.9,19.3,20.5,16337
Gaussian_eb,HGB,9,3.65,19.1,18.5,19.7,16366
Gaussian_eb,HGB,8,3.2,14.0,13.4,14.6,12659
Gaussian_eb,HGB,7,2.8,9.9,9.5,10.3,20046
Gaussian_eb,K,6,0.6,9.5,9.1,9.9,21262
Gaussian_eb,A1C,6,2.5,1.7,0.3,9.0,59
Gaussian_mle,A1C,8,3.75,4.8,1.7,13.3,62
Gaussian_mle,A1C,1,0.54,2.5,0.7,8.6,81
Gaussian_mle,A1C,2,1.12,5.7,2.2,13.8,70
Gaussian_mle,A1C,3,1.63,4.4,1.9,9.9,113
Gaussian_mle,A1C,4,2.0,8.6,3.7,18.6,58
Gaussian_mle,A1C,7,3.25,7.9,4.5,13.6,139
Gaussian_mle,A1C,5,2.25,0.0,0.0,5.3,69
Gaussian_mle,A1C,6,2.5,1.7,0.3,8.9,60
Gaussian_mle,CRE,10,2.12,13.5,13.0,14.0,18970
Gaussian_mle,HGB,4,1.8,4.3,4.0,4.6,16364
Gaussian_mle,HGB,5,2.2,6.1,5.7,6.4,18344
Gaussian_mle,HGB,6,2.5,7.5,7.1,7.9,15811
Gaussian_mle,HGB,7,2.95,10.2,9.8,10.7,18512
Gaussian_mle,HGB,8,3.27,14.1,13.5,14.7,12794
Gaussian_mle,HGB,9,3.95,20.6,20.0,21.2,16300
Gaussian_mle,HGB,10,6.08,19.9,19.3,20.6,16333
Gaussian_mle,K,1,0.04,8.3,7.9,8.7,21261
Gaussian_mle,HGB,3,1.4,3.9,3.6,4.2,16358
Gaussian_mle,K,2,0.14,7.7,7.3,8.0,21261
Gaussian_mle,K,4,0.33,8.6,8.3,9.0,21268
Gaussian_mle,K,5,0.44,9.6,9.2,10.0,21253
Gaussian_mle,K,6,0.57,9.4,9.0,9.8,21261
Gaussian_mle,K,7,0.71,10.8,10.4,11.2,21261
Gaussian_mle,K,8,0.87,11.7,11.2,12.1,21261
Gaussian_mle,K,9,1.08,13.9,13.5,14.4,21261
Gaussian_mle,K,10,1.47,11.5,11.1,11.9,21260
Gaussian_mle,NA,1,0.05,6.4,6.1,6.8,19762
Gaussian_mle,K,3,0.23,8.7,8.3,9.1,21261
Gaussian_mle,HGB,2,0.9,3.0,2.8,3.3,16261
Gaussian_mle,HGB,1,0.34,2.2,2.0,2.4,16444
Gaussian_mle,HCT,10,6.0,24.5,23.9,25.1,20719
Gaussian_mle,GLU,1,0.27,7.9,7.6,8.2,30002
Gaussian_mle,GLU,2,0.79,8.0,7.8,8.3,33420
Gaussian_mle,GLU,3,1.47,6.4,6.2,6.7,26514
Gaussian_mle,GLU,4,2.13,6.9,6.6,7.2,29979
Gaussian_mle,GLU,5,2.97,7.2,6.9,7.5,29978
Gaussian_mle,GLU,6,3.91,8.1,7.8,8.4,29977
Gaussian_mle,GLU,7,5.07,8.7,8.4,9.0,29980
Gaussian_mle,GLU,8,6.64,9.9,9.5,10.2,29984
Gaussian_mle,GLU,9,8.81,11.1,10.8,11.5,29970
Gaussian_mle,GLU,10,12.68,13.9,13.5,14.3,29978
Gaussian_mle,HCT,1,0.36,2.8,2.6,3.0,20732
Gaussian_mle,HCT,2,1.0,3.7,3.5,4.0,20796
Gaussian_mle,HCT,3,1.54,4.3,4.1,4.6,20861
Gaussian_mle,HCT,4,2.0,5.3,5.0,5.7,20512
Gaussian_mle,HCT,5,2.47,6.0,5.7,6.3,23688
Gaussian_mle,HCT,6,2.93,7.1,6.8,7.5,19993
Gaussian_mle,HCT,7,3.38,10.7,10.3,11.1,19992
Gaussian_mle,HCT,8,4.0,13.2,12.7,13.7,20460
Gaussian_mle,HCT,9,4.75,16.4,15.9,16.9,19445
Gaussian_mle,NA,2,0.16,6.5,6.2,6.8,19762
Gaussian_mle,NA,3,0.27,5.8,5.5,6.2,19756
Gaussian_mle,NA,4,0.37,7.8,7.4,8.1,19762
Gaussian_mle,NA,5,0.49,8.2,7.9,8.6,19757
Gaussian_mle,TBIL,9,1.22,9.4,8.9,9.9,11046
Gaussian_mle,TBIL,10,2.39,17.1,16.4,17.8,11048
Gaussian_mle,TP,1,0.06,3.3,3.0,3.7,11857
Gaussian_mle,TP,2,0.19,3.8,3.5,4.2,11854
Gaussian_mle,TP,3,0.32,4.2,3.9,4.6,11856
Gaussian_mle,TP,4,0.46,4.5,4.2,4.9,11854
Gaussian_mle,TP,5,0.6,4.9,4.6,5.3,11856
Gaussian_mle,TP,6,0.79,5.3,4.9,5.7,11858
Gaussian_mle,TP,7,1.02,7.4,6.9,7.9,11855
Gaussian_mle,TP,8,1.35,11.7,11.1,12.3,11853
Gaussian_mle,TP,9,1.82,15.9,15.3,16.6,11854
Gaussian_mle,TP,10,2.93,21.2,20.5,22.0,11856
Gaussian_mle,WBC,1,0.06,5.0,4.7,5.4,15173
Gaussian_mle,WBC,2,0.19,5.3,5.0,5.7,15171
Gaussian_mle,WBC,3,0.32,4.7,4.4,5.0,15170
Gaussian_mle,WBC,4,0.44,5.6,5.3,6.0,15172
Gaussian_mle,WBC,5,0.58,5.3,4.9,5.6,15171
Gaussian_mle,WBC,6,0.73,6.1,5.7,6.5,15172
Gaussian_mle,WBC,7,0.92,7.3,6.9,7.7,15170
Gaussian_mle,TBIL,8,0.85,5.2,4.8,5.7,10956
Gaussian_mle,WBC,10,2.67,18.0,17.4,18.6,14966
Gaussian_mle,TBIL,7,0.67,4.8,4.4,5.2,11130
Gaussian_mle,TBIL,5,0.43,4.5,4.1,4.9,11063
Gaussian_mle,NA,6,0.61,8.9,8.5,9.3,19760
Gaussian_mle,NA,7,0.75,9.6,9.2,10.0,19758
Gaussian_mle,NA,8,0.95,11.1,10.6,11.5,19761
Gaussian_mle,NA,9,1.3,14.2,13.7,14.6,19758
Gaussian_mle,NA,10,1.99,13.6,13.1,14.1,19760
Gaussian_mle,PLT,1,0.06,3.5,3.2,3.8,14810
Gaussian_mle,PLT,2,0.18,3.8,3.5,4.1,14810
Gaussian_mle,PLT,3,0.31,3.5,3.2,3.8,14810
Gaussian_mle,PLT,4,0.45,3.8,3.5,4.2,14809
Gaussian_mle,PLT,5,0.6,4.7,4.3,5.0,14813
Gaussian_mle,PLT,6,0.78,6.7,6.4,7.2,14807
Gaussian_mle,PLT,7,1.0,8.5,8.0,8.9,14810
Gaussian_mle,PLT,8,1.29,12.2,11.7,12.8,14810
Gaussian_mle,PLT,9,1.63,21.9,21.2,22.6,14809
Gaussian_mle,PLT,10,2.69,16.6,16.0,17.2,14810
Gaussian_mle,TBIL,1,0.05,5.2,4.8,5.6,11048
Gaussian_mle,TBIL,2,0.15,4.1,3.7,4.5,11049
Gaussian_mle,TBIL,3,0.25,5.5,5.1,5.9,11058
Gaussian_mle,TBIL,4,0.34,4.7,4.3,5.1,11035
Gaussian_mle,TBIL,6,0.54,5.5,5.1,6.0,11041
Gaussian_mle,CRE,9,1.44,9.2,8.8,9.6,18971
Gaussian_mle,CRE,8,1.1,7.9,7.5,8.3,18969
Gaussian_mle,CRE,7,0.86,5.9,5.6,6.3,18971
Gaussian_mle,ALT,2,0.21,6.4,5.9,6.9,9897
Gaussian_mle,ALT,3,0.34,6.8,6.4,7.4,9912
Gaussian_mle,ALT,4,0.46,7.7,7.2,8.2,9881
Gaussian_mle,ALT,5,0.59,6.5,6.0,7.0,9898
Gaussian_mle,ALT,6,0.74,7.5,7.0,8.0,9897
Gaussian_mle,ALT,7,0.92,7.9,7.4,8.5,9896
Gaussian_mle,ALT,8,1.15,7.7,7.2,8.3,9897
Gaussian_mle,ALT,9,1.56,8.5,7.9,9.0,9902
Gaussian_mle,ALT,10,2.74,9.1,8.6,9.7,9891
Gaussian_mle,AST,1,0.05,6.1,5.6,6.6,9898
Gaussian_mle,AST,2,0.13,5.3,4.9,5.8,9895
Gaussian_mle,AST,3,0.22,5.4,4.9,5.8,9898
Gaussian_mle,AST,4,0.31,5.2,4.7,5.6,9894
Gaussian_mle,AST,5,0.4,5.4,5.0,5.9,9897
Gaussian_mle,AST,6,0.49,6.0,5.5,6.5,9895
Gaussian_mle,AST,7,0.61,6.0,5.6,6.5,9897
Gaussian_mle,AST,8,0.76,6.7,6.2,7.2,9895
Gaussian_mle,AST,9,1.03,9.4,8.8,10.0,9896
Gaussian_mle,AST,10,1.72,12.7,12.1,13.4,9896
Gaussian_mle,ALT,1,0.07,6.6,6.2,7.1,9898
Gaussian_mle,BUN,1,0.07,3.7,3.4,4.1,12380
Gaussian_mle,ALP,10,2.26,9.9,9.4,10.5,10645
Gaussian_mle,ALP,8,1.04,9.2,8.7,9.8,10648
Gaussian_mle,A1C,9,4.75,7.1,3.3,14.6,85
Gaussian_mle,A1C,10,7.58,0.0,-0.0,20.4,15
Gaussian_mle,ALB,1,0.08,1.7,1.5,2.0,12741
Gaussian_mle,ALB,2,0.24,1.7,1.5,2.0,12738
Gaussian_mle,ALB,3,0.39,1.8,1.6,2.0,12741
Gaussian_mle,ALB,4,0.57,2.2,1.9,2.4,12738
Gaussian_mle,ALB,5,0.8,2.3,2.1,2.6,12740
Gaussian_mle,ALB,6,1.11,4.5,4.1,4.8,12741
Gaussian_mle,ALB,7,1.44,7.9,7.4,8.4,12738
Gaussian_mle,ALB,8,1.8,15.1,14.5,15.7,13966
Gaussian_mle,ALB,9,2.26,20.9,20.2,21.7,11512
Gaussian_mle,ALB,10,3.82,21.3,20.6,22.0,12740
Gaussian_mle,ALP,1,0.05,5.3,4.9,5.8,10645
Gaussian_mle,ALP,2,0.15,5.3,4.9,5.7,10646
Gaussian_mle,ALP,3,0.25,5.3,4.9,5.8,10644
Gaussian_mle,ALP,4,0.35,5.5,5.0,5.9,10645
Gaussian_mle,ALP,5,0.47,5.2,4.8,5.6,10646
Gaussian_mle,ALP,6,0.61,6.1,5.6,6.6,10643
Gaussian_mle,ALP,7,0.78,6.8,6.3,7.3,10647
Gaussian_mle,ALP,9,1.42,10.8,10.2,11.4,10640
Gaussian_mle,WBC,8,1.15,10.3,9.8,10.8,15172
Gaussian_mle,BUN,2,0.22,4.3,4.0,4.7,12377
Gaussian_mle,BUN,4,0.51,4.8,4.4,5.2,12373
Gaussian_mle,CL,8,1.48,13.7,13.1,14.2,14710
Gaussian_mle,CL,9,1.87,14.3,13.7,14.8,14715
Gaussian_mle,CL,10,2.68,20.2,19.6,20.9,14701
Gaussian_mle,CO2,1,0.09,13.9,13.1,14.7,7253
Gaussian_mle,CO2,2,0.27,15.1,14.3,15.9,7258
Gaussian_mle,CO2,3,0.45,15.6,14.8,16.5,7246
Gaussian_mle,CO2,4,0.66,15.3,14.5,16.2,7252
Gaussian_mle,CO2,5,0.87,16.7,15.8,17.5,7252
Gaussian_mle,CO2,6,1.14,16.5,15.6,17.3,7253
Gaussian_mle,CO2,7,1.44,19.4,18.5,20.3,7251
Gaussian_mle,CO2,8,1.86,20.3,19.4,21.3,7252
Gaussian_mle,CO2,9,2.41,27.2,26.2,28.3,7252
Gaussian_mle,CO2,10,3.48,35.8,34.7,36.9,7252
Gaussian_mle,CRE,1,0.05,3.2,3.0,3.5,18972
Gaussian_mle,CRE,2,0.16,2.9,2.6,3.1,18969
Gaussian_mle,CRE,3,0.27,3.4,3.1,3.6,18970
Gaussian_mle,CRE,4,0.39,3.3,3.1,3.6,18970
Gaussian_mle,CRE,5,0.52,4.2,3.9,4.5,18973
Gaussian_mle,CRE,6,0.66,4.7,4.4,5.0,18968
Gaussian_mle,CL,7,1.17,10.3,9.8,10.8,14711
Gaussian_mle,BUN,3,0.36,4.4,4.1,4.8,12382
Gaussian_mle,CL,6,0.89,6.3,5.9,6.7,14709
Gaussian_mle,CL,4,0.48,7.1,6.7,7.5,14724
Gaussian_mle,BUN,5,0.66,4.9,4.5,5.3,12377
Gaussian_mle,BUN,6,0.83,5.5,5.1,6.0,12376
Gaussian_mle,BUN,7,1.03,6.8,6.4,7.3,12380
Gaussian_mle,BUN,8,1.33,8.0,7.5,8.4,12375
Gaussian_mle,BUN,9,2.06,14.3,13.7,14.9,12379
Gaussian_mle,BUN,10,3.67,24.4,23.7,25.2,12376
Gaussian_mle,CA,1,0.08,7.3,6.8,7.7,13228
Gaussian_mle,CA,2,0.24,7.1,6.6,7.5,13226
Gaussian_mle,CA,3,0.38,8.0,7.6,8.5,13225
Gaussian_mle,CA,4,0.56,7.5,7.1,8.0,13230
Gaussian_mle,CA,5,0.75,8.6,8.1,9.1,13222
Gaussian_mle,CA,6,0.97,9.7,9.2,10.2,13276
Gaussian_mle,CA,7,1.23,10.3,9.8,10.8,13395
Gaussian_mle,CA,8,1.56,12.2,11.7,12.8,13011
Gaussian_mle,CA,9,2.01,14.2,13.6,14.8,13222
Gaussian_mle,CA,10,3.24,15.3,14.7,15.9,13227
Gaussian_mle,CL,1,0.07,6.4,6.0,6.8,14711
Gaussian_mle,CL,2,0.21,6.8,6.4,7.2,14708
Gaussian_mle,CL,3,0.34,8.1,7.6,8.5,14709
Gaussian_mle,CL,5,0.65,7.7,7.3,8.1,14695
Gaussian_mle,WBC,9,1.51,15.2,14.6,15.7,15376
Gaussian_trunc,ALB,6,1.45,8.4,7.9,8.9,13015
Gaussian_trunc,A1C,1,0.57,2.6,0.7,9.1,76
Gaussian_trunc,ALB,5,1.03,5.8,5.4,6.2,12739
Gaussian_trunc,A1C,2,1.25,6.2,2.7,13.8,80
Gaussian_trunc,A1C,4,2.0,8.3,3.6,18.1,60
Gaussian_trunc,CO2,2,0.25,18.1,17.2,19.0,7252
Gaussian_trunc,CO2,1,0.08,17.8,16.9,18.7,7253
Gaussian_trunc,CL,10,2.73,10.4,9.9,10.9,14710
Gaussian_trunc,CL,9,1.75,10.4,9.9,10.9,14708
Gaussian_trunc,CL,8,1.37,11.5,11.0,12.0,14710
Gaussian_trunc,CL,7,1.09,10.9,10.4,11.4,14709
Gaussian_trunc,CL,6,0.85,10.3,9.8,10.8,14709
Gaussian_trunc,CL,5,0.66,9.8,9.3,10.3,14710
Gaussian_trunc,CL,4,0.5,9.6,9.1,10.0,14709
Gaussian_trunc,CL,3,0.35,9.3,8.9,9.8,14706
Gaussian_trunc,CL,2,0.2,9.3,8.9,9.8,14710
Gaussian_trunc,CL,1,0.06,9.4,8.9,9.8,14712
Gaussian_trunc,CA,10,4.59,8.5,8.1,9.0,13227
Gaussian_trunc,CA,9,2.55,10.5,10.0,11.0,13226
Gaussian_trunc,CA,8,1.95,12.5,12.0,13.1,13226
Gaussian_trunc,CA,7,1.59,12.5,12.0,13.1,13226
Gaussian_trunc,CA,6,1.3,13.1,12.6,13.7,13226
Gaussian_trunc,CA,5,1.02,10.7,10.2,11.2,13226
Gaussian_trunc,CA,4,0.75,9.1,8.6,9.6,13226
Gaussian_trunc,CO2,3,0.41,18.1,17.2,19.0,7252
Gaussian_trunc,CA,3,0.52,7.6,7.2,8.1,13226
Gaussian_trunc,CO2,4,0.57,20.1,19.2,21.1,7252
Gaussian_trunc,CO2,6,0.95,16.5,15.7,17.4,7252
Gaussian_trunc,GLU,6,3.66,8.3,8.0,8.6,29600
Gaussian_trunc,GLU,5,2.69,8.3,8.0,8.6,30355
Gaussian_trunc,GLU,4,1.9,7.5,7.2,7.8,29983
Gaussian_trunc,ALB,4,0.73,4.8,4.4,5.2,12741
Gaussian_trunc,GLU,2,0.63,7.7,7.4,8.0,29975
Gaussian_trunc,GLU,1,0.22,8.6,8.3,9.0,29982
Gaussian_trunc,CRE,10,5.02,2.0,1.9,2.3,18970
Gaussian_trunc,CRE,8,1.55,8.5,8.1,8.9,18971
Gaussian_trunc,CRE,7,1.11,8.4,8.0,8.8,18896
Gaussian_trunc,CRE,6,0.83,6.2,5.9,6.6,19044
Gaussian_trunc,CRE,5,0.61,5.6,5.3,6.0,18949
Gaussian_trunc,CRE,4,0.45,6.3,6.0,6.7,18992
Gaussian_trunc,CRE,3,0.31,4.9,4.6,5.2,18966
Gaussian_trunc,CRE,2,0.19,4.4,4.1,4.7,18971
Gaussian_trunc,CRE,1,0.06,3.7,3.5,4.0,18974
Gaussian_trunc,CO2,10,3.56,30.4,29.3,31.5,7205
Gaussian_trunc,CO2,9,2.01,19.2,18.3,20.1,7299
Gaussian_trunc,CO2,8,1.5,17.0,16.2,17.9,7081
Gaussian_trunc,CO2,7,1.19,17.8,17.0,18.7,7423
Gaussian_trunc,CO2,5,0.76,20.8,19.9,21.8,7252
Gaussian_trunc,CA,2,0.31,7.7,7.3,8.2,13225
Gaussian_trunc,CA,1,0.1,7.7,7.3,8.2,13228
Gaussian_trunc,BUN,10,3.96,15.5,14.9,16.1,12378
Gaussian_trunc,ALT,5,0.67,6.9,6.4,7.4,9892
Gaussian_trunc,ALT,4,0.49,7.0,6.5,7.5,9903
Gaussian_trunc,ALT,3,0.34,6.4,6.0,6.9,9897
Gaussian_trunc,ALT,2,0.2,6.4,5.9,6.9,9897
Gaussian_trunc,ALT,1,0.06,6.8,6.3,7.3,9897
Gaussian_trunc,ALP,10,2.59,8.4,7.9,9.0,10645
Gaussian_trunc,ALP,9,1.6,9.3,8.7,9.8,10645
Gaussian_trunc,ALP,8,1.17,7.1,6.7,7.7,10645
Gaussian_trunc,ALP,7,0.9,9.2,8.7,9.8,10642
Gaussian_trunc,ALP,6,0.71,7.0,6.5,7.5,10647
Gaussian_trunc,ALP,5,0.54,6.3,5.8,6.8,10645
Gaussian_trunc,ALP,4,0.41,5.6,5.2,6.1,10645
Gaussian_trunc,ALP,3,0.28,5.1,4.7,5.6,10645
Gaussian_trunc,ALP,2,0.16,5.3,4.9,5.8,10645
Gaussian_trunc,ALP,1,0.05,5.8,5.4,6.3,10645
Gaussian_trunc,ALB,10,4.74,8.0,7.5,8.5,12737
Gaussian_trunc,ALB,9,3.19,13.4,12.8,14.0,12740
Gaussian_trunc,ALB,8,2.22,13.0,12.4,13.5,12740
Gaussian_trunc,ALB,7,1.81,14.1,13.5,14.7,12464
Gaussian_trunc,ALT,6,0.88,7.5,7.0,8.0,9895
Gaussian_trunc,ALT,7,1.14,7.6,7.1,8.1,10254
Gaussian_trunc,ALT,8,1.43,8.8,8.2,9.4,9541
Gaussian_trunc,ALT,9,1.84,9.7,9.1,10.3,9898
Gaussian_trunc,BUN,9,2.1,10.2,9.6,10.7,12377
Gaussian_trunc,BUN,8,1.58,8.5,8.0,9.0,12378
Gaussian_trunc,BUN,7,1.24,6.6,6.2,7.1,12376
Gaussian_trunc,BUN,6,1.0,7.6,7.1,8.1,12378
Gaussian_trunc,BUN,5,0.78,8.3,7.8,8.8,12377
Gaussian_trunc,BUN,4,0.58,6.6,6.2,7.1,12375
Gaussian_trunc,BUN,3,0.41,7.1,6.6,7.5,12381
Gaussian_trunc,BUN,2,0.25,6.0,5.6,6.5,12318
Gaussian_trunc,BUN,1,0.08,4.8,4.4,5.2,12437
Gaussian_trunc,GLU,7,4.72,7.9,7.6,8.2,32971
Gaussian_trunc,AST,10,2.43,8.6,8.1,9.2,9896
Gaussian_trunc,AST,8,1.11,8.6,8.1,9.2,9897
Gaussian_trunc,AST,7,0.85,6.9,6.4,7.4,9896
Gaussian_trunc,AST,6,0.65,5.5,5.0,5.9,9894
Gaussian_trunc,AST,5,0.5,5.5,5.1,6.0,9897
Gaussian_trunc,AST,4,0.37,6.1,5.7,6.6,9897
Gaussian_trunc,AST,3,0.26,5.5,5.1,6.0,9896
Gaussian_trunc,AST,2,0.15,5.5,5.1,6.0,9896
Gaussian_trunc,AST,1,0.05,6.1,5.6,6.6,9897
Gaussian_trunc,ALT,10,3.13,7.9,7.4,8.4,9895
Gaussian_trunc,AST,9,1.53,9.9,9.3,10.5,9895
Gaussian_trunc,A1C,3,1.63,4.5,1.8,11.0,89
Gaussian_trunc,GLU,8,6.15,10.2,9.8,10.5,27573
Gaussian_trunc,GLU,10,12.38,11.7,11.4,12.1,29974
Gaussian_trunc,TP,6,1.12,9.0,8.5,9.5,11855
Gaussian_trunc,TP,5,0.87,7.9,7.5,8.4,11856
Gaussian_trunc,TP,4,0.64,6.9,6.4,7.4,11855
Gaussian_trunc,TP,3,0.45,5.4,5.0,5.8,11838
Gaussian_trunc,TP,2,0.27,7.1,6.7,7.6,11872
Gaussian_trunc,TP,1,0.09,5.8,5.4,6.3,11856
Gaussian_trunc,TBIL,10,4.65,6.1,5.7,6.6,11047
Gaussian_trunc,TBIL,9,2.47,8.8,8.3,9.3,11048
Gaussian_trunc,TBIL,8,1.75,9.4,8.8,9.9,11047
Gaussian_trunc,TBIL,7,1.29,6.5,6.0,7.0,11040
Gaussian_trunc,TBIL,6,0.96,7.6,7.1,8.1,11054
Gaussian_trunc,TBIL,5,0.71,6.1,5.7,6.6,11046
Gaussian_trunc,TBIL,4,0.52,5.7,5.3,6.1,11050
Gaussian_trunc,TBIL,3,0.36,5.5,5.1,5.9,11047
Gaussian_trunc,TBIL,2,0.22,5.3,4.9,5.7,11046
Gaussian_trunc,TBIL,1,0.07,5.1,4.7,5.5,11049
Gaussian_trunc,PLT,10,3.01,9.5,9.1,10.0,14810
Gaussian_trunc,PLT,9,1.85,14.4,13.9,15.0,14809
Gaussian_trunc,PLT,8,1.5,13.6,13.1,14.2,14810
Gaussian_trunc,TP,7,1.4,9.6,9.1,10.1,11857
Gaussian_trunc,PLT,7,1.21,9.8,9.3,10.2,14810
Gaussian_trunc,TP,8,1.73,8.1,7.6,8.6,11853
Gaussian_trunc,TP,10,4.37,10.1,9.6,10.7,11856
Gaussian_trunc,A1C,5,2.25,0.0,0.0,5.1,71
Gaussian_trunc,A1C,6,2.68,6.3,3.2,11.9,127
Gaussian_trunc,A1C,7,3.25,4.9,1.9,12.0,81
Gaussian_trunc,A1C,8,3.75,3.0,0.8,10.2,67
Gaussian_trunc,A1C,9,4.75,8.3,4.1,16.2,84
Gaussian_trunc,A1C,10,10.71,0.0,0.0,18.4,17
Gaussian_trunc,ALB,1,0.1,4.9,4.6,5.3,12755
Gaussian_trunc,ALB,2,0.3,3.3,3.0,3.6,13115
Gaussian_trunc,ALB,3,0.5,3.4,3.1,3.7,12349
Gaussian_trunc,WBC,10,2.68,13.5,13.0,14.1,15070
Gaussian_trunc,WBC,9,1.56,11.9,11.4,12.4,15273
Gaussian_trunc,WBC,8,1.2,8.1,7.7,8.5,15171
Gaussian_trunc,WBC,7,0.95,8.9,8.4,9.3,15139
Gaussian_trunc,WBC,6,0.75,7.6,7.2,8.0,15203
Gaussian_trunc,WBC,5,0.58,6.7,6.3,7.1,15171
Gaussian_trunc,WBC,4,0.43,7.4,7.0,7.8,15168
Gaussian_trunc,WBC,3,0.3,6.6,6.2,7.0,15175
Gaussian_trunc,WBC,2,0.18,6.1,5.7,6.5,15171
Gaussian_trunc,WBC,1,0.06,6.0,5.6,6.4,15172
Gaussian_trunc,TP,9,2.27,12.4,11.9,13.0,11855
Gaussian_trunc,PLT,6,0.93,7.6,7.2,8.0,14810
Gaussian_trunc,PLT,5,0.71,7.1,6.7,7.6,14810
Gaussian_trunc,PLT,4,0.52,5.4,5.1,5.8,14809
Gaussian_trunc,HGB,9,3.93,21.2,20.5,21.9,14742
Gaussian_trunc,HGB,8,3.25,13.7,13.2,14.2,16358
Gaussian_trunc,HGB,7,2.8,9.5,9.1,9.9,19272
Gaussian_trunc,HGB,6,2.4,7.2,6.8,7.7,15498
Gaussian_trunc,HGB,5,2.05,5.3,5.0,5.7,17205
Gaussian_trunc,HGB,4,1.65,5.7,5.3,6.0,16351
Gaussian_trunc,HGB,3,1.21,4.8,4.4,5.1,16354
Gaussian_trunc,HGB,2,0.75,4.3,4.0,4.6,16352
Gaussian_trunc,HGB,1,0.26,4.5,4.2,4.8,16353
Gaussian_trunc,HCT,10,5.52,19.1,18.6,19.7,17306
Gaussian_trunc,HCT,9,4.25,13.0,12.5,13.4,22774
Gaussian_trunc,HCT,8,3.53,9.4,9.0,9.8,21341
Gaussian_trunc,HCT,7,2.93,6.2,5.9,6.5,21337
Gaussian_trunc,HCT,6,2.4,5.9,5.6,6.3,18429
Gaussian_trunc,HCT,5,2.0,4.9,4.6,5.2,23132
Gaussian_trunc,HCT,4,1.64,6.0,5.7,6.3,20651
Gaussian_trunc,HCT,3,1.28,8.3,7.9,8.6,20786
Gaussian_trunc,HCT,2,0.85,11.3,10.9,11.7,20721
Gaussian_trunc,HCT,1,0.33,10.6,10.2,11.0,20721
Gaussian_trunc,HGB,10,6.3,16.1,15.6,16.7,15036
Gaussian_trunc,K,1,0.07,7.8,7.5,8.2,21266
Gaussian_trunc,K,2,0.19,9.5,9.1,9.9,21258
Gaussian_trunc,K,3,0.33,9.5,9.1,9.9,21263
Gaussian_trunc,PLT,3,0.35,5.6,5.3,6.0,14810
Gaussian_trunc,PLT,2,0.2,5.7,5.3,6.1,14810
Gaussian_trunc,PLT,1,0.06,6.4,6.1,6.9,14810
Gaussian_trunc,NA,10,3.74,11.3,10.9,11.8,19758
Gaussian_trunc,NA,9,2.23,9.0,8.6,9.4,19761
Gaussian_trunc,NA,8,1.88,10.8,10.4,11.2,19757
Gaussian_trunc,NA,7,1.59,11.5,11.0,11.9,19638
Gaussian_trunc,NA,6,1.3,13.2,12.8,13.7,19884
Gaussian_trunc,NA,5,1.02,13.4,12.9,13.9,19759
Gaussian_trunc,GLU,9,8.2,10.8,10.4,11.1,29391
Gaussian_trunc,NA,4,0.75,9.7,9.3,10.1,19759
Gaussian_trunc,NA,2,0.3,4.5,4.2,4.7,19761
Gaussian_trunc,NA,1,0.1,4.2,3.9,4.5,19760
Gaussian_trunc,K,10,4.51,10.7,10.2,11.1,21259
Gaussian_trunc,K,9,1.65,8.6,8.2,8.9,21261
Gaussian_trunc,K,8,1.26,12.7,12.2,13.1,21260
Gaussian_trunc,K,7,1.0,11.8,11.4,12.3,21262
Gaussian_trunc,K,6,0.8,9.5,9.2,9.9,21262
Gaussian_trunc,K,5,0.63,10.4,10.0,10.8,21261
Gaussian_trunc,K,4,0.47,9.7,9.3,10.1,21256
Gaussian_trunc,NA,3,0.51,4.6,4.3,4.9,19759
Gaussian_trunc,GLU,3,1.18,7.6,7.3,7.9,29978
Gaussian_trunc,CRE,9,2.38,8.0,7.6,8.4,18970
NORMA_334f7e21,A1C,7,1.68,11.8,6.4,21.0,76
NORMA_334f7e21,HGB,8,2.16,13.8,13.3,14.3,17320
NORMA_334f7e21,HGB,9,2.45,13.4,12.9,13.9,17324
NORMA_334f7e21,HGB,10,3.11,12.3,11.9,12.8,17318
NORMA_334f7e21,K,1,0.05,6.6,6.3,6.9,21319
NORMA_334f7e21,K,2,0.15,7.1,6.8,7.5,21318
NORMA_334f7e21,K,3,0.26,6.2,5.8,6.5,21319
NORMA_334f7e21,K,4,0.37,8.0,7.7,8.4,21319
NORMA_334f7e21,K,5,0.49,7.9,7.6,8.3,21318
NORMA_334f7e21,K,6,0.63,8.7,8.3,9.1,21318
NORMA_334f7e21,HGB,7,1.94,12.9,12.4,13.4,17320
NORMA_334f7e21,K,7,0.8,9.9,9.5,10.3,21318
NORMA_334f7e21,K,9,1.25,14.3,13.8,14.8,21318
NORMA_334f7e21,K,10,1.71,20.0,19.4,20.5,21319
NORMA_334f7e21,NA,1,0.05,4.6,4.3,4.9,19962
NORMA_334f7e21,NA,2,0.16,5.2,4.9,5.5,19957
NORMA_334f7e21,NA,3,0.26,5.5,5.2,5.8,19959
NORMA_334f7e21,NA,4,0.38,7.3,7.0,7.7,19960
NORMA_334f7e21,NA,5,0.52,6.8,6.4,7.1,19958
NORMA_334f7e21,NA,6,0.67,8.1,7.7,8.5,19961
NORMA_334f7e21,NA,7,0.83,8.8,8.5,9.2,19957
NORMA_334f7e21,K,8,1.0,11.3,10.9,11.8,21319
NORMA_334f7e21,NA,8,1.05,11.0,10.6,11.5,19960
NORMA_334f7e21,HGB,6,1.75,10.6,10.2,11.1,17322
NORMA_334f7e21,HGB,4,1.34,7.2,6.8,7.6,17322
NORMA_334f7e21,GLU,4,1.47,6.6,6.4,6.9,31126
NORMA_334f7e21,GLU,5,1.84,6.8,6.5,7.1,31125
NORMA_334f7e21,GLU,6,2.26,7.7,7.4,8.0,31129
NORMA_334f7e21,GLU,7,2.75,8.3,8.0,8.6,31124
NORMA_334f7e21,GLU,8,3.37,9.1,8.7,9.4,31124
NORMA_334f7e21,GLU,9,4.25,11.1,10.7,11.4,31205
NORMA_334f7e21,GLU,10,6.06,14.3,13.9,14.7,31046
NORMA_334f7e21,HCT,1,0.28,2.9,2.7,3.2,22191
NORMA_334f7e21,HCT,2,0.76,4.0,3.7,4.3,22193
NORMA_334f7e21,HGB,5,1.56,8.7,8.3,9.1,17319
NORMA_334f7e21,HCT,3,1.1,5.8,5.5,6.1,22188
NORMA_334f7e21,HCT,5,1.53,9.2,8.8,9.6,22190
NORMA_334f7e21,HCT,6,1.71,10.1,9.8,10.5,22190
NORMA_334f7e21,HCT,7,1.9,11.8,11.4,12.2,22190
NORMA_334f7e21,HCT,8,2.11,12.7,12.3,13.2,22192
NORMA_334f7e21,HCT,9,2.4,13.6,13.2,14.1,22189
NORMA_334f7e21,HCT,10,3.02,13.8,13.3,14.2,22189
NORMA_334f7e21,HGB,1,0.25,2.2,2.0,2.4,17321
NORMA_334f7e21,HGB,2,0.72,3.5,3.3,3.8,17321
NORMA_334f7e21,HGB,3,1.08,5.3,4.9,5.6,17321
NORMA_334f7e21,HCT,4,1.34,7.3,6.9,7.6,22189
NORMA_334f7e21,GLU,3,1.1,6.5,6.3,6.8,31124
NORMA_334f7e21,NA,9,1.42,14.4,13.9,14.9,19958
NORMA_334f7e21,PLT,1,0.06,2.9,2.7,3.2,14980
NORMA_334f7e21,TP,6,0.79,5.4,5.0,5.8,11956
NORMA_334f7e21,TP,7,1.02,6.3,5.9,6.7,11956
NORMA_334f7e21,TP,8,1.3,9.6,9.1,10.1,11957
NORMA_334f7e21,TP,9,1.67,15.0,14.3,15.6,11956
NORMA_334f7e21,TP,10,2.33,27.2,26.5,28.1,11957
NORMA_334f7e21,WBC,1,0.07,4.5,4.2,4.8,15264
NORMA_334f7e21,WBC,2,0.2,4.3,4.0,4.7,15263
NORMA_334f7e21,WBC,3,0.34,4.7,4.4,5.1,15264
NORMA_334f7e21,WBC,4,0.48,4.6,4.2,4.9,15262
NORMA_334f7e21,TP,5,0.61,4.8,4.4,5.2,11957
NORMA_334f7e21,WBC,5,0.65,5.2,4.9,5.6,15264
NORMA_334f7e21,WBC,7,1.06,6.6,6.2,7.0,15263
NORMA_334f7e21,WBC,8,1.34,9.5,9.0,10.0,15263
NORMA_334f7e21,WBC,9,1.69,14.6,14.1,15.2,15264
NORMA_334f7e21,WBC,10,2.68,22.9,22.2,23.6,15263
NORMA_334f7e21,A1C,6,1.45,4.0,1.4,11.1,75
NORMA_334f7e21,A1C,4,1.05,2.6,0.7,9.1,76
NORMA_334f7e21,A1C,1,0.16,7.8,3.6,16.0,77
NORMA_334f7e21,A1C,2,0.53,3.9,1.4,11.0,76
NORMA_334f7e21,A1C,3,0.83,0.0,0.0,4.8,76
NORMA_334f7e21,WBC,6,0.84,5.4,5.1,5.8,15262
NORMA_334f7e21,NA,10,2.2,19.8,19.2,20.3,19959
NORMA_334f7e21,TP,4,0.45,4.2,3.9,4.6,11956
NORMA_334f7e21,TP,2,0.18,3.4,3.1,3.8,11956
NORMA_334f7e21,PLT,2,0.2,2.7,2.5,3.0,14979
NORMA_334f7e21,PLT,3,0.35,3.4,3.1,3.7,14979
NORMA_334f7e21,PLT,4,0.51,3.2,2.9,3.5,14980
NORMA_334f7e21,PLT,5,0.7,3.5,3.2,3.8,14979
NORMA_334f7e21,PLT,6,0.92,6.2,5.9,6.6,14980
NORMA_334f7e21,PLT,7,1.19,7.7,7.2,8.1,14981
NORMA_334f7e21,PLT,8,1.52,13.3,12.8,13.8,14976
NORMA_334f7e21,PLT,9,2.0,20.5,19.8,21.1,14980
NORMA_334f7e21,PLT,10,2.97,22.2,21.5,22.9,14979
NORMA_334f7e21,TP,3,0.31,3.1,2.8,3.4,11957
NORMA_334f7e21,TBIL,1,0.05,3.9,3.6,4.3,11168
NORMA_334f7e21,TBIL,3,0.25,3.4,3.1,3.8,11167
NORMA_334f7e21,TBIL,4,0.35,5.1,4.7,5.5,11170
NORMA_334f7e21,TBIL,5,0.46,3.9,3.5,4.3,11165
NORMA_334f7e21,TBIL,6,0.58,4.2,3.8,4.6,11176
NORMA_334f7e21,TBIL,7,0.74,5.5,5.1,6.0,11158
NORMA_334f7e21,TBIL,8,0.95,7.0,6.5,7.5,11168
NORMA_334f7e21,TBIL,9,1.32,8.0,7.5,8.6,11166
NORMA_334f7e21,TBIL,10,2.43,19.6,18.9,20.4,11168
NORMA_334f7e21,TP,1,0.06,3.5,3.2,3.8,11957
NORMA_334f7e21,TBIL,2,0.15,4.9,4.5,5.3,11167
NORMA_334f7e21,GLU,2,0.66,7.4,7.1,7.7,31126
NORMA_334f7e21,A1C,5,1.27,3.9,1.3,10.8,77
NORMA_334f7e21,CRE,10,1.97,17.5,17.0,18.1,19291
NORMA_334f7e21,ALT,3,0.39,6.3,5.8,6.8,9976
NORMA_334f7e21,ALT,4,0.55,6.0,5.5,6.5,9976
NORMA_334f7e21,ALT,5,0.71,5.8,5.4,6.3,9976
NORMA_334f7e21,ALT,6,0.9,5.8,5.3,6.2,9976
NORMA_334f7e21,ALT,7,1.1,5.9,5.5,6.4,9976
NORMA_334f7e21,ALT,8,1.32,8.6,8.1,9.2,9976
NORMA_334f7e21,ALT,9,1.69,11.4,10.8,12.1,9976
NORMA_334f7e21,ALT,10,2.88,14.0,13.4,14.7,9976
NORMA_334f7e21,AST,1,0.05,5.0,4.6,5.5,9918
NORMA_334f7e21,AST,2,0.15,5.5,5.0,5.9,9922
NORMA_334f7e21,AST,3,0.24,5.2,4.8,5.7,9914
NORMA_334f7e21,AST,4,0.34,4.6,4.2,5.0,9918
NORMA_334f7e21,AST,5,0.44,4.6,4.3,5.1,9918
NORMA_334f7e21,AST,6,0.54,5.0,4.6,5.5,9918
NORMA_334f7e21,AST,7,0.66,6.0,5.6,6.5,9918
NORMA_334f7e21,AST,8,0.83,6.6,6.1,7.1,9921
NORMA_334f7e21,AST,9,1.11,9.7,9.1,10.3,9916
NORMA_334f7e21,AST,10,1.87,15.9,15.2,16.6,9917
NORMA_334f7e21,BUN,1,0.08,3.6,3.3,3.9,12513
NORMA_334f7e21,ALT,2,0.24,4.9,4.5,5.3,9976
NORMA_334f7e21,ALT,1,0.08,5.7,5.2,6.1,9977
NORMA_334f7e21,ALP,10,2.48,16.0,15.3,16.7,10697
NORMA_334f7e21,ALP,9,1.53,12.1,11.5,12.8,10689
NORMA_334f7e21,A1C,9,2.42,7.9,3.7,16.2,76
NORMA_334f7e21,A1C,10,3.4,9.1,4.5,17.6,77
NORMA_334f7e21,ALB,1,0.06,1.7,1.5,2.0,12946
NORMA_334f7e21,GLU,1,0.21,8.6,8.3,9.0,31127
NORMA_334f7e21,ALB,3,0.34,2.1,1.8,2.3,12949
NORMA_334f7e21,ALB,4,0.5,2.2,2.0,2.5,12942
NORMA_334f7e21,ALB,5,0.71,2.7,2.4,2.9,12945
NORMA_334f7e21,ALB,6,0.99,4.8,4.5,5.2,12945
NORMA_334f7e21,ALB,7,1.25,7.6,7.2,8.1,12946
NORMA_334f7e21,BUN,2,0.23,4.2,3.9,4.6,12513
NORMA_334f7e21,ALB,8,1.5,11.7,11.1,12.2,12945
NORMA_334f7e21,ALB,10,2.34,27.1,26.4,27.9,12939
NORMA_334f7e21,ALP,1,0.05,4.0,3.7,4.4,10697
NORMA_334f7e21,ALP,2,0.14,4.9,4.5,5.3,10697
NORMA_334f7e21,ALP,3,0.23,4.1,3.8,4.5,10695
NORMA_334f7e21,ALP,4,0.33,4.1,3.7,4.4,10696
NORMA_334f7e21,ALP,5,0.45,5.2,4.8,5.6,10697
NORMA_334f7e21,ALP,6,0.59,5.6,5.2,6.1,10696
NORMA_334f7e21,ALP,7,0.77,6.0,5.5,6.4,10696
NORMA_334f7e21,ALP,8,1.04,7.1,6.7,7.6,10703
NORMA_334f7e21,ALB,9,1.8,18.2,17.6,18.9,12952
NORMA_334f7e21,BUN,3,0.39,3.9,3.6,4.3,12514
NORMA_334f7e21,A1C,8,1.95,2.6,0.7,9.1,76
NORMA_334f7e21,BUN,5,0.74,4.4,4.1,4.8,12514
NORMA_334f7e21,CO2,1,0.09,13.6,12.8,14.4,7300
NORMA_334f7e21,CO2,2,0.26,12.5,11.7,13.2,7300
NORMA_334f7e21,CO2,3,0.45,14.4,13.6,15.2,7300
NORMA_334f7e21,CO2,4,0.65,13.2,12.5,14.0,7300
NORMA_334f7e21,CO2,5,0.87,14.4,13.6,15.3,7305
NORMA_334f7e21,CO2,6,1.13,16.5,15.7,17.4,7297
NORMA_334f7e21,CO2,7,1.42,18.6,17.7,19.5,7297
NORMA_334f7e21,CO2,8,1.79,23.6,22.6,24.6,7300
NORMA_334f7e21,CO2,9,2.35,27.9,26.9,29.0,7300
NORMA_334f7e21,CL,10,2.66,25.0,24.3,25.7,14859
NORMA_334f7e21,CO2,10,3.29,40.5,39.4,41.6,7300
NORMA_334f7e21,CRE,2,0.16,2.6,2.4,2.9,19292
NORMA_334f7e21,CRE,3,0.27,2.7,2.5,3.0,19292
NORMA_334f7e21,CRE,4,0.38,3.4,3.2,3.7,19291
NORMA_334f7e21,CRE,5,0.52,3.4,3.1,3.6,19292
NORMA_334f7e21,CRE,6,0.67,3.6,3.4,3.9,19292
NORMA_334f7e21,CRE,7,0.87,5.4,5.1,5.8,19291
NORMA_334f7e21,CRE,8,1.12,5.9,5.6,6.3,19296
NORMA_334f7e21,CRE,9,1.45,9.2,8.8,9.6,19289
NORMA_334f7e21,BUN,4,0.55,4.2,3.8,4.5,12511
NORMA_334f7e21,CRE,1,0.05,3.9,3.7,4.2,19292
NORMA_334f7e21,CL,9,1.91,15.7,15.1,16.3,14858
NORMA_334f7e21,ALB,2,0.2,1.5,1.3,1.8,12945
NORMA_334f7e21,CL,7,1.2,9.2,8.8,9.7,14861
NORMA_334f7e21,CL,8,1.5,10.9,10.4,11.4,14852
NORMA_334f7e21,BUN,6,0.95,5.9,5.5,6.3,12512
NORMA_334f7e21,BUN,7,1.15,5.2,4.8,5.6,12512
NORMA_334f7e21,BUN,8,1.43,7.9,7.4,8.4,12515
NORMA_334f7e21,BUN,9,2.11,15.5,14.9,16.1,12511
NORMA_334f7e21,BUN,10,3.82,26.0,25.2,26.8,12513
NORMA_334f7e21,CA,1,0.08,6.3,5.9,6.8,13397
NORMA_334f7e21,CA,3,0.41,6.2,5.8,6.6,13400
NORMA_334f7e21,CA,4,0.59,7.0,6.6,7.4,13394
NORMA_334f7e21,CA,5,0.78,7.6,7.1,8.0,13398
NORMA_334f7e21,CA,2,0.25,6.1,5.7,6.5,13397
NORMA_334f7e21,CA,7,1.23,8.9,8.4,9.4,13394
NORMA_334f7e21,CL,6,0.91,7.3,6.9,7.7,14861
NORMA_334f7e21,CA,6,1.0,8.3,7.8,8.7,13399
NORMA_334f7e21,CL,4,0.46,6.2,5.9,6.6,14858
NORMA_334f7e21,CL,3,0.32,6.8,6.4,7.2,14858
NORMA_334f7e21,CL,2,0.19,6.1,5.7,6.4,14855
NORMA_334f7e21,CL,5,0.65,7.2,6.8,7.7,14858
NORMA_334f7e21,CA,10,2.5,23.2,22.5,23.9,13395
NORMA_334f7e21,CA,9,1.87,15.3,14.7,16.0,13399
NORMA_334f7e21,CA,8,1.51,10.5,10.0,11.0,13397
NORMA_334f7e21,CL,1,0.06,5.7,5.3,6.0,14862
NORMA_q_age,HGB,10,2.95,11.5,11.0,12.0,17320
NORMA_q_age,HGB,3,1.0,5.1,4.8,5.4,17322
NORMA_q_age,HGB,4,1.26,7.8,7.4,8.2,17320
NORMA_q_age,HGB,5,1.47,8.7,8.3,9.1,17320
NORMA_q_age,HGB,6,1.66,10.7,10.2,11.1,17323
NORMA_q_age,HGB,7,1.84,12.7,12.2,13.2,17319
NORMA_q_age,HGB,8,2.05,14.1,13.6,14.6,17320
NORMA_q_age,HGB,9,2.33,13.1,12.7,13.7,17322
NORMA_q_age,K,1,0.05,6.8,6.5,7.2,21319
NORMA_q_age,NA,1,0.05,4.8,4.5,5.1,19960
NORMA_q_age,K,3,0.26,7.0,6.7,7.4,21319
NORMA_q_age,K,4,0.37,7.5,7.2,7.9,21319
NORMA_q_age,K,5,0.48,8.4,8.0,8.8,21319
NORMA_q_age,K,6,0.62,8.9,8.5,9.3,21317
NORMA_q_age,K,7,0.79,10.2,9.8,10.6,21319
NORMA_q_age,K,8,0.99,11.3,10.9,11.7,21318
NORMA_q_age,K,9,1.23,14.3,13.8,14.7,21321
NORMA_q_age,K,10,1.66,18.6,18.1,19.2,21316
NORMA_q_age,K,2,0.15,7.0,6.7,7.4,21318
NORMA_q_age,HGB,2,0.66,3.9,3.6,4.2,17321
NORMA_q_age,HCT,1,0.25,3.0,2.8,3.2,22192
NORMA_q_age,HCT,10,2.9,11.8,11.3,12.2,22189
NORMA_q_age,CRE,9,1.46,9.6,9.2,10.0,19294
NORMA_q_age,CRE,10,1.99,16.6,16.1,17.2,19290
NORMA_q_age,GLU,1,0.25,9.0,8.6,9.3,31127
NORMA_q_age,GLU,2,0.78,6.9,6.6,7.1,31125
NORMA_q_age,GLU,3,1.29,6.3,6.1,6.6,31125
NORMA_q_age,GLU,4,1.71,6.6,6.3,6.9,31131
NORMA_q_age,GLU,5,2.14,6.9,6.6,7.2,31120
NORMA_q_age,GLU,6,2.61,7.7,7.4,8.0,31128
NORMA_q_age,GLU,7,3.16,8.4,8.0,8.7,31123
NORMA_q_age,GLU,8,3.86,9.7,9.4,10.0,31128
NORMA_q_age,GLU,9,4.89,10.4,10.1,10.8,31126
NORMA_q_age,GLU,10,7.09,14.6,14.3,15.0,31123
NORMA_q_age,NA,2,0.16,5.2,4.9,5.5,19959
NORMA_q_age,HCT,2,0.7,4.3,4.0,4.6,22190
NORMA_q_age,HCT,3,1.02,5.6,5.3,5.9,22190
NORMA_q_age,HCT,4,1.25,7.7,7.3,8.0,22190
NORMA_q_age,HCT,5,1.45,9.6,9.2,10.0,22189
NORMA_q_age,HCT,6,1.63,10.4,10.0,10.8,22190
NORMA_q_age,HCT,7,1.82,12.1,11.6,12.5,22192
NORMA_q_age,HCT,8,2.02,13.4,12.9,13.8,22189
NORMA_q_age,HCT,9,2.3,13.5,13.0,13.9,22190
NORMA_q_age,HGB,1,0.22,2.3,2.1,2.5,17321
NORMA_q_age,NA,3,0.27,6.4,6.0,6.7,19959
NORMA_q_age,PLT,5,0.71,4.1,3.8,4.4,14981
NORMA_q_age,NA,5,0.53,7.1,6.8,7.5,19957
NORMA_q_age,TP,3,0.3,3.3,3.0,3.7,11957
NORMA_q_age,TP,4,0.43,4.6,4.3,5.0,11956
NORMA_q_age,TP,5,0.57,4.4,4.1,4.8,11957
NORMA_q_age,TP,6,0.74,5.5,5.1,5.9,11956
NORMA_q_age,TP,7,0.95,6.4,6.0,6.8,11956
NORMA_q_age,TP,8,1.21,9.7,9.2,10.2,11957
NORMA_q_age,TP,9,1.56,14.9,14.3,15.6,11956
NORMA_q_age,TP,10,2.16,26.8,26.0,27.6,11957
NORMA_q_age,WBC,1,0.06,4.5,4.2,4.8,15264
NORMA_q_age,WBC,2,0.19,4.5,4.1,4.8,15263
NORMA_q_age,WBC,3,0.33,4.7,4.4,5.1,15263
NORMA_q_age,WBC,4,0.47,4.9,4.5,5.2,15263
NORMA_q_age,WBC,5,0.62,5.1,4.7,5.4,15263
NORMA_q_age,WBC,6,0.8,5.5,5.2,5.9,15264
NORMA_q_age,WBC,7,1.01,6.6,6.2,7.0,15304
NORMA_q_age,WBC,8,1.27,7.9,7.5,8.3,15221
NORMA_q_age,WBC,9,1.61,15.6,15.1,16.2,15273
NORMA_q_age,WBC,10,2.52,23.1,22.4,23.8,15254
NORMA_q_age,CRE,8,1.15,6.9,6.6,7.3,19292
NORMA_q_age,TP,2,0.17,3.8,3.4,4.1,11954
NORMA_q_age,TP,1,0.06,3.1,2.8,3.4,11959
NORMA_q_age,TBIL,10,2.5,19.1,18.3,19.8,11168
NORMA_q_age,TBIL,9,1.34,8.7,8.2,9.2,11166
NORMA_q_age,NA,6,0.68,7.1,6.8,7.5,19961
NORMA_q_age,NA,7,0.84,9.4,9.0,9.8,19958
NORMA_q_age,NA,9,1.42,14.6,14.1,15.1,19957
NORMA_q_age,NA,10,2.17,19.7,19.2,20.3,19958
NORMA_q_age,PLT,1,0.07,2.8,2.5,3.1,14980
NORMA_q_age,PLT,2,0.2,3.0,2.7,3.2,14979
NORMA_q_age,PLT,3,0.36,3.2,2.9,3.5,14980
NORMA_q_age,PLT,4,0.52,3.7,3.4,4.0,14978
NORMA_q_age,PLT,6,0.93,5.0,4.7,5.4,14978
NORMA_q_age,NA,4,0.39,6.2,5.9,6.6,19961
NORMA_q_age,PLT,7,1.2,7.4,7.0,7.8,14979
NORMA_q_age,PLT,9,1.98,22.5,21.8,23.2,14979
NORMA_q_age,PLT,10,2.9,19.9,19.3,20.6,14979
NORMA_q_age,TBIL,1,0.05,4.5,4.1,4.9,11168
NORMA_q_age,TBIL,2,0.15,4.3,3.9,4.7,11167
NORMA_q_age,TBIL,3,0.25,4.0,3.6,4.4,11167
NORMA_q_age,TBIL,4,0.35,4.4,4.0,4.8,11167
NORMA_q_age,TBIL,5,0.46,4.6,4.2,5.0,11168
NORMA_q_age,TBIL,6,0.59,4.5,4.1,4.8,11167
NORMA_q_age,TBIL,8,0.97,6.7,6.3,7.2,11168
NORMA_q_age,PLT,8,1.54,14.1,13.6,14.7,14980
NORMA_q_age,TBIL,7,0.75,4.8,4.4,5.2,11167
NORMA_q_age,NA,8,1.05,10.9,10.5,11.4,19961
NORMA_q_age,CRE,6,0.68,4.4,4.2,4.7,19292
NORMA_q_age,ALP,6,0.61,4.8,4.4,5.2,10696
NORMA_q_age,ALP,7,0.8,6.4,5.9,6.9,10700
NORMA_q_age,ALP,8,1.09,8.0,7.5,8.5,10693
NORMA_q_age,ALP,9,1.53,12.0,11.4,12.7,10695
NORMA_q_age,ALP,10,2.64,15.2,14.5,15.9,10697
NORMA_q_age,ALT,1,0.08,5.6,5.1,6.0,9977
NORMA_q_age,ALT,2,0.24,5.3,4.9,5.8,9977
NORMA_q_age,ALT,3,0.39,6.6,6.1,7.1,9975
NORMA_q_age,ALT,4,0.55,5.5,5.1,6.0,9976
NORMA_q_age,ALP,5,0.47,5.1,4.7,5.6,10697
NORMA_q_age,ALT,5,0.72,6.2,5.7,6.7,9976
NORMA_q_age,ALT,7,1.1,6.7,6.3,7.2,9975
NORMA_q_age,ALT,8,1.31,8.4,7.9,9.0,9977
NORMA_q_age,ALT,9,1.66,11.2,10.6,11.8,9975
NORMA_q_age,ALT,10,2.9,13.3,12.7,14.0,9976
NORMA_q_age,AST,1,0.05,5.4,4.9,5.8,9918
NORMA_q_age,AST,2,0.15,5.5,5.0,5.9,9918
NORMA_q_age,AST,3,0.25,5.2,4.8,5.7,9918
NORMA_q_age,AST,4,0.35,4.6,4.2,5.0,9918
NORMA_q_age,AST,5,0.45,4.8,4.4,5.2,9918
NORMA_q_age,ALT,6,0.9,5.5,5.1,6.0,9977
NORMA_q_age,ALP,4,0.35,4.8,4.4,5.2,10695
NORMA_q_age,ALP,3,0.24,4.2,3.9,4.6,10696
NORMA_q_age,ALP,2,0.14,4.8,4.4,5.2,10696
NORMA_q_age,CRE,7,0.89,5.0,4.7,5.3,19291
NORMA_q_age,A1C,2,0.55,5.3,2.1,12.8,76
NORMA_q_age,A1C,3,0.88,0.0,0.0,4.8,76
NORMA_q_age,A1C,4,1.11,1.3,0.2,7.0,77
NORMA_q_age,A1C,5,1.34,6.6,2.8,14.5,76
NORMA_q_age,A1C,6,1.51,10.7,5.5,19.7,75
NORMA_q_age,A1C,7,1.72,2.6,0.7,9.1,76
NORMA_q_age,A1C,8,1.96,5.3,2.1,12.8,76
NORMA_q_age,A1C,9,2.43,7.8,3.6,16.0,77
NORMA_q_age,A1C,10,3.31,7.9,3.7,16.2,76
NORMA_q_age,ALB,1,0.06,1.9,1.7,2.2,12946
NORMA_q_age,ALB,2,0.19,2.0,1.8,2.3,12945
NORMA_q_age,ALB,3,0.33,1.9,1.6,2.1,12945
NORMA_q_age,ALB,4,0.49,2.2,2.0,2.5,12946
NORMA_q_age,ALB,5,0.69,3.2,2.9,3.5,12946
NORMA_q_age,ALB,6,0.94,4.7,4.4,5.1,12944
NORMA_q_age,ALB,7,1.17,7.8,7.3,8.2,12946
NORMA_q_age,ALB,8,1.41,12.5,12.0,13.1,12945
NORMA_q_age,ALB,9,1.72,17.9,17.2,18.6,12945
NORMA_q_age,ALB,10,2.25,25.6,24.8,26.3,12946
NORMA_q_age,ALP,1,0.05,3.8,3.5,4.2,10698
NORMA_q_age,AST,6,0.55,5.5,5.0,5.9,9922
NORMA_q_age,AST,7,0.67,6.4,5.9,6.9,9914
NORMA_q_age,A1C,1,0.25,6.5,2.8,14.3,77
NORMA_q_age,CRE,4,0.39,3.2,3.0,3.5,19291
NORMA_q_age,CL,4,0.46,7.0,6.6,7.4,14858
NORMA_q_age,CL,5,0.64,7.3,6.9,7.8,14858
NORMA_q_age,CL,6,0.88,8.0,7.5,8.4,14857
NORMA_q_age,CL,7,1.15,9.5,9.0,9.9,14859
NORMA_q_age,CL,8,1.45,10.7,10.2,11.2,14857
NORMA_q_age,CL,9,1.83,15.8,15.2,16.4,14862
NORMA_q_age,CL,10,2.53,23.2,22.5,23.9,14855
NORMA_q_age,CO2,1,0.09,12.9,12.2,13.7,7300
NORMA_q_age,CO2,2,0.26,13.4,12.6,14.2,7300
NORMA_q_age,CO2,3,0.43,13.4,12.7,14.2,7301
NORMA_q_age,CO2,4,0.63,13.4,12.6,14.2,7299
NORMA_q_age,CO2,5,0.84,15.1,14.3,15.9,7300
NORMA_q_age,CO2,6,1.09,16.5,15.7,17.4,7300
NORMA_q_age,CO2,7,1.37,19.1,18.3,20.1,7299
NORMA_q_age,CO2,8,1.71,23.0,22.1,24.0,7300
NORMA_q_age,CO2,9,2.21,29.7,28.6,30.7,7311
NORMA_q_age,CO2,10,3.07,38.6,37.5,39.7,7289
NORMA_q_age,CRE,1,0.05,2.6,2.4,2.9,19292
NORMA_q_age,CRE,2,0.16,2.9,2.7,3.2,19292
NORMA_q_age,CRE,3,0.27,2.8,2.6,3.1,19292
NORMA_q_age,AST,8,0.84,6.4,6.0,6.9,9919
NORMA_q_age,CL,3,0.32,5.9,5.6,6.3,14859
NORMA_q_age,CL,2,0.19,6.5,6.1,6.9,14857
NORMA_q_age,CRE,5,0.52,3.6,3.4,3.9,19292
NORMA_q_age,CA,10,2.39,22.3,21.6,23.0,13394
NORMA_q_age,CL,1,0.06,6.3,5.9,6.7,14860
NORMA_q_age,AST,10,1.88,14.9,14.3,15.7,9918
NORMA_q_age,BUN,1,0.08,3.7,3.4,4.1,12513
NORMA_q_age,BUN,2,0.23,3.8,3.5,4.1,12514
NORMA_q_age,BUN,3,0.38,4.1,3.7,4.4,12512
NORMA_q_age,BUN,4,0.55,5.2,4.8,5.6,12512
NORMA_q_age,BUN,5,0.73,4.2,3.9,4.6,12513
NORMA_q_age,BUN,6,0.94,5.2,4.9,5.6,12513
NORMA_q_age,BUN,7,1.14,5.2,4.9,5.6,12512
NORMA_q_age,BUN,8,1.42,8.1,7.7,8.6,12518
NORMA_q_age,AST,9,1.14,9.6,9.0,10.2,9917
NORMA_q_age,BUN,10,3.85,26.4,25.6,27.1,12499
NORMA_q_age,CA,1,0.08,6.3,5.9,6.7,13398
NORMA_q_age,CA,2,0.23,5.8,5.4,6.2,13396
NORMA_q_age,CA,3,0.39,6.0,5.6,6.4,13397
NORMA_q_age,CA,4,0.56,6.9,6.5,7.4,13397
NORMA_q_age,CA,5,0.74,7.0,6.6,7.5,13397
NORMA_q_age,CA,6,0.94,8.1,7.6,8.5,13397
NORMA_q_age,CA,7,1.17,9.5,9.0,10.0,13397
NORMA_q_age,CA,8,1.43,11.4,10.9,12.0,13400
NORMA_q_age,CA,9,1.79,16.0,15.4,16.6,13397
NORMA_q_age,BUN,9,2.11,14.8,14.2,15.4,12522
NORMA_q_age_set,CA,3,0.4,6.7,6.3,7.2,13397
NORMA_q_age_set,CA,4,0.56,6.8,6.4,7.2,13397
NORMA_q_age_set,CA,5,0.75,7.9,7.5,8.4,13397
NORMA_q_age_set,CA,10,2.44,20.9,20.2,21.6,13397
NORMA_q_age_set,CA,7,1.19,9.1,8.6,9.6,13399
NORMA_q_age_set,CA,8,1.46,11.7,11.2,12.3,13395
NORMA_q_age_set,CA,9,1.81,15.7,15.1,16.3,13397
NORMA_q_age_set,CA,6,0.96,8.2,7.8,8.7,13397
NORMA_q_age_set,CA,2,0.24,6.0,5.6,6.4,13397
NORMA_q_age_set,BUN,7,1.08,6.4,6.0,6.9,12512
NORMA_q_age_set,BUN,10,3.41,25.1,24.4,25.9,12511
NORMA_q_age_set,BUN,9,1.92,15.6,15.0,16.2,12514
NORMA_q_age_set,BUN,8,1.33,7.2,6.7,7.6,12513
NORMA_q_age_set,BUN,6,0.89,4.8,4.5,5.2,12514
NORMA_q_age_set,BUN,5,0.7,5.5,5.1,5.9,12509
NORMA_q_age_set,BUN,4,0.53,4.2,3.8,4.5,12516
NORMA_q_age_set,BUN,3,0.37,4.2,3.9,4.6,12511
NORMA_q_age_set,BUN,2,0.22,4.2,3.9,4.6,12513
NORMA_q_age_set,CL,1,0.06,5.7,5.3,6.1,14859
NORMA_q_age_set,CA,1,0.08,6.3,5.9,6.7,13397
NORMA_q_age_set,BUN,1,0.07,3.5,3.1,3.8,12515
NORMA_q_age_set,CO2,2,0.24,13.9,13.1,14.7,7300
NORMA_q_age_set,CL,3,0.29,6.2,5.9,6.6,14857
NORMA_q_age_set,AST,10,1.86,15.4,14.7,16.2,9918
NORMA_q_age_set,CRE,3,0.26,2.8,2.6,3.1,19292
NORMA_q_age_set,CRE,2,0.15,2.6,2.4,2.8,19292
NORMA_q_age_set,CRE,1,0.05,2.7,2.5,3.0,19293
NORMA_q_age_set,CO2,10,2.82,41.7,40.5,42.8,7300
NORMA_q_age_set,CO2,9,2.07,26.3,25.3,27.3,7298
NORMA_q_age_set,CO2,8,1.6,22.0,21.1,23.0,7302
NORMA_q_age_set,CO2,7,1.28,18.6,17.7,19.5,7299
NORMA_q_age_set,CO2,6,1.02,16.3,15.5,17.1,7297
NORMA_q_age_set,CL,2,0.17,6.6,6.2,7.0,14859
NORMA_q_age_set,CO2,5,0.79,15.3,14.5,16.2,7303
NORMA_q_age_set,CO2,3,0.41,13.8,13.0,14.6,7301
NORMA_q_age_set,CO2,1,0.08,13.6,12.8,14.4,7300
NORMA_q_age_set,CL,10,2.42,24.2,23.5,24.9,14859
NORMA_q_age_set,CL,9,1.76,15.0,14.5,15.6,14856
NORMA_q_age_set,CL,8,1.39,11.6,11.1,12.1,14860
NORMA_q_age_set,CL,7,1.11,8.3,7.9,8.7,14857
NORMA_q_age_set,CL,6,0.84,8.4,8.0,8.8,14858
NORMA_q_age_set,CL,5,0.6,7.3,6.9,7.7,14854
NORMA_q_age_set,CL,4,0.43,6.8,6.4,7.2,14863
NORMA_q_age_set,CO2,4,0.58,13.9,13.1,14.7,7299
NORMA_q_age_set,A1C,6,1.4,2.6,0.7,9.1,76
NORMA_q_age_set,ALP,6,0.63,5.7,5.3,6.2,10696
NORMA_q_age_set,AST,8,0.81,7.0,6.6,7.6,9916
NORMA_q_age_set,ALP,2,0.14,3.7,3.4,4.1,10695
NORMA_q_age_set,ALP,1,0.05,4.6,4.2,5.0,10700
NORMA_q_age_set,ALB,10,2.38,27.2,26.4,27.9,12946
NORMA_q_age_set,ALB,9,1.79,16.5,15.9,17.1,12945
NORMA_q_age_set,ALB,8,1.48,12.3,11.8,12.9,12943
NORMA_q_age_set,ALB,7,1.23,7.7,7.3,8.2,12948
NORMA_q_age_set,ALB,6,0.99,4.8,4.4,5.2,12945
NORMA_q_age_set,ALB,5,0.72,3.1,2.8,3.5,12945
NORMA_q_age_set,ALB,4,0.51,2.1,1.9,2.3,12946
NORMA_q_age_set,ALP,3,0.24,4.2,3.8,4.6,10694
NORMA_q_age_set,ALB,3,0.35,2.1,1.9,2.4,12945
NORMA_q_age_set,ALB,1,0.07,1.8,1.6,2.0,12946
NORMA_q_age_set,A1C,10,3.12,7.8,3.6,16.0,77
NORMA_q_age_set,A1C,9,2.19,7.9,3.7,16.2,76
NORMA_q_age_set,A1C,8,1.84,5.3,2.1,12.8,76
NORMA_q_age_set,A1C,1,0.16,6.5,2.8,14.3,77
NORMA_q_age_set,A1C,2,0.46,5.3,2.1,12.8,76
NORMA_q_age_set,A1C,3,0.77,0.0,0.0,4.8,76
NORMA_q_age_set,A1C,4,1.0,2.6,0.7,9.1,76
NORMA_q_age_set,A1C,5,1.21,7.9,3.7,16.2,76
NORMA_q_age_set,ALB,2,0.2,2.0,1.8,2.3,12945
NORMA_q_age_set,ALP,4,0.35,5.0,4.6,5.4,10696
NORMA_q_age_set,ALP,5,0.48,5.1,4.7,5.6,10697
NORMA_q_age_set,CRE,4,0.38,3.5,3.2,3.8,19290
NORMA_q_age_set,AST,7,0.65,6.1,5.7,6.6,9920
NORMA_q_age_set,AST,6,0.52,5.6,5.1,6.0,9918
NORMA_q_age_set,AST,5,0.42,4.7,4.3,5.1,9917
NORMA_q_age_set,AST,4,0.33,4.2,3.8,4.6,9919
NORMA_q_age_set,AST,3,0.23,5.6,5.2,6.1,9918
NORMA_q_age_set,AST,2,0.14,5.5,5.0,5.9,9918
NORMA_q_age_set,AST,1,0.05,4.8,4.4,5.3,9918
NORMA_q_age_set,ALT,10,2.93,13.5,12.9,14.2,9973
NORMA_q_age_set,ALT,9,1.68,11.0,10.4,11.6,9977
NORMA_q_age_set,ALT,8,1.31,8.0,7.5,8.5,9978
NORMA_q_age_set,ALT,7,1.08,6.9,6.5,7.5,9975
NORMA_q_age_set,ALT,6,0.88,6.3,5.8,6.8,9977
NORMA_q_age_set,ALT,5,0.69,5.9,5.4,6.3,9975
NORMA_q_age_set,ALT,4,0.53,5.8,5.3,6.3,9976
NORMA_q_age_set,ALT,3,0.38,5.9,5.4,6.3,9977
NORMA_q_age_set,ALT,2,0.22,5.7,5.3,6.2,9972
NORMA_q_age_set,ALT,1,0.08,5.4,5.0,5.9,9981
NORMA_q_age_set,ALP,10,2.72,15.7,15.1,16.4,10697
NORMA_q_age_set,ALP,9,1.63,11.5,10.9,12.2,10696
NORMA_q_age_set,ALP,8,1.13,7.6,7.1,8.1,10696
NORMA_q_age_set,ALP,7,0.83,5.9,5.5,6.4,10696
NORMA_q_age_set,AST,9,1.1,9.3,8.7,9.8,9918
NORMA_q_age_set,CRE,5,0.51,3.9,3.6,4.1,19292
NORMA_q_age_set,HCT,10,2.95,12.7,12.3,13.2,22190
NORMA_q_age_set,CRE,7,0.85,5.6,5.3,6.0,19291
NORMA_q_age_set,TBIL,6,0.53,4.7,4.4,5.1,11143
NORMA_q_age_set,TBIL,5,0.42,4.9,4.5,5.3,11192
NORMA_q_age_set,TBIL,4,0.32,4.3,4.0,4.7,11166
NORMA_q_age_set,TBIL,3,0.23,3.8,3.4,4.1,11168
NORMA_q_age_set,TBIL,2,0.13,4.4,4.0,4.8,11166
NORMA_q_age_set,TBIL,1,0.04,4.2,3.8,4.6,11169
NORMA_q_age_set,PLT,10,3.19,20.2,19.6,20.9,14980
NORMA_q_age_set,PLT,9,2.12,20.9,20.3,21.6,14979
NORMA_q_age_set,PLT,8,1.61,14.0,13.4,14.5,14976
NORMA_q_age_set,TBIL,7,0.68,4.8,4.4,5.2,11168
NORMA_q_age_set,PLT,7,1.26,8.7,8.3,9.2,14981
NORMA_q_age_set,PLT,5,0.75,4.5,4.1,4.8,14980
NORMA_q_age_set,PLT,4,0.55,3.3,3.0,3.6,14979
NORMA_q_age_set,PLT,3,0.37,3.1,2.8,3.4,14979
NORMA_q_age_set,PLT,2,0.22,3.0,2.8,3.3,14978
NORMA_q_age_set,PLT,1,0.07,2.7,2.4,2.9,14981
NORMA_q_age_set,NA,10,2.11,19.2,18.7,19.8,19949
NORMA_q_age_set,NA,9,1.36,14.8,14.3,15.3,19968
NORMA_q_age_set,NA,8,0.99,10.0,9.6,10.4,19958
NORMA_q_age_set,NA,7,0.79,9.2,8.8,9.6,19961
NORMA_q_age_set,PLT,6,0.98,5.3,4.9,5.6,14980
NORMA_q_age_set,NA,6,0.64,7.9,7.5,8.2,19958
NORMA_q_age_set,TBIL,8,0.89,7.3,6.8,7.7,11167
NORMA_q_age_set,TBIL,10,2.27,18.5,17.8,19.2,11166
NORMA_q_age_set,WBC,10,2.36,22.2,21.6,22.9,15264
NORMA_q_age_set,WBC,9,1.51,16.4,15.8,17.0,15263
NORMA_q_age_set,WBC,8,1.18,8.5,8.1,9.0,15257
NORMA_q_age_set,WBC,7,0.94,6.8,6.4,7.2,15269
NORMA_q_age_set,WBC,6,0.74,5.7,5.3,6.0,15263
NORMA_q_age_set,WBC,5,0.57,4.6,4.3,5.0,15263
NORMA_q_age_set,WBC,4,0.43,5.0,4.7,5.4,15263
NORMA_q_age_set,WBC,3,0.3,4.3,4.0,4.7,15263
NORMA_q_age_set,WBC,2,0.18,4.4,4.1,4.7,15263
NORMA_q_age_set,TBIL,9,1.24,8.7,8.2,9.2,11168
NORMA_q_age_set,WBC,1,0.06,4.4,4.1,4.7,15264
NORMA_q_age_set,TP,9,1.64,14.8,14.1,15.4,11947
NORMA_q_age_set,TP,8,1.27,8.9,8.4,9.4,11966
NORMA_q_age_set,TP,7,1.0,6.4,6.0,6.9,11955
NORMA_q_age_set,TP,6,0.78,5.0,4.7,5.4,11957
NORMA_q_age_set,TP,5,0.6,5.1,4.7,5.5,11957
NORMA_q_age_set,TP,4,0.45,4.2,3.9,4.6,11956
NORMA_q_age_set,TP,3,0.31,3.5,3.2,3.8,11957
NORMA_q_age_set,TP,2,0.18,3.3,3.0,3.6,11955
NORMA_q_age_set,TP,1,0.06,3.7,3.4,4.0,11958
NORMA_q_age_set,TP,10,2.35,27.7,26.9,28.5,11957
NORMA_q_age_set,CRE,6,0.66,4.9,4.6,5.2,19292
NORMA_q_age_set,NA,5,0.5,7.4,7.1,7.8,19957
NORMA_q_age_set,NA,3,0.26,5.8,5.5,6.2,19958
NORMA_q_age_set,HCT,7,1.81,11.6,11.2,12.1,22190
NORMA_q_age_set,HCT,6,1.62,11.4,11.0,11.8,22190
NORMA_q_age_set,HCT,5,1.44,9.5,9.1,9.9,22190
NORMA_q_age_set,HCT,4,1.25,7.6,7.2,7.9,22190
NORMA_q_age_set,HCT,3,1.01,5.8,5.5,6.1,22190
NORMA_q_age_set,HCT,2,0.69,4.4,4.2,4.7,22190
NORMA_q_age_set,HCT,1,0.25,3.0,2.8,3.3,22191
NORMA_q_age_set,GLU,10,7.58,14.7,14.3,15.1,31126
NORMA_q_age_set,GLU,9,5.26,10.8,10.4,11.1,31125
NORMA_q_age_set,HCT,8,2.03,12.9,12.5,13.4,22190
NORMA_q_age_set,GLU,8,4.06,9.7,9.4,10.0,31126
NORMA_q_age_set,GLU,6,2.66,7.5,7.2,7.8,31128
NORMA_q_age_set,GLU,5,2.15,7.1,6.8,7.4,31125
NORMA_q_age_set,GLU,4,1.69,6.6,6.3,6.8,31124
NORMA_q_age_set,GLU,3,1.24,6.3,6.0,6.6,31127
NORMA_q_age_set,GLU,2,0.73,6.8,6.5,7.1,31126
NORMA_q_age_set,GLU,1,0.22,8.7,8.4,9.0,31126
NORMA_q_age_set,CRE,10,1.94,16.4,15.9,16.9,19291
NORMA_q_age_set,CRE,9,1.41,9.5,9.1,9.9,19292
NORMA_q_age_set,CRE,8,1.09,5.8,5.4,6.1,19293
NORMA_q_age_set,GLU,7,3.27,8.4,8.1,8.7,31123
NORMA_q_age_set,NA,4,0.38,7.8,7.4,8.2,19962
NORMA_q_age_set,HCT,9,2.33,12.3,11.9,12.7,22190
NORMA_q_age_set,HGB,2,0.67,3.8,3.5,4.1,17321
NORMA_q_age_set,NA,2,0.15,4.9,4.6,5.2,19960
NORMA_q_age_set,NA,1,0.05,4.5,4.2,4.8,19960
NORMA_q_age_set,K,10,1.64,18.3,17.8,18.8,21316
NORMA_q_age_set,K,9,1.2,14.4,14.0,14.9,21321
NORMA_q_age_set,K,8,0.96,11.5,11.1,12.0,21319
NORMA_q_age_set,K,7,0.77,9.9,9.5,10.3,21317
NORMA_q_age_set,K,6,0.6,8.6,8.2,9.0,21309
NORMA_q_age_set,K,5,0.46,8.1,7.8,8.5,21324
NORMA_q_age_set,K,4,0.35,8.3,7.9,8.7,21323
NORMA_q_age_set,HGB,1,0.23,2.4,2.2,2.7,17321
NORMA_q_age_set,K,3,0.24,6.9,6.6,7.3,21317
NORMA_q_age_set,K,1,0.05,7.5,7.1,7.8,21319
NORMA_q_age_set,HGB,10,3.07,12.1,11.6,12.6,17321
NORMA_q_age_set,HGB,9,2.42,11.1,10.6,11.6,17318
NORMA_q_age_set,HGB,8,2.1,13.3,12.8,13.8,17323
NORMA_q_age_set,HGB,7,1.87,11.8,11.3,12.3,17320
NORMA_q_age_set,HGB,6,1.68,11.5,11.1,12.0,17320
NORMA_q_age_set,HGB,5,1.48,9.8,9.4,10.2,17323
NORMA_q_age_set,HGB,4,1.27,8.1,7.7,8.5,17320
NORMA_q_age_set,HGB,3,1.01,5.9,5.6,6.3,17321
NORMA_q_age_set,K,2,0.14,6.4,6.1,6.8,21320
NORMA_q_age_set,A1C,7,1.63,7.9,3.7,16.2,76
NORMA_q_age_set_co,BUN,2,0.22,4.7,4.3,5.0,12513
NORMA_q_age_set_co,WBC,7,1.07,6.0,5.6,6.4,15263
NORMA_q_age_set_co,CA,8,1.69,12.0,11.4,12.5,13397
NORMA_q_age_set_co,CA,7,1.37,9.3,8.8,9.8,13397
NORMA_q_age_set_co,CA,6,1.11,7.6,7.2,8.1,13397
NORMA_q_age_set_co,CA,5,0.86,7.5,7.0,7.9,13396
NORMA_q_age_set_co,CA,4,0.65,6.5,6.1,7.0,13398
NORMA_q_age_set_co,CA,3,0.45,6.5,6.1,7.0,13397
NORMA_q_age_set_co,CA,2,0.26,6.3,5.9,6.7,13397
NORMA_q_age_set_co,CA,1,0.09,6.5,6.1,7.0,13397
NORMA_q_age_set_co,BUN,10,3.43,24.9,24.1,25.7,12513
NORMA_q_age_set_co,BUN,9,1.94,14.2,13.6,14.8,12513
NORMA_q_age_set_co,BUN,8,1.4,7.0,6.6,7.4,12512
NORMA_q_age_set_co,BUN,7,1.14,6.7,6.3,7.1,12512
NORMA_q_age_set_co,BUN,6,0.92,5.2,4.9,5.6,12512
NORMA_q_age_set_co,BUN,5,0.72,5.1,4.7,5.5,12515
NORMA_q_age_set_co,BUN,4,0.54,4.4,4.0,4.7,12511
NORMA_q_age_set_co,BUN,3,0.38,4.5,4.2,4.9,12514
NORMA_q_age_set_co,BUN,1,0.08,4.1,3.8,4.5,12513
NORMA_q_age_set_co,AST,10,1.82,15.0,14.3,15.7,9917
NORMA_q_age_set_co,AST,9,1.12,9.4,8.8,10.0,9918
NORMA_q_age_set_co,CA,9,2.1,15.3,14.7,15.9,13398
NORMA_q_age_set_co,CA,10,2.87,21.9,21.2,22.6,13396
NORMA_q_age_set_co,CL,1,0.06,5.2,4.9,5.6,14860
NORMA_q_age_set_co,CL,2,0.2,5.6,5.2,6.0,14859
NORMA_q_age_set_co,CRE,2,0.17,2.8,2.6,3.1,19291
NORMA_q_age_set_co,CRE,1,0.06,2.4,2.2,2.7,19293
NORMA_q_age_set_co,CO2,10,3.41,43.5,42.4,44.7,7298
NORMA_q_age_set_co,CO2,9,2.46,28.2,27.2,29.2,7302
NORMA_q_age_set_co,CO2,8,1.88,23.9,22.9,24.9,7300
NORMA_q_age_set_co,CO2,7,1.49,17.9,17.1,18.8,7300
NORMA_q_age_set_co,CO2,6,1.18,16.1,15.2,16.9,7299
NORMA_q_age_set_co,CO2,5,0.9,14.7,13.9,15.5,7300
NORMA_q_age_set_co,CO2,4,0.68,13.9,13.1,14.7,7300
NORMA_q_age_set_co,AST,8,0.84,6.8,6.3,7.3,9919
NORMA_q_age_set_co,CO2,3,0.47,13.1,12.3,13.8,7299
NORMA_q_age_set_co,CO2,1,0.09,11.3,10.6,12.0,7300
NORMA_q_age_set_co,CL,10,2.64,24.9,24.2,25.6,14855
NORMA_q_age_set_co,CL,9,1.92,15.4,14.9,16.0,14862
NORMA_q_age_set_co,CL,8,1.48,12.0,11.4,12.5,14858
NORMA_q_age_set_co,CL,7,1.18,8.0,7.5,8.4,14858
NORMA_q_age_set_co,CL,6,0.88,8.0,7.5,8.4,14858
NORMA_q_age_set_co,CL,5,0.66,7.4,7.0,7.9,14857
NORMA_q_age_set_co,CL,4,0.48,7.6,7.1,8.0,14858
NORMA_q_age_set_co,CL,3,0.33,6.1,5.7,6.5,14857
NORMA_q_age_set_co,CO2,2,0.27,12.7,12.0,13.5,7301
NORMA_q_age_set_co,CRE,3,0.29,3.1,2.8,3.3,19299
NORMA_q_age_set_co,AST,7,0.67,5.9,5.5,6.4,9917
NORMA_q_age_set_co,AST,5,0.45,4.5,4.1,4.9,9918
NORMA_q_age_set_co,ALB,10,2.76,27.7,26.9,28.4,12904
NORMA_q_age_set_co,ALB,9,2.08,16.5,15.9,17.2,12987
NORMA_q_age_set_co,ALB,8,1.72,12.2,11.6,12.7,12945
NORMA_q_age_set_co,ALB,7,1.43,7.6,7.2,8.1,12942
NORMA_q_age_set_co,ALB,6,1.13,5.0,4.7,5.4,12949
NORMA_q_age_set_co,ALB,5,0.82,2.9,2.6,3.2,12942
NORMA_q_age_set_co,ALB,4,0.58,2.7,2.4,3.0,12949
NORMA_q_age_set_co,ALB,3,0.39,1.7,1.5,2.0,12945
NORMA_q_age_set_co,ALB,2,0.23,1.7,1.5,1.9,12944
NORMA_q_age_set_co,ALB,1,0.08,1.7,1.5,2.0,12947
NORMA_q_age_set_co,A1C,10,3.26,7.8,3.6,16.0,77
NORMA_q_age_set_co,A1C,9,2.33,6.8,2.9,14.9,74
NORMA_q_age_set_co,A1C,8,1.91,5.1,2.0,12.5,78
NORMA_q_age_set_co,A1C,7,1.7,7.9,3.7,16.2,76
NORMA_q_age_set_co,A1C,6,1.48,6.6,2.8,14.5,76
NORMA_q_age_set_co,A1C,5,1.29,3.9,1.4,11.0,76
NORMA_q_age_set_co,A1C,3,0.83,0.0,0.0,4.8,76
NORMA_q_age_set_co,A1C,2,0.51,5.3,2.1,12.9,75
NORMA_q_age_set_co,A1C,1,0.28,6.4,2.8,14.1,78
NORMA_q_age_set_co,ALP,1,0.05,4.2,3.9,4.6,10697
NORMA_q_age_set_co,ALP,2,0.15,4.8,4.4,5.2,10696
NORMA_q_age_set_co,ALP,3,0.25,4.4,4.0,4.8,10698
NORMA_q_age_set_co,ALP,4,0.36,5.2,4.8,5.6,10694
NORMA_q_age_set_co,AST,4,0.35,5.1,4.6,5.5,9918
NORMA_q_age_set_co,AST,3,0.25,5.6,5.2,6.1,9915
NORMA_q_age_set_co,AST,2,0.16,5.8,5.4,6.3,9920
NORMA_q_age_set_co,AST,1,0.05,4.8,4.4,5.3,9919
NORMA_q_age_set_co,ALT,10,2.74,13.4,12.8,14.1,9974
NORMA_q_age_set_co,ALT,9,1.75,11.1,10.5,11.7,9977
NORMA_q_age_set_co,ALT,8,1.4,8.2,7.7,8.8,9976
NORMA_q_age_set_co,ALT,7,1.16,6.6,6.1,7.1,9976
NORMA_q_age_set_co,ALT,6,0.95,6.4,6.0,6.9,9977
NORMA_q_age_set_co,AST,6,0.55,5.4,5.0,5.9,9919
NORMA_q_age_set_co,ALT,5,0.76,5.6,5.1,6.1,9976
NORMA_q_age_set_co,ALT,3,0.43,6.1,5.6,6.6,9976
NORMA_q_age_set_co,ALT,2,0.26,5.7,5.3,6.2,9976
NORMA_q_age_set_co,ALT,1,0.09,5.6,5.1,6.1,9977
NORMA_q_age_set_co,ALP,10,2.49,14.2,13.6,14.9,10680
NORMA_q_age_set_co,ALP,9,1.46,10.5,10.0,11.1,10711
NORMA_q_age_set_co,ALP,8,1.07,9.4,8.8,9.9,10698
NORMA_q_age_set_co,ALP,7,0.81,6.1,5.7,6.6,10695
NORMA_q_age_set_co,ALP,6,0.63,5.4,5.0,5.9,10697
NORMA_q_age_set_co,ALP,5,0.48,4.8,4.4,5.2,10697
NORMA_q_age_set_co,ALT,4,0.59,5.6,5.1,6.1,9976
NORMA_q_age_set_co,WBC,8,1.35,8.8,8.4,9.3,15288
NORMA_q_age_set_co,CRE,4,0.41,3.9,3.6,4.2,19284
NORMA_q_age_set_co,CRE,6,0.73,4.1,3.8,4.3,19292
NORMA_q_age_set_co,TBIL,2,0.15,4.5,4.1,4.9,11163
NORMA_q_age_set_co,TBIL,1,0.05,4.5,4.2,4.9,11172
NORMA_q_age_set_co,PLT,10,3.12,22.9,22.3,23.6,14980
NORMA_q_age_set_co,PLT,9,2.15,20.4,19.8,21.1,14979
NORMA_q_age_set_co,PLT,8,1.66,12.5,11.9,13.0,14979
NORMA_q_age_set_co,PLT,7,1.31,8.1,7.7,8.5,14977
NORMA_q_age_set_co,PLT,6,1.03,4.8,4.5,5.2,14981
NORMA_q_age_set_co,PLT,5,0.78,3.7,3.4,4.0,14980
NORMA_q_age_set_co,PLT,4,0.57,3.6,3.3,3.9,14979
NORMA_q_age_set_co,PLT,3,0.39,3.0,2.7,3.2,14979
NORMA_q_age_set_co,PLT,2,0.23,3.1,2.8,3.4,14979
NORMA_q_age_set_co,PLT,1,0.07,3.6,3.4,4.0,14980
NORMA_q_age_set_co,NA,10,2.46,19.1,18.6,19.7,19959
NORMA_q_age_set_co,NA,9,1.56,15.0,14.5,15.5,19954
NORMA_q_age_set_co,NA,8,1.14,11.6,11.2,12.1,19964
NORMA_q_age_set_co,NA,7,0.91,9.5,9.1,9.9,19958
NORMA_q_age_set_co,NA,6,0.73,8.0,7.6,8.4,19960
NORMA_q_age_set_co,NA,5,0.57,6.4,6.0,6.7,19958
NORMA_q_age_set_co,NA,4,0.42,5.9,5.6,6.2,19960
NORMA_q_age_set_co,TBIL,3,0.25,3.8,3.4,4.1,11167
NORMA_q_age_set_co,TBIL,4,0.35,4.5,4.1,4.8,11168
NORMA_q_age_set_co,TBIL,5,0.45,5.1,4.7,5.5,11170
NORMA_q_age_set_co,TBIL,6,0.57,4.4,4.0,4.8,11164
NORMA_q_age_set_co,WBC,6,0.84,6.5,6.1,6.9,15263
NORMA_q_age_set_co,WBC,5,0.65,5.1,4.8,5.5,15263
NORMA_q_age_set_co,WBC,4,0.48,4.9,4.6,5.3,15263
NORMA_q_age_set_co,WBC,3,0.34,5.1,4.7,5.4,15263
NORMA_q_age_set_co,WBC,2,0.2,4.6,4.3,4.9,15263
NORMA_q_age_set_co,WBC,1,0.07,4.2,3.9,4.5,15264
NORMA_q_age_set_co,TP,10,2.43,28.1,27.3,28.9,11952
NORMA_q_age_set_co,TP,9,1.71,14.1,13.5,14.7,11961
NORMA_q_age_set_co,TP,8,1.34,9.5,9.0,10.0,11957
NORMA_q_age_set_co,NA,3,0.29,5.6,5.3,5.9,19959
NORMA_q_age_set_co,TP,7,1.05,6.3,5.9,6.8,11956
NORMA_q_age_set_co,TP,5,0.63,4.8,4.4,5.2,11958
NORMA_q_age_set_co,TP,4,0.47,3.7,3.4,4.0,11954
NORMA_q_age_set_co,TP,3,0.32,3.7,3.4,4.1,11958
NORMA_q_age_set_co,TP,2,0.19,3.3,3.0,3.6,11957
NORMA_q_age_set_co,TP,1,0.06,3.7,3.4,4.0,11957
NORMA_q_age_set_co,TBIL,10,2.28,18.3,17.6,19.0,11168
NORMA_q_age_set_co,TBIL,9,1.25,7.9,7.4,8.4,11167
NORMA_q_age_set_co,TBIL,8,0.91,7.4,6.9,7.9,11167
NORMA_q_age_set_co,TBIL,7,0.71,5.1,4.7,5.6,11167
NORMA_q_age_set_co,TP,6,0.81,5.4,5.0,5.8,11955
NORMA_q_age_set_co,CRE,5,0.56,3.7,3.5,4.0,19295
NORMA_q_age_set_co,NA,2,0.17,5.1,4.8,5.5,19954
NORMA_q_age_set_co,K,10,1.74,18.3,17.8,18.9,21318
NORMA_q_age_set_co,HCT,5,1.71,9.6,9.3,10.0,22189
NORMA_q_age_set_co,HCT,4,1.5,9.8,9.4,10.2,22191
NORMA_q_age_set_co,HCT,3,1.25,7.0,6.7,7.4,22190
NORMA_q_age_set_co,HCT,2,0.9,4.5,4.2,4.7,22190
NORMA_q_age_set_co,HCT,1,0.35,2.9,2.7,3.2,22191
NORMA_q_age_set_co,GLU,10,6.77,14.9,14.5,15.3,31126
NORMA_q_age_set_co,GLU,9,4.64,10.3,10.0,10.6,31125
NORMA_q_age_set_co,GLU,8,3.61,9.1,8.8,9.4,31117
NORMA_q_age_set_co,GLU,7,2.87,8.3,8.0,8.6,31132
NORMA_q_age_set_co,GLU,6,2.3,7.4,7.1,7.7,31126
NORMA_q_age_set_co,GLU,5,1.81,6.7,6.4,7.0,31121
NORMA_q_age_set_co,GLU,4,1.37,7.2,6.9,7.5,31131
NORMA_q_age_set_co,GLU,3,0.96,7.1,6.8,7.4,31124
NORMA_q_age_set_co,GLU,2,0.54,7.6,7.3,7.9,31125
NORMA_q_age_set_co,GLU,1,0.17,8.0,7.7,8.3,31129
NORMA_q_age_set_co,CRE,10,2.13,16.3,15.8,16.9,19291
NORMA_q_age_set_co,CRE,9,1.52,9.8,9.4,10.3,19293
NORMA_q_age_set_co,CRE,8,1.23,6.6,6.3,7.0,19292
NORMA_q_age_set_co,CRE,7,0.95,5.0,4.7,5.3,19288
NORMA_q_age_set_co,HCT,6,1.92,10.0,9.6,10.4,22190
NORMA_q_age_set_co,HCT,7,2.13,10.7,10.3,11.1,22190
NORMA_q_age_set_co,HCT,8,2.39,11.2,10.8,11.6,22190
NORMA_q_age_set_co,HCT,9,2.73,11.6,11.2,12.1,22190
NORMA_q_age_set_co,K,9,1.27,14.4,14.0,14.9,21319
NORMA_q_age_set_co,K,8,1.02,11.6,11.2,12.0,21319
NORMA_q_age_set_co,K,7,0.81,9.8,9.4,10.2,21318
NORMA_q_age_set_co,K,6,0.63,9.2,8.8,9.6,21314
NORMA_q_age_set_co,K,5,0.49,8.2,7.8,8.6,21323
NORMA_q_age_set_co,K,4,0.37,7.5,7.1,7.8,21318
NORMA_q_age_set_co,K,3,0.26,7.8,7.4,8.2,21319
NORMA_q_age_set_co,K,2,0.15,7.1,6.7,7.4,21318
NORMA_q_age_set_co,K,1,0.05,6.2,5.9,6.5,21319
NORMA_q_age_set_co,NA,1,0.05,5.3,5.0,5.6,19965
NORMA_q_age_set_co,HGB,10,3.3,11.3,10.9,11.8,17321
NORMA_q_age_set_co,HGB,8,2.31,10.7,10.2,11.1,17323
NORMA_q_age_set_co,HGB,7,2.05,11.5,11.0,12.0,17320
NORMA_q_age_set_co,HGB,6,1.84,11.8,11.4,12.3,17321
NORMA_q_age_set_co,HGB,5,1.64,11.2,10.7,11.7,17321
NORMA_q_age_set_co,HGB,4,1.44,10.4,10.0,10.9,17319
NORMA_q_age_set_co,HGB,3,1.2,7.0,6.6,7.4,17322
NORMA_q_age_set_co,HGB,2,0.84,4.2,3.9,4.5,17320
NORMA_q_age_set_co,HGB,1,0.31,2.3,2.0,2.5,17322
NORMA_q_age_set_co,HCT,10,3.36,13.8,13.4,14.3,22190
NORMA_q_age_set_co,HGB,9,2.64,9.5,9.1,9.9,17319
NORMA_q_age_set_co,A1C,4,1.07,3.9,1.4,11.0,76
NORMA_q_age_set_co,WBC,10,2.51,24.0,23.3,24.7,15224
NORMA_q_age_set_co,WBC,9,1.74,13.2,12.6,13.7,15278
NORMA_q_co,CA,9,1.87,15.6,15.0,16.3,13397
NORMA_q_co,CA,8,1.51,11.4,10.8,11.9,13396
NORMA_q_co,CA,7,1.23,9.4,9.0,9.9,13398
NORMA_q_co,CA,6,0.98,7.8,7.3,8.3,13395
NORMA_q_co,CA,5,0.77,7.2,6.8,7.6,13399
NORMA_q_co,CA,4,0.57,6.6,6.2,7.1,13396
NORMA_q_co,CA,3,0.4,6.1,5.7,6.5,13398
NORMA_q_co,CA,2,0.23,6.2,5.8,6.6,13397
NORMA_q_co,CA,1,0.08,5.7,5.4,6.1,13397
NORMA_q_co,CA,10,2.51,23.2,22.5,24.0,13397
NORMA_q_co,A1C,1,0.25,1.3,0.2,7.0,77
NORMA_q_co,BUN,8,1.45,7.6,7.1,8.0,12516
NORMA_q_co,BUN,7,1.16,5.4,5.0,5.8,12512
NORMA_q_co,BUN,6,0.93,5.4,5.0,5.8,12513
NORMA_q_co,BUN,5,0.73,4.6,4.3,5.0,12513
NORMA_q_co,BUN,4,0.55,4.6,4.3,5.0,12512
NORMA_q_co,BUN,3,0.38,4.1,3.8,4.5,12512
NORMA_q_co,BUN,2,0.23,3.8,3.5,4.2,12514
NORMA_q_co,BUN,1,0.07,3.5,3.2,3.9,12513
NORMA_q_co,AST,10,1.78,15.3,14.6,16.1,9918
NORMA_q_co,BUN,9,2.14,15.7,15.1,16.3,12511
NORMA_q_co,BUN,10,3.99,26.0,25.2,26.8,12512
NORMA_q_co,CL,1,0.06,5.5,5.2,5.9,14859
NORMA_q_co,CL,3,0.32,7.0,6.6,7.4,14856
NORMA_q_co,CRE,3,0.26,2.9,2.7,3.2,19292
NORMA_q_co,CRE,2,0.15,2.6,2.4,2.8,19292
NORMA_q_co,CRE,1,0.05,2.6,2.4,2.8,19292
NORMA_q_co,CO2,10,3.48,40.7,39.6,41.8,7298
NORMA_q_co,CO2,9,2.57,28.3,27.3,29.4,7284
NORMA_q_co,CO2,8,1.95,22.4,21.4,23.3,7318
NORMA_q_co,CO2,7,1.54,19.5,18.6,20.4,7298
NORMA_q_co,CO2,6,1.21,16.2,15.3,17.0,7300
NORMA_q_co,CO2,5,0.94,14.3,13.5,15.1,7301
NORMA_q_co,CL,2,0.19,5.7,5.3,6.1,14863
NORMA_q_co,CO2,4,0.69,14.2,13.4,15.0,7300
NORMA_q_co,CO2,2,0.28,12.7,11.9,13.5,7299
NORMA_q_co,CO2,1,0.09,13.3,12.5,14.1,7301
NORMA_q_co,CL,10,2.6,25.0,24.4,25.8,14859
NORMA_q_co,CL,9,1.86,14.7,14.2,15.3,14857
NORMA_q_co,CL,8,1.45,11.2,10.7,11.8,14859
NORMA_q_co,CL,7,1.16,8.9,8.4,9.4,14857
NORMA_q_co,CL,6,0.88,7.7,7.3,8.2,14858
NORMA_q_co,CL,5,0.63,7.6,7.2,8.1,14859
NORMA_q_co,CL,4,0.46,6.6,6.3,7.1,14855
NORMA_q_co,CO2,3,0.48,13.8,13.0,14.6,7300
NORMA_q_co,CRE,4,0.37,3.7,3.4,4.0,19292
NORMA_q_co,AST,8,0.78,6.9,6.4,7.4,9912
NORMA_q_co,AST,6,0.51,5.0,4.6,5.5,9925
NORMA_q_co,ALP,1,0.05,4.6,4.3,5.1,10698
NORMA_q_co,ALB,10,2.57,24.8,24.0,25.5,12945
NORMA_q_co,ALB,9,1.95,17.7,17.0,18.3,12945
NORMA_q_co,ALB,8,1.61,12.8,12.3,13.4,12946
NORMA_q_co,ALB,7,1.34,8.2,7.7,8.6,12946
NORMA_q_co,ALB,6,1.06,5.2,4.8,5.6,12945
NORMA_q_co,ALB,5,0.77,3.2,2.9,3.5,12945
NORMA_q_co,ALB,4,0.53,2.5,2.3,2.8,12946
NORMA_q_co,ALB,3,0.36,2.0,1.8,2.3,12945
NORMA_q_co,ALP,2,0.14,4.6,4.2,5.0,10695
NORMA_q_co,ALB,2,0.2,1.7,1.5,2.0,12944
NORMA_q_co,A1C,10,3.38,7.9,3.7,16.2,76
NORMA_q_co,A1C,9,2.41,9.1,4.5,17.6,77
NORMA_q_co,A1C,8,2.06,2.6,0.7,9.1,76
NORMA_q_co,A1C,7,1.79,7.9,3.7,16.2,76
NORMA_q_co,A1C,6,1.59,7.9,3.7,16.2,76
NORMA_q_co,A1C,5,1.37,3.9,1.4,11.0,76
NORMA_q_co,A1C,4,1.18,2.6,0.7,9.1,76
NORMA_q_co,A1C,3,0.95,0.0,0.0,4.8,76
NORMA_q_co,A1C,2,0.6,10.5,5.4,19.4,76
NORMA_q_co,ALB,1,0.07,1.5,1.3,1.8,12947
NORMA_q_co,AST,7,0.62,5.6,5.2,6.1,9918
NORMA_q_co,ALP,3,0.24,4.6,4.2,5.0,10696
NORMA_q_co,ALP,5,0.47,4.9,4.6,5.4,10697
NORMA_q_co,AST,5,0.41,5.0,4.6,5.5,9918
NORMA_q_co,AST,4,0.32,4.7,4.3,5.1,9918
NORMA_q_co,AST,3,0.23,5.0,4.6,5.4,9917
NORMA_q_co,AST,2,0.14,5.5,5.1,6.0,9917
NORMA_q_co,AST,1,0.05,5.5,5.1,6.0,9920
NORMA_q_co,ALT,10,3.04,13.5,12.9,14.2,9976
NORMA_q_co,ALT,9,1.77,10.9,10.3,11.5,9972
NORMA_q_co,ALT,8,1.38,8.0,7.5,8.5,9980
NORMA_q_co,ALT,7,1.13,6.8,6.4,7.3,9975
NORMA_q_co,ALP,4,0.35,4.7,4.3,5.1,10696
NORMA_q_co,ALT,6,0.91,5.8,5.4,6.3,9977
NORMA_q_co,ALT,4,0.54,5.3,4.9,5.8,9977
NORMA_q_co,ALT,3,0.39,6.0,5.5,6.5,9976
NORMA_q_co,ALT,2,0.23,5.8,5.3,6.2,9976
NORMA_q_co,ALT,1,0.08,5.8,5.4,6.3,9977
NORMA_q_co,ALP,10,2.62,13.3,12.7,14.0,10697
NORMA_q_co,ALP,9,1.55,13.1,12.5,13.7,10690
NORMA_q_co,ALP,8,1.1,8.0,7.5,8.5,10702
NORMA_q_co,ALP,7,0.81,6.3,5.9,6.8,10696
NORMA_q_co,ALP,6,0.62,5.0,4.6,5.4,10696
NORMA_q_co,ALT,5,0.71,6.4,6.0,6.9,9975
NORMA_q_co,CRE,5,0.51,3.7,3.4,4.0,19291
NORMA_q_co,AST,9,1.05,9.7,9.1,10.3,9917
NORMA_q_co,CRE,7,0.87,5.2,4.9,5.5,19291
NORMA_q_co,TBIL,6,0.54,4.9,4.5,5.3,11167
NORMA_q_co,TBIL,5,0.43,4.5,4.2,4.9,11168
NORMA_q_co,TBIL,4,0.33,3.9,3.6,4.3,11166
NORMA_q_co,TBIL,3,0.23,4.1,3.8,4.5,11168
NORMA_q_co,TBIL,2,0.14,4.2,3.8,4.6,11166
NORMA_q_co,TBIL,1,0.05,4.9,4.5,5.3,11169
NORMA_q_co,PLT,10,3.09,22.3,21.6,23.0,14979
NORMA_q_co,PLT,9,2.12,22.1,21.4,22.7,14980
NORMA_q_co,PLT,8,1.64,13.1,12.5,13.6,14979
NORMA_q_co,TBIL,8,0.89,6.2,5.8,6.6,11158
NORMA_q_co,PLT,7,1.27,7.4,7.0,7.9,14973
NORMA_q_co,PLT,5,0.75,3.5,3.3,3.8,14979
NORMA_q_co,PLT,4,0.55,3.6,3.3,3.9,14980
NORMA_q_co,PLT,3,0.38,3.1,2.8,3.4,14979
NORMA_q_co,PLT,2,0.22,2.8,2.5,3.1,14979
NORMA_q_co,PLT,1,0.07,3.0,2.7,3.3,14980
NORMA_q_co,NA,10,2.3,19.3,18.8,19.9,19959
NORMA_q_co,NA,9,1.48,14.8,14.3,15.3,19959
NORMA_q_co,NA,8,1.09,11.2,10.7,11.6,19958
NORMA_q_co,NA,7,0.87,10.4,10.0,10.8,19960
NORMA_q_co,PLT,6,0.99,4.7,4.4,5.0,14985
NORMA_q_co,NA,6,0.7,7.3,7.0,7.7,19958
NORMA_q_co,TBIL,9,1.24,8.3,7.8,8.9,11169
NORMA_q_co,TP,1,0.06,3.3,3.0,3.6,11958
NORMA_q_co,CRE,6,0.66,4.2,3.9,4.5,19292
NORMA_q_co,WBC,10,2.56,23.6,22.9,24.2,15264
NORMA_q_co,WBC,9,1.67,15.3,14.7,15.9,15246
NORMA_q_co,WBC,8,1.31,8.4,8.0,8.9,15280
NORMA_q_co,WBC,7,1.03,6.3,5.9,6.7,15262
NORMA_q_co,WBC,6,0.8,5.8,5.5,6.2,15264
NORMA_q_co,WBC,5,0.62,5.2,4.9,5.6,15262
NORMA_q_co,WBC,4,0.46,4.6,4.2,4.9,15261
NORMA_q_co,WBC,3,0.32,4.7,4.4,5.0,15266
NORMA_q_co,TBIL,10,2.33,18.8,18.1,19.6,11166
NORMA_q_co,WBC,2,0.19,4.4,4.1,4.7,15263
NORMA_q_co,TP,10,2.31,27.1,26.3,27.9,11957
NORMA_q_co,TP,9,1.66,15.9,15.2,16.5,11956
NORMA_q_co,TP,8,1.29,9.0,8.5,9.5,11957
NORMA_q_co,TP,7,1.02,6.6,6.2,7.1,11955
NORMA_q_co,TP,6,0.79,5.7,5.3,6.1,11956
NORMA_q_co,TP,5,0.6,4.4,4.1,4.8,11958
NORMA_q_co,TP,4,0.45,3.7,3.4,4.1,11956
NORMA_q_co,TP,3,0.31,3.0,2.7,3.4,11957
NORMA_q_co,TP,2,0.18,3.7,3.4,4.1,11955
NORMA_q_co,WBC,1,0.06,4.2,3.9,4.5,15264
NORMA_q_co,NA,5,0.54,6.9,6.5,7.2,19960
NORMA_q_co,TBIL,7,0.68,5.6,5.2,6.0,11176
NORMA_q_co,NA,3,0.27,5.8,5.5,6.2,19956
NORMA_q_co,HCT,8,2.26,12.5,12.1,12.9,22190
NORMA_q_co,HCT,7,2.03,11.5,11.1,11.9,22190
NORMA_q_co,HCT,6,1.82,10.5,10.1,10.9,22190
NORMA_q_co,HCT,5,1.62,8.6,8.2,9.0,22190
NORMA_q_co,HCT,4,1.41,7.5,7.2,7.9,22190
NORMA_q_co,HCT,3,1.17,5.8,5.5,6.1,22190
NORMA_q_co,HCT,2,0.82,4.8,4.5,5.0,22190
NORMA_q_co,HCT,1,0.3,3.5,3.3,3.8,22191
NORMA_q_co,GLU,10,7.78,14.4,14.0,14.8,31126
NORMA_q_co,GLU,9,5.13,10.6,10.3,11.0,31124
NORMA_q_co,GLU,8,3.89,9.0,8.7,9.3,31125
NORMA_q_co,GLU,7,3.05,7.9,7.6,8.2,31127
NORMA_q_co,GLU,6,2.41,7.9,7.6,8.2,31126
NORMA_q_co,GLU,5,1.88,6.9,6.6,7.2,31125
NORMA_q_co,GLU,4,1.42,6.7,6.4,6.9,31126
NORMA_q_co,GLU,3,0.99,7.3,7.0,7.6,31125
NORMA_q_co,GLU,2,0.58,7.8,7.5,8.1,31124
NORMA_q_co,GLU,1,0.19,8.0,7.7,8.3,31128
NORMA_q_co,CRE,10,2.03,16.9,16.3,17.4,19292
NORMA_q_co,CRE,9,1.45,9.3,8.9,9.8,19140
NORMA_q_co,NA,4,0.39,6.0,5.7,6.3,19959
NORMA_q_co,HCT,9,2.58,13.9,13.5,14.4,22190
NORMA_q_co,HCT,10,3.21,12.6,12.2,13.1,22190
NORMA_q_co,CRE,8,1.17,6.7,6.3,7.0,19444
NORMA_q_co,NA,2,0.16,4.6,4.3,4.9,19961
NORMA_q_co,NA,1,0.05,5.2,4.9,5.6,19961
NORMA_q_co,K,10,1.71,19.0,18.5,19.5,21319
NORMA_q_co,K,9,1.26,14.3,13.9,14.8,21318
NORMA_q_co,K,8,1.01,11.4,11.0,11.8,21318
NORMA_q_co,K,7,0.8,10.1,9.7,10.5,21317
NORMA_q_co,HGB,1,0.28,2.5,2.3,2.7,17321
NORMA_q_co,K,5,0.49,8.4,8.0,8.8,21319
NORMA_q_co,K,4,0.36,7.2,6.9,7.6,21317
NORMA_q_co,K,3,0.25,7.6,7.2,7.9,21319
NORMA_q_co,K,2,0.15,7.3,7.0,7.7,21318
NORMA_q_co,K,6,0.63,8.9,8.5,9.3,21320
NORMA_q_co,HGB,10,3.25,10.8,10.4,11.3,17321
NORMA_q_co,HGB,9,2.59,12.8,12.3,13.3,17321
NORMA_q_co,HGB,8,2.27,13.0,12.5,13.5,17321
NORMA_q_co,HGB,7,2.04,12.1,11.6,12.5,17319
NORMA_q_co,HGB,6,1.84,10.9,10.4,11.3,17322
NORMA_q_co,HGB,5,1.64,9.6,9.2,10.0,17320
NORMA_q_co,HGB,4,1.42,8.2,7.8,8.6,17321
NORMA_q_co,HGB,3,1.16,5.9,5.6,6.3,17321
NORMA_q_co,HGB,2,0.79,4.2,3.9,4.5,17321
NORMA_q_co,K,1,0.05,5.8,5.5,6.1,21320
NORMA_q_set,CA,3,0.39,7.0,6.5,7.4,13396
NORMA_q_set,CA,4,0.56,6.5,6.1,6.9,13397
NORMA_q_set,CA,5,0.74,7.4,7.0,7.9,13399
NORMA_q_set,CA,10,2.32,21.8,21.1,22.5,13397
NORMA_q_set,CA,7,1.17,9.3,8.9,9.8,13399
NORMA_q_set,CA,8,1.43,11.0,10.5,11.5,13395
NORMA_q_set,CA,9,1.76,15.6,15.0,16.2,13397
NORMA_q_set,CA,6,0.94,8.1,7.6,8.5,13395
NORMA_q_set,CA,2,0.23,5.9,5.5,6.3,13398
NORMA_q_set,BUN,1,0.07,4.2,3.9,4.6,12514
NORMA_q_set,BUN,10,3.61,25.6,24.9,26.4,12511
NORMA_q_set,BUN,9,1.98,14.8,14.2,15.5,12515
NORMA_q_set,BUN,8,1.37,7.3,6.9,7.8,12512
NORMA_q_set,BUN,7,1.12,5.3,4.9,5.7,12511
NORMA_q_set,BUN,6,0.92,5.7,5.3,6.1,12515
NORMA_q_set,BUN,5,0.71,5.0,4.6,5.4,12513
NORMA_q_set,BUN,4,0.54,4.6,4.3,5.0,12512
NORMA_q_set,BUN,3,0.37,4.1,3.8,4.5,12513
NORMA_q_set,BUN,2,0.22,4.0,3.7,4.4,12512
NORMA_q_set,CL,1,0.06,6.1,5.7,6.5,14860
NORMA_q_set,CA,1,0.08,6.8,6.4,7.3,13397
NORMA_q_set,CL,2,0.19,5.0,4.7,5.4,14858
NORMA_q_set,CO2,4,0.63,13.7,12.9,14.5,7300
NORMA_q_set,CL,4,0.46,7.0,6.6,7.5,14858
NORMA_q_set,CRE,5,0.52,3.6,3.4,3.9,19292
NORMA_q_set,CRE,4,0.39,3.5,3.2,3.7,19291
NORMA_q_set,CRE,3,0.27,2.7,2.5,2.9,19291
NORMA_q_set,CRE,2,0.16,3.1,2.8,3.3,19292
NORMA_q_set,CRE,1,0.05,2.7,2.5,2.9,19293
NORMA_q_set,CO2,10,3.12,41.5,40.4,42.6,7299
NORMA_q_set,CO2,9,2.24,28.2,27.2,29.3,7299
NORMA_q_set,CO2,8,1.72,22.4,21.4,23.3,7299
NORMA_q_set,CO2,7,1.37,18.6,17.7,19.5,7303
NORMA_q_set,CL,3,0.32,6.9,6.5,7.3,14857
NORMA_q_set,CO2,6,1.09,16.3,15.5,17.2,7296
NORMA_q_set,CO2,3,0.44,13.6,12.8,14.4,7300
NORMA_q_set,CO2,2,0.26,13.6,12.9,14.5,7300
NORMA_q_set,CO2,1,0.08,13.1,12.3,13.9,7300
NORMA_q_set,CL,10,2.46,25.1,24.4,25.8,14859
NORMA_q_set,CL,9,1.8,15.6,15.0,16.2,14852
NORMA_q_set,CL,8,1.42,11.1,10.6,11.6,14864
NORMA_q_set,CL,7,1.14,8.6,8.2,9.1,14858
NORMA_q_set,CL,6,0.87,7.1,6.7,7.6,14858
NORMA_q_set,CL,5,0.64,7.5,7.1,8.0,14858
NORMA_q_set,CO2,5,0.85,14.3,13.5,15.1,7303
NORMA_q_set,AST,10,1.81,14.6,13.9,15.3,9918
NORMA_q_set,A1C,5,1.37,3.9,1.4,11.0,76
NORMA_q_set,AST,8,0.83,6.0,5.6,6.5,9918
NORMA_q_set,ALP,3,0.25,4.4,4.0,4.8,10696
NORMA_q_set,ALP,2,0.15,4.4,4.0,4.8,10695
NORMA_q_set,ALP,1,0.05,4.8,4.4,5.2,10698
NORMA_q_set,ALB,10,2.21,26.3,25.6,27.1,12945
NORMA_q_set,ALB,9,1.71,18.8,18.2,19.5,12946
NORMA_q_set,ALB,8,1.43,12.0,11.4,12.6,12945
NORMA_q_set,ALB,7,1.21,7.3,6.8,7.7,12943
NORMA_q_set,ALB,6,0.97,4.7,4.3,5.1,12947
NORMA_q_set,ALB,5,0.7,3.0,2.7,3.3,12945
NORMA_q_set,ALP,4,0.36,4.4,4.1,4.8,10696
NORMA_q_set,ALB,4,0.5,2.2,2.0,2.5,12947
NORMA_q_set,ALB,2,0.2,1.7,1.4,1.9,12945
NORMA_q_set,ALB,1,0.07,1.7,1.5,1.9,12946
NORMA_q_set,A1C,10,3.5,10.5,5.4,19.4,76
NORMA_q_set,A1C,9,2.59,2.6,0.7,9.0,77
NORMA_q_set,A1C,8,2.13,5.3,2.1,12.8,76
NORMA_q_set,A1C,1,0.15,3.9,1.3,10.8,77
NORMA_q_set,A1C,2,0.51,7.9,3.7,16.2,76
NORMA_q_set,A1C,3,0.85,0.0,0.0,4.8,76
NORMA_q_set,A1C,4,1.13,2.6,0.7,9.1,76
NORMA_q_set,ALB,3,0.34,2.0,1.8,2.3,12945
NORMA_q_set,AST,9,1.1,10.1,9.5,10.7,9918
NORMA_q_set,ALP,5,0.47,4.8,4.4,5.2,10698
NORMA_q_set,ALP,7,0.81,5.9,5.5,6.4,10692
NORMA_q_set,AST,7,0.68,5.7,5.3,6.2,9918
NORMA_q_set,AST,6,0.56,5.3,4.8,5.7,9918
NORMA_q_set,AST,5,0.46,4.7,4.3,5.1,9918
NORMA_q_set,AST,4,0.36,4.9,4.5,5.3,9917
NORMA_q_set,AST,3,0.26,5.6,5.2,6.1,9919
NORMA_q_set,AST,2,0.16,5.9,5.4,6.3,9918
NORMA_q_set,AST,1,0.05,5.6,5.2,6.1,9918
NORMA_q_set,ALT,10,2.84,13.3,12.7,14.0,9974
NORMA_q_set,ALT,9,1.67,11.0,10.4,11.6,9978
NORMA_q_set,ALP,6,0.62,6.0,5.6,6.5,10699
NORMA_q_set,ALT,8,1.36,8.4,7.8,8.9,9976
NORMA_q_set,ALT,6,0.93,6.0,5.5,6.5,9977
NORMA_q_set,ALT,5,0.74,5.6,5.2,6.1,9976
NORMA_q_set,ALT,4,0.57,5.8,5.3,6.2,9976
NORMA_q_set,ALT,3,0.41,6.0,5.5,6.5,9976
NORMA_q_set,ALT,2,0.25,5.8,5.3,6.3,9976
NORMA_q_set,ALT,1,0.08,5.7,5.3,6.2,9977
NORMA_q_set,ALP,10,2.54,14.4,13.8,15.1,10696
NORMA_q_set,ALP,9,1.53,12.5,11.9,13.2,10694
NORMA_q_set,ALP,8,1.09,7.4,6.9,7.9,10699
NORMA_q_set,ALT,7,1.13,6.8,6.3,7.3,9975
NORMA_q_set,CRE,6,0.67,5.3,5.0,5.6,19292
NORMA_q_set,CRE,8,1.12,7.2,6.8,7.5,19293
NORMA_q_set,CRE,9,1.42,9.8,9.4,10.2,19291
NORMA_q_set,TBIL,7,0.73,4.8,4.5,5.3,11162
NORMA_q_set,TBIL,6,0.58,4.9,4.5,5.3,11172
NORMA_q_set,TBIL,5,0.47,5.2,4.8,5.6,11168
NORMA_q_set,TBIL,4,0.36,3.4,3.1,3.8,11167
NORMA_q_set,TBIL,3,0.26,4.2,3.9,4.6,11164
NORMA_q_set,TBIL,2,0.16,4.4,4.0,4.8,11169
NORMA_q_set,TBIL,1,0.05,4.1,3.7,4.5,11169
NORMA_q_set,PLT,10,2.65,21.6,20.9,22.2,14980
NORMA_q_set,PLT,9,1.87,23.4,22.7,24.1,14977
NORMA_q_set,TBIL,8,0.95,6.9,6.5,7.4,11168
NORMA_q_set,PLT,8,1.46,13.0,12.5,13.6,14981
NORMA_q_set,PLT,6,0.9,4.5,4.2,4.9,14981
NORMA_q_set,PLT,5,0.69,4.1,3.8,4.4,14980
NORMA_q_set,PLT,4,0.51,3.1,2.8,3.3,14974
NORMA_q_set,PLT,3,0.34,3.1,2.8,3.4,14982
NORMA_q_set,PLT,2,0.2,2.8,2.5,3.1,14981
NORMA_q_set,PLT,1,0.06,3.1,2.8,3.3,14980
NORMA_q_set,NA,10,2.1,18.4,17.8,18.9,19955
NORMA_q_set,NA,9,1.37,14.9,14.4,15.4,19963
NORMA_q_set,NA,8,1.01,10.6,10.2,11.0,19959
NORMA_q_set,PLT,7,1.15,7.0,6.6,7.4,14977
NORMA_q_set,NA,7,0.81,8.9,8.5,9.3,19959
NORMA_q_set,TBIL,9,1.32,8.4,7.9,9.0,11169
NORMA_q_set,TP,1,0.06,3.0,2.7,3.3,11957
NORMA_q_set,A1C,6,1.56,10.5,5.4,19.4,76
NORMA_q_set,WBC,10,2.52,22.7,22.1,23.4,15264
NORMA_q_set,WBC,9,1.62,15.7,15.1,16.3,15260
NORMA_q_set,WBC,8,1.28,8.7,8.2,9.1,15266
NORMA_q_set,WBC,7,1.02,6.0,5.6,6.4,15262
NORMA_q_set,WBC,6,0.81,5.8,5.4,6.2,15262
NORMA_q_set,WBC,5,0.63,5.3,5.0,5.7,15265
NORMA_q_set,WBC,4,0.47,4.9,4.6,5.3,15263
NORMA_q_set,WBC,3,0.33,4.4,4.1,4.8,15262
NORMA_q_set,TBIL,10,2.46,19.1,18.4,19.8,11165
NORMA_q_set,WBC,2,0.19,4.1,3.8,4.4,15264
NORMA_q_set,TP,10,2.08,26.8,26.0,27.6,11957
NORMA_q_set,TP,9,1.53,16.3,15.7,17.0,11956
NORMA_q_set,TP,8,1.21,8.4,7.9,8.9,11957
NORMA_q_set,TP,7,0.96,6.8,6.3,7.2,11956
NORMA_q_set,TP,6,0.75,5.2,4.8,5.6,11956
NORMA_q_set,TP,5,0.58,4.5,4.1,4.9,11957
NORMA_q_set,TP,4,0.43,4.2,3.9,4.6,11956
NORMA_q_set,TP,3,0.3,3.5,3.1,3.8,11957
NORMA_q_set,TP,2,0.18,3.9,3.6,4.3,11956
NORMA_q_set,WBC,1,0.06,4.7,4.4,5.1,15264
NORMA_q_set,CRE,7,0.87,4.6,4.3,4.9,19291
NORMA_q_set,NA,6,0.66,8.2,7.8,8.6,19959
NORMA_q_set,NA,4,0.38,6.3,6.0,6.7,19959
NORMA_q_set,HCT,9,2.28,15.0,14.5,15.4,22190
NORMA_q_set,HCT,8,2.02,12.8,12.4,13.3,22189
NORMA_q_set,HCT,7,1.83,11.4,11.0,11.8,22191
NORMA_q_set,HCT,6,1.66,9.8,9.4,10.2,22186
NORMA_q_set,HCT,5,1.49,8.2,7.8,8.6,22192
NORMA_q_set,HCT,4,1.3,6.0,5.7,6.3,22192
NORMA_q_set,HCT,3,1.08,5.2,4.9,5.5,22190
NORMA_q_set,HCT,2,0.75,3.9,3.7,4.2,22189
NORMA_q_set,HCT,1,0.28,2.8,2.6,3.0,22192
NORMA_q_set,HCT,10,2.82,16.3,15.8,16.7,22190
NORMA_q_set,GLU,10,5.99,14.1,13.8,14.5,31126
NORMA_q_set,GLU,8,3.32,8.9,8.6,9.3,31128
NORMA_q_set,GLU,7,2.69,8.0,7.7,8.4,31125
NORMA_q_set,GLU,6,2.2,7.5,7.2,7.8,31128
NORMA_q_set,GLU,5,1.78,6.8,6.5,7.1,31125
NORMA_q_set,GLU,4,1.4,6.9,6.6,7.2,31122
NORMA_q_set,GLU,3,1.02,7.1,6.8,7.4,31127
NORMA_q_set,GLU,2,0.59,7.7,7.4,8.0,31128
NORMA_q_set,GLU,1,0.17,9.2,8.9,9.5,31126
NORMA_q_set,CRE,10,1.89,15.3,14.8,15.8,19292
NORMA_q_set,GLU,9,4.22,10.1,9.7,10.4,31121
NORMA_q_set,NA,5,0.51,7.9,7.5,8.3,19959
NORMA_q_set,HGB,1,0.25,2.3,2.0,2.5,17321
NORMA_q_set,HGB,3,1.06,4.9,4.6,5.3,17321
NORMA_q_set,NA,3,0.26,5.6,5.3,6.0,19959
NORMA_q_set,NA,2,0.15,5.7,5.4,6.0,19959
NORMA_q_set,NA,1,0.05,5.1,4.8,5.4,19960
NORMA_q_set,K,10,1.6,19.3,18.8,19.8,21318
NORMA_q_set,K,9,1.18,13.4,12.9,13.9,21318
NORMA_q_set,K,8,0.96,11.8,11.4,12.2,21319
NORMA_q_set,K,7,0.76,10.2,9.8,10.7,21318
NORMA_q_set,K,6,0.6,8.4,8.0,8.8,21310
NORMA_q_set,K,5,0.47,8.1,7.7,8.5,21323
NORMA_q_set,HGB,2,0.71,3.3,3.1,3.6,17321
NORMA_q_set,K,4,0.35,7.8,7.5,8.2,21323
NORMA_q_set,K,2,0.15,6.4,6.1,6.8,21318
NORMA_q_set,K,1,0.05,7.3,6.9,7.6,21319
NORMA_q_set,HGB,10,2.86,15.4,14.9,16.0,17319
NORMA_q_set,HGB,9,2.3,14.3,13.8,14.8,17320
NORMA_q_set,HGB,8,2.05,13.6,13.1,14.1,17324
NORMA_q_set,HGB,7,1.86,11.6,11.2,12.1,17318
NORMA_q_set,HGB,6,1.69,9.7,9.3,10.1,17323
NORMA_q_set,HGB,5,1.52,8.2,7.8,8.6,17321
NORMA_q_set,HGB,4,1.31,6.5,6.2,6.9,17320
NORMA_q_set,K,3,0.24,7.3,7.0,7.7,21319
NORMA_q_set,A1C,7,1.87,6.6,2.8,14.5,76
PerRI,WBC,10,4.5,9.4,8.9,9.9,15261
PerRI,CRE,8,0.85,5.8,5.5,6.1,19236
PerRI,CL,2,0.17,8.4,8.0,8.9,14859
PerRI,CL,1,0.04,10.5,10.0,11.0,14853
PerRI,CA,10,3.83,7.6,7.2,8.1,13389
PerRI,CA,9,1.67,9.8,9.3,10.4,13387
PerRI,CA,8,1.1,10.9,10.4,11.5,13394
PerRI,CA,7,0.83,10.4,9.9,10.9,13394
PerRI,CA,6,0.64,10.2,9.7,10.8,13391
PerRI,CA,5,0.5,10.4,9.9,11.0,13390
PerRI,CA,4,0.38,10.8,10.3,11.3,13392
PerRI,CA,3,0.27,9.8,9.3,10.3,13391
PerRI,CA,2,0.16,9.5,9.0,10.0,13389
PerRI,CA,1,0.05,9.8,9.3,10.3,13393
PerRI,BUN,10,31.62,7.8,7.4,8.3,12495
PerRI,BUN,9,3.06,8.7,8.2,9.2,12496
PerRI,BUN,8,1.74,9.9,9.4,10.4,12495
PerRI,BUN,7,1.12,8.2,7.8,8.7,12495
PerRI,BUN,6,0.8,7.1,6.6,7.5,12496
PerRI,BUN,5,0.61,8.6,8.1,9.1,12497
PerRI,BUN,4,0.47,8.2,7.7,8.7,12494
PerRI,CL,3,0.29,9.1,8.7,9.6,14847
PerRI,BUN,3,0.32,6.0,5.6,6.5,12497
PerRI,CL,4,0.42,10.8,10.3,11.3,14854
PerRI,CL,6,0.71,9.5,9.1,10.0,14850
PerRI,CRE,5,0.41,4.9,4.6,5.3,19237
PerRI,CRE,4,0.31,3.8,3.5,4.0,19235
PerRI,CRE,3,0.22,5.0,4.7,5.3,19235
PerRI,CRE,2,0.12,3.9,3.7,4.2,19232
PerRI,CRE,1,0.03,4.1,3.9,4.4,19238
PerRI,CO2,10,5.55,12.1,11.4,12.9,7297
PerRI,CO2,9,2.03,19.4,18.5,20.3,7295
PerRI,CO2,8,1.36,19.2,18.3,20.1,7299
PerRI,CO2,7,1.0,20.2,19.3,21.1,7295
PerRI,CO2,6,0.76,19.3,18.5,20.3,7290
PerRI,CO2,5,0.58,21.0,20.1,22.0,7305
PerRI,CO2,4,0.44,22.0,21.1,23.0,7295
PerRI,CO2,3,0.3,20.4,19.5,21.3,7298
PerRI,CO2,2,0.16,20.9,19.9,21.8,7297
PerRI,CO2,1,0.04,20.8,19.9,21.8,7297
PerRI,CL,10,6.03,7.0,6.6,7.5,14853
PerRI,CL,9,2.27,10.8,10.3,11.3,14852
PerRI,CL,8,1.41,10.7,10.2,11.2,14854
PerRI,CL,7,0.95,11.0,10.6,11.6,14853
PerRI,CL,5,0.56,12.1,11.6,12.6,14854
PerRI,BUN,2,0.18,7.8,7.3,8.3,12496
PerRI,BUN,1,0.03,8.5,8.0,9.0,12496
PerRI,AST,10,9.12,5.1,4.7,5.6,9910
PerRI,ALP,4,0.55,7.9,7.4,8.4,10668
PerRI,ALP,3,0.37,6.2,5.7,6.7,10666
PerRI,ALP,2,0.21,7.1,6.7,7.6,10665
PerRI,ALP,1,0.05,6.3,5.9,6.8,10667
PerRI,ALB,10,4.34,6.2,5.8,6.6,12943
PerRI,ALB,9,2.13,6.9,6.5,7.4,12942
PerRI,ALB,8,1.3,9.0,8.5,9.5,12940
PerRI,ALB,7,0.9,8.2,7.7,8.7,12943
PerRI,ALB,6,0.68,9.3,8.8,9.8,12944
PerRI,ALB,5,0.54,8.3,7.8,8.7,12943
PerRI,ALB,4,0.41,7.9,7.4,8.4,12941
PerRI,ALB,3,0.29,8.0,7.6,8.5,12937
PerRI,ALB,2,0.17,6.6,6.1,7.0,12948
PerRI,ALB,1,0.05,9.4,8.9,9.9,12944
PerRI,A1C,10,12.65,7.9,3.7,16.2,76
PerRI,A1C,9,3.16,8.0,3.7,16.4,75
PerRI,A1C,8,1.77,8.0,3.7,16.4,75
PerRI,A1C,7,1.17,5.3,2.1,12.8,76
PerRI,A1C,6,0.82,6.7,2.9,14.7,75
PerRI,ALP,5,0.75,6.7,6.3,7.2,10664
PerRI,ALP,6,1.08,8.1,7.6,8.7,10665
PerRI,ALP,7,1.57,8.3,7.8,8.9,10666
PerRI,ALP,8,2.33,8.6,8.1,9.1,10691
PerRI,AST,9,2.78,7.4,6.9,7.9,9911
PerRI,AST,7,1.1,7.6,7.1,8.1,9910
PerRI,AST,6,0.8,6.8,6.3,7.3,9910
PerRI,AST,5,0.62,7.0,6.5,7.5,9911
PerRI,AST,4,0.48,6.5,6.0,7.0,9911
PerRI,AST,3,0.34,6.5,6.0,7.0,9906
PerRI,AST,2,0.19,6.6,6.2,7.1,9914
PerRI,AST,1,0.05,7.1,6.6,7.6,9911
PerRI,ALT,10,17.68,4.7,4.3,5.1,9960
PerRI,CRE,6,0.52,5.7,5.4,6.1,19231
PerRI,ALT,9,3.53,7.9,7.4,8.5,9960
PerRI,ALT,7,1.25,7.9,7.4,8.5,9958
PerRI,ALT,6,0.87,7.2,6.7,7.8,9962
PerRI,ALT,5,0.67,7.7,7.1,8.2,9958
PerRI,ALT,4,0.5,8.2,7.7,8.8,9962
PerRI,ALT,3,0.36,8.5,8.0,9.1,9959
PerRI,ALT,2,0.21,7.6,7.1,8.1,9960
PerRI,ALT,1,0.06,7.4,6.9,8.0,9960
PerRI,ALP,10,94.87,3.0,2.7,3.3,10665
PerRI,ALP,9,4.14,6.8,6.4,7.3,10642
PerRI,ALT,8,1.96,7.1,6.6,7.6,9958
PerRI,A1C,5,0.67,0.0,0.0,5.0,73
PerRI,CRE,7,0.66,5.2,4.9,5.6,19234
PerRI,CRE,10,2.15,11.7,11.2,12.1,19228
PerRI,TBIL,6,0.64,5.5,5.1,5.9,11138
PerRI,TBIL,5,0.5,5.3,4.9,5.8,11137
PerRI,TBIL,4,0.4,5.2,4.8,5.6,11130
PerRI,TBIL,3,0.29,6.1,5.6,6.5,11143
PerRI,TBIL,2,0.17,5.2,4.8,5.7,11138
PerRI,TBIL,1,0.04,5.8,5.3,6.2,11138
PerRI,PLT,10,474.34,5.6,5.2,5.9,14958
PerRI,PLT,9,4.38,3.8,3.5,4.1,14957
PerRI,PLT,8,2.3,6.3,6.0,6.7,14957
PerRI,PLT,7,1.5,8.1,7.7,8.6,14958
PerRI,PLT,6,1.04,9.8,9.3,10.3,14942
PerRI,PLT,5,0.73,10.4,9.9,10.9,14971
PerRI,PLT,4,0.54,10.8,10.3,11.3,14959
PerRI,PLT,3,0.36,11.9,11.4,12.5,14957
PerRI,PLT,2,0.2,9.1,8.7,9.6,14952
PerRI,PLT,1,0.04,9.9,9.4,10.3,14963
PerRI,NA,10,15.81,4.4,4.1,4.6,19953
PerRI,NA,9,2.48,8.6,8.2,9.0,19953
PerRI,NA,8,1.55,12.9,12.5,13.4,19952
PerRI,TBIL,7,0.83,4.8,4.5,5.3,11137
PerRI,NA,7,0.99,12.0,11.5,12.4,19953
PerRI,TBIL,8,1.26,6.7,6.2,7.1,11147
PerRI,TBIL,10,4.69,10.7,10.1,11.2,11136
PerRI,WBC,9,1.85,9.0,8.5,9.5,15261
PerRI,WBC,8,1.19,9.1,8.7,9.6,15261
PerRI,WBC,7,0.86,7.5,7.0,7.9,15261
PerRI,WBC,6,0.67,6.5,6.1,6.9,15261
PerRI,WBC,5,0.53,8.0,7.6,8.4,15259
PerRI,WBC,4,0.41,7.3,6.9,7.7,15263
PerRI,WBC,3,0.29,7.5,7.1,7.9,15261
PerRI,WBC,2,0.17,7.8,7.3,8.2,15260
PerRI,WBC,1,0.05,10.3,9.9,10.8,15262
PerRI,TP,10,4.87,5.0,4.6,5.4,11956
PerRI,TP,9,2.06,8.3,7.8,8.8,11955
PerRI,TP,8,1.23,9.2,8.7,9.7,11955
PerRI,TP,7,0.88,8.8,8.3,9.3,11955
PerRI,TP,6,0.68,9.4,8.9,9.9,11955
PerRI,TP,5,0.53,8.0,7.5,8.5,11955
PerRI,TP,4,0.41,9.8,9.3,10.3,11955
PerRI,TP,3,0.29,7.5,7.0,8.0,11954
PerRI,TP,2,0.17,7.6,7.1,8.1,11956
PerRI,TP,1,0.05,9.0,8.5,9.6,11956
PerRI,TBIL,9,2.16,10.4,9.9,11.0,11128
PerRI,NA,6,0.72,10.8,10.4,11.3,19949
PerRI,NA,5,0.55,9.2,8.8,9.6,19936
PerRI,NA,4,0.4,9.2,8.8,9.6,19971
PerRI,HCT,9,1.83,7.1,6.7,7.4,22178
PerRI,HCT,8,1.2,9.1,8.7,9.4,22175
PerRI,HCT,7,0.86,10.0,9.7,10.5,22171
PerRI,HCT,6,0.67,10.3,10.0,10.8,22177
PerRI,HCT,5,0.51,10.8,10.4,11.2,22178
PerRI,HCT,4,0.38,10.9,10.5,11.3,22174
PerRI,HCT,3,0.27,11.0,10.6,11.4,22177
PerRI,HCT,2,0.16,9.9,9.5,10.3,22172
PerRI,HCT,1,0.05,9.8,9.5,10.2,22179
PerRI,GLU,10,3.0,7.0,6.8,7.3,31122
PerRI,GLU,9,1.5,8.7,8.4,9.1,31117
PerRI,GLU,8,1.02,9.2,8.9,9.6,31126
PerRI,GLU,7,0.78,9.8,9.5,10.1,31121
PerRI,GLU,6,0.63,8.4,8.1,8.7,31120
PerRI,GLU,5,0.5,8.8,8.4,9.1,31123
PerRI,GLU,4,0.39,8.2,7.9,8.6,31123
PerRI,GLU,3,0.28,8.4,8.1,8.8,31119
PerRI,GLU,2,0.16,8.9,8.6,9.2,31124
PerRI,GLU,1,0.05,8.9,8.6,9.2,31122
PerRI,HCT,10,4.46,2.4,2.2,2.6,22173
PerRI,HGB,1,0.05,8.0,7.6,8.5,17311
PerRI,HGB,2,0.16,9.1,8.6,9.5,17314
PerRI,HGB,3,0.28,9.4,9.0,9.9,17306
PerRI,NA,3,0.28,8.5,8.1,8.9,19955
PerRI,NA,2,0.15,8.7,8.3,9.1,19947
PerRI,NA,1,0.03,7.1,6.8,7.5,19959
PerRI,K,10,3.08,7.7,7.4,8.1,21308
PerRI,K,9,1.41,10.4,10.0,10.8,21323
PerRI,K,8,0.97,11.0,10.6,11.5,21318
PerRI,K,7,0.75,11.1,10.7,11.5,21315
PerRI,K,6,0.59,10.2,9.8,10.7,21316
PerRI,K,5,0.46,10.6,10.2,11.1,21317
PerRI,CRE,9,1.16,7.6,7.3,8.0,19240
PerRI,K,4,0.34,9.8,9.4,10.2,21313
PerRI,K,2,0.14,9.8,9.4,10.2,21313
PerRI,K,1,0.04,9.1,8.7,9.5,21320
PerRI,HGB,10,4.59,3.5,3.3,3.8,17310
PerRI,HGB,9,1.84,8.9,8.4,9.3,17310
PerRI,HGB,8,1.19,10.1,9.7,10.6,17309
PerRI,HGB,7,0.87,10.3,9.9,10.8,17310
PerRI,HGB,6,0.67,10.5,10.1,11.0,17311
PerRI,HGB,5,0.52,10.6,10.1,11.0,17310
PerRI,HGB,4,0.4,9.5,9.0,9.9,17310
PerRI,K,3,0.24,10.2,9.8,10.6,21319
PerRI,A1C,4,0.47,1.3,0.2,6.9,78
PerRI,AST,8,1.65,7.9,7.4,8.4,9910
PerRI,A1C,2,0.16,4.0,1.4,11.1,75
PerRI,A1C,1,0.02,7.9,3.7,16.2,76
PerRI,A1C,3,0.31,5.3,2.1,12.9,75
PopRI,CA,4,0.75,6.3,5.9,6.7,15099
PopRI,CA,3,0.5,7.2,6.7,7.7,12291
PopRI,CA,2,0.37,6.5,6.1,6.9,13246
PopRI,CA,1,0.12,5.8,5.4,6.2,16130
PopRI,BUN,9,3.67,31.2,30.1,32.2,7842
PopRI,BUN,8,2.5,18.3,17.7,19.0,14605
PopRI,BUN,7,1.33,3.2,2.8,3.6,6116
PopRI,BUN,6,1.17,7.2,6.8,7.5,18516
PopRI,BUN,4,0.83,2.9,2.5,3.3,7217
PopRI,CA,5,0.87,11.4,10.8,11.9,11591
PopRI,BUN,3,0.67,5.2,4.9,5.5,17427
PopRI,BUN,2,0.5,5.1,4.6,5.7,5796
PopRI,BUN,1,0.33,4.0,3.8,4.2,36982
PopRI,AST,10,1.6,22.2,21.1,23.3,5264
PopRI,AST,9,1.0,10.9,10.3,11.5,9992
PopRI,AST,8,0.8,3.6,3.1,4.1,5900
PopRI,AST,7,0.73,3.0,2.7,3.4,8783
PopRI,BUN,5,1.0,5.3,4.9,5.8,10627
PopRI,CA,6,1.0,7.9,7.4,8.3,14750
PopRI,CA,7,1.25,9.5,9.0,10.0,13364
PopRI,CA,8,1.62,11.7,11.3,12.3,16341
PopRI,CO2,10,2.8,50.1,48.9,51.3,6630
PopRI,CO2,9,2.52,18.2,17.2,19.3,5302
PopRI,CO2,8,1.64,21.9,21.0,22.8,8690
PopRI,CO2,7,1.6,23.5,22.6,24.5,7841
PopRI,CO2,6,1.2,15.6,14.8,16.4,7224
PopRI,CO2,5,0.92,14.7,13.9,15.5,7401
PopRI,CO2,4,0.68,13.9,13.1,14.8,6484
PopRI,CO2,3,0.44,13.9,13.1,14.7,7076
PopRI,CO2,2,0.36,14.1,13.2,15.0,6170
PopRI,CO2,1,0.12,12.3,11.7,12.9,10181
PopRI,CL,7,2.5,26.2,25.4,27.0,12895
PopRI,CL,6,1.75,13.0,12.6,13.5,23783
PopRI,CL,5,1.25,10.3,9.9,10.7,19611
PopRI,CL,4,1.0,5.6,5.2,6.1,9728
PopRI,CL,3,0.75,10.7,10.1,11.4,8365
PopRI,CL,2,0.5,7.5,7.2,7.8,33833
PopRI,CL,1,0.25,5.9,5.7,6.2,40367
PopRI,CA,10,2.37,22.9,22.1,23.7,10371
PopRI,CA,9,2.0,15.2,14.5,15.9,10787
PopRI,AST,6,0.67,6.0,5.7,6.4,15715
PopRI,AST,5,0.47,3.6,3.1,4.2,5364
PopRI,AST,4,0.4,6.1,5.7,6.4,17631
PopRI,AST,3,0.27,4.2,3.6,4.8,4741
PopRI,ALB,9,1.8,18.6,18.0,19.3,13122
PopRI,ALB,8,1.5,11.8,11.2,12.3,12610
PopRI,ALB,7,1.3,7.1,6.7,7.6,14226
PopRI,ALB,6,1.2,4.5,4.0,4.9,7321
PopRI,ALB,5,1.0,3.9,3.6,4.3,14550
PopRI,ALB,4,0.8,2.5,2.3,2.8,14040
PopRI,ALB,3,0.6,1.4,1.2,1.6,13587
PopRI,ALB,2,0.4,1.0,0.8,1.2,11981
PopRI,ALB,10,2.0,35.0,34.1,36.0,10594
PopRI,ALB,1,0.2,0.6,0.5,0.7,17423
PopRI,A1C,8,3.25,3.6,1.2,10.0,84
PopRI,A1C,7,2.88,13.8,7.2,24.9,58
PopRI,A1C,6,2.5,1.8,0.3,9.3,57
PopRI,A1C,5,2.25,1.6,0.3,8.3,64
PopRI,A1C,4,2.0,7.1,3.6,13.4,113
PopRI,A1C,3,1.63,6.5,3.0,13.5,92
PopRI,A1C,2,1.13,5.3,2.1,12.9,75
PopRI,A1C,1,0.63,2.5,0.7,8.8,79
PopRI,A1C,9,4.75,5.7,2.9,10.9,140
PopRI,CRE,1,0.07,4.1,3.9,4.4,19987
PopRI,ALP,1,0.09,4.5,4.1,4.8,12060
PopRI,ALP,3,0.24,5.3,4.9,5.7,11882
PopRI,AST,2,0.2,6.6,6.1,7.1,9064
PopRI,ALT,10,1.87,14.9,14.0,15.9,5280
PopRI,ALT,9,1.2,8.1,7.6,8.7,11404
PopRI,ALT,8,1.13,12.2,11.4,13.1,5829
PopRI,ALT,7,0.93,5.6,5.3,6.0,16831
PopRI,ALT,6,0.8,5.5,5.0,6.0,9025
PopRI,ALT,5,0.73,5.1,4.5,5.8,4223
PopRI,ALT,4,0.67,7.3,6.9,7.7,16273
PopRI,ALP,2,0.11,4.7,4.4,5.1,13012
PopRI,ALT,3,0.47,5.5,4.7,6.3,3249
PopRI,ALT,1,0.13,6.8,6.4,7.2,15089
PopRI,ALP,10,1.56,20.0,19.2,20.8,9652
PopRI,ALP,9,0.96,11.7,11.1,12.4,9840
PopRI,ALP,8,0.73,3.1,2.8,3.5,10804
PopRI,ALP,7,0.62,10.4,9.7,11.0,9105
PopRI,ALP,6,0.51,2.8,2.5,3.1,13211
PopRI,ALP,5,0.4,7.4,6.8,8.0,7363
PopRI,ALP,4,0.31,3.4,3.1,3.8,10034
PopRI,ALT,2,0.33,7.4,6.9,7.8,12558
PopRI,CRE,2,0.2,4.3,4.1,4.6,24358
PopRI,AST,1,0.07,6.2,5.8,6.6,16726
PopRI,CRE,4,0.53,5.0,4.7,5.3,15739
PopRI,TBIL,3,0.75,4.8,4.5,5.1,21054
PopRI,TBIL,2,0.5,4.0,3.7,4.2,32730
PopRI,TBIL,1,0.25,5.7,5.4,5.9,28420
PopRI,PLT,10,1.58,44.0,43.1,44.9,11830
PopRI,PLT,9,1.38,19.6,19.0,20.2,14824
PopRI,PLT,8,1.09,8.3,7.9,8.8,14349
PopRI,PLT,7,0.89,5.6,5.2,6.0,14040
PopRI,PLT,6,0.71,3.0,2.7,3.2,18632
PopRI,TBIL,4,1.0,6.0,5.6,6.4,15799
PopRI,PLT,5,0.67,3.4,3.1,3.8,13251
PopRI,PLT,3,0.31,2.7,2.5,2.9,16755
PopRI,PLT,2,0.18,2.8,2.6,3.1,14896
PopRI,PLT,1,0.09,2.5,2.3,2.7,17386
PopRI,NA,6,2.33,19.3,18.5,20.1,9324
PopRI,NA,5,1.89,14.7,14.3,15.2,22510
PopRI,NA,4,1.22,10.7,10.2,11.3,12406
PopRI,NA,3,1.0,11.4,11.1,11.7,40524
PopRI,NA,2,0.78,7.6,7.3,7.9,26793
PopRI,PLT,4,0.45,3.1,2.8,3.4,13830
PopRI,NA,1,0.33,5.9,5.7,6.0,88034
PopRI,TBIL,6,1.75,21.6,20.8,22.5,8473
PopRI,TP,2,0.2,3.0,2.7,3.3,12544
PopRI,CRE,3,0.4,3.3,3.0,3.5,22524
PopRI,WBC,10,1.86,23.7,22.9,24.6,10645
PopRI,WBC,9,1.37,22.9,22.1,23.7,10786
PopRI,WBC,8,1.33,7.1,6.7,7.5,19723
PopRI,WBC,7,0.92,6.8,6.5,7.3,15430
PopRI,WBC,6,0.78,6.5,6.1,6.9,15980
PopRI,WBC,5,0.56,3.7,3.5,4.0,16537
PopRI,WBC,4,0.45,5.8,5.4,6.2,15566
PopRI,TP,1,0.1,2.7,2.5,3.0,13692
PopRI,WBC,3,0.33,5.6,5.3,6.0,15769
PopRI,WBC,1,0.09,5.1,4.8,5.5,16049
PopRI,TP,9,2.4,34.1,33.0,35.1,7676
PopRI,TP,8,1.7,17.7,17.1,18.4,13082
PopRI,TP,7,1.5,10.1,9.6,10.7,10260
PopRI,TP,6,1.2,7.3,6.9,7.8,12702
PopRI,TP,5,0.9,6.3,5.9,6.7,12248
PopRI,TP,4,0.7,4.5,4.2,4.9,14057
PopRI,TP,3,0.5,3.5,3.3,3.7,23304
PopRI,WBC,2,0.22,5.2,4.9,5.6,16147
PopRI,K,7,1.4,19.8,19.2,20.3,19202
PopRI,TBIL,5,1.25,12.1,11.2,13.0,5197
PopRI,GLU,5,2.86,6.9,6.5,7.3,17306
PopRI,HCT,3,1.7,3.5,3.2,3.7,18267
PopRI,HCT,1,0.58,2.8,2.6,3.0,33152
PopRI,GLU,10,9.69,13.8,13.4,14.2,30643
PopRI,GLU,9,7.0,11.3,10.9,11.6,30733
PopRI,GLU,8,5.34,9.9,9.6,10.2,29589
PopRI,GLU,7,4.72,8.5,8.2,8.9,30795
PopRI,GLU,6,3.69,7.4,7.1,7.7,32638
PopRI,GLU,4,2.1,6.8,6.6,7.1,34512
PopRI,HCT,4,2.0,5.4,5.1,5.7,24637
PopRI,GLU,3,1.76,6.4,6.2,6.7,30809
PopRI,GLU,1,0.45,9.1,8.9,9.4,43751
PopRI,CRE,10,1.57,16.3,15.8,16.8,18428
PopRI,CRE,9,1.2,7.9,7.3,8.5,8647
PopRI,CRE,8,1.1,7.4,7.1,7.7,27302
PopRI,CRE,7,0.87,4.3,4.0,4.5,21925
PopRI,CRE,6,0.73,2.8,2.6,3.1,16718
PopRI,K,6,1.13,13.9,13.4,14.5,13834
PopRI,CRE,5,0.6,3.8,3.5,4.0,17290
PopRI,GLU,2,1.14,5.6,5.4,5.9,30480
PopRI,HCT,5,2.4,6.5,6.2,6.8,24034
PopRI,HCT,2,1.36,3.4,3.2,3.7,16461
PopRI,HGB,8,2.95,12.4,11.8,12.9,15333
PopRI,K,3,0.6,8.9,8.7,9.2,52152
PopRI,K,2,0.33,7.9,7.6,8.1,46215
PopRI,K,1,0.07,7.1,6.8,7.3,46219
PopRI,HGB,10,3.95,28.2,27.5,28.9,14624
PopRI,HGB,9,3.25,17.3,16.7,17.9,18042
PopRI,HCT,6,2.8,6.3,6.0,6.7,18796
PopRI,HGB,7,2.5,9.7,9.3,10.1,20199
PopRI,HGB,6,2.25,7.0,6.6,7.5,14181
PopRI,K,5,1.0,11.8,11.4,12.2,23500
PopRI,HGB,5,2.05,6.3,5.9,6.6,18248
PopRI,HGB,3,1.4,3.8,3.6,4.1,17998
PopRI,HGB,2,1.05,2.1,1.9,2.3,16757
PopRI,HGB,1,0.5,2.3,2.1,2.6,18930
PopRI,HCT,10,5.05,26.8,26.2,27.4,21084
PopRI,HCT,9,4.25,16.0,15.5,16.5,22313
PopRI,HCT,8,3.62,13.4,12.9,13.9,18378
PopRI,HCT,7,3.12,9.7,9.3,10.0,24779
PopRI,HGB,4,1.75,4.4,4.1,4.7,18896
PopRI,K,4,0.87,10.6,10.1,11.2,12063
baseline_z,HCT,8,1.34,9.6,9.2,10.0,22175
baseline_z,HCT,9,1.72,9.3,8.9,9.7,22176
baseline_z,HGB,5,0.72,8.9,8.5,9.4,17308
baseline_z,CRP,5,0.71,6.8,6.2,7.4,7133
baseline_z,HGB,6,0.91,10.0,9.5,10.4,17307
baseline_z,CRE,10,2.71,9.5,9.1,9.9,19218
baseline_z,K,5,0.7,9.8,9.4,10.2,21309
baseline_z,K,7,1.1,10.7,10.3,11.1,21327
baseline_z,HGB,1,0.08,8.6,8.2,9.1,17309
baseline_z,HGB,4,0.55,8.9,8.5,9.3,17309
baseline_z,CRP,3,0.47,8.9,8.3,9.6,7133
baseline_z,HGB,8,1.38,10.7,10.2,11.2,17308
baseline_z,HGB,9,1.77,8.8,8.4,9.2,17308
baseline_z,HGB,10,2.7,6.5,6.1,6.8,17308
baseline_z,K,1,0.07,9.9,9.5,10.3,21326
baseline_z,K,2,0.22,8.5,8.2,8.9,21314
baseline_z,K,3,0.38,10.1,9.7,10.6,21309
baseline_z,K,4,0.53,9.3,8.9,9.7,21324
baseline_z,K,6,0.89,10.4,10.0,10.8,21316
baseline_z,HCT,4,0.53,9.1,8.8,9.5,22175
baseline_z,HCT,7,1.09,10.6,10.2,11.0,22174
baseline_z,HGB,3,0.39,8.6,8.2,9.0,17307
baseline_z,K,8,1.35,11.3,10.9,11.7,21311
baseline_z,CRP,6,0.84,6.4,5.8,7.0,7132
baseline_z,K,9,1.71,10.6,10.2,11.0,21310
baseline_z,HGB,7,1.12,10.4,10.0,10.9,17307
baseline_z,GLU,4,0.55,7.6,7.4,7.9,31122
baseline_z,CRP,4,0.6,7.3,6.7,7.9,7134
baseline_z,CRP,7,0.97,7.8,7.2,8.4,7133
baseline_z,CRP,8,1.15,7.4,6.8,8.1,7133
baseline_z,CRP,9,1.45,11.0,10.3,11.7,7134
baseline_z,CRP,10,2.39,15.9,15.1,16.8,7132
baseline_z,GLU,1,0.08,8.5,8.2,8.9,31126
baseline_z,HCT,5,0.69,9.1,8.8,9.5,22176
baseline_z,GLU,2,0.24,8.5,8.2,8.8,31118
baseline_z,GLU,5,0.72,8.0,7.7,8.3,31122
baseline_z,NA,1,0.07,7.6,7.2,8.0,19953
baseline_z,GLU,6,0.88,8.5,8.2,8.8,31121
baseline_z,GLU,7,1.06,7.9,7.6,8.2,31123
baseline_z,GLU,8,1.26,8.0,7.7,8.3,31120
baseline_z,GLU,9,1.54,10.6,10.3,10.9,31122
baseline_z,GLU,10,2.16,10.1,9.8,10.5,31122
baseline_z,HCT,1,0.07,9.1,8.7,9.5,22176
baseline_z,HCT,2,0.22,8.9,8.5,9.3,22176
baseline_z,HCT,3,0.37,8.9,8.5,9.2,22174
baseline_z,GLU,3,0.4,8.6,8.3,8.9,31121
baseline_z,CRP,2,0.3,11.0,10.3,11.7,7133
baseline_z,HCT,6,0.87,9.7,9.3,10.1,22175
baseline_z,WBC,6,0.86,6.5,6.1,6.9,15255
baseline_z,HCT,10,2.58,7.0,6.7,7.4,22174
baseline_z,TP,9,1.75,8.1,7.6,8.6,11958
baseline_z,TBIL,10,2.63,10.8,10.3,11.4,11129
baseline_z,TBIL,6,0.91,6.2,5.7,6.6,11134
baseline_z,TP,1,0.08,8.7,8.2,9.2,11955
baseline_z,TP,2,0.24,7.6,7.1,8.1,11954
baseline_z,TP,3,0.4,8.2,7.7,8.7,11954
baseline_z,TP,4,0.57,8.3,7.9,8.8,11954
baseline_z,TP,5,0.74,8.9,8.4,9.4,11956
baseline_z,TP,6,0.92,8.3,7.8,8.8,11953
baseline_z,TP,7,1.14,8.2,7.8,8.7,11955
baseline_z,TP,8,1.39,8.6,8.1,9.1,11956
baseline_z,WBC,2,0.25,8.6,8.2,9.0,15255
baseline_z,WBC,3,0.41,8.6,8.2,9.0,15257
baseline_z,TBIL,7,1.09,5.2,4.8,5.6,11126
baseline_z,WBC,7,1.03,7.3,6.9,7.7,15255
baseline_z,WBC,8,1.24,8.2,7.8,8.7,15255
baseline_z,CRP,1,0.1,10.8,10.1,11.6,7134
baseline_z,WBC,5,0.71,7.6,7.2,8.0,15252
baseline_z,TP,10,2.54,7.5,7.0,8.0,11948
baseline_z,BUN,7,1.14,9.8,9.3,10.4,12487
baseline_z,TBIL,3,0.43,6.7,6.3,7.2,11139
baseline_z,TBIL,5,0.75,5.1,4.7,5.6,11106
baseline_z,TBIL,1,0.09,7.0,6.5,7.5,11130
baseline_z,NA,2,0.22,8.1,7.7,8.5,19956
baseline_z,TBIL,9,1.65,5.6,5.2,6.0,11126
baseline_z,TBIL,8,1.31,6.6,6.2,7.1,11128
baseline_z,TBIL,4,0.6,6.9,6.4,7.3,11142
baseline_z,NA,3,0.37,8.5,8.1,8.9,19950
baseline_z,NA,4,0.52,8.1,7.8,8.5,19952
baseline_z,NA,5,0.69,7.7,7.3,8.0,19955
baseline_z,NA,6,0.87,8.7,8.3,9.1,19951
baseline_z,NA,7,1.08,9.7,9.3,10.1,19952
baseline_z,NA,8,1.34,9.6,9.2,10.0,19964
baseline_z,NA,9,1.69,11.6,11.2,12.1,19946
baseline_z,NA,10,2.44,11.9,11.5,12.4,19949
baseline_z,WBC,1,0.08,7.7,7.3,8.1,15255
baseline_z,PLT,1,0.09,8.0,7.6,8.5,14959
baseline_z,PLT,2,0.27,8.0,7.6,8.5,14956
baseline_z,PLT,4,0.65,10.3,9.9,10.8,14942
baseline_z,PLT,5,0.86,10.9,10.4,11.4,14955
baseline_z,PLT,6,1.1,11.5,11.0,12.0,14957
baseline_z,PLT,7,1.39,9.9,9.4,10.4,14959
baseline_z,PLT,8,1.79,8.4,8.0,8.9,14956
baseline_z,PLT,9,2.47,5.7,5.4,6.1,14957
baseline_z,PLT,10,4.19,2.6,2.4,2.9,14958
baseline_z,TBIL,2,0.27,5.6,5.1,6.0,11128
baseline_z,PLT,3,0.46,10.3,9.8,10.8,14975
baseline_z,K,10,2.47,9.4,9.0,9.8,21316
baseline_z,CA,5,0.75,9.5,9.0,10.0,13390
baseline_z,A1C,8,1.64,8.0,3.7,16.4,75
baseline_z,CL,5,0.73,9.5,9.1,10.0,14853
baseline_z,ALP,3,0.43,6.7,6.3,7.2,10666
baseline_z,AST,6,0.88,6.2,5.8,6.7,9910
baseline_z,ALP,6,1.04,7.9,7.4,8.4,10666
baseline_z,ALP,7,1.32,7.3,6.8,7.8,10680
baseline_z,ALP,8,1.7,8.7,8.2,9.3,10653
baseline_z,ALP,9,2.34,7.7,7.2,8.2,10664
baseline_z,ALP,10,4.07,7.5,7.0,8.0,10666
baseline_z,ALT,1,0.09,7.3,6.8,7.8,9960
baseline_z,ALT,2,0.27,7.4,6.9,8.0,9961
baseline_z,ALT,3,0.44,7.4,6.9,7.9,9960
baseline_z,ALT,4,0.61,6.8,6.4,7.4,9958
baseline_z,ALT,5,0.77,8.0,7.5,8.6,9960
baseline_z,ALT,6,0.95,7.2,6.7,7.7,9959
baseline_z,ALT,7,1.15,7.7,7.2,8.2,9960
baseline_z,ALT,8,1.43,7.2,6.8,7.8,9959
baseline_z,ALT,9,1.91,7.8,7.3,8.3,9965
baseline_z,ALT,10,3.48,7.4,6.9,7.9,9955
baseline_z,AST,1,0.08,6.6,6.2,7.1,9913
baseline_z,AST,2,0.25,6.1,5.7,6.6,9908
baseline_z,AST,3,0.4,6.4,5.9,6.9,9910
baseline_z,AST,4,0.56,6.0,5.5,6.4,9911
baseline_z,ALP,1,0.09,5.9,5.5,6.4,10666
baseline_z,AST,5,0.72,6.0,5.5,6.5,9910
baseline_z,WBC,9,1.54,8.1,7.7,8.6,15256
baseline_z,ALP,2,0.25,6.1,5.7,6.6,10666
baseline_z,A1C,7,1.34,3.9,1.4,11.0,76
baseline_z,A1C,6,1.04,0.0,0.0,4.9,75
baseline_z,A1C,5,0.8,4.0,1.4,11.1,75
baseline_z,A1C,4,0.6,2.6,0.7,9.1,76
baseline_z,A1C,3,0.43,1.3,0.2,7.2,75
baseline_z,A1C,2,0.27,5.3,2.1,12.9,75
baseline_z,A1C,1,0.11,9.2,4.5,17.8,76
baseline_z,ALB,1,0.08,8.7,8.2,9.2,12941
baseline_z,HGB,2,0.23,8.6,8.2,9.0,17308
baseline_z,A1C,9,2.08,6.7,2.9,14.7,75
baseline_z,A1C,10,3.15,13.2,7.3,22.6,76
baseline_z,ALB,2,0.24,7.2,6.7,7.6,12940
baseline_z,CRE,8,1.37,6.0,5.6,6.3,19215
baseline_z,ALB,3,0.41,7.7,7.2,8.1,12940
baseline_z,ALB,4,0.58,8.4,7.9,8.9,12940
baseline_z,ALB,5,0.75,8.7,8.2,9.2,12941
baseline_z,ALB,6,0.94,8.6,8.1,9.0,12940
baseline_z,ALB,7,1.16,8.6,8.1,9.1,12941
baseline_z,ALB,8,1.42,8.4,8.0,8.9,12939
baseline_z,ALB,9,1.82,7.4,7.0,7.9,12944
baseline_z,ALB,10,2.81,6.1,5.7,6.5,12937
baseline_z,AST,7,1.07,6.8,6.4,7.4,9911
baseline_z,ALP,4,0.61,5.1,4.7,5.6,10666
baseline_z,AST,8,1.31,7.0,6.5,7.5,9910
baseline_z,AST,9,1.7,8.2,7.7,8.8,9910
baseline_z,CL,4,0.56,9.4,8.9,9.9,14853
baseline_z,CL,9,1.75,11.1,10.6,11.6,14853
baseline_z,CL,10,2.55,11.1,10.6,11.6,14853
baseline_z,CO2,1,0.08,20.0,19.1,20.9,7299
baseline_z,CO2,2,0.26,19.3,18.4,20.2,7287
baseline_z,CO2,3,0.43,19.5,18.6,20.4,7292
baseline_z,CO2,4,0.62,19.5,18.6,20.4,7308
baseline_z,CO2,5,0.8,21.4,20.5,22.4,7281
baseline_z,CO2,6,1.02,19.5,18.6,20.4,7296
baseline_z,CO2,7,1.26,20.0,19.1,20.9,7287
baseline_z,CO2,8,1.56,20.9,20.0,21.9,7292
baseline_z,CO2,9,2.0,19.0,18.1,19.9,7298
baseline_z,CO2,10,2.94,16.2,15.3,17.0,7287
baseline_z,CRE,1,0.08,3.4,3.1,3.6,19220
baseline_z,CRE,2,0.23,4.5,4.2,4.8,19217
baseline_z,CRE,3,0.39,4.6,4.3,4.9,19215
baseline_z,CRE,4,0.55,5.1,4.8,5.4,19219
baseline_z,CRE,5,0.71,4.8,4.5,5.1,19217
baseline_z,CRE,6,0.89,6.3,6.0,6.7,19217
baseline_z,CRE,7,1.1,6.3,6.0,6.7,19219
baseline_z,CL,6,0.92,9.8,9.3,10.2,14854
baseline_z,CL,8,1.39,11.6,11.1,12.1,14853
baseline_z,CL,3,0.4,9.6,9.1,10.1,14853
baseline_z,BUN,1,0.08,6.4,6.0,6.8,12502
baseline_z,CA,6,0.94,10.9,10.4,11.4,13392
baseline_z,CL,7,1.13,11.7,11.2,12.3,14851
baseline_z,AST,10,2.78,8.9,8.4,9.5,9911
baseline_z,BUN,2,0.25,7.0,6.6,7.5,12492
baseline_z,BUN,3,0.42,7.2,6.7,7.7,12495
baseline_z,BUN,4,0.59,5.9,5.5,6.3,12495
baseline_z,BUN,5,0.76,8.0,7.6,8.5,12495
baseline_z,BUN,6,0.94,7.2,6.7,7.7,12504
baseline_z,BUN,8,1.39,7.2,6.8,7.7,12498
baseline_z,BUN,9,1.79,9.8,9.3,10.3,12496
baseline_z,BUN,10,2.76,12.2,11.7,12.8,12493
baseline_z,ALP,5,0.82,6.0,5.6,6.5,10666
baseline_z,CRE,9,1.77,7.4,7.1,7.8,19217
baseline_z,CA,3,0.4,10.1,9.6,10.6,13392
baseline_z,CA,4,0.57,9.7,9.2,10.2,13390
baseline_z,WBC,10,2.28,12.4,11.9,12.9,15254
baseline_z,CA,2,0.24,9.4,8.9,9.9,13391
baseline_z,CL,2,0.24,8.7,8.2,9.1,14851
baseline_z,CL,1,0.08,7.6,7.2,8.0,14855
baseline_z,CA,10,2.66,9.3,8.8,9.8,13391
baseline_z,CA,9,1.81,10.2,9.7,10.7,13391
baseline_z,CA,8,1.43,10.2,9.7,10.7,13390
baseline_z,CA,7,1.16,10.2,9.7,10.7,13389
baseline_z,CA,1,0.08,9.9,9.4,10.4,13391
baseline_z,WBC,4,0.56,7.2,6.8,7.7,15256
