analyte,direction,target_sensitivity,method,n_strata,n,n_events,prevalence,flag_rate,sensitivity,specificity,ppv,rr,tp,fp,tn,fn,n_population,n_events_population,auc,auc_lo,auc_hi,auprc,auprc_norm,auc_within_position,n_endpoints,age_band,sex,tp_norm,fp_norm,pop_pos,pop_neg,gap_hours,horizon_hours,min_normal_frac
ALB,low,0.2,PopRI,14.0,2231,258,0.1150193457615195,0.0946924708510264,0.2093023255813953,0.9219462747085656,0.2897186010310247,2.5188684487192763,54.0,154.0,1819.0,204.0,2845.0,329.0,0.6817540675082607,0.6483577796146087,0.7151503554019127,0.2109615366672902,1.8242449159097849,0.5328377689122077,,all,all,,,,,24.0,168.0,0.8
ALB,low,0.2,PerRI,14.0,2231,258,0.1150193457615195,0.1431204720307711,0.1976744186046511,0.8575772934617334,0.1597363068872311,1.3887777384721651,51.0,281.0,1692.0,207.0,2845.0,329.0,0.5955319291049321,0.5608591372820309,0.6302047209278334,0.1437165218929411,1.2427579858261693,0.4927189897058991,,all,all,,,,,24.0,168.0,0.8
ALB,low,0.2,Cohen_m2,14.0,2231,258,0.1150193457615195,0.1369877258307609,0.1937984496124031,0.8712620375063356,0.1553328992046019,1.3504936771825178,50.0,254.0,1719.0,208.0,2845.0,329.0,0.575118754346468,0.5371033711832404,0.6131341375096956,0.1590726485798372,1.375546817758205,0.4735280474683257,,all,all,,,,,24.0,168.0,0.8
ALB,low,0.2,Cohen_m3,14.0,2231,258,0.1150193457615195,0.1145357819685876,0.1937984496124031,0.8945767866193614,0.1857821219099293,1.6152249926297528,50.0,208.0,1765.0,208.0,2845.0,329.0,0.6148803419810858,0.5798047286312804,0.6499559553308911,0.1650013392069108,1.426813906087667,0.4790626284742585,,all,all,,,,,24.0,168.0,0.8
ALB,low,0.2,Cohen_m4,14.0,2231,258,0.1150193457615195,0.1103939046806906,0.1976744186046511,0.9036999493157628,0.2065595214550377,1.7958676437207106,51.0,190.0,1783.0,207.0,2845.0,329.0,0.6247853777940177,0.5901974354124272,0.6593733201756081,0.1722034271187165,1.4890924259761886,0.4898805927001054,,all,all,,,,,24.0,168.0,0.8
ALB,low,0.2,Gaussian_mle,14.0,2231,258,0.1150193457615195,0.1202840114893162,0.1976744186046511,0.8849467815509376,0.1895755873125489,1.6482061000904482,51.0,227.0,1746.0,207.0,2845.0,329.0,0.6230860806940204,0.5887621064325504,0.6574100549554903,0.159073854859809,1.3755572488071082,0.4938070234781155,,all,all,,,,,24.0,168.0,0.8
ALB,low,0.2,Gaussian_trunc,14.0,2231,258,0.1150193457615195,0.1390123462595709,0.1976744186046511,0.8641662442980234,0.1640351575666361,1.4261527613515188,51.0,268.0,1705.0,207.0,2845.0,329.0,0.5207805372529143,0.480468282207106,0.5610927922987226,0.1323992667614968,1.1448944346701524,0.4831698839637726,,all,all,,,,,24.0,168.0,0.8
ALB,low,0.2,Gaussian_eb,14.0,2231,258,0.1150193457615195,0.1368988562301814,0.1976744186046511,0.8667004561581348,0.1665675868325425,1.4481701815440935,51.0,263.0,1710.0,207.0,2845.0,329.0,0.580420954199523,0.5424856441649475,0.6183562642340985,0.1476523702609596,1.2767923955511662,0.484887190762125,,all,all,,,,,24.0,168.0,0.8
ALB,low,0.2,NORMA_q_age_set,14.0,2231,258,0.1150193457615195,0.1382462529118439,0.2015503875968992,0.868727825646224,0.1759694973546123,1.529912174248204,52.0,259.0,1714.0,206.0,2845.0,329.0,0.5678049010478671,0.5309059247554256,0.6047038773403085,0.1377131548563255,1.190845149164582,0.4182511438256689,,all,all,,,,,24.0,168.0,0.8
ALB,low,0.2,NORMA_334f7e21,14.0,2231,258,0.1150193457615195,0.140373267315887,0.2015503875968992,0.8646730866700456,0.1733031089267986,1.5067300877030223,52.0,267.0,1706.0,206.0,2845.0,329.0,0.5962902281576475,0.561546456549149,0.631033999766146,0.1468949118345474,1.2702424352824626,0.4860697694651569,,all,all,,,,,24.0,168.0,0.8
ALB,low,0.2,NORMA_q_age,14.0,2231,258,0.1150193457615195,0.1428225000459528,0.1976744186046511,0.8626457171819564,0.1596591021376864,1.3881065057414144,51.0,271.0,1702.0,207.0,2845.0,329.0,0.5900843558583513,0.555240956555104,0.6249277551615986,0.1446077245198131,1.2504644705569887,0.4816006456840752,,all,all,,,,,24.0,168.0,0.8
ALB,low,0.2,NORMA_q_set,14.0,2231,258,0.1150193457615195,0.1451884097081342,0.2015503875968992,0.8601115053218449,0.1675555485796663,1.456759708293552,52.0,276.0,1697.0,206.0,2845.0,329.0,0.5611137959350456,0.5245132734216512,0.59771431844844,0.1331487100215926,1.151375085496795,0.4046871493694727,,all,all,,,,,24.0,168.0,0.8
ALB,low,0.2,NORMA_q_co,14.0,2231,258,0.1150193457615195,0.1355768326446478,0.2015503875968992,0.8722757222503801,0.1794342231007721,1.560035156805796,52.0,252.0,1721.0,206.0,2845.0,329.0,0.5948639972968407,0.5596645948507082,0.6300633997429732,0.1475254102368235,1.2756945358075709,0.4936586930010552,,all,all,,,,,24.0,168.0,0.8
ALB,low,0.2,NORMA_q_age_set_co,14.0,2231,258,0.1150193457615195,0.1521417323873888,0.2015503875968992,0.8550430816016219,0.1598977693649049,1.3901815238667423,52.0,286.0,1687.0,206.0,2845.0,329.0,0.566359025133881,0.5299696402271143,0.6027484100406477,0.1380056459233828,1.193374403314214,0.4430975818848482,,all,all,,,,,24.0,168.0,0.8
ALP,high,0.2,PopRI,14.0,10927,284,0.0259979201663866,0.0208437198068019,0.1936619718309859,0.983463309217326,0.242001730781586,9.308503496924944,55.0,176.0,10467.0,229.0,12549.0,326.0,0.8694533072719886,0.8483147682545592,0.8905918462894179,0.1705908383902897,6.563542574263015,0.5627559118693378,,all,all,,,,,24.0,168.0,0.8
ALP,high,0.2,PerRI,14.0,10927,284,0.0259979201663866,0.1096879670253652,0.2007042253521127,0.8939208869679601,0.047445527630145,1.8249739720136728,57.0,1129.0,9514.0,227.0,12549.0,326.0,0.6894996777621475,0.6617036354647639,0.7172957200595311,0.0477539272509573,1.8373491657437024,0.5185691928106809,,all,all,,,,,24.0,168.0,0.8
ALP,high,0.2,Cohen_m2,14.0,10927,284,0.0259979201663866,0.0343376512854944,0.2007042253521127,0.9686178709010618,0.1515596808566481,5.829684831966024,57.0,334.0,10309.0,227.0,12549.0,326.0,0.7988961203091894,0.7704538540784576,0.8273383865399213,0.1094619386222379,4.211586631426739,0.5222366795428847,,all,all,,,,,24.0,168.0,0.8
ALP,high,0.2,Cohen_m3,14.0,10927,284,0.0259979201663866,0.0435381270597261,0.2007042253521127,0.959691816217232,0.1195320934007387,4.5977559987773375,57.0,429.0,10214.0,227.0,12549.0,326.0,0.7538645383529212,0.7224879370696627,0.7852411396361797,0.0976750651298826,3.758082523500801,0.5181491183795364,,all,all,,,,,24.0,168.0,0.8
ALP,high,0.2,Cohen_m4,14.0,10927,284,0.0259979201663866,0.0357700493263198,0.2007042253521127,0.9674903692567886,0.1454905309947984,5.596237316818385,57.0,346.0,10297.0,227.0,12549.0,326.0,0.7402825767911991,0.707148250356979,0.7734169032254192,0.0921931113383867,3.5471624211075774,0.4962560394394351,,all,all,,,,,24.0,168.0,0.8
ALP,high,0.2,Gaussian_mle,14.0,10927,284,0.0259979201663866,0.0619320893831174,0.204225352112676,0.9421215822606408,0.0853224414571233,3.2818948943246125,58.0,616.0,10027.0,226.0,12549.0,326.0,0.760360575555182,0.733967156225313,0.7867539948850509,0.0732084808496084,2.816722078322785,0.5188758689037714,,all,all,,,,,24.0,168.0,0.8
ALP,high,0.2,Gaussian_trunc,14.0,10927,284,0.0259979201663866,0.0740957874689157,0.1971830985915492,0.930376773466128,0.0691565613204952,2.660080532515417,56.0,741.0,9902.0,228.0,12549.0,326.0,0.6360366464501563,0.5984419383053512,0.6736313545949615,0.053407795735639,2.054883746490592,0.5230093262904366,,all,all,,,,,24.0,168.0,0.8
ALP,high,0.2,Gaussian_eb,14.0,10927,284,0.0259979201663866,0.0665534669663169,0.1971830985915492,0.9374236587428356,0.0769938833130638,2.9615401086049564,56.0,666.0,9977.0,228.0,12549.0,326.0,0.7544597189450714,0.7276886349224632,0.7812308029676795,0.0699196007481747,2.6901812583637503,0.5098650689340659,,all,all,,,,,24.0,168.0,0.8
ALP,high,0.2,NORMA_q_age_set,14.0,10927,284,0.0259979201663866,0.0446774735904377,0.1866197183098591,0.9598797331579442,0.1093219619561017,4.205027219733011,53.0,427.0,10216.0,231.0,12549.0,326.0,0.7645559535924559,0.7369330265644298,0.7921788806204819,0.0821648441897562,3.1613213114840364,0.609792554711858,,all,all,,,,,24.0,168.0,0.8
ALP,high,0.2,NORMA_334f7e21,14.0,10927,284,0.0259979201663866,0.043308911721222,0.1866197183098591,0.9617589025650662,0.1127765366072505,4.337906105006889,53.0,407.0,10236.0,231.0,12549.0,326.0,0.7704442382945611,0.7426350387385621,0.7982534378505601,0.0887397922592244,3.414294753579385,0.615002770872379,,all,all,,,,,24.0,168.0,0.8
ALP,high,0.2,NORMA_q_age,14.0,10927,284,0.0259979201663866,0.0461667159837037,0.1901408450704225,0.959691816217232,0.107528173986056,4.136029855383652,54.0,429.0,10214.0,230.0,12549.0,326.0,0.7599764706816489,0.7319596683367349,0.7879932730265629,0.0837826061828213,3.22356527380172,0.6032553163918432,,all,all,,,,,24.0,168.0,0.8
ALP,high,0.2,NORMA_q_set,14.0,10927,284,0.0259979201663866,0.0448437180920395,0.1901408450704225,0.961570985624354,0.1107005145842659,4.258052716362794,54.0,409.0,10234.0,230.0,12549.0,326.0,0.7666422286419825,0.7390721916997175,0.7942122655842475,0.084003866328686,3.232078335822368,0.6048504907480147,,all,all,,,,,24.0,168.0,0.8
ALP,high,0.2,NORMA_q_co,14.0,10927,284,0.0259979201663866,0.0447782818592293,0.1866197183098591,0.9611011932725736,0.10907584805293,4.195560543106703,53.0,414.0,10229.0,231.0,12549.0,326.0,0.760115423349077,0.7324160053626209,0.7878148413355331,0.0835220437793425,3.213540043580549,0.608528766738527,,all,all,,,,,24.0,168.0,0.8
ALP,high,0.2,NORMA_q_age_set_co,14.0,10927,284,0.0259979201663866,0.0391411922913654,0.1866197183098591,0.9665507845532276,0.124784882171973,4.799802498559491,53.0,356.0,10287.0,231.0,12549.0,326.0,0.759114964143595,0.7311370351417422,0.7870928931454478,0.0851338128956215,3.2755534278537186,0.6037677860676082,,all,all,,,,,24.0,168.0,0.8
ALT,high,0.2,PopRI,14.0,4112,276,0.0669559826410415,0.0493957620233955,0.2028985507246377,0.960636079249218,0.2735467066367134,4.08547072041684,56.0,151.0,3685.0,220.0,4856.0,326.0,0.7690632981215336,0.7403328662769679,0.7977937299660993,0.1927322726239871,2.871431539963172,0.5469559456019145,,all,all,,,,,24.0,168.0,0.8
ALT,high,0.2,PerRI,14.0,4112,276,0.0669559826410415,0.0624357882570719,0.1956521739130435,0.9473409801876956,0.20979537304081,3.133332747359505,54.0,202.0,3634.0,222.0,4856.0,326.0,0.6807617763068413,0.6464751736105655,0.7150483790031171,0.1497588505373241,2.231189831193756,0.4825720994933813,,all,all,,,,,24.0,168.0,0.8
ALT,high,0.2,Cohen_m2,14.0,4112,276,0.0669559826410415,0.0451946526234682,0.1956521739130435,0.963764337851929,0.2898294096343524,4.328655905001948,54.0,139.0,3697.0,222.0,4856.0,326.0,0.7197431654350093,0.6855385115318285,0.75394781933819,0.1886676438349959,2.810874461773563,0.5087679362439926,,all,all,,,,,24.0,168.0,0.8
ALT,high,0.2,Cohen_m3,14.0,4112,276,0.0669559826410415,0.0607627953107363,0.1992753623188405,0.9460375391032324,0.2189727067008235,3.2703979250780413,55.0,207.0,3629.0,221.0,4856.0,326.0,0.6957910187242146,0.6612408174243063,0.7303412200241228,0.1628397090592892,2.426075665405063,0.506946649246299,,all,all,,,,,24.0,168.0,0.8
ALT,high,0.2,Cohen_m4,14.0,4112,276,0.0669559826410415,0.0535435786865464,0.1956521739130435,0.955422314911366,0.2446369818717529,3.653698627399421,54.0,171.0,3665.0,222.0,4856.0,326.0,0.6849894591286213,0.6491765140340224,0.7208024042232202,0.1598152191018436,2.3810151483579025,0.5056566640299407,,all,all,,,,,24.0,168.0,0.8
ALT,high,0.2,Gaussian_mle,14.0,4112,276,0.0669559826410415,0.0575592669208328,0.1956521739130435,0.9491657977059436,0.2275696024152892,3.398794154591311,54.0,195.0,3641.0,222.0,4856.0,326.0,0.7289635943237974,0.6964096499928126,0.7615175386547822,0.1732904920107487,2.581777185319561,0.5028542484771357,,all,all,,,,,24.0,168.0,0.8
ALT,high,0.2,Gaussian_trunc,14.0,4112,276,0.0669559826410415,0.0928064551706253,0.1992753623188405,0.9116266944734098,0.1433671152662603,2.1412144159673883,55.0,339.0,3497.0,221.0,4856.0,326.0,0.6677708134983603,0.6350232079056036,0.700518419091117,0.1263984176220215,1.883153236455626,0.4961955793782772,,all,all,,,,,24.0,168.0,0.8
ALT,high,0.2,Gaussian_eb,14.0,4112,276,0.0669559826410415,0.0604445333047899,0.1956521739130435,0.94577685088634,0.2167067685416543,3.236555719052672,54.0,208.0,3628.0,222.0,4856.0,326.0,0.7258523371265359,0.6933474907009196,0.7583571835521521,0.1680747326311273,2.504069929634767,0.5119928137538124,,all,all,,,,,24.0,168.0,0.8
ALT,high,0.2,NORMA_q_age_set,14.0,4112,276,0.0669559826410415,0.0475307980834085,0.1956521739130435,0.960636079249218,0.2755842530879318,4.115901853989203,54.0,151.0,3685.0,222.0,4856.0,326.0,0.7415200767707908,0.7113461392732062,0.7716940142683754,0.1740813554121555,2.5935599038216792,0.565716781759535,,all,all,,,,,24.0,168.0,0.8
ALT,high,0.2,NORMA_334f7e21,14.0,4112,276,0.0669559826410415,0.0496243327042826,0.1920289855072463,0.958029197080292,0.259793623783403,3.880065881135454,53.0,161.0,3675.0,223.0,4856.0,326.0,0.745143265176588,0.7151735462278177,0.7751129841253583,0.1777760315265077,2.648605223322463,0.5729284849256315,,all,all,,,,,24.0,168.0,0.8
ALT,high,0.2,NORMA_q_age,14.0,4112,276,0.0669559826410415,0.0516885001988008,0.1956521739130435,0.9559436913451512,0.2534169000475915,3.784828331266344,54.0,169.0,3667.0,222.0,4856.0,326.0,0.7431229314956703,0.712981917952905,0.7732639450384357,0.175552505287238,2.615477904859141,0.571626152438386,,all,all,,,,,24.0,168.0,0.8
ALT,high,0.2,NORMA_q_set,14.0,4112,276,0.0669559826410415,0.0477509845691215,0.1920289855072463,0.9603753910323254,0.2699857466272132,4.032287123237917,53.0,152.0,3684.0,223.0,4856.0,326.0,0.7435309652264587,0.7128569749824255,0.7742049554704918,0.1798747419187282,2.679872966557284,0.5608807500977002,,all,all,,,,,24.0,168.0,0.8
ALT,high,0.2,NORMA_q_co,14.0,4112,276,0.0669559826410415,0.0443574916150613,0.1920289855072463,0.963764337851929,0.2906405378590294,4.340770255246429,53.0,139.0,3697.0,223.0,4856.0,326.0,0.734926365023953,0.7032015271621516,0.7666512028857545,0.1808133944882583,2.69385752947724,0.5364146041859192,,all,all,,,,,24.0,168.0,0.8
ALT,high,0.2,NORMA_q_age_set_co,14.0,4112,276,0.0669559826410415,0.0529199159077302,0.1956521739130435,0.9546402502606882,0.2475200359601488,3.696757574108519,54.0,174.0,3662.0,222.0,4856.0,326.0,0.7421000136011243,0.7115151522087435,0.7726848749935051,0.174978758776387,2.606929913364143,0.5574300249061142,,all,all,,,,,24.0,168.0,0.8
ALT,low,0.2,PopRI,14.0,3828,272,0.0706757594544327,0.0428268845637139,0.2095588235294117,0.968785151856018,0.3413723014963249,4.83011861678572,57.0,111.0,3445.0,215.0,4856.0,345.0,0.8328942797591478,0.8114638151092989,0.8543247444089966,0.2460868880015848,3.4633110561399514,0.6301079128082203,,all,all,,,,,24.0,168.0,0.8
ALT,low,0.2,PerRI,14.0,3828,272,0.0706757594544327,0.1351945898185077,0.2058823529411764,0.8714848143982002,0.1066112031655331,1.5084550061930266,56.0,457.0,3099.0,216.0,4856.0,345.0,0.6860939257592801,0.6596646966809143,0.7125231548376458,0.1082221803637595,1.5230680383546744,0.524466227701095,,all,all,,,,,24.0,168.0,0.8
ALT,low,0.2,Cohen_m2,14.0,3828,272,0.0706757594544327,0.1007529201648866,0.2095588235294117,0.908042744656918,0.1497215587043957,2.1184287209665813,57.0,327.0,3229.0,215.0,4856.0,345.0,0.7222786260173361,0.6978566365838145,0.7467006154508576,0.1311647920782848,1.8459515591017432,0.5484515709566956,,all,all,,,,,24.0,168.0,0.8
ALT,low,0.2,Cohen_m3,14.0,3828,272,0.0706757594544327,0.1248310617386879,0.1985294117647058,0.874578177727784,0.1100818283649868,1.5575613083572264,54.0,446.0,3110.0,218.0,4856.0,345.0,0.678498023225038,0.6520902156463971,0.704905830803679,0.1106154913109833,1.5567503703619274,0.4939860898156426,,all,all,,,,,24.0,168.0,0.8
ALT,low,0.2,Cohen_m4,14.0,3828,272,0.0706757594544327,0.1408077116441592,0.1985294117647058,0.860236220472441,0.0975914696182574,1.3808336885460464,54.0,497.0,3059.0,218.0,4856.0,345.0,0.6547508767286443,0.6280139939830076,0.681487759474281,0.0971821976467085,1.3676965168808837,0.4550385949199756,,all,all,,,,,24.0,168.0,0.8
ALT,low,0.2,Gaussian_mle,14.0,3828,272,0.0706757594544327,0.1147039112335049,0.2058823529411764,0.8922947131608548,0.1234041620336998,1.7460606435119117,56.0,383.0,3173.0,216.0,4856.0,345.0,0.7303583835108847,0.7056766994070327,0.7550400676147366,0.1303922028791144,1.835078502284008,0.5431663630430119,,all,all,,,,,24.0,168.0,0.8
ALT,low,0.2,Gaussian_trunc,14.0,3828,272,0.0706757594544327,0.1393450438988144,0.2058823529411764,0.8692350956130483,0.1015819411419985,1.4372953601933651,56.0,465.0,3091.0,216.0,4856.0,345.0,0.5998643551908952,0.5639973938728653,0.6357313165089251,0.0987058921118382,1.3891402757504294,0.5145119422942065,,all,all,,,,,24.0,168.0,0.8
ALT,low,0.2,Gaussian_eb,14.0,3828,272,0.0706757594544327,0.1228844679890793,0.213235294117647,0.8855455568053994,0.1227566388003319,1.7368987577625914,58.0,407.0,3149.0,214.0,4856.0,345.0,0.7167649540131014,0.690707002189484,0.7428229058367187,0.1264531100967207,1.7796415641553194,0.5445549842070712,,all,all,,,,,24.0,168.0,0.8
ALT,low,0.2,NORMA_q_age_set,14.0,3828,272,0.0706757594544327,0.0960063186562476,0.2022058823529411,0.9119797525309336,0.1452850809777431,2.0556564527815766,55.0,313.0,3243.0,217.0,4856.0,345.0,0.7190973830477072,0.6928011484056738,0.7453936176897407,0.1311234721184275,1.8453700414313987,0.5226045485600552,,all,all,,,,,24.0,168.0,0.8
ALT,low,0.2,NORMA_334f7e21,14.0,3828,272,0.0706757594544327,0.0889632378480792,0.1985294117647058,0.9204161979752532,0.1544641567160993,2.185532322658493,54.0,283.0,3273.0,218.0,4856.0,345.0,0.7181048600542579,0.6915467481633587,0.7446629719451571,0.1307071516209248,1.8395109426650744,0.5121696670260004,,all,all,,,,,24.0,168.0,0.8
ALT,low,0.2,NORMA_q_age,14.0,3828,272,0.0706757594544327,0.1011051319432999,0.1985294117647058,0.906355455568054,0.1359142829727345,1.923067881008954,54.0,333.0,3223.0,218.0,4856.0,345.0,0.7135165089657911,0.6869907164914505,0.7400423014401317,0.1265321242337865,1.7807535719372605,0.5153764617629815,,all,all,,,,,24.0,168.0,0.8
ALT,low,0.2,NORMA_q_set,14.0,3828,272,0.0706757594544327,0.0972053147015353,0.2022058823529411,0.9088863892013498,0.1434930366017079,2.030300596829429,55.0,324.0,3232.0,217.0,4856.0,345.0,0.7214132700324224,0.6951346735079514,0.7476918665568933,0.1296834485413603,1.8251038272659088,0.516580851919657,,all,all,,,,,24.0,168.0,0.8
ALT,low,0.2,NORMA_q_co,14.0,3828,272,0.0706757594544327,0.0960373583577837,0.2022058823529411,0.9097300337457818,0.1452381241931302,2.054992055469465,55.0,321.0,3235.0,217.0,4856.0,345.0,0.7037742754582148,0.6765556777656336,0.730992873150796,0.1232120189740662,1.7340279729144317,0.5048122720522746,,all,all,,,,,24.0,168.0,0.8
ALT,low,0.2,NORMA_q_age_set_co,14.0,3828,272,0.0706757594544327,0.0833290479130417,0.2022058823529411,0.9243532058492688,0.1673880373012748,2.3683938962013715,55.0,269.0,3287.0,217.0,4856.0,345.0,0.7171082015483359,0.6904082331469775,0.7438081699496942,0.1305351940770795,1.8370908931141927,0.5282982195824649,,all,all,,,,,24.0,168.0,0.8
AST,high,0.2,PopRI,14.0,9123,273,0.0296958209224659,0.0379557093506237,0.2124542124542124,0.9665536723163842,0.1667817693897095,5.616338064038274,58.0,296.0,8554.0,215.0,11127.0,333.0,0.7667949752695515,0.7385212201107332,0.7950687304283699,0.0969925071425771,3.2412551013250246,0.5512263388487636,,all,all,,,,,24.0,168.0,0.8
AST,high,0.2,PerRI,14.0,9123,273,0.0296958209224659,0.1359869839336936,0.2051282051282051,0.8661016949152542,0.0448915628002013,1.5117131436578457,56.0,1185.0,7665.0,217.0,11127.0,333.0,0.6488408766374868,0.6176899132942807,0.6799918399806929,0.0461502563744505,1.5422299959857595,0.5078554138552671,,all,all,,,,,24.0,168.0,0.8
AST,high,0.2,Cohen_m2,14.0,9123,273,0.0296958209224659,0.0595874423715499,0.2087912087912088,0.9444067796610168,0.1047210496326022,3.5264574737981764,57.0,492.0,8358.0,216.0,11127.0,333.0,0.7329260569938536,0.7026041632424418,0.7632479507452654,0.0746074825654638,2.4932016975997326,0.5158024154042214,,all,all,,,,,24.0,168.0,0.8
AST,high,0.2,Cohen_m3,14.0,9123,273,0.0296958209224659,0.0488521283825853,0.2161172161172161,0.9544632768361582,0.1314288943057606,4.425838054752347,59.0,403.0,8447.0,214.0,11127.0,333.0,0.7230926512282445,0.6914032586857107,0.7547820437707783,0.0799381019483866,2.671338110165315,0.5212721494162778,,all,all,,,,,24.0,168.0,0.8
AST,high,0.2,Cohen_m4,14.0,9123,273,0.0296958209224659,0.0782461935239913,0.2124542124542124,0.9255367231638418,0.0806142109460905,2.7146651765098406,58.0,659.0,8191.0,215.0,11127.0,333.0,0.698597297241365,0.6666947759361798,0.7304998185465502,0.0648312757047037,2.166504499098948,0.5162245309804283,,all,all,,,,,24.0,168.0,0.8
AST,high,0.2,Gaussian_mle,14.0,9123,273,0.0296958209224659,0.0876560028392353,0.2087912087912088,0.9159322033898304,0.070930616218117,2.388572331551729,57.0,744.0,8106.0,216.0,11127.0,333.0,0.7017214047722523,0.672007948996893,0.7314348605476116,0.0564096894149869,1.885075445175554,0.5061480229137956,,all,all,,,,,24.0,168.0,0.8
AST,high,0.2,Gaussian_trunc,14.0,9123,273,0.0296958209224659,0.1517726695207093,0.2051282051282051,0.8481355932203389,0.0403711251972164,1.3594884378722207,56.0,1344.0,7506.0,217.0,11127.0,333.0,0.5757658161047992,0.5406160018287567,0.6109156303808416,0.0390080588157911,1.3035550204266015,0.5013611945356281,,all,all,,,,,24.0,168.0,0.8
AST,high,0.2,Gaussian_eb,14.0,9123,273,0.0296958209224659,0.0936784553135302,0.2087912087912088,0.9091525423728812,0.0663705894359039,2.2350144691804843,57.0,804.0,8046.0,216.0,11127.0,333.0,0.6985178286873202,0.668745182703746,0.7282904746708943,0.0564948657441582,1.887921832175662,0.5093625889145397,,all,all,,,,,24.0,168.0,0.8
AST,high,0.2,NORMA_q_age_set,14.0,9123,273,0.0296958209224659,0.0895519201906746,0.2051282051282051,0.9131073446327684,0.0684210168770267,2.3040621458376283,56.0,769.0,8081.0,217.0,11127.0,333.0,0.6963883197781503,0.6667533638215607,0.7260232757347399,0.0559306405762485,1.8690667911249648,0.5197345828804257,,all,all,,,,,24.0,168.0,0.8
AST,high,0.2,NORMA_334f7e21,14.0,9123,273,0.0296958209224659,0.0857671434848473,0.2051282051282051,0.916271186440678,0.0714403347689761,2.40573698755467,56.0,741.0,8109.0,217.0,11127.0,333.0,0.6900006208480784,0.6592066867007617,0.7207945549953952,0.0553620348770106,1.8500653633075743,0.5045510429991396,,all,all,,,,,24.0,168.0,0.8
AST,high,0.2,NORMA_q_age,14.0,9123,273,0.0296958209224659,0.0900632400645735,0.2087912087912088,0.912542372881356,0.0692853100287853,2.333167020695784,57.0,774.0,8076.0,216.0,11127.0,333.0,0.6912286583473024,0.6607297588979093,0.7217275577966955,0.055275818989726,1.8471842367885385,0.510827169510563,,all,all,,,,,24.0,168.0,0.8
AST,high,0.2,NORMA_q_set,14.0,9123,273,0.0296958209224659,0.0862636561510836,0.2087912087912088,0.9170621468926554,0.0723370627734808,2.435934098685089,57.0,734.0,8116.0,216.0,11127.0,333.0,0.6992682270648372,0.6692796623986285,0.7292567917310459,0.0567451783743453,1.8962866751251024,0.5076096856398227,,all,all,,,,,24.0,168.0,0.8
AST,high,0.2,NORMA_q_co,14.0,9123,273,0.0296958209224659,0.0890069775516203,0.2087912087912088,0.912994350282486,0.0701075318106597,2.360855151763828,57.0,770.0,8080.0,216.0,11127.0,333.0,0.6967802818650276,0.6665507626804908,0.7270098010495644,0.0566451109482732,1.8929426636670204,0.504983800977069,,all,all,,,,,24.0,168.0,0.8
AST,high,0.2,NORMA_q_age_set_co,14.0,9123,273,0.0296958209224659,0.0811029007163985,0.2051282051282051,0.92045197740113,0.0755488815888605,2.544091365115458,56.0,704.0,8146.0,217.0,11127.0,333.0,0.6938883715154902,0.6636083087169447,0.7241684343140358,0.0552487957917052,1.846281186841491,0.5157624142056665,,all,all,,,,,24.0,168.0,0.8
BUN,high,0.2,PopRI,12.0,4474,189,0.0435797665369649,0.042639005504685,0.1904761904761904,0.9614935822637106,0.193346018514697,4.436600603417601,36.0,165.0,4120.0,153.0,5347.0,226.0,0.7806807307390738,0.7490861450109036,0.812275316467244,0.1266664600042419,2.9984430796771355,0.5001326068842763,,all,all,,,,,24.0,168.0,0.8
BUN,high,0.2,PerRI,12.0,4474,189,0.0435797665369649,0.1264174795123825,0.2063492063492063,0.8758459743290549,0.0703430444323616,1.614121644564012,39.0,532.0,3753.0,150.0,5347.0,226.0,0.6376359022800097,0.5974549946733037,0.6778168098867157,0.0668519985892812,1.5825176808912391,0.4164744936718024,,all,all,,,,,24.0,168.0,0.8
BUN,high,0.2,Cohen_m2,12.0,4474,189,0.0435797665369649,0.0834486824949206,0.201058201058201,0.9201866977829638,0.1034550426443022,2.373923746391579,38.0,342.0,3943.0,151.0,5347.0,226.0,0.6850536817864706,0.6476965653070212,0.72241079826592,0.0821717205485635,1.945165490657532,0.4518656758415787,,all,all,,,,,24.0,168.0,0.8
BUN,high,0.2,Cohen_m3,12.0,4474,189,0.0435797665369649,0.0881711543523412,0.201058201058201,0.914585764294049,0.0979139614257938,2.24677572200259,38.0,366.0,3919.0,151.0,5347.0,226.0,0.7124668926302531,0.6773085325066523,0.7476252527538538,0.0849973489384796,2.0120536463003056,0.4487317352726694,,all,all,,,,,24.0,168.0,0.8
BUN,high,0.2,Cohen_m4,12.0,4474,189,0.0435797665369649,0.0899828009259245,0.201058201058201,0.9131855309218204,0.0959426347845055,2.201540816037316,38.0,372.0,3913.0,151.0,5347.0,226.0,0.684942552153754,0.6473518822973896,0.7225332220101184,0.0786024260703133,1.86067330284964,0.4330582587581424,,all,all,,,,,24.0,168.0,0.8
BUN,high,0.2,Gaussian_mle,12.0,4474,189,0.0435797665369649,0.0694475340049568,0.2063492063492063,0.9358226371061844,0.1271137940574771,2.9168075957831814,39.0,275.0,4010.0,150.0,5347.0,226.0,0.7087749192766696,0.6724978838157184,0.7450519547376208,0.09429480175172,2.232142555752356,0.4400235007971781,,all,all,,,,,24.0,168.0,0.8
BUN,high,0.2,Gaussian_trunc,12.0,4474,189,0.0435797665369649,0.1770557945559797,0.2063492063492063,0.8242707117852975,0.0502247915730039,1.1524795923448226,39.0,753.0,3532.0,150.0,5347.0,226.0,0.5581967364931192,0.5187911793425193,0.5976022936437191,0.050224121973299,1.1889032894631737,0.4140398884265033,,all,all,,,,,24.0,168.0,0.8
BUN,high,0.2,Gaussian_eb,12.0,4474,189,0.0435797665369649,0.0787426843249425,0.2063492063492063,0.9253208868144692,0.1121086944264796,2.572494148893327,39.0,320.0,3965.0,150.0,5347.0,226.0,0.7082130972446025,0.6723268462580417,0.7440993482311632,0.086835223151599,2.0555597268796517,0.4478572233285208,,all,all,,,,,24.0,168.0,0.8
BUN,high,0.2,NORMA_q_age_set,12.0,4474,189,0.0435797665369649,0.0799166976972871,0.201058201058201,0.9271878646441072,0.1080273241372423,2.4788412770777937,38.0,312.0,3973.0,151.0,5347.0,226.0,0.71805918270329,0.6830023385409878,0.7531160268655923,0.0958633058350041,2.26927211802015,0.4701061843472289,,all,all,,,,,24.0,168.0,0.8
BUN,high,0.2,NORMA_334f7e21,12.0,4474,189,0.0435797665369649,0.0723313179078212,0.201058201058201,0.9344224037339556,0.1193561413760627,2.7387971726471547,38.0,281.0,4004.0,151.0,5347.0,226.0,0.7176393596463608,0.6821584463392102,0.7531202729535115,0.1002204656282911,2.372414620216796,0.4693649174226133,,all,all,,,,,24.0,168.0,0.8
BUN,high,0.2,NORMA_q_age,12.0,4474,189,0.0435797665369649,0.0727779573885693,0.1957671957671957,0.933955659276546,0.1159504165785416,2.6606479518468924,37.0,283.0,4002.0,152.0,5347.0,226.0,0.7169701123026677,0.6810937862447106,0.7528464383606248,0.1001458524716717,2.370648380731532,0.4629551085633714,,all,all,,,,,24.0,168.0,0.8
BUN,high,0.2,NORMA_q_set,12.0,4474,189,0.0435797665369649,0.0683785924215913,0.201058201058201,0.9395565927654608,0.1262556993407314,2.897117386657856,38.0,259.0,4026.0,151.0,5347.0,226.0,0.7209917702333104,0.6856112119955053,0.7563723284711155,0.1019842303838643,2.4141663848540165,0.4650635216163812,,all,all,,,,,24.0,168.0,0.8
BUN,high,0.2,NORMA_q_co,12.0,4474,189,0.0435797665369649,0.0725152233728418,0.201058201058201,0.9341890315052508,0.1190534429127349,2.731851323979721,38.0,282.0,4003.0,151.0,5347.0,226.0,0.7188877158538769,0.6830140951383353,0.7547613365694185,0.1006401715269636,2.382349880484843,0.4899287446626015,,all,all,,,,,24.0,168.0,0.8
BUN,high,0.2,NORMA_q_age_set_co,12.0,4474,189,0.0435797665369649,0.0724085782136556,0.2063492063492063,0.9346557759626604,0.1228112828307078,2.818080329240349,39.0,280.0,4005.0,150.0,5347.0,226.0,0.7182110598680027,0.6817769987958069,0.7546451209401985,0.1007251321187179,2.3843610640166344,0.4598090680854025,,all,all,,,,,24.0,168.0,0.8
BUN,low,0.2,PopRI,14.0,4436,396,0.0892555784736546,0.0597130534835483,0.202020202020202,0.953960396039604,0.2982635433109751,3.341679572431576,80.0,186.0,3854.0,316.0,5347.0,477.0,0.7544204420442043,0.7296683106055918,0.7791725734828169,0.2195752975455406,2.4596869189697435,0.5246536438531021,,all,all,,,,,24.0,168.0,0.8
BUN,low,0.2,PerRI,14.0,4436,396,0.0892555784736546,0.1579715097561728,0.202020202020202,0.8465346534653465,0.1127432847949023,1.2631511298554925,80.0,620.0,3420.0,316.0,5347.0,477.0,0.6112642514251426,0.5841348606581432,0.638393642192142,0.1214237314275755,1.3601910924563767,0.431397836232677,,all,all,,,,,24.0,168.0,0.8
BUN,low,0.2,Cohen_m2,14.0,4436,396,0.0892555784736546,0.1166562381559141,0.202020202020202,0.8900990099009901,0.1526727348272371,1.7105119639362514,80.0,444.0,3596.0,316.0,5347.0,477.0,0.6318244324432444,0.6052119877629614,0.6584368771235274,0.1250937591713634,1.4013028173842637,0.4218034611879518,,all,all,,,,,24.0,168.0,0.8
BUN,low,0.2,Cohen_m3,14.0,4436,396,0.0892555784736546,0.0991796450113669,0.202020202020202,0.9081683168316832,0.1795754250973541,2.0119238278239275,80.0,371.0,3669.0,316.0,5347.0,477.0,0.6621174617461746,0.6358206787278984,0.6884142447644508,0.1433610487064744,1.6059333637927289,0.4336977731030439,,all,all,,,,,24.0,168.0,0.8
BUN,low,0.2,Cohen_m4,14.0,4436,396,0.0892555784736546,0.0953812265682224,0.202020202020202,0.9121287128712872,0.1867267548838025,2.09204576427588,80.0,355.0,3685.0,316.0,5347.0,477.0,0.6641626662666267,0.6380598464407438,0.6902654860925096,0.1554455831897005,1.7413045632058377,0.4602223196934749,,all,all,,,,,24.0,168.0,0.8
BUN,low,0.2,Gaussian_mle,14.0,4436,396,0.0892555784736546,0.1134102485481352,0.202020202020202,0.8960396039603961,0.157042481979586,1.7594696562964964,80.0,420.0,3620.0,316.0,5347.0,477.0,0.6730254275427543,0.6472734922232672,0.6987773628622413,0.1393102888890981,1.560556670484948,0.429584444298587,,all,all,,,,,24.0,168.0,0.8
BUN,low,0.2,Gaussian_trunc,14.0,4436,396,0.0892555784736546,0.1671587471953652,0.202020202020202,0.8353960396039604,0.1065467838970183,1.193726887652938,80.0,665.0,3375.0,316.0,5347.0,477.0,0.5007406990699069,0.4688578298975187,0.5326235682422952,0.0939574471995877,1.052513221660028,0.4028968840664355,,all,all,,,,,24.0,168.0,0.8
BUN,low,0.2,Gaussian_eb,14.0,4436,396,0.0892555784736546,0.1122428982976081,0.202020202020202,0.8972772277227723,0.1586757575227405,1.7777685186318812,80.0,415.0,3625.0,316.0,5347.0,477.0,0.6649277427742775,0.6380937401205454,0.6917617454280095,0.1394362114959925,1.5619672580712696,0.4214349821043712,,all,all,,,,,24.0,168.0,0.8
BUN,low,0.2,NORMA_q_age_set,14.0,4436,396,0.0892555784736546,0.091695023786844,0.202020202020202,0.919059405940594,0.1942332983665818,2.1761474373718093,80.0,327.0,3713.0,316.0,5347.0,477.0,0.6918354335433543,0.6653980968949293,0.7182727701917793,0.1558074626813708,1.7453583445822245,0.4748204108120475,,all,all,,,,,24.0,168.0,0.8
BUN,low,0.2,NORMA_334f7e21,14.0,4436,396,0.0892555784736546,0.0960023256045512,0.202020202020202,0.9155940594059406,0.1855187028206382,2.078511012904335,80.0,341.0,3699.0,316.0,5347.0,477.0,0.6937268726872687,0.6668863824917758,0.7205673628827617,0.15961607744104,1.788022524061751,0.4762574289607687,,all,all,,,,,24.0,168.0,0.8
BUN,low,0.2,NORMA_q_age,14.0,4436,396,0.0892555784736546,0.0970352631694764,0.202020202020202,0.91509900990099,0.1835438616043586,2.0563853233950518,80.0,343.0,3697.0,316.0,5347.0,477.0,0.6943988148814881,0.6678264771365762,0.7209711526264001,0.1585245651962504,1.775795381844866,0.4784613397240324,,all,all,,,,,24.0,168.0,0.8
BUN,low,0.2,NORMA_q_set,14.0,4436,396,0.0892555784736546,0.0947986539714058,0.202020202020202,0.915841584158416,0.1878742594730617,2.1049021549786517,80.0,340.0,3700.0,316.0,5347.0,477.0,0.6912853785378538,0.6647997076195679,0.7177710494561397,0.156575731930501,1.753964512231572,0.4691547424650203,,all,all,,,,,24.0,168.0,0.8
BUN,low,0.2,NORMA_q_co,14.0,4436,396,0.0892555784736546,0.0915187101659817,0.202020202020202,0.9205445544554456,0.1946074948130235,2.180339852600535,80.0,321.0,3719.0,316.0,5347.0,477.0,0.6909365936593659,0.6641654786661112,0.7177077086526206,0.1586938346405176,1.7776915415791317,0.4733523078659201,,all,all,,,,,24.0,168.0,0.8
BUN,low,0.2,NORMA_q_age_set_co,14.0,4436,396,0.0892555784736546,0.1036738664877413,0.202020202020202,0.9054455445544556,0.1717909008055257,1.9247077184787156,80.0,382.0,3658.0,316.0,5347.0,477.0,0.6859729722972296,0.6596028668082645,0.7123430777861948,0.1547604095855424,1.7336292346501674,0.4718496585158057,,all,all,,,,,24.0,168.0,0.8
CA,low,0.2,PopRI,14.0,1364,221,0.1612121212121212,0.1095161411594978,0.1990950226244343,0.9142607174103236,0.3007395251796605,1.865489535888872,44.0,98.0,1045.0,177.0,1651.0,267.0,0.6150085311734224,0.5741356454401371,0.6558814169067076,0.2398742397959422,1.480490783174956,0.5265336088794687,,all,all,,,,,24.0,168.0,0.8
CA,low,0.2,PerRI,14.0,1364,221,0.1612121212121212,0.1515135821672878,0.1945701357466063,0.8573928258967629,0.2013785789440675,1.2491528393147042,43.0,163.0,980.0,178.0,1651.0,267.0,0.5691302161890397,0.5277434016450969,0.6105170307329825,0.1897887260329686,1.1713657118052907,0.4816174686161826,,all,all,,,,,24.0,168.0,0.8
CA,low,0.2,Cohen_m2,14.0,1364,221,0.1612121212121212,0.146354659516562,0.2036199095022624,0.8661417322834646,0.2250412279363672,1.395932428928594,45.0,153.0,990.0,176.0,1651.0,267.0,0.5535524122833062,0.5107502983279829,0.5963545262386295,0.2008775630404902,1.239805411706917,0.4400414711435933,,all,all,,,,,24.0,168.0,0.8
CA,low,0.2,Cohen_m3,14.0,1364,221,0.1612121212121212,0.1661269317381412,0.1990950226244343,0.8486439195100612,0.1909606753569588,1.1845305050337671,44.0,173.0,970.0,177.0,1651.0,267.0,0.5747477266699128,0.5334282641621868,0.6160671891776388,0.2014914350965483,1.2435941967044883,0.4561066893659378,,all,all,,,,,24.0,168.0,0.8
CA,low,0.2,Cohen_m4,14.0,1364,221,0.1612121212121212,0.1345267505513399,0.1945701357466063,0.8748906386701663,0.2268068599183877,1.4068846573884952,43.0,143.0,1000.0,178.0,1651.0,267.0,0.5821189772092968,0.5404059867551825,0.6238319676634112,0.2099524340825587,1.2958150230253849,0.4752246699497442,,all,all,,,,,24.0,168.0,0.8
CA,low,0.2,Gaussian_mle,14.0,1364,221,0.1612121212121212,0.133001083398556,0.1900452488687782,0.8810148731408574,0.220294962317356,1.3664913076076597,42.0,136.0,1007.0,179.0,1651.0,267.0,0.595012727481463,0.5523181789332069,0.6377072760297192,0.2200087511199085,1.3578820657355444,0.4955061773906015,,all,all,,,,,24.0,168.0,0.8
CA,low,0.2,Gaussian_trunc,14.0,1364,221,0.1612121212121212,0.1735397251944332,0.1945701357466063,0.8320209973753281,0.1734908213655453,1.0761648693727437,43.0,192.0,951.0,178.0,1651.0,267.0,0.5358922894819144,0.4946172352527515,0.5771673437110773,0.1846993686820599,1.1399544745806778,0.4956632138243483,,all,all,,,,,24.0,168.0,0.8
CA,low,0.2,Gaussian_eb,14.0,1364,221,0.1612121212121212,0.1330513392410619,0.1945701357466063,0.8783902012248469,0.2293219297273878,1.422485654324022,43.0,139.0,1004.0,178.0,1651.0,267.0,0.5805117120540928,0.5375233132602697,0.6235001108479159,0.2159472338320925,1.3328146015700193,0.4876102706262579,,all,all,,,,,24.0,168.0,0.8
CA,low,0.2,NORMA_q_age_set,14.0,1364,221,0.1612121212121212,0.1054428059539123,0.2036199095022624,0.9177602799650044,0.3238528526911822,2.0088616802272576,45.0,94.0,1049.0,176.0,1651.0,267.0,0.5773446871177302,0.5335706013231221,0.6211187729123384,0.2196973217656149,1.355959940671035,0.4723368882449809,,all,all,,,,,24.0,168.0,0.8
CA,low,0.2,NORMA_334f7e21,14.0,1364,221,0.1612121212121212,0.111486665027709,0.2036199095022624,0.9098862642169728,0.3062963045441364,1.899958280067012,45.0,103.0,1040.0,176.0,1651.0,267.0,0.6008360945831996,0.558722628032209,0.6429495611341903,0.2297441644488305,1.4179685081819224,0.5218969912549623,,all,all,,,,,24.0,168.0,0.8
CA,low,0.2,NORMA_q_age,14.0,1364,221,0.1612121212121212,0.1059554173892107,0.2036199095022624,0.916010498687664,0.3222860552613376,1.9991428239895,45.0,96.0,1047.0,176.0,1651.0,267.0,0.595404646817338,0.5527849239360697,0.6380243696986062,0.2321081443010826,1.432558863469125,0.5100820363743235,,all,all,,,,,24.0,168.0,0.8
CA,low,0.2,NORMA_q_set,14.0,1364,221,0.1612121212121212,0.1181639545721994,0.2036199095022624,0.905511811023622,0.2889879035241032,1.792594138401392,45.0,108.0,1035.0,176.0,1651.0,267.0,0.5572499138965096,0.5127911537279,0.6017086740651192,0.2069581810677586,1.2773346560019134,0.4292646685286882,,all,all,,,,,24.0,168.0,0.8
CA,low,0.2,NORMA_q_co,14.0,1364,221,0.1612121212121212,0.1076893833815793,0.1990950226244343,0.9116360454943132,0.3058410333274308,1.8971342292866944,44.0,101.0,1042.0,177.0,1651.0,267.0,0.5976690696468371,0.55533484318071,0.6400032961129641,0.2329194757306346,1.437566356998125,0.5204177261356868,,all,all,,,,,24.0,168.0,0.8
CA,low,0.2,NORMA_q_age_set_co,14.0,1364,221,0.1612121212121212,0.1119020812567491,0.1990950226244343,0.9125109361329834,0.294327253987777,1.825714169473053,44.0,100.0,1043.0,177.0,1651.0,267.0,0.5840191921711144,0.5403720750018943,0.6276663093403345,0.2218279532826698,1.369110082703899,0.4820160522899347,,all,all,,,,,24.0,168.0,0.8
CL,high,0.2,PopRI,14.0,4402,207,0.047024952015355,0.0555683738025723,0.1980676328502415,0.9497020262216924,0.1675314456399222,3.562607476669367,41.0,211.0,3984.0,166.0,5228.0,246.0,0.7068421689036292,0.6710782983498378,0.7426060394574205,0.1132851433387323,2.409087927425603,0.5260988805162826,,all,all,,,,,24.0,168.0,0.8
CL,high,0.2,PerRI,14.0,4402,207,0.047024952015355,0.1112373313133477,0.2028985507246377,0.8908224076281287,0.0862782103020003,1.834732553769068,42.0,458.0,3737.0,165.0,5228.0,246.0,0.5988691391292832,0.558893200539233,0.6388450777193334,0.0646099947142833,1.3739767958080928,0.4575940698437236,,all,all,,,,,24.0,168.0,0.8
CL,high,0.2,Cohen_m2,14.0,4402,207,0.047024952015355,0.0630774420564061,0.1980676328502415,0.9399284862932062,0.1475876270740288,3.1384960696150617,41.0,252.0,3943.0,166.0,5228.0,246.0,0.6588185843510506,0.6192502485202004,0.6983869201819007,0.0945154421043663,2.0099370828184564,0.4605269682345352,,all,all,,,,,24.0,168.0,0.8
CL,high,0.2,Cohen_m3,14.0,4402,207,0.047024952015355,0.0688487474328724,0.1980676328502415,0.932300357568534,0.1352159674957231,2.875408941439664,41.0,284.0,3911.0,166.0,5228.0,246.0,0.639051550903134,0.5982043079876975,0.6798987938185705,0.0887847998347807,1.888070960737705,0.4544097203035798,,all,all,,,,,24.0,168.0,0.8
CL,high,0.2,Cohen_m4,14.0,4402,207,0.047024952015355,0.079547202880904,0.1980676328502415,0.9210965435041716,0.1170305134291446,2.488689693738136,41.0,331.0,3864.0,166.0,5228.0,246.0,0.6492350566869922,0.6094102604118012,0.6890598529621832,0.0923742232627353,1.9644025642635805,0.4821267832032893,,all,all,,,,,24.0,168.0,0.8
CL,high,0.2,Gaussian_mle,14.0,4402,207,0.047024952015355,0.0803467916304116,0.1980676328502415,0.9230035756853396,0.1158658585625572,2.463922951473155,41.0,323.0,3872.0,166.0,5228.0,246.0,0.6421654488607901,0.6016476788587778,0.6826832188628024,0.0817663578145623,1.7388188748777949,0.4428553859000071,,all,all,,,,,24.0,168.0,0.8
CL,high,0.2,Gaussian_trunc,14.0,4402,207,0.047024952015355,0.1289919690084936,0.1980676328502415,0.8746126340882002,0.0721707720764502,1.5347335612992077,41.0,526.0,3669.0,166.0,5228.0,246.0,0.523550580688996,0.4777717517244708,0.5693294096535211,0.0573596428249006,1.219792984131463,0.4227346602240188,,all,all,,,,,24.0,168.0,0.8
CL,high,0.2,Gaussian_eb,14.0,4402,207,0.047024952015355,0.0781110923361054,0.1980676328502415,0.9246722288438616,0.1191821765204197,2.534445468046478,41.0,316.0,3879.0,166.0,5228.0,246.0,0.6471829242311701,0.6069976485679591,0.687368199894381,0.083165681779653,1.7685764791982248,0.4448286538014852,,all,all,,,,,24.0,168.0,0.8
CL,high,0.2,NORMA_q_age_set,14.0,4402,207,0.047024952015355,0.0782834482951675,0.1980676328502415,0.9239570917759236,0.1189197742018628,2.528865402415124,41.0,319.0,3876.0,166.0,5228.0,246.0,0.6377824992946514,0.5967943420071418,0.678770656582161,0.0841696724625985,1.789927044349559,0.4498842315841614,,all,all,,,,,24.0,168.0,0.8
CL,high,0.2,NORMA_334f7e21,14.0,4402,207,0.047024952015355,0.0802562533494938,0.1980676328502415,0.9215733015494636,0.1159965685722262,2.466702539842036,41.0,329.0,3866.0,166.0,5228.0,246.0,0.6324425788694846,0.5907774626659313,0.6741076950730379,0.0835060675148248,1.7758150202911067,0.4467303702704767,,all,all,,,,,24.0,168.0,0.8
CL,high,0.2,NORMA_q_age,14.0,4402,207,0.047024952015355,0.0778466342308106,0.1980676328502415,0.9253873659117996,0.1195870584128603,2.5430554054326637,41.0,313.0,3882.0,166.0,5228.0,246.0,0.6401271354787446,0.5993968614780737,0.6808574094794154,0.0863681241435328,1.8366786593228583,0.4662930274846551,,all,all,,,,,24.0,168.0,0.8
CL,high,0.2,NORMA_q_set,14.0,4402,207,0.047024952015355,0.084990634562928,0.1980676328502415,0.9170441001191896,0.1095350098617243,2.329295515835036,41.0,348.0,3847.0,166.0,5228.0,246.0,0.6365929073603841,0.5955219486759273,0.6776638660448409,0.0874028425354376,1.858682670729452,0.4505974992061224,,all,all,,,,,24.0,168.0,0.8
CL,high,0.2,NORMA_q_co,14.0,4402,207,0.047024952015355,0.0746756792268447,0.1980676328502415,0.9284862932061978,0.1246650862956989,2.6510412228595577,41.0,300.0,3895.0,166.0,5228.0,246.0,0.6450421193852814,0.6050874945376008,0.6849967442329621,0.0867564432186043,1.844936536465199,0.4685556907304102,,all,all,,,,,24.0,168.0,0.8
CL,high,0.2,NORMA_q_age_set_co,14.0,4402,207,0.047024952015355,0.0823311197457572,0.1980676328502415,0.9196662693682957,0.1130732829063007,2.404537975272762,41.0,337.0,3858.0,166.0,5228.0,246.0,0.6376673403465133,0.5969767012672811,0.6783579794257455,0.0832294805294253,1.7699332043020783,0.4485513328451897,,all,all,,,,,24.0,168.0,0.8
CL,low,0.2,PopRI,14.0,4707,459,0.0973128598848368,0.0736215923559455,0.196078431372549,0.939030131826742,0.25914503219799,2.6630091079911797,90.0,259.0,3989.0,369.0,5228.0,510.0,0.6930894559120991,0.6679571180678019,0.7182217937563964,0.1915090023885268,1.963906044101952,0.5129067338479736,,all,all,,,,,24.0,168.0,0.8
CL,low,0.2,PerRI,14.0,4707,459,0.0973128598848368,0.1586919060647166,0.196078431372549,0.8481638418079096,0.1202245936460569,1.2354440491044512,90.0,645.0,3603.0,369.0,5228.0,510.0,0.5910663072510862,0.565162014928355,0.6169705995738174,0.1191619990218833,1.22199461742049,0.453582089082358,,all,all,,,,,24.0,168.0,0.8
CL,low,0.2,Cohen_m2,14.0,4707,459,0.0973128598848368,0.1179617557974157,0.1982570806100217,0.891713747645951,0.1633631881022364,1.6787420315831398,91.0,460.0,3788.0,368.0,5228.0,510.0,0.63661535968227,0.6111843260754164,0.6620463932891236,0.143349346490705,1.470033494404681,0.4691392976345202,,all,all,,,,,24.0,168.0,0.8
CL,low,0.2,Cohen_m3,14.0,4707,459,0.0973128598848368,0.1347361235140992,0.1982570806100217,0.873587570621469,0.1430248102632014,1.4697421330794462,91.0,537.0,3711.0,368.0,5228.0,510.0,0.6036273894366284,0.5770839025901396,0.6301708762831172,0.1308977008272932,1.342343088875968,0.4546552415812553,,all,all,,,,,24.0,168.0,0.8
CL,low,0.2,Cohen_m4,14.0,4707,459,0.0973128598848368,0.1371681405170734,0.1982570806100217,0.870291902071563,0.1404889534009881,1.443683327848418,91.0,551.0,3697.0,368.0,5228.0,510.0,0.6004450639849997,0.5737647238098927,0.6271254041601068,0.134222995240432,1.3764436570734506,0.4585500104457166,,all,all,,,,,24.0,168.0,0.8
CL,low,0.2,Gaussian_mle,14.0,4707,459,0.0973128598848368,0.1312661008004608,0.1982570806100217,0.8787664783427496,0.1468056747605902,1.5085948037528112,91.0,515.0,3733.0,368.0,5228.0,510.0,0.6384037188844988,0.6126648560845785,0.664142581684419,0.142162185926906,1.4578592792112133,0.4577382564385594,,all,all,,,,,24.0,168.0,0.8
CL,low,0.2,Gaussian_trunc,14.0,4707,459,0.0973128598848368,0.1939359905955481,0.1982570806100217,0.8076741996233522,0.0993658188045766,1.0210964812067933,91.0,817.0,3431.0,368.0,5228.0,510.0,0.5513449363842629,0.5250084306420479,0.5776814421264778,0.1051537992068725,1.0783419016704774,0.4469750896486178,,all,all,,,,,24.0,168.0,0.8
CL,low,0.2,Gaussian_eb,14.0,4707,459,0.0973128598848368,0.1265494752559055,0.1982570806100217,0.882532956685499,0.1522772691252549,1.56482164130686,91.0,499.0,3749.0,368.0,5228.0,510.0,0.642114807839855,0.6163058873519931,0.6679237283277168,0.1439078376943576,1.475760766944099,0.4585617109090994,,all,all,,,,,24.0,168.0,0.8
CL,low,0.2,NORMA_q_age_set,14.0,4707,459,0.0973128598848368,0.0905454452887533,0.196078431372549,0.9211393596986818,0.2107082234860749,2.1652659652119337,90.0,335.0,3913.0,369.0,5228.0,510.0,0.6503991113080512,0.6238097186353254,0.6769885039807769,0.1623871050088439,1.6652638415612826,0.4839131120541242,,all,all,,,,,24.0,168.0,0.8
CL,low,0.2,NORMA_334f7e21,14.0,4707,459,0.0973128598848368,0.0927669229004899,0.196078431372549,0.9187853107344632,0.2056624206670547,2.113414618689063,90.0,345.0,3903.0,369.0,5228.0,510.0,0.647054207747129,0.6205133975641863,0.6735950179300716,0.1599677709386016,1.6404538078605622,0.4864998255440941,,all,all,,,,,24.0,168.0,0.8
CL,low,0.2,NORMA_q_age,14.0,4707,459,0.0973128598848368,0.0909073486554694,0.196078431372549,0.9201977401129944,0.2098693912398128,2.1566460125432445,90.0,339.0,3909.0,369.0,5228.0,510.0,0.6488107693380764,0.6222183774844277,0.675403161191725,0.1605414053415702,1.6463363724243376,0.4849784775588324,,all,all,,,,,24.0,168.0,0.8
CL,low,0.2,NORMA_q_set,14.0,4707,459,0.0973128598848368,0.0924975367357255,0.196078431372549,0.9185499058380414,0.206261383760504,2.119569643771649,90.0,346.0,3902.0,369.0,5228.0,510.0,0.6481671241419774,0.6217213697516654,0.6746128785322895,0.1580636386281913,1.6209271176969426,0.484741180897922,,all,all,,,,,24.0,168.0,0.8
CL,low,0.2,NORMA_q_co,14.0,4707,459,0.0973128598848368,0.0913646266535592,0.196078431372549,0.9197269303201506,0.2088189994350024,2.1458520454760603,90.0,341.0,3907.0,369.0,5228.0,510.0,0.6520643829827389,0.625442941965926,0.6786858239995519,0.16700450170088,1.7126147919521617,0.4888836738959804,,all,all,,,,,24.0,168.0,0.8
CL,low,0.2,NORMA_q_age_set_co,14.0,4707,459,0.0973128598848368,0.0958961779739656,0.196078431372549,0.9140772128060264,0.1989513067635331,2.044450312106524,90.0,365.0,3883.0,369.0,5228.0,510.0,0.6463408129520902,0.6197332990784625,0.6729483268257179,0.1579947916058437,1.620221098232476,0.4803104173906777,,all,all,,,,,24.0,168.0,0.8
CO2,high,0.2,PopRI,11.0,384,64,0.167608286252354,0.0726046646385629,0.1875,0.94375,0.3782663926521545,2.2568478033516186,12.0,18.0,302.0,52.0,561.0,93.0,0.656103515625,0.5812271219701733,0.7309799092798267,0.2711686539849897,1.627011923909938,0.5560212553491506,,all,all,,,,,24.0,168.0,0.8
CO2,high,0.2,PerRI,11.0,384,64,0.167608286252354,0.1184436718335023,0.171875,0.8875,0.2119982877061377,1.2648437165388666,11.0,36.0,284.0,53.0,561.0,93.0,0.564501953125,0.4844080469211783,0.6445958593288216,0.2006480265823204,1.2038881594939228,0.4823259132267484,,all,all,,,,,24.0,168.0,0.8
CO2,high,0.2,Cohen_m2,11.0,384,64,0.167608286252354,0.1016084794050895,0.1875,0.909375,0.3212607106705129,1.9167352513038467,12.0,29.0,291.0,52.0,561.0,93.0,0.589501953125,0.511419353765776,0.667584552484224,0.2274165686024224,1.3644994116145348,0.4750021613175486,,all,all,,,,,24.0,168.0,0.8
CO2,high,0.2,Cohen_m3,11.0,384,64,0.167608286252354,0.1364411608479405,0.1875,0.865625,0.2392446099180339,1.427403234454787,12.0,43.0,277.0,52.0,561.0,93.0,0.595751953125,0.5202197602321355,0.6712841460178645,0.2330776894367923,1.3984661366207545,0.4660916278997919,,all,all,,,,,24.0,168.0,0.8
CO2,high,0.2,Cohen_m4,11.0,384,64,0.167608286252354,0.1056622724419334,0.203125,0.9125,0.3312143536121673,1.97612159289956,13.0,28.0,292.0,51.0,561.0,93.0,0.622021484375,0.5478504642449269,0.6961925045050732,0.2318212175567462,1.3909273053404776,0.5308152614273738,,all,all,,,,,24.0,168.0,0.8
CO2,high,0.2,Gaussian_mle,11.0,384,64,0.167608286252354,0.1247650779854169,0.203125,0.8875,0.2805020590147692,1.6735572285038478,13.0,36.0,284.0,51.0,561.0,93.0,0.59462890625,0.5165390477672105,0.6727187647327895,0.2349860391455,1.4099162348730003,0.4640134910205642,,all,all,,,,,24.0,168.0,0.8
CO2,high,0.2,Gaussian_trunc,11.0,384,64,0.167608286252354,0.1485334878555217,0.1875,0.846875,0.1849004219793367,1.1031699333823348,12.0,49.0,271.0,52.0,561.0,93.0,0.52861328125,0.4496233252824727,0.6076032372175272,0.1884404255907139,1.1306425535442837,0.4574416435282504,,all,all,,,,,24.0,168.0,0.8
CO2,high,0.2,Gaussian_eb,11.0,384,64,0.167608286252354,0.1263672799266019,0.203125,0.884375,0.2769455929444313,1.652338312960596,13.0,37.0,283.0,51.0,561.0,93.0,0.594873046875,0.5164038434214188,0.6733422503285812,0.2291095601099115,1.3746573606594694,0.4559189158583739,,all,all,,,,,24.0,168.0,0.8
CO2,high,0.2,NORMA_q_age_set,11.0,384,64,0.167608286252354,0.1116842918537834,0.1875,0.89375,0.2459066008898035,1.4671506187919738,12.0,34.0,286.0,52.0,561.0,93.0,0.600634765625,0.5195013869293928,0.6817681443206071,0.2388616782910166,1.4331700697461,0.428512457413962,,all,all,,,,,24.0,168.0,0.8
CO2,high,0.2,NORMA_334f7e21,11.0,384,64,0.167608286252354,0.112072045970351,0.1875,0.89375,0.2450557973200051,1.4620744761451994,12.0,34.0,286.0,52.0,561.0,93.0,0.605908203125,0.5269418313754224,0.6848745748745777,0.235137607419585,1.4108256445175105,0.4462074490871845,,all,all,,,,,24.0,168.0,0.8
CO2,high,0.2,NORMA_q_age,11.0,384,64,0.167608286252354,0.1067265440146796,0.203125,0.90625,0.304384218622749,1.816045169535728,13.0,30.0,290.0,51.0,561.0,93.0,0.609912109375,0.5302609297136599,0.68956328903634,0.233058446928884,1.398350681573304,0.4580741168731697,,all,all,,,,,24.0,168.0,0.8
CO2,high,0.2,NORMA_q_set,11.0,384,64,0.167608286252354,0.1050881259355835,0.1875,0.903125,0.261341653379406,1.5592406510614,12.0,31.0,289.0,52.0,561.0,93.0,0.60498046875,0.5247722709049715,0.6851886665950285,0.2298456783070097,1.3790740698420585,0.4555970108619565,,all,all,,,,,24.0,168.0,0.8
CO2,high,0.2,NORMA_q_co,11.0,384,64,0.167608286252354,0.0924245497126853,0.1875,0.91875,0.2971494550736147,1.772880456675162,12.0,26.0,294.0,52.0,561.0,93.0,0.603564453125,0.5239971281792255,0.6831317780707744,0.2367814791159291,1.420688874695575,0.4528350455850056,,all,all,,,,,24.0,168.0,0.8
CO2,high,0.2,NORMA_q_age_set_co,11.0,384,64,0.167608286252354,0.1108696701917041,0.1875,0.896875,0.2477134146341463,1.4779305974239518,12.0,33.0,287.0,52.0,561.0,93.0,0.60341796875,0.5231724441264197,0.6836634933735802,0.2346757835112696,1.4080547010676177,0.4461979164502241,,all,all,,,,,24.0,168.0,0.8
CO2,low,0.2,PopRI,7.0,301,17,0.0579064587973273,0.0696251987452687,0.1764705882352941,0.9295774647887324,0.1407472401127971,2.4305965696402283,3.0,20.0,264.0,14.0,561.0,32.0,0.6586578293289147,0.5359491849197496,0.7813664737380798,0.0959233261930791,1.698407128477461,0.6416163791992826,,all,all,,,,,24.0,168.0,0.8
CO2,low,0.2,PerRI,7.0,301,17,0.0579064587973273,0.2112780026887919,0.2352941176470588,0.7887323943661971,0.0674651282609248,1.1650708688136628,4.0,60.0,224.0,13.0,561.0,32.0,0.5312758906379453,0.409011987877516,0.6535397933983746,0.0607761119039447,1.0760946872404342,0.4615990126307001,,all,all,,,,,24.0,168.0,0.8
CO2,low,0.2,Cohen_m2,7.0,301,17,0.0579064587973273,0.1463210583242657,0.1764705882352941,0.8626760563380281,0.066972961226022,1.1565715227109197,3.0,39.0,245.0,14.0,561.0,32.0,0.5801574150787074,0.4541262613079382,0.7061885688494767,0.0729684832857201,1.291971380529516,0.5138001521936674,,all,all,,,,,24.0,168.0,0.8
CO2,low,0.2,Cohen_m3,7.0,301,17,0.0579064587973273,0.0994951161075109,0.1764705882352941,0.9049295774647887,0.0984928200406591,1.70089523839446,3.0,27.0,257.0,14.0,561.0,32.0,0.6333885666942833,0.5114416041316674,0.7553355292568993,0.0977510884692173,1.7307692723079076,0.5872750806059575,,all,all,,,,,24.0,168.0,0.8
CO2,low,0.2,Cohen_m4,7.0,301,17,0.0579064587973273,0.1031744476088076,0.1764705882352941,0.897887323943662,0.0949804413090456,1.640239159529289,3.0,29.0,255.0,14.0,561.0,32.0,0.6209610604805302,0.4985881052489891,0.7433340157120712,0.0838022854028211,1.4837934062499512,0.5448544454808272,,all,all,,,,,24.0,168.0,0.8
CO2,low,0.2,Gaussian_mle,7.0,301,17,0.0579064587973273,0.1216451958878234,0.1176470588235294,0.8873239436619719,0.04394100023663,0.7588272733171886,2.0,32.0,252.0,15.0,561.0,32.0,0.5834714167357085,0.4609655360855685,0.7059772973858484,0.0714099390248793,1.2643759792052167,0.511568865916692,,all,all,,,,,24.0,168.0,0.8
CO2,low,0.2,Gaussian_trunc,7.0,301,17,0.0579064587973273,0.1792723673895945,0.1176470588235294,0.8169014084507042,0.0298161487970733,0.5149019542263829,2.0,52.0,232.0,15.0,561.0,32.0,0.5565451532725767,0.4464179820702981,0.6666723244748554,0.063525303149764,1.1247715440046462,0.5336025065575545,,all,all,,,,,24.0,168.0,0.8
CO2,low,0.2,Gaussian_eb,7.0,301,17,0.0579064587973273,0.1257807907068647,0.1176470588235294,0.8802816901408451,0.042496247250893,0.7338775006019614,2.0,34.0,250.0,15.0,561.0,32.0,0.5795360397680199,0.458968820264934,0.7001032592711058,0.0697348830039658,1.2347176343643358,0.5035742322035616,,all,all,,,,,24.0,168.0,0.8
CO2,low,0.2,NORMA_q_age_set,7.0,301,17,0.0579064587973273,0.0707443090131448,0.1176470588235294,0.9190140845070424,0.0755567713623236,1.304807320833974,2.0,23.0,261.0,15.0,561.0,32.0,0.6176470588235294,0.4936048663637996,0.7416892512832592,0.0837658378124012,1.4831480695019272,0.5374237528622201,,all,all,,,,,24.0,168.0,0.8
CO2,low,0.2,NORMA_334f7e21,7.0,301,17,0.0579064587973273,0.084105663868867,0.1764705882352941,0.9190140845070424,0.1429954357967837,2.4694211797213814,3.0,23.0,261.0,14.0,561.0,32.0,0.6209610604805302,0.4930288835641049,0.7488932373969556,0.0869592808914129,1.5396907969597238,0.5235383996990483,,all,all,,,,,24.0,168.0,0.8
CO2,low,0.2,NORMA_q_age,7.0,301,17,0.0579064587973273,0.0894486656414493,0.1764705882352941,0.908450704225352,0.1344539459774057,2.321916220917507,3.0,26.0,258.0,14.0,561.0,32.0,0.6232394366197183,0.4983026395910813,0.7481762336483552,0.085139563937751,1.5074711026625325,0.542632950444299,,all,all,,,,,24.0,168.0,0.8
CO2,low,0.2,NORMA_q_set,7.0,301,17,0.0579064587973273,0.0564343148471355,0.1764705882352941,0.9471830985915493,0.2131101633905441,3.680248590859781,3.0,15.0,269.0,14.0,561.0,32.0,0.62013256006628,0.4906814719731697,0.7495836481593904,0.0960980075619791,1.7015000162444534,0.5353454332452121,,all,all,,,,,24.0,168.0,0.8
CO2,low,0.2,NORMA_q_co,7.0,301,17,0.0579064587973273,0.0793166927084491,0.1176470588235294,0.926056338028169,0.0673907521704112,1.1637864509428704,2.0,21.0,263.0,15.0,561.0,32.0,0.6172328086164043,0.4904846509471954,0.7439809662856132,0.0862658972062382,1.5274138270045718,0.5345258033541012,,all,all,,,,,24.0,168.0,0.8
CO2,low,0.2,NORMA_q_age_set_co,7.0,301,17,0.0579064587973273,0.0979643213469386,0.1764705882352941,0.9049295774647887,0.1227663897687205,2.1200811156213657,3.0,27.0,257.0,14.0,561.0,32.0,0.6012841756420878,0.4716463718994609,0.7309219793847147,0.0795478149003982,1.4084642520599926,0.5165674659410842,,all,all,,,,,24.0,168.0,0.8
CRE,high,0.2,PopRI,11.0,4366,59,0.0149586250795671,0.021363696256444,0.2203389830508474,0.9798003250522406,0.1727298391531248,11.547173502534427,13.0,87.0,4220.0,46.0,6955.0,94.0,0.8528725409561888,0.8013823909646655,0.9043626909477122,0.1257967251255171,9.308957659288264,0.5714102448378683,,all,all,,,,,24.0,168.0,0.8
CRE,high,0.2,PerRI,11.0,4366,59,0.0149586250795671,0.0665867846343592,0.1694915254237288,0.9335964708613884,0.0339097171650005,2.266900666647483,10.0,286.0,4021.0,49.0,6955.0,94.0,0.699354224301787,0.6328709982704674,0.7658374503331065,0.0297234809851117,2.199537592898269,0.4346410521160893,,all,all,,,,,24.0,168.0,0.8
CRE,high,0.2,Cohen_m2,11.0,4366,59,0.0149586250795671,0.0353574151743889,0.1694915254237288,0.9693522173206408,0.0638604101216499,4.269136353238811,10.0,132.0,4175.0,49.0,6955.0,94.0,0.7189557401628409,0.6442226343991179,0.793688845926564,0.0409337418648682,3.0290968980002533,0.4126955373500112,,all,all,,,,,24.0,168.0,0.8
CRE,high,0.2,Cohen_m3,11.0,4366,59,0.0149586250795671,0.0395127825784505,0.2033898305084746,0.9633155328534944,0.0692267611504793,4.62788262840013,12.0,158.0,4149.0,47.0,6955.0,94.0,0.7128324800384082,0.6375260216611222,0.7881389384156942,0.0414410346290985,3.066636562553291,0.3344809114587185,,all,all,,,,,24.0,168.0,0.8
CRE,high,0.2,Cohen_m4,11.0,4366,59,0.0149586250795671,0.0197816420529246,0.1864406779661017,0.9835152078012538,0.1624104248487056,10.85730967818368,11.0,71.0,4236.0,48.0,6955.0,94.0,0.7574268140551644,0.6837277077533207,0.8311259203570082,0.0601450350764161,4.450732595654792,0.3182804167251835,,all,all,,,,,24.0,168.0,0.8
CRE,high,0.2,Gaussian_mle,11.0,4366,59,0.0149586250795671,0.0526012767561209,0.1694915254237288,0.950313443231948,0.0429255556732314,2.8696190622402806,10.0,214.0,4093.0,49.0,6955.0,94.0,0.7252246048018007,0.6589978046088643,0.7914514049947372,0.0341527908563905,2.5273065233729,0.4187503921739304,,all,all,,,,,24.0,168.0,0.8
CRE,high,0.2,Gaussian_trunc,11.0,4366,59,0.0149586250795671,0.1580617513784373,0.1694915254237288,0.834687717668911,0.0142851702843142,0.954978830496074,10.0,712.0,3595.0,49.0,6955.0,94.0,0.6062893279761367,0.5452610095815222,0.6673176463707511,0.0196426571020207,1.4535566255495374,0.4034064526513297,,all,all,,,,,24.0,168.0,0.8
CRE,high,0.2,Gaussian_eb,11.0,4366,59,0.0149586250795671,0.1191822361543462,0.1694915254237288,0.8799628511725098,0.0189452648879132,1.2665111122941184,10.0,517.0,3790.0,49.0,6955.0,94.0,0.6575499876039399,0.5949318449319005,0.7201681302759793,0.0240145304658536,1.7770752544731687,0.386088455113322,,all,all,,,,,24.0,168.0,0.8
CRE,high,0.2,NORMA_q_age_set,11.0,4366,59,0.0149586250795671,0.072380908436492,0.2033898305084746,0.9317390294868818,0.0377909316287352,2.5263639824997046,12.0,294.0,4013.0,47.0,6955.0,94.0,0.7148355259274417,0.6506774173229892,0.7789936345318942,0.0319985242008417,2.3678907908622864,0.4328576822840522,,all,all,,,,,24.0,168.0,0.8
CRE,high,0.2,NORMA_334f7e21,11.0,4366,59,0.0149586250795671,0.0659891226734176,0.2033898305084746,0.9391687949849082,0.039039883365958,2.6098577348051086,12.0,262.0,4045.0,47.0,6955.0,94.0,0.7089956043177642,0.6419439794034408,0.7760472292320876,0.0327736289378265,2.4252485413991627,0.389663135579104,,all,all,,,,,24.0,168.0,0.8
CRE,high,0.2,NORMA_q_age,11.0,4366,59,0.0149586250795671,0.0598041388484392,0.2033898305084746,0.9449732992802414,0.0457383387608231,3.057656603968221,12.0,237.0,4070.0,47.0,6955.0,94.0,0.715441555528446,0.6497221732529334,0.7811609378039587,0.0327709893166254,2.425053209430285,0.4029309884736523,,all,all,,,,,24.0,168.0,0.8
CRE,high,0.2,NORMA_q_set,11.0,4366,59,0.0149586250795671,0.0606748965990309,0.1864406779661017,0.9445089389366148,0.0398364641510345,2.6631100077138408,11.0,239.0,4068.0,48.0,6955.0,94.0,0.7132968403820348,0.6457391441181851,0.7808545366458844,0.0351514330855589,2.601206048331362,0.3811261073196619,,all,all,,,,,24.0,168.0,0.8
CRE,high,0.2,NORMA_q_co,11.0,4366,59,0.0149586250795671,0.0672364861788097,0.2033898305084746,0.9335964708613884,0.0406824050066329,2.7196620538476743,12.0,286.0,4021.0,47.0,6955.0,94.0,0.7037105539661489,0.6337790339131983,0.7736420740190995,0.0332979803384019,2.4640505450417467,0.3788161944167794,,all,all,,,,,24.0,168.0,0.8
CRE,high,0.2,NORMA_q_age_set_co,11.0,4366,59,0.0149586250795671,0.0660458248679693,0.2033898305084746,0.9384722544694684,0.0414158195074007,2.768691593452193,12.0,265.0,4042.0,47.0,6955.0,94.0,0.6929712372054951,0.6218726560180743,0.764069818392916,0.0308690469517549,2.2843094744298686,0.3797373024181643,,all,all,,,,,24.0,168.0,0.8
CRE,low,0.2,PopRI,14.0,6014,395,0.0658881199538639,0.059391503377565,0.2,0.9507029720590852,0.2231984817538082,3.387537569900249,79.0,277.0,5342.0,316.0,6955.0,457.0,0.773631958477228,0.7518573145865106,0.7954066023679454,0.1749106562522339,2.66307009291376,0.5745374034013562,,all,all,,,,,24.0,168.0,0.8
CRE,low,0.2,PerRI,14.0,6014,395,0.0658881199538639,0.1854919665267554,0.2025316455696202,0.8172272646378359,0.0722417738678808,1.096430948681885,80.0,1027.0,4592.0,315.0,6955.0,457.0,0.5901203196208163,0.5651766949584268,0.6150639442832059,0.0765750227562327,1.165878954065781,0.4048185617201766,,all,all,,,,,24.0,168.0,0.8
CRE,low,0.2,Cohen_m2,14.0,6014,395,0.0658881199538639,0.1691567278640757,0.2050632911392405,0.8352019932372309,0.0800703831786318,1.2152476536695629,81.0,926.0,4693.0,314.0,6955.0,457.0,0.6121414459530391,0.5872008299654189,0.6370820619406593,0.0837938137485296,1.2757873313510315,0.4191285243114246,,all,all,,,,,24.0,168.0,0.8
CRE,low,0.2,Cohen_m3,14.0,6014,395,0.0658881199538639,0.1455366830936254,0.2075949367088607,0.8610072966720057,0.0940561447707293,1.4275129543321192,82.0,781.0,4838.0,313.0,6955.0,457.0,0.6315300033115492,0.6061915357293167,0.6568684708937816,0.0914195171841158,1.3918910793551205,0.4353873649748601,,all,all,,,,,24.0,168.0,0.8
CRE,low,0.2,Cohen_m4,14.0,6014,395,0.0658881199538639,0.1014619063346846,0.2050632911392405,0.9051432639259654,0.1334928990259858,2.0260541523943933,81.0,533.0,5086.0,314.0,6955.0,457.0,0.6744400215363335,0.6484090302460531,0.700471012826614,0.1167615272766495,1.7777312026373933,0.4440958944620098,,all,all,,,,,24.0,168.0,0.8
CRE,low,0.2,Gaussian_mle,14.0,6014,395,0.0658881199538639,0.1631420662949718,0.2025316455696202,0.8391172806549207,0.0821386476490116,1.246638205893971,80.0,904.0,4715.0,315.0,6955.0,457.0,0.6235912962574989,0.5989802982722728,0.6482022942427249,0.0840422397067539,1.2795696951808055,0.4111495838757616,,all,all,,,,,24.0,168.0,0.8
CRE,low,0.2,Gaussian_trunc,14.0,6014,395,0.0658881199538639,0.1990907361707295,0.2025316455696202,0.800320341697811,0.0673073441681537,1.0215399106133791,80.0,1122.0,4497.0,315.0,6955.0,457.0,0.4959984320828292,0.4662096730496245,0.5257871911160339,0.0640128121155227,0.9746153216778584,0.3955927419066971,,all,all,,,,,24.0,168.0,0.8
CRE,low,0.2,Gaussian_eb,14.0,6014,395,0.0658881199538639,0.186577504208257,0.2025316455696202,0.813667912439936,0.0718214597038293,1.09005173852464,80.0,1047.0,4572.0,315.0,6955.0,457.0,0.5537694215602127,0.5250038710717938,0.5825349720486316,0.0727636805005706,1.1078500621023586,0.4111716273064057,,all,all,,,,,24.0,168.0,0.8
CRE,low,0.2,NORMA_q_age_set,14.0,6014,395,0.0658881199538639,0.1121971754738557,0.2025316455696202,0.8953550453817405,0.1194349915097187,1.8126938755173072,80.0,588.0,5031.0,315.0,6955.0,457.0,0.652536939542826,0.6270409305645281,0.6780329485211238,0.097551233513793,1.4852484008910158,0.4581904320590899,,all,all,,,,,24.0,168.0,0.8
CRE,low,0.2,NORMA_334f7e21,14.0,6014,395,0.0658881199538639,0.1060962694269444,0.2,0.8992703327994305,0.1249440103271165,1.896305592185734,79.0,566.0,5053.0,316.0,6955.0,457.0,0.6578264072394521,0.6324804800528327,0.6831723344260714,0.0998346616363377,1.5200143166605955,0.4715930892809936,,all,all,,,,,24.0,168.0,0.8
CRE,low,0.2,NORMA_q_age,14.0,6014,395,0.0658881199538639,0.1127447191014219,0.2025316455696202,0.8926855312333155,0.1188549566395201,1.80389054540856,80.0,603.0,5016.0,315.0,6955.0,457.0,0.6594605553941081,0.6342442983532353,0.6846768124349809,0.0997315734226323,1.5184447659840783,0.4683185095475277,,all,all,,,,,24.0,168.0,0.8
CRE,low,0.2,NORMA_q_set,14.0,6014,395,0.0658881199538639,0.1078366313833743,0.2050632911392405,0.8989143975796405,0.1256015126174303,1.906284664145508,81.0,568.0,5051.0,314.0,6955.0,457.0,0.6543224728036205,0.628666855115658,0.6799780904915831,0.0995824326732646,1.5161740508785146,0.4635519244300897,,all,all,,,,,24.0,168.0,0.8
CRE,low,0.2,NORMA_q_co,14.0,6014,395,0.0658881199538639,0.1164865496800059,0.2,0.8893041466453105,0.1137993478162397,1.7271603423488815,79.0,622.0,4997.0,316.0,6955.0,457.0,0.6483792557349499,0.6228645700507014,0.6738939414191985,0.096346405456648,1.4669045124462818,0.4529772263319659,,all,all,,,,,24.0,168.0,0.8
CRE,low,0.2,NORMA_q_age_set_co,14.0,6014,395,0.0658881199538639,0.1168673845438072,0.2,0.8893041466453105,0.1134285107405625,1.721532057979304,79.0,622.0,4997.0,316.0,6955.0,457.0,0.6408460445009135,0.6150920137303133,0.6666000752715138,0.0953609128986203,1.4519000763855758,0.4627124789000144,,all,all,,,,,24.0,168.0,0.8
GLU,high,0.2,PopRI,13.0,152,46,0.3004291845493562,0.2202415014646774,0.2391304347826087,0.7452830188679245,0.2835358073571147,0.9437691873458246,11.0,27.0,79.0,35.0,237.0,71.0,0.4958982772764561,0.3922684085437863,0.5995281460091257,0.3541275634728189,1.1701606445188797,0.462087912087912,,all,all,,,,,24.0,168.0,0.8
GLU,high,0.2,PerRI,13.0,152,46,0.3004291845493562,0.1978472648000545,0.1956521739130435,0.8113207547169812,0.2812822808346532,0.9362681633496314,9.0,20.0,86.0,37.0,237.0,71.0,0.4665709598031173,0.3648743925442732,0.5682675270619615,0.2875022455463684,0.9500074200662608,0.4961538461538462,,all,all,,,,,24.0,168.0,0.8
GLU,high,0.2,Cohen_m2,13.0,152,46,0.3004291845493562,0.1879368485591661,0.217391304347826,0.839622641509434,0.4597776146589457,1.5304026316504906,10.0,17.0,89.0,36.0,237.0,71.0,0.5188679245283019,0.4161380193050317,0.6215978297515721,0.3370968993685568,1.1138854066091444,0.5401098901098901,,all,all,,,,,24.0,168.0,0.8
GLU,high,0.2,Cohen_m3,13.0,152,46,0.3004291845493562,0.2349359629402548,0.2391304347826087,0.7735849056603774,0.3023378882888107,1.0063532567327558,11.0,24.0,82.0,35.0,237.0,71.0,0.4827727645611157,0.3814388002422533,0.5841067288799782,0.313474812124106,1.0358298139753068,0.4741758241758241,,all,all,,,,,24.0,168.0,0.8
GLU,high,0.2,Cohen_m4,13.0,152,46,0.3004291845493562,0.3186678247837046,0.2608695652173913,0.6509433962264151,0.2363648996039741,0.7867574515389424,12.0,37.0,69.0,34.0,237.0,71.0,0.4058654634946677,0.3081443355847372,0.5035865914045983,0.2897593610724713,0.957465714848166,0.3972527472527472,,all,all,,,,,24.0,168.0,0.8
GLU,high,0.2,Gaussian_mle,13.0,152,46,0.3004291845493562,0.195749029225424,0.217391304347826,0.7924528301886793,0.3409375652537064,1.134835038630194,10.0,22.0,84.0,36.0,237.0,71.0,0.490566037735849,0.3891731287890793,0.5919589466826188,0.3057894057976167,1.0104345582877772,0.4961538461538462,,all,all,,,,,24.0,168.0,0.8
GLU,high,0.2,Gaussian_trunc,13.0,152,46,0.3004291845493562,0.1730039512228353,0.1956521739130435,0.8207547169811321,0.3485494334570441,1.1601716856498752,9.0,19.0,87.0,37.0,237.0,71.0,0.5041017227235439,0.403843558290879,0.6043598871562088,0.3093377320206695,1.0221594623291688,0.5164835164835164,,all,all,,,,,24.0,168.0,0.8
GLU,high,0.2,Gaussian_eb,13.0,152,46,0.3004291845493562,0.1902309421622726,0.1956521739130435,0.7924528301886793,0.3169853889127632,1.055108508809626,9.0,22.0,84.0,37.0,237.0,71.0,0.4885151763740771,0.3876647812747862,0.5893655714733679,0.3017975488808729,0.9972440745628844,0.4978021978021977,,all,all,,,,,24.0,168.0,0.8
GLU,high,0.2,NORMA_q_age_set,13.0,152,46,0.3004291845493562,0.1173070372641188,0.1956521739130435,0.8962264150943396,0.4926972327884085,1.6399779319957024,9.0,11.0,95.0,37.0,237.0,71.0,0.5180475799835932,0.413997304778507,0.6220978551886794,0.3468271038387402,1.1460373865975766,0.5027472527472527,,all,all,,,,,24.0,168.0,0.8
GLU,high,0.2,NORMA_334f7e21,13.0,152,46,0.3004291845493562,0.1334474419238367,0.1956521739130435,0.8679245283018868,0.4036245293854891,1.343493076383128,9.0,14.0,92.0,37.0,237.0,71.0,0.5079983593109105,0.4051606828743209,0.6108360357475001,0.3319892639980817,1.09700800277627,0.4923076923076923,,all,all,,,,,24.0,168.0,0.8
GLU,high,0.2,NORMA_q_age,13.0,152,46,0.3004291845493562,0.1189164793242046,0.1956521739130435,0.8867924528301887,0.4529453045558053,1.5076607994500375,9.0,12.0,94.0,37.0,237.0,71.0,0.5038966365873667,0.399045982782543,0.6087472903921904,0.3371291139388183,1.1139918547543564,0.4769230769230769,,all,all,,,,,24.0,168.0,0.8
GLU,high,0.2,NORMA_q_set,13.0,152,46,0.3004291845493562,0.1335087540023162,0.1956521739130435,0.8584905660377359,0.4034391703129185,1.342876095470143,9.0,15.0,91.0,37.0,237.0,71.0,0.4985643970467596,0.3931278383802228,0.6040009557132964,0.3299490759900542,1.0902665119671355,0.4692307692307693,,all,all,,,,,24.0,168.0,0.8
GLU,high,0.2,NORMA_q_co,13.0,152,46,0.3004291845493562,0.1561686763403501,0.217391304347826,0.8490566037735849,0.3998647705461525,1.330978450532193,10.0,16.0,90.0,36.0,237.0,71.0,0.5069729286300246,0.401797637751127,0.6121482195089223,0.3382157199758072,1.1175823790504935,0.4884615384615384,,all,all,,,,,24.0,168.0,0.8
GLU,high,0.2,NORMA_q_age_set_co,13.0,152,46,0.3004291845493562,0.137775052796512,0.1956521739130435,0.8584905660377359,0.3909464003164556,1.3012930181962024,9.0,15.0,91.0,37.0,237.0,71.0,0.4983593109105824,0.3957397843263277,0.600978837494837,0.3218527314959953,1.063513373638941,0.4824175824175824,,all,all,,,,,24.0,168.0,0.8
HCT,low,0.2,PopRI,14.0,816,204,0.25,0.1423019854746262,0.2107843137254902,0.880718954248366,0.3631831950740803,1.4527327802963217,43.0,73.0,539.0,161.0,1049.0,262.0,0.674620338331411,0.6337430560074011,0.7154976206554209,0.3552742764092493,1.4210971056369974,0.5194680810093644,,all,all,,,,,24.0,168.0,0.8
HCT,low,0.2,PerRI,14.0,816,204,0.25,0.200906062505797,0.2156862745098039,0.8120915032679739,0.2786156982107794,1.1144627928431177,44.0,115.0,497.0,160.0,1049.0,262.0,0.5299564270152505,0.4850296726658547,0.5748831813646462,0.2833034349011198,1.1332137396044797,0.4184930564388029,,all,all,,,,,24.0,168.0,0.8
HCT,low,0.2,Cohen_m2,14.0,816,204,0.25,0.1489168429510281,0.2156862745098039,0.8660130718954249,0.3566620565374878,1.4266482261499511,44.0,82.0,530.0,160.0,1049.0,262.0,0.5649990388312187,0.5205862913604848,0.6094117863019526,0.3005888752673322,1.202355501069329,0.4454377514586685,,all,all,,,,,24.0,168.0,0.8
HCT,low,0.2,Cohen_m3,14.0,816,204,0.25,0.1696032127841509,0.2058823529411764,0.8333333333333334,0.2972197536326832,1.1888790145307329,42.0,102.0,510.0,162.0,1049.0,262.0,0.5498205818275023,0.5047274685204751,0.5949136951345294,0.2844587929801186,1.1378351719204745,0.4052153971277127,,all,all,,,,,24.0,168.0,0.8
HCT,low,0.2,Cohen_m4,14.0,816,204,0.25,0.1554947633261053,0.2058823529411764,0.8496732026143791,0.324187284772399,1.2967491390895962,42.0,92.0,520.0,162.0,1049.0,262.0,0.5413222478533898,0.4960563613561289,0.5865881343506506,0.2822625106615937,1.1290500426463748,0.3983621254632058,,all,all,,,,,24.0,168.0,0.8
HCT,low,0.2,Gaussian_mle,14.0,816,204,0.25,0.1849732441819509,0.2205882352941176,0.8251633986928104,0.2940168581220884,1.1760674324883535,45.0,107.0,505.0,159.0,1049.0,262.0,0.5840782391387928,0.5406361756057537,0.6275203026718318,0.2965410572554978,1.1861642290219914,0.4396581559536713,,all,all,,,,,24.0,168.0,0.8
HCT,low,0.2,Gaussian_trunc,14.0,816,204,0.25,0.1966729230253956,0.2205882352941176,0.8104575163398693,0.276526383268349,1.1061055330733962,45.0,116.0,496.0,159.0,1049.0,262.0,0.4743127643214148,0.4258173012958958,0.5228082273469338,0.2583334362073222,1.033333744829289,0.4196689078635953,,all,all,,,,,24.0,168.0,0.8
HCT,low,0.2,Gaussian_eb,14.0,816,204,0.25,0.1821909019815314,0.2205882352941176,0.8284313725490197,0.2985069589069823,1.1940278356279297,45.0,105.0,507.0,159.0,1049.0,262.0,0.569820902217096,0.5256571320446556,0.6139846723895365,0.2897935759318596,1.1591743037274385,0.4292384614447312,,all,all,,,,,24.0,168.0,0.8
HCT,low,0.2,NORMA_q_age_set,14.0,816,204,0.25,0.161675824380493,0.2156862745098039,0.8545751633986928,0.3275316800394342,1.310126720157737,44.0,89.0,523.0,160.0,1049.0,262.0,0.5848551839036268,0.5402092632058009,0.6295011046014527,0.3009237869909097,1.2036951479636389,0.438409171335082,,all,all,,,,,24.0,168.0,0.8
HCT,low,0.2,NORMA_334f7e21,14.0,816,204,0.25,0.1732142717456358,0.2156862745098039,0.8415032679738562,0.3057135757200537,1.2228543028802148,44.0,97.0,515.0,160.0,1049.0,262.0,0.5826685249263104,0.538202583896123,0.6271344659564978,0.3019549410958746,1.2078197643834985,0.4372754280190336,,all,all,,,,,24.0,168.0,0.8
HCT,low,0.2,NORMA_q_age,14.0,816,204,0.25,0.1685648199366531,0.2156862745098039,0.8447712418300654,0.3141459433884458,1.2565837735537837,44.0,95.0,517.0,160.0,1049.0,262.0,0.5767012687427913,0.5317786050233323,0.6216239324622502,0.2983638326787487,1.1934553307149949,0.4310113133814638,,all,all,,,,,24.0,168.0,0.8
HCT,low,0.2,NORMA_q_set,14.0,816,204,0.25,0.1652714612873369,0.2156862745098039,0.8513071895424836,0.3204059186542736,1.2816236746170944,44.0,91.0,521.0,160.0,1049.0,262.0,0.5768294245802896,0.5323150710394863,0.621343778121093,0.2982835371772321,1.1931341487089286,0.4188734672344743,,all,all,,,,,24.0,168.0,0.8
HCT,low,0.2,NORMA_q_co,14.0,816,204,0.25,0.1607384847372677,0.2205882352941176,0.8562091503267973,0.3383461787631102,1.353384715052441,45.0,88.0,524.0,159.0,1049.0,262.0,0.5843826092528515,0.5397500268497244,0.6290151916559785,0.3040399561424245,1.216159824569698,0.4415807923318205,,all,all,,,,,24.0,168.0,0.8
HCT,low,0.2,NORMA_q_age_set_co,14.0,816,204,0.25,0.1637112795011899,0.2156862745098039,0.8513071895424836,0.3234594130743357,1.2938376522973427,44.0,91.0,521.0,160.0,1049.0,262.0,0.5761085479943611,0.532009333849739,0.6202077621389831,0.2920678637694013,1.1682714550776052,0.4316040162566329,,all,all,,,,,24.0,168.0,0.8
HGB,low,0.2,PopRI,14.0,479,95,0.1963350785340314,0.1099396817014759,0.1789473684210526,0.8984375,0.3218468545898826,1.6392733127111352,17.0,39.0,345.0,78.0,765.0,150.0,0.6756578947368421,0.6150437419424826,0.7362720475312017,0.3173285550098115,1.60000397736526,0.5172211124218147,,all,all,,,,,24.0,168.0,0.8
HGB,low,0.2,PerRI,14.0,479,95,0.1963350785340314,0.1217816894058056,0.1894736842105263,0.8984375,0.3012985076231327,1.5346137321604891,18.0,39.0,345.0,77.0,765.0,150.0,0.5875822368421053,0.5218375914531579,0.6533268822310527,0.2822247709084354,1.4230070027909532,0.4880691829430351,,all,all,,,,,24.0,168.0,0.8
HGB,low,0.2,Cohen_m2,14.0,479,95,0.1963350785340314,0.1034275347932543,0.2,0.921875,0.3737495255630382,1.903630916867741,19.0,30.0,354.0,76.0,765.0,150.0,0.5862116228070176,0.5195956423193142,0.6528276032947209,0.2938109729386258,1.481425853027387,0.4253427984919321,,all,all,,,,,24.0,168.0,0.8
HGB,low,0.2,Cohen_m3,14.0,479,95,0.1963350785340314,0.1030104120022234,0.2,0.9166666666666666,0.3752629594210248,1.9113393399844196,19.0,32.0,352.0,76.0,765.0,150.0,0.5715186403508773,0.5054345062343948,0.6376027744673598,0.2648357469044047,1.3353297133390514,0.4131807423297814,,all,all,,,,,24.0,168.0,0.8
HGB,low,0.2,Cohen_m4,14.0,479,95,0.1963350785340314,0.1340941534114612,0.2,0.8854166666666666,0.298036055756013,1.5179969773172928,19.0,44.0,340.0,76.0,765.0,150.0,0.592297149122807,0.5283628260966385,0.6562314721489754,0.2768374407862216,1.3958435172273702,0.4550980133493474,,all,all,,,,,24.0,168.0,0.8
HGB,low,0.2,Gaussian_mle,14.0,479,95,0.1963350785340314,0.0933323868028783,0.1789473684210526,0.9296875,0.3791153527977887,1.930960863583404,17.0,27.0,357.0,78.0,765.0,150.0,0.6195175438596491,0.5556655229951608,0.6833695647241373,0.2909765525340756,1.4671344069876024,0.4892415117280073,,all,all,,,,,24.0,168.0,0.8
HGB,low,0.2,Gaussian_trunc,14.0,479,95,0.1963350785340314,0.097124799088679,0.1789473684210526,0.9270833333333334,0.3643121126863391,1.8555630272824204,17.0,28.0,356.0,78.0,765.0,150.0,0.5729440789473684,0.5035844958743534,0.6423036620203835,0.2747287327097504,1.3852111891365313,0.4818385098505852,,all,all,,,,,24.0,168.0,0.8
HGB,low,0.2,Gaussian_eb,14.0,479,95,0.1963350785340314,0.1005109274871556,0.1789473684210526,0.9244791666666666,0.3520387447897605,1.7930506734625136,17.0,29.0,355.0,78.0,765.0,150.0,0.600219298245614,0.5350855204594652,0.6653530760317629,0.2822283381063631,1.4230249889783997,0.4864687181343951,,all,all,,,,,24.0,168.0,0.8
HGB,low,0.2,NORMA_q_age_set,14.0,479,95,0.1963350785340314,0.1303478113664605,0.2,0.8854166666666666,0.2965603461530762,1.5104806964063346,19.0,44.0,340.0,76.0,765.0,150.0,0.585498903508772,0.520747989895205,0.650249817122339,0.2701207697270789,1.3619773547291665,0.4420741098241298,,all,all,,,,,24.0,168.0,0.8
HGB,low,0.2,NORMA_334f7e21,14.0,479,95,0.1963350785340314,0.132375821770464,0.2,0.8828125,0.2920170129418483,1.4873399859171472,19.0,45.0,339.0,76.0,765.0,150.0,0.6064967105263158,0.54211123170209,0.6708821893505417,0.2832099313934245,1.4279742856573725,0.4586204286269112,,all,all,,,,,24.0,168.0,0.8
HGB,low,0.2,NORMA_q_age,14.0,479,95,0.1963350785340314,0.1283131844991507,0.2,0.8880208333333334,0.3012628219774975,1.5344319732720535,19.0,43.0,341.0,76.0,765.0,150.0,0.6136239035087719,0.5496290863945381,0.6776187206230058,0.2829614992549139,1.42672166466425,0.4784920713639346,,all,all,,,,,24.0,168.0,0.8
HGB,low,0.2,NORMA_q_set,14.0,479,95,0.1963350785340314,0.132964408402061,0.2,0.8854166666666666,0.2907243564175797,1.4807560553535395,19.0,44.0,340.0,76.0,765.0,150.0,0.5880756578947368,0.52407282048307,0.6520784953064036,0.2712780852412655,1.3678126613743808,0.4418299005141067,,all,all,,,,,24.0,168.0,0.8
HGB,low,0.2,NORMA_q_co,14.0,479,95,0.1963350785340314,0.1232272760371785,0.2,0.8984375,0.3083857975233339,1.5707116620521806,19.0,39.0,345.0,76.0,765.0,150.0,0.608936403508772,0.5441140529361446,0.6737587540813994,0.2846206277140769,1.435087165000451,0.4761113352741305,,all,all,,,,,24.0,168.0,0.8
HGB,low,0.2,NORMA_q_age_set_co,14.0,479,95,0.1963350785340314,0.1329567629289091,0.1894736842105263,0.8880208333333334,0.275974237530229,1.4056287831539662,18.0,43.0,341.0,77.0,765.0,150.0,0.5956688596491229,0.5317460505626993,0.6595916687355464,0.2803835726149686,1.413723487184947,0.4753705009554717,,all,all,,,,,24.0,168.0,0.8
K,high,0.2,PopRI,13.0,10828,84,0.0077610382834409,0.0347351039858912,0.2023809523809523,0.9629560685033508,0.0409418502254688,5.275305794177421,17.0,398.0,10346.0,67.0,15595.0,121.0,0.7175876679785839,0.6638327146553978,0.7713426213017699,0.0270003794446588,3.4804774836519745,0.5259827926346967,,all,all,,,,,24.0,168.0,0.8
K,high,0.2,PerRI,13.0,10828,84,0.0077610382834409,0.1299476392510455,0.2023809523809523,0.8729523454951601,0.0109437880761269,1.4100932989181094,17.0,1365.0,9379.0,67.0,15595.0,121.0,0.5624756231606567,0.5022793965284632,0.6226718497928502,0.0092995643350587,1.1987581264287597,0.377570894795883,,all,all,,,,,24.0,168.0,0.8
K,high,0.2,Cohen_m2,13.0,10828,84,0.0077610382834409,0.0794531470243204,0.2023809523809523,0.9189314966492926,0.0178988432581674,2.306243392247742,17.0,871.0,9873.0,67.0,15595.0,121.0,0.5818784792397972,0.5170678272685771,0.6466891312110172,0.0117752715609348,1.517888576926223,0.327381951600029,,all,all,,,,,24.0,168.0,0.8
K,high,0.2,Cohen_m3,13.0,10828,84,0.0077610382834409,0.061668363302216,0.2023809523809523,0.9397803425167536,0.0230607616094351,2.9713500651888145,17.0,647.0,10097.0,67.0,15595.0,121.0,0.6471031450554906,0.5863909356598637,0.7078153544511175,0.0149810397754258,1.9311273653370309,0.3877470078200329,,all,all,,,,,24.0,168.0,0.8
K,high,0.2,Cohen_m4,13.0,10828,84,0.0077610382834409,0.0706272678466132,0.2023809523809523,0.9297282204020848,0.0201355576722148,2.5944412251098288,17.0,755.0,9989.0,67.0,15595.0,121.0,0.6270232776654966,0.5639753869038235,0.6900711684271696,0.0145672935980639,1.8777935128551972,0.3513862256682495,,all,all,,,,,24.0,168.0,0.8
K,high,0.2,Gaussian_mle,13.0,10828,84,0.0077610382834409,0.1391684272403138,0.2023809523809523,0.8621556217423678,0.0102186929403229,1.3166657046552257,17.0,1481.0,9263.0,67.0,15595.0,121.0,0.5946120536822324,0.535613267129798,0.6536108402346668,0.0102798418552869,1.3251205667743695,0.3504149448199291,,all,all,,,,,24.0,168.0,0.8
K,high,0.2,Gaussian_trunc,13.0,10828,84,0.0077610382834409,0.288705038723228,0.2142857142857142,0.7233804914370812,0.0054529586776959,0.7026068521438038,18.0,2972.0,7772.0,66.0,15595.0,121.0,0.4031763021664362,0.3362604149253586,0.4700921894075138,0.0072254905153344,0.9314001345243088,0.3384786365788233,,all,all,,,,,24.0,168.0,0.8
K,high,0.2,Gaussian_eb,13.0,10828,84,0.0077610382834409,0.1176091097719166,0.2023809523809523,0.884493670886076,0.0120919155643164,1.5580280785518017,17.0,1241.0,9503.0,67.0,15595.0,121.0,0.6053533755274262,0.5460930489502707,0.6646137021045817,0.0115663051369458,1.490951809795828,0.3711732737530191,,all,all,,,,,24.0,168.0,0.8
K,high,0.2,NORMA_q_age_set,13.0,10828,84,0.0077610382834409,0.0976243221989171,0.1904761904761904,0.9037602382725242,0.0135651770119466,1.7478559590267069,16.0,1034.0,9710.0,68.0,15595.0,121.0,0.6140703116689714,0.5555326915466775,0.6726079317912653,0.0112769552233817,1.453653228080687,0.3972528749781374,,all,all,,,,,24.0,168.0,0.8
K,high,0.2,NORMA_334f7e21,13.0,10828,84,0.0077610382834409,0.1012090814708333,0.1904761904761904,0.8995718540580789,0.0130847073410231,1.6859480475622546,16.0,1079.0,9665.0,68.0,15595.0,121.0,0.6175052299400773,0.5596013377406567,0.6754091221394979,0.0112688300635221,1.452605856283544,0.4005037700582615,,all,all,,,,,24.0,168.0,0.8
K,high,0.2,NORMA_q_age,13.0,10828,84,0.0077610382834409,0.0982813981390527,0.1904761904761904,0.901247207743857,0.0134744848605629,1.736170389638752,16.0,1061.0,9683.0,68.0,15595.0,121.0,0.6179872265361841,0.5595823005797241,0.6763921524926441,0.0113746999703601,1.466252991417374,0.3845801518605057,,all,all,,,,,24.0,168.0,0.8
K,high,0.2,NORMA_q_set,13.0,10828,84,0.0077610382834409,0.1057094759724041,0.1904761904761904,0.8948250186150409,0.0125276490032486,1.6141717829143816,16.0,1130.0,9614.0,68.0,15595.0,121.0,0.6149024483211005,0.5562958613352046,0.6735090353069965,0.01120597382303,1.44450338756868,0.3741707693875996,,all,all,,,,,24.0,168.0,0.8
K,high,0.2,NORMA_q_co,13.0,10828,84,0.0077610382834409,0.0996580527656536,0.1904761904761904,0.9017125837676844,0.013288351262629,1.7121873101671514,16.0,1056.0,9688.0,68.0,15595.0,121.0,0.6144226678012977,0.5572119460295804,0.6716333895730151,0.0111983191208468,1.443516660006311,0.3968367729859727,,all,all,,,,,24.0,168.0,0.8
K,high,0.2,NORMA_q_age_set_co,13.0,10828,84,0.0077610382834409,0.1091734797644829,0.2023809523809523,0.888030528667163,0.0130262351994673,1.678413985827167,17.0,1203.0,9541.0,67.0,15595.0,121.0,0.603865280289331,0.5451987887508396,0.6625317718278223,0.0107555748577436,1.3864448161862948,0.3814254460124214,,all,all,,,,,24.0,168.0,0.8
K,low,0.2,PopRI,15.0,14109,673,0.0477811315907777,0.0576813281468319,0.2020802377414561,0.9488687109258708,0.1673451633641223,3.502327337019824,136.0,687.0,12749.0,537.0,15595.0,744.0,0.7095432775356354,0.6892418717980167,0.7298446832732541,0.1152084553762732,2.415269089010163,0.5225434395158659,,all,all,,,,,24.0,168.0,0.8
K,low,0.2,PerRI,15.0,14109,673,0.0477811315907777,0.1161163878974817,0.2035661218424962,0.8882107770169694,0.083682531025965,1.7513718959748674,137.0,1502.0,11934.0,536.0,15595.0,744.0,0.6315679815200077,0.610362704092535,0.6527732589474804,0.0706445240028541,1.4810157342589438,0.4597112887995644,,all,all,,,,,24.0,168.0,0.8
K,low,0.2,Cohen_m2,15.0,14109,673,0.0477811315907777,0.0803699473011165,0.2035661218424962,0.9254242334027984,0.1209023218149978,2.5303360927168432,137.0,1002.0,12434.0,536.0,15595.0,744.0,0.63973968053713,0.6180922898765409,0.6613870711977192,0.0846611100502145,1.7748641927169055,0.4555538939221522,,all,all,,,,,24.0,168.0,0.8
K,low,0.2,Cohen_m3,15.0,14109,673,0.0477811315907777,0.0745582367409381,0.2020802377414561,0.9318249479011612,0.1294651228854916,2.7095449307123527,136.0,916.0,12520.0,537.0,15595.0,744.0,0.677396712475897,0.6563198843343019,0.698473540617492,0.1053076205525997,2.207704633546256,0.4964367632520797,,all,all,,,,,24.0,168.0,0.8
K,low,0.2,Cohen_m4,15.0,14109,673,0.0477811315907777,0.0729534259465845,0.2035661218424962,0.933387913069366,0.1331933779226296,2.7875726984318097,137.0,895.0,12541.0,536.0,15595.0,744.0,0.6783809613966515,0.6572708184278366,0.6994911043654664,0.0999067755099606,2.094479488365579,0.4797566767306171,,all,all,,,,,24.0,168.0,0.8
K,low,0.2,Gaussian_mle,15.0,14109,673,0.0477811315907777,0.0808960183506234,0.2035661218424962,0.9249032450133968,0.1201160876761387,2.513881184415532,137.0,1009.0,12427.0,536.0,15595.0,744.0,0.6632282833769868,0.6420213767510973,0.6844351900028763,0.0905211849548773,1.8977167883036616,0.4764288753056754,,all,all,,,,,24.0,168.0,0.8
K,low,0.2,Gaussian_trunc,15.0,14109,673,0.0477811315907777,0.1576217821238028,0.2035661218424962,0.8448943137838643,0.0616470204937915,1.290195908748424,137.0,2084.0,11352.0,536.0,15595.0,744.0,0.5295407383945994,0.5055421850182872,0.5535392917709115,0.0547888393630565,1.148611789856412,0.4433813502220245,,all,all,,,,,24.0,168.0,0.8
K,low,0.2,Gaussian_eb,15.0,14109,673,0.0477811315907777,0.0854385726644279,0.2035661218424962,0.9201399225960109,0.1137298169881484,2.380224435917284,137.0,1073.0,12363.0,536.0,15595.0,744.0,0.6453246849186967,0.6230919923207775,0.6675573775166158,0.0860050276866927,1.803038537342568,0.4730208444290065,,all,all,,,,,24.0,168.0,0.8
K,low,0.2,NORMA_q_age_set,15.0,14109,673,0.0477811315907777,0.0797962796529779,0.2020802377414561,0.9260196487049716,0.1209666832058993,2.531683097041746,136.0,994.0,12442.0,537.0,15595.0,744.0,0.6551062391649677,0.6333052223959184,0.676907255934017,0.0907681470176322,1.9028941846534515,0.4664094992844172,,all,all,,,,,24.0,168.0,0.8
K,low,0.2,NORMA_334f7e21,15.0,14109,673,0.0477811315907777,0.0759655812418998,0.2020802377414561,0.9305596903840428,0.1270666415498584,2.659347682221568,136.0,933.0,12503.0,537.0,15595.0,744.0,0.6621036960427,0.6403437909581244,0.6838636011272756,0.0929510644891614,1.9486576060588092,0.4830772421606996,,all,all,,,,,24.0,168.0,0.8
K,low,0.2,NORMA_q_age,15.0,14109,673,0.0477811315907777,0.075459431169184,0.2020802377414561,0.9307085442095862,0.1279189510473421,2.677185466072802,136.0,931.0,12505.0,537.0,15595.0,744.0,0.6585146157647039,0.636735012927609,0.6802942186017988,0.0914580894799216,1.9173583721726803,0.4745162845294157,,all,all,,,,,24.0,168.0,0.8
K,low,0.2,NORMA_q_set,15.0,14109,673,0.0477811315907777,0.0741028377247053,0.2020802377414561,0.932048228639476,0.1302607508453485,2.726196440071132,136.0,913.0,12523.0,537.0,15595.0,744.0,0.6577254471918383,0.6357966800716291,0.6796542143120475,0.0915556349315015,1.9194033480662047,0.4689492175535493,,all,all,,,,,24.0,168.0,0.8
K,low,0.2,NORMA_q_co,15.0,14109,673,0.0477811315907777,0.0722664245270533,0.2020802377414561,0.933834474545996,0.1335708988643487,2.795473744915019,136.0,889.0,12547.0,537.0,15595.0,744.0,0.6661679805468177,0.6445239422854039,0.6878120188082315,0.0947832509106684,1.987068182910285,0.4858938976748072,,all,all,,,,,24.0,168.0,0.8
K,low,0.2,NORMA_q_age_set_co,15.0,14109,673,0.0477811315907777,0.0792879496159813,0.2020802377414561,0.9262429294432868,0.1217422234846835,2.547914196075279,136.0,991.0,12445.0,537.0,15595.0,744.0,0.6594790691172769,0.6375551267187851,0.6814030115157688,0.0947346050208772,1.9860483539963707,0.4799665440143521,,all,all,,,,,24.0,168.0,0.8
NA,low,0.2,PopRI,14.0,11921,738,0.0618069962085986,0.0886879897847826,0.2005420054200542,0.9168380577662524,0.1397408524030585,2.2609228885906885,148.0,930.0,10253.0,590.0,14008.0,867.0,0.7039887295054655,0.6850641381026025,0.7229133209083286,0.1236887872123318,1.9979593934393067,0.5163790968321661,,all,all,,,,,24.0,168.0,0.8
NA,low,0.2,PerRI,14.0,11921,738,0.0618069962085986,0.1504240603283005,0.2005420054200542,0.8545113118125727,0.0823893150031372,1.3330095305889524,148.0,1627.0,9556.0,590.0,14008.0,867.0,0.5920845786299229,0.5721099911933356,0.6120591660665102,0.0787586130391576,1.2721970542544685,0.4655536170913524,,all,all,,,,,24.0,168.0,0.8
NA,low,0.2,Cohen_m2,14.0,11921,738,0.0618069962085986,0.1278542819879628,0.2005420054200542,0.874809979433068,0.0969332829353815,1.5683221784186334,148.0,1400.0,9783.0,590.0,14008.0,867.0,0.6350234713113473,0.6154827121634739,0.6545642304592206,0.0905882797506074,1.4632830391693656,0.4548113462237428,,all,all,,,,,24.0,168.0,0.8
NA,low,0.2,Cohen_m3,14.0,11921,738,0.0618069962085986,0.0992944738302281,0.2005420054200542,0.9053921130287044,0.1248139479708524,2.019414558662669,148.0,1058.0,10125.0,590.0,14008.0,867.0,0.6802999229133845,0.6611923552079713,0.6994074906187977,0.1071669337589578,1.7310799692961192,0.5030444603700609,,all,all,,,,,24.0,168.0,0.8
NA,low,0.2,Cohen_m4,14.0,11921,738,0.0618069962085986,0.1019047179826239,0.2005420054200542,0.9030671555038898,0.1216168940534479,1.967688150431885,148.0,1084.0,10099.0,590.0,14008.0,867.0,0.6600676549553657,0.640293144052837,0.6798421658578944,0.1048099522747252,1.6930073727195123,0.487976315733171,,all,all,,,,,24.0,168.0,0.8
NA,low,0.2,Gaussian_mle,14.0,11921,738,0.0618069962085986,0.132491114206531,0.2005420054200542,0.8706965930430117,0.0935408790594075,1.513435125429928,148.0,1446.0,9737.0,590.0,14008.0,867.0,0.6480793655294149,0.6286521037005358,0.667506627358294,0.0908555781342215,1.4676007411084762,0.4583297038427498,,all,all,,,,,24.0,168.0,0.8
NA,low,0.2,Gaussian_trunc,14.0,11921,738,0.0618069962085986,0.1979424553015712,0.2005420054200542,0.7972815881248323,0.0626107990403455,1.0130050460474431,148.0,2267.0,8916.0,590.0,14008.0,867.0,0.4553755494632653,0.4322513352416148,0.4784997636849159,0.057544829506404,0.9295283367829844,0.4440858437310515,,all,all,,,,,24.0,168.0,0.8
NA,low,0.2,Gaussian_eb,14.0,11921,738,0.0618069962085986,0.1272580035347802,0.2005420054200542,0.8764195654117858,0.0973874722704738,1.5756706885057328,148.0,1382.0,9801.0,590.0,14008.0,867.0,0.6429276968259265,0.6230750196812639,0.6627803739705892,0.0906592453858478,1.464429355345112,0.461226738701413,,all,all,,,,,24.0,168.0,0.8
NA,low,0.2,NORMA_q_age_set,14.0,11921,738,0.0618069962085986,0.1088988961268505,0.2005420054200542,0.8986855047840472,0.1138058853783323,1.8413107311385508,148.0,1133.0,10050.0,590.0,14008.0,867.0,0.6493412014510023,0.628710308271901,0.6699720946301035,0.0980141079891665,1.5832333080472276,0.4605886675293695,,all,all,,,,,24.0,168.0,0.8
NA,low,0.2,NORMA_334f7e21,14.0,11921,738,0.0618069962085986,0.1031303889867299,0.2005420054200542,0.9042296342662972,0.1201715169719174,1.9443028191555949,148.0,1071.0,10112.0,590.0,14008.0,867.0,0.6490172001782613,0.6282294355563635,0.669804964800159,0.0991747353340266,1.601981056798011,0.4676645858224229,,all,all,,,,,24.0,168.0,0.8
NA,low,0.2,NORMA_q_age,14.0,11921,738,0.0618069962085986,0.1055691840772239,0.2005420054200542,0.9018152552982204,0.1173953876670443,1.899386717821311,148.0,1098.0,10085.0,590.0,14008.0,867.0,0.6488522915274757,0.6281408407010635,0.6695637423538879,0.0977221055730469,1.5785165589922658,0.4653611561729879,,all,all,,,,,24.0,168.0,0.8
NA,low,0.2,NORMA_q_set,14.0,11921,738,0.0618069962085986,0.1069297897928689,0.2005420054200542,0.9005633550925511,0.1159016146430858,1.875218369323723,148.0,1112.0,10071.0,590.0,14008.0,867.0,0.6493254497062542,0.6286554877736715,0.6699954116388368,0.0977428584498731,1.5788517826299968,0.4630845117433999,,all,all,,,,,24.0,168.0,0.8
NA,low,0.2,NORMA_q_co,14.0,11921,738,0.0618069962085986,0.109345602338888,0.2005420054200542,0.8979701332379505,0.1133409577097519,1.8337884812784984,148.0,1141.0,10042.0,590.0,14008.0,867.0,0.6546343935226887,0.6341568953828002,0.6751118916625772,0.0994371442110514,1.6062197779674048,0.4726761637106452,,all,all,,,,,24.0,168.0,0.8
NA,low,0.2,NORMA_q_age_set_co,14.0,11921,738,0.0618069962085986,0.1129275162148469,0.2005420054200542,0.8936779039613699,0.1097459300075341,1.7756230967306936,148.0,1189.0,9994.0,590.0,14008.0,867.0,0.6473997383271696,0.6267756811921645,0.6680237954621746,0.09677983128512,1.563295892615063,0.4619386534200972,,all,all,,,,,24.0,168.0,0.8
PLT,low,0.2,PopRI,14.0,9420,150,0.0159801743291745,0.0194191010926663,0.1866666666666666,0.982955771305286,0.1524550446367914,9.540261670265956,28.0,158.0,9112.0,122.0,11740.0,187.0,0.896230133045667,0.8699817873641543,0.9224784787271796,0.1332890106779652,8.370549870576218,0.6154010383799258,,all,all,,,,,24.0,168.0,0.8
PLT,low,0.2,PerRI,14.0,9420,150,0.0159801743291745,0.0976430670901188,0.1866666666666666,0.902049622437972,0.0294448395761591,1.8425856295198613,28.0,908.0,8362.0,122.0,11740.0,187.0,0.748084142394822,0.7168556281278575,0.7793126566617865,0.0330576330274506,2.0760193541238987,0.5295076318622424,,all,all,,,,,24.0,168.0,0.8
PLT,low,0.2,Cohen_m2,14.0,9420,150,0.0159801743291745,0.0378115368771865,0.2,0.962891046386192,0.0862073950184215,5.3946467192811145,30.0,344.0,8926.0,120.0,11740.0,187.0,0.8287953973390867,0.8002912395978256,0.8572995550803478,0.0726990524132891,4.565500491554556,0.5319622563499462,,all,all,,,,,24.0,168.0,0.8
PLT,low,0.2,Cohen_m3,14.0,9420,150,0.0159801743291745,0.037088642823387,0.1933333333333333,0.9641855447680692,0.085583574282949,5.35560955218754,29.0,332.0,8938.0,121.0,11740.0,187.0,0.822005034160374,0.7939662336220583,0.8500438346986896,0.0757194283737685,4.755180101872668,0.5591378976606288,,all,all,,,,,24.0,168.0,0.8
PLT,low,0.2,Cohen_m4,14.0,9420,150,0.0159801743291745,0.0347289179954354,0.1866666666666666,0.9653721682847896,0.0846319500898671,5.296059251078209,28.0,321.0,8949.0,122.0,11740.0,187.0,0.7920949298813377,0.7616787429129434,0.822511116849732,0.0779774546169832,4.89698414994655,0.5634619549726134,,all,all,,,,,24.0,168.0,0.8
PLT,low,0.2,Gaussian_mle,14.0,9420,150,0.0159801743291745,0.0428389035782135,0.18,0.9590075512405608,0.0651190561729334,4.074990349388597,27.0,380.0,8890.0,123.0,11740.0,187.0,0.8203991370010788,0.7917004396279662,0.8490978343741914,0.0556349409043502,3.493874288793194,0.5572205148277805,,all,all,,,,,24.0,168.0,0.8
PLT,low,0.2,Gaussian_trunc,14.0,9420,150,0.0159801743291745,0.0589604715426323,0.18,0.9432578209277238,0.0473135457622567,2.9607653075397224,27.0,526.0,8744.0,123.0,11740.0,187.0,0.6422941387989931,0.5913152549956406,0.6932730226023456,0.0326017377863216,2.047389132980999,0.4935872574360958,,all,all,,,,,24.0,168.0,0.8
PLT,low,0.2,Gaussian_eb,14.0,9420,150,0.0159801743291745,0.0476238978690489,0.18,0.9545846817691478,0.0603706243050135,3.777845163728711,27.0,421.0,8849.0,123.0,11740.0,187.0,0.7654289823804387,0.7282791016629505,0.8025788630979268,0.0447774791798618,2.8120256924953235,0.5402706558668797,,all,all,,,,,24.0,168.0,0.8
PLT,low,0.2,NORMA_q_age_set,14.0,9420,150,0.0159801743291745,0.0726732764176945,0.1866666666666666,0.9281553398058252,0.03956178375209,2.475679109448969,28.0,666.0,8604.0,122.0,11740.0,187.0,0.7239201725997843,0.6827127697657125,0.765127575433856,0.0405709559365484,2.547856032815244,0.4579223162926436,,all,all,,,,,24.0,168.0,0.8
PLT,low,0.2,NORMA_334f7e21,14.0,9420,150,0.0159801743291745,0.0571715658880376,0.18,0.9414239482200648,0.0487939926983924,3.053408035061972,27.0,543.0,8727.0,123.0,11740.0,187.0,0.7357367853290183,0.695517251385365,0.7759563192726716,0.0407704895099962,2.560386741227767,0.4560756203357372,,all,all,,,,,24.0,168.0,0.8
PLT,low,0.2,NORMA_q_age,14.0,9420,150,0.0159801743291745,0.0601656263400075,0.18,0.9398058252427184,0.0463658261069508,2.9014593427996744,27.0,558.0,8712.0,123.0,11740.0,187.0,0.7338252427184466,0.6930550583598191,0.7745954270770742,0.0427748820461713,2.68626259249956,0.4810299193972255,,all,all,,,,,24.0,168.0,0.8
PLT,low,0.2,NORMA_q_set,14.0,9420,150,0.0159801743291745,0.0772062832607337,0.18,0.9238403451995684,0.0361321494919746,2.2610610339844244,27.0,706.0,8564.0,123.0,11740.0,187.0,0.7335685005393744,0.6933966359839958,0.773740365094753,0.0399436224017544,2.508459486830182,0.4757447711240816,,all,all,,,,,24.0,168.0,0.8
PLT,low,0.2,NORMA_q_co,14.0,9420,150,0.0159801743291745,0.0691010043223673,0.18,0.9303128371089536,0.0403703100389467,2.526274695592274,27.0,646.0,8624.0,123.0,11740.0,187.0,0.7181848256023013,0.6761280618210211,0.7602415893835816,0.0412189353484041,2.5885491398797837,0.5035113072626866,,all,all,,,,,24.0,168.0,0.8
PLT,low,0.2,NORMA_q_age_set_co,14.0,9420,150,0.0159801743291745,0.056699712590667,0.18,0.9429341963322546,0.0492000548333599,3.0788184045988163,27.0,529.0,8741.0,123.0,11740.0,187.0,0.7253642574613449,0.683603055753455,0.7671254591692348,0.0440269038747409,2.764889563333733,0.4780060694954933,,all,all,,,,,24.0,168.0,0.8
TBIL,high,0.2,PopRI,13.0,6970,219,0.0317538461538461,0.03730681410514,0.2009132420091324,0.9672641090208858,0.1708715898451851,5.3811304941555385,44.0,221.0,6530.0,175.0,8306.0,261.0,0.787131823528258,0.7549500142287464,0.8193136328277695,0.1313902255130961,4.181688912448767,0.5140955690028389,,all,all,,,,,24.0,168.0,0.8
TBIL,high,0.2,PerRI,13.0,6970,219,0.0317538461538461,0.1694645586048243,0.2009132420091324,0.8253592060435491,0.0376165653201222,1.184630206302298,44.0,1179.0,5572.0,175.0,8306.0,261.0,0.5135454311182717,0.4742770854907059,0.5528137767458374,0.0336364903767318,1.0705312234055766,0.4920745374237407,,all,all,,,,,24.0,168.0,0.8
TBIL,high,0.2,Cohen_m2,13.0,6970,219,0.0317538461538461,0.0396170519601584,0.2009132420091324,0.96519034217153,0.1609073447619183,5.067334016242582,44.0,235.0,6516.0,175.0,8306.0,261.0,0.6860840504603073,0.6432632657528542,0.7289048351677604,0.0968255218557121,3.0816159239009764,0.3968060456717174,,all,all,,,,,24.0,168.0,0.8
TBIL,high,0.2,Cohen_m3,13.0,6970,219,0.0317538461538461,0.0520471125173843,0.1963470319634703,0.9499333432084136,0.1201142083153799,3.782666444040551,43.0,338.0,6413.0,176.0,8306.0,261.0,0.6883458496593435,0.6488659089644029,0.7278257903542842,0.0777336786037165,2.47398967976212,0.3749769964355289,,all,all,,,,,24.0,168.0,0.8
TBIL,high,0.2,Cohen_m4,13.0,6970,219,0.0317538461538461,0.0540390444787938,0.2054794520547945,0.9509702266330914,0.1202417922809652,3.7866843499334992,45.0,331.0,6420.0,174.0,8306.0,261.0,0.6929600823554637,0.6520382482910181,0.7338819164199093,0.0823756122322612,2.6217261062048456,0.3630309023145892,,all,all,,,,,24.0,168.0,0.8
TBIL,high,0.2,Gaussian_mle,13.0,6970,219,0.0317538461538461,0.1694645586048243,0.2009132420091324,0.8253592060435491,0.0376165653201222,1.184630206302298,44.0,1179.0,5572.0,175.0,8306.0,261.0,0.5135454311182717,0.4742770854907059,0.5528137767458374,0.0336364903767318,1.0705312234055766,0.4920745374237407,,all,all,,,,,24.0,168.0,0.8
TBIL,high,0.2,Gaussian_trunc,13.0,6970,219,0.0317538461538461,0.262871616320698,0.2009132420091324,0.7437416679010517,0.0242501443382425,0.7636915610396161,44.0,1730.0,5021.0,175.0,8306.0,261.0,0.4982072671121275,0.4612136906738575,0.5352008435503974,0.0316681503711291,1.0078858816747482,0.4404985322406596,,all,all,,,,,24.0,168.0,0.8
TBIL,high,0.2,Gaussian_eb,13.0,6970,219,0.0317538461538461,0.1159732485103214,0.2009132420091324,0.8894978521700488,0.0549667679407696,1.73102709115796,44.0,746.0,6005.0,175.0,8306.0,261.0,0.6755637081332108,0.6405236245567754,0.7106037917096462,0.0529340311688443,1.6847040970175573,0.4273565751647909,,all,all,,,,,24.0,168.0,0.8
TBIL,high,0.2,NORMA_q_age_set,13.0,6970,219,0.0317538461538461,0.0713232575961631,0.2009132420091324,0.932454451192416,0.0893772221439724,2.814689650851847,44.0,456.0,6295.0,175.0,8306.0,261.0,0.6964623539621054,0.659915363689116,0.7330093442350949,0.064433070447756,2.050678086853239,0.4589174537079524,,all,all,,,,,24.0,168.0,0.8
TBIL,high,0.2,NORMA_334f7e21,13.0,6970,219,0.0317538461538461,0.0674794691372257,0.2009132420091324,0.9366019848911272,0.0944683578532687,2.9750209595263906,44.0,428.0,6323.0,175.0,8306.0,261.0,0.7002263828325113,0.6629531930504913,0.7374995726145313,0.0677010024003541,2.154684870915381,0.4505221550435257,,all,all,,,,,24.0,168.0,0.8
TBIL,high,0.2,NORMA_q_age,13.0,6970,219,0.0317538461538461,0.0706644362506276,0.2054794520547945,0.9333432084135684,0.0919522167874544,2.8957820209227427,45.0,450.0,6301.0,174.0,8306.0,261.0,0.6994336709122748,0.6623260701203205,0.7365412717042291,0.0659361662616727,2.0985163417527826,0.4484574658188809,,all,all,,,,,24.0,168.0,0.8
TBIL,high,0.2,NORMA_q_set,13.0,6970,219,0.0317538461538461,0.0688926820465652,0.2009132420091324,0.9352688490593986,0.0925305046753056,2.91399360653821,44.0,437.0,6314.0,175.0,8306.0,261.0,0.6999423051819146,0.6630085223877507,0.7368760879760785,0.0661479545789222,2.105256819246976,0.4415209496035424,,all,all,,,,,24.0,168.0,0.8
TBIL,high,0.2,NORMA_q_co,13.0,6970,219,0.0317538461538461,0.0708078754719019,0.2054794520547945,0.9327507035994668,0.091765944366731,2.8899158836422094,45.0,454.0,6297.0,174.0,8306.0,261.0,0.6996332016430511,0.6623350258245692,0.736931377461533,0.0667523619224453,2.124492979906138,0.4383531490432498,,all,all,,,,,24.0,168.0,0.8
TBIL,high,0.2,NORMA_q_age_set_co,13.0,6970,219,0.0317538461538461,0.0719961914554574,0.2009132420091324,0.9318619463783144,0.0885418313015616,2.7883813152139094,44.0,460.0,6291.0,175.0,8306.0,261.0,0.7015108196384232,0.6646094315397703,0.7384122077370762,0.06631798278097,2.110668219102106,0.4510025183254805,,all,all,,,,,24.0,168.0,0.8
TP,low,0.2,PopRI,14.0,2803,239,0.0853868194842406,0.084624958002729,0.200836820083682,0.922386895475819,0.2036222136319249,2.3847031059577786,48.0,199.0,2365.0,191.0,3495.0,298.0,0.6632158173356223,0.6258617910580467,0.7005698436131979,0.1544065957540855,1.810885723425531,0.5278802572584576,,all,all,,,,,24.0,168.0,0.8
TP,low,0.2,PerRI,14.0,2803,239,0.0853868194842406,0.1358528619052931,0.200836820083682,0.8724648985959438,0.1268395897985346,1.4854703637479394,48.0,327.0,2237.0,191.0,3495.0,298.0,0.614982800148826,0.5788228991492073,0.6511427011484447,0.1227622902968976,1.4397602498000173,0.5210324287070688,,all,all,,,,,24.0,168.0,0.8
TP,low,0.2,Cohen_m2,14.0,2803,239,0.0853868194842406,0.1420535854444944,0.205020920502092,0.8654446177847114,0.1223115044812299,1.4324401028170888,49.0,345.0,2219.0,190.0,3495.0,298.0,0.6012425015829086,0.5649501426042794,0.6375348605615377,0.1145121409127964,1.34300222166765,0.4723058589131458,,all,all,,,,,24.0,168.0,0.8
TP,low,0.2,Cohen_m3,14.0,2803,239,0.0853868194842406,0.1331047416771349,0.205020920502092,0.875585023400936,0.131611045614035,1.5413508362180617,49.0,319.0,2245.0,190.0,3495.0,298.0,0.6253891996684051,0.5897005897465293,0.661077809590281,0.1195665141946303,1.402280080701041,0.4978143493622829,,all,all,,,,,24.0,168.0,0.8
TP,low,0.2,Cohen_m4,14.0,2803,239,0.0853868194842406,0.141472449829985,0.1966527196652719,0.8638845553822153,0.1187632070433628,1.3908845388635442,47.0,349.0,2215.0,192.0,3495.0,298.0,0.6158232103342711,0.5809171237874168,0.6507292968811255,0.1132236389803801,1.3278906278744995,0.4959858330457797,,all,all,,,,,24.0,168.0,0.8
TP,low,0.2,Gaussian_mle,14.0,2803,239,0.0853868194842406,0.1159488834717555,0.1924686192468619,0.891185647425897,0.141199483194198,1.6536449541870843,46.0,279.0,2285.0,193.0,3495.0,298.0,0.621945965704737,0.585397501815786,0.6584944295936881,0.1262059680233639,1.480147817445561,0.5053694316886205,,all,all,,,,,24.0,168.0,0.8
TP,low,0.2,Gaussian_trunc,14.0,2803,239,0.0853868194842406,0.1467296117508228,0.1924686192468619,0.8603744149765991,0.1115788573812835,1.3067456787271126,46.0,358.0,2206.0,193.0,3495.0,298.0,0.534282208108408,0.4946294466310929,0.5739349695857231,0.1007463032413224,1.181556016675426,0.5205775228523732,,all,all,,,,,24.0,168.0,0.8
TP,low,0.2,Gaussian_eb,14.0,2803,239,0.0853868194842406,0.1238212681546018,0.1966527196652719,0.8841653666146646,0.1345363007722228,1.5756096969632805,47.0,297.0,2267.0,192.0,3495.0,298.0,0.5908132559612008,0.5511434054474301,0.6304831064749715,0.1211173027363808,1.420467780627931,0.4951240552682213,,all,all,,,,,24.0,168.0,0.8
TP,low,0.2,NORMA_q_age_set,14.0,2803,239,0.0853868194842406,0.1211915829996923,0.1966527196652719,0.8853354134165367,0.1374555473418302,1.6097981886677433,47.0,294.0,2270.0,192.0,3495.0,298.0,0.5936021122853282,0.5553839898566988,0.6318202347139577,0.1127485625843911,1.322318916000203,0.4634924900684029,,all,all,,,,,24.0,168.0,0.8
TP,low,0.2,NORMA_334f7e21,14.0,2803,239,0.0853868194842406,0.1069893879290117,0.1966527196652719,0.8989859594383776,0.1557019410700674,1.823489175619246,47.0,259.0,2305.0,192.0,3495.0,298.0,0.6256878308605148,0.5892078401864485,0.6621678215345812,0.1232030365350851,1.4449293364344928,0.5249186219579326,,all,all,,,,,24.0,168.0,0.8
TP,low,0.2,NORMA_q_age,14.0,2803,239,0.0853868194842406,0.1113779338322549,0.1966527196652719,0.8950858034321373,0.1495669276782839,1.751639522138291,47.0,269.0,2295.0,192.0,3495.0,298.0,0.6134602706283984,0.5770676637009249,0.6498528775558718,0.1168463808031886,1.370378265235723,0.5130910121259062,,all,all,,,,,24.0,168.0,0.8
TP,low,0.2,NORMA_q_set,14.0,2803,239,0.0853868194842406,0.1299456071079154,0.1966527196652719,0.875195007800312,0.1281956023385329,1.5013511817499328,47.0,320.0,2244.0,192.0,3495.0,298.0,0.5803725872884288,0.5420736445896879,0.6186715299871697,0.1086723256918874,1.2745126732818437,0.4429408268853256,,all,all,,,,,24.0,168.0,0.8
TP,low,0.2,NORMA_q_co,14.0,2803,239,0.0853868194842406,0.1184699522633928,0.1966527196652719,0.8880655226209049,0.1406133374428059,1.646780361326821,47.0,287.0,2277.0,192.0,3495.0,298.0,0.6220748829953198,0.5853202674380551,0.6588294985525844,0.1242151115997506,1.4567989866698792,0.5233788683074553,,all,all,,,,,24.0,168.0,0.8
TP,low,0.2,NORMA_q_age_set_co,14.0,2803,239,0.0853868194842406,0.1220117165279963,0.1966527196652719,0.8837753510140406,0.1365316040826552,1.5989775109008952,47.0,298.0,2266.0,192.0,3495.0,298.0,0.5910025522359806,0.5534791773932429,0.6285259270787183,0.1124618026547787,1.31895578594705,0.478052907483749,,all,all,,,,,24.0,168.0,0.8
WBC,high,0.2,PopRI,14.0,3944,215,0.0545749644958409,0.0764137875783211,0.2,0.9259855189058728,0.1399284337119266,2.5639674712493923,43.0,276.0,3453.0,172.0,4954.0,270.0,0.6556829875208142,0.6185246096908785,0.6928413653507499,0.0964859865667855,1.7699568884623365,0.5176390798708456,,all,all,,,,,24.0,168.0,0.8
WBC,high,0.2,PerRI,14.0,3944,215,0.0545749644958409,0.142436023125036,0.1953488372093023,0.858675248055779,0.0736441559570622,1.3494128056221557,42.0,527.0,3202.0,173.0,4954.0,270.0,0.5772331256587276,0.5387533475523413,0.615712903765114,0.0659962130335242,1.2106468102521848,0.4849052890224356,,all,all,,,,,24.0,168.0,0.8
WBC,high,0.2,Cohen_m2,14.0,3944,215,0.0545749644958409,0.0982573158282695,0.1953488372093023,0.9029230356663984,0.106756230948311,1.956139265220167,42.0,362.0,3367.0,173.0,4954.0,270.0,0.5858669011581134,0.5447497916174228,0.6269840106988039,0.0752059623167366,1.37959216454516,0.482227389439216,,all,all,,,,,24.0,168.0,0.8
WBC,high,0.2,Cohen_m3,14.0,3944,215,0.0545749644958409,0.1381093343090249,0.2,0.861893268972915,0.077420267524464,1.4186040841192684,43.0,515.0,3214.0,172.0,4954.0,270.0,0.5727852719414769,0.5341250556458934,0.6114454882370604,0.0689656226575818,1.2651182128441996,0.4689645114322905,,all,all,,,,,24.0,168.0,0.8
WBC,high,0.2,Cohen_m4,14.0,3944,215,0.0545749644958409,0.101137053610727,0.1953488372093023,0.8997050147492626,0.1037164948595191,1.9004409039500731,42.0,374.0,3355.0,173.0,4954.0,270.0,0.5988749399739316,0.5589275288096748,0.6388223511381884,0.0802814310154388,1.4726975066273995,0.4819576669271276,,all,all,,,,,24.0,168.0,0.8
WBC,high,0.2,Gaussian_mle,14.0,3944,215,0.0545749644958409,0.1097259230464527,0.1953488372093023,0.887905604719764,0.095598017402716,1.7516826311449354,42.0,418.0,3311.0,173.0,4954.0,270.0,0.6033365139354027,0.5639918202670261,0.6426812076037792,0.0779244164575825,1.429459993063747,0.4712352844251808,,all,all,,,,,24.0,168.0,0.8
WBC,high,0.2,Gaussian_trunc,14.0,3944,215,0.0545749644958409,0.1527729355858799,0.1953488372093023,0.8390989541432019,0.0686612498522505,1.25810892387265,42.0,600.0,3129.0,173.0,4954.0,270.0,0.5498300560659071,0.5114848123285441,0.58817529980327,0.0615443116082444,1.1289803022461204,0.465303693035566,,all,all,,,,,24.0,168.0,0.8
WBC,high,0.2,Gaussian_eb,14.0,3944,215,0.0545749644958409,0.1102249662134875,0.1953488372093023,0.887905604719764,0.0951651976976549,1.743751893872644,42.0,418.0,3311.0,173.0,4954.0,270.0,0.6037605942113042,0.5647002087988277,0.6428209796237808,0.0764622224278624,1.402637233746462,0.4804803329351164,,all,all,,,,,24.0,168.0,0.8
WBC,high,0.2,NORMA_q_age_set,14.0,3944,215,0.0545749644958409,0.0977279185792998,0.1953488372093023,0.9053365513542504,0.1073345350378281,1.966735773983104,42.0,353.0,3376.0,173.0,4954.0,270.0,0.6213761404953008,0.5818646008954595,0.660887680095142,0.0825711462407846,1.5147004687146726,0.4987469487407927,,all,all,,,,,24.0,168.0,0.8
WBC,high,0.2,NORMA_334f7e21,14.0,3944,215,0.0545749644958409,0.0955779318423285,0.1953488372093023,0.9074818986323412,0.1097489817861737,2.010976696000188,42.0,345.0,3384.0,173.0,4954.0,270.0,0.6166651075480053,0.5763958189535274,0.6569343961424832,0.0833783569755941,1.52950809261276,0.4896454553460509,,all,all,,,,,24.0,168.0,0.8
WBC,high,0.2,NORMA_q_age,14.0,3944,215,0.0545749644958409,0.0874011954111814,0.1953488372093023,0.917135961383749,0.1200164443011945,2.199111724760549,42.0,309.0,3420.0,173.0,4954.0,270.0,0.6238619992890418,0.5840133066198823,0.6637106919582014,0.0852165193836546,1.563227685809925,0.5030361594683713,,all,all,,,,,24.0,168.0,0.8
WBC,high,0.2,NORMA_q_set,14.0,3944,215,0.0545749644958409,0.0861533077884319,0.1953488372093023,0.9190131402520784,0.1217548225389477,2.2309647594590087,42.0,302.0,3427.0,173.0,4954.0,270.0,0.6164144012672516,0.5764365953786544,0.6563922071558487,0.0825313438699173,1.513970326618391,0.4866793034246749,,all,all,,,,,24.0,168.0,0.8
WBC,high,0.2,NORMA_q_co,14.0,3944,215,0.0545749644958409,0.0954369690464316,0.1953488372093023,0.9061410565835344,0.109911083783691,2.013946958995587,42.0,350.0,3379.0,173.0,4954.0,270.0,0.6144299550350178,0.5747733147355374,0.6540865953344983,0.080639105359507,1.479258751339051,0.488385514821829,,all,all,,,,,24.0,168.0,0.8
WBC,high,0.2,NORMA_q_age_set_co,14.0,3944,215,0.0545749644958409,0.111816495824894,0.1953488372093023,0.8905872888173774,0.0938106727772142,1.7189323647542345,42.0,408.0,3321.0,173.0,4954.0,270.0,0.6064522566683505,0.5663183073533204,0.6465862059833805,0.0797280058025623,1.4625453715595624,0.4770652386397896,,all,all,,,,,24.0,168.0,0.8
WBC,low,0.2,PopRI,14.0,4002,227,0.0564008926759991,0.0476206938531553,0.198237885462555,0.960794701986755,0.2337806332160193,4.144981083171796,45.0,148.0,3627.0,182.0,4954.0,281.0,0.7503772208769729,0.7181050761782917,0.7826493655756541,0.1600597000348287,2.821845460525924,0.5466828046095388,,all,all,,,,,24.0,168.0,0.8
WBC,low,0.2,PerRI,14.0,4002,227,0.0564008926759991,0.1356567605258329,0.2158590308370044,0.8678145695364239,0.0900421580907399,1.596466896508119,49.0,499.0,3276.0,178.0,4954.0,281.0,0.6207486069375967,0.5838736661915223,0.6576235476836712,0.0795466010981954,1.4024030731056305,0.4686175501188941,,all,all,,,,,24.0,168.0,0.8
WBC,low,0.2,Cohen_m2,14.0,4002,227,0.0564008926759991,0.1240132940901618,0.211453744493392,0.8842384105960265,0.0968601524261192,1.7173514075839629,48.0,437.0,3338.0,179.0,4954.0,281.0,0.6677177115850279,0.6341740838429242,0.7012613393271316,0.0905327611543742,1.5960885909242537,0.4593331515335333,,all,all,,,,,24.0,168.0,0.8
WBC,low,0.2,Cohen_m3,14.0,4002,227,0.0564008926759991,0.1232219224100652,0.2026431718061674,0.8852980132450331,0.0930916397585541,1.6505348646399758,46.0,433.0,3342.0,181.0,4954.0,281.0,0.6272765994690317,0.5917516318321043,0.662801567105959,0.0797926057948589,1.4067401250705964,0.4328106720228303,,all,all,,,,,24.0,168.0,0.8
WBC,low,0.2,Cohen_m4,14.0,4002,227,0.0564008926759991,0.1007332364553873,0.2070484581497797,0.909933774834437,0.1158883813430421,2.054726013093004,47.0,340.0,3435.0,180.0,4954.0,281.0,0.671660880473787,0.6379775215826152,0.7053442393649588,0.1002275632261726,1.7670075243662682,0.4791992446898019,,all,all,,,,,24.0,168.0,0.8
WBC,low,0.2,Gaussian_mle,14.0,4002,227,0.0564008926759991,0.1021527047818898,0.211453744493392,0.9041059602649006,0.1169261217733344,2.0731253748948397,48.0,362.0,3413.0,179.0,4954.0,281.0,0.6757067421302914,0.6413107420516505,0.7101027422089322,0.1035654019658282,1.8258534743050427,0.465398379535728,,all,all,,,,,24.0,168.0,0.8
WBC,low,0.2,Gaussian_trunc,14.0,4002,227,0.0564008926759991,0.1386445731414392,0.211453744493392,0.8651655629139073,0.0861506464203085,1.527469554696765,48.0,509.0,3266.0,179.0,4954.0,281.0,0.5550637453686145,0.5131254684661282,0.5970020222711008,0.0798814740961742,1.4083068693078824,0.4625400136431569,,all,all,,,,,24.0,168.0,0.8
WBC,low,0.2,Gaussian_eb,14.0,4002,227,0.0564008926759991,0.1033909555410214,0.211453744493392,0.9025165562913908,0.1155257685384647,2.048296809806088,48.0,368.0,3407.0,179.0,4954.0,281.0,0.6691425737374916,0.6339456838825656,0.7043394635924177,0.1025866163186199,1.8085975264630707,0.4639022162938362,,all,all,,,,,24.0,168.0,0.8
WBC,low,0.2,NORMA_q_age_set,14.0,4002,227,0.0564008926759991,0.070993674348986,0.2158590308370044,0.9356291390728476,0.1711025752519414,3.033685587830285,49.0,243.0,3532.0,178.0,4954.0,281.0,0.7133249700965661,0.6799522203398827,0.7466977198532496,0.1242555121775312,2.1906192058787664,0.5400425179015623,,all,all,,,,,24.0,168.0,0.8
WBC,low,0.2,NORMA_334f7e21,14.0,4002,227,0.0564008926759991,0.0632685234349264,0.2070484581497797,0.9419867549668874,0.1834432687932504,3.2524887477767312,47.0,219.0,3556.0,180.0,4954.0,281.0,0.7165131137497447,0.6832199766036072,0.7498062508958822,0.1284230032870402,2.2640918905494933,0.5515589509496271,,all,all,,,,,24.0,168.0,0.8
WBC,low,0.2,NORMA_q_age,14.0,4002,227,0.0564008926759991,0.0608839316301352,0.2158590308370044,0.946225165562914,0.1995140619614126,3.537427379164759,49.0,203.0,3572.0,178.0,4954.0,281.0,0.7125197654403828,0.6790555049845011,0.7459840258962644,0.1245480926885646,2.1957773873992763,0.5423052082394035,,all,all,,,,,24.0,168.0,0.8
WBC,low,0.2,NORMA_q_set,14.0,4002,227,0.0564008926759991,0.0654785262795819,0.2070484581497797,0.9403973509933776,0.1772517710778781,3.1427121569887104,47.0,225.0,3550.0,180.0,4954.0,281.0,0.7118837704583247,0.6785613331313535,0.745206207785296,0.1245229618405782,2.1953343316563623,0.5435917223552768,,all,all,,,,,24.0,168.0,0.8
WBC,low,0.2,NORMA_q_co,14.0,4002,227,0.0564008926759991,0.0578882432600924,0.211453744493392,0.949139072847682,0.2063341177091311,3.658348439526286,48.0,192.0,3583.0,179.0,4954.0,281.0,0.7104028940689092,0.6767577999628548,0.7440479881749636,0.1285786314996288,2.266835609081562,0.530689501574632,,all,all,,,,,24.0,168.0,0.8
WBC,low,0.2,NORMA_q_age_set_co,14.0,4002,227,0.0564008926759991,0.0699537553131045,0.211453744493392,0.935364238410596,0.1688124619854332,2.9930813853460445,48.0,244.0,3531.0,179.0,4954.0,281.0,0.7059777693497098,0.6731201063622607,0.7388354323371589,0.1193952013088846,2.1049321393751383,0.5450094366567294,,all,all,,,,,24.0,168.0,0.8
median,all,0.2,PopRI,,126113,6260,,0.059391503377565,0.2005420054200542,0.9497020262216924,0.2231984817538082,3.387537569900249,,,,,,,0.7095432775356354,,,0.1600597000348287,2.415269089010163,0.5265336088794687,25.0,all,all,,,,,24.0,168.0,0.8
median,all,0.2,NORMA_q_age,,126113,6260,,0.0909073486554694,0.1985294117647058,0.91509900990099,0.1344539459774057,2.1566460125432445,,,,,,,0.6488522915274757,,,0.1001458524716717,1.6463363724243376,0.4784920713639346,25.0,all,all,,,,,24.0,168.0,0.8
median,all,0.2,NORMA_q_set,,126113,6260,,0.0924975367357255,0.2,0.9170441001191896,0.1302607508453485,2.119569643771649,,,,,,,0.6493254497062542,,,0.1019842303838643,1.7015000162444534,0.4650635216163812,25.0,all,all,,,,,24.0,168.0,0.8
median,all,0.2,NORMA_334f7e21,,126113,6260,,0.0927669229004899,0.2,0.916271186440678,0.1429954357967837,2.113414618689063,,,,,,,0.6490172001782613,,,0.1002204656282911,1.6404538078605622,0.4830772421606996,25.0,all,all,,,,,24.0,168.0,0.8
median,all,0.2,NORMA_q_age_set,,126113,6260,,0.091695023786844,0.2005420054200542,0.9177602799650044,0.1209666832058993,2.0556564527815766,,,,,,,0.6503991113080512,,,0.0980141079891665,1.6652638415612826,0.4664094992844172,25.0,all,all,,,,,24.0,168.0,0.8
median,all,0.2,NORMA_q_co,,126113,6260,,0.0915187101659817,0.2,0.91875,0.1335708988643487,2.054992055469465,,,,,,,0.6520643829827389,,,0.1006401715269636,1.7126147919521617,0.4884615384615384,25.0,all,all,,,,,24.0,168.0,0.8
median,all,0.2,NORMA_q_age_set_co,,126113,6260,,0.0979643213469386,0.2,0.9125109361329834,0.124784882171973,2.044450312106524,,,,,,,0.6463408129520902,,,0.1007251321187179,1.620221098232476,0.4770652386397896,25.0,all,all,,,,,24.0,168.0,0.8
median,all,0.2,Cohen_m4,,126113,6260,,0.101137053610727,0.2005420054200542,0.909933774834437,0.1331933779226296,2.0260541523943933,,,,,,,0.6547508767286443,,,0.1002275632261726,1.7413045632058377,0.4791992446898019,25.0,all,all,,,,,24.0,168.0,0.8
median,all,0.2,Cohen_m2,,126113,6260,,0.1016084794050895,0.2009132420091324,0.908042744656918,0.1475876270740288,1.9167352513038467,,,,,,,0.6350234713113473,,,0.0968255218557121,1.481425853027387,0.4605269682345352,25.0,all,all,,,,,24.0,168.0,0.8
median,all,0.2,Cohen_m3,,126113,6260,,0.0994951161075109,0.2005420054200542,0.9053921130287044,0.1294651228854916,1.9113393399844196,,,,,,,0.639051550903134,,,0.1053076205525997,1.6059333637927289,0.4660916278997919,25.0,all,all,,,,,24.0,168.0,0.8
median,all,0.2,Gaussian_mle,,126113,6260,,0.1147039112335049,0.2009132420091324,0.891185647425897,0.1201160876761387,1.7460606435119117,,,,,,,0.6384037188844988,,,0.09429480175172,1.4676007411084762,0.4764288753056754,25.0,all,all,,,,,24.0,168.0,0.8
median,all,0.2,Gaussian_eb,,126113,6260,,0.1176091097719166,0.1982570806100217,0.8855455568053994,0.1155257685384647,1.73102709115796,,,,,,,0.6429276968259265,,,0.0906592453858478,1.490951809795828,0.4730208444290065,25.0,all,all,,,,,24.0,168.0,0.8
median,all,0.2,PerRI,,126113,6260,,0.1358528619052931,0.200836820083682,0.8678145695364239,0.0862782103020003,1.4100932989181094,,,,,,,0.5955319291049321,,,0.0787586130391576,1.3601910924563767,0.4816174686161826,25.0,all,all,,,,,24.0,168.0,0.8
median,all,0.2,Gaussian_trunc,,126113,6260,,0.1576217821238028,0.1982570806100217,0.8390989541432019,0.0721707720764502,1.193726887652938,,,,,,,0.5358922894819144,,,0.0640128121155227,1.1448944346701524,0.4625400136431569,25.0,all,all,,,,,24.0,168.0,0.8
median,high,0.2,PopRI,,59682,1916,,0.042639005504685,0.2009132420091324,0.9614935822637106,0.1727298391531248,4.436600603417601,,,,,,,0.7667949752695515,,,0.1266664600042419,2.9984430796771355,0.5260988805162826,11.0,all,all,,,,,24.0,168.0,0.8
median,high,0.2,Cohen_m2,,59682,1916,,0.0630774420564061,0.2007042253521127,0.9399284862932062,0.1475876270740288,3.1384960696150617,,,,,,,0.6850536817864706,,,0.0945154421043663,2.0099370828184564,0.4750021613175486,11.0,all,all,,,,,24.0,168.0,0.8
median,high,0.2,Cohen_m3,,59682,1916,,0.061668363302216,0.2007042253521127,0.9397803425167536,0.1201142083153799,2.9713500651888145,,,,,,,0.6883458496593435,,,0.0849973489384796,2.0120536463003056,0.4660916278997919,11.0,all,all,,,,,24.0,168.0,0.8
median,high,0.2,NORMA_q_co,,59682,1916,,0.0746756792268447,0.1980676328502415,0.9284862932061978,0.109911083783691,2.6510412228595577,,,,,,,0.6967802818650276,,,0.0835220437793425,1.8929426636670204,0.488385514821829,11.0,all,all,,,,,24.0,168.0,0.8
median,high,0.2,Cohen_m4,,59682,1916,,0.0782461935239913,0.201058201058201,0.9255367231638418,0.1202417922809652,2.5944412251098288,,,,,,,0.684942552153754,,,0.0823756122322612,1.9644025642635805,0.4819576669271276,11.0,all,all,,,,,24.0,168.0,0.8
median,high,0.2,NORMA_q_age_set_co,,59682,1916,,0.0811029007163985,0.1980676328502415,0.92045197740113,0.1130732829063007,2.544091365115458,,,,,,,0.6929712372054951,,,0.0832294805294253,1.846281186841491,0.4598090680854025,11.0,all,all,,,,,24.0,168.0,0.8
median,high,0.2,NORMA_q_age,,59682,1916,,0.0778466342308106,0.1957671957671957,0.9253873659117996,0.1159504165785416,2.5430554054326637,,,,,,,0.6912286583473024,,,0.0852165193836546,1.8471842367885385,0.4662930274846551,11.0,all,all,,,,,24.0,168.0,0.8
median,high,0.2,NORMA_q_age_set,,59682,1916,,0.0799166976972871,0.1956521739130435,0.9239570917759236,0.1080273241372423,2.4788412770777937,,,,,,,0.6963883197781503,,,0.0825711462407846,1.8690667911249648,0.4701061843472289,11.0,all,all,,,,,24.0,168.0,0.8
median,high,0.2,NORMA_334f7e21,,59682,1916,,0.0802562533494938,0.1956521739130435,0.9215733015494636,0.1127765366072505,2.466702539842036,,,,,,,0.6900006208480784,,,0.0835060675148248,1.8500653633075743,0.4693649174226133,11.0,all,all,,,,,24.0,168.0,0.8
median,high,0.2,NORMA_q_set,,59682,1916,,0.084990634562928,0.1953488372093023,0.9190131402520784,0.1107005145842659,2.435934098685089,,,,,,,0.6992682270648372,,,0.084003866328686,1.8962866751251024,0.4650635216163812,11.0,all,all,,,,,24.0,168.0,0.8
median,high,0.2,Gaussian_mle,,59682,1916,,0.0876560028392353,0.2023809523809523,0.9159322033898304,0.095598017402716,2.388572331551729,,,,,,,0.6421654488607901,,,0.0779244164575825,1.7388188748777949,0.4712352844251808,11.0,all,all,,,,,24.0,168.0,0.8
median,high,0.2,Gaussian_eb,,59682,1916,,0.1102249662134875,0.1980676328502415,0.8894978521700488,0.0951651976976549,1.743751893872644,,,,,,,0.6575499876039399,,,0.0764622224278624,1.7685764791982248,0.4559189158583739,11.0,all,all,,,,,24.0,168.0,0.8
median,high,0.2,PerRI,,59682,1916,,0.1264174795123825,0.2007042253521127,0.8758459743290549,0.0703430444323616,1.5117131436578457,,,,,,,0.5988691391292832,,,0.0646099947142833,1.3739767958080928,0.4825720994933813,11.0,all,all,,,,,24.0,168.0,0.8
median,high,0.2,Gaussian_trunc,,59682,1916,,0.1527729355858799,0.1980676328502415,0.8390989541432019,0.0686612498522505,1.1601716856498752,,,,,,,0.5498300560659071,,,0.053407795735639,1.1889032894631737,0.4574416435282504,11.0,all,all,,,,,24.0,168.0,0.8
median,low,0.2,PopRI,,66431,4344,,0.0716233955506071,0.2002710027100271,0.9343037983077372,0.2464628327070046,2.590938778355228,,,,,,,0.6985390927087823,,,0.1832098293203804,1.9809327187706292,0.527206933068963,14.0,all,all,,,,,24.0,168.0,0.8
median,low,0.2,NORMA_334f7e21,,66431,4344,,0.0995663572956406,0.2002710027100271,0.9127401618114568,0.164502524998433,2.011406916029965,,,,,,,0.6480357039626952,,,0.1295650774539825,1.5708359268788674,0.4845735058129283,14.0,all,all,,,,,24.0,168.0,0.8
median,low,0.2,NORMA_q_set,,66431,4344,,0.1020675522472021,0.2017852948085506,0.907199100112486,0.1724036598287722,1.9682926304874684,,,,,,,0.6487462869241158,,,0.1271032051909693,1.5998894501634695,0.4662505709918195,14.0,all,all,,,,,24.0,168.0,0.8
median,low,0.2,NORMA_q_age,,66431,4344,,0.1033371580102619,0.2002710027100271,0.907403079896703,0.1546130149079851,1.961105352499227,,,,,,,0.6488315304327761,,,0.1255401084611755,1.5484806624881722,0.4813152825406503,14.0,all,all,,,,,24.0,168.0,0.8
median,low,0.2,NORMA_q_age_set,,66431,4344,,0.1007245623050799,0.2017852948085506,0.914870016247969,0.1581938281148423,1.9250862056829043,,,,,,,0.6498701563795267,,,0.1276894921479793,1.5342408544691215,0.46495099467641,14.0,all,all,,,,,24.0,168.0,0.8
median,low,0.2,NORMA_q_age_set_co,,66431,4344,,0.1077879738722452,0.2002710027100271,0.905187561009622,0.1636429033330899,1.875210943975884,,,,,,,0.6435934287265019,,,0.1249651976929821,1.5075979845003196,0.4780294884896212,14.0,all,all,,,,,24.0,168.0,0.8
median,low,0.2,NORMA_q_co,,66431,4344,,0.1018633708696815,0.2002710027100271,0.9106830396200476,0.1623361736469512,1.8654613552825965,,,,,,,0.6502218193588445,,,0.1263968715496897,1.5668168024859883,0.4912711834485178,14.0,all,all,,,,,24.0,168.0,0.8
median,low,0.2,Cohen_m4,,66431,4344,,0.1067841761447491,0.1992647058823529,0.9004772397237759,0.1333431384743077,1.7180534016249998,,,,,,,0.6397681272613309,,,0.1149925831285148,1.48644291611307,0.477211957319773,14.0,all,all,,,,,24.0,168.0,0.8
median,low,0.2,Gaussian_mle,,66431,4344,,0.1181164474805358,0.1993995430150379,0.8892547955439345,0.1323018226139489,1.6509255271387664,,,,,,,0.6309975075709988,,,0.1282990854512392,1.4673675740480392,0.4828351935168413,14.0,all,all,,,,,24.0,168.0,0.8
median,low,0.2,Cohen_m3,,66431,4344,,0.1188788521893264,0.2002710027100271,0.8899373999321972,0.1305380842497633,1.6328799286348643,,,,,,,0.6294033013902904,,,0.1150910027528068,1.4167770155791315,0.4675846589200981,14.0,all,all,,,,,24.0,168.0,0.8
median,low,0.2,Cohen_m2,,66431,4344,,0.1259337880390623,0.2027931619313491,0.8795241950145473,0.1360165315928128,1.6235321050008866,,,,,,,0.6219829391981417,,,0.1198029500420799,1.4322929282768146,0.4574435227278428,14.0,all,all,,,,,24.0,168.0,0.8
median,low,0.2,Gaussian_eb,,66431,4344,,0.1248010294307332,0.1993995430150379,0.8833491616500818,0.1286464697862773,1.5756401927345065,,,,,,,0.6211670530427345,,,0.1237852064165508,1.4437271721617555,0.4789540175955658,14.0,all,all,,,,,24.0,168.0,0.8
median,low,0.2,PerRI,,66431,4344,,0.1467722661795358,0.201428511051942,0.8574850596792482,0.1096772439802177,1.360893634530559,,,,,,,0.5938082538674275,,,0.1136920896928214,1.3161940733554225,0.4670855836051233,14.0,all,all,,,,,24.0,168.0,0.8
median,low,0.2,Gaussian_trunc,,66431,4344,,0.162390264659584,0.1993995430150379,0.8401451766939123,0.1004738799732875,1.2419613982006812,,,,,,,0.5350872487951612,,,0.0963316696557129,1.1424244546254152,0.4721892617468711,14.0,all,all,,,,,24.0,168.0,0.8
ALB,low,0.2,PopRI,,147,17,0.0918918918918919,0.0476190476190476,0.1764705882352941,0.9692307692307692,0.3672316384180791,3.996344300432037,3.0,4.0,126.0,14.0,,,,,,,,,,20.0,0.0,3.0,5.1692307692307695,17.0,168.0,24.0,168.0,0.8
ALB,low,0.2,PopRI,,61,7,0.0897435897435897,0.0491803278688524,0.1428571428571428,0.9629629629629628,0.2755102040816326,3.0699708454810493,1.0,2.0,52.0,6.0,,,,,,,,,,20.0,1.0,1.0,2.6296296296296298,7.0,71.0,24.0,168.0,0.8
ALB,low,0.2,PopRI,,96,11,0.0632183908045977,0.03125,0.1818181818181818,0.9882352941176472,0.5105105105105104,8.075348075348073,2.0,1.0,84.0,9.0,,,,,,,,,,30.0,0.0,2.0,1.9176470588235293,11.0,163.0,24.0,168.0,0.8
ALB,low,0.2,PopRI,,86,10,0.1188118811881188,0.1046511627906976,0.2,0.9078947368421052,0.2264713185994536,1.9061335982120684,2.0,7.0,69.0,8.0,,,,,,,,,,30.0,1.0,2.4,8.197368421052632,12.0,89.0,24.0,168.0,0.8
ALB,low,0.2,PopRI,,112,13,0.0534979423868312,0.0803571428571428,0.2307692307692307,0.9393939393939394,0.1771019677996422,3.310444475024082,3.0,6.0,93.0,10.0,,,,,,,,,,40.0,0.0,3.0,13.93939393939394,13.0,230.0,24.0,168.0,0.8
ALB,low,0.2,PopRI,,130,15,0.1205673758865248,0.1076923076923077,0.2,0.9043478260869564,0.2227920227920227,1.847863247863248,3.0,11.0,104.0,12.0,,,,,,,,,,40.0,1.0,3.4,11.860869565217392,17.0,124.0,24.0,168.0,0.8
ALB,low,0.2,PopRI,,260,30,0.091743119266055,0.0923076923076923,0.2,0.9217391304347826,0.2051739518287243,2.236396074933096,6.0,18.0,212.0,24.0,,,,,,,,,,50.0,0.0,6.0,23.24347826086957,30.0,297.0,24.0,168.0,0.8
ALB,low,0.2,PopRI,,242,28,0.1412639405204461,0.1033057851239669,0.2142857142857142,0.911214953271028,0.2841965471447543,2.011812399524708,6.0,19.0,195.0,22.0,,,,,,,,,,50.0,1.0,8.142857142857142,20.509345794392523,38.0,231.0,24.0,168.0,0.8
ALB,low,0.2,PopRI,,320,37,0.0906862745098039,0.109375,0.1891891891891892,0.901060070671378,0.1601584606677985,1.7660716743908595,7.0,28.0,255.0,30.0,,,,,,,,,,60.0,0.0,7.0,36.706713780918726,37.0,371.0,24.0,168.0,0.8
ALB,low,0.2,PopRI,,294,34,0.1114285714285714,0.119047619047619,0.2058823529411764,0.8923076923076924,0.1933785948584941,1.7354489282172552,7.0,28.0,232.0,27.0,,,,,,,,,,60.0,1.0,8.029411764705882,33.49230769230769,39.0,311.0,24.0,168.0,0.8
ALB,low,0.2,PopRI,,216,25,0.1983471074380165,0.0879629629629629,0.2,0.9267015706806284,0.4030244417091612,2.0319148936170213,5.0,14.0,177.0,20.0,,,,,,,,,,70.0,0.0,9.6,14.219895287958115,48.0,194.0,24.0,168.0,0.8
ALB,low,0.2,PopRI,,224,26,0.1475409836065573,0.0714285714285714,0.1923076923076923,0.9444444444444444,0.3746530989824237,2.5393154486586496,5.0,11.0,187.0,21.0,,,,,,,,,,70.0,1.0,6.923076923076923,11.555555555555555,36.0,208.0,24.0,168.0,0.8
ALB,low,0.2,PerRI,,147,17,0.0918918918918919,0.1496598639455782,0.1764705882352941,0.8538461538461538,0.1088777219430485,1.1848457976155284,3.0,19.0,111.0,14.0,,,,,,,,,,20.0,0.0,3.0,24.553846153846155,17.0,168.0,24.0,168.0,0.8
ALB,low,0.2,PerRI,,61,7,0.0897435897435897,0.0491803278688524,0.1428571428571428,0.9629629629629628,0.2755102040816326,3.0699708454810493,1.0,2.0,52.0,6.0,,,,,,,,,,20.0,1.0,1.0,2.6296296296296298,7.0,71.0,24.0,168.0,0.8
ALB,low,0.2,PerRI,,96,11,0.0632183908045977,0.1041666666666666,0.1818181818181818,0.9058823529411764,0.1153324287652645,1.8243493277414575,2.0,8.0,77.0,9.0,,,,,,,,,,30.0,0.0,2.0,15.341176470588236,11.0,163.0,24.0,168.0,0.8
ALB,low,0.2,PerRI,,86,10,0.1188118811881188,0.0697674418604651,0.2,0.9473684210526316,0.338781575037147,2.851411589895988,2.0,4.0,72.0,8.0,,,,,,,,,,30.0,1.0,2.4,4.684210526315789,12.0,89.0,24.0,168.0,0.8
ALB,low,0.2,PerRI,,112,13,0.0534979423868312,0.0714285714285714,0.2307692307692307,0.9494949494949496,0.2052522460262612,3.836638137260114,3.0,5.0,94.0,10.0,,,,,,,,,,40.0,0.0,3.0,11.616161616161616,13.0,230.0,24.0,168.0,0.8
ALB,low,0.2,PerRI,,130,15,0.1205673758865248,0.2769230769230769,0.2,0.7130434782608696,0.0872183805487396,0.7233995092571939,3.0,33.0,82.0,12.0,,,,,,,,,,40.0,1.0,3.4,35.582608695652176,17.0,124.0,24.0,168.0,0.8
ALB,low,0.2,PerRI,,260,30,0.091743119266055,0.1423076923076923,0.2,0.8652173913043478,0.1303485406630773,1.4207990932275432,6.0,31.0,199.0,24.0,,,,,,,,,,50.0,0.0,6.0,40.03043478260869,30.0,297.0,24.0,168.0,0.8
ALB,low,0.2,PerRI,,242,28,0.1412639405204461,0.1942148760330578,0.2142857142857142,0.8084112149532711,0.1553984330212115,1.1000573284922603,6.0,41.0,173.0,22.0,,,,,,,,,,50.0,1.0,8.142857142857142,44.2570093457944,38.0,231.0,24.0,168.0,0.8
ALB,low,0.2,PerRI,,320,37,0.0906862745098039,0.15625,0.1891891891891892,0.8480565371024735,0.1104605776736924,1.2180517754288247,7.0,43.0,240.0,30.0,,,,,,,,,,60.0,0.0,7.0,56.371024734982335,37.0,371.0,24.0,168.0,0.8
ALB,low,0.2,PerRI,,294,34,0.1114285714285714,0.1156462585034013,0.2058823529411764,0.8961538461538462,0.199114671873159,1.7869265424514271,7.0,27.0,233.0,27.0,,,,,,,,,,60.0,1.0,8.029411764705882,32.29615384615385,39.0,311.0,24.0,168.0,0.8
ALB,low,0.2,PerRI,,216,25,0.1983471074380165,0.2453703703703703,0.2,0.7486910994764397,0.1645133505598621,0.829421475739305,5.0,48.0,143.0,20.0,,,,,,,,,,70.0,0.0,9.6,48.75392670157069,48.0,194.0,24.0,168.0,0.8
ALB,low,0.2,PerRI,,224,26,0.1475409836065573,0.0758928571428571,0.1923076923076923,0.9393939393939394,0.3544998806397708,2.4027214132251133,5.0,12.0,186.0,21.0,,,,,,,,,,70.0,1.0,6.923076923076923,12.606060606060606,36.0,208.0,24.0,168.0,0.8
ALB,low,0.2,Cohen_m2,,147,17,0.0918918918918919,0.0544217687074829,0.1764705882352941,0.9615384615384616,0.3170731707317073,3.450502152080344,3.0,5.0,125.0,14.0,,,,,,,,,,20.0,0.0,3.0,6.461538461538462,17.0,168.0,24.0,168.0,0.8
ALB,low,0.2,Cohen_m2,,61,7,0.0897435897435897,0.0491803278688524,0.1428571428571428,0.9629629629629628,0.2755102040816326,3.0699708454810493,1.0,2.0,52.0,6.0,,,,,,,,,,20.0,1.0,1.0,2.6296296296296298,7.0,71.0,24.0,168.0,0.8
ALB,low,0.2,Cohen_m2,,96,11,0.0632183908045977,0.0520833333333333,0.1818181818181818,0.9647058823529412,0.2579666160849772,4.080562836253276,2.0,3.0,82.0,9.0,,,,,,,,,,30.0,0.0,2.0,5.752941176470588,11.0,163.0,24.0,168.0,0.8
ALB,low,0.2,Cohen_m2,,86,10,0.1188118811881188,0.313953488372093,0.2,0.6710526315789473,0.0757663869734983,0.6377004236936115,2.0,25.0,51.0,8.0,,,,,,,,,,30.0,1.0,2.4,29.276315789473685,12.0,89.0,24.0,168.0,0.8
ALB,low,0.2,Cohen_m2,,112,13,0.0534979423868312,0.1964285714285714,0.2307692307692307,0.8080808080808081,0.063638311549175,1.1895469004961186,3.0,19.0,80.0,10.0,,,,,,,,,,40.0,0.0,3.0,44.14141414141414,13.0,230.0,24.0,168.0,0.8
ALB,low,0.2,Cohen_m2,,130,15,0.1205673758865248,0.1307692307692307,0.2,0.8782608695652174,0.1838269863657733,1.524682651622003,3.0,14.0,101.0,12.0,,,,,,,,,,40.0,1.0,3.4,15.095652173913043,17.0,124.0,24.0,168.0,0.8
ALB,low,0.2,Cohen_m2,,260,30,0.091743119266055,0.0615384615384615,0.2,0.9565217391304348,0.3172413793103448,3.4579310344827587,6.0,10.0,220.0,24.0,,,,,,,,,,50.0,0.0,6.0,12.91304347826087,30.0,297.0,24.0,168.0,0.8
ALB,low,0.2,Cohen_m2,,242,28,0.1412639405204461,0.1487603305785124,0.2142857142857142,0.8598130841121495,0.2009290373591618,1.4223660802530145,6.0,30.0,184.0,22.0,,,,,,,,,,50.0,1.0,8.142857142857142,32.38317757009346,38.0,231.0,24.0,168.0,0.8
ALB,low,0.2,Cohen_m2,,320,37,0.0906862745098039,0.265625,0.1891891891891892,0.7243816254416962,0.0640706361784016,0.7065086367780504,7.0,78.0,205.0,30.0,,,,,,,,,,60.0,0.0,7.0,102.25441696113074,37.0,371.0,24.0,168.0,0.8
ALB,low,0.2,Cohen_m2,,294,34,0.1114285714285714,0.119047619047619,0.2058823529411764,0.8923076923076924,0.1933785948584941,1.7354489282172552,7.0,28.0,232.0,27.0,,,,,,,,,,60.0,1.0,8.029411764705882,33.49230769230769,39.0,311.0,24.0,168.0,0.8
ALB,low,0.2,Cohen_m2,,216,25,0.1983471074380165,0.1203703703703703,0.2,0.8900523560209425,0.3103798496851513,1.564831742162638,5.0,21.0,170.0,20.0,,,,,,,,,,70.0,0.0,9.6,21.32984293193717,48.0,194.0,24.0,168.0,0.8
ALB,low,0.2,Cohen_m2,,224,26,0.1475409836065573,0.0803571428571428,0.1923076923076923,0.9343434343434344,0.3364041380351883,2.280072491127388,5.0,13.0,185.0,21.0,,,,,,,,,,70.0,1.0,6.923076923076923,13.656565656565656,36.0,208.0,24.0,168.0,0.8
ALB,low,0.2,Cohen_m3,,147,17,0.0918918918918919,0.0612244897959183,0.1764705882352941,0.953846153846154,0.278969957081545,3.035849532946225,3.0,6.0,124.0,14.0,,,,,,,,,,20.0,0.0,3.0,7.753846153846154,17.0,168.0,24.0,168.0,0.8
ALB,low,0.2,Cohen_m3,,61,7,0.0897435897435897,0.0491803278688524,0.1428571428571428,0.9629629629629628,0.2755102040816326,3.0699708454810493,1.0,2.0,52.0,6.0,,,,,,,,,,20.0,1.0,1.0,2.6296296296296298,7.0,71.0,24.0,168.0,0.8
ALB,low,0.2,Cohen_m3,,96,11,0.0632183908045977,0.0520833333333333,0.1818181818181818,0.9647058823529412,0.2579666160849772,4.080562836253276,2.0,3.0,82.0,9.0,,,,,,,,,,30.0,0.0,2.0,5.752941176470588,11.0,163.0,24.0,168.0,0.8
ALB,low,0.2,Cohen_m3,,86,10,0.1188118811881188,0.3023255813953488,0.2,0.6842105263157895,0.0786749482401656,0.6621808143547274,2.0,24.0,52.0,8.0,,,,,,,,,,30.0,1.0,2.4,28.105263157894736,12.0,89.0,24.0,168.0,0.8
ALB,low,0.2,Cohen_m3,,112,13,0.0534979423868312,0.1160714285714285,0.2307692307692307,0.898989898989899,0.1143627262225645,2.1377032670833214,3.0,10.0,89.0,10.0,,,,,,,,,,40.0,0.0,3.0,23.232323232323232,13.0,230.0,24.0,168.0,0.8
ALB,low,0.2,Cohen_m3,,130,15,0.1205673758865248,0.1384615384615384,0.2,0.8695652173913043,0.1737005775211017,1.440693025322079,3.0,15.0,100.0,12.0,,,,,,,,,,40.0,1.0,3.4,16.17391304347826,17.0,124.0,24.0,168.0,0.8
ALB,low,0.2,Cohen_m3,,260,30,0.091743119266055,0.073076923076923,0.2,0.9434782608695652,0.2633085289066972,2.870062965082999,6.0,13.0,217.0,24.0,,,,,,,,,,50.0,0.0,6.0,16.786956521739132,30.0,297.0,24.0,168.0,0.8
ALB,low,0.2,Cohen_m3,,242,28,0.1412639405204461,0.0785123966942148,0.2142857142857142,0.9392523364485982,0.3671994942653301,2.5993858936151,6.0,13.0,201.0,22.0,,,,,,,,,,50.0,1.0,8.142857142857142,14.032710280373832,38.0,231.0,24.0,168.0,0.8
ALB,low,0.2,Cohen_m3,,320,37,0.0906862745098039,0.2375,0.1891891891891892,0.7561837455830389,0.0718274111675126,0.7920428042255454,7.0,69.0,214.0,30.0,,,,,,,,,,60.0,0.0,7.0,90.45583038869258,37.0,371.0,24.0,168.0,0.8
ALB,low,0.2,Cohen_m3,,294,34,0.1114285714285714,0.0782312925170068,0.2058823529411764,0.9384615384615383,0.295548042171183,2.652354224613181,7.0,16.0,244.0,27.0,,,,,,,,,,60.0,1.0,8.029411764705882,19.138461538461534,39.0,311.0,24.0,168.0,0.8
ALB,low,0.2,Cohen_m3,,216,25,0.1983471074380165,0.1203703703703703,0.2,0.8900523560209425,0.3103798496851513,1.564831742162638,5.0,21.0,170.0,20.0,,,,,,,,,,70.0,0.0,9.6,21.32984293193717,48.0,194.0,24.0,168.0,0.8
ALB,low,0.2,Cohen_m3,,224,26,0.1475409836065573,0.0714285714285714,0.1923076923076923,0.9444444444444444,0.3746530989824237,2.5393154486586496,5.0,11.0,187.0,21.0,,,,,,,,,,70.0,1.0,6.923076923076923,11.555555555555555,36.0,208.0,24.0,168.0,0.8
ALB,low,0.2,Cohen_m4,,147,17,0.0918918918918919,0.0612244897959183,0.1764705882352941,0.953846153846154,0.278969957081545,3.035849532946225,3.0,6.0,124.0,14.0,,,,,,,,,,20.0,0.0,3.0,7.753846153846154,17.0,168.0,24.0,168.0,0.8
ALB,low,0.2,Cohen_m4,,61,7,0.0897435897435897,0.0327868852459016,0.1428571428571428,0.9814814814814816,0.432,4.813714285714286,1.0,1.0,53.0,6.0,,,,,,,,,,20.0,1.0,1.0,1.3148148148148149,7.0,71.0,24.0,168.0,0.8
ALB,low,0.2,Cohen_m4,,96,11,0.0632183908045977,0.0520833333333333,0.1818181818181818,0.9647058823529412,0.2579666160849772,4.080562836253276,2.0,3.0,82.0,9.0,,,,,,,,,,30.0,0.0,2.0,5.752941176470588,11.0,163.0,24.0,168.0,0.8
ALB,low,0.2,Cohen_m4,,86,10,0.1188118811881188,0.2093023255813953,0.2,0.7894736842105263,0.1135458167330677,0.9556772908366536,2.0,16.0,60.0,8.0,,,,,,,,,,30.0,1.0,2.4,18.73684210526316,12.0,89.0,24.0,168.0,0.8
ALB,low,0.2,Cohen_m4,,112,13,0.0534979423868312,0.1785714285714285,0.2307692307692307,0.8282828282828283,0.0705966246731637,1.3196138304291385,3.0,17.0,82.0,10.0,,,,,,,,,,40.0,0.0,3.0,39.494949494949495,13.0,230.0,24.0,168.0,0.8
ALB,low,0.2,Cohen_m4,,130,15,0.1205673758865248,0.0538461538461538,0.2,0.9652173913043478,0.4408117249154453,3.6561443066516346,3.0,4.0,111.0,12.0,,,,,,,,,,40.0,1.0,3.4,4.3130434782608695,17.0,124.0,24.0,168.0,0.8
ALB,low,0.2,Cohen_m4,,260,30,0.091743119266055,0.0769230769230769,0.2,0.9391304347826088,0.2491874322860238,2.71614301191766,6.0,14.0,216.0,24.0,,,,,,,,,,50.0,0.0,6.0,18.078260869565216,30.0,297.0,24.0,168.0,0.8
ALB,low,0.2,Cohen_m4,,242,28,0.1412639405204461,0.1033057851239669,0.2142857142857142,0.911214953271028,0.2841965471447543,2.011812399524708,6.0,19.0,195.0,22.0,,,,,,,,,,50.0,1.0,8.142857142857142,20.509345794392523,38.0,231.0,24.0,168.0,0.8
ALB,low,0.2,Cohen_m4,,320,37,0.0906862745098039,0.15625,0.1891891891891892,0.8480565371024735,0.1104605776736924,1.2180517754288247,7.0,43.0,240.0,30.0,,,,,,,,,,60.0,0.0,7.0,56.371024734982335,37.0,371.0,24.0,168.0,0.8
ALB,low,0.2,Cohen_m4,,294,34,0.1114285714285714,0.119047619047619,0.2058823529411764,0.8923076923076924,0.1933785948584941,1.7354489282172552,7.0,28.0,232.0,27.0,,,,,,,,,,60.0,1.0,8.029411764705882,33.49230769230769,39.0,311.0,24.0,168.0,0.8
ALB,low,0.2,Cohen_m4,,216,25,0.1983471074380165,0.1157407407407407,0.2,0.8952879581151832,0.3209185102212265,1.6179641556986837,5.0,20.0,171.0,20.0,,,,,,,,,,70.0,0.0,9.6,20.31413612565445,48.0,194.0,24.0,168.0,0.8
ALB,low,0.2,Cohen_m4,,224,26,0.1475409836065573,0.0848214285714285,0.1923076923076923,0.9292929292929292,0.3200660967023492,2.1693368776492563,5.0,14.0,184.0,21.0,,,,,,,,,,70.0,1.0,6.923076923076923,14.707070707070708,36.0,208.0,24.0,168.0,0.8
ALB,low,0.2,Gaussian_mle,,147,17,0.0918918918918919,0.0884353741496598,0.1764705882352941,0.9230769230769232,0.1884057971014492,2.050298380221654,3.0,10.0,120.0,14.0,,,,,,,,,,20.0,0.0,3.0,12.923076923076923,17.0,168.0,24.0,168.0,0.8
ALB,low,0.2,Gaussian_mle,,61,7,0.0897435897435897,0.081967213114754,0.1428571428571428,0.925925925925926,0.1597633136094674,1.78021978021978,1.0,4.0,50.0,6.0,,,,,,,,,,20.0,1.0,1.0,5.25925925925926,7.0,71.0,24.0,168.0,0.8
ALB,low,0.2,Gaussian_mle,,96,11,0.0632183908045977,0.0416666666666666,0.1818181818181818,0.976470588235294,0.3427419354838709,5.421554252199413,2.0,2.0,83.0,9.0,,,,,,,,,,30.0,0.0,2.0,3.835294117647059,11.0,163.0,24.0,168.0,0.8
ALB,low,0.2,Gaussian_mle,,86,10,0.1188118811881188,0.0697674418604651,0.2,0.9473684210526316,0.338781575037147,2.851411589895988,2.0,4.0,72.0,8.0,,,,,,,,,,30.0,1.0,2.4,4.684210526315789,12.0,89.0,24.0,168.0,0.8
ALB,low,0.2,Gaussian_mle,,112,13,0.0534979423868312,0.0803571428571428,0.2307692307692307,0.9393939393939394,0.1771019677996422,3.310444475024082,3.0,6.0,93.0,10.0,,,,,,,,,,40.0,0.0,3.0,13.93939393939394,13.0,230.0,24.0,168.0,0.8
ALB,low,0.2,Gaussian_mle,,130,15,0.1205673758865248,0.1076923076923077,0.2,0.9043478260869564,0.2227920227920227,1.847863247863248,3.0,11.0,104.0,12.0,,,,,,,,,,40.0,1.0,3.4,11.860869565217392,17.0,124.0,24.0,168.0,0.8
ALB,low,0.2,Gaussian_mle,,260,30,0.091743119266055,0.123076923076923,0.2,0.8869565217391304,0.1516150296638101,1.6526038233355302,6.0,26.0,204.0,24.0,,,,,,,,,,50.0,0.0,6.0,33.573913043478264,30.0,297.0,24.0,168.0,0.8
ALB,low,0.2,Gaussian_mle,,242,28,0.1412639405204461,0.1942148760330578,0.2142857142857142,0.8084112149532711,0.1553984330212115,1.1000573284922603,6.0,41.0,173.0,22.0,,,,,,,,,,50.0,1.0,8.142857142857142,44.2570093457944,38.0,231.0,24.0,168.0,0.8
ALB,low,0.2,Gaussian_mle,,320,37,0.0906862745098039,0.14375,0.1891891891891892,0.8621908127208481,0.1204255319148936,1.327935595169638,7.0,39.0,244.0,30.0,,,,,,,,,,60.0,0.0,7.0,51.12720848056537,37.0,371.0,24.0,168.0,0.8
ALB,low,0.2,Gaussian_mle,,294,34,0.1114285714285714,0.0986394557823129,0.2058823529411764,0.9153846153846154,0.2337883059734921,2.09810018181339,7.0,22.0,238.0,27.0,,,,,,,,,,60.0,1.0,8.029411764705882,26.315384615384616,39.0,311.0,24.0,168.0,0.8
ALB,low,0.2,Gaussian_mle,,216,25,0.1983471074380165,0.1944444444444444,0.2,0.806282722513089,0.2034710817168982,1.0258333703226952,5.0,37.0,154.0,20.0,,,,,,,,,,70.0,0.0,9.6,37.58115183246073,48.0,194.0,24.0,168.0,0.8
ALB,low,0.2,Gaussian_mle,,224,26,0.1475409836065573,0.09375,0.1923076923076923,0.9191919191919192,0.2917294217798441,1.977277192063388,5.0,16.0,182.0,21.0,,,,,,,,,,70.0,1.0,6.923076923076923,16.80808080808081,36.0,208.0,24.0,168.0,0.8
ALB,low,0.2,Gaussian_trunc,,147,17,0.0918918918918919,0.1020408163265306,0.1764705882352941,0.9076923076923076,0.1620947630922693,1.76397242188646,3.0,12.0,118.0,14.0,,,,,,,,,,20.0,0.0,3.0,15.507692307692308,17.0,168.0,24.0,168.0,0.8
ALB,low,0.2,Gaussian_trunc,,61,7,0.0897435897435897,0.0655737704918032,0.1428571428571428,0.9444444444444444,0.2022471910112359,2.253611556982344,1.0,3.0,51.0,6.0,,,,,,,,,,20.0,1.0,1.0,3.9444444444444446,7.0,71.0,24.0,168.0,0.8
ALB,low,0.2,Gaussian_trunc,,96,11,0.0632183908045977,0.0416666666666666,0.1818181818181818,0.976470588235294,0.3427419354838709,5.421554252199413,2.0,2.0,83.0,9.0,,,,,,,,,,30.0,0.0,2.0,3.835294117647059,11.0,163.0,24.0,168.0,0.8
ALB,low,0.2,Gaussian_trunc,,86,10,0.1188118811881188,0.0813953488372093,0.2,0.9342105263157896,0.2907236212942301,2.4469238125597705,2.0,5.0,71.0,8.0,,,,,,,,,,30.0,1.0,2.4,5.855263157894737,12.0,89.0,24.0,168.0,0.8
ALB,low,0.2,Gaussian_trunc,,112,13,0.0534979423868312,0.0892857142857142,0.2307692307692307,0.9292929292929292,0.1557420031463031,2.91117744342705,3.0,7.0,92.0,10.0,,,,,,,,,,40.0,0.0,3.0,16.262626262626263,13.0,230.0,24.0,168.0,0.8
ALB,low,0.2,Gaussian_trunc,,130,15,0.1205673758865248,0.1615384615384615,0.2,0.8434782608695652,0.1490659550133435,1.236370568051849,3.0,18.0,97.0,12.0,,,,,,,,,,40.0,1.0,3.4,19.408695652173915,17.0,124.0,24.0,168.0,0.8
ALB,low,0.2,Gaussian_trunc,,260,30,0.091743119266055,0.173076923076923,0.2,0.8304347826086956,0.1064568386947465,1.1603795417727378,6.0,39.0,191.0,24.0,,,,,,,,,,50.0,0.0,6.0,50.36086956521739,30.0,297.0,24.0,168.0,0.8
ALB,low,0.2,Gaussian_trunc,,242,28,0.1412639405204461,0.2024793388429752,0.2142857142857142,0.7990654205607477,0.1492493484564842,1.0565282824945856,6.0,43.0,171.0,22.0,,,,,,,,,,50.0,1.0,8.142857142857142,46.41588785046729,38.0,231.0,24.0,168.0,0.8
ALB,low,0.2,Gaussian_trunc,,320,37,0.0906862745098039,0.196875,0.1891891891891892,0.8021201413427562,0.087050138418948,0.9599042290521836,7.0,56.0,227.0,30.0,,,,,,,,,,60.0,0.0,7.0,73.41342756183745,37.0,371.0,24.0,168.0,0.8
ALB,low,0.2,Gaussian_trunc,,294,34,0.1114285714285714,0.0986394557823129,0.2058823529411764,0.9153846153846154,0.2337883059734921,2.09810018181339,7.0,22.0,238.0,27.0,,,,,,,,,,60.0,1.0,8.029411764705882,26.315384615384616,39.0,311.0,24.0,168.0,0.8
ALB,low,0.2,Gaussian_trunc,,216,25,0.1983471074380165,0.1851851851851851,0.2,0.8167539267015707,0.2126258175240038,1.0719884966835194,5.0,35.0,156.0,20.0,,,,,,,,,,70.0,0.0,9.6,35.54973821989529,48.0,194.0,24.0,168.0,0.8
ALB,low,0.2,Gaussian_trunc,,224,26,0.1475409836065573,0.0892857142857142,0.1923076923076923,0.9242424242424242,0.3052415210688592,2.068859198355601,5.0,15.0,183.0,21.0,,,,,,,,,,70.0,1.0,6.923076923076923,15.757575757575758,36.0,208.0,24.0,168.0,0.8
ALB,low,0.2,Gaussian_eb,,147,17,0.0918918918918919,0.0952380952380952,0.1764705882352941,0.9153846153846154,0.1742627345844504,1.8963885822425484,3.0,11.0,119.0,14.0,,,,,,,,,,20.0,0.0,3.0,14.215384615384616,17.0,168.0,24.0,168.0,0.8
ALB,low,0.2,Gaussian_eb,,61,7,0.0897435897435897,0.081967213114754,0.1428571428571428,0.925925925925926,0.1597633136094674,1.78021978021978,1.0,4.0,50.0,6.0,,,,,,,,,,20.0,1.0,1.0,5.25925925925926,7.0,71.0,24.0,168.0,0.8
ALB,low,0.2,Gaussian_eb,,96,11,0.0632183908045977,0.0416666666666666,0.1818181818181818,0.976470588235294,0.3427419354838709,5.421554252199413,2.0,2.0,83.0,9.0,,,,,,,,,,30.0,0.0,2.0,3.835294117647059,11.0,163.0,24.0,168.0,0.8
ALB,low,0.2,Gaussian_eb,,86,10,0.1188118811881188,0.0813953488372093,0.2,0.9342105263157896,0.2907236212942301,2.4469238125597705,2.0,5.0,71.0,8.0,,,,,,,,,,30.0,1.0,2.4,5.855263157894737,12.0,89.0,24.0,168.0,0.8
ALB,low,0.2,Gaussian_eb,,112,13,0.0534979423868312,0.0892857142857142,0.2307692307692307,0.9292929292929292,0.1557420031463031,2.91117744342705,3.0,7.0,92.0,10.0,,,,,,,,,,40.0,0.0,3.0,16.262626262626263,13.0,230.0,24.0,168.0,0.8
ALB,low,0.2,Gaussian_eb,,130,15,0.1205673758865248,0.1846153846153846,0.2,0.8173913043478261,0.130550918196995,1.0828046744574291,3.0,21.0,94.0,12.0,,,,,,,,,,40.0,1.0,3.4,22.643478260869564,17.0,124.0,24.0,168.0,0.8
ALB,low,0.2,Gaussian_eb,,260,30,0.091743119266055,0.1615384615384615,0.2,0.8434782608695652,0.1143141153081511,1.2460238568588469,6.0,36.0,194.0,24.0,,,,,,,,,,50.0,0.0,6.0,46.48695652173913,30.0,297.0,24.0,168.0,0.8
ALB,low,0.2,Gaussian_eb,,242,28,0.1412639405204461,0.1776859504132231,0.2142857142857142,0.8271028037383178,0.1693531592319546,1.198842100878837,6.0,37.0,177.0,22.0,,,,,,,,,,50.0,1.0,8.142857142857142,39.9392523364486,38.0,231.0,24.0,168.0,0.8
ALB,low,0.2,Gaussian_eb,,320,37,0.0906862745098039,0.209375,0.1891891891891892,0.7879858657243817,0.0817210511117528,0.9011402392863552,7.0,60.0,223.0,30.0,,,,,,,,,,60.0,0.0,7.0,78.65724381625442,37.0,371.0,24.0,168.0,0.8
ALB,low,0.2,Gaussian_eb,,294,34,0.1114285714285714,0.0918367346938775,0.2058823529411764,0.9230769230769232,0.2512922183672024,2.255186575090278,7.0,20.0,240.0,27.0,,,,,,,,,,60.0,1.0,8.029411764705882,23.923076923076923,39.0,311.0,24.0,168.0,0.8
ALB,low,0.2,Gaussian_eb,,216,25,0.1983471074380165,0.1898148148148148,0.2,0.8115183246073299,0.2079477408818726,1.0484031936127742,5.0,36.0,155.0,20.0,,,,,,,,,,70.0,0.0,9.6,36.56544502617801,48.0,194.0,24.0,168.0,0.8
ALB,low,0.2,Gaussian_eb,,224,26,0.1475409836065573,0.0892857142857142,0.1923076923076923,0.9242424242424242,0.3052415210688592,2.068859198355601,5.0,15.0,183.0,21.0,,,,,,,,,,70.0,1.0,6.923076923076923,15.757575757575758,36.0,208.0,24.0,168.0,0.8
ALB,low,0.2,NORMA_q_age_set,,147,17,0.0918918918918919,0.0884353741496598,0.1764705882352941,0.9230769230769232,0.1884057971014492,2.050298380221654,3.0,10.0,120.0,14.0,,,,,,,,,,20.0,0.0,3.0,12.923076923076923,17.0,168.0,24.0,168.0,0.8
ALB,low,0.2,NORMA_q_age_set,,61,7,0.0897435897435897,0.0163934426229508,0.1428571428571428,1.0,1.0,11.142857142857142,1.0,0.0,54.0,6.0,,,,,,,,,,20.0,1.0,1.0,0.0,7.0,71.0,24.0,168.0,0.8
ALB,low,0.2,NORMA_q_age_set,,96,11,0.0632183908045977,0.0416666666666666,0.1818181818181818,0.976470588235294,0.3427419354838709,5.421554252199413,2.0,2.0,83.0,9.0,,,,,,,,,,30.0,0.0,2.0,3.835294117647059,11.0,163.0,24.0,168.0,0.8
ALB,low,0.2,NORMA_q_age_set,,86,10,0.1188118811881188,0.0930232558139534,0.2,0.9210526315789472,0.254606365159129,2.1429369067560025,2.0,6.0,70.0,8.0,,,,,,,,,,30.0,1.0,2.4,7.026315789473684,12.0,89.0,24.0,168.0,0.8
ALB,low,0.2,NORMA_q_age_set,,112,13,0.0534979423868312,0.1517857142857142,0.2307692307692307,0.8585858585858586,0.0844469718510093,1.578508781522714,3.0,14.0,85.0,10.0,,,,,,,,,,40.0,0.0,3.0,32.525252525252526,13.0,230.0,24.0,168.0,0.8
ALB,low,0.2,NORMA_q_age_set,,130,15,0.1205673758865248,0.2538461538461538,0.2,0.7391304347826086,0.095110678666991,0.7888591583556313,3.0,30.0,85.0,12.0,,,,,,,,,,40.0,1.0,3.4,32.34782608695652,17.0,124.0,24.0,168.0,0.8
ALB,low,0.2,NORMA_q_age_set,,260,30,0.091743119266055,0.0923076923076923,0.2,0.9217391304347826,0.2051739518287243,2.236396074933096,6.0,18.0,212.0,24.0,,,,,,,,,,50.0,0.0,6.0,23.24347826086957,30.0,297.0,24.0,168.0,0.8
ALB,low,0.2,NORMA_q_age_set,,242,28,0.1412639405204461,0.128099173553719,0.2142857142857142,0.883177570093458,0.2317997833646884,1.640898466450031,6.0,25.0,189.0,22.0,,,,,,,,,,50.0,1.0,8.142857142857142,26.985981308411212,38.0,231.0,24.0,168.0,0.8
ALB,low,0.2,NORMA_q_age_set,,320,37,0.0906862745098039,0.20625,0.1891891891891892,0.7915194346289752,0.082991202346041,0.9151462312752636,7.0,59.0,224.0,30.0,,,,,,,,,,60.0,0.0,7.0,77.34628975265018,37.0,371.0,24.0,168.0,0.8
ALB,low,0.2,NORMA_q_age_set,,294,34,0.1114285714285714,0.119047619047619,0.2058823529411764,0.8923076923076924,0.1933785948584941,1.7354489282172552,7.0,28.0,232.0,27.0,,,,,,,,,,60.0,1.0,8.029411764705882,33.49230769230769,39.0,311.0,24.0,168.0,0.8
ALB,low,0.2,NORMA_q_age_set,,216,25,0.1983471074380165,0.1481481481481481,0.2,0.8586387434554974,0.2592906838622094,1.3072571978053056,5.0,27.0,164.0,20.0,,,,,,,,,,70.0,0.0,9.6,27.42408376963351,48.0,194.0,24.0,168.0,0.8
ALB,low,0.2,NORMA_q_age_set,,224,26,0.1475409836065573,0.1607142857142857,0.1923076923076923,0.8434343434343434,0.1753177757664004,1.188264924638936,5.0,31.0,167.0,21.0,,,,,,,,,,70.0,1.0,6.923076923076923,32.56565656565657,36.0,208.0,24.0,168.0,0.8
ALB,low,0.2,NORMA_334f7e21,,147,17,0.0918918918918919,0.1156462585034013,0.1764705882352941,0.8923076923076924,0.1422319474835886,1.5478182520272878,3.0,14.0,116.0,14.0,,,,,,,,,,20.0,0.0,3.0,18.09230769230769,17.0,168.0,24.0,168.0,0.8
ALB,low,0.2,NORMA_334f7e21,,61,7,0.0897435897435897,0.0655737704918032,0.1428571428571428,0.9444444444444444,0.2022471910112359,2.253611556982344,1.0,3.0,51.0,6.0,,,,,,,,,,20.0,1.0,1.0,3.9444444444444446,7.0,71.0,24.0,168.0,0.8
ALB,low,0.2,NORMA_334f7e21,,96,11,0.0632183908045977,0.0520833333333333,0.1818181818181818,0.9647058823529412,0.2579666160849772,4.080562836253276,2.0,3.0,82.0,9.0,,,,,,,,,,30.0,0.0,2.0,5.752941176470588,11.0,163.0,24.0,168.0,0.8
ALB,low,0.2,NORMA_334f7e21,,86,10,0.1188118811881188,0.0930232558139534,0.2,0.9210526315789472,0.254606365159129,2.1429369067560025,2.0,6.0,70.0,8.0,,,,,,,,,,30.0,1.0,2.4,7.026315789473684,12.0,89.0,24.0,168.0,0.8
ALB,low,0.2,NORMA_334f7e21,,112,13,0.0534979423868312,0.1339285714285714,0.2307692307692307,0.8787878787878788,0.0971540726202159,1.816033818977882,3.0,12.0,87.0,10.0,,,,,,,,,,40.0,0.0,3.0,27.87878787878788,13.0,230.0,24.0,168.0,0.8
ALB,low,0.2,NORMA_334f7e21,,130,15,0.1205673758865248,0.3,0.2,0.6869565217391305,0.0805355303810504,0.6679711637487127,3.0,36.0,79.0,12.0,,,,,,,,,,40.0,1.0,3.4,38.81739130434783,17.0,124.0,24.0,168.0,0.8
ALB,low,0.2,NORMA_334f7e21,,260,30,0.091743119266055,0.0653846153846153,0.2,0.9521739130434784,0.2969657843770173,3.236927049709489,6.0,11.0,219.0,24.0,,,,,,,,,,50.0,0.0,6.0,14.204347826086956,30.0,297.0,24.0,168.0,0.8
ALB,low,0.2,NORMA_334f7e21,,242,28,0.1412639405204461,0.1818181818181818,0.2142857142857142,0.822429906542056,0.1656346749226006,1.17251914616262,6.0,38.0,176.0,22.0,,,,,,,,,,50.0,1.0,8.142857142857142,41.018691588785046,38.0,231.0,24.0,168.0,0.8
ALB,low,0.2,NORMA_334f7e21,,320,37,0.0906862745098039,0.203125,0.1891891891891892,0.7950530035335689,0.0843014596365802,0.9295944738303988,7.0,58.0,225.0,30.0,,,,,,,,,,60.0,0.0,7.0,76.03533568904594,37.0,371.0,24.0,168.0,0.8
ALB,low,0.2,NORMA_334f7e21,,294,34,0.1114285714285714,0.1258503401360544,0.2058823529411764,0.8846153846153846,0.1828438948995363,1.6409067490984028,7.0,30.0,230.0,27.0,,,,,,,,,,60.0,1.0,8.029411764705882,35.88461538461539,39.0,311.0,24.0,168.0,0.8
ALB,low,0.2,NORMA_334f7e21,,216,25,0.1983471074380165,0.1342592592592592,0.2,0.8743455497382199,0.2825443786982248,1.4244945759368837,5.0,24.0,167.0,20.0,,,,,,,,,,70.0,0.0,9.6,24.376963350785346,48.0,194.0,24.0,168.0,0.8
ALB,low,0.2,NORMA_334f7e21,,224,26,0.1475409836065573,0.1383928571428571,0.1923076923076923,0.8686868686868687,0.2022150605964323,1.370568744042486,5.0,26.0,172.0,21.0,,,,,,,,,,70.0,1.0,6.923076923076923,27.31313131313131,36.0,208.0,24.0,168.0,0.8
ALB,low,0.2,NORMA_q_age,,147,17,0.0918918918918919,0.1292517006802721,0.1764705882352941,0.8769230769230769,0.1267056530214425,1.37885563582158,3.0,16.0,114.0,14.0,,,,,,,,,,20.0,0.0,3.0,20.67692307692308,17.0,168.0,24.0,168.0,0.8
ALB,low,0.2,NORMA_q_age,,61,7,0.0897435897435897,0.0491803278688524,0.1428571428571428,0.9629629629629628,0.2755102040816326,3.0699708454810493,1.0,2.0,52.0,6.0,,,,,,,,,,20.0,1.0,1.0,2.6296296296296298,7.0,71.0,24.0,168.0,0.8
ALB,low,0.2,NORMA_q_age,,96,11,0.0632183908045977,0.0416666666666666,0.1818181818181818,0.976470588235294,0.3427419354838709,5.421554252199413,2.0,2.0,83.0,9.0,,,,,,,,,,30.0,0.0,2.0,3.835294117647059,11.0,163.0,24.0,168.0,0.8
ALB,low,0.2,NORMA_q_age,,86,10,0.1188118811881188,0.1046511627906976,0.2,0.9078947368421052,0.2264713185994536,1.9061335982120684,2.0,7.0,69.0,8.0,,,,,,,,,,30.0,1.0,2.4,8.197368421052632,12.0,89.0,24.0,168.0,0.8
ALB,low,0.2,NORMA_q_age,,112,13,0.0534979423868312,0.1785714285714285,0.2307692307692307,0.8282828282828283,0.0705966246731637,1.3196138304291385,3.0,17.0,82.0,10.0,,,,,,,,,,40.0,0.0,3.0,39.494949494949495,13.0,230.0,24.0,168.0,0.8
ALB,low,0.2,NORMA_q_age,,130,15,0.1205673758865248,0.3,0.2,0.6869565217391305,0.0805355303810504,0.6679711637487127,3.0,36.0,79.0,12.0,,,,,,,,,,40.0,1.0,3.4,38.81739130434783,17.0,124.0,24.0,168.0,0.8
ALB,low,0.2,NORMA_q_age,,260,30,0.091743119266055,0.0807692307692307,0.2,0.9347826086956522,0.2365038560411311,2.577892030848329,6.0,15.0,215.0,24.0,,,,,,,,,,50.0,0.0,6.0,19.369565217391305,30.0,297.0,24.0,168.0,0.8
ALB,low,0.2,NORMA_q_age,,242,28,0.1412639405204461,0.1198347107438016,0.2142857142857142,0.8925233644859814,0.2469780720403328,1.7483447731276194,6.0,23.0,191.0,22.0,,,,,,,,,,50.0,1.0,8.142857142857142,24.82710280373832,38.0,231.0,24.0,168.0,0.8
ALB,low,0.2,NORMA_q_age,,320,37,0.0906862745098039,0.209375,0.1891891891891892,0.7879858657243817,0.0817210511117528,0.9011402392863552,7.0,60.0,223.0,30.0,,,,,,,,,,60.0,0.0,7.0,78.65724381625442,37.0,371.0,24.0,168.0,0.8
ALB,low,0.2,NORMA_q_age,,294,34,0.1114285714285714,0.1292517006802721,0.2058823529411764,0.8807692307692307,0.1779955563803056,1.5973960187976148,7.0,31.0,229.0,27.0,,,,,,,,,,60.0,1.0,8.029411764705882,37.08076923076923,39.0,311.0,24.0,168.0,0.8
ALB,low,0.2,NORMA_q_age,,216,25,0.1983471074380165,0.1712962962962963,0.2,0.8324607329842932,0.2280143255073617,1.1495722244329485,5.0,32.0,159.0,20.0,,,,,,,,,,70.0,0.0,9.6,32.50261780104712,48.0,194.0,24.0,168.0,0.8
ALB,low,0.2,NORMA_q_age,,224,26,0.1475409836065573,0.125,0.1923076923076923,0.8838383838383839,0.2227165925111233,1.5095235714642803,5.0,23.0,175.0,21.0,,,,,,,,,,70.0,1.0,6.923076923076923,24.161616161616163,36.0,208.0,24.0,168.0,0.8
ALB,low,0.2,NORMA_q_set,,147,17,0.0918918918918919,0.1156462585034013,0.1764705882352941,0.8923076923076924,0.1422319474835886,1.5478182520272878,3.0,14.0,116.0,14.0,,,,,,,,,,20.0,0.0,3.0,18.09230769230769,17.0,168.0,24.0,168.0,0.8
ALB,low,0.2,NORMA_q_set,,61,7,0.0897435897435897,0.0163934426229508,0.1428571428571428,1.0,1.0,11.142857142857142,1.0,0.0,54.0,6.0,,,,,,,,,,20.0,1.0,1.0,0.0,7.0,71.0,24.0,168.0,0.8
ALB,low,0.2,NORMA_q_set,,96,11,0.0632183908045977,0.0520833333333333,0.1818181818181818,0.9647058823529412,0.2579666160849772,4.080562836253276,2.0,3.0,82.0,9.0,,,,,,,,,,30.0,0.0,2.0,5.752941176470588,11.0,163.0,24.0,168.0,0.8
ALB,low,0.2,NORMA_q_set,,86,10,0.1188118811881188,0.1395348837209302,0.2,0.868421052631579,0.1700857888847445,1.431555389779933,2.0,10.0,66.0,8.0,,,,,,,,,,30.0,1.0,2.4,11.710526315789474,12.0,89.0,24.0,168.0,0.8
ALB,low,0.2,NORMA_q_set,,112,13,0.0534979423868312,0.1517857142857142,0.2307692307692307,0.8585858585858586,0.0844469718510093,1.578508781522714,3.0,14.0,85.0,10.0,,,,,,,,,,40.0,0.0,3.0,32.525252525252526,13.0,230.0,24.0,168.0,0.8
ALB,low,0.2,NORMA_q_set,,130,15,0.1205673758865248,0.2384615384615384,0.2,0.7565217391304347,0.1012166709811027,0.8395029769609113,3.0,28.0,87.0,12.0,,,,,,,,,,40.0,1.0,3.4,30.191304347826087,17.0,124.0,24.0,168.0,0.8
ALB,low,0.2,NORMA_q_set,,260,30,0.091743119266055,0.0923076923076923,0.2,0.9217391304347826,0.2051739518287243,2.236396074933096,6.0,18.0,212.0,24.0,,,,,,,,,,50.0,0.0,6.0,23.24347826086957,30.0,297.0,24.0,168.0,0.8
ALB,low,0.2,NORMA_q_set,,242,28,0.1412639405204461,0.1611570247933884,0.2142857142857142,0.8457943925233645,0.1860614103326774,1.3171189310392164,6.0,33.0,181.0,22.0,,,,,,,,,,50.0,1.0,8.142857142857142,35.62149532710281,38.0,231.0,24.0,168.0,0.8
ALB,low,0.2,NORMA_q_set,,320,37,0.0906862745098039,0.196875,0.1891891891891892,0.8021201413427562,0.087050138418948,0.9599042290521836,7.0,56.0,227.0,30.0,,,,,,,,,,60.0,0.0,7.0,73.41342756183745,37.0,371.0,24.0,168.0,0.8
ALB,low,0.2,NORMA_q_set,,294,34,0.1114285714285714,0.119047619047619,0.2058823529411764,0.8923076923076924,0.1933785948584941,1.7354489282172552,7.0,28.0,232.0,27.0,,,,,,,,,,60.0,1.0,8.029411764705882,33.49230769230769,39.0,311.0,24.0,168.0,0.8
ALB,low,0.2,NORMA_q_set,,216,25,0.1983471074380165,0.1712962962962963,0.2,0.8324607329842932,0.2280143255073617,1.1495722244329485,5.0,32.0,159.0,20.0,,,,,,,,,,70.0,0.0,9.6,32.50261780104712,48.0,194.0,24.0,168.0,0.8
ALB,low,0.2,NORMA_q_set,,224,26,0.1475409836065573,0.15625,0.1923076923076923,0.8484848484848485,0.1801091570648878,1.2207398423286842,5.0,30.0,168.0,21.0,,,,,,,,,,70.0,1.0,6.923076923076923,31.51515151515152,36.0,208.0,24.0,168.0,0.8
ALB,low,0.2,NORMA_q_co,,147,17,0.0918918918918919,0.1360544217687075,0.1764705882352941,0.8692307692307693,0.1201478743068391,1.307491573339132,3.0,17.0,113.0,14.0,,,,,,,,,,20.0,0.0,3.0,21.96923076923077,17.0,168.0,24.0,168.0,0.8
ALB,low,0.2,NORMA_q_co,,61,7,0.0897435897435897,0.0327868852459016,0.1428571428571428,0.9814814814814816,0.432,4.813714285714286,1.0,1.0,53.0,6.0,,,,,,,,,,20.0,1.0,1.0,1.3148148148148149,7.0,71.0,24.0,168.0,0.8
ALB,low,0.2,NORMA_q_co,,96,11,0.0632183908045977,0.0416666666666666,0.1818181818181818,0.976470588235294,0.3427419354838709,5.421554252199413,2.0,2.0,83.0,9.0,,,,,,,,,,30.0,0.0,2.0,3.835294117647059,11.0,163.0,24.0,168.0,0.8
ALB,low,0.2,NORMA_q_co,,86,10,0.1188118811881188,0.1046511627906976,0.2,0.9078947368421052,0.2264713185994536,1.9061335982120684,2.0,7.0,69.0,8.0,,,,,,,,,,30.0,1.0,2.4,8.197368421052632,12.0,89.0,24.0,168.0,0.8
ALB,low,0.2,NORMA_q_co,,112,13,0.0534979423868312,0.1607142857142857,0.2307692307692307,0.8484848484848485,0.0792634107285828,1.4816160620804335,3.0,15.0,84.0,10.0,,,,,,,,,,40.0,0.0,3.0,34.84848484848485,13.0,230.0,24.0,168.0,0.8
ALB,low,0.2,NORMA_q_co,,130,15,0.1205673758865248,0.2153846153846154,0.2,0.782608695652174,0.1120022916069894,0.9289601833285592,3.0,25.0,90.0,12.0,,,,,,,,,,40.0,1.0,3.4,26.956521739130437,17.0,124.0,24.0,168.0,0.8
ALB,low,0.2,NORMA_q_co,,260,30,0.091743119266055,0.0615384615384615,0.2,0.9565217391304348,0.3172413793103448,3.4579310344827587,6.0,10.0,220.0,24.0,,,,,,,,,,50.0,0.0,6.0,12.91304347826087,30.0,297.0,24.0,168.0,0.8
ALB,low,0.2,NORMA_q_co,,242,28,0.1412639405204461,0.1446280991735537,0.2142857142857142,0.8644859813084113,0.2064273747271158,1.461288521094583,6.0,29.0,185.0,22.0,,,,,,,,,,50.0,1.0,8.142857142857142,31.30373831775701,38.0,231.0,24.0,168.0,0.8
ALB,low,0.2,NORMA_q_co,,320,37,0.0906862745098039,0.196875,0.1891891891891892,0.8021201413427562,0.087050138418948,0.9599042290521836,7.0,56.0,227.0,30.0,,,,,,,,,,60.0,0.0,7.0,73.41342756183745,37.0,371.0,24.0,168.0,0.8
ALB,low,0.2,NORMA_q_co,,294,34,0.1114285714285714,0.1428571428571428,0.2058823529411764,0.8653846153846154,0.1609268370099984,1.444215203935883,7.0,35.0,225.0,27.0,,,,,,,,,,60.0,1.0,8.029411764705882,41.86538461538461,39.0,311.0,24.0,168.0,0.8
ALB,low,0.2,NORMA_q_co,,216,25,0.1983471074380165,0.1527777777777778,0.2,0.8534031413612565,0.2523673199735741,1.2723519048667693,5.0,28.0,163.0,20.0,,,,,,,,,,70.0,0.0,9.6,28.43979057591623,48.0,194.0,24.0,168.0,0.8
ALB,low,0.2,NORMA_q_co,,224,26,0.1475409836065573,0.1160714285714285,0.1923076923076923,0.8939393939393939,0.2388611870677175,1.6189480456811969,5.0,21.0,177.0,21.0,,,,,,,,,,70.0,1.0,6.923076923076923,22.060606060606062,36.0,208.0,24.0,168.0,0.8
ALB,low,0.2,NORMA_q_age_set_co,,147,17,0.0918918918918919,0.0748299319727891,0.1764705882352941,0.9384615384615383,0.2249134948096885,2.447588031752493,3.0,8.0,122.0,14.0,,,,,,,,,,20.0,0.0,3.0,10.33846153846154,17.0,168.0,24.0,168.0,0.8
ALB,low,0.2,NORMA_q_age_set_co,,61,7,0.0897435897435897,0.0163934426229508,0.1428571428571428,1.0,1.0,11.142857142857142,1.0,0.0,54.0,6.0,,,,,,,,,,20.0,1.0,1.0,0.0,7.0,71.0,24.0,168.0,0.8
ALB,low,0.2,NORMA_q_age_set_co,,96,11,0.0632183908045977,0.0416666666666666,0.1818181818181818,0.976470588235294,0.3427419354838709,5.421554252199413,2.0,2.0,83.0,9.0,,,,,,,,,,30.0,0.0,2.0,3.835294117647059,11.0,163.0,24.0,168.0,0.8
ALB,low,0.2,NORMA_q_age_set_co,,86,10,0.1188118811881188,0.127906976744186,0.2,0.881578947368421,0.1854789505796217,1.561114500711816,2.0,9.0,67.0,8.0,,,,,,,,,,30.0,1.0,2.4,10.539473684210526,12.0,89.0,24.0,168.0,0.8
ALB,low,0.2,NORMA_q_age_set_co,,112,13,0.0534979423868312,0.2053571428571428,0.2307692307692307,0.797979797979798,0.0606493771696957,1.1336768194027742,3.0,20.0,79.0,10.0,,,,,,,,,,40.0,0.0,3.0,46.464646464646464,13.0,230.0,24.0,168.0,0.8
ALB,low,0.2,NORMA_q_age_set_co,,130,15,0.1205673758865248,0.2538461538461538,0.2,0.7391304347826086,0.095110678666991,0.7888591583556313,3.0,30.0,85.0,12.0,,,,,,,,,,40.0,1.0,3.4,32.34782608695652,17.0,124.0,24.0,168.0,0.8
ALB,low,0.2,NORMA_q_age_set_co,,260,30,0.091743119266055,0.0692307692307692,0.2,0.9478260869565216,0.279126213592233,3.04247572815534,6.0,12.0,218.0,24.0,,,,,,,,,,50.0,0.0,6.0,15.495652173913044,30.0,297.0,24.0,168.0,0.8
ALB,low,0.2,NORMA_q_age_set_co,,242,28,0.1412639405204461,0.1363636363636363,0.2142857142857142,0.8738317757009346,0.2183790751382996,1.5458939792684891,6.0,27.0,187.0,22.0,,,,,,,,,,50.0,1.0,8.142857142857142,29.14485981308411,38.0,231.0,24.0,168.0,0.8
ALB,low,0.2,NORMA_q_age_set_co,,320,37,0.0906862745098039,0.26875,0.1891891891891892,0.7208480565371025,0.0633109619686801,0.6981316887357156,7.0,79.0,204.0,30.0,,,,,,,,,,60.0,0.0,7.0,103.565371024735,37.0,371.0,24.0,168.0,0.8
ALB,low,0.2,NORMA_q_age_set_co,,294,34,0.1114285714285714,0.1360544217687075,0.2058823529411764,0.8730769230769231,0.1690313915441439,1.5169483856525734,7.0,33.0,227.0,27.0,,,,,,,,,,60.0,1.0,8.029411764705882,39.47307692307693,39.0,311.0,24.0,168.0,0.8
ALB,low,0.2,NORMA_q_age_set_co,,216,25,0.1983471074380165,0.1712962962962963,0.2,0.8324607329842932,0.2280143255073617,1.1495722244329485,5.0,32.0,159.0,20.0,,,,,,,,,,70.0,0.0,9.6,32.50261780104712,48.0,194.0,24.0,168.0,0.8
ALB,low,0.2,NORMA_q_age_set_co,,224,26,0.1475409836065573,0.1383928571428571,0.1923076923076923,0.8686868686868687,0.2022150605964323,1.370568744042486,5.0,26.0,172.0,21.0,,,,,,,,,,70.0,1.0,6.923076923076923,27.31313131313131,36.0,208.0,24.0,168.0,0.8
ALP,high,0.2,PopRI,,307,8,0.0263929618768328,0.022801302931596,0.25,0.9832775919732442,0.2883935269531669,10.926910299003325,2.0,5.0,294.0,6.0,,,,,,,,,,30.0,1.0,2.25,5.551839464882943,9.0,332.0,24.0,168.0,0.8
ALP,high,0.2,PopRI,,539,14,0.0253565768621236,0.0185528756957328,0.2142857142857142,0.9866666666666668,0.2948402948402948,11.627764127764127,3.0,7.0,518.0,11.0,,,,,,,,,,40.0,0.0,3.4285714285714284,8.2,16.0,615.0,24.0,168.0,0.8
ALP,high,0.2,PopRI,,269,7,0.0131826741996233,0.0148698884758364,0.1428571428571428,0.9885496183206108,0.1428571428571428,10.83673469387755,1.0,3.0,259.0,6.0,,,,,,,,,,40.0,1.0,1.0,6.0,7.0,524.0,24.0,168.0,0.8
ALP,high,0.2,PopRI,,1232,32,0.0296875,0.0219155844155844,0.1875,0.9825,0.2468814968814968,8.316008316008316,6.0,21.0,1179.0,26.0,,,,,,,,,,50.0,0.0,7.125,21.735,38.0,1242.0,24.0,168.0,0.8
ALP,high,0.2,PopRI,,846,22,0.0274122807017543,0.0330969267139479,0.1818181818181818,0.970873786407767,0.149617965776706,5.458063391534238,4.0,24.0,800.0,18.0,,,,,,,,,,50.0,1.0,4.545454545454546,25.83495145631068,25.0,887.0,24.0,168.0,0.8
ALP,high,0.2,PopRI,,1963,51,0.0285285285285285,0.0219052470708099,0.196078431372549,0.9827405857740584,0.2501616534027094,8.768824271905498,10.0,33.0,1879.0,41.0,,,,,,,,,,60.0,0.0,11.176470588235292,33.5005230125523,57.0,1941.0,24.0,168.0,0.8
ALP,high,0.2,PopRI,,1231,32,0.0236051502145922,0.033306255077173,0.1875,0.9708090075062552,0.134413843943105,5.694259207044268,6.0,35.0,1164.0,26.0,,,,,,,,,,60.0,1.0,6.1875,39.845704753961634,33.0,1365.0,24.0,168.0,0.8
ALP,high,0.2,PopRI,,1770,46,0.0337202874516307,0.0175141242937853,0.1956521739130435,0.9872389791183296,0.348551916955262,10.336564225771625,9.0,22.0,1702.0,37.0,,,,,,,,,,70.0,0.0,11.934782608695652,22.306264501160094,61.0,1748.0,24.0,168.0,0.8
ALP,high,0.2,PopRI,,1424,37,0.024516129032258,0.0126404494382022,0.1891891891891892,0.9920692141312184,0.3748168797735709,15.28858325392197,7.0,11.0,1376.0,30.0,,,,,,,,,,70.0,1.0,7.1891891891891895,11.991348233597693,38.0,1512.0,24.0,168.0,0.8
ALP,high,0.2,PopRI,,538,14,0.0307692307692307,0.0148698884758364,0.2142857142857142,0.9904580152671756,0.4162033359809373,13.52660841938046,3.0,5.0,519.0,11.0,,,,,,,,,,80.0,0.0,3.857142857142857,5.4103053435114505,18.0,567.0,24.0,168.0,0.8
ALP,high,0.2,PopRI,,423,11,0.025390625,0.0189125295508274,0.1818181818181818,0.9854368932038836,0.2454291343994868,9.666132062502864,2.0,6.0,406.0,9.0,,,,,,,,,,80.0,1.0,2.363636363636364,7.266990291262136,13.0,499.0,24.0,168.0,0.8
ALP,high,0.2,PerRI,,307,8,0.0263929618768328,0.1042345276872964,0.25,0.8996655518394648,0.0632714960852084,2.3972866850062307,2.0,30.0,269.0,6.0,,,,,,,,,,30.0,1.0,2.25,33.31103678929766,9.0,332.0,24.0,168.0,0.8
ALP,high,0.2,PerRI,,539,14,0.0253565768621236,0.1465677179962894,0.2142857142857142,0.8552380952380952,0.0370828182941903,1.462453646477132,3.0,76.0,449.0,11.0,,,,,,,,,,40.0,0.0,3.4285714285714284,89.02857142857142,16.0,615.0,24.0,168.0,0.8
ALP,high,0.2,PerRI,,269,7,0.0131826741996233,0.1412639405204461,0.1428571428571428,0.8587786259541985,0.0133333333333333,1.0114285714285711,1.0,37.0,225.0,6.0,,,,,,,,,,40.0,1.0,1.0,74.0,7.0,524.0,24.0,168.0,0.8
ALP,high,0.2,PerRI,,1232,32,0.0296875,0.0827922077922077,0.1875,0.92,0.0669108325116213,2.253838568812509,6.0,96.0,1104.0,26.0,,,,,,,,,,50.0,0.0,7.125,99.36,38.0,1242.0,24.0,168.0,0.8
ALP,high,0.2,PerRI,,846,22,0.0274122807017543,0.1087470449172576,0.1818181818181818,0.8932038834951457,0.0457871387039128,1.670314819918739,4.0,88.0,736.0,18.0,,,,,,,,,,50.0,1.0,4.545454545454546,94.72815533980582,25.0,887.0,24.0,168.0,0.8
ALP,high,0.2,PerRI,,1963,51,0.0285285285285285,0.1049414161996943,0.196078431372549,0.897489539748954,0.0531834841916455,1.8642210774545245,10.0,196.0,1716.0,41.0,,,,,,,,,,60.0,0.0,11.176470588235292,198.97280334728035,57.0,1941.0,24.0,168.0,0.8
ALP,high,0.2,PerRI,,1231,32,0.0236051502145922,0.0893582453290008,0.1875,0.9132610508757296,0.0496644227908827,2.1039655473228507,6.0,104.0,1095.0,26.0,,,,,,,,,,60.0,1.0,6.1875,118.39866555462886,33.0,1365.0,24.0,168.0,0.8
ALP,high,0.2,PerRI,,1770,46,0.0337202874516307,0.1463276836158192,0.1956521739130435,0.8549883990719258,0.0449664859346586,1.333514312390123,9.0,250.0,1474.0,37.0,,,,,,,,,,70.0,0.0,11.934782608695652,253.48027842227376,61.0,1748.0,24.0,168.0,0.8
ALP,high,0.2,PerRI,,1424,37,0.024516129032258,0.0554775280898876,0.1891891891891892,0.9480894015861572,0.0839093818158661,3.4226195214366446,7.0,72.0,1315.0,30.0,,,,,,,,,,70.0,1.0,7.1891891891891895,78.48882480173036,38.0,1512.0,24.0,168.0,0.8
ALP,high,0.2,PerRI,,538,14,0.0307692307692307,0.1561338289962825,0.2142857142857142,0.8454198473282443,0.0421526828091062,1.3699621912959536,3.0,81.0,443.0,11.0,,,,,,,,,,80.0,0.0,3.857142857142857,87.6469465648855,18.0,567.0,24.0,168.0,0.8
ALP,high,0.2,PerRI,,423,11,0.025390625,0.1323877068557919,0.1818181818181818,0.8689320388349514,0.034879101843591,1.3737000110706636,2.0,54.0,358.0,9.0,,,,,,,,,,80.0,1.0,2.363636363636364,65.40291262135922,13.0,499.0,24.0,168.0,0.8
ALP,high,0.2,Cohen_m2,,307,8,0.0263929618768328,0.022801302931596,0.25,0.9832775919732442,0.2883935269531669,10.926910299003325,2.0,5.0,294.0,6.0,,,,,,,,,,30.0,1.0,2.25,5.551839464882943,9.0,332.0,24.0,168.0,0.8
ALP,high,0.2,Cohen_m2,,539,14,0.0253565768621236,0.0241187384044526,0.2142857142857142,0.9809523809523808,0.2264150943396226,8.929245283018869,3.0,10.0,515.0,11.0,,,,,,,,,,40.0,0.0,3.4285714285714284,11.714285714285714,16.0,615.0,24.0,168.0,0.8
ALP,high,0.2,Cohen_m2,,269,7,0.0131826741996233,0.0037174721189591,0.1428571428571428,1.0,1.0,75.85714285714285,1.0,0.0,262.0,6.0,,,,,,,,,,40.0,1.0,1.0,0.0,7.0,524.0,24.0,168.0,0.8
ALP,high,0.2,Cohen_m2,,1232,32,0.0296875,0.0405844155844155,0.1875,0.9633333333333334,0.1352890914269439,4.557106237539163,6.0,44.0,1156.0,26.0,,,,,,,,,,50.0,0.0,7.125,45.54,38.0,1242.0,24.0,168.0,0.8
ALP,high,0.2,Cohen_m2,,846,22,0.0274122807017543,0.0342789598108747,0.1818181818181818,0.9696601941747572,0.1444980271810609,5.271288031565104,4.0,25.0,799.0,18.0,,,,,,,,,,50.0,1.0,4.545454545454546,26.91140776699029,25.0,887.0,24.0,168.0,0.8
ALP,high,0.2,Cohen_m2,,1963,51,0.0285285285285285,0.0499235863474274,0.196078431372549,0.9539748953974896,0.1111962720721294,3.897721957896748,10.0,88.0,1824.0,41.0,,,,,,,,,,60.0,0.0,11.176470588235292,89.3347280334728,57.0,1941.0,24.0,168.0,0.8
ALP,high,0.2,Cohen_m2,,1231,32,0.0236051502145922,0.0178716490658001,0.1875,0.9866555462885738,0.2535582228431178,10.741648349535716,6.0,16.0,1183.0,26.0,,,,,,,,,,60.0,1.0,6.1875,18.215179316096748,33.0,1365.0,24.0,168.0,0.8
ALP,high,0.2,Cohen_m2,,1770,46,0.0337202874516307,0.0429378531073446,0.1956521739130435,0.961136890951276,0.1494322850125643,4.4315246489791615,9.0,67.0,1657.0,37.0,,,,,,,,,,70.0,0.0,11.934782608695652,67.93271461716937,61.0,1748.0,24.0,168.0,0.8
ALP,high,0.2,Cohen_m2,,1424,37,0.024516129032258,0.0245786516853932,0.1891891891891892,0.9798125450612832,0.1906308548115247,7.775732235733248,7.0,28.0,1359.0,30.0,,,,,,,,,,70.0,1.0,7.1891891891891895,30.523431867339585,38.0,1512.0,24.0,168.0,0.8
ALP,high,0.2,Cohen_m2,,538,14,0.0307692307692307,0.0613382899628252,0.2142857142857142,0.9427480916030534,0.1062018646128901,3.45156059991893,3.0,30.0,494.0,11.0,,,,,,,,,,80.0,0.0,3.857142857142857,32.461832061068705,18.0,567.0,24.0,168.0,0.8
ALP,high,0.2,Cohen_m2,,423,11,0.025390625,0.0354609929078014,0.1818181818181818,0.9684466019417476,0.13052431490575,5.140649940903386,2.0,13.0,399.0,9.0,,,,,,,,,,80.0,1.0,2.363636363636364,15.74514563106796,13.0,499.0,24.0,168.0,0.8
ALP,high,0.2,Cohen_m3,,307,8,0.0263929618768328,0.013029315960912,0.25,0.9933110367892976,0.503272863287825,19.068449597905367,2.0,2.0,297.0,6.0,,,,,,,,,,30.0,1.0,2.25,2.220735785953177,9.0,332.0,24.0,168.0,0.8
ALP,high,0.2,Cohen_m3,,539,14,0.0253565768621236,0.0389610389610389,0.2142857142857142,0.9657142857142856,0.1398601398601398,5.515734265734266,3.0,18.0,507.0,11.0,,,,,,,,,,40.0,0.0,3.4285714285714284,21.085714285714285,16.0,615.0,24.0,168.0,0.8
ALP,high,0.2,Cohen_m3,,269,7,0.0131826741996233,0.0037174721189591,0.1428571428571428,1.0,1.0,75.85714285714285,1.0,0.0,262.0,6.0,,,,,,,,,,40.0,1.0,1.0,0.0,7.0,524.0,24.0,168.0,0.8
ALP,high,0.2,Cohen_m3,,1232,32,0.0296875,0.0430194805194805,0.1875,0.9608333333333332,0.1277568585260892,4.303388918773534,6.0,47.0,1153.0,26.0,,,,,,,,,,50.0,0.0,7.125,48.645,38.0,1242.0,24.0,168.0,0.8
ALP,high,0.2,Cohen_m3,,846,22,0.0274122807017543,0.0390070921985815,0.1818181818181818,0.9648058252427184,0.1271004741588077,4.636625297313307,4.0,29.0,795.0,18.0,,,,,,,,,,50.0,1.0,4.545454545454546,31.21723300970874,25.0,887.0,24.0,168.0,0.8
ALP,high,0.2,Cohen_m3,,1963,51,0.0285285285285285,0.0468670402445236,0.196078431372549,0.9571129707112972,0.1183694934627638,4.14916224453688,10.0,82.0,1830.0,41.0,,,,,,,,,,60.0,0.0,11.176470588235292,83.24372384937239,57.0,1941.0,24.0,168.0,0.8
ALP,high,0.2,Cohen_m3,,1231,32,0.0236051502145922,0.0300568643379366,0.1875,0.9741451209341118,0.1491703958951467,6.319400407921672,6.0,31.0,1168.0,26.0,,,,,,,,,,60.0,1.0,6.1875,35.29190992493745,33.0,1365.0,24.0,168.0,0.8
ALP,high,0.2,Cohen_m3,,1770,46,0.0337202874516307,0.0666666666666666,0.1956521739130435,0.9367749419953596,0.0974648407138005,2.890391751660085,9.0,109.0,1615.0,37.0,,,,,,,,,,70.0,0.0,11.934782608695652,110.51740139211137,61.0,1748.0,24.0,168.0,0.8
ALP,high,0.2,Cohen_m3,,1424,37,0.024516129032258,0.0294943820224719,0.1891891891891892,0.974765681326604,0.1585495719348065,6.467153592077635,7.0,35.0,1352.0,30.0,,,,,,,,,,70.0,1.0,7.1891891891891895,38.15428983417448,38.0,1512.0,24.0,168.0,0.8
ALP,high,0.2,Cohen_m3,,538,14,0.0307692307692307,0.0836431226765799,0.2142857142857142,0.9198473282442748,0.078232308151687,2.54255001492983,3.0,42.0,482.0,11.0,,,,,,,,,,80.0,0.0,3.857142857142857,45.44656488549618,18.0,567.0,24.0,168.0,0.8
ALP,high,0.2,Cohen_m3,,423,11,0.025390625,0.0449172576832151,0.1818181818181818,0.95873786407767,0.1029752463350156,4.055640471040616,2.0,17.0,395.0,9.0,,,,,,,,,,80.0,1.0,2.363636363636364,20.58980582524272,13.0,499.0,24.0,168.0,0.8
ALP,high,0.2,Cohen_m4,,307,8,0.0263929618768328,0.009771986970684,0.25,0.9966555183946488,0.6695695446628515,25.369246081114703,2.0,1.0,298.0,6.0,,,,,,,,,,30.0,1.0,2.25,1.1103678929765886,9.0,332.0,24.0,168.0,0.8
ALP,high,0.2,Cohen_m4,,539,14,0.0253565768621236,0.0482374768089053,0.2142857142857142,0.956190476190476,0.1128880526810912,4.452022577610537,3.0,23.0,502.0,11.0,,,,,,,,,,40.0,0.0,3.4285714285714284,26.942857142857143,16.0,615.0,24.0,168.0,0.8
ALP,high,0.2,Cohen_m4,,269,7,0.0131826741996233,0.0074349442379182,0.1428571428571428,0.9961832061068704,0.3333333333333333,25.285714285714285,1.0,1.0,261.0,6.0,,,,,,,,,,40.0,1.0,1.0,2.0,7.0,524.0,24.0,168.0,0.8
ALP,high,0.2,Cohen_m4,,1232,32,0.0296875,0.0275974025974025,0.1875,0.9766666666666668,0.1973410884918986,6.647278770253427,6.0,28.0,1172.0,26.0,,,,,,,,,,50.0,0.0,7.125,28.98,38.0,1242.0,24.0,168.0,0.8
ALP,high,0.2,Cohen_m4,,846,22,0.0274122807017543,0.0390070921985815,0.1818181818181818,0.9648058252427184,0.1271004741588077,4.636625297313307,4.0,29.0,795.0,18.0,,,,,,,,,,50.0,1.0,4.545454545454546,31.21723300970874,25.0,887.0,24.0,168.0,0.8
ALP,high,0.2,Cohen_m4,,1963,51,0.0285285285285285,0.0514518593988792,0.196078431372549,0.9524058577405856,0.1079260975987275,3.783093736881712,10.0,91.0,1821.0,41.0,,,,,,,,,,60.0,0.0,11.176470588235292,92.380230125523,57.0,1941.0,24.0,168.0,0.8
ALP,high,0.2,Cohen_m4,,1231,32,0.0236051502145922,0.0186839967506092,0.1875,0.9858215179316095,0.2422563323883987,10.262859172090344,6.0,17.0,1182.0,26.0,,,,,,,,,,60.0,1.0,6.1875,19.353628023352798,33.0,1365.0,24.0,168.0,0.8
ALP,high,0.2,Cohen_m4,,1770,46,0.0337202874516307,0.047457627118644,0.1956521739130435,0.9564965197215776,0.1356551082430519,4.022952308388213,9.0,75.0,1649.0,37.0,,,,,,,,,,70.0,0.0,11.934782608695652,76.04408352668213,61.0,1748.0,24.0,168.0,0.8
ALP,high,0.2,Cohen_m4,,1424,37,0.024516129032258,0.0266853932584269,0.1891891891891892,0.9776496034607064,0.1754188605395762,7.15524299569324,7.0,31.0,1356.0,30.0,,,,,,,,,,70.0,1.0,7.1891891891891895,33.79379956741168,38.0,1512.0,24.0,168.0,0.8
ALP,high,0.2,Cohen_m4,,538,14,0.0307692307692307,0.0501858736059479,0.2142857142857142,0.9541984732824428,0.1293188548864758,4.202862783810464,3.0,24.0,500.0,11.0,,,,,,,,,,80.0,0.0,3.857142857142857,25.96946564885496,18.0,567.0,24.0,168.0,0.8
ALP,high,0.2,Cohen_m4,,423,11,0.025390625,0.0425531914893617,0.1818181818181818,0.9611650485436892,0.1087115369002192,4.281562068685557,2.0,16.0,396.0,9.0,,,,,,,,,,80.0,1.0,2.363636363636364,19.37864077669903,13.0,499.0,24.0,168.0,0.8
ALP,high,0.2,Gaussian_mle,,307,8,0.0263929618768328,0.0260586319218241,0.25,0.979933110367893,0.2524627075710667,9.565531475748193,2.0,6.0,293.0,6.0,,,,,,,,,,30.0,1.0,2.25,6.662207357859532,9.0,332.0,24.0,168.0,0.8
ALP,high,0.2,Gaussian_mle,,539,14,0.0253565768621236,0.0816326530612244,0.2142857142857142,0.921904761904762,0.0666296501943364,2.627706829539144,3.0,41.0,484.0,11.0,,,,,,,,,,40.0,0.0,3.4285714285714284,48.02857142857143,16.0,615.0,24.0,168.0,0.8
ALP,high,0.2,Gaussian_mle,,269,7,0.0131826741996233,0.0557620817843866,0.1428571428571428,0.9465648854961832,0.0344827586206896,2.6157635467980294,1.0,14.0,248.0,6.0,,,,,,,,,,40.0,1.0,1.0,28.0,7.0,524.0,24.0,168.0,0.8
ALP,high,0.2,Gaussian_mle,,1232,32,0.0296875,0.0405844155844155,0.1875,0.9633333333333334,0.1352890914269439,4.557106237539163,6.0,44.0,1156.0,26.0,,,,,,,,,,50.0,0.0,7.125,45.54,38.0,1242.0,24.0,168.0,0.8
ALP,high,0.2,Gaussian_mle,,846,22,0.0274122807017543,0.0638297872340425,0.1818181818181818,0.9393203883495146,0.0778754371042434,2.840895945562802,4.0,50.0,774.0,18.0,,,,,,,,,,50.0,1.0,4.545454545454546,53.82281553398058,25.0,887.0,24.0,168.0,0.8
ALP,high,0.2,Gaussian_mle,,1963,51,0.0285285285285285,0.0804890473764645,0.196078431372549,0.9225941422594144,0.0692379178613549,2.4269712260874936,10.0,148.0,1764.0,41.0,,,,,,,,,,60.0,0.0,11.176470588235292,150.244769874477,57.0,1941.0,24.0,168.0,0.8
ALP,high,0.2,Gaussian_mle,,1231,32,0.0236051502145922,0.041429731925264,0.1875,0.962468723936614,0.1077629525529255,4.565230535423935,6.0,45.0,1154.0,26.0,,,,,,,,,,60.0,1.0,6.1875,51.2301918265221,33.0,1365.0,24.0,168.0,0.8
ALP,high,0.2,Gaussian_mle,,1770,46,0.0337202874516307,0.0723163841807909,0.1956521739130435,0.9309744779582366,0.0900117431926952,2.669364646485012,9.0,119.0,1605.0,37.0,,,,,,,,,,70.0,0.0,11.934782608695652,120.65661252900232,61.0,1748.0,24.0,168.0,0.8
ALP,high,0.2,Gaussian_mle,,1424,37,0.024516129032258,0.0323033707865168,0.1891891891891892,0.9718817591925016,0.1446401422635938,5.899795276541326,7.0,39.0,1348.0,30.0,,,,,,,,,,70.0,1.0,7.1891891891891895,42.51478010093727,38.0,1512.0,24.0,168.0,0.8
ALP,high,0.2,Gaussian_mle,,538,14,0.0307692307692307,0.104089219330855,0.2142857142857142,0.898854961832061,0.0630186410102224,2.048105832832231,3.0,53.0,471.0,11.0,,,,,,,,,,80.0,0.0,3.857142857142857,57.349236641221374,18.0,567.0,24.0,168.0,0.8
ALP,high,0.2,Gaussian_mle,,423,11,0.025390625,0.0780141843971631,0.1818181818181818,0.924757281553398,0.0592245301900249,2.3325353428686744,2.0,31.0,381.0,9.0,,,,,,,,,,80.0,1.0,2.363636363636364,37.54611650485437,13.0,499.0,24.0,168.0,0.8
ALP,high,0.2,Gaussian_trunc,,307,8,0.0263929618768328,0.0293159609120521,0.25,0.9765886287625418,0.224493200967715,8.50579794777676,2.0,7.0,292.0,6.0,,,,,,,,,,30.0,1.0,2.25,7.77257525083612,9.0,332.0,24.0,168.0,0.8
ALP,high,0.2,Gaussian_trunc,,539,14,0.0253565768621236,0.0890538033395176,0.2142857142857142,0.9142857142857144,0.0610687022900763,2.408396946564885,3.0,45.0,480.0,11.0,,,,,,,,,,40.0,0.0,3.4285714285714284,52.71428571428572,16.0,615.0,24.0,168.0,0.8
ALP,high,0.2,Gaussian_trunc,,269,7,0.0131826741996233,0.0966542750929368,0.1428571428571428,0.9045801526717556,0.0196078431372549,1.487394957983193,1.0,25.0,237.0,6.0,,,,,,,,,,40.0,1.0,1.0,50.0,7.0,524.0,24.0,168.0,0.8
ALP,high,0.2,Gaussian_trunc,,1232,32,0.0296875,0.0446428571428571,0.1875,0.9591666666666666,0.1231846473029045,4.149377593360996,6.0,49.0,1151.0,26.0,,,,,,,,,,50.0,0.0,7.125,50.715,38.0,1242.0,24.0,168.0,0.8
ALP,high,0.2,Gaussian_trunc,,846,22,0.0274122807017543,0.0933806146572104,0.1818181818181818,0.9089805825242718,0.0533005595265047,1.9444044115268933,4.0,75.0,749.0,18.0,,,,,,,,,,50.0,1.0,4.545454545454546,80.73422330097087,25.0,887.0,24.0,168.0,0.8
ALP,high,0.2,Gaussian_trunc,,1963,51,0.0285285285285285,0.0463576158940397,0.196078431372549,0.9576359832635984,0.1196559857472092,4.194257184612703,10.0,81.0,1831.0,41.0,,,,,,,,,,60.0,0.0,11.176470588235292,82.22855648535565,57.0,1941.0,24.0,168.0,0.8
ALP,high,0.2,Gaussian_trunc,,1231,32,0.0236051502145922,0.0576766856214459,0.1875,0.9457881567973312,0.077163702032307,3.268935013368645,6.0,65.0,1134.0,26.0,,,,,,,,,,60.0,1.0,6.1875,73.99916597164304,33.0,1365.0,24.0,168.0,0.8
ALP,high,0.2,Gaussian_trunc,,1770,46,0.0337202874516307,0.115819209039548,0.1956521739130435,0.8863109048723898,0.056653348851497,1.680096853645216,9.0,196.0,1528.0,37.0,,,,,,,,,,70.0,0.0,11.934782608695652,198.72853828306265,61.0,1748.0,24.0,168.0,0.8
ALP,high,0.2,Gaussian_trunc,,1424,37,0.024516129032258,0.0393258426966292,0.1891891891891892,0.9646719538572458,0.1186233159432293,4.838582624000144,7.0,49.0,1338.0,30.0,,,,,,,,,,70.0,1.0,7.1891891891891895,53.41600576784427,38.0,1512.0,24.0,168.0,0.8
ALP,high,0.2,Gaussian_trunc,,538,14,0.0307692307692307,0.1301115241635687,0.2142857142857142,0.8721374045801527,0.0505157620746167,1.6417622674250456,3.0,67.0,457.0,11.0,,,,,,,,,,80.0,0.0,3.857142857142857,72.49809160305344,18.0,567.0,24.0,168.0,0.8
ALP,high,0.2,Gaussian_trunc,,423,11,0.025390625,0.1276595744680851,0.1818181818181818,0.8737864077669902,0.0361720807726075,1.4246234888903897,2.0,52.0,360.0,9.0,,,,,,,,,,80.0,1.0,2.363636363636364,62.980582524271846,13.0,499.0,24.0,168.0,0.8
ALP,high,0.2,Gaussian_eb,,307,8,0.0263929618768328,0.0325732899022801,0.25,0.9732441471571908,0.2021028914757792,7.657453999248967,2.0,8.0,291.0,6.0,,,,,,,,,,30.0,1.0,2.25,8.882943143812708,9.0,332.0,24.0,168.0,0.8
ALP,high,0.2,Gaussian_eb,,539,14,0.0253565768621236,0.098330241187384,0.2142857142857142,0.9047619047619048,0.0552995391705069,2.180875576036866,3.0,50.0,475.0,11.0,,,,,,,,,,40.0,0.0,3.4285714285714284,58.57142857142857,16.0,615.0,24.0,168.0,0.8
ALP,high,0.2,Gaussian_eb,,269,7,0.0131826741996233,0.0594795539033457,0.1428571428571428,0.9427480916030534,0.032258064516129,2.4470046082949306,1.0,15.0,247.0,6.0,,,,,,,,,,40.0,1.0,1.0,30.0,7.0,524.0,24.0,168.0,0.8
ALP,high,0.2,Gaussian_eb,,1232,32,0.0296875,0.036525974025974,0.1875,0.9675,0.1500315855969677,5.053695514845231,6.0,39.0,1161.0,26.0,,,,,,,,,,50.0,0.0,7.125,40.365,38.0,1242.0,24.0,168.0,0.8
ALP,high,0.2,Gaussian_eb,,846,22,0.0274122807017543,0.0638297872340425,0.1818181818181818,0.9393203883495146,0.0778754371042434,2.840895945562802,4.0,50.0,774.0,18.0,,,,,,,,,,50.0,1.0,4.545454545454546,53.82281553398058,25.0,887.0,24.0,168.0,0.8
ALP,high,0.2,Gaussian_eb,,1963,51,0.0285285285285285,0.0942435048395313,0.196078431372549,0.9084728033472804,0.0591877649075272,2.0746869172849025,10.0,175.0,1737.0,41.0,,,,,,,,,,60.0,0.0,11.176470588235292,177.65428870292888,57.0,1941.0,24.0,168.0,0.8
ALP,high,0.2,Gaussian_eb,,1231,32,0.0236051502145922,0.0536149471974004,0.1875,0.9499582985821518,0.0830599096914773,3.5187198105662225,6.0,60.0,1139.0,26.0,,,,,,,,,,60.0,1.0,6.1875,68.30692243536281,33.0,1365.0,24.0,168.0,0.8
ALP,high,0.2,Gaussian_eb,,1770,46,0.0337202874516307,0.0717514124293785,0.1956521739130435,0.931554524361949,0.0907053634919144,2.689934468145462,9.0,118.0,1606.0,37.0,,,,,,,,,,70.0,0.0,11.934782608695652,119.64269141531322,61.0,1748.0,24.0,168.0,0.8
ALP,high,0.2,Gaussian_eb,,1424,37,0.024516129032258,0.0308988764044943,0.1891891891891892,0.9733237202595528,0.1512757957578715,6.170460090123706,7.0,37.0,1350.0,30.0,,,,,,,,,,70.0,1.0,7.1891891891891895,40.33453496755588,38.0,1512.0,24.0,168.0,0.8
ALP,high,0.2,Gaussian_eb,,538,14,0.0307692307692307,0.104089219330855,0.2142857142857142,0.898854961832061,0.0630186410102224,2.048105832832231,3.0,53.0,471.0,11.0,,,,,,,,,,80.0,0.0,3.857142857142857,57.349236641221374,18.0,567.0,24.0,168.0,0.8
ALP,high,0.2,Gaussian_eb,,423,11,0.025390625,0.0803782505910165,0.1818181818181818,0.9223300970873788,0.0574801459540673,2.2638334406525003,2.0,32.0,380.0,9.0,,,,,,,,,,80.0,1.0,2.363636363636364,38.75728155339806,13.0,499.0,24.0,168.0,0.8
ALP,high,0.2,NORMA_q_age_set,,307,8,0.0263929618768328,0.01628664495114,0.25,0.9899665551839464,0.4031460674157303,15.274756554307114,2.0,3.0,296.0,6.0,,,,,,,,,,30.0,1.0,2.25,3.331103678929766,9.0,332.0,24.0,168.0,0.8
ALP,high,0.2,NORMA_q_age_set,,539,14,0.0253565768621236,0.0667903525046382,0.2142857142857142,0.9371428571428572,0.0814663951120162,3.212830957230142,3.0,33.0,492.0,11.0,,,,,,,,,,40.0,0.0,3.4285714285714284,38.65714285714286,16.0,615.0,24.0,168.0,0.8
ALP,high,0.2,NORMA_q_age_set,,269,7,0.0131826741996233,0.0631970260223048,0.1428571428571428,0.9389312977099236,0.0303030303030303,2.2987012987012987,1.0,16.0,246.0,6.0,,,,,,,,,,40.0,1.0,1.0,32.0,7.0,524.0,24.0,168.0,0.8
ALP,high,0.2,NORMA_q_age_set,,1232,32,0.0296875,0.0551948051948051,0.1875,0.9483333333333334,0.0999368819692825,3.3662949715968864,6.0,62.0,1138.0,26.0,,,,,,,,,,50.0,0.0,7.125,64.17,38.0,1242.0,24.0,168.0,0.8
ALP,high,0.2,NORMA_q_age_set,,846,22,0.0274122807017543,0.0342789598108747,0.1818181818181818,0.9696601941747572,0.1444980271810609,5.271288031565104,4.0,25.0,799.0,18.0,,,,,,,,,,50.0,1.0,4.545454545454546,26.91140776699029,25.0,887.0,24.0,168.0,0.8
ALP,high,0.2,NORMA_q_age_set,,1963,51,0.0285285285285285,0.0585838003056546,0.196078431372549,0.9450836820083682,0.0949015991525523,3.326550791347361,10.0,105.0,1807.0,41.0,,,,,,,,,,60.0,0.0,11.176470588235292,106.59257322175732,57.0,1941.0,24.0,168.0,0.8
ALP,high,0.2,NORMA_q_age_set,,1231,32,0.0236051502145922,0.0243704305442729,0.1875,0.9799833194328608,0.1846448921306472,7.8222290666256,6.0,24.0,1175.0,26.0,,,,,,,,,,60.0,1.0,6.1875,27.32276897414512,33.0,1365.0,24.0,168.0,0.8
ALP,high,0.2,NORMA_q_age_set,,1770,46,0.0337202874516307,0.0576271186440678,0.1956521739130435,0.9460556844547564,0.1123490994038758,3.3317954233051057,9.0,93.0,1631.0,37.0,,,,,,,,,,70.0,0.0,11.934782608695652,94.29466357308584,61.0,1748.0,24.0,168.0,0.8
ALP,high,0.2,NORMA_q_age_set,,1424,37,0.024516129032258,0.0168539325842696,0.1891891891891892,0.9877433309300648,0.2795036326032773,11.400806066712628,7.0,17.0,1370.0,30.0,,,,,,,,,,70.0,1.0,7.1891891891891895,18.532083633741887,38.0,1512.0,24.0,168.0,0.8
ALP,high,0.2,NORMA_q_age_set,,538,14,0.0307692307692307,0.0446096654275092,0.2142857142857142,0.9599236641221374,0.1451121572971476,4.716145112157297,3.0,21.0,503.0,11.0,,,,,,,,,,80.0,0.0,3.857142857142857,22.72328244274809,18.0,567.0,24.0,168.0,0.8
ALP,high,0.2,NORMA_q_age_set,,423,11,0.025390625,0.0189125295508274,0.1818181818181818,0.9854368932038836,0.2454291343994868,9.666132062502864,2.0,6.0,406.0,9.0,,,,,,,,,,80.0,1.0,2.363636363636364,7.266990291262136,13.0,499.0,24.0,168.0,0.8
ALP,high,0.2,NORMA_334f7e21,,307,8,0.0263929618768328,0.01628664495114,0.25,0.9899665551839464,0.4031460674157303,15.274756554307114,2.0,3.0,296.0,6.0,,,,,,,,,,30.0,1.0,2.25,3.331103678929766,9.0,332.0,24.0,168.0,0.8
ALP,high,0.2,NORMA_334f7e21,,539,14,0.0253565768621236,0.1057513914656771,0.2142857142857142,0.8971428571428571,0.0514138817480719,2.0276349614395888,3.0,54.0,471.0,11.0,,,,,,,,,,40.0,0.0,3.4285714285714284,63.25714285714286,16.0,615.0,24.0,168.0,0.8
ALP,high,0.2,NORMA_334f7e21,,269,7,0.0131826741996233,0.1338289962825278,0.1428571428571428,0.8664122137404581,0.0140845070422535,1.06841046277666,1.0,35.0,227.0,6.0,,,,,,,,,,40.0,1.0,1.0,70.0,7.0,524.0,24.0,168.0,0.8
ALP,high,0.2,NORMA_334f7e21,,1232,32,0.0296875,0.047077922077922,0.1875,0.9566666666666668,0.116908688161457,3.937976864385922,6.0,52.0,1148.0,26.0,,,,,,,,,,50.0,0.0,7.125,53.82,38.0,1242.0,24.0,168.0,0.8
ALP,high,0.2,NORMA_334f7e21,,846,22,0.0274122807017543,0.0366430260047281,0.1818181818181818,0.9672330097087378,0.1352420405791773,4.933629640328389,4.0,27.0,797.0,18.0,,,,,,,,,,50.0,1.0,4.545454545454546,29.064320388349515,25.0,887.0,24.0,168.0,0.8
ALP,high,0.2,NORMA_334f7e21,,1963,51,0.0285285285285285,0.0494141619969434,0.196078431372549,0.9544979079497908,0.1123308180935238,3.937490781594048,10.0,87.0,1825.0,41.0,,,,,,,,,,60.0,0.0,11.176470588235292,88.31956066945607,57.0,1941.0,24.0,168.0,0.8
ALP,high,0.2,NORMA_334f7e21,,1231,32,0.0236051502145922,0.0194963444354183,0.1875,0.9849874895746455,0.2319189716717368,9.82493098172994,6.0,18.0,1181.0,26.0,,,,,,,,,,60.0,1.0,6.1875,20.49207673060884,33.0,1365.0,24.0,168.0,0.8
ALP,high,0.2,NORMA_334f7e21,,1770,46,0.0337202874516307,0.0502824858757062,0.1956521739130435,0.9535962877030162,0.1282641443771855,3.803767822595552,9.0,80.0,1644.0,37.0,,,,,,,,,,70.0,0.0,11.934782608695652,81.11368909512761,61.0,1748.0,24.0,168.0,0.8
ALP,high,0.2,NORMA_334f7e21,,1424,37,0.024516129032258,0.0196629213483146,0.1891891891891892,0.9848594087959625,0.2389882922670923,9.748206658262976,7.0,21.0,1366.0,30.0,,,,,,,,,,70.0,1.0,7.1891891891891895,22.892573900504686,38.0,1512.0,24.0,168.0,0.8
ALP,high,0.2,NORMA_334f7e21,,538,14,0.0307692307692307,0.0260223048327137,0.2142857142857142,0.9790076335877864,0.2447454460532461,7.954226996730499,3.0,11.0,513.0,11.0,,,,,,,,,,80.0,0.0,3.857142857142857,11.90267175572519,18.0,567.0,24.0,168.0,0.8
ALP,high,0.2,NORMA_334f7e21,,423,11,0.025390625,0.0260047281323877,0.1818181818181818,0.9781553398058253,0.1781977276129955,7.018248964450286,2.0,9.0,403.0,9.0,,,,,,,,,,80.0,1.0,2.363636363636364,10.900485436893204,13.0,499.0,24.0,168.0,0.8
ALP,high,0.2,NORMA_q_age,,307,8,0.0263929618768328,0.01628664495114,0.25,0.9899665551839464,0.4031460674157303,15.274756554307114,2.0,3.0,296.0,6.0,,,,,,,,,,30.0,1.0,2.25,3.331103678929766,9.0,332.0,24.0,168.0,0.8
ALP,high,0.2,NORMA_q_age,,539,14,0.0253565768621236,0.111317254174397,0.2142857142857142,0.8914285714285715,0.0488400488400488,1.9261294261294255,3.0,57.0,468.0,11.0,,,,,,,,,,40.0,0.0,3.4285714285714284,66.77142857142857,16.0,615.0,24.0,168.0,0.8
ALP,high,0.2,NORMA_q_age,,269,7,0.0131826741996233,0.1635687732342007,0.1428571428571428,0.8358778625954199,0.0114942528735632,0.8719211822660098,1.0,43.0,219.0,6.0,,,,,,,,,,40.0,1.0,1.0,86.0,7.0,524.0,24.0,168.0,0.8
ALP,high,0.2,NORMA_q_age,,1232,32,0.0296875,0.0381493506493506,0.1875,0.9658333333333332,0.1437651331719128,4.842615012106537,6.0,41.0,1159.0,26.0,,,,,,,,,,50.0,0.0,7.125,42.435,38.0,1242.0,24.0,168.0,0.8
ALP,high,0.2,NORMA_q_age,,846,22,0.0274122807017543,0.0236406619385342,0.1818181818181818,0.9805825242718448,0.208806357444048,7.617255919558872,4.0,16.0,808.0,18.0,,,,,,,,,,50.0,1.0,4.545454545454546,17.223300970873787,25.0,887.0,24.0,168.0,0.8
ALP,high,0.2,NORMA_q_age,,1963,51,0.0285285285285285,0.0611309220580743,0.196078431372549,0.942468619246862,0.0909803528719367,3.1891007901426263,10.0,110.0,1802.0,41.0,,,,,,,,,,60.0,0.0,11.176470588235292,111.668410041841,57.0,1941.0,24.0,168.0,0.8
ALP,high,0.2,NORMA_q_age,,1231,32,0.0236051502145922,0.0219333874898456,0.1875,0.9824854045037532,0.2055994637484606,8.709940918798422,6.0,21.0,1178.0,26.0,,,,,,,,,,60.0,1.0,6.1875,23.907422852376985,33.0,1365.0,24.0,168.0,0.8
ALP,high,0.2,NORMA_q_age,,1770,46,0.0337202874516307,0.0497175141242937,0.1956521739130435,0.9541763341067284,0.1296771976629288,3.845672960200627,9.0,79.0,1645.0,37.0,,,,,,,,,,70.0,0.0,11.934782608695652,80.09976798143852,61.0,1748.0,24.0,168.0,0.8
ALP,high,0.2,NORMA_q_age,,1424,37,0.024516129032258,0.0182584269662921,0.1891891891891892,0.9863013698630136,0.2576630131896711,10.509938695894482,7.0,19.0,1368.0,30.0,,,,,,,,,,70.0,1.0,7.1891891891891895,20.71232876712329,38.0,1512.0,24.0,168.0,0.8
ALP,high,0.2,NORMA_q_age,,538,14,0.0307692307692307,0.0446096654275092,0.2142857142857142,0.9599236641221374,0.1451121572971476,4.716145112157297,3.0,21.0,503.0,11.0,,,,,,,,,,80.0,0.0,3.857142857142857,22.72328244274809,18.0,567.0,24.0,168.0,0.8
ALP,high,0.2,NORMA_q_age,,423,11,0.025390625,0.0189125295508274,0.1818181818181818,0.9854368932038836,0.2454291343994868,9.666132062502864,2.0,6.0,406.0,9.0,,,,,,,,,,80.0,1.0,2.363636363636364,7.266990291262136,13.0,499.0,24.0,168.0,0.8
ALP,high,0.2,NORMA_q_set,,307,8,0.0263929618768328,0.019543973941368,0.25,0.9866220735785952,0.3362489066600025,12.740097463451203,2.0,4.0,295.0,6.0,,,,,,,,,,30.0,1.0,2.25,4.441471571906354,9.0,332.0,24.0,168.0,0.8
ALP,high,0.2,NORMA_q_set,,539,14,0.0253565768621236,0.1057513914656771,0.2142857142857142,0.8971428571428571,0.0514138817480719,2.0276349614395888,3.0,54.0,471.0,11.0,,,,,,,,,,40.0,0.0,3.4285714285714284,63.25714285714286,16.0,615.0,24.0,168.0,0.8
ALP,high,0.2,NORMA_q_set,,269,7,0.0131826741996233,0.1710037174721189,0.1428571428571428,0.8282442748091603,0.0109890109890109,0.8335949764521193,1.0,45.0,217.0,6.0,,,,,,,,,,40.0,1.0,1.0,90.0,7.0,524.0,24.0,168.0,0.8
ALP,high,0.2,NORMA_q_set,,1232,32,0.0296875,0.0316558441558441,0.1875,0.9725,0.1726017441860465,5.813953488372094,6.0,33.0,1167.0,26.0,,,,,,,,,,50.0,0.0,7.125,34.155,38.0,1242.0,24.0,168.0,0.8
ALP,high,0.2,NORMA_q_set,,846,22,0.0274122807017543,0.0295508274231678,0.1818181818181818,0.974514563106796,0.1674136620925895,6.107250393137666,4.0,21.0,803.0,18.0,,,,,,,,,,50.0,1.0,4.545454545454546,22.60558252427185,25.0,887.0,24.0,168.0,0.8
ALP,high,0.2,NORMA_q_set,,1963,51,0.0285285285285285,0.053489556800815,0.196078431372549,0.9503138075313808,0.1038537790934521,3.640348256644163,10.0,95.0,1817.0,41.0,,,,,,,,,,60.0,0.0,11.176470588235292,96.44089958158996,57.0,1941.0,24.0,168.0,0.8
ALP,high,0.2,NORMA_q_set,,1231,32,0.0236051502145922,0.0227457351746547,0.1875,0.981651376146789,0.1981054138899597,8.392465715701931,6.0,22.0,1177.0,26.0,,,,,,,,,,60.0,1.0,6.1875,25.045871559633028,33.0,1365.0,24.0,168.0,0.8
ALP,high,0.2,NORMA_q_set,,1770,46,0.0337202874516307,0.0480225988700565,0.1956521739130435,0.9559164733178654,0.134109549522181,3.977117624354515,9.0,76.0,1648.0,37.0,,,,,,,,,,70.0,0.0,11.934782608695652,77.05800464037122,61.0,1748.0,24.0,168.0,0.8
ALP,high,0.2,NORMA_q_set,,1424,37,0.024516129032258,0.0203651685393258,0.1891891891891892,0.9841384282624368,0.2306305517875115,9.407298822911653,7.0,22.0,1365.0,30.0,,,,,,,,,,70.0,1.0,7.1891891891891895,23.982696467195385,38.0,1512.0,24.0,168.0,0.8
ALP,high,0.2,NORMA_q_set,,538,14,0.0307692307692307,0.0334572490706319,0.2142857142857142,0.9713740458015268,0.1920117259069256,6.240381091975082,3.0,15.0,509.0,11.0,,,,,,,,,,80.0,0.0,3.857142857142857,16.230916030534353,18.0,567.0,24.0,168.0,0.8
ALP,high,0.2,NORMA_q_set,,423,11,0.025390625,0.0236406619385342,0.1818181818181818,0.9805825242718448,0.1961042765084944,7.723491505565319,2.0,8.0,404.0,9.0,,,,,,,,,,80.0,1.0,2.363636363636364,9.689320388349516,13.0,499.0,24.0,168.0,0.8
ALP,high,0.2,NORMA_q_co,,307,8,0.0263929618768328,0.01628664495114,0.25,0.9899665551839464,0.4031460674157303,15.274756554307114,2.0,3.0,296.0,6.0,,,,,,,,,,30.0,1.0,2.25,3.331103678929766,9.0,332.0,24.0,168.0,0.8
ALP,high,0.2,NORMA_q_co,,539,14,0.0253565768621236,0.0575139146567718,0.2142857142857142,0.9466666666666668,0.0946372239747634,3.732255520504732,3.0,28.0,497.0,11.0,,,,,,,,,,40.0,0.0,3.4285714285714284,32.8,16.0,615.0,24.0,168.0,0.8
ALP,high,0.2,NORMA_q_co,,269,7,0.0131826741996233,0.1263940520446096,0.1428571428571428,0.8740458015267175,0.0149253731343283,1.1321961620469083,1.0,33.0,229.0,6.0,,,,,,,,,,40.0,1.0,1.0,66.0,7.0,524.0,24.0,168.0,0.8
ALP,high,0.2,NORMA_q_co,,1232,32,0.0296875,0.0576298701298701,0.1875,0.9458333333333332,0.095766129032258,3.2258064516129035,6.0,65.0,1135.0,26.0,,,,,,,,,,50.0,0.0,7.125,67.275,38.0,1242.0,24.0,168.0,0.8
ALP,high,0.2,NORMA_q_co,,846,22,0.0274122807017543,0.0330969267139479,0.1818181818181818,0.970873786407767,0.149617965776706,5.458063391534238,4.0,24.0,800.0,18.0,,,,,,,,,,50.0,1.0,4.545454545454546,25.83495145631068,25.0,887.0,24.0,168.0,0.8
ALP,high,0.2,NORMA_q_co,,1963,51,0.0285285285285285,0.0494141619969434,0.196078431372549,0.9544979079497908,0.1123308180935238,3.937490781594048,10.0,87.0,1825.0,41.0,,,,,,,,,,60.0,0.0,11.176470588235292,88.31956066945607,57.0,1941.0,24.0,168.0,0.8
ALP,high,0.2,NORMA_q_co,,1231,32,0.0236051502145922,0.0284321689683184,0.1875,0.97581317764804,0.1578342714221319,6.686433680246681,6.0,29.0,1170.0,26.0,,,,,,,,,,60.0,1.0,6.1875,33.01501251042536,33.0,1365.0,24.0,168.0,0.8
ALP,high,0.2,NORMA_q_co,,1770,46,0.0337202874516307,0.043502824858757,0.1956521739130435,0.9605568445475638,0.1475590173084178,4.3759715132939,9.0,68.0,1656.0,37.0,,,,,,,,,,70.0,0.0,11.934782608695652,68.94663573085847,61.0,1748.0,24.0,168.0,0.8
ALP,high,0.2,NORMA_q_co,,1424,37,0.024516129032258,0.021067415730337,0.1891891891891892,0.9834174477289112,0.22283762187027,9.089429313129436,7.0,23.0,1364.0,30.0,,,,,,,,,,70.0,1.0,7.1891891891891895,25.072819033886084,38.0,1512.0,24.0,168.0,0.8
ALP,high,0.2,NORMA_q_co,,538,14,0.0307692307692307,0.0557620817843866,0.2142857142857142,0.948473282442748,0.1166258624527042,3.7903405297128874,3.0,27.0,497.0,11.0,,,,,,,,,,80.0,0.0,3.857142857142857,29.21564885496183,18.0,567.0,24.0,168.0,0.8
ALP,high,0.2,NORMA_q_co,,423,11,0.025390625,0.0212765957446808,0.1818181818181818,0.983009708737864,0.2180116006919711,8.586303042637631,2.0,7.0,405.0,9.0,,,,,,,,,,80.0,1.0,2.363636363636364,8.478155339805825,13.0,499.0,24.0,168.0,0.8
ALP,high,0.2,NORMA_q_age_set_co,,307,8,0.0263929618768328,0.022801302931596,0.25,0.9832775919732442,0.2883935269531669,10.926910299003325,2.0,5.0,294.0,6.0,,,,,,,,,,30.0,1.0,2.25,5.551839464882943,9.0,332.0,24.0,168.0,0.8
ALP,high,0.2,NORMA_q_age_set_co,,539,14,0.0253565768621236,0.059369202226345,0.2142857142857142,0.9447619047619048,0.0916730328495034,3.615355233002292,3.0,29.0,496.0,11.0,,,,,,,,,,40.0,0.0,3.4285714285714284,33.97142857142857,16.0,615.0,24.0,168.0,0.8
ALP,high,0.2,NORMA_q_age_set_co,,269,7,0.0131826741996233,0.1449814126394052,0.1428571428571428,0.8549618320610687,0.0129870129870129,0.9851576994434138,1.0,38.0,224.0,6.0,,,,,,,,,,40.0,1.0,1.0,76.0,7.0,524.0,24.0,168.0,0.8
ALP,high,0.2,NORMA_q_age_set_co,,1232,32,0.0296875,0.0300324675324675,0.1875,0.9741666666666666,0.1817138485080336,6.12088752869166,6.0,31.0,1169.0,26.0,,,,,,,,,,50.0,0.0,7.125,32.085,38.0,1242.0,24.0,168.0,0.8
ALP,high,0.2,NORMA_q_age_set_co,,846,22,0.0274122807017543,0.0236406619385342,0.1818181818181818,0.9805825242718448,0.208806357444048,7.617255919558872,4.0,16.0,808.0,18.0,,,,,,,,,,50.0,1.0,4.545454545454546,17.223300970873787,25.0,887.0,24.0,168.0,0.8
ALP,high,0.2,NORMA_q_age_set_co,,1963,51,0.0285285285285285,0.0483953132959755,0.196078431372549,0.9555439330543932,0.1146708122568477,4.019513734897925,10.0,85.0,1827.0,41.0,,,,,,,,,,60.0,0.0,11.176470588235292,86.2892259414226,57.0,1941.0,24.0,168.0,0.8
ALP,high,0.2,NORMA_q_age_set_co,,1231,32,0.0236051502145922,0.0292445166531275,0.1875,0.974979149291076,0.1533800834990522,6.497738082778029,6.0,30.0,1169.0,26.0,,,,,,,,,,60.0,1.0,6.1875,34.153461217681404,33.0,1365.0,24.0,168.0,0.8
ALP,high,0.2,NORMA_q_age_set_co,,1770,46,0.0337202874516307,0.0440677966101694,0.1956521739130435,0.9599767981438516,0.1457321343116187,4.321793950323252,9.0,69.0,1655.0,37.0,,,,,,,,,,70.0,0.0,11.934782608695652,69.96055684454757,61.0,1748.0,24.0,168.0,0.8
ALP,high,0.2,NORMA_q_age_set_co,,1424,37,0.024516129032258,0.0154494382022471,0.1891891891891892,0.989185291997116,0.305389776691041,12.456688259766146,7.0,15.0,1372.0,30.0,,,,,,,,,,70.0,1.0,7.1891891891891895,16.35183850036049,38.0,1512.0,24.0,168.0,0.8
ALP,high,0.2,NORMA_q_age_set_co,,538,14,0.0307692307692307,0.0408921933085501,0.2142857142857142,0.9637404580152672,0.1579740729574917,5.134157371118481,3.0,19.0,505.0,11.0,,,,,,,,,,80.0,0.0,3.857142857142857,20.55916030534351,18.0,567.0,24.0,168.0,0.8
ALP,high,0.2,NORMA_q_age_set_co,,423,11,0.025390625,0.0260047281323877,0.1818181818181818,0.9781553398058253,0.1781977276129955,7.018248964450286,2.0,9.0,403.0,9.0,,,,,,,,,,80.0,1.0,2.363636363636364,10.900485436893204,13.0,499.0,24.0,168.0,0.8
ALT,high,0.2,PopRI,,75,5,0.0956521739130434,0.0266666666666666,0.2,0.9857142857142858,0.5968992248062016,6.24031007751938,1.0,1.0,69.0,4.0,,,,,,,,,,30.0,0.0,2.2,1.4857142857142858,11.0,104.0,24.0,168.0,0.8
ALT,high,0.2,PopRI,,75,5,0.0674157303370786,0.0133333333333333,0.2,1.0,1.0,14.833333333333334,1.0,0.0,70.0,4.0,,,,,,,,,,30.0,1.0,1.2,0.0,6.0,83.0,24.0,168.0,0.8
ALT,high,0.2,PopRI,,163,11,0.1182266009852216,0.0674846625766871,0.1818181818181818,0.9407894736842104,0.2916416836551145,2.46680257424951,2.0,9.0,143.0,9.0,,,,,,,,,,40.0,0.0,4.363636363636363,10.598684210526317,24.0,179.0,24.0,168.0,0.8
ALT,high,0.2,PopRI,,134,9,0.0596026490066225,0.0373134328358208,0.2222222222222222,0.976,0.3698224852071006,6.204799474030244,2.0,3.0,122.0,7.0,,,,,,,,,,40.0,1.0,2.0,3.408,9.0,142.0,24.0,168.0,0.8
ALT,high,0.2,PopRI,,447,30,0.0793319415448851,0.0357941834451901,0.2,0.9760191846522782,0.4181443951868271,5.270820139328689,6.0,10.0,407.0,24.0,,,,,,,,,,50.0,0.0,7.6,10.575539568345324,38.0,441.0,24.0,168.0,0.8
ALT,high,0.2,PopRI,,313,21,0.0706214689265536,0.0670926517571885,0.1904761904761904,0.9417808219178082,0.1991094624726395,2.819389988612575,4.0,17.0,275.0,17.0,,,,,,,,,,50.0,1.0,4.761904761904762,19.15410958904109,25.0,329.0,24.0,168.0,0.8
ALT,high,0.2,PopRI,,804,54,0.0719512195121951,0.0472636815920398,0.2037037037037037,0.964,0.3049261787346644,4.237957060380082,11.0,27.0,723.0,43.0,,,,,,,,,,60.0,0.0,12.01851851851852,27.396,59.0,761.0,24.0,168.0,0.8
ALT,high,0.2,PopRI,,461,31,0.0488958990536277,0.0455531453362256,0.1935483870967742,0.9651162790697676,0.2219354838709677,4.538938605619147,6.0,15.0,415.0,25.0,,,,,,,,,,60.0,1.0,6.0,21.03488372093023,31.0,603.0,24.0,168.0,0.8
ALT,high,0.2,PopRI,,804,54,0.0780312124849939,0.0708955223880597,0.2037037037037037,0.9386666666666666,0.2194183051945979,2.811929972724617,11.0,46.0,704.0,43.0,,,,,,,,,,70.0,0.0,13.24074074074074,47.104,65.0,768.0,24.0,168.0,0.8
ALT,high,0.2,PopRI,,477,32,0.0516962843295638,0.0251572327044025,0.1875,0.9865168539325844,0.4312015503875968,8.341054990310075,6.0,6.0,439.0,26.0,,,,,,,,,,70.0,1.0,6.0,7.914606741573034,32.0,587.0,24.0,168.0,0.8
ALT,high,0.2,PopRI,,224,15,0.0614754098360655,0.0669642857142857,0.2,0.9425837320574164,0.1857777777777777,3.021985185185185,3.0,12.0,197.0,12.0,,,,,,,,,,80.0,0.0,3.0,13.148325358851675,15.0,229.0,24.0,168.0,0.8
ALT,high,0.2,PerRI,,75,5,0.0956521739130434,0.04,0.2,0.9714285714285714,0.425414364640884,4.447513812154696,1.0,2.0,68.0,4.0,,,,,,,,,,30.0,0.0,2.2,2.9714285714285715,11.0,104.0,24.0,168.0,0.8
ALT,high,0.2,PerRI,,75,5,0.0674157303370786,0.1066666666666666,0.2,0.9,0.1263157894736842,1.873684210526316,1.0,7.0,63.0,4.0,,,,,,,,,,30.0,1.0,1.2,8.3,6.0,83.0,24.0,168.0,0.8
ALT,high,0.2,PerRI,,163,11,0.1182266009852216,0.0552147239263803,0.1818181818181818,0.9539473684210528,0.3461264765880734,2.927653114474121,2.0,7.0,145.0,9.0,,,,,,,,,,40.0,0.0,4.363636363636363,8.243421052631579,24.0,179.0,24.0,168.0,0.8
ALT,high,0.2,PerRI,,134,9,0.0596026490066225,0.0597014925373134,0.2222222222222222,0.952,0.2268602540834846,3.806210929622908,2.0,6.0,119.0,7.0,,,,,,,,,,40.0,1.0,2.0,6.816,9.0,142.0,24.0,168.0,0.8
ALT,high,0.2,PerRI,,447,30,0.0793319415448851,0.1140939597315436,0.2,0.8920863309352518,0.1377062856844904,1.7358239695492348,6.0,45.0,372.0,24.0,,,,,,,,,,50.0,0.0,7.6,47.58992805755396,38.0,441.0,24.0,168.0,0.8
ALT,high,0.2,PerRI,,313,21,0.0706214689265536,0.0638977635782747,0.1904761904761904,0.9452054794520548,0.208953514998855,2.9587817723837877,4.0,16.0,276.0,17.0,,,,,,,,,,50.0,1.0,4.761904761904762,18.02739726027397,25.0,329.0,24.0,168.0,0.8
ALT,high,0.2,PerRI,,804,54,0.0719512195121951,0.0534825870646766,0.2037037037037037,0.9573333333333334,0.2701528174149913,3.754666275937169,11.0,32.0,718.0,43.0,,,,,,,,,,60.0,0.0,12.01851851851852,32.46933333333333,59.0,761.0,24.0,168.0,0.8
ALT,high,0.2,PerRI,,461,31,0.0488958990536277,0.0585683297180043,0.1935483870967742,0.9511627906976744,0.1692580200747884,3.4615995073359955,6.0,21.0,409.0,25.0,,,,,,,,,,60.0,1.0,6.0,29.44883720930233,31.0,603.0,24.0,168.0,0.8
ALT,high,0.2,PerRI,,804,54,0.0780312124849939,0.0559701492537313,0.2037037037037037,0.9546666666666668,0.2755230699512613,3.5309341118369337,11.0,34.0,716.0,43.0,,,,,,,,,,70.0,0.0,13.24074074074074,34.816,65.0,768.0,24.0,168.0,0.8
ALT,high,0.2,PerRI,,477,32,0.0516962843295638,0.0566037735849056,0.1875,0.952808988764045,0.1780356071214242,3.4438762752550507,6.0,21.0,424.0,26.0,,,,,,,,,,70.0,1.0,6.0,27.701123595505617,32.0,587.0,24.0,168.0,0.8
ALT,high,0.2,PerRI,,224,15,0.0614754098360655,0.0267857142857142,0.2,0.985645933014354,0.4771689497716895,7.761948249619483,3.0,3.0,206.0,12.0,,,,,,,,,,80.0,0.0,3.0,3.287081339712919,15.0,229.0,24.0,168.0,0.8
ALT,high,0.2,Cohen_m2,,75,5,0.0956521739130434,0.0133333333333333,0.2,1.0,1.0,10.454545454545457,1.0,0.0,70.0,4.0,,,,,,,,,,30.0,0.0,2.2,0.0,11.0,104.0,24.0,168.0,0.8
ALT,high,0.2,Cohen_m2,,75,5,0.0674157303370786,0.0266666666666666,0.2,0.9857142857142858,0.5029940119760479,7.461077844311377,1.0,1.0,69.0,4.0,,,,,,,,,,30.0,1.0,1.2,1.1857142857142855,6.0,83.0,24.0,168.0,0.8
ALT,high,0.2,Cohen_m2,,163,11,0.1182266009852216,0.0368098159509202,0.1818181818181818,0.9736842105263158,0.4808858423411548,4.067492749802268,2.0,4.0,148.0,9.0,,,,,,,,,,40.0,0.0,4.363636363636363,4.7105263157894735,24.0,179.0,24.0,168.0,0.8
ALT,high,0.2,Cohen_m2,,134,9,0.0596026490066225,0.0373134328358208,0.2222222222222222,0.976,0.3698224852071006,6.204799474030244,2.0,3.0,122.0,7.0,,,,,,,,,,40.0,1.0,2.0,3.408,9.0,142.0,24.0,168.0,0.8
ALT,high,0.2,Cohen_m2,,447,30,0.0793319415448851,0.076062639821029,0.2,0.9328537170263788,0.2042378779676746,2.5744721985925296,6.0,28.0,389.0,24.0,,,,,,,,,,50.0,0.0,7.6,29.611510791366907,38.0,441.0,24.0,168.0,0.8
ALT,high,0.2,Cohen_m2,,313,21,0.0706214689265536,0.047923322683706,0.1904761904761904,0.9623287671232876,0.2775691784142435,3.930379566345688,4.0,11.0,281.0,17.0,,,,,,,,,,50.0,1.0,4.761904761904762,12.393835616438356,25.0,329.0,24.0,168.0,0.8
ALT,high,0.2,Cohen_m2,,804,54,0.0719512195121951,0.0398009950248756,0.2037037037037037,0.972,0.3606292842092161,5.012135814433174,11.0,21.0,729.0,43.0,,,,,,,,,,60.0,0.0,12.01851851851852,21.308,59.0,761.0,24.0,168.0,0.8
ALT,high,0.2,Cohen_m2,,461,31,0.0488958990536277,0.0412147505422993,0.1935483870967742,0.9697674418604652,0.2476245321048085,5.064321075949955,6.0,13.0,417.0,25.0,,,,,,,,,,60.0,1.0,6.0,18.230232558139534,31.0,603.0,24.0,168.0,0.8
ALT,high,0.2,Cohen_m2,,804,54,0.0780312124849939,0.0771144278606965,0.2037037037037037,0.932,0.2022575907415244,2.59200881673369,11.0,51.0,699.0,43.0,,,,,,,,,,70.0,0.0,13.24074074074074,52.224,65.0,768.0,24.0,168.0,0.8
ALT,high,0.2,Cohen_m2,,477,32,0.0516962843295638,0.0167714884696016,0.1875,0.995505617977528,0.694588969823101,13.43595538501561,6.0,2.0,443.0,26.0,,,,,,,,,,70.0,1.0,6.0,2.638202247191012,32.0,587.0,24.0,168.0,0.8
ALT,high,0.2,Cohen_m2,,224,15,0.0614754098360655,0.0223214285714285,0.2,0.9904306220095692,0.5778801843317972,9.400184331797234,3.0,2.0,207.0,12.0,,,,,,,,,,80.0,0.0,3.0,2.191387559808613,15.0,229.0,24.0,168.0,0.8
ALT,high,0.2,Cohen_m3,,75,5,0.0956521739130434,0.0266666666666666,0.2,0.9857142857142858,0.5968992248062016,6.24031007751938,1.0,1.0,69.0,4.0,,,,,,,,,,30.0,0.0,2.2,1.4857142857142858,11.0,104.0,24.0,168.0,0.8
ALT,high,0.2,Cohen_m3,,75,5,0.0674157303370786,0.0266666666666666,0.2,0.9857142857142858,0.5029940119760479,7.461077844311377,1.0,1.0,69.0,4.0,,,,,,,,,,30.0,1.0,1.2,1.1857142857142855,6.0,83.0,24.0,168.0,0.8
ALT,high,0.2,Cohen_m3,,163,11,0.1182266009852216,0.0306748466257668,0.1818181818181818,0.9802631578947368,0.5526016814360373,4.674089222146482,2.0,3.0,149.0,9.0,,,,,,,,,,40.0,0.0,4.363636363636363,3.5328947368421053,24.0,179.0,24.0,168.0,0.8
ALT,high,0.2,Cohen_m3,,134,9,0.0596026490066225,0.0298507462686567,0.2222222222222222,0.984,0.4681647940074906,7.8547648772367875,2.0,2.0,123.0,7.0,,,,,,,,,,40.0,1.0,2.0,2.272,9.0,142.0,24.0,168.0,0.8
ALT,high,0.2,Cohen_m3,,447,30,0.0793319415448851,0.116331096196868,0.2,0.8896882494004796,0.1351171595211296,1.7031873529110813,6.0,46.0,371.0,24.0,,,,,,,,,,50.0,0.0,7.6,48.64748201438849,38.0,441.0,24.0,168.0,0.8
ALT,high,0.2,Cohen_m3,,313,21,0.0706214689265536,0.060702875399361,0.1904761904761904,0.9486301369863014,0.219821583167087,3.112673617645952,4.0,15.0,277.0,17.0,,,,,,,,,,50.0,1.0,4.761904761904762,16.90068493150685,25.0,329.0,24.0,168.0,0.8
ALT,high,0.2,Cohen_m3,,804,54,0.0719512195121951,0.0746268656716417,0.2037037037037037,0.9346666666666666,0.1946722786675177,2.7056147204638066,11.0,49.0,701.0,43.0,,,,,,,,,,60.0,0.0,12.01851851851852,49.71866666666666,59.0,761.0,24.0,168.0,0.8
ALT,high,0.2,Cohen_m3,,461,31,0.0488958990536277,0.0412147505422993,0.1935483870967742,0.9697674418604652,0.2476245321048085,5.064321075949955,6.0,13.0,417.0,25.0,,,,,,,,,,60.0,1.0,6.0,18.230232558139534,31.0,603.0,24.0,168.0,0.8
ALT,high,0.2,Cohen_m3,,804,54,0.0780312124849939,0.0945273631840796,0.2037037037037037,0.9133333333333332,0.1659225292627006,2.126361028858917,11.0,65.0,685.0,43.0,,,,,,,,,,70.0,0.0,13.24074074074074,66.56,65.0,768.0,24.0,168.0,0.8
ALT,high,0.2,Cohen_m3,,477,32,0.0516962843295638,0.0188679245283018,0.1875,0.9932584269662922,0.6025727826675693,11.656017264725794,6.0,3.0,442.0,26.0,,,,,,,,,,70.0,1.0,6.0,3.957303370786517,32.0,587.0,24.0,168.0,0.8
ALT,high,0.2,Cohen_m3,,224,15,0.0614754098360655,0.0223214285714285,0.2,0.9904306220095692,0.5778801843317972,9.400184331797234,3.0,2.0,207.0,12.0,,,,,,,,,,80.0,0.0,3.0,2.191387559808613,15.0,229.0,24.0,168.0,0.8
ALT,high,0.2,Cohen_m4,,75,5,0.0956521739130434,0.0266666666666666,0.2,0.9857142857142858,0.5968992248062016,6.24031007751938,1.0,1.0,69.0,4.0,,,,,,,,,,30.0,0.0,2.2,1.4857142857142858,11.0,104.0,24.0,168.0,0.8
ALT,high,0.2,Cohen_m4,,75,5,0.0674157303370786,0.0266666666666666,0.2,0.9857142857142858,0.5029940119760479,7.461077844311377,1.0,1.0,69.0,4.0,,,,,,,,,,30.0,1.0,1.2,1.1857142857142855,6.0,83.0,24.0,168.0,0.8
ALT,high,0.2,Cohen_m4,,163,11,0.1182266009852216,0.0858895705521472,0.1818181818181818,0.9210526315789472,0.2359332557237097,1.9956021213297117,2.0,12.0,140.0,9.0,,,,,,,,,,40.0,0.0,4.363636363636363,14.13157894736842,24.0,179.0,24.0,168.0,0.8
ALT,high,0.2,Cohen_m4,,134,9,0.0596026490066225,0.0820895522388059,0.2222222222222222,0.928,0.1636125654450261,2.7450552646887725,2.0,9.0,116.0,7.0,,,,,,,,,,40.0,1.0,2.0,10.224,9.0,142.0,24.0,168.0,0.8
ALT,high,0.2,Cohen_m4,,447,30,0.0793319415448851,0.0715883668903803,0.2,0.9376498800959232,0.2165464086585765,2.729624467038373,6.0,26.0,391.0,24.0,,,,,,,,,,50.0,0.0,7.6,27.496402877697843,38.0,441.0,24.0,168.0,0.8
ALT,high,0.2,Cohen_m4,,313,21,0.0706214689265536,0.0511182108626198,0.1904761904761904,0.958904109589041,0.2604631248439005,3.688157847789631,4.0,12.0,280.0,17.0,,,,,,,,,,50.0,1.0,4.761904761904762,13.52054794520548,25.0,329.0,24.0,168.0,0.8
ALT,high,0.2,Cohen_m4,,804,54,0.0719512195121951,0.0497512437810945,0.2037037037037037,0.9613333333333334,0.289995209940446,4.030441900867215,11.0,29.0,721.0,43.0,,,,,,,,,,60.0,0.0,12.01851851851852,29.42533333333333,59.0,761.0,24.0,168.0,0.8
ALT,high,0.2,Cohen_m4,,461,31,0.0488958990536277,0.0498915401301518,0.1935483870967742,0.9604651162790696,0.2010755202244564,4.112318703945334,6.0,17.0,413.0,25.0,,,,,,,,,,60.0,1.0,6.0,23.83953488372093,31.0,603.0,24.0,168.0,0.8
ALT,high,0.2,Cohen_m4,,804,54,0.0780312124849939,0.0771144278606965,0.2037037037037037,0.932,0.2022575907415244,2.59200881673369,11.0,51.0,699.0,43.0,,,,,,,,,,70.0,0.0,13.24074074074074,52.224,65.0,768.0,24.0,168.0,0.8
ALT,high,0.2,Cohen_m4,,477,32,0.0516962843295638,0.0230607966457023,0.1875,0.9887640449438202,0.4763603925066904,9.214596342551292,6.0,5.0,440.0,26.0,,,,,,,,,,70.0,1.0,6.0,6.595505617977528,32.0,587.0,24.0,168.0,0.8
ALT,high,0.2,Cohen_m4,,224,15,0.0614754098360655,0.0223214285714285,0.2,0.9904306220095692,0.5778801843317972,9.400184331797234,3.0,2.0,207.0,12.0,,,,,,,,,,80.0,0.0,3.0,2.191387559808613,15.0,229.0,24.0,168.0,0.8
ALT,high,0.2,Gaussian_mle,,75,5,0.0956521739130434,0.0533333333333333,0.2,0.9571428571428572,0.3304721030042918,3.4549356223175964,1.0,3.0,67.0,4.0,,,,,,,,,,30.0,0.0,2.2,4.457142857142857,11.0,104.0,24.0,168.0,0.8
ALT,high,0.2,Gaussian_mle,,75,5,0.0674157303370786,0.04,0.2,0.9714285714285714,0.336,4.984000000000001,1.0,2.0,68.0,4.0,,,,,,,,,,30.0,1.0,1.2,2.3714285714285714,6.0,83.0,24.0,168.0,0.8
ALT,high,0.2,Gaussian_mle,,163,11,0.1182266009852216,0.0552147239263803,0.1818181818181818,0.9539473684210528,0.3461264765880734,2.927653114474121,2.0,7.0,145.0,9.0,,,,,,,,,,40.0,0.0,4.363636363636363,8.243421052631579,24.0,179.0,24.0,168.0,0.8
ALT,high,0.2,Gaussian_mle,,134,9,0.0596026490066225,0.0522388059701492,0.2222222222222222,0.96,0.2604166666666667,4.369212962962964,2.0,5.0,120.0,7.0,,,,,,,,,,40.0,1.0,2.0,5.68,9.0,142.0,24.0,168.0,0.8
ALT,high,0.2,Gaussian_mle,,447,30,0.0793319415448851,0.0917225950782997,0.2,0.9160671462829736,0.1703486309543006,2.1472893217660523,6.0,35.0,382.0,24.0,,,,,,,,,,50.0,0.0,7.6,37.01438848920864,38.0,441.0,24.0,168.0,0.8
ALT,high,0.2,Gaussian_mle,,313,21,0.0706214689265536,0.0734824281150159,0.1904761904761904,0.934931506849315,0.1819643424668631,2.576615089330782,4.0,19.0,273.0,17.0,,,,,,,,,,50.0,1.0,4.761904761904762,21.40753424657534,25.0,329.0,24.0,168.0,0.8
ALT,high,0.2,Gaussian_mle,,804,54,0.0719512195121951,0.0684079601990049,0.2037037037037037,0.9413333333333334,0.2121020390555348,2.947858847890484,11.0,44.0,706.0,43.0,,,,,,,,,,60.0,0.0,12.01851851851852,44.64533333333333,59.0,761.0,24.0,168.0,0.8
ALT,high,0.2,Gaussian_mle,,461,31,0.0488958990536277,0.0347071583514099,0.1935483870967742,0.9767441860465116,0.2996515679442508,6.128357873440485,6.0,10.0,420.0,25.0,,,,,,,,,,60.0,1.0,6.0,14.023255813953488,31.0,603.0,24.0,168.0,0.8
ALT,high,0.2,Gaussian_mle,,804,54,0.0780312124849939,0.0783582089552238,0.2037037037037037,0.9306666666666666,0.1991426005851171,2.552089019806194,11.0,52.0,698.0,43.0,,,,,,,,,,70.0,0.0,13.24074074074074,53.248,65.0,768.0,24.0,168.0,0.8
ALT,high,0.2,Gaussian_mle,,477,32,0.0516962843295638,0.0398322851153039,0.1875,0.9707865168539326,0.2591981361032909,5.013863945248034,6.0,13.0,432.0,26.0,,,,,,,,,,70.0,1.0,6.0,17.14831460674157,32.0,587.0,24.0,168.0,0.8
ALT,high,0.2,Gaussian_mle,,224,15,0.0614754098360655,0.0223214285714285,0.2,0.9904306220095692,0.5778801843317972,9.400184331797234,3.0,2.0,207.0,12.0,,,,,,,,,,80.0,0.0,3.0,2.191387559808613,15.0,229.0,24.0,168.0,0.8
ALT,high,0.2,Gaussian_trunc,,75,5,0.0956521739130434,0.12,0.2,0.8857142857142857,0.1561866125760649,1.6328600405679514,1.0,8.0,62.0,4.0,,,,,,,,,,30.0,0.0,2.2,11.885714285714286,11.0,104.0,24.0,168.0,0.8
ALT,high,0.2,Gaussian_trunc,,75,5,0.0674157303370786,0.2,0.2,0.8,0.0674157303370786,1.0,1.0,14.0,56.0,4.0,,,,,,,,,,30.0,1.0,1.2,16.6,6.0,83.0,24.0,168.0,0.8
ALT,high,0.2,Gaussian_trunc,,163,11,0.1182266009852216,0.1533742331288343,0.1818181818181818,0.8486842105263158,0.1387520681589106,1.1736112431774528,2.0,23.0,129.0,9.0,,,,,,,,,,40.0,0.0,4.363636363636363,27.085526315789476,24.0,179.0,24.0,168.0,0.8
ALT,high,0.2,Gaussian_trunc,,134,9,0.0596026490066225,0.0820895522388059,0.2222222222222222,0.928,0.1636125654450261,2.7450552646887725,2.0,9.0,116.0,7.0,,,,,,,,,,40.0,1.0,2.0,10.224,9.0,142.0,24.0,168.0,0.8
ALT,high,0.2,Gaussian_trunc,,447,30,0.0793319415448851,0.1208053691275167,0.2,0.8848920863309353,0.1302204033331689,1.6414624525417878,6.0,48.0,369.0,24.0,,,,,,,,,,50.0,0.0,7.6,50.76258992805755,38.0,441.0,24.0,168.0,0.8
ALT,high,0.2,Gaussian_trunc,,313,21,0.0706214689265536,0.0926517571884984,0.1904761904761904,0.9143835616438356,0.1446081465890801,2.0476513557013742,4.0,25.0,267.0,17.0,,,,,,,,,,50.0,1.0,4.761904761904762,28.16780821917808,25.0,329.0,24.0,168.0,0.8
ALT,high,0.2,Gaussian_trunc,,804,54,0.0719512195121951,0.1082089552238805,0.2037037037037037,0.8986666666666666,0.1348377542387671,1.8740162453523568,11.0,76.0,674.0,43.0,,,,,,,,,,60.0,0.0,12.01851851851852,77.11466666666666,59.0,761.0,24.0,168.0,0.8
ALT,high,0.2,Gaussian_trunc,,461,31,0.0488958990536277,0.0477223427331887,0.1935483870967742,0.9627906976744186,0.2109911678115799,4.31510969008199,6.0,16.0,414.0,25.0,,,,,,,,,,60.0,1.0,6.0,22.43720930232558,31.0,603.0,24.0,168.0,0.8
ALT,high,0.2,Gaussian_trunc,,804,54,0.0780312124849939,0.1181592039800995,0.2037037037037037,0.888,0.1333989071364497,1.709558302225579,11.0,84.0,666.0,43.0,,,,,,,,,,70.0,0.0,13.24074074074074,86.016,65.0,768.0,24.0,168.0,0.8
ALT,high,0.2,Gaussian_trunc,,477,32,0.0516962843295638,0.060796645702306,0.1875,0.9483146067415732,0.165110382783996,3.193853966977924,6.0,23.0,422.0,26.0,,,,,,,,,,70.0,1.0,6.0,30.339325842696628,32.0,587.0,24.0,168.0,0.8
ALT,high,0.2,Gaussian_trunc,,224,15,0.0614754098360655,0.0267857142857142,0.2,0.985645933014354,0.4771689497716895,7.761948249619483,3.0,3.0,206.0,12.0,,,,,,,,,,80.0,0.0,3.0,3.287081339712919,15.0,229.0,24.0,168.0,0.8
ALT,high,0.2,Gaussian_eb,,75,5,0.0956521739130434,0.0533333333333333,0.2,0.9571428571428572,0.3304721030042918,3.4549356223175964,1.0,3.0,67.0,4.0,,,,,,,,,,30.0,0.0,2.2,4.457142857142857,11.0,104.0,24.0,168.0,0.8
ALT,high,0.2,Gaussian_eb,,75,5,0.0674157303370786,0.04,0.2,0.9714285714285714,0.336,4.984000000000001,1.0,2.0,68.0,4.0,,,,,,,,,,30.0,1.0,1.2,2.3714285714285714,6.0,83.0,24.0,168.0,0.8
ALT,high,0.2,Gaussian_eb,,163,11,0.1182266009852216,0.0429447852760736,0.1818181818181818,0.9671052631578948,0.4256461116620967,3.600256694475235,2.0,5.0,147.0,9.0,,,,,,,,,,40.0,0.0,4.363636363636363,5.8881578947368425,24.0,179.0,24.0,168.0,0.8
ALT,high,0.2,Gaussian_eb,,134,9,0.0596026490066225,0.0522388059701492,0.2222222222222222,0.96,0.2604166666666667,4.369212962962964,2.0,5.0,120.0,7.0,,,,,,,,,,40.0,1.0,2.0,5.68,9.0,142.0,24.0,168.0,0.8
ALT,high,0.2,Gaussian_eb,,447,30,0.0793319415448851,0.1006711409395973,0.2,0.9064748201438848,0.1555954870828055,1.961322060859575,6.0,39.0,378.0,24.0,,,,,,,,,,50.0,0.0,7.6,41.24460431654676,38.0,441.0,24.0,168.0,0.8
ALT,high,0.2,Gaussian_eb,,313,21,0.0706214689265536,0.0798722044728434,0.1904761904761904,0.928082191780822,0.1675378251065758,2.3723356035091143,4.0,21.0,271.0,17.0,,,,,,,,,,50.0,1.0,4.761904761904762,23.660958904109588,25.0,329.0,24.0,168.0,0.8
ALT,high,0.2,Gaussian_eb,,804,54,0.0719512195121951,0.0758706467661691,0.2037037037037037,0.9333333333333332,0.1915245234019949,2.661866257451455,11.0,50.0,700.0,43.0,,,,,,,,,,60.0,0.0,12.01851851851852,50.73333333333333,59.0,761.0,24.0,168.0,0.8
ALT,high,0.2,Gaussian_eb,,461,31,0.0488958990536277,0.0368763557483731,0.1935483870967742,0.9744186046511628,0.2800390752197981,5.727250764172646,6.0,11.0,419.0,25.0,,,,,,,,,,60.0,1.0,6.0,15.425581395348836,31.0,603.0,24.0,168.0,0.8
ALT,high,0.2,Gaussian_eb,,804,54,0.0780312124849939,0.0796019900497512,0.2037037037037037,0.9293333333333332,0.1961221037016881,2.5133801905154805,11.0,53.0,697.0,43.0,,,,,,,,,,70.0,0.0,13.24074074074074,54.272,65.0,768.0,24.0,168.0,0.8
ALT,high,0.2,Gaussian_eb,,477,32,0.0516962843295638,0.0419287211740041,0.1875,0.9685393258426966,0.2452240999265246,4.743553682953711,6.0,14.0,431.0,26.0,,,,,,,,,,70.0,1.0,6.0,18.46741573033708,32.0,587.0,24.0,168.0,0.8
ALT,high,0.2,Gaussian_eb,,224,15,0.0614754098360655,0.0223214285714285,0.2,0.9904306220095692,0.5778801843317972,9.400184331797234,3.0,2.0,207.0,12.0,,,,,,,,,,80.0,0.0,3.0,2.191387559808613,15.0,229.0,24.0,168.0,0.8
ALT,high,0.2,NORMA_q_age_set,,75,5,0.0956521739130434,0.0133333333333333,0.2,1.0,1.0,10.454545454545457,1.0,0.0,70.0,4.0,,,,,,,,,,30.0,0.0,2.2,0.0,11.0,104.0,24.0,168.0,0.8
ALT,high,0.2,NORMA_q_age_set,,75,5,0.0674157303370786,0.0533333333333333,0.2,0.9571428571428572,0.2522522522522522,3.7417417417417416,1.0,3.0,67.0,4.0,,,,,,,,,,30.0,1.0,1.2,3.557142857142857,6.0,83.0,24.0,168.0,0.8
ALT,high,0.2,NORMA_q_age_set,,163,11,0.1182266009852216,0.0490797546012269,0.1818181818181818,0.9605263157894736,0.381789638932496,3.2293040293040294,2.0,6.0,146.0,9.0,,,,,,,,,,40.0,0.0,4.363636363636363,7.065789473684211,24.0,179.0,24.0,168.0,0.8
ALT,high,0.2,NORMA_q_age_set,,134,9,0.0596026490066225,0.0522388059701492,0.2222222222222222,0.96,0.2604166666666667,4.369212962962964,2.0,5.0,120.0,7.0,,,,,,,,,,40.0,1.0,2.0,5.68,9.0,142.0,24.0,168.0,0.8
ALT,high,0.2,NORMA_q_age_set,,447,30,0.0793319415448851,0.0626398210290827,0.2,0.947242206235012,0.2462241282864068,3.1037199328733918,6.0,22.0,395.0,24.0,,,,,,,,,,50.0,0.0,7.6,23.26618705035971,38.0,441.0,24.0,168.0,0.8
ALT,high,0.2,NORMA_q_age_set,,313,21,0.0706214689265536,0.0319488817891373,0.1904761904761904,0.9794520547945206,0.4132816259518215,5.852067823477793,4.0,6.0,286.0,17.0,,,,,,,,,,50.0,1.0,4.761904761904762,6.760273972602739,25.0,329.0,24.0,168.0,0.8
ALT,high,0.2,NORMA_q_age_set,,804,54,0.0719512195121951,0.0783582089552238,0.2037037037037037,0.9306666666666666,0.1855248323129943,2.578480720282295,11.0,52.0,698.0,43.0,,,,,,,,,,60.0,0.0,12.01851851851852,52.76266666666667,59.0,761.0,24.0,168.0,0.8
ALT,high,0.2,NORMA_q_age_set,,461,31,0.0488958990536277,0.0455531453362256,0.1935483870967742,0.9651162790697676,0.2219354838709677,4.538938605619147,6.0,15.0,415.0,25.0,,,,,,,,,,60.0,1.0,6.0,21.03488372093023,31.0,603.0,24.0,168.0,0.8
ALT,high,0.2,NORMA_q_age_set,,804,54,0.0780312124849939,0.044776119402985,0.2037037037037037,0.9666666666666668,0.3408982549823591,4.368742252312387,11.0,25.0,725.0,43.0,,,,,,,,,,70.0,0.0,13.24074074074074,25.6,65.0,768.0,24.0,168.0,0.8
ALT,high,0.2,NORMA_q_age_set,,477,32,0.0516962843295638,0.0293501048218029,0.1875,0.9820224719101124,0.3624762421938637,7.011649809937551,6.0,8.0,437.0,26.0,,,,,,,,,,70.0,1.0,6.0,10.552808988764044,32.0,587.0,24.0,168.0,0.8
ALT,high,0.2,NORMA_q_age_set,,224,15,0.0614754098360655,0.0491071428571428,0.2,0.9617224880382776,0.2549816998779992,4.147702318015454,3.0,8.0,201.0,12.0,,,,,,,,,,80.0,0.0,3.0,8.76555023923445,15.0,229.0,24.0,168.0,0.8
ALT,high,0.2,NORMA_334f7e21,,75,5,0.0956521739130434,0.0133333333333333,0.2,1.0,1.0,10.454545454545457,1.0,0.0,70.0,4.0,,,,,,,,,,30.0,0.0,2.2,0.0,11.0,104.0,24.0,168.0,0.8
ALT,high,0.2,NORMA_334f7e21,,75,5,0.0674157303370786,0.0666666666666666,0.2,0.9428571428571428,0.2019230769230769,2.9951923076923075,1.0,4.0,66.0,4.0,,,,,,,,,,30.0,1.0,1.2,4.742857142857143,6.0,83.0,24.0,168.0,0.8
ALT,high,0.2,NORMA_334f7e21,,163,11,0.1182266009852216,0.0429447852760736,0.1818181818181818,0.9671052631578948,0.4256461116620967,3.600256694475235,2.0,5.0,147.0,9.0,,,,,,,,,,40.0,0.0,4.363636363636363,5.8881578947368425,24.0,179.0,24.0,168.0,0.8
ALT,high,0.2,NORMA_334f7e21,,134,9,0.0596026490066225,0.0522388059701492,0.2222222222222222,0.96,0.2604166666666667,4.369212962962964,2.0,5.0,120.0,7.0,,,,,,,,,,40.0,1.0,2.0,5.68,9.0,142.0,24.0,168.0,0.8
ALT,high,0.2,NORMA_334f7e21,,447,30,0.0793319415448851,0.0648769574944071,0.2,0.9448441247002398,0.238067336728715,3.000901428764592,6.0,23.0,394.0,24.0,,,,,,,,,,50.0,0.0,7.6,24.323741007194243,38.0,441.0,24.0,168.0,0.8
ALT,high,0.2,NORMA_334f7e21,,313,21,0.0706214689265536,0.0319488817891373,0.1904761904761904,0.9794520547945206,0.4132816259518215,5.852067823477793,4.0,6.0,286.0,17.0,,,,,,,,,,50.0,1.0,4.761904761904762,6.760273972602739,25.0,329.0,24.0,168.0,0.8
ALT,high,0.2,NORMA_334f7e21,,804,54,0.0719512195121951,0.0820895522388059,0.2037037037037037,0.9266666666666666,0.1771984622777511,2.4627582892839985,11.0,55.0,695.0,43.0,,,,,,,,,,60.0,0.0,12.01851851851852,55.806666666666665,59.0,761.0,24.0,168.0,0.8
ALT,high,0.2,NORMA_334f7e21,,461,31,0.0488958990536277,0.0455531453362256,0.1935483870967742,0.9651162790697676,0.2219354838709677,4.538938605619147,6.0,15.0,415.0,25.0,,,,,,,,,,60.0,1.0,6.0,21.03488372093023,31.0,603.0,24.0,168.0,0.8
ALT,high,0.2,NORMA_334f7e21,,804,54,0.0780312124849939,0.044776119402985,0.2037037037037037,0.9666666666666668,0.3408982549823591,4.368742252312387,11.0,25.0,725.0,43.0,,,,,,,,,,70.0,0.0,13.24074074074074,25.6,65.0,768.0,24.0,168.0,0.8
ALT,high,0.2,NORMA_334f7e21,,477,32,0.0516962843295638,0.0335429769392033,0.1875,0.9775280898876404,0.3126463700234192,6.047753220140515,6.0,10.0,435.0,26.0,,,,,,,,,,70.0,1.0,6.0,13.191011235955056,32.0,587.0,24.0,168.0,0.8
ALT,high,0.2,NORMA_334f7e21,,224,15,0.0614754098360655,0.0669642857142857,0.2,0.9425837320574164,0.1857777777777777,3.021985185185185,3.0,12.0,197.0,12.0,,,,,,,,,,80.0,0.0,3.0,13.148325358851675,15.0,229.0,24.0,168.0,0.8
ALT,high,0.2,NORMA_q_age,,75,5,0.0956521739130434,0.0266666666666666,0.2,0.9857142857142858,0.5968992248062016,6.24031007751938,1.0,1.0,69.0,4.0,,,,,,,,,,30.0,0.0,2.2,1.4857142857142858,11.0,104.0,24.0,168.0,0.8
ALT,high,0.2,NORMA_q_age,,75,5,0.0674157303370786,0.0666666666666666,0.2,0.9428571428571428,0.2019230769230769,2.9951923076923075,1.0,4.0,66.0,4.0,,,,,,,,,,30.0,1.0,1.2,4.742857142857143,6.0,83.0,24.0,168.0,0.8
ALT,high,0.2,NORMA_q_age,,163,11,0.1182266009852216,0.0306748466257668,0.1818181818181818,0.9802631578947368,0.5526016814360373,4.674089222146482,2.0,3.0,149.0,9.0,,,,,,,,,,40.0,0.0,4.363636363636363,3.5328947368421053,24.0,179.0,24.0,168.0,0.8
ALT,high,0.2,NORMA_q_age,,134,9,0.0596026490066225,0.0522388059701492,0.2222222222222222,0.96,0.2604166666666667,4.369212962962964,2.0,5.0,120.0,7.0,,,,,,,,,,40.0,1.0,2.0,5.68,9.0,142.0,24.0,168.0,0.8
ALT,high,0.2,NORMA_q_age,,447,30,0.0793319415448851,0.0604026845637583,0.2,0.9496402877697842,0.2549596949365255,3.2138340493314663,6.0,21.0,396.0,24.0,,,,,,,,,,50.0,0.0,7.6,22.20863309352518,38.0,441.0,24.0,168.0,0.8
ALT,high,0.2,NORMA_q_age,,313,21,0.0706214689265536,0.0287539936102236,0.1904761904761904,0.9828767123287672,0.4580751431484822,6.486344026982508,4.0,5.0,287.0,17.0,,,,,,,,,,50.0,1.0,4.761904761904762,5.633561643835616,25.0,329.0,24.0,168.0,0.8
ALT,high,0.2,NORMA_q_age,,804,54,0.0719512195121951,0.085820895522388,0.2037037037037037,0.9226666666666666,0.1695873670215545,2.3569769653843182,11.0,58.0,692.0,43.0,,,,,,,,,,60.0,0.0,12.01851851851852,58.85066666666667,59.0,761.0,24.0,168.0,0.8
ALT,high,0.2,NORMA_q_age,,461,31,0.0488958990536277,0.0520607375271149,0.1935483870967742,0.958139534883721,0.1920500223313979,3.927732714777623,6.0,18.0,412.0,25.0,,,,,,,,,,60.0,1.0,6.0,25.24186046511628,31.0,603.0,24.0,168.0,0.8
ALT,high,0.2,NORMA_q_age,,804,54,0.0780312124849939,0.0534825870646766,0.2037037037037037,0.9573333333333334,0.2877875057557501,3.688107573762152,11.0,32.0,718.0,43.0,,,,,,,,,,70.0,0.0,13.24074074074074,32.768,65.0,768.0,24.0,168.0,0.8
ALT,high,0.2,NORMA_q_age,,477,32,0.0516962843295638,0.0314465408805031,0.1875,0.9797752808988764,0.3357223689173896,6.494129573745756,6.0,9.0,436.0,26.0,,,,,,,,,,70.0,1.0,6.0,11.87191011235955,32.0,587.0,24.0,168.0,0.8
ALT,high,0.2,NORMA_q_age,,224,15,0.0614754098360655,0.0669642857142857,0.2,0.9425837320574164,0.1857777777777777,3.021985185185185,3.0,12.0,197.0,12.0,,,,,,,,,,80.0,0.0,3.0,13.148325358851675,15.0,229.0,24.0,168.0,0.8
ALT,high,0.2,NORMA_q_set,,75,5,0.0956521739130434,0.0133333333333333,0.2,1.0,1.0,10.454545454545457,1.0,0.0,70.0,4.0,,,,,,,,,,30.0,0.0,2.2,0.0,11.0,104.0,24.0,168.0,0.8
ALT,high,0.2,NORMA_q_set,,75,5,0.0674157303370786,0.0666666666666666,0.2,0.9428571428571428,0.2019230769230769,2.9951923076923075,1.0,4.0,66.0,4.0,,,,,,,,,,30.0,1.0,1.2,4.742857142857143,6.0,83.0,24.0,168.0,0.8
ALT,high,0.2,NORMA_q_set,,163,11,0.1182266009852216,0.0306748466257668,0.1818181818181818,0.9802631578947368,0.5526016814360373,4.674089222146482,2.0,3.0,149.0,9.0,,,,,,,,,,40.0,0.0,4.363636363636363,3.5328947368421053,24.0,179.0,24.0,168.0,0.8
ALT,high,0.2,NORMA_q_set,,134,9,0.0596026490066225,0.0671641791044776,0.2222222222222222,0.944,0.2009646302250803,3.371739907109682,2.0,7.0,118.0,7.0,,,,,,,,,,40.0,1.0,2.0,7.952,9.0,142.0,24.0,168.0,0.8
ALT,high,0.2,NORMA_q_set,,447,30,0.0793319415448851,0.0671140939597315,0.2,0.9424460431654677,0.2304336445336358,2.904676729779251,6.0,24.0,393.0,24.0,,,,,,,,,,50.0,0.0,7.6,25.381294964028772,38.0,441.0,24.0,168.0,0.8
ALT,high,0.2,NORMA_q_set,,313,21,0.0706214689265536,0.0319488817891373,0.1904761904761904,0.9794520547945206,0.4132816259518215,5.852067823477793,4.0,6.0,286.0,17.0,,,,,,,,,,50.0,1.0,4.761904761904762,6.760273972602739,25.0,329.0,24.0,168.0,0.8
ALT,high,0.2,NORMA_q_set,,804,54,0.0719512195121951,0.0771144278606965,0.2037037037037037,0.932,0.1884769436648514,2.6195100644945453,11.0,51.0,699.0,43.0,,,,,,,,,,60.0,0.0,12.01851851851852,51.748,59.0,761.0,24.0,168.0,0.8
ALT,high,0.2,NORMA_q_set,,461,31,0.0488958990536277,0.0477223427331887,0.1935483870967742,0.9627906976744186,0.2109911678115799,4.31510969008199,6.0,16.0,414.0,25.0,,,,,,,,,,60.0,1.0,6.0,22.43720930232558,31.0,603.0,24.0,168.0,0.8
ALT,high,0.2,NORMA_q_set,,804,54,0.0780312124849939,0.0398009950248756,0.2037037037037037,0.972,0.3810861862386847,4.8837660482588365,11.0,21.0,729.0,43.0,,,,,,,,,,70.0,0.0,13.24074074074074,21.504,65.0,768.0,24.0,168.0,0.8
ALT,high,0.2,NORMA_q_set,,477,32,0.0516962843295638,0.0335429769392033,0.1875,0.9775280898876404,0.3126463700234192,6.047753220140515,6.0,10.0,435.0,26.0,,,,,,,,,,70.0,1.0,6.0,13.191011235955056,32.0,587.0,24.0,168.0,0.8
ALT,high,0.2,NORMA_q_set,,224,15,0.0614754098360655,0.0535714285714285,0.2,0.9569377990430622,0.2332589285714285,3.794345238095238,3.0,9.0,200.0,12.0,,,,,,,,,,80.0,0.0,3.0,9.861244019138756,15.0,229.0,24.0,168.0,0.8
ALT,high,0.2,NORMA_q_co,,75,5,0.0956521739130434,0.0133333333333333,0.2,1.0,1.0,10.454545454545457,1.0,0.0,70.0,4.0,,,,,,,,,,30.0,0.0,2.2,0.0,11.0,104.0,24.0,168.0,0.8
ALT,high,0.2,NORMA_q_co,,75,5,0.0674157303370786,0.0533333333333333,0.2,0.9571428571428572,0.2522522522522522,3.7417417417417416,1.0,3.0,67.0,4.0,,,,,,,,,,30.0,1.0,1.2,3.557142857142857,6.0,83.0,24.0,168.0,0.8
ALT,high,0.2,NORMA_q_co,,163,11,0.1182266009852216,0.0429447852760736,0.1818181818181818,0.9671052631578948,0.4256461116620967,3.600256694475235,2.0,5.0,147.0,9.0,,,,,,,,,,40.0,0.0,4.363636363636363,5.8881578947368425,24.0,179.0,24.0,168.0,0.8
ALT,high,0.2,NORMA_q_co,,134,9,0.0596026490066225,0.044776119402985,0.2222222222222222,0.968,0.3056234718826406,5.12768269491986,2.0,4.0,121.0,7.0,,,,,,,,,,40.0,1.0,2.0,4.544,9.0,142.0,24.0,168.0,0.8
ALT,high,0.2,NORMA_q_co,,447,30,0.0793319415448851,0.0693512304250559,0.2,0.9400479616306956,0.2232742951346324,2.8144312465654986,6.0,25.0,392.0,24.0,,,,,,,,,,50.0,0.0,7.6,26.43884892086331,38.0,441.0,24.0,168.0,0.8
ALT,high,0.2,NORMA_q_co,,313,21,0.0706214689265536,0.0287539936102236,0.1904761904761904,0.9828767123287672,0.4580751431484822,6.486344026982508,4.0,5.0,287.0,17.0,,,,,,,,,,50.0,1.0,4.761904761904762,5.633561643835616,25.0,329.0,24.0,168.0,0.8
ALT,high,0.2,NORMA_q_co,,804,54,0.0719512195121951,0.058457711442786,0.2037037037037037,0.952,0.2475670529068721,3.440762430231104,11.0,36.0,714.0,43.0,,,,,,,,,,60.0,0.0,12.01851851851852,36.528,59.0,761.0,24.0,168.0,0.8
ALT,high,0.2,NORMA_q_co,,461,31,0.0488958990536277,0.0238611713665943,0.1935483870967742,0.9883720930232558,0.4611260053619302,9.430770561273023,6.0,5.0,425.0,25.0,,,,,,,,,,60.0,1.0,6.0,7.011627906976744,31.0,603.0,24.0,168.0,0.8
ALT,high,0.2,NORMA_q_co,,804,54,0.0780312124849939,0.0497512437810945,0.2037037037037037,0.9613333333333334,0.308377872011538,3.951981036701711,11.0,29.0,721.0,43.0,,,,,,,,,,70.0,0.0,13.24074074074074,29.696,65.0,768.0,24.0,168.0,0.8
ALT,high,0.2,NORMA_q_co,,477,32,0.0516962843295638,0.0398322851153039,0.1875,0.9707865168539326,0.2591981361032909,5.013863945248034,6.0,13.0,432.0,26.0,,,,,,,,,,70.0,1.0,6.0,17.14831460674157,32.0,587.0,24.0,168.0,0.8
ALT,high,0.2,NORMA_q_co,,224,15,0.0614754098360655,0.0714285714285714,0.2,0.937799043062201,0.1739733629300777,2.8299667036625973,3.0,13.0,196.0,12.0,,,,,,,,,,80.0,0.0,3.0,14.24401913875598,15.0,229.0,24.0,168.0,0.8
ALT,high,0.2,NORMA_q_age_set_co,,75,5,0.0956521739130434,0.0266666666666666,0.2,0.9857142857142858,0.5968992248062016,6.24031007751938,1.0,1.0,69.0,4.0,,,,,,,,,,30.0,0.0,2.2,1.4857142857142858,11.0,104.0,24.0,168.0,0.8
ALT,high,0.2,NORMA_q_age_set_co,,75,5,0.0674157303370786,0.0533333333333333,0.2,0.9571428571428572,0.2522522522522522,3.7417417417417416,1.0,3.0,67.0,4.0,,,,,,,,,,30.0,1.0,1.2,3.557142857142857,6.0,83.0,24.0,168.0,0.8
ALT,high,0.2,NORMA_q_age_set_co,,163,11,0.1182266009852216,0.0429447852760736,0.1818181818181818,0.9671052631578948,0.4256461116620967,3.600256694475235,2.0,5.0,147.0,9.0,,,,,,,,,,40.0,0.0,4.363636363636363,5.8881578947368425,24.0,179.0,24.0,168.0,0.8
ALT,high,0.2,NORMA_q_age_set_co,,134,9,0.0596026490066225,0.0522388059701492,0.2222222222222222,0.96,0.2604166666666667,4.369212962962964,2.0,5.0,120.0,7.0,,,,,,,,,,40.0,1.0,2.0,5.68,9.0,142.0,24.0,168.0,0.8
ALT,high,0.2,NORMA_q_age_set_co,,447,30,0.0793319415448851,0.0827740492170022,0.2,0.9256594724220624,0.1881925392810061,2.3722164819895246,6.0,31.0,386.0,24.0,,,,,,,,,,50.0,0.0,7.6,32.78417266187051,38.0,441.0,24.0,168.0,0.8
ALT,high,0.2,NORMA_q_age_set_co,,313,21,0.0706214689265536,0.0319488817891373,0.1904761904761904,0.9794520547945206,0.4132816259518215,5.852067823477793,4.0,6.0,286.0,17.0,,,,,,,,,,50.0,1.0,4.761904761904762,6.760273972602739,25.0,329.0,24.0,168.0,0.8
ALT,high,0.2,NORMA_q_age_set_co,,804,54,0.0719512195121951,0.0895522388059701,0.2037037037037037,0.9186666666666666,0.1626031740941324,2.259908521308282,11.0,61.0,689.0,43.0,,,,,,,,,,60.0,0.0,12.01851851851852,61.894666666666666,59.0,761.0,24.0,168.0,0.8
ALT,high,0.2,NORMA_q_age_set_co,,461,31,0.0488958990536277,0.0412147505422993,0.1935483870967742,0.9697674418604652,0.2476245321048085,5.064321075949955,6.0,13.0,417.0,25.0,,,,,,,,,,60.0,1.0,6.0,18.230232558139534,31.0,603.0,24.0,168.0,0.8
ALT,high,0.2,NORMA_q_age_set_co,,804,54,0.0780312124849939,0.0410447761194029,0.2037037037037037,0.9706666666666668,0.3701763178276914,4.743951888468723,11.0,22.0,728.0,43.0,,,,,,,,,,70.0,0.0,13.24074074074074,22.528,65.0,768.0,24.0,168.0,0.8
ALT,high,0.2,NORMA_q_age_set_co,,477,32,0.0516962843295638,0.0440251572327044,0.1875,0.9662921348314608,0.2326797385620914,4.500898692810456,6.0,15.0,430.0,26.0,,,,,,,,,,70.0,1.0,6.0,19.786516853932586,32.0,587.0,24.0,168.0,0.8
ALT,high,0.2,NORMA_q_age_set_co,,224,15,0.0614754098360655,0.0580357142857142,0.2,0.9521531100478468,0.2149468632156325,3.4964689749742885,3.0,10.0,199.0,12.0,,,,,,,,,,80.0,0.0,3.0,10.956937799043065,15.0,229.0,24.0,168.0,0.8
ALT,low,0.2,PopRI,,112,8,0.0394088669950738,0.0535714285714285,0.25,0.9615384615384616,0.2105263157894736,5.342105263157895,2.0,4.0,100.0,6.0,,,,,,,,,,40.0,0.0,2.0,7.5,8.0,195.0,24.0,168.0,0.8
ALT,low,0.2,PopRI,,140,10,0.086092715231788,0.0642857142857142,0.2,0.946153846153846,0.25920245398773,3.0107361963190185,2.0,7.0,123.0,8.0,,,,,,,,,,40.0,1.0,2.6,7.430769230769231,13.0,138.0,24.0,168.0,0.8
ALT,low,0.2,PopRI,,394,28,0.0584551148225469,0.0228426395939086,0.2142857142857142,0.9918032786885246,0.6187658495350802,10.58531578311798,6.0,3.0,363.0,22.0,,,,,,,,,,50.0,0.0,6.0,3.69672131147541,28.0,451.0,24.0,168.0,0.8
ALT,low,0.2,PopRI,,296,21,0.0847457627118644,0.0506756756756756,0.1904761904761904,0.96,0.3059975520195838,3.6107711138310896,4.0,11.0,264.0,17.0,,,,,,,,,,50.0,1.0,5.714285714285714,12.96,30.0,324.0,24.0,168.0,0.8
ALT,low,0.2,PopRI,,478,34,0.0414634146341463,0.0271966527196652,0.2058823529411764,0.9864864864864864,0.397239263803681,9.58047636232407,7.0,6.0,438.0,27.0,,,,,,,,,,60.0,0.0,7.0,10.62162162162162,34.0,786.0,24.0,168.0,0.8
ALT,low,0.2,PopRI,,606,43,0.0867507886435331,0.0379537953795379,0.2093023255813953,0.9751332149200712,0.4443014908097819,5.121584457698213,9.0,14.0,549.0,34.0,,,,,,,,,,60.0,1.0,11.511627906976743,14.397868561278862,55.0,579.0,24.0,168.0,0.8
ALT,low,0.2,PopRI,,704,50,0.0600240096038415,0.049715909090909,0.2,0.9617737003058104,0.2504307869040781,4.172176909821942,10.0,25.0,629.0,40.0,,,,,,,,,,70.0,0.0,10.0,29.931192660550455,50.0,783.0,24.0,168.0,0.8
ALT,low,0.2,PopRI,,592,42,0.1050080775444265,0.054054054054054,0.1904761904761904,0.9563636363636364,0.3386892017356045,3.22536332114368,8.0,24.0,526.0,34.0,,,,,,,,,,70.0,1.0,12.38095238095238,24.174545454545456,65.0,554.0,24.0,168.0,0.8
ALT,low,0.2,PopRI,,211,15,0.0696721311475409,0.0379146919431279,0.2,0.9744897959183674,0.3699344953924725,5.309648051515489,3.0,5.0,191.0,12.0,,,,,,,,,,80.0,0.0,3.4,5.790816326530612,17.0,227.0,24.0,168.0,0.8
ALT,low,0.2,PopRI,,127,9,0.1349693251533742,0.0629921259842519,0.2222222222222222,0.9491525423728814,0.4054349523660783,3.003904419803217,2.0,6.0,112.0,7.0,,,,,,,,,,80.0,1.0,4.888888888888889,7.169491525423729,22.0,141.0,24.0,168.0,0.8
ALT,low,0.2,PerRI,,112,8,0.0394088669950738,0.2142857142857142,0.25,0.7884615384615384,0.0462427745664739,1.1734104046242777,2.0,22.0,82.0,6.0,,,,,,,,,,40.0,0.0,2.0,41.25,8.0,195.0,24.0,168.0,0.8
ALT,low,0.2,PerRI,,140,10,0.086092715231788,0.0785714285714285,0.2,0.9307692307692308,0.2139240506329114,2.484810126582279,2.0,9.0,121.0,8.0,,,,,,,,,,40.0,1.0,2.6,9.553846153846154,13.0,138.0,24.0,168.0,0.8
ALT,low,0.2,PerRI,,394,28,0.0584551148225469,0.1751269035532995,0.2142857142857142,0.8278688524590164,0.0717436048221111,1.2273280967782585,6.0,63.0,303.0,22.0,,,,,,,,,,50.0,0.0,6.0,77.6311475409836,28.0,451.0,24.0,168.0,0.8
ALT,low,0.2,PerRI,,296,21,0.0847457627118644,0.0912162162162162,0.1904761904761904,0.9163636363636364,0.174149832182889,2.0549680197580904,4.0,23.0,252.0,17.0,,,,,,,,,,50.0,1.0,5.714285714285714,27.098181818181818,30.0,324.0,24.0,168.0,0.8
ALT,low,0.2,PerRI,,478,34,0.0414634146341463,0.1443514644351464,0.2058823529411764,0.8603603603603603,0.0599537037037037,1.4459422657952068,7.0,62.0,382.0,27.0,,,,,,,,,,60.0,0.0,7.0,109.75675675675676,34.0,786.0,24.0,168.0,0.8
ALT,low,0.2,PerRI,,606,43,0.0867507886435331,0.1419141914191419,0.2093023255813953,0.8632326820603907,0.1269199555141422,1.4630409417448402,9.0,77.0,486.0,34.0,,,,,,,,,,60.0,1.0,11.511627906976743,79.18827708703375,55.0,579.0,24.0,168.0,0.8
ALT,low,0.2,PerRI,,704,50,0.0600240096038415,0.1065340909090909,0.2,0.900611620795107,0.1138678506137372,1.8970383912248627,10.0,65.0,589.0,40.0,,,,,,,,,,70.0,0.0,10.0,77.8211009174312,50.0,783.0,24.0,168.0,0.8
ALT,low,0.2,PerRI,,592,42,0.1050080775444265,0.1503378378378378,0.1904761904761904,0.8527272727272728,0.1317542479227975,1.254705837910949,8.0,81.0,469.0,34.0,,,,,,,,,,70.0,1.0,12.38095238095238,81.58909090909091,65.0,554.0,24.0,168.0,0.8
ALT,low,0.2,PerRI,,211,15,0.0696721311475409,0.1042654028436018,0.2,0.903061224489796,0.1338313853074667,1.920874000883641,3.0,19.0,177.0,12.0,,,,,,,,,,80.0,0.0,3.4,22.005102040816325,17.0,227.0,24.0,168.0,0.8
ALT,low,0.2,PerRI,,127,9,0.1349693251533742,0.1417322834645669,0.2222222222222222,0.864406779661017,0.2036397866331974,1.5087856918732354,2.0,16.0,102.0,7.0,,,,,,,,,,80.0,1.0,4.888888888888889,19.11864406779661,22.0,141.0,24.0,168.0,0.8
ALT,low,0.2,Cohen_m2,,112,8,0.0394088669950738,0.1428571428571428,0.25,0.8653846153846154,0.0707964601769911,1.7964601769911503,2.0,14.0,90.0,6.0,,,,,,,,,,40.0,0.0,2.0,26.25,8.0,195.0,24.0,168.0,0.8
ALT,low,0.2,Cohen_m2,,140,10,0.086092715231788,0.0142857142857142,0.2,1.0,1.0,11.615384615384617,2.0,0.0,130.0,8.0,,,,,,,,,,40.0,1.0,2.6,0.0,13.0,138.0,24.0,168.0,0.8
ALT,low,0.2,Cohen_m2,,394,28,0.0584551148225469,0.0939086294416243,0.2142857142857142,0.9153005464480874,0.1357482846015948,2.3222652972915694,6.0,31.0,335.0,22.0,,,,,,,,,,50.0,0.0,6.0,38.19945355191257,28.0,451.0,24.0,168.0,0.8
ALT,low,0.2,Cohen_m2,,296,21,0.0847457627118644,0.0608108108108108,0.1904761904761904,0.9490909090909092,0.2572979041916167,3.0361152694610776,4.0,14.0,261.0,17.0,,,,,,,,,,50.0,1.0,5.714285714285714,16.494545454545456,30.0,324.0,24.0,168.0,0.8
ALT,low,0.2,Cohen_m2,,478,34,0.0414634146341463,0.0920502092050209,0.2058823529411764,0.9166666666666666,0.096551724137931,2.328600405679513,7.0,37.0,407.0,27.0,,,,,,,,,,60.0,0.0,7.0,65.5,34.0,786.0,24.0,168.0,0.8
ALT,low,0.2,Cohen_m2,,606,43,0.0867507886435331,0.0693069306930693,0.2093023255813953,0.9413854351687388,0.2532841461220083,2.9196754298427865,9.0,33.0,530.0,34.0,,,,,,,,,,60.0,1.0,11.511627906976743,33.93783303730018,55.0,579.0,24.0,168.0,0.8
ALT,low,0.2,Cohen_m2,,704,50,0.0600240096038415,0.1178977272727272,0.2,0.8883792048929664,0.1026703715913907,1.71048839071257,10.0,73.0,581.0,40.0,,,,,,,,,,70.0,0.0,10.0,87.39908256880734,50.0,783.0,24.0,168.0,0.8
ALT,low,0.2,Cohen_m2,,592,42,0.1050080775444265,0.1486486486486486,0.1904761904761904,0.8545454545454545,0.1331818351153001,1.2683008605595505,8.0,80.0,470.0,34.0,,,,,,,,,,70.0,1.0,12.38095238095238,80.58181818181818,65.0,554.0,24.0,168.0,0.8
ALT,low,0.2,Cohen_m2,,211,15,0.0696721311475409,0.0900473933649289,0.2,0.9183673469387756,0.1550344314163409,2.2252000744463056,3.0,16.0,180.0,12.0,,,,,,,,,,80.0,0.0,3.4,18.53061224489796,17.0,227.0,24.0,168.0,0.8
ALT,low,0.2,Cohen_m2,,127,9,0.1349693251533742,0.0944881889763779,0.2222222222222222,0.9152542372881356,0.2903478358125489,2.151213510792976,2.0,10.0,108.0,7.0,,,,,,,,,,80.0,1.0,4.888888888888889,11.94915254237288,22.0,141.0,24.0,168.0,0.8
ALT,low,0.2,Cohen_m3,,112,8,0.0394088669950738,0.1339285714285714,0.25,0.875,0.0758293838862559,1.924170616113744,2.0,13.0,91.0,6.0,,,,,,,,,,40.0,0.0,2.0,24.375,8.0,195.0,24.0,168.0,0.8
ALT,low,0.2,Cohen_m3,,140,10,0.086092715231788,0.0214285714285714,0.2,0.9923076923076924,0.7100840336134453,8.247899159663865,2.0,1.0,129.0,8.0,,,,,,,,,,40.0,1.0,2.6,1.0615384615384615,13.0,138.0,24.0,168.0,0.8
ALT,low,0.2,Cohen_m3,,394,28,0.0584551148225469,0.1192893401015228,0.2142857142857142,0.8879781420765027,0.1061536230482912,1.8159851942904104,6.0,41.0,325.0,22.0,,,,,,,,,,50.0,0.0,6.0,50.52185792349727,28.0,451.0,24.0,168.0,0.8
ALT,low,0.2,Cohen_m3,,296,21,0.0847457627118644,0.081081081081081,0.1904761904761904,0.9272727272727272,0.1951738821859474,2.30305180979418,4.0,20.0,255.0,17.0,,,,,,,,,,50.0,1.0,5.714285714285714,23.563636363636363,30.0,324.0,24.0,168.0,0.8
ALT,low,0.2,Cohen_m3,,478,34,0.0414634146341463,0.0899581589958159,0.2058823529411764,0.918918918918919,0.0989682842949942,2.3868821506439795,7.0,36.0,408.0,27.0,,,,,,,,,,60.0,0.0,7.0,63.729729729729726,34.0,786.0,24.0,168.0,0.8
ALT,low,0.2,Cohen_m3,,606,43,0.0867507886435331,0.1485148514851485,0.2093023255813953,0.8561278863232682,0.1214132795897081,1.3995639865431817,9.0,81.0,482.0,34.0,,,,,,,,,,60.0,1.0,11.511627906976743,83.30195381882771,55.0,579.0,24.0,168.0,0.8
ALT,low,0.2,Cohen_m3,,704,50,0.0600240096038415,0.1136363636363636,0.2,0.8929663608562691,0.106601466992665,1.7759804400977994,10.0,70.0,584.0,40.0,,,,,,,,,,70.0,0.0,10.0,83.80733944954129,50.0,783.0,24.0,168.0,0.8
ALT,low,0.2,Cohen_m3,,592,42,0.1050080775444265,0.2111486486486486,0.1904761904761904,0.7872727272727272,0.0950685357716972,0.9053449791181628,8.0,117.0,433.0,34.0,,,,,,,,,,70.0,1.0,12.38095238095238,117.85090909090908,65.0,554.0,24.0,168.0,0.8
ALT,low,0.2,Cohen_m3,,211,15,0.0696721311475409,0.1848341232227488,0.2,0.8163265306122449,0.0753982621288921,1.0821868211440986,3.0,36.0,160.0,12.0,,,,,,,,,,80.0,0.0,3.4,41.69387755102041,17.0,227.0,24.0,168.0,0.8
ALT,low,0.2,Cohen_m3,,127,9,0.1349693251533742,0.1574803149606299,0.2222222222222222,0.847457627118644,0.1852036812442034,1.3721909110365984,2.0,18.0,100.0,7.0,,,,,,,,,,80.0,1.0,4.888888888888889,21.508474576271187,22.0,141.0,24.0,168.0,0.8
ALT,low,0.2,Cohen_m4,,112,8,0.0394088669950738,0.1875,0.25,0.8173076923076923,0.0531561461794019,1.3488372093023255,2.0,19.0,85.0,6.0,,,,,,,,,,40.0,0.0,2.0,35.625,8.0,195.0,24.0,168.0,0.8
ALT,low,0.2,Cohen_m4,,140,10,0.086092715231788,0.0928571428571428,0.2,0.9153846153846154,0.1821120689655172,2.1153017241379315,2.0,11.0,119.0,8.0,,,,,,,,,,40.0,1.0,2.6,11.676923076923076,13.0,138.0,24.0,168.0,0.8
ALT,low,0.2,Cohen_m4,,394,28,0.0584551148225469,0.1294416243654822,0.2142857142857142,0.8770491803278688,0.0976390556222489,1.6703252729663296,6.0,45.0,321.0,22.0,,,,,,,,,,50.0,0.0,6.0,55.450819672131146,28.0,451.0,24.0,168.0,0.8
ALT,low,0.2,Cohen_m4,,296,21,0.0847457627118644,0.0844594594594594,0.1904761904761904,0.9236363636363636,0.1876236610493279,2.21395920038207,4.0,21.0,254.0,17.0,,,,,,,,,,50.0,1.0,5.714285714285714,24.741818181818186,30.0,324.0,24.0,168.0,0.8
ALT,low,0.2,Cohen_m4,,478,34,0.0414634146341463,0.0753138075313807,0.2058823529411764,0.9346846846846848,0.1199907343062311,2.893894180326752,7.0,29.0,415.0,27.0,,,,,,,,,,60.0,0.0,7.0,51.33783783783784,34.0,786.0,24.0,168.0,0.8
ALT,low,0.2,Cohen_m4,,606,43,0.0867507886435331,0.1452145214521452,0.2093023255813953,0.8596802841918295,0.1241055635417278,1.4305986779173725,9.0,79.0,484.0,34.0,,,,,,,,,,60.0,1.0,11.511627906976743,81.24511545293073,55.0,579.0,24.0,168.0,0.8
ALT,low,0.2,Cohen_m4,,704,50,0.0600240096038415,0.1647727272727272,0.2,0.8379204892966361,0.073041613616565,1.2168732828519735,10.0,106.0,548.0,40.0,,,,,,,,,,70.0,0.0,10.0,126.90825688073394,50.0,783.0,24.0,168.0,0.8
ALT,low,0.2,Cohen_m4,,592,42,0.1050080775444265,0.1739864864864864,0.1904761904761904,0.8272727272727273,0.1145622201036668,1.0909848345256885,8.0,95.0,455.0,34.0,,,,,,,,,,70.0,1.0,12.38095238095238,95.69090909090907,65.0,554.0,24.0,168.0,0.8
ALT,low,0.2,Cohen_m4,,211,15,0.0696721311475409,0.2511848341232227,0.2,0.7448979591836735,0.0554575413601411,0.7959788289337906,3.0,50.0,146.0,12.0,,,,,,,,,,80.0,0.0,3.4,57.90816326530612,17.0,227.0,24.0,168.0,0.8
ALT,low,0.2,Cohen_m4,,127,9,0.1349693251533742,0.1496062992125984,0.2222222222222222,0.8559322033898306,0.1939846814870166,1.4372501401083506,2.0,17.0,101.0,7.0,,,,,,,,,,80.0,1.0,4.888888888888889,20.3135593220339,22.0,141.0,24.0,168.0,0.8
ALT,low,0.2,Gaussian_mle,,112,8,0.0394088669950738,0.2142857142857142,0.25,0.7884615384615384,0.0462427745664739,1.1734104046242777,2.0,22.0,82.0,6.0,,,,,,,,,,40.0,0.0,2.0,41.25,8.0,195.0,24.0,168.0,0.8
ALT,low,0.2,Gaussian_mle,,140,10,0.086092715231788,0.05,0.2,0.9615384615384616,0.3287937743190661,3.8190661478599215,2.0,5.0,125.0,8.0,,,,,,,,,,40.0,1.0,2.6,5.307692307692308,13.0,138.0,24.0,168.0,0.8
ALT,low,0.2,Gaussian_mle,,394,28,0.0584551148225469,0.1192893401015228,0.2142857142857142,0.8879781420765027,0.1061536230482912,1.8159851942904104,6.0,41.0,325.0,22.0,,,,,,,,,,50.0,0.0,6.0,50.52185792349727,28.0,451.0,24.0,168.0,0.8
ALT,low,0.2,Gaussian_mle,,296,21,0.0847457627118644,0.0675675675675675,0.1904761904761904,0.9418181818181818,0.2326171544577905,2.7448824226019286,4.0,16.0,259.0,17.0,,,,,,,,,,50.0,1.0,5.714285714285714,18.85090909090909,30.0,324.0,24.0,168.0,0.8
ALT,low,0.2,Gaussian_mle,,478,34,0.0414634146341463,0.1255230125523012,0.2058823529411764,0.8806306306306306,0.0694276906580887,1.6744325394009631,7.0,53.0,391.0,27.0,,,,,,,,,,60.0,0.0,7.0,93.82432432432432,34.0,786.0,24.0,168.0,0.8
ALT,low,0.2,Gaussian_mle,,606,43,0.0867507886435331,0.1386138613861386,0.2093023255813953,0.866785079928952,0.1298649555443717,1.4969887602751215,9.0,75.0,488.0,34.0,,,,,,,,,,60.0,1.0,11.511627906976743,77.13143872113676,55.0,579.0,24.0,168.0,0.8
ALT,low,0.2,Gaussian_mle,,704,50,0.0600240096038415,0.1164772727272727,0.2,0.8899082568807339,0.1039481213045966,1.731775700934579,10.0,72.0,582.0,40.0,,,,,,,,,,70.0,0.0,10.0,86.20183486238533,50.0,783.0,24.0,168.0,0.8
ALT,low,0.2,Gaussian_mle,,592,42,0.1050080775444265,0.1300675675675675,0.1904761904761904,0.8745454545454545,0.1512033886476919,1.4399215011218658,8.0,69.0,481.0,34.0,,,,,,,,,,70.0,1.0,12.38095238095238,69.50181818181818,65.0,554.0,24.0,168.0,0.8
ALT,low,0.2,Gaussian_mle,,211,15,0.0696721311475409,0.0758293838862559,0.2,0.9336734693877552,0.1842207110079062,2.644109028584066,3.0,13.0,183.0,12.0,,,,,,,,,,80.0,0.0,3.4,15.056122448979592,17.0,227.0,24.0,168.0,0.8
ALT,low,0.2,Gaussian_mle,,127,9,0.1349693251533742,0.0551181102362204,0.2222222222222222,0.9576271186440678,0.4500303371760423,3.334315679986132,2.0,5.0,113.0,7.0,,,,,,,,,,80.0,1.0,4.888888888888889,5.97457627118644,22.0,141.0,24.0,168.0,0.8
ALT,low,0.2,Gaussian_trunc,,112,8,0.0394088669950738,0.2321428571428571,0.25,0.7692307692307693,0.0425531914893617,1.0797872340425532,2.0,24.0,80.0,6.0,,,,,,,,,,40.0,0.0,2.0,45.0,8.0,195.0,24.0,168.0,0.8
ALT,low,0.2,Gaussian_trunc,,140,10,0.086092715231788,0.0571428571428571,0.2,0.953846153846154,0.2898799313893653,3.3670668953687826,2.0,6.0,124.0,8.0,,,,,,,,,,40.0,1.0,2.6,6.369230769230769,13.0,138.0,24.0,168.0,0.8
ALT,low,0.2,Gaussian_trunc,,394,28,0.0584551148225469,0.1776649746192893,0.2142857142857142,0.825136612021858,0.0707018673535093,1.209506945083249,6.0,64.0,302.0,22.0,,,,,,,,,,50.0,0.0,6.0,78.86338797814207,28.0,451.0,24.0,168.0,0.8
ALT,low,0.2,Gaussian_trunc,,296,21,0.0847457627118644,0.1013513513513513,0.1904761904761904,0.9054545454545454,0.1572147267322204,1.8551337754402013,4.0,26.0,249.0,17.0,,,,,,,,,,50.0,1.0,5.714285714285714,30.632727272727276,30.0,324.0,24.0,168.0,0.8
ALT,low,0.2,Gaussian_trunc,,478,34,0.0414634146341463,0.1799163179916318,0.2058823529411764,0.8220720720720721,0.0476672494708751,1.1496218990034588,7.0,79.0,365.0,27.0,,,,,,,,,,60.0,0.0,7.0,139.85135135135135,34.0,786.0,24.0,168.0,0.8
ALT,low,0.2,Gaussian_trunc,,606,43,0.0867507886435331,0.1369636963696369,0.2093023255813953,0.8685612788632326,0.1313893080969306,1.5145603878809824,9.0,74.0,489.0,34.0,,,,,,,,,,60.0,1.0,11.511627906976743,76.10301953818828,55.0,579.0,24.0,168.0,0.8
ALT,low,0.2,Gaussian_trunc,,704,50,0.0600240096038415,0.1477272727272727,0.2,0.8562691131498471,0.0816051508572284,1.3595418132814256,10.0,94.0,560.0,40.0,,,,,,,,,,70.0,0.0,10.0,112.54128440366972,50.0,783.0,24.0,168.0,0.8
ALT,low,0.2,Gaussian_trunc,,592,42,0.1050080775444265,0.116554054054054,0.1904761904761904,0.889090909090909,0.1677077054067556,1.5970933791812578,8.0,61.0,489.0,34.0,,,,,,,,,,70.0,1.0,12.38095238095238,61.443636363636365,65.0,554.0,24.0,168.0,0.8
ALT,low,0.2,Gaussian_trunc,,211,15,0.0696721311475409,0.0947867298578199,0.2,0.9132653061224488,0.1472577009767092,2.113581119901004,3.0,17.0,179.0,12.0,,,,,,,,,,80.0,0.0,3.4,19.68877551020408,17.0,227.0,24.0,168.0,0.8
ALT,low,0.2,Gaussian_trunc,,127,9,0.1349693251533742,0.0551181102362204,0.2222222222222222,0.9576271186440678,0.4500303371760423,3.334315679986132,2.0,5.0,113.0,7.0,,,,,,,,,,80.0,1.0,4.888888888888889,5.97457627118644,22.0,141.0,24.0,168.0,0.8
ALT,low,0.2,Gaussian_eb,,112,8,0.0394088669950738,0.2232142857142857,0.25,0.7788461538461539,0.0443213296398892,1.1246537396121885,2.0,23.0,81.0,6.0,,,,,,,,,,40.0,0.0,2.0,43.125,8.0,195.0,24.0,168.0,0.8
ALT,low,0.2,Gaussian_eb,,140,10,0.086092715231788,0.05,0.2,0.9615384615384616,0.3287937743190661,3.8190661478599215,2.0,5.0,125.0,8.0,,,,,,,,,,40.0,1.0,2.6,5.307692307692308,13.0,138.0,24.0,168.0,0.8
ALT,low,0.2,Gaussian_eb,,394,28,0.0584551148225469,0.1548223350253807,0.2142857142857142,0.8497267759562842,0.0813303210992185,1.3913294216616316,6.0,55.0,311.0,22.0,,,,,,,,,,50.0,0.0,6.0,67.77322404371584,28.0,451.0,24.0,168.0,0.8
ALT,low,0.2,Gaussian_eb,,296,21,0.0847457627118644,0.1013513513513513,0.1904761904761904,0.9054545454545454,0.1572147267322204,1.8551337754402013,4.0,26.0,249.0,17.0,,,,,,,,,,50.0,1.0,5.714285714285714,30.632727272727276,30.0,324.0,24.0,168.0,0.8
ALT,low,0.2,Gaussian_eb,,478,34,0.0414634146341463,0.1297071129707113,0.2058823529411764,0.8761261261261262,0.0670723811990159,1.617628017152737,7.0,55.0,389.0,27.0,,,,,,,,,,60.0,0.0,7.0,97.36486486486488,34.0,786.0,24.0,168.0,0.8
ALT,low,0.2,Gaussian_eb,,606,43,0.0867507886435331,0.1138613861386138,0.2093023255813953,0.8934280639431617,0.1572266368783162,1.8123943232882276,9.0,60.0,503.0,34.0,,,,,,,,,,60.0,1.0,11.511627906976743,61.705150976909415,55.0,579.0,24.0,168.0,0.8
ALT,low,0.2,Gaussian_eb,,704,50,0.0600240096038415,0.1434659090909091,0.2,0.8608562691131498,0.0840692607303999,1.4005938837684626,10.0,91.0,563.0,40.0,,,,,,,,,,70.0,0.0,10.0,108.94954128440368,50.0,783.0,24.0,168.0,0.8
ALT,low,0.2,Gaussian_eb,,592,42,0.1050080775444265,0.125,0.1904761904761904,0.88,0.1569972465098304,1.4950968552243853,8.0,66.0,484.0,34.0,,,,,,,,,,70.0,1.0,12.38095238095238,66.48,65.0,554.0,24.0,168.0,0.8
ALT,low,0.2,Gaussian_eb,,211,15,0.0696721311475409,0.0521327014218009,0.2,0.9591836734693876,0.2684498872059297,3.853045439896874,3.0,8.0,188.0,12.0,,,,,,,,,,80.0,0.0,3.4,9.26530612244898,17.0,227.0,24.0,168.0,0.8
ALT,low,0.2,Gaussian_eb,,127,9,0.1349693251533742,0.0551181102362204,0.2222222222222222,0.9576271186440678,0.4500303371760423,3.334315679986132,2.0,5.0,113.0,7.0,,,,,,,,,,80.0,1.0,4.888888888888889,5.97457627118644,22.0,141.0,24.0,168.0,0.8
ALT,low,0.2,NORMA_q_age_set,,112,8,0.0394088669950738,0.1517857142857142,0.25,0.8557692307692307,0.0663900414937759,1.6846473029045643,2.0,15.0,89.0,6.0,,,,,,,,,,40.0,0.0,2.0,28.125,8.0,195.0,24.0,168.0,0.8
ALT,low,0.2,NORMA_q_age_set,,140,10,0.086092715231788,0.0428571428571428,0.2,0.9692307692307692,0.3797752808988764,4.41123595505618,2.0,4.0,126.0,8.0,,,,,,,,,,40.0,1.0,2.6,4.246153846153846,13.0,138.0,24.0,168.0,0.8
ALT,low,0.2,NORMA_q_age_set,,394,28,0.0584551148225469,0.1573604060913705,0.2142857142857142,0.8469945355191257,0.0799941716450531,1.3684717220707312,6.0,56.0,310.0,22.0,,,,,,,,,,50.0,0.0,6.0,69.00546448087432,28.0,451.0,24.0,168.0,0.8
ALT,low,0.2,NORMA_q_age_set,,296,21,0.0847457627118644,0.0743243243243243,0.1904761904761904,0.9345454545454546,0.212256869404137,2.5046310589688177,4.0,18.0,257.0,17.0,,,,,,,,,,50.0,1.0,5.714285714285714,21.207272727272727,30.0,324.0,24.0,168.0,0.8
ALT,low,0.2,NORMA_q_age_set,,478,34,0.0414634146341463,0.0732217573221757,0.2058823529411764,0.9369369369369368,0.1237458193979933,2.984457997245721,7.0,28.0,416.0,27.0,,,,,,,,,,60.0,0.0,7.0,49.567567567567565,34.0,786.0,24.0,168.0,0.8
ALT,low,0.2,NORMA_q_age_set,,606,43,0.0867507886435331,0.1287128712871287,0.2093023255813953,0.8774422735346359,0.1395813236447561,1.6089919852868255,9.0,69.0,494.0,34.0,,,,,,,,,,60.0,1.0,11.511627906976743,70.96092362344582,55.0,579.0,24.0,168.0,0.8
ALT,low,0.2,NORMA_q_age_set,,704,50,0.0600240096038415,0.0823863636363636,0.2,0.926605504587156,0.148218656513462,2.469322817514278,10.0,48.0,606.0,40.0,,,,,,,,,,70.0,0.0,10.0,57.46788990825688,50.0,783.0,24.0,168.0,0.8
ALT,low,0.2,NORMA_q_age_set,,592,42,0.1050080775444265,0.0962837837837837,0.1904761904761904,0.9109090909090908,0.2005424462812699,1.9097811422785549,8.0,49.0,501.0,34.0,,,,,,,,,,70.0,1.0,12.38095238095238,49.35636363636364,65.0,554.0,24.0,168.0,0.8
ALT,low,0.2,NORMA_q_age_set,,211,15,0.0696721311475409,0.0379146919431279,0.2,0.9744897959183674,0.3699344953924725,5.309648051515489,3.0,5.0,191.0,12.0,,,,,,,,,,80.0,0.0,3.4,5.790816326530612,17.0,227.0,24.0,168.0,0.8
ALT,low,0.2,NORMA_q_age_set,,127,9,0.1349693251533742,0.0314960629921259,0.2222222222222222,0.9830508474576272,0.6716688227684346,4.9764553686934025,2.0,2.0,116.0,7.0,,,,,,,,,,80.0,1.0,4.888888888888889,2.389830508474576,22.0,141.0,24.0,168.0,0.8
ALT,low,0.2,NORMA_334f7e21,,112,8,0.0394088669950738,0.1964285714285714,0.25,0.8076923076923077,0.050632911392405,1.2848101265822784,2.0,20.0,84.0,6.0,,,,,,,,,,40.0,0.0,2.0,37.5,8.0,195.0,24.0,168.0,0.8
ALT,low,0.2,NORMA_334f7e21,,140,10,0.086092715231788,0.0642857142857142,0.2,0.946153846153846,0.25920245398773,3.0107361963190185,2.0,7.0,123.0,8.0,,,,,,,,,,40.0,1.0,2.6,7.430769230769231,13.0,138.0,24.0,168.0,0.8
ALT,low,0.2,NORMA_334f7e21,,394,28,0.0584551148225469,0.1091370558375634,0.2142857142857142,0.8989071038251366,0.1162950802308955,1.98947655109282,6.0,37.0,329.0,22.0,,,,,,,,,,50.0,0.0,6.0,45.59289617486339,28.0,451.0,24.0,168.0,0.8
ALT,low,0.2,NORMA_334f7e21,,296,21,0.0847457627118644,0.0506756756756756,0.1904761904761904,0.96,0.3059975520195838,3.6107711138310896,4.0,11.0,264.0,17.0,,,,,,,,,,50.0,1.0,5.714285714285714,12.96,30.0,324.0,24.0,168.0,0.8
ALT,low,0.2,NORMA_334f7e21,,478,34,0.0414634146341463,0.0564853556485355,0.2058823529411764,0.954954954954955,0.1650732950924155,3.981179469875904,7.0,20.0,424.0,27.0,,,,,,,,,,60.0,0.0,7.0,35.4054054054054,34.0,786.0,24.0,168.0,0.8
ALT,low,0.2,NORMA_334f7e21,,606,43,0.0867507886435331,0.1287128712871287,0.2093023255813953,0.8774422735346359,0.1395813236447561,1.6089919852868255,9.0,69.0,494.0,34.0,,,,,,,,,,60.0,1.0,11.511627906976743,70.96092362344582,55.0,579.0,24.0,168.0,0.8
ALT,low,0.2,NORMA_334f7e21,,704,50,0.0600240096038415,0.0923295454545454,0.2,0.9159021406727827,0.1318415482310251,2.196480193528878,10.0,55.0,599.0,40.0,,,,,,,,,,70.0,0.0,10.0,65.84862385321101,50.0,783.0,24.0,168.0,0.8
ALT,low,0.2,NORMA_334f7e21,,592,42,0.1050080775444265,0.0608108108108108,0.1904761904761904,0.9490909090909092,0.3050653650544425,2.9051609379799985,8.0,28.0,522.0,34.0,,,,,,,,,,70.0,1.0,12.38095238095238,28.203636363636363,65.0,554.0,24.0,168.0,0.8
ALT,low,0.2,NORMA_334f7e21,,211,15,0.0696721311475409,0.0805687203791469,0.2,0.9285714285714286,0.1733430444282593,2.4879825200291337,3.0,14.0,182.0,12.0,,,,,,,,,,80.0,0.0,3.4,16.214285714285715,17.0,227.0,24.0,168.0,0.8
ALT,low,0.2,NORMA_334f7e21,,127,9,0.1349693251533742,0.0236220472440944,0.2222222222222222,0.9915254237288136,0.8035907754217614,5.953877108806687,2.0,1.0,117.0,7.0,,,,,,,,,,80.0,1.0,4.888888888888889,1.194915254237288,22.0,141.0,24.0,168.0,0.8
ALT,low,0.2,NORMA_q_age,,112,8,0.0394088669950738,0.1607142857142857,0.25,0.8461538461538461,0.0625,1.5859375,2.0,16.0,88.0,6.0,,,,,,,,,,40.0,0.0,2.0,30.0,8.0,195.0,24.0,168.0,0.8
ALT,low,0.2,NORMA_q_age,,140,10,0.086092715231788,0.0428571428571428,0.2,0.9692307692307692,0.3797752808988764,4.41123595505618,2.0,4.0,126.0,8.0,,,,,,,,,,40.0,1.0,2.6,4.246153846153846,13.0,138.0,24.0,168.0,0.8
ALT,low,0.2,NORMA_q_age,,394,28,0.0584551148225469,0.1294416243654822,0.2142857142857142,0.8770491803278688,0.0976390556222489,1.6703252729663296,6.0,45.0,321.0,22.0,,,,,,,,,,50.0,0.0,6.0,55.450819672131146,28.0,451.0,24.0,168.0,0.8
ALT,low,0.2,NORMA_q_age,,296,21,0.0847457627118644,0.054054054054054,0.1904761904761904,0.9563636363636364,0.2878375549508059,3.39648314841951,4.0,12.0,263.0,17.0,,,,,,,,,,50.0,1.0,5.714285714285714,14.13818181818182,30.0,324.0,24.0,168.0,0.8
ALT,low,0.2,NORMA_q_age,,478,34,0.0414634146341463,0.0627615062761506,0.2058823529411764,0.9481981981981982,0.1467006513735485,3.53807453312676,7.0,23.0,421.0,27.0,,,,,,,,,,60.0,0.0,7.0,40.71621621621622,34.0,786.0,24.0,168.0,0.8
ALT,low,0.2,NORMA_q_age,,606,43,0.0867507886435331,0.1501650165016501,0.2093023255813953,0.8543516873889876,0.120110471378164,1.384546160977382,9.0,82.0,481.0,34.0,,,,,,,,,,60.0,1.0,11.511627906976743,84.3303730017762,55.0,579.0,24.0,168.0,0.8
ALT,low,0.2,NORMA_q_age,,704,50,0.0600240096038415,0.1065340909090909,0.2,0.900611620795107,0.1138678506137372,1.8970383912248627,10.0,65.0,589.0,40.0,,,,,,,,,,70.0,0.0,10.0,77.8211009174312,50.0,783.0,24.0,168.0,0.8
ALT,low,0.2,NORMA_q_age,,592,42,0.1050080775444265,0.081081081081081,0.1904761904761904,0.9272727272727272,0.2350581892300611,2.238477217437044,8.0,40.0,510.0,34.0,,,,,,,,,,70.0,1.0,12.38095238095238,40.29090909090909,65.0,554.0,24.0,168.0,0.8
ALT,low,0.2,NORMA_q_age,,211,15,0.0696721311475409,0.1090047393364928,0.2,0.8979591836734694,0.1279963122311002,1.837123540258144,3.0,20.0,176.0,12.0,,,,,,,,,,80.0,0.0,3.4,23.163265306122447,17.0,227.0,24.0,168.0,0.8
ALT,low,0.2,NORMA_q_age,,127,9,0.1349693251533742,0.0314960629921259,0.2222222222222222,0.9830508474576272,0.6716688227684346,4.9764553686934025,2.0,2.0,116.0,7.0,,,,,,,,,,80.0,1.0,4.888888888888889,2.389830508474576,22.0,141.0,24.0,168.0,0.8
ALT,low,0.2,NORMA_q_set,,112,8,0.0394088669950738,0.1339285714285714,0.25,0.875,0.0758293838862559,1.924170616113744,2.0,13.0,91.0,6.0,,,,,,,,,,40.0,0.0,2.0,24.375,8.0,195.0,24.0,168.0,0.8
ALT,low,0.2,NORMA_q_set,,140,10,0.086092715231788,0.0642857142857142,0.2,0.946153846153846,0.25920245398773,3.0107361963190185,2.0,7.0,123.0,8.0,,,,,,,,,,40.0,1.0,2.6,7.430769230769231,13.0,138.0,24.0,168.0,0.8
ALT,low,0.2,NORMA_q_set,,394,28,0.0584551148225469,0.1065989847715736,0.2142857142857142,0.9016393442622952,0.119140625,2.0381556919642856,6.0,36.0,330.0,22.0,,,,,,,,,,50.0,0.0,6.0,44.36065573770492,28.0,451.0,24.0,168.0,0.8
ALT,low,0.2,NORMA_q_set,,296,21,0.0847457627118644,0.0608108108108108,0.1904761904761904,0.9490909090909092,0.2572979041916167,3.0361152694610776,4.0,14.0,261.0,17.0,,,,,,,,,,50.0,1.0,5.714285714285714,16.494545454545456,30.0,324.0,24.0,168.0,0.8
ALT,low,0.2,NORMA_q_set,,478,34,0.0414634146341463,0.0690376569037656,0.2058823529411764,0.9414414414414416,0.1320081549439347,3.1837260898243094,7.0,26.0,418.0,27.0,,,,,,,,,,60.0,0.0,7.0,46.02702702702703,34.0,786.0,24.0,168.0,0.8
ALT,low,0.2,NORMA_q_set,,606,43,0.0867507886435331,0.1501650165016501,0.2093023255813953,0.8543516873889876,0.120110471378164,1.384546160977382,9.0,82.0,481.0,34.0,,,,,,,,,,60.0,1.0,11.511627906976743,84.3303730017762,55.0,579.0,24.0,168.0,0.8
ALT,low,0.2,NORMA_q_set,,704,50,0.0600240096038415,0.0923295454545454,0.2,0.9159021406727827,0.1318415482310251,2.196480193528878,10.0,55.0,599.0,40.0,,,,,,,,,,70.0,0.0,10.0,65.84862385321101,50.0,783.0,24.0,168.0,0.8
ALT,low,0.2,NORMA_q_set,,592,42,0.1050080775444265,0.0945945945945946,0.1904761904761904,0.9127272727272728,0.2038686572611457,1.941456905302296,8.0,48.0,502.0,34.0,,,,,,,,,,70.0,1.0,12.38095238095238,48.34909090909091,65.0,554.0,24.0,168.0,0.8
ALT,low,0.2,NORMA_q_set,,211,15,0.0696721311475409,0.1090047393364928,0.2,0.8979591836734694,0.1279963122311002,1.837123540258144,3.0,20.0,176.0,12.0,,,,,,,,,,80.0,0.0,3.4,23.163265306122447,17.0,227.0,24.0,168.0,0.8
ALT,low,0.2,NORMA_q_set,,127,9,0.1349693251533742,0.0393700787401574,0.2222222222222222,0.9745762711864406,0.5769529947771974,4.274697188576508,2.0,3.0,115.0,7.0,,,,,,,,,,80.0,1.0,4.888888888888889,3.5847457627118646,22.0,141.0,24.0,168.0,0.8
ALT,low,0.2,NORMA_q_co,,112,8,0.0394088669950738,0.1071428571428571,0.25,0.903846153846154,0.0963855421686747,2.4457831325301207,2.0,10.0,94.0,6.0,,,,,,,,,,40.0,0.0,2.0,18.75,8.0,195.0,24.0,168.0,0.8
ALT,low,0.2,NORMA_q_co,,140,10,0.086092715231788,0.0428571428571428,0.2,0.9692307692307692,0.3797752808988764,4.41123595505618,2.0,4.0,126.0,8.0,,,,,,,,,,40.0,1.0,2.6,4.246153846153846,13.0,138.0,24.0,168.0,0.8
ALT,low,0.2,NORMA_q_co,,394,28,0.0584551148225469,0.1395939086294416,0.2142857142857142,0.8661202185792349,0.0903889689236468,1.5462970040866728,6.0,49.0,317.0,22.0,,,,,,,,,,50.0,0.0,6.0,60.37978142076503,28.0,451.0,24.0,168.0,0.8
ALT,low,0.2,NORMA_q_co,,296,21,0.0847457627118644,0.054054054054054,0.1904761904761904,0.9563636363636364,0.2878375549508059,3.39648314841951,4.0,12.0,263.0,17.0,,,,,,,,,,50.0,1.0,5.714285714285714,14.13818181818182,30.0,324.0,24.0,168.0,0.8
ALT,low,0.2,NORMA_q_co,,478,34,0.0414634146341463,0.0648535564853556,0.2058823529411764,0.945945945945946,0.1414527580557072,3.411507694284705,7.0,24.0,420.0,27.0,,,,,,,,,,60.0,0.0,7.0,42.48648648648648,34.0,786.0,24.0,168.0,0.8
ALT,low,0.2,NORMA_q_co,,606,43,0.0867507886435331,0.1204620462046204,0.2093023255813953,0.8863232682060391,0.1488627968802831,1.7159820585836278,9.0,64.0,499.0,34.0,,,,,,,,,,60.0,1.0,11.511627906976743,65.81882770870338,55.0,579.0,24.0,168.0,0.8
ALT,low,0.2,NORMA_q_co,,704,50,0.0600240096038415,0.0951704545454545,0.2,0.9128440366972476,0.1278067655508002,2.129260714076332,10.0,57.0,597.0,40.0,,,,,,,,,,70.0,0.0,10.0,68.24311926605505,50.0,783.0,24.0,168.0,0.8
ALT,low,0.2,NORMA_q_co,,592,42,0.1050080775444265,0.1266891891891892,0.1904761904761904,0.8781818181818182,0.1550172470237772,1.4762411678110483,8.0,67.0,483.0,34.0,,,,,,,,,,70.0,1.0,12.38095238095238,67.48727272727272,65.0,554.0,24.0,168.0,0.8
ALT,low,0.2,NORMA_q_co,,211,15,0.0696721311475409,0.0616113744075829,0.2,0.9489795918367347,0.2269445579621305,3.257321890750579,3.0,10.0,186.0,12.0,,,,,,,,,,80.0,0.0,3.4,11.581632653061224,17.0,227.0,24.0,168.0,0.8
ALT,low,0.2,NORMA_q_co,,127,9,0.1349693251533742,0.0393700787401574,0.2222222222222222,0.9745762711864406,0.5769529947771974,4.274697188576508,2.0,3.0,115.0,7.0,,,,,,,,,,80.0,1.0,4.888888888888889,3.5847457627118646,22.0,141.0,24.0,168.0,0.8
ALT,low,0.2,NORMA_q_age_set_co,,112,8,0.0394088669950738,0.1160714285714285,0.25,0.8942307692307693,0.0883977900552486,2.243093922651933,2.0,11.0,93.0,6.0,,,,,,,,,,40.0,0.0,2.0,20.625,8.0,195.0,24.0,168.0,0.8
ALT,low,0.2,NORMA_q_age_set_co,,140,10,0.086092715231788,0.0428571428571428,0.2,0.9692307692307692,0.3797752808988764,4.41123595505618,2.0,4.0,126.0,8.0,,,,,,,,,,40.0,1.0,2.6,4.246153846153846,13.0,138.0,24.0,168.0,0.8
ALT,low,0.2,NORMA_q_age_set_co,,394,28,0.0584551148225469,0.1015228426395939,0.2142857142857142,0.907103825136612,0.1252709640616086,2.1430282780539485,6.0,34.0,332.0,22.0,,,,,,,,,,50.0,0.0,6.0,41.89617486338798,28.0,451.0,24.0,168.0,0.8
ALT,low,0.2,NORMA_q_age_set_co,,296,21,0.0847457627118644,0.054054054054054,0.1904761904761904,0.9563636363636364,0.2878375549508059,3.39648314841951,4.0,12.0,263.0,17.0,,,,,,,,,,50.0,1.0,5.714285714285714,14.13818181818182,30.0,324.0,24.0,168.0,0.8
ALT,low,0.2,NORMA_q_age_set_co,,478,34,0.0414634146341463,0.0606694560669456,0.2058823529411764,0.9504504504504504,0.1523529411764706,3.674394463667821,7.0,22.0,422.0,27.0,,,,,,,,,,60.0,0.0,7.0,38.94594594594594,34.0,786.0,24.0,168.0,0.8
ALT,low,0.2,NORMA_q_age_set_co,,606,43,0.0867507886435331,0.1056105610561056,0.2093023255813953,0.9023090586145648,0.1691029235082098,1.9492955182582727,9.0,55.0,508.0,34.0,,,,,,,,,,60.0,1.0,11.511627906976743,56.56305506216696,55.0,579.0,24.0,168.0,0.8
ALT,low,0.2,NORMA_q_age_set_co,,704,50,0.0600240096038415,0.1022727272727272,0.2,0.9051987767584098,0.1187234506045093,1.977932687071125,10.0,62.0,592.0,40.0,,,,,,,,,,70.0,0.0,10.0,74.22935779816514,50.0,783.0,24.0,168.0,0.8
ALT,low,0.2,NORMA_q_age_set_co,,592,42,0.1050080775444265,0.0912162162162162,0.1904761904761904,0.9163636363636364,0.2108634489592488,2.0080688447042307,8.0,46.0,504.0,34.0,,,,,,,,,,70.0,1.0,12.38095238095238,46.334545454545456,65.0,554.0,24.0,168.0,0.8
ALT,low,0.2,NORMA_q_age_set_co,,211,15,0.0696721311475409,0.0521327014218009,0.2,0.9591836734693876,0.2684498872059297,3.853045439896874,3.0,8.0,188.0,12.0,,,,,,,,,,80.0,0.0,3.4,9.26530612244898,17.0,227.0,24.0,168.0,0.8
ALT,low,0.2,NORMA_q_age_set_co,,127,9,0.1349693251533742,0.0236220472440944,0.2222222222222222,0.9915254237288136,0.8035907754217614,5.953877108806687,2.0,1.0,117.0,7.0,,,,,,,,,,80.0,1.0,4.888888888888889,1.194915254237288,22.0,141.0,24.0,168.0,0.8
AST,high,0.2,PopRI,,201,6,0.0240549828178694,0.0547263681592039,0.1666666666666666,0.9487179487179488,0.0741646291768541,3.0831295843520783,1.0,10.0,185.0,5.0,,,,,,,,,,30.0,0.0,1.1666666666666667,14.564102564102564,7.0,284.0,24.0,168.0,0.8
AST,high,0.2,PopRI,,301,9,0.0401234567901234,0.0232558139534883,0.2222222222222222,0.9828767123287672,0.3516931486542826,8.765275397229814,2.0,5.0,287.0,7.0,,,,,,,,,,30.0,1.0,2.888888888888889,5.325342465753424,13.0,311.0,24.0,168.0,0.8
AST,high,0.2,PopRI,,334,10,0.0256880733944954,0.0329341317365269,0.2,0.9722222222222222,0.1595441595441595,6.210826210826209,2.0,9.0,315.0,8.0,,,,,,,,,,40.0,0.0,2.8,14.75,14.0,531.0,24.0,168.0,0.8
AST,high,0.2,PopRI,,434,13,0.0356394129979035,0.064516129032258,0.2307692307692307,0.9406175771971496,0.1255827011598458,3.5237028501909684,3.0,25.0,396.0,10.0,,,,,,,,,,40.0,1.0,3.923076923076923,27.315914489311165,17.0,460.0,24.0,168.0,0.8
AST,high,0.2,PopRI,,1036,31,0.0333642261353104,0.0328185328185328,0.1935483870967742,0.972139303482587,0.1934062957722887,5.796816476063876,6.0,28.0,977.0,25.0,,,,,,,,,,50.0,0.0,6.967741935483871,29.058706467661693,36.0,1043.0,24.0,168.0,0.8
AST,high,0.2,PopRI,,535,16,0.0200250312891113,0.016822429906542,0.1875,0.9884393063583816,0.2489208633093525,12.430485611510791,3.0,6.0,513.0,13.0,,,,,,,,,,50.0,1.0,3.0,9.052023121387284,16.0,783.0,24.0,168.0,0.8
AST,high,0.2,PopRI,,1638,49,0.0304271503803393,0.0378510378510378,0.2040816326530612,0.9672750157331657,0.1636743817146153,5.379221506736108,10.0,52.0,1537.0,39.0,,,,,,,,,,60.0,0.0,10.612244897959185,54.225298930144746,52.0,1657.0,24.0,168.0,0.8
AST,high,0.2,PopRI,,1169,35,0.0272585669781931,0.0513259195893926,0.2,0.95326278659612,0.1070749308693599,3.928120321035948,7.0,53.0,1081.0,28.0,,,,,,,,,,60.0,1.0,7.0,58.37477954144621,35.0,1249.0,24.0,168.0,0.8
AST,high,0.2,PopRI,,1604,48,0.0453995157384987,0.03428927680798,0.2083333333333333,0.9710796915167096,0.2551756710660964,5.620669448015883,10.0,45.0,1511.0,38.0,,,,,,,,,,70.0,0.0,15.625,45.6073264781491,75.0,1577.0,24.0,168.0,0.8
AST,high,0.2,PopRI,,969,29,0.0200831024930747,0.0464396284829721,0.2068965517241379,0.9585106382978724,0.0927250308261405,4.617067052170586,6.0,39.0,901.0,23.0,,,,,,,,,,70.0,1.0,6.0,58.70744680851064,29.0,1415.0,24.0,168.0,0.8
AST,high,0.2,PopRI,,501,15,0.0403669724770642,0.0419161676646706,0.2,0.9629629629629628,0.1851043938921782,4.585540666874415,3.0,18.0,468.0,12.0,,,,,,,,,,80.0,0.0,4.4,19.37037037037037,22.0,523.0,24.0,168.0,0.8
AST,high,0.2,PopRI,,167,5,0.010351966873706,0.0179640718562874,0.2,0.9876543209876544,0.1449016100178891,13.997495527728086,1.0,2.0,160.0,4.0,,,,,,,,,,80.0,1.0,1.0,5.901234567901234,5.0,478.0,24.0,168.0,0.8
AST,high,0.2,PerRI,,201,6,0.0240549828178694,0.0796019900497512,0.1666666666666666,0.9230769230769232,0.0506963788300835,2.1075208913649024,1.0,15.0,180.0,5.0,,,,,,,,,,30.0,0.0,1.1666666666666667,21.846153846153847,7.0,284.0,24.0,168.0,0.8
AST,high,0.2,PerRI,,301,9,0.0401234567901234,0.1063122923588039,0.2222222222222222,0.8972602739726028,0.0829164937419453,2.06653415172233,2.0,30.0,262.0,7.0,,,,,,,,,,30.0,1.0,2.888888888888889,31.95205479452055,13.0,311.0,24.0,168.0,0.8
AST,high,0.2,PerRI,,334,10,0.0256880733944954,0.1407185628742515,0.2,0.8611111111111112,0.0365774003919007,1.4239059438275634,2.0,45.0,279.0,8.0,,,,,,,,,,40.0,0.0,2.8,73.75,14.0,531.0,24.0,168.0,0.8
AST,high,0.2,PerRI,,434,13,0.0356394129979035,0.2880184331797235,0.2307692307692307,0.7102137767220903,0.0285887000669745,0.8021652901145225,3.0,122.0,299.0,10.0,,,,,,,,,,40.0,1.0,3.923076923076923,133.3016627078385,17.0,460.0,24.0,168.0,0.8
AST,high,0.2,PerRI,,1036,31,0.0333642261353104,0.1158301158301158,0.1935483870967742,0.8865671641791045,0.0556181562996247,1.666999740202642,6.0,114.0,891.0,25.0,,,,,,,,,,50.0,0.0,6.967741935483871,118.31044776119404,36.0,1043.0,24.0,168.0,0.8
AST,high,0.2,PerRI,,535,16,0.0200250312891113,0.0766355140186915,0.1875,0.9267822736030829,0.0497269330267318,2.48323871802242,3.0,38.0,481.0,13.0,,,,,,,,,,50.0,1.0,3.0,57.32947976878613,16.0,783.0,24.0,168.0,0.8
AST,high,0.2,PerRI,,1638,49,0.0304271503803393,0.1288156288156288,0.2040816326530612,0.8735053492762744,0.0481906265067225,1.5838034749997858,10.0,201.0,1388.0,39.0,,,,,,,,,,60.0,0.0,10.612244897959185,209.60163624921333,52.0,1657.0,24.0,168.0,0.8
AST,high,0.2,PerRI,,1169,35,0.0272585669781931,0.0667236954662104,0.2,0.937389770723104,0.0821594543403334,3.0140782677996625,7.0,71.0,1063.0,28.0,,,,,,,,,,60.0,1.0,7.0,78.20017636684304,35.0,1249.0,24.0,168.0,0.8
AST,high,0.2,PerRI,,1604,48,0.0453995157384987,0.1652119700748129,0.2083333333333333,0.8361182519280206,0.0570117071855269,1.2557778702732063,10.0,255.0,1301.0,38.0,,,,,,,,,,70.0,0.0,15.625,258.4415167095116,75.0,1577.0,24.0,168.0,0.8
AST,high,0.2,PerRI,,969,29,0.0200831024930747,0.2012383900928792,0.2068965517241379,0.798936170212766,0.0206536665751167,1.0284101563609849,6.0,189.0,751.0,23.0,,,,,,,,,,70.0,1.0,6.0,284.50531914893617,29.0,1415.0,24.0,168.0,0.8
AST,high,0.2,PerRI,,501,15,0.0403669724770642,0.1137724550898203,0.2,0.8888888888888888,0.0703874866690366,1.7436900106647706,3.0,54.0,432.0,12.0,,,,,,,,,,80.0,0.0,4.4,58.11111111111112,22.0,523.0,24.0,168.0,0.8
AST,high,0.2,PerRI,,167,5,0.010351966873706,0.1017964071856287,0.2,0.9012345679012346,0.020742637644046,2.003738796414853,1.0,16.0,146.0,4.0,,,,,,,,,,80.0,1.0,1.0,47.20987654320987,5.0,478.0,24.0,168.0,0.8
AST,high,0.2,Cohen_m2,,201,6,0.0240549828178694,0.0298507462686567,0.1666666666666666,0.9743589743589745,0.1380880121396054,5.74051593323217,1.0,5.0,190.0,5.0,,,,,,,,,,30.0,0.0,1.1666666666666667,7.282051282051282,7.0,284.0,24.0,168.0,0.8
AST,high,0.2,Cohen_m2,,301,9,0.0401234567901234,0.0365448504983388,0.2222222222222222,0.9691780821917808,0.2315834426379526,5.771771954976665,2.0,9.0,283.0,7.0,,,,,,,,,,30.0,1.0,2.888888888888889,9.585616438356164,13.0,311.0,24.0,168.0,0.8
AST,high,0.2,Cohen_m2,,334,10,0.0256880733944954,0.0568862275449101,0.2,0.9475308641975309,0.0913208914658452,3.554991846348976,2.0,17.0,307.0,8.0,,,,,,,,,,40.0,0.0,2.8,27.86111111111111,14.0,531.0,24.0,168.0,0.8
AST,high,0.2,Cohen_m2,,434,13,0.0356394129979035,0.0368663594470046,0.2307692307692307,0.9691211401425178,0.2164175343459898,6.07242140488454,3.0,13.0,408.0,10.0,,,,,,,,,,40.0,1.0,3.923076923076923,14.204275534441804,17.0,460.0,24.0,168.0,0.8
AST,high,0.2,Cohen_m2,,1036,31,0.0333642261353104,0.0559845559845559,0.1935483870967742,0.9482587064676616,0.1143491663488545,3.427298624733722,6.0,52.0,953.0,25.0,,,,,,,,,,50.0,0.0,6.967741935483871,53.96616915422886,36.0,1043.0,24.0,168.0,0.8
AST,high,0.2,Cohen_m2,,535,16,0.0200250312891113,0.0261682242990654,0.1875,0.978805394990366,0.1530973451327433,7.645298672566372,3.0,11.0,508.0,13.0,,,,,,,,,,50.0,1.0,3.0,16.595375722543352,16.0,783.0,24.0,168.0,0.8
AST,high,0.2,Cohen_m2,,1638,49,0.0304271503803393,0.05006105006105,0.2040816326530612,0.9546884833228444,0.1238396589058801,4.070038020579792,10.0,72.0,1517.0,39.0,,,,,,,,,,60.0,0.0,10.612244897959185,75.08118313404657,52.0,1657.0,24.0,168.0,0.8
AST,high,0.2,Cohen_m2,,1169,35,0.0272585669781931,0.0538922155688622,0.2,0.9506172839506172,0.1019234226136976,3.7391335610282224,7.0,56.0,1078.0,28.0,,,,,,,,,,60.0,1.0,7.0,61.67901234567901,35.0,1249.0,24.0,168.0,0.8
AST,high,0.2,Cohen_m2,,1604,48,0.0453995157384987,0.0766832917705735,0.2083333333333333,0.9273778920308484,0.1200537248134075,2.644383378556656,10.0,113.0,1443.0,38.0,,,,,,,,,,70.0,0.0,15.625,114.52506426735218,75.0,1577.0,24.0,168.0,0.8
AST,high,0.2,Cohen_m2,,969,29,0.0200831024930747,0.1135190918472652,0.2068965517241379,0.8893617021276595,0.0369109947643979,1.837912980682434,6.0,104.0,836.0,23.0,,,,,,,,,,70.0,1.0,6.0,156.5531914893617,29.0,1415.0,24.0,168.0,0.8
AST,high,0.2,Cohen_m2,,501,15,0.0403669724770642,0.059880239520958,0.2,0.9444444444444444,0.1315177681833278,3.258053802723348,3.0,27.0,459.0,12.0,,,,,,,,,,80.0,0.0,4.4,29.05555555555556,22.0,523.0,24.0,168.0,0.8
AST,high,0.2,Cohen_m2,,167,5,0.010351966873706,0.0119760479041916,0.2,0.9938271604938272,0.253125,24.451875,1.0,1.0,161.0,4.0,,,,,,,,,,80.0,1.0,1.0,2.950617283950617,5.0,478.0,24.0,168.0,0.8
AST,high,0.2,Cohen_m3,,201,6,0.0240549828178694,0.0248756218905472,0.1666666666666666,0.9794871794871794,0.1668500183351668,6.936193619361936,1.0,4.0,191.0,5.0,,,,,,,,,,30.0,0.0,1.1666666666666667,5.825641025641025,7.0,284.0,24.0,168.0,0.8
AST,high,0.2,Cohen_m3,,301,9,0.0401234567901234,0.0299003322259136,0.2222222222222222,0.976027397260274,0.2792716571638771,6.960308993930477,2.0,7.0,285.0,7.0,,,,,,,,,,30.0,1.0,2.888888888888889,7.455479452054795,13.0,311.0,24.0,168.0,0.8
AST,high,0.2,Cohen_m3,,334,10,0.0256880733944954,0.0179640718562874,0.2,0.9876543209876544,0.2992874109263658,11.65083135391924,2.0,4.0,320.0,8.0,,,,,,,,,,40.0,0.0,2.8,6.555555555555555,14.0,531.0,24.0,168.0,0.8
AST,high,0.2,Cohen_m3,,434,13,0.0356394129979035,0.0253456221198156,0.2307692307692307,0.980997624703088,0.3097776687683051,8.691996941322445,3.0,8.0,413.0,10.0,,,,,,,,,,40.0,1.0,3.923076923076923,8.741092636579573,17.0,460.0,24.0,168.0,0.8
AST,high,0.2,Cohen_m3,,1036,31,0.0333642261353104,0.0482625482625482,0.1935483870967742,0.9562189054726368,0.1323874877114065,3.9679472011279886,6.0,44.0,961.0,25.0,,,,,,,,,,50.0,0.0,6.967741935483871,45.6636815920398,36.0,1043.0,24.0,168.0,0.8
AST,high,0.2,Cohen_m3,,535,16,0.0200250312891113,0.016822429906542,0.1875,0.9884393063583816,0.2489208633093525,12.430485611510791,3.0,6.0,513.0,13.0,,,,,,,,,,50.0,1.0,3.0,9.052023121387284,16.0,783.0,24.0,168.0,0.8
AST,high,0.2,Cohen_m3,,1638,49,0.0304271503803393,0.0537240537240537,0.2040816326530612,0.9509125235997484,0.1154129699773749,3.7930916479102663,10.0,78.0,1511.0,39.0,,,,,,,,,,60.0,0.0,10.612244897959185,81.33794839521711,52.0,1657.0,24.0,168.0,0.8
AST,high,0.2,Cohen_m3,,1169,35,0.0272585669781931,0.058169375534645,0.2,0.9462081128747796,0.0943573406872942,3.461566441213879,7.0,61.0,1073.0,28.0,,,,,,,,,,60.0,1.0,7.0,67.18606701940035,35.0,1249.0,24.0,168.0,0.8
AST,high,0.2,Cohen_m3,,1604,48,0.0453995157384987,0.0667082294264339,0.2083333333333333,0.9376606683804628,0.1371406491935142,3.020751366235807,10.0,97.0,1459.0,38.0,,,,,,,,,,70.0,0.0,15.625,98.30912596401028,75.0,1577.0,24.0,168.0,0.8
AST,high,0.2,Cohen_m3,,969,29,0.0200831024930747,0.0629514963880289,0.2068965517241379,0.9414893617021276,0.067573234289822,3.3646810453276927,6.0,55.0,885.0,23.0,,,,,,,,,,70.0,1.0,6.0,82.79255319148936,29.0,1415.0,24.0,168.0,0.8
AST,high,0.2,Cohen_m3,,501,15,0.0403669724770642,0.0558882235528942,0.2,0.948559670781893,0.1405602955289416,3.482061866512417,3.0,25.0,461.0,12.0,,,,,,,,,,80.0,0.0,4.4,26.90329218106996,22.0,523.0,24.0,168.0,0.8
AST,high,0.2,Cohen_m3,,167,5,0.010351966873706,0.0179640718562874,0.2,0.9876543209876544,0.1449016100178891,13.997495527728086,1.0,2.0,160.0,4.0,,,,,,,,,,80.0,1.0,1.0,5.901234567901234,5.0,478.0,24.0,168.0,0.8
AST,high,0.2,Cohen_m4,,201,6,0.0240549828178694,0.0199004975124378,0.1666666666666666,0.9846153846153848,0.2107457156090783,8.761000463177396,1.0,3.0,192.0,5.0,,,,,,,,,,30.0,0.0,1.1666666666666667,4.369230769230769,7.0,284.0,24.0,168.0,0.8
AST,high,0.2,Cohen_m4,,301,9,0.0401234567901234,0.0199335548172757,0.2222222222222222,0.9863013698630136,0.4040877155631254,10.071109218650202,2.0,4.0,288.0,7.0,,,,,,,,,,30.0,1.0,2.888888888888889,4.260273972602739,13.0,311.0,24.0,168.0,0.8
AST,high,0.2,Cohen_m4,,334,10,0.0256880733944954,0.0988023952095808,0.2,0.904320987654321,0.0522333920613535,2.033371333816976,2.0,31.0,293.0,8.0,,,,,,,,,,40.0,0.0,2.8,50.80555555555556,14.0,531.0,24.0,168.0,0.8
AST,high,0.2,Cohen_m4,,434,13,0.0356394129979035,0.0576036866359447,0.2307692307692307,0.9477434679334916,0.1403049055420143,3.936790584914168,3.0,22.0,399.0,10.0,,,,,,,,,,40.0,1.0,3.923076923076923,24.038004750593824,17.0,460.0,24.0,168.0,0.8
AST,high,0.2,Cohen_m4,,1036,31,0.0333642261353104,0.0733590733590733,0.1935483870967742,0.9303482587064676,0.0875184950753712,2.623123782953487,6.0,70.0,935.0,25.0,,,,,,,,,,50.0,0.0,6.967741935483871,72.64676616915423,36.0,1043.0,24.0,168.0,0.8
AST,high,0.2,Cohen_m4,,535,16,0.0200250312891113,0.0186915887850467,0.1875,0.9865125240847784,0.2212276214833759,11.047554347826086,3.0,7.0,512.0,13.0,,,,,,,,,,50.0,1.0,3.0,10.560693641618498,16.0,783.0,24.0,168.0,0.8
AST,high,0.2,Cohen_m4,,1638,49,0.0304271503803393,0.0641025641025641,0.2040816326530612,0.9402139710509756,0.096758460422396,3.1800040165745176,10.0,95.0,1494.0,39.0,,,,,,,,,,60.0,0.0,10.612244897959185,99.06544996853368,52.0,1657.0,24.0,168.0,0.8
AST,high,0.2,Cohen_m4,,1169,35,0.0272585669781931,0.0675791274593669,0.2,0.9365079365079364,0.0811109067500459,2.975611550487401,7.0,72.0,1062.0,28.0,,,,,,,,,,60.0,1.0,7.0,79.3015873015873,35.0,1249.0,24.0,168.0,0.8
AST,high,0.2,Cohen_m4,,1604,48,0.0453995157384987,0.1003740648379052,0.2083333333333333,0.9029562982005142,0.0926403990252991,2.040559189197256,10.0,151.0,1405.0,38.0,,,,,,,,,,70.0,0.0,15.625,153.0379177377892,75.0,1577.0,24.0,168.0,0.8
AST,high,0.2,Cohen_m4,,969,29,0.0200831024930747,0.1568627450980392,0.2068965517241379,0.8446808510638298,0.0265749422796023,1.3232488500601982,6.0,146.0,794.0,23.0,,,,,,,,,,70.0,1.0,6.0,219.7765957446809,29.0,1415.0,24.0,168.0,0.8
AST,high,0.2,Cohen_m4,,501,15,0.0403669724770642,0.0978043912175648,0.2,0.9053497942386832,0.0816295368829305,2.022186254599869,3.0,46.0,440.0,12.0,,,,,,,,,,80.0,0.0,4.4,49.50205761316872,22.0,523.0,24.0,168.0,0.8
AST,high,0.2,Cohen_m4,,167,5,0.010351966873706,0.0359281437125748,0.2,0.9691358024691358,0.0634796238244514,6.132131661442006,1.0,5.0,157.0,4.0,,,,,,,,,,80.0,1.0,1.0,14.753086419753089,5.0,478.0,24.0,168.0,0.8
AST,high,0.2,Gaussian_mle,,201,6,0.0240549828178694,0.0199004975124378,0.1666666666666666,0.9846153846153848,0.2107457156090783,8.761000463177396,1.0,3.0,192.0,5.0,,,,,,,,,,30.0,0.0,1.1666666666666667,4.369230769230769,7.0,284.0,24.0,168.0,0.8
AST,high,0.2,Gaussian_mle,,301,9,0.0401234567901234,0.0830564784053156,0.2222222222222222,0.9212328767123288,0.1054898636913115,2.629131987383457,2.0,23.0,269.0,7.0,,,,,,,,,,30.0,1.0,2.888888888888889,24.496575342465757,13.0,311.0,24.0,168.0,0.8
AST,high,0.2,Gaussian_mle,,334,10,0.0256880733944954,0.0898203592814371,0.2,0.9135802469135802,0.0575079872204472,2.238703788224555,2.0,28.0,296.0,8.0,,,,,,,,,,40.0,0.0,2.8,45.888888888888886,14.0,531.0,24.0,168.0,0.8
AST,high,0.2,Gaussian_mle,,434,13,0.0356394129979035,0.0829493087557603,0.2307692307692307,0.9216152019002376,0.098125779782552,2.75329393860455,3.0,33.0,388.0,10.0,,,,,,,,,,40.0,1.0,3.923076923076923,36.057007125890735,17.0,460.0,24.0,168.0,0.8
AST,high,0.2,Gaussian_mle,,1036,31,0.0333642261353104,0.0627413127413127,0.1935483870967742,0.9412935323383084,0.102168419754632,3.0622145809791093,6.0,59.0,946.0,25.0,,,,,,,,,,50.0,0.0,6.967741935483871,61.23084577114428,36.0,1043.0,24.0,168.0,0.8
AST,high,0.2,Gaussian_mle,,535,16,0.0200250312891113,0.0429906542056074,0.1875,0.9614643545279384,0.0904338734971249,4.5160415577626765,3.0,20.0,499.0,13.0,,,,,,,,,,50.0,1.0,3.0,30.17341040462428,16.0,783.0,24.0,168.0,0.8
AST,high,0.2,Gaussian_mle,,1638,49,0.0304271503803393,0.0757020757020757,0.2040816326530612,0.9282567652611704,0.0819536688221972,2.693438846483366,10.0,114.0,1475.0,39.0,,,,,,,,,,60.0,0.0,10.612244897959185,118.8785399622404,52.0,1657.0,24.0,168.0,0.8
AST,high,0.2,Gaussian_mle,,1169,35,0.0272585669781931,0.0735671514114627,0.2,0.9303350970017636,0.0744590043992533,2.7315817613897515,7.0,79.0,1055.0,28.0,,,,,,,,,,60.0,1.0,7.0,87.01146384479718,35.0,1249.0,24.0,168.0,0.8
AST,high,0.2,Gaussian_mle,,1604,48,0.0453995157384987,0.1034912718204488,0.2083333333333333,0.8997429305912596,0.0899382038993875,1.9810388378905104,10.0,156.0,1400.0,38.0,,,,,,,,,,70.0,0.0,15.625,158.10539845758356,75.0,1577.0,24.0,168.0,0.8
AST,high,0.2,Gaussian_mle,,969,29,0.0200831024930747,0.1713106295149638,0.2068965517241379,0.8297872340425532,0.0243061541113601,1.2102788460966898,6.0,160.0,780.0,23.0,,,,,,,,,,70.0,1.0,6.0,240.8510638297872,29.0,1415.0,24.0,168.0,0.8
AST,high,0.2,Gaussian_mle,,501,15,0.0403669724770642,0.1037924151696606,0.2,0.8991769547325102,0.0770167186498303,1.907914166552616,3.0,49.0,437.0,12.0,,,,,,,,,,80.0,0.0,4.4,52.73045267489712,22.0,523.0,24.0,168.0,0.8
AST,high,0.2,Gaussian_mle,,167,5,0.010351966873706,0.0179640718562874,0.2,0.9876543209876544,0.1449016100178891,13.997495527728086,1.0,2.0,160.0,4.0,,,,,,,,,,80.0,1.0,1.0,5.901234567901234,5.0,478.0,24.0,168.0,0.8
AST,high,0.2,Gaussian_trunc,,201,6,0.0240549828178694,0.0845771144278607,0.1666666666666666,0.917948717948718,0.0476789269621712,1.982081106570261,1.0,16.0,179.0,5.0,,,,,,,,,,30.0,0.0,1.1666666666666667,23.3025641025641,7.0,284.0,24.0,168.0,0.8
AST,high,0.2,Gaussian_trunc,,301,9,0.0401234567901234,0.1827242524916943,0.2222222222222222,0.8184931506849316,0.0486857040252919,1.2133975464765068,2.0,53.0,239.0,7.0,,,,,,,,,,30.0,1.0,2.888888888888889,56.4486301369863,13.0,311.0,24.0,168.0,0.8
AST,high,0.2,Gaussian_trunc,,334,10,0.0256880733944954,0.1017964071856287,0.2,0.9012345679012346,0.0506838294448913,1.9730490748189864,2.0,32.0,292.0,8.0,,,,,,,,,,40.0,0.0,2.8,52.44444444444444,14.0,531.0,24.0,168.0,0.8
AST,high,0.2,Gaussian_trunc,,434,13,0.0356394129979035,0.2465437788018433,0.2307692307692307,0.7529691211401425,0.033371620056855,0.9363683980658728,3.0,104.0,317.0,10.0,,,,,,,,,,40.0,1.0,3.923076923076923,113.63420427553444,17.0,460.0,24.0,168.0,0.8
AST,high,0.2,Gaussian_trunc,,1036,31,0.0333642261353104,0.1447876447876447,0.1935483870967742,0.8567164179104477,0.0445472141369069,1.3351790014922948,6.0,144.0,861.0,25.0,,,,,,,,,,50.0,0.0,6.967741935483871,149.44477611940297,36.0,1043.0,24.0,168.0,0.8
AST,high,0.2,Gaussian_trunc,,535,16,0.0200250312891113,0.0785046728971962,0.1875,0.9248554913294798,0.0485137408861469,2.422654935501962,3.0,39.0,480.0,13.0,,,,,,,,,,50.0,1.0,3.0,58.83815028901734,16.0,783.0,24.0,168.0,0.8
AST,high,0.2,Gaussian_trunc,,1638,49,0.0304271503803393,0.1379731379731379,0.2040816326530612,0.8640654499685336,0.0449946329682125,1.4787659181283697,10.0,216.0,1373.0,39.0,,,,,,,,,,60.0,0.0,10.612244897959185,225.2435494021397,52.0,1657.0,24.0,168.0,0.8
AST,high,0.2,Gaussian_trunc,,1169,35,0.0272585669781931,0.1000855431993156,0.2,0.9029982363315696,0.0546212705053396,2.003820323681603,7.0,110.0,1024.0,28.0,,,,,,,,,,60.0,1.0,7.0,121.1552028218695,35.0,1249.0,24.0,168.0,0.8
AST,high,0.2,Gaussian_trunc,,1604,48,0.0453995157384987,0.1726932668329177,0.2083333333333333,0.8284061696658098,0.0545892586301548,1.2024194034268767,10.0,267.0,1289.0,38.0,,,,,,,,,,70.0,0.0,15.625,270.603470437018,75.0,1577.0,24.0,168.0,0.8
AST,high,0.2,Gaussian_trunc,,969,29,0.0200831024930747,0.2600619195046439,0.2068965517241379,0.7382978723404255,0.0159443643456873,0.7939193832818134,6.0,246.0,694.0,23.0,,,,,,,,,,70.0,1.0,6.0,370.3085106382979,29.0,1415.0,24.0,168.0,0.8
AST,high,0.2,Gaussian_trunc,,501,15,0.0403669724770642,0.1477045908183632,0.2,0.8539094650205762,0.0544518402705276,1.3489205885198896,3.0,71.0,415.0,12.0,,,,,,,,,,80.0,0.0,4.4,76.40534979423869,22.0,523.0,24.0,168.0,0.8
AST,high,0.2,Gaussian_trunc,,167,5,0.010351966873706,0.029940119760479,0.2,0.9753086419753086,0.0781099324975892,7.5454194792671165,1.0,4.0,158.0,4.0,,,,,,,,,,80.0,1.0,1.0,11.802469135802468,5.0,478.0,24.0,168.0,0.8
AST,high,0.2,Gaussian_eb,,201,6,0.0240549828178694,0.0298507462686567,0.1666666666666666,0.9743589743589745,0.1380880121396054,5.74051593323217,1.0,5.0,190.0,5.0,,,,,,,,,,30.0,0.0,1.1666666666666667,7.282051282051282,7.0,284.0,24.0,168.0,0.8
AST,high,0.2,Gaussian_eb,,301,9,0.0401234567901234,0.0797342192691029,0.2222222222222222,0.9246575342465754,0.1097585658522481,2.7355211797021832,2.0,22.0,270.0,7.0,,,,,,,,,,30.0,1.0,2.888888888888889,23.431506849315067,13.0,311.0,24.0,168.0,0.8
AST,high,0.2,Gaussian_eb,,334,10,0.0256880733944954,0.1197604790419161,0.2,0.8827160493827161,0.0430254396448693,1.6749189004609863,2.0,38.0,286.0,8.0,,,,,,,,,,40.0,0.0,2.8,62.27777777777778,14.0,531.0,24.0,168.0,0.8
AST,high,0.2,Gaussian_eb,,434,13,0.0356394129979035,0.0829493087557603,0.2307692307692307,0.9216152019002376,0.098125779782552,2.75329393860455,3.0,33.0,388.0,10.0,,,,,,,,,,40.0,1.0,3.923076923076923,36.057007125890735,17.0,460.0,24.0,168.0,0.8
AST,high,0.2,Gaussian_eb,,1036,31,0.0333642261353104,0.0694980694980695,0.1935483870967742,0.9343283582089552,0.0923328986354228,2.7674221563228127,6.0,66.0,939.0,25.0,,,,,,,,,,50.0,0.0,6.967741935483871,68.4955223880597,36.0,1043.0,24.0,168.0,0.8
AST,high,0.2,Gaussian_eb,,535,16,0.0200250312891113,0.0448598130841121,0.1875,0.9595375722543352,0.0865,4.31959375,3.0,21.0,498.0,13.0,,,,,,,,,,50.0,1.0,3.0,31.68208092485549,16.0,783.0,24.0,168.0,0.8
AST,high,0.2,Gaussian_eb,,1638,49,0.0304271503803393,0.0824175824175824,0.2040816326530612,0.921334172435494,0.0752846933666684,2.4742604031468542,10.0,125.0,1464.0,39.0,,,,,,,,,,60.0,0.0,10.612244897959185,130.3492762743864,52.0,1657.0,24.0,168.0,0.8
AST,high,0.2,Gaussian_eb,,1169,35,0.0272585669781931,0.0838323353293413,0.2,0.9197530864197532,0.0652812158194692,2.3948880317771,7.0,91.0,1043.0,28.0,,,,,,,,,,60.0,1.0,7.0,100.2283950617284,35.0,1249.0,24.0,168.0,0.8
AST,high,0.2,Gaussian_eb,,1604,48,0.0453995157384987,0.1197007481296758,0.2083333333333333,0.8830334190231363,0.0780932557941582,1.7201341142926585,10.0,182.0,1374.0,38.0,,,,,,,,,,70.0,0.0,15.625,184.4562982005141,75.0,1577.0,24.0,168.0,0.8
AST,high,0.2,Gaussian_eb,,969,29,0.0200831024930747,0.1661506707946336,0.2068965517241379,0.8351063829787234,0.0250705665325717,1.248341312863227,6.0,155.0,785.0,23.0,,,,,,,,,,70.0,1.0,6.0,233.3244680851064,29.0,1415.0,24.0,168.0,0.8
AST,high,0.2,Gaussian_eb,,501,15,0.0403669724770642,0.1017964071856287,0.2,0.9012345679012346,0.0784952867588758,1.9445423310721524,3.0,48.0,438.0,12.0,,,,,,,,,,80.0,0.0,4.4,51.65432098765432,22.0,523.0,24.0,168.0,0.8
AST,high,0.2,Gaussian_eb,,167,5,0.010351966873706,0.0179640718562874,0.2,0.9876543209876544,0.1449016100178891,13.997495527728086,1.0,2.0,160.0,4.0,,,,,,,,,,80.0,1.0,1.0,5.901234567901234,5.0,478.0,24.0,168.0,0.8
AST,high,0.2,NORMA_q_age_set,,201,6,0.0240549828178694,0.1293532338308457,0.1666666666666666,0.8717948717948718,0.0310474240873422,1.2906857727737977,1.0,25.0,170.0,5.0,,,,,,,,,,30.0,0.0,1.1666666666666667,36.41025641025641,7.0,284.0,24.0,168.0,0.8
AST,high,0.2,NORMA_q_age_set,,301,9,0.0401234567901234,0.0498338870431893,0.2222222222222222,0.9554794520547946,0.1726278451078924,4.302417062689011,2.0,13.0,279.0,7.0,,,,,,,,,,30.0,1.0,2.888888888888889,13.845890410958903,13.0,311.0,24.0,168.0,0.8
AST,high,0.2,NORMA_q_age_set,,334,10,0.0256880733944954,0.0898203592814371,0.2,0.9135802469135802,0.0575079872204472,2.238703788224555,2.0,28.0,296.0,8.0,,,,,,,,,,40.0,0.0,2.8,45.888888888888886,14.0,531.0,24.0,168.0,0.8
AST,high,0.2,NORMA_q_age_set,,434,13,0.0356394129979035,0.0806451612903225,0.2307692307692307,0.9239904988123516,0.1008828601096644,2.8306543689594093,3.0,32.0,389.0,10.0,,,,,,,,,,40.0,1.0,3.923076923076923,34.96437054631829,17.0,460.0,24.0,168.0,0.8
AST,high,0.2,NORMA_q_age_set,,1036,31,0.0333642261353104,0.0994208494208494,0.1935483870967742,0.9034825870646768,0.064734666296493,1.940241803719887,6.0,97.0,908.0,25.0,,,,,,,,,,50.0,0.0,6.967741935483871,100.66766169154228,36.0,1043.0,24.0,168.0,0.8
AST,high,0.2,NORMA_q_age_set,,535,16,0.0200250312891113,0.0336448598130841,0.1875,0.9710982658959536,0.1170500676589986,5.845187753721245,3.0,15.0,504.0,13.0,,,,,,,,,,50.0,1.0,3.0,22.63005780346821,16.0,783.0,24.0,168.0,0.8
AST,high,0.2,NORMA_q_age_set,,1638,49,0.0304271503803393,0.0714285714285714,0.2040816326530612,0.9326620516047828,0.0868494841932319,2.854341701658336,10.0,107.0,1482.0,39.0,,,,,,,,,,60.0,0.0,10.612244897959185,111.57898049087476,52.0,1657.0,24.0,168.0,0.8
AST,high,0.2,NORMA_q_age_set,,1169,35,0.0272585669781931,0.106928999144568,0.2,0.8959435626102292,0.051107391192377,1.8749111511717744,7.0,118.0,1016.0,28.0,,,,,,,,,,60.0,1.0,7.0,129.96649029982365,35.0,1249.0,24.0,168.0,0.8
AST,high,0.2,NORMA_q_age_set,,1604,48,0.0453995157384987,0.0935162094763092,0.2083333333333333,0.910025706940874,0.0991972418576659,2.1849845806515225,10.0,140.0,1416.0,38.0,,,,,,,,,,70.0,0.0,15.625,141.88946015424165,75.0,1577.0,24.0,168.0,0.8
AST,high,0.2,NORMA_q_age_set,,969,29,0.0200831024930747,0.1465428276573787,0.2068965517241379,0.8553191489361702,0.0284733441033925,1.417776168458582,6.0,136.0,804.0,23.0,,,,,,,,,,70.0,1.0,6.0,204.72340425531917,29.0,1415.0,24.0,168.0,0.8
AST,high,0.2,NORMA_q_age_set,,501,15,0.0403669724770642,0.0858283433133732,0.2,0.9176954732510288,0.0927384380529438,2.2973840335842906,3.0,40.0,446.0,12.0,,,,,,,,,,80.0,0.0,4.4,43.04526748971193,22.0,523.0,24.0,168.0,0.8
AST,high,0.2,NORMA_q_age_set,,167,5,0.010351966873706,0.0239520958083832,0.2,0.9814814814814816,0.1015037593984962,9.805263157894736,1.0,3.0,159.0,4.0,,,,,,,,,,80.0,1.0,1.0,8.851851851851851,5.0,478.0,24.0,168.0,0.8
AST,high,0.2,NORMA_334f7e21,,201,6,0.0240549828178694,0.0746268656716417,0.1666666666666666,0.9282051282051282,0.0541215653621981,2.249910788628524,1.0,14.0,181.0,5.0,,,,,,,,,,30.0,0.0,1.1666666666666667,20.38974358974359,7.0,284.0,24.0,168.0,0.8
AST,high,0.2,NORMA_334f7e21,,301,9,0.0401234567901234,0.0598006644518272,0.2222222222222222,0.9452054794520548,0.1449518863601649,3.612647013899496,2.0,16.0,276.0,7.0,,,,,,,,,,30.0,1.0,2.888888888888889,17.041095890410958,13.0,311.0,24.0,168.0,0.8
AST,high,0.2,NORMA_334f7e21,,334,10,0.0256880733944954,0.092814371257485,0.2,0.910493827160494,0.055635279832211,2.1658019648967874,2.0,29.0,295.0,8.0,,,,,,,,,,40.0,0.0,2.8,47.52777777777778,14.0,531.0,24.0,168.0,0.8
AST,high,0.2,NORMA_334f7e21,,434,13,0.0356394129979035,0.0506912442396313,0.2307692307692307,0.9548693586698336,0.1589373089250949,4.459593903368841,3.0,19.0,402.0,10.0,,,,,,,,,,40.0,1.0,3.923076923076923,20.760095011876484,17.0,460.0,24.0,168.0,0.8
AST,high,0.2,NORMA_334f7e21,,1036,31,0.0333642261353104,0.0916988416988417,0.1935483870967742,0.9114427860696518,0.0701453477006136,2.102411949137837,6.0,89.0,916.0,25.0,,,,,,,,,,50.0,0.0,6.967741935483871,92.36517412935324,36.0,1043.0,24.0,168.0,0.8
AST,high,0.2,NORMA_334f7e21,,535,16,0.0200250312891113,0.0336448598130841,0.1875,0.9710982658959536,0.1170500676589986,5.845187753721245,3.0,15.0,504.0,13.0,,,,,,,,,,50.0,1.0,3.0,22.63005780346821,16.0,783.0,24.0,168.0,0.8
AST,high,0.2,NORMA_334f7e21,,1638,49,0.0304271503803393,0.0702075702075702,0.2040816326530612,0.933920704845815,0.0883575922481258,2.903906252923982,10.0,105.0,1484.0,39.0,,,,,,,,,,60.0,0.0,10.612244897959185,109.49339207048456,52.0,1657.0,24.0,168.0,0.8
AST,high,0.2,NORMA_334f7e21,,1169,35,0.0272585669781931,0.1112061591103507,0.2,0.8915343915343915,0.0491319283260607,1.8024398848760563,7.0,123.0,1011.0,28.0,,,,,,,,,,60.0,1.0,7.0,135.47354497354496,35.0,1249.0,24.0,168.0,0.8
AST,high,0.2,NORMA_334f7e21,,1604,48,0.0453995157384987,0.1028678304239401,0.2083333333333333,0.9003856041131105,0.0904659578228634,1.9926634976449396,10.0,155.0,1401.0,38.0,,,,,,,,,,70.0,0.0,15.625,157.09190231362467,75.0,1577.0,24.0,168.0,0.8
AST,high,0.2,NORMA_334f7e21,,969,29,0.0200831024930747,0.131062951496388,0.2068965517241379,0.8712765957446809,0.0318905317915806,1.587928548518707,6.0,121.0,819.0,23.0,,,,,,,,,,70.0,1.0,6.0,182.14361702127655,29.0,1415.0,24.0,168.0,0.8
AST,high,0.2,NORMA_334f7e21,,501,15,0.0403669724770642,0.0778443113772455,0.2,0.925925925925926,0.1019917582417582,2.526614010989011,3.0,36.0,450.0,12.0,,,,,,,,,,80.0,0.0,4.4,38.74074074074074,22.0,523.0,24.0,168.0,0.8
AST,high,0.2,NORMA_334f7e21,,167,5,0.010351966873706,0.0239520958083832,0.2,0.9814814814814816,0.1015037593984962,9.805263157894736,1.0,3.0,159.0,4.0,,,,,,,,,,80.0,1.0,1.0,8.851851851851851,5.0,478.0,24.0,168.0,0.8
AST,high,0.2,NORMA_q_age,,201,6,0.0240549828178694,0.0845771144278607,0.1666666666666666,0.917948717948718,0.0476789269621712,1.982081106570261,1.0,16.0,179.0,5.0,,,,,,,,,,30.0,0.0,1.1666666666666667,23.3025641025641,7.0,284.0,24.0,168.0,0.8
AST,high,0.2,NORMA_q_age,,301,9,0.0401234567901234,0.0465116279069767,0.2222222222222222,0.958904109589041,0.1843613404565323,4.5948518698397285,2.0,12.0,280.0,7.0,,,,,,,,,,30.0,1.0,2.888888888888889,12.780821917808218,13.0,311.0,24.0,168.0,0.8
AST,high,0.2,NORMA_q_age,,334,10,0.0256880733944954,0.0958083832335329,0.2,0.9074074074074074,0.0538806927517639,2.097498396407954,2.0,30.0,294.0,8.0,,,,,,,,,,40.0,0.0,2.8,49.16666666666666,14.0,531.0,24.0,168.0,0.8
AST,high,0.2,NORMA_q_age,,434,13,0.0356394129979035,0.0414746543778801,0.2307692307692307,0.9643705463182898,0.1931349002887443,5.419138084572416,3.0,15.0,406.0,10.0,,,,,,,,,,40.0,1.0,3.923076923076923,16.389548693586697,17.0,460.0,24.0,168.0,0.8
AST,high,0.2,NORMA_q_age,,1036,31,0.0333642261353104,0.0955598455598455,0.1935483870967742,0.9074626865671642,0.0673314828651797,2.018074166986916,6.0,93.0,912.0,25.0,,,,,,,,,,50.0,0.0,6.967741935483871,96.51641791044776,36.0,1043.0,24.0,168.0,0.8
AST,high,0.2,NORMA_q_age,,535,16,0.0200250312891113,0.0448598130841121,0.1875,0.9595375722543352,0.0865,4.31959375,3.0,21.0,498.0,13.0,,,,,,,,,,50.0,1.0,3.0,31.68208092485549,16.0,783.0,24.0,168.0,0.8
AST,high,0.2,NORMA_q_age,,1638,49,0.0304271503803393,0.0891330891330891,0.2040816326530612,0.9144115796098174,0.0696194169993111,2.2880689163812056,10.0,136.0,1453.0,39.0,,,,,,,,,,60.0,0.0,10.612244897959185,141.8200125865324,52.0,1657.0,24.0,168.0,0.8
AST,high,0.2,NORMA_q_age,,1169,35,0.0272585669781931,0.0872540633019675,0.2,0.9162257495590828,0.0627048888959105,2.3003736383528315,7.0,95.0,1039.0,28.0,,,,,,,,,,60.0,1.0,7.0,104.63403880070548,35.0,1249.0,24.0,168.0,0.8
AST,high,0.2,NORMA_q_age,,1604,48,0.0453995157384987,0.0991271820448877,0.2083333333333333,0.904241645244216,0.0937672951244863,2.0653809539420185,10.0,149.0,1407.0,38.0,,,,,,,,,,70.0,0.0,15.625,151.01092544987148,75.0,1577.0,24.0,168.0,0.8
AST,high,0.2,NORMA_q_age,,969,29,0.0200831024930747,0.1475748194014448,0.2068965517241379,0.8542553191489362,0.0282713852477505,1.4077200102673044,6.0,137.0,803.0,23.0,,,,,,,,,,70.0,1.0,6.0,206.2287234042553,29.0,1415.0,24.0,168.0,0.8
AST,high,0.2,NORMA_q_age,,501,15,0.0403669724770642,0.1077844311377245,0.2,0.8950617283950617,0.0742206210041858,1.8386472021491491,3.0,51.0,435.0,12.0,,,,,,,,,,80.0,0.0,4.4,54.88271604938272,22.0,523.0,24.0,168.0,0.8
AST,high,0.2,NORMA_q_age,,167,5,0.010351966873706,0.029940119760479,0.2,0.9753086419753086,0.0781099324975892,7.5454194792671165,1.0,4.0,158.0,4.0,,,,,,,,,,80.0,1.0,1.0,11.802469135802468,5.0,478.0,24.0,168.0,0.8
AST,high,0.2,NORMA_q_set,,201,6,0.0240549828178694,0.1044776119402985,0.1666666666666666,0.8974358974358975,0.0385103681760474,1.6009310198899704,1.0,20.0,175.0,5.0,,,,,,,,,,30.0,0.0,1.1666666666666667,29.128205128205128,7.0,284.0,24.0,168.0,0.8
AST,high,0.2,NORMA_q_set,,301,9,0.0401234567901234,0.0664451827242525,0.2222222222222222,0.9383561643835616,0.130955255804326,3.2638079138924345,2.0,18.0,274.0,7.0,,,,,,,,,,30.0,1.0,2.888888888888889,19.171232876712327,13.0,311.0,24.0,168.0,0.8
AST,high,0.2,NORMA_q_set,,334,10,0.0256880733944954,0.0898203592814371,0.2,0.9135802469135802,0.0575079872204472,2.238703788224555,2.0,28.0,296.0,8.0,,,,,,,,,,40.0,0.0,2.8,45.888888888888886,14.0,531.0,24.0,168.0,0.8
AST,high,0.2,NORMA_q_set,,434,13,0.0356394129979035,0.0668202764976958,0.2307692307692307,0.9382422802850356,0.1213386756785776,3.404620488157739,3.0,26.0,395.0,10.0,,,,,,,,,,40.0,1.0,3.923076923076923,28.40855106888361,17.0,460.0,24.0,168.0,0.8
AST,high,0.2,NORMA_q_set,,1036,31,0.0333642261353104,0.0936293436293436,0.1935483870967742,0.909452736318408,0.0687096183020545,2.059379948553246,6.0,91.0,914.0,25.0,,,,,,,,,,50.0,0.0,6.967741935483871,94.4407960199005,36.0,1043.0,24.0,168.0,0.8
AST,high,0.2,NORMA_q_set,,535,16,0.0200250312891113,0.0448598130841121,0.1875,0.9595375722543352,0.0865,4.31959375,3.0,21.0,498.0,13.0,,,,,,,,,,50.0,1.0,3.0,31.68208092485549,16.0,783.0,24.0,168.0,0.8
AST,high,0.2,NORMA_q_set,,1638,49,0.0304271503803393,0.0573870573870573,0.2040816326530612,0.947136563876652,0.1080600097404142,3.5514337816609234,10.0,84.0,1505.0,39.0,,,,,,,,,,60.0,0.0,10.612244897959185,87.59471365638767,52.0,1657.0,24.0,168.0,0.8
AST,high,0.2,NORMA_q_set,,1169,35,0.0272585669781931,0.1043627031650983,0.2,0.8985890652557319,0.0523708048267171,1.9212603827858523,7.0,115.0,1019.0,28.0,,,,,,,,,,60.0,1.0,7.0,126.66225749559082,35.0,1249.0,24.0,168.0,0.8
AST,high,0.2,NORMA_q_set,,1604,48,0.0453995157384987,0.0879052369077306,0.2083333333333333,0.9158097686375322,0.1052947277928276,2.3192918708500163,10.0,131.0,1425.0,38.0,,,,,,,,,,70.0,0.0,15.625,132.7679948586118,75.0,1577.0,24.0,168.0,0.8
AST,high,0.2,NORMA_q_set,,969,29,0.0200831024930747,0.1403508771929824,0.2068965517241379,0.8617021276595744,0.0297484044517115,1.4812653802852254,6.0,130.0,810.0,23.0,,,,,,,,,,70.0,1.0,6.0,195.6914893617021,29.0,1415.0,24.0,168.0,0.8
AST,high,0.2,NORMA_q_set,,501,15,0.0403669724770642,0.1077844311377245,0.2,0.8950617283950617,0.0742206210041858,1.8386472021491491,3.0,51.0,435.0,12.0,,,,,,,,,,80.0,0.0,4.4,54.88271604938272,22.0,523.0,24.0,168.0,0.8
AST,high,0.2,NORMA_q_set,,167,5,0.010351966873706,0.029940119760479,0.2,0.9753086419753086,0.0781099324975892,7.5454194792671165,1.0,4.0,158.0,4.0,,,,,,,,,,80.0,1.0,1.0,11.802469135802468,5.0,478.0,24.0,168.0,0.8
AST,high,0.2,NORMA_q_co,,201,6,0.0240549828178694,0.099502487562189,0.1666666666666666,0.9025641025641026,0.0404552325064461,1.6817818084822618,1.0,19.0,176.0,5.0,,,,,,,,,,30.0,0.0,1.1666666666666667,27.671794871794877,7.0,284.0,24.0,168.0,0.8
AST,high,0.2,NORMA_q_co,,301,9,0.0401234567901234,0.0398671096345514,0.2222222222222222,0.9657534246575342,0.2133663088078241,5.317744927210387,2.0,10.0,282.0,7.0,,,,,,,,,,30.0,1.0,2.888888888888889,10.650684931506849,13.0,311.0,24.0,168.0,0.8
AST,high,0.2,NORMA_q_co,,334,10,0.0256880733944954,0.0688622754491018,0.2,0.9351851851851852,0.0752351097178683,2.928795342588446,2.0,21.0,303.0,8.0,,,,,,,,,,40.0,0.0,2.8,34.416666666666664,14.0,531.0,24.0,168.0,0.8
AST,high,0.2,NORMA_q_co,,434,13,0.0356394129979035,0.0437788018433179,0.2307692307692307,0.9619952494061758,0.1832762844533977,5.14251692260416,3.0,16.0,405.0,10.0,,,,,,,,,,40.0,1.0,3.923076923076923,17.482185273159146,17.0,460.0,24.0,168.0,0.8
AST,high,0.2,NORMA_q_co,,1036,31,0.0333642261353104,0.1052123552123552,0.1935483870967742,0.8975124378109453,0.0611944762597963,1.834134441231117,6.0,103.0,902.0,25.0,,,,,,,,,,50.0,0.0,6.967741935483871,106.89452736318408,36.0,1043.0,24.0,168.0,0.8
AST,high,0.2,NORMA_q_co,,535,16,0.0200250312891113,0.0373831775700934,0.1875,0.9672447013487476,0.1047215496368038,5.229532384987894,3.0,17.0,502.0,13.0,,,,,,,,,,50.0,1.0,3.0,25.647398843930635,16.0,783.0,24.0,168.0,0.8
AST,high,0.2,NORMA_q_co,,1638,49,0.0304271503803393,0.072039072039072,0.2040816326530612,0.9320327249842668,0.0861145723598777,2.8301885415967525,10.0,108.0,1481.0,39.0,,,,,,,,,,60.0,0.0,10.612244897959185,112.62177470106984,52.0,1657.0,24.0,168.0,0.8
AST,high,0.2,NORMA_q_co,,1169,35,0.0272585669781931,0.0992301112061591,0.2,0.9038800705467372,0.0550947743946029,2.0211911520762915,7.0,109.0,1025.0,28.0,,,,,,,,,,60.0,1.0,7.0,120.0537918871252,35.0,1249.0,24.0,168.0,0.8
AST,high,0.2,NORMA_q_co,,1604,48,0.0453995157384987,0.1103491271820448,0.2083333333333333,0.8926735218508998,0.08451480247435,1.861579382501684,10.0,167.0,1389.0,38.0,,,,,,,,,,70.0,0.0,15.625,169.25385604113112,75.0,1577.0,24.0,168.0,0.8
AST,high,0.2,NORMA_q_co,,969,29,0.0200831024930747,0.1393188854489164,0.2068965517241379,0.8627659574468085,0.0299721004384216,1.4924038976924452,6.0,129.0,811.0,23.0,,,,,,,,,,70.0,1.0,6.0,194.18617021276597,29.0,1415.0,24.0,168.0,0.8
AST,high,0.2,NORMA_q_co,,501,15,0.0403669724770642,0.1077844311377245,0.2,0.8950617283950617,0.0742206210041858,1.8386472021491491,3.0,51.0,435.0,12.0,,,,,,,,,,80.0,0.0,4.4,54.88271604938272,22.0,523.0,24.0,168.0,0.8
AST,high,0.2,NORMA_q_co,,167,5,0.010351966873706,0.0359281437125748,0.2,0.9691358024691358,0.0634796238244514,6.132131661442006,1.0,5.0,157.0,4.0,,,,,,,,,,80.0,1.0,1.0,14.753086419753089,5.0,478.0,24.0,168.0,0.8
AST,high,0.2,NORMA_q_age_set_co,,201,6,0.0240549828178694,0.0696517412935323,0.1666666666666666,0.9333333333333332,0.0580431177446102,2.4129353233830844,1.0,13.0,182.0,5.0,,,,,,,,,,30.0,0.0,1.1666666666666667,18.933333333333334,7.0,284.0,24.0,168.0,0.8
AST,high,0.2,NORMA_q_age_set_co,,301,9,0.0401234567901234,0.0830564784053156,0.2222222222222222,0.9212328767123288,0.1054898636913115,2.629131987383457,2.0,23.0,269.0,7.0,,,,,,,,,,30.0,1.0,2.888888888888889,24.496575342465757,13.0,311.0,24.0,168.0,0.8
AST,high,0.2,NORMA_q_age_set_co,,334,10,0.0256880733944954,0.0479041916167664,0.2,0.9567901234567902,0.1087613293051359,4.233923176521364,2.0,14.0,310.0,8.0,,,,,,,,,,40.0,0.0,2.8,22.944444444444443,14.0,531.0,24.0,168.0,0.8
AST,high,0.2,NORMA_q_age_set_co,,434,13,0.0356394129979035,0.0460829493087557,0.2307692307692307,0.9596199524940616,0.1743752588706337,4.892764616546605,3.0,17.0,404.0,10.0,,,,,,,,,,40.0,1.0,3.923076923076923,18.574821852731592,17.0,460.0,24.0,168.0,0.8
AST,high,0.2,NORMA_q_age_set_co,,1036,31,0.0333642261353104,0.0907335907335907,0.1935483870967742,0.9124378109452737,0.0708859502923212,2.1246094545948515,6.0,88.0,917.0,25.0,,,,,,,,,,50.0,0.0,6.967741935483871,91.3273631840796,36.0,1043.0,24.0,168.0,0.8
AST,high,0.2,NORMA_q_age_set_co,,535,16,0.0200250312891113,0.0392523364485981,0.1875,0.9653179190751444,0.0994824611845888,4.967905405405405,3.0,18.0,501.0,13.0,,,,,,,,,,50.0,1.0,3.0,27.15606936416185,16.0,783.0,24.0,168.0,0.8
AST,high,0.2,NORMA_q_age_set_co,,1638,49,0.0304271503803393,0.0787545787545787,0.2040816326530612,0.9251101321585904,0.0787815161103662,2.589184827550305,10.0,119.0,1470.0,39.0,,,,,,,,,,60.0,0.0,10.612244897959185,124.09251101321586,52.0,1657.0,24.0,168.0,0.8
AST,high,0.2,NORMA_q_age_set_co,,1169,35,0.0272585669781931,0.0940975192472198,0.2,0.9091710758377424,0.0581176556722919,2.132087710949226,7.0,103.0,1031.0,28.0,,,,,,,,,,60.0,1.0,7.0,113.4453262786596,35.0,1249.0,24.0,168.0,0.8
AST,high,0.2,NORMA_q_age_set_co,,1604,48,0.0453995157384987,0.0947630922693266,0.2083333333333333,0.9087403598971724,0.0979369296243854,2.1572241031931294,10.0,142.0,1414.0,38.0,,,,,,,,,,70.0,0.0,15.625,143.9164524421594,75.0,1577.0,24.0,168.0,0.8
AST,high,0.2,NORMA_q_age_set_co,,969,29,0.0200831024930747,0.1083591331269349,0.2068965517241379,0.8946808510638298,0.0387030365414307,1.9271443022698636,6.0,99.0,841.0,23.0,,,,,,,,,,70.0,1.0,6.0,149.02659574468086,29.0,1415.0,24.0,168.0,0.8
AST,high,0.2,NORMA_q_age_set_co,,501,15,0.0403669724770642,0.0998003992015968,0.2,0.9032921810699588,0.0800317372396086,1.982604399799397,3.0,47.0,439.0,12.0,,,,,,,,,,80.0,0.0,4.4,50.57818930041152,22.0,523.0,24.0,168.0,0.8
AST,high,0.2,NORMA_q_age_set_co,,167,5,0.010351966873706,0.0419161676646706,0.2,0.9629629629629628,0.0534653465346534,5.164752475247526,1.0,6.0,156.0,4.0,,,,,,,,,,80.0,1.0,1.0,17.703703703703702,5.0,478.0,24.0,168.0,0.8
BUN,high,0.2,PopRI,,119,5,0.0173010380622837,0.0168067226890756,0.2,0.9912280701754386,0.28643216080402,16.555778894472358,1.0,1.0,113.0,4.0,,,,,,,,,,40.0,0.0,1.0,2.491228070175439,5.0,284.0,24.0,168.0,0.8
BUN,high,0.2,PopRI,,592,25,0.0384024577572964,0.0253378378378378,0.2,0.982363315696649,0.3117097306212204,8.11692138537658,5.0,10.0,557.0,20.0,,,,,,,,,,50.0,0.0,5.0,11.040564373897707,25.0,626.0,24.0,168.0,0.8
BUN,high,0.2,PopRI,,379,16,0.0426065162907268,0.050131926121372,0.1875,0.955922865013774,0.1591763036842784,3.735961480589829,3.0,16.0,347.0,13.0,,,,,,,,,,50.0,1.0,3.1875,16.83746556473829,17.0,382.0,24.0,168.0,0.8
BUN,high,0.2,PopRI,,970,41,0.0451807228915662,0.0783505154639175,0.1951219512195122,0.9268030139935416,0.112009131135484,2.479135435798713,8.0,68.0,861.0,33.0,,,,,,,,,,60.0,0.0,8.78048780487805,69.61033369214209,45.0,951.0,24.0,168.0,0.8
BUN,high,0.2,PopRI,,592,25,0.0358680057388809,0.0337837837837837,0.2,0.9735449735449736,0.2195121951219512,6.12,5.0,15.0,552.0,20.0,,,,,,,,,,60.0,1.0,5.0,17.77777777777778,25.0,672.0,24.0,168.0,0.8
BUN,high,0.2,PopRI,,663,28,0.0603085553997194,0.0452488687782805,0.2142857142857142,0.9622047244094488,0.2667936880160242,4.423811617568029,6.0,24.0,611.0,22.0,,,,,,,,,,70.0,0.0,9.214285714285714,25.322834645669293,43.0,670.0,24.0,168.0,0.8
BUN,high,0.2,PopRI,,615,26,0.0417310664605873,0.0455284552845528,0.1923076923076923,0.9609507640067912,0.176592082616179,4.231669535283993,5.0,23.0,566.0,21.0,,,,,,,,,,70.0,1.0,5.1923076923076925,24.210526315789476,27.0,620.0,24.0,168.0,0.8
BUN,high,0.2,PopRI,,142,6,0.0685714285714285,0.0140845070422535,0.1666666666666666,0.9926470588235294,0.6252873563218392,9.118773946360154,1.0,1.0,135.0,5.0,,,,,,,,,,80.0,0.0,2.0,1.1985294117647058,12.0,163.0,24.0,168.0,0.8
BUN,high,0.2,PopRI,,165,7,0.0773480662983425,0.0363636363636363,0.1428571428571428,0.9683544303797468,0.2745438748913988,3.549460096810228,1.0,5.0,153.0,6.0,,,,,,,,,,80.0,1.0,2.0,5.284810126582278,14.0,167.0,24.0,168.0,0.8
BUN,high,0.2,PerRI,,119,5,0.0173010380622837,0.1092436974789916,0.2,0.8947368421052632,0.0323679727427597,1.870868824531516,1.0,12.0,102.0,4.0,,,,,,,,,,40.0,0.0,1.0,29.894736842105264,5.0,284.0,24.0,168.0,0.8
BUN,high,0.2,PerRI,,592,25,0.0384024577572964,0.1216216216216216,0.2,0.8818342151675485,0.0633137548294883,1.6486901757598766,5.0,67.0,500.0,20.0,,,,,,,,,,50.0,0.0,5.0,73.97178130511463,25.0,626.0,24.0,168.0,0.8
BUN,high,0.2,PerRI,,379,16,0.0426065162907268,0.2137203166226912,0.1875,0.7851239669421488,0.0373811961255853,0.8773586620063847,3.0,78.0,285.0,13.0,,,,,,,,,,50.0,1.0,3.1875,82.08264462809917,17.0,382.0,24.0,168.0,0.8
BUN,high,0.2,PerRI,,970,41,0.0451807228915662,0.1525773195876288,0.1951219512195122,0.8493003229278795,0.0577299514256418,1.2777562582208737,8.0,140.0,789.0,33.0,,,,,,,,,,60.0,0.0,8.78048780487805,143.31539289558663,45.0,951.0,24.0,168.0,0.8
BUN,high,0.2,PerRI,,592,25,0.0358680057388809,0.0709459459459459,0.2,0.9347442680776014,0.1023502653525398,2.85352539802881,5.0,37.0,530.0,20.0,,,,,,,,,,60.0,1.0,5.0,43.851851851851855,25.0,672.0,24.0,168.0,0.8
BUN,high,0.2,PerRI,,663,28,0.0603085553997194,0.1493212669683258,0.2142857142857142,0.8535433070866142,0.0858418347297106,1.4233773991228758,6.0,93.0,542.0,22.0,,,,,,,,,,70.0,0.0,9.214285714285714,98.1259842519685,43.0,670.0,24.0,168.0,0.8
BUN,high,0.2,PerRI,,615,26,0.0417310664605873,0.1040650406504065,0.1923076923076923,0.8998302207130731,0.0771544593171905,1.84884945104527,5.0,59.0,530.0,21.0,,,,,,,,,,70.0,1.0,5.1923076923076925,62.10526315789474,27.0,620.0,24.0,168.0,0.8
BUN,high,0.2,PerRI,,142,6,0.0685714285714285,0.056338028169014,0.1666666666666666,0.9485294117647058,0.1924982307147912,2.807265864590705,1.0,7.0,129.0,5.0,,,,,,,,,,80.0,0.0,2.0,8.389705882352942,12.0,163.0,24.0,168.0,0.8
BUN,high,0.2,PerRI,,165,7,0.0773480662983425,0.0242424242424242,0.1428571428571428,0.981012658227848,0.386780905752754,5.000524567232034,1.0,3.0,155.0,6.0,,,,,,,,,,80.0,1.0,2.0,3.170886075949367,14.0,167.0,24.0,168.0,0.8
BUN,high,0.2,Cohen_m2,,119,5,0.0173010380622837,0.0084033613445378,0.2,1.0,1.0,57.8,1.0,0.0,114.0,4.0,,,,,,,,,,40.0,0.0,1.0,0.0,5.0,284.0,24.0,168.0,0.8
BUN,high,0.2,Cohen_m2,,592,25,0.0384024577572964,0.0608108108108108,0.2,0.945326278659612,0.1274672901398318,3.319248235241221,5.0,31.0,536.0,20.0,,,,,,,,,,50.0,0.0,5.0,34.22574955908289,25.0,626.0,24.0,168.0,0.8
BUN,high,0.2,Cohen_m2,,379,16,0.0426065162907268,0.1635883905013192,0.1875,0.837465564738292,0.0488313757349236,1.1461011128373264,3.0,59.0,304.0,13.0,,,,,,,,,,50.0,1.0,3.1875,62.08815426997245,17.0,382.0,24.0,168.0,0.8
BUN,high,0.2,Cohen_m2,,970,41,0.0451807228915662,0.0969072164948453,0.1951219512195122,0.907427341227126,0.0906915105652193,2.007305433843521,8.0,86.0,843.0,33.0,,,,,,,,,,60.0,0.0,8.78048780487805,88.03659849300323,45.0,951.0,24.0,168.0,0.8
BUN,high,0.2,Cohen_m2,,592,25,0.0358680057388809,0.0641891891891891,0.2,0.9417989417989416,0.1133501259445843,3.160201511335013,5.0,33.0,534.0,20.0,,,,,,,,,,60.0,1.0,5.0,39.11111111111112,25.0,672.0,24.0,168.0,0.8
BUN,high,0.2,Cohen_m2,,663,28,0.0603085553997194,0.06184012066365,0.2142857142857142,0.9448818897637796,0.1996879685043208,3.3111051521762978,6.0,35.0,600.0,22.0,,,,,,,,,,70.0,0.0,9.214285714285714,36.92913385826772,43.0,670.0,24.0,168.0,0.8
BUN,high,0.2,Cohen_m2,,615,26,0.0417310664605873,0.1024390243902439,0.1923076923076923,0.9015280135823428,0.0783804430863254,1.8782276546982428,5.0,58.0,531.0,21.0,,,,,,,,,,70.0,1.0,5.1923076923076925,61.05263157894737,27.0,620.0,24.0,168.0,0.8
BUN,high,0.2,Cohen_m2,,142,6,0.0685714285714285,0.0352112676056338,0.1666666666666666,0.9705882352941176,0.2943722943722944,4.292929292929293,1.0,4.0,132.0,5.0,,,,,,,,,,80.0,0.0,2.0,4.794117647058823,12.0,163.0,24.0,168.0,0.8
BUN,high,0.2,Cohen_m2,,165,7,0.0773480662983425,0.0181818181818181,0.1428571428571428,0.9873417721518988,0.4861538461538461,6.285274725274725,1.0,2.0,156.0,6.0,,,,,,,,,,80.0,1.0,2.0,2.113924050632912,14.0,167.0,24.0,168.0,0.8
BUN,high,0.2,Cohen_m3,,119,5,0.0173010380622837,0.0084033613445378,0.2,1.0,1.0,57.8,1.0,0.0,114.0,4.0,,,,,,,,,,40.0,0.0,1.0,0.0,5.0,284.0,24.0,168.0,0.8
BUN,high,0.2,Cohen_m3,,592,25,0.0384024577572964,0.0472972972972973,0.2,0.9594356261022928,0.1645099518365926,4.283839145824871,5.0,23.0,544.0,20.0,,,,,,,,,,50.0,0.0,5.0,25.393298059964728,25.0,626.0,24.0,168.0,0.8
BUN,high,0.2,Cohen_m3,,379,16,0.0426065162907268,0.1424802110817942,0.1875,0.859504132231405,0.056061776061776,1.3158028616852149,3.0,51.0,312.0,13.0,,,,,,,,,,50.0,1.0,3.1875,53.66942148760331,17.0,382.0,24.0,168.0,0.8
BUN,high,0.2,Cohen_m3,,970,41,0.0451807228915662,0.0824742268041237,0.1951219512195122,0.922497308934338,0.1064488037400311,2.35606685611269,8.0,72.0,857.0,33.0,,,,,,,,,,60.0,0.0,8.78048780487805,73.70505920344456,45.0,951.0,24.0,168.0,0.8
BUN,high,0.2,Cohen_m3,,592,25,0.0358680057388809,0.1351351351351351,0.2,0.8677248677248677,0.0532544378698224,1.484733727810651,5.0,75.0,492.0,20.0,,,,,,,,,,60.0,1.0,5.0,88.88888888888889,25.0,672.0,24.0,168.0,0.8
BUN,high,0.2,Cohen_m3,,663,28,0.0603085553997194,0.0799396681749622,0.2142857142857142,0.925984251968504,0.1566926498015398,2.5981827746162307,6.0,47.0,588.0,22.0,,,,,,,,,,70.0,0.0,9.214285714285714,49.59055118110236,43.0,670.0,24.0,168.0,0.8
BUN,high,0.2,Cohen_m3,,615,26,0.0417310664605873,0.1121951219512195,0.1923076923076923,0.8913412563667232,0.071558097363649,1.7147440368252198,5.0,64.0,525.0,21.0,,,,,,,,,,70.0,1.0,5.1923076923076925,67.36842105263158,27.0,620.0,24.0,168.0,0.8
BUN,high,0.2,Cohen_m3,,142,6,0.0685714285714285,0.0704225352112676,0.1666666666666666,0.9338235294117648,0.1564117308798159,2.281004408663983,1.0,9.0,127.0,5.0,,,,,,,,,,80.0,0.0,2.0,10.786764705882351,12.0,163.0,24.0,168.0,0.8
BUN,high,0.2,Cohen_m3,,165,7,0.0773480662983425,0.0181818181818181,0.1428571428571428,0.9873417721518988,0.4861538461538461,6.285274725274725,1.0,2.0,156.0,6.0,,,,,,,,,,80.0,1.0,2.0,2.113924050632912,14.0,167.0,24.0,168.0,0.8
BUN,high,0.2,Cohen_m4,,119,5,0.0173010380622837,0.0084033613445378,0.2,1.0,1.0,57.8,1.0,0.0,114.0,4.0,,,,,,,,,,40.0,0.0,1.0,0.0,5.0,284.0,24.0,168.0,0.8
BUN,high,0.2,Cohen_m4,,592,25,0.0384024577572964,0.0726351351351351,0.2,0.9329805996472664,0.1064868722533148,2.7729181534763176,5.0,38.0,529.0,20.0,,,,,,,,,,50.0,0.0,5.0,41.95414462081128,25.0,626.0,24.0,168.0,0.8
BUN,high,0.2,Cohen_m4,,379,16,0.0426065162907268,0.1978891820580474,0.1875,0.8016528925619835,0.0403705375542166,0.9475202637724962,3.0,72.0,291.0,13.0,,,,,,,,,,50.0,1.0,3.1875,75.76859504132231,17.0,382.0,24.0,168.0,0.8
BUN,high,0.2,Cohen_m4,,970,41,0.0451807228915662,0.0762886597938144,0.1951219512195122,0.9289558665231432,0.1150129683621484,2.545620366415553,8.0,66.0,863.0,33.0,,,,,,,,,,60.0,0.0,8.78048780487805,67.56297093649086,45.0,951.0,24.0,168.0,0.8
BUN,high,0.2,Cohen_m4,,592,25,0.0358680057388809,0.1030405405405405,0.2,0.9012345679012346,0.0700570835495589,1.9531914893617024,5.0,56.0,511.0,20.0,,,,,,,,,,60.0,1.0,5.0,66.37037037037037,25.0,672.0,24.0,168.0,0.8
BUN,high,0.2,Cohen_m4,,663,28,0.0603085553997194,0.0754147812971342,0.2142857142857142,0.9307086614173228,0.1656069627098769,2.745994521212611,6.0,44.0,591.0,22.0,,,,,,,,,,70.0,0.0,9.214285714285714,46.4251968503937,43.0,670.0,24.0,168.0,0.8
BUN,high,0.2,Cohen_m4,,615,26,0.0417310664605873,0.1008130081300813,0.1923076923076923,0.9032258064516128,0.079646017699115,1.9085545722713864,5.0,57.0,532.0,21.0,,,,,,,,,,70.0,1.0,5.1923076923076925,60.0,27.0,620.0,24.0,168.0,0.8
BUN,high,0.2,Cohen_m4,,142,6,0.0685714285714285,0.056338028169014,0.1666666666666666,0.9485294117647058,0.1924982307147912,2.807265864590705,1.0,7.0,129.0,5.0,,,,,,,,,,80.0,0.0,2.0,8.389705882352942,12.0,163.0,24.0,168.0,0.8
BUN,high,0.2,Cohen_m4,,165,7,0.0773480662983425,0.0363636363636363,0.1428571428571428,0.9683544303797468,0.2745438748913988,3.549460096810228,1.0,5.0,153.0,6.0,,,,,,,,,,80.0,1.0,2.0,5.284810126582278,14.0,167.0,24.0,168.0,0.8
BUN,high,0.2,Gaussian_mle,,119,5,0.0173010380622837,0.0336134453781512,0.2,0.9736842105263158,0.1180124223602484,6.82111801242236,1.0,3.0,111.0,4.0,,,,,,,,,,40.0,0.0,1.0,7.473684210526316,5.0,284.0,24.0,168.0,0.8
BUN,high,0.2,Gaussian_mle,,592,25,0.0384024577572964,0.0456081081081081,0.2,0.961199294532628,0.1707111459023303,4.4453182392966815,5.0,22.0,545.0,20.0,,,,,,,,,,50.0,0.0,5.0,24.28924162257496,25.0,626.0,24.0,168.0,0.8
BUN,high,0.2,Gaussian_mle,,379,16,0.0426065162907268,0.0923482849604221,0.1875,0.9118457300275482,0.0864701513799819,2.0295053176831064,3.0,32.0,331.0,13.0,,,,,,,,,,50.0,1.0,3.1875,33.67493112947658,17.0,382.0,24.0,168.0,0.8
BUN,high,0.2,Gaussian_mle,,970,41,0.0451807228915662,0.0876288659793814,0.1951219512195122,0.9171151776103336,0.1002293551174242,2.21840972659899,8.0,77.0,852.0,33.0,,,,,,,,,,60.0,0.0,8.78048780487805,78.82346609257266,45.0,951.0,24.0,168.0,0.8
BUN,high,0.2,Gaussian_mle,,592,25,0.0358680057388809,0.0709459459459459,0.2,0.9347442680776014,0.1023502653525398,2.85352539802881,5.0,37.0,530.0,20.0,,,,,,,,,,60.0,1.0,5.0,43.851851851851855,25.0,672.0,24.0,168.0,0.8
BUN,high,0.2,Gaussian_mle,,663,28,0.0603085553997194,0.0482654600301659,0.2142857142857142,0.9590551181102362,0.2514311146579904,4.169078715142957,6.0,26.0,609.0,22.0,,,,,,,,,,70.0,0.0,9.214285714285714,27.433070866141733,43.0,670.0,24.0,168.0,0.8
BUN,high,0.2,Gaussian_mle,,615,26,0.0417310664605873,0.0878048780487804,0.1923076923076923,0.9168081494057724,0.0914601533250133,2.191656266714209,5.0,49.0,540.0,21.0,,,,,,,,,,70.0,1.0,5.1923076923076925,51.578947368421055,27.0,620.0,24.0,168.0,0.8
BUN,high,0.2,Gaussian_mle,,142,6,0.0685714285714285,0.0211267605633802,0.1666666666666666,0.9852941176470588,0.4548494983277592,6.633221850613155,1.0,2.0,134.0,5.0,,,,,,,,,,80.0,0.0,2.0,2.397058823529412,12.0,163.0,24.0,168.0,0.8
BUN,high,0.2,Gaussian_mle,,165,7,0.0773480662983425,0.0424242424242424,0.1428571428571428,0.9620253164556962,0.2397572078907435,3.0997181877303275,1.0,6.0,152.0,6.0,,,,,,,,,,80.0,1.0,2.0,6.341772151898734,14.0,167.0,24.0,168.0,0.8
BUN,high,0.2,Gaussian_trunc,,119,5,0.0173010380622837,0.1176470588235294,0.2,0.8859649122807017,0.0299527062532842,1.731266421439832,1.0,13.0,101.0,4.0,,,,,,,,,,40.0,0.0,1.0,32.3859649122807,5.0,284.0,24.0,168.0,0.8
BUN,high,0.2,Gaussian_trunc,,592,25,0.0384024577572964,0.1418918918918918,0.2,0.8606701940035273,0.0542179043393447,1.4118342289965382,5.0,79.0,488.0,20.0,,,,,,,,,,50.0,0.0,5.0,87.22045855379189,25.0,626.0,24.0,168.0,0.8
BUN,high,0.2,Gaussian_trunc,,379,16,0.0426065162907268,0.2348284960422163,0.1875,0.7630853994490359,0.0340221815876283,0.7985206149096289,3.0,86.0,277.0,13.0,,,,,,,,,,50.0,1.0,3.1875,90.50137741046832,17.0,382.0,24.0,168.0,0.8
BUN,high,0.2,Gaussian_trunc,,970,41,0.0451807228915662,0.1824742268041237,0.1951219512195122,0.8180839612486545,0.0483021248515472,1.0690870300475783,8.0,169.0,760.0,33.0,,,,,,,,,,60.0,0.0,8.78048780487805,173.0021528525296,45.0,951.0,24.0,168.0,0.8
BUN,high,0.2,Gaussian_trunc,,592,25,0.0358680057388809,0.0912162162162162,0.2,0.9135802469135802,0.0792718731650029,2.210099823840282,5.0,49.0,518.0,20.0,,,,,,,,,,60.0,1.0,5.0,58.07407407407408,25.0,672.0,24.0,168.0,0.8
BUN,high,0.2,Gaussian_trunc,,663,28,0.0603085553997194,0.1855203619909502,0.2142857142857142,0.815748031496063,0.0694562798092209,1.1516820349761523,6.0,117.0,518.0,22.0,,,,,,,,,,70.0,0.0,9.214285714285714,123.4488188976378,43.0,670.0,24.0,168.0,0.8
BUN,high,0.2,Gaussian_trunc,,615,26,0.0417310664605873,0.2455284552845528,0.1923076923076923,0.7521222410865874,0.0326814040899535,0.783143275785182,5.0,146.0,443.0,21.0,,,,,,,,,,70.0,1.0,5.1923076923076925,153.68421052631578,27.0,620.0,24.0,168.0,0.8
BUN,high,0.2,Gaussian_trunc,,142,6,0.0685714285714285,0.0633802816901408,0.1666666666666666,0.9411764705882352,0.1725888324873096,2.5169204737732658,1.0,8.0,128.0,5.0,,,,,,,,,,80.0,0.0,2.0,9.588235294117649,12.0,163.0,24.0,168.0,0.8
BUN,high,0.2,Gaussian_trunc,,165,7,0.0773480662983425,0.0909090909090909,0.1428571428571428,0.9113924050632912,0.1190655614167294,1.5393476154591454,1.0,14.0,144.0,6.0,,,,,,,,,,80.0,1.0,2.0,14.79746835443038,14.0,167.0,24.0,168.0,0.8
BUN,high,0.2,Gaussian_eb,,119,5,0.0173010380622837,0.0336134453781512,0.2,0.9736842105263158,0.1180124223602484,6.82111801242236,1.0,3.0,111.0,4.0,,,,,,,,,,40.0,0.0,1.0,7.473684210526316,5.0,284.0,24.0,168.0,0.8
BUN,high,0.2,Gaussian_eb,,592,25,0.0384024577572964,0.0523648648648648,0.2,0.9541446208112876,0.1483438857202658,3.862874784155722,5.0,26.0,541.0,20.0,,,,,,,,,,50.0,0.0,5.0,28.70546737213404,25.0,626.0,24.0,168.0,0.8
BUN,high,0.2,Gaussian_eb,,379,16,0.0426065162907268,0.0976253298153034,0.1875,0.90633608815427,0.081799744610531,1.919888123505994,3.0,34.0,329.0,13.0,,,,,,,,,,50.0,1.0,3.1875,35.77961432506887,17.0,382.0,24.0,168.0,0.8
BUN,high,0.2,Gaussian_eb,,970,41,0.0451807228915662,0.0958762886597938,0.1951219512195122,0.9085037674919269,0.0916606713395958,2.0287561923163886,8.0,85.0,844.0,33.0,,,,,,,,,,60.0,0.0,8.78048780487805,87.01291711517761,45.0,951.0,24.0,168.0,0.8
BUN,high,0.2,Gaussian_eb,,592,25,0.0358680057388809,0.0726351351351351,0.2,0.9329805996472664,0.0999259807549963,2.785936343449297,5.0,38.0,529.0,20.0,,,,,,,,,,60.0,1.0,5.0,45.03703703703704,25.0,672.0,24.0,168.0,0.8
BUN,high,0.2,Gaussian_eb,,663,28,0.0603085553997194,0.0648567119155354,0.2142857142857142,0.9417322834645668,0.1909551838685237,3.1663033976338943,6.0,37.0,598.0,22.0,,,,,,,,,,70.0,0.0,9.214285714285714,39.03937007874016,43.0,670.0,24.0,168.0,0.8
BUN,high,0.2,Gaussian_eb,,615,26,0.0417310664605873,0.1154471544715447,0.1923076923076923,0.8879456706281834,0.0695404636030906,1.666395553748136,5.0,66.0,523.0,21.0,,,,,,,,,,70.0,1.0,5.1923076923076925,69.47368421052632,27.0,620.0,24.0,168.0,0.8
BUN,high,0.2,Gaussian_eb,,142,6,0.0685714285714285,0.0211267605633802,0.1666666666666666,0.9852941176470588,0.4548494983277592,6.633221850613155,1.0,2.0,134.0,5.0,,,,,,,,,,80.0,0.0,2.0,2.397058823529412,12.0,163.0,24.0,168.0,0.8
BUN,high,0.2,Gaussian_eb,,165,7,0.0773480662983425,0.0484848484848484,0.1428571428571428,0.9556962025316456,0.2127946127946128,2.7511303511303518,1.0,7.0,151.0,6.0,,,,,,,,,,80.0,1.0,2.0,7.39873417721519,14.0,167.0,24.0,168.0,0.8
BUN,high,0.2,NORMA_q_age_set,,119,5,0.0173010380622837,0.0840336134453781,0.2,0.9210526315789472,0.0426966292134831,2.4678651685393254,1.0,9.0,105.0,4.0,,,,,,,,,,40.0,0.0,1.0,22.42105263157895,5.0,284.0,24.0,168.0,0.8
BUN,high,0.2,NORMA_q_age_set,,592,25,0.0384024577572964,0.0489864864864864,0.2,0.9576719576719576,0.1587434906769696,4.133680497228288,5.0,24.0,543.0,20.0,,,,,,,,,,50.0,0.0,5.0,26.497354497354497,25.0,626.0,24.0,168.0,0.8
BUN,high,0.2,NORMA_q_age_set,,379,16,0.0426065162907268,0.0897097625329815,0.1875,0.9146005509641874,0.0890112267711613,2.089145851864317,3.0,31.0,332.0,13.0,,,,,,,,,,50.0,1.0,3.1875,32.62258953168044,17.0,382.0,24.0,168.0,0.8
BUN,high,0.2,NORMA_q_age_set,,970,41,0.0451807228915662,0.0525773195876288,0.1951219512195122,0.9537136706135628,0.1663009378668787,3.680794091453582,8.0,43.0,886.0,33.0,,,,,,,,,,60.0,0.0,8.78048780487805,44.01829924650161,45.0,951.0,24.0,168.0,0.8
BUN,high,0.2,NORMA_q_age_set,,592,25,0.0358680057388809,0.1334459459459459,0.2,0.8694885361552028,0.0539352776667998,1.5037155413503795,5.0,74.0,493.0,20.0,,,,,,,,,,60.0,1.0,5.0,87.70370370370371,25.0,672.0,24.0,168.0,0.8
BUN,high,0.2,NORMA_q_age_set,,663,28,0.0603085553997194,0.0558069381598793,0.2142857142857142,0.9511811023622048,0.2197909819020914,3.644441165027703,6.0,31.0,604.0,22.0,,,,,,,,,,70.0,0.0,9.214285714285714,32.70866141732284,43.0,670.0,24.0,168.0,0.8
BUN,high,0.2,NORMA_q_age_set,,615,26,0.0417310664605873,0.1024390243902439,0.1923076923076923,0.9015280135823428,0.0783804430863254,1.8782276546982428,5.0,58.0,531.0,21.0,,,,,,,,,,70.0,1.0,5.1923076923076925,61.05263157894737,27.0,620.0,24.0,168.0,0.8
BUN,high,0.2,NORMA_q_age_set,,142,6,0.0685714285714285,0.0845070422535211,0.1666666666666666,0.9191176470588236,0.1317191283292978,1.92090395480226,1.0,11.0,125.0,5.0,,,,,,,,,,80.0,0.0,2.0,13.183823529411764,12.0,163.0,24.0,168.0,0.8
BUN,high,0.2,NORMA_q_age_set,,165,7,0.0773480662983425,0.0606060606060606,0.1428571428571428,0.9430379746835444,0.1737218251786696,2.245975025524229,1.0,9.0,149.0,6.0,,,,,,,,,,80.0,1.0,2.0,9.5126582278481,14.0,167.0,24.0,168.0,0.8
BUN,high,0.2,NORMA_334f7e21,,119,5,0.0173010380622837,0.0672268907563025,0.2,0.9385964912280702,0.0542340627973358,3.1347288296860136,1.0,7.0,107.0,4.0,,,,,,,,,,40.0,0.0,1.0,17.43859649122807,5.0,284.0,24.0,168.0,0.8
BUN,high,0.2,NORMA_334f7e21,,592,25,0.0384024577572964,0.0371621621621621,0.2,0.9700176366843032,0.2103583883653632,5.477732433034058,5.0,17.0,550.0,20.0,,,,,,,,,,50.0,0.0,5.0,18.7689594356261,25.0,626.0,24.0,168.0,0.8
BUN,high,0.2,NORMA_334f7e21,,379,16,0.0426065162907268,0.0633245382585752,0.1875,0.9421487603305784,0.1260545398835665,2.9585742007966505,3.0,21.0,342.0,13.0,,,,,,,,,,50.0,1.0,3.1875,22.09917355371901,17.0,382.0,24.0,168.0,0.8
BUN,high,0.2,NORMA_334f7e21,,970,41,0.0451807228915662,0.0422680412371134,0.1951219512195122,0.9644779332615716,0.2062988891171229,4.566082079125653,8.0,33.0,896.0,33.0,,,,,,,,,,60.0,0.0,8.78048780487805,33.78148546824543,45.0,951.0,24.0,168.0,0.8
BUN,high,0.2,NORMA_334f7e21,,592,25,0.0358680057388809,0.143581081081081,0.2,0.8589065255731922,0.0500927643784786,1.3965862708719854,5.0,80.0,487.0,20.0,,,,,,,,,,60.0,1.0,5.0,94.8148148148148,25.0,672.0,24.0,168.0,0.8
BUN,high,0.2,NORMA_334f7e21,,663,28,0.0603085553997194,0.0588235294117647,0.2142857142857142,0.948031496062992,0.2092577690922328,3.469785799134,6.0,33.0,602.0,22.0,,,,,,,,,,70.0,0.0,9.214285714285714,34.818897637795274,43.0,670.0,24.0,168.0,0.8
BUN,high,0.2,NORMA_334f7e21,,615,26,0.0417310664605873,0.1008130081300813,0.1923076923076923,0.9032258064516128,0.079646017699115,1.9085545722713864,5.0,57.0,532.0,21.0,,,,,,,,,,70.0,1.0,5.1923076923076925,60.0,27.0,620.0,24.0,168.0,0.8
BUN,high,0.2,NORMA_334f7e21,,142,6,0.0685714285714285,0.0774647887323943,0.1666666666666666,0.9264705882352942,0.1430073606729758,2.0855240098142307,1.0,10.0,126.0,5.0,,,,,,,,,,80.0,0.0,2.0,11.985294117647058,12.0,163.0,24.0,168.0,0.8
BUN,high,0.2,NORMA_334f7e21,,165,7,0.0773480662983425,0.0545454545454545,0.1428571428571428,0.9493670886075948,0.1912832929782082,2.473019716361121,1.0,8.0,150.0,6.0,,,,,,,,,,80.0,1.0,2.0,8.455696202531646,14.0,167.0,24.0,168.0,0.8
BUN,high,0.2,NORMA_q_age,,119,5,0.0173010380622837,0.0756302521008403,0.2,0.9298245614035088,0.0477787091366303,2.761609388097233,1.0,8.0,106.0,4.0,,,,,,,,,,40.0,0.0,1.0,19.92982456140351,5.0,284.0,24.0,168.0,0.8
BUN,high,0.2,NORMA_q_age,,592,25,0.0384024577572964,0.0422297297297297,0.2,0.964726631393298,0.1846304135460762,4.807775968739824,5.0,20.0,547.0,20.0,,,,,,,,,,50.0,0.0,5.0,22.08112874779541,25.0,626.0,24.0,168.0,0.8
BUN,high,0.2,NORMA_q_age,,379,16,0.0426065162907268,0.0765171503957783,0.1875,0.928374655647383,0.1043426800056361,2.4489840777793432,3.0,26.0,337.0,13.0,,,,,,,,,,50.0,1.0,3.1875,27.36088154269973,17.0,382.0,24.0,168.0,0.8
BUN,high,0.2,NORMA_q_age,,970,41,0.0451807228915662,0.0443298969072165,0.1951219512195122,0.96232508073197,0.19683072169499,4.3565199735157805,8.0,35.0,894.0,33.0,,,,,,,,,,60.0,0.0,8.78048780487805,35.828848223896664,45.0,951.0,24.0,168.0,0.8
BUN,high,0.2,NORMA_q_age,,592,25,0.0358680057388809,0.1385135135135135,0.2,0.8641975308641975,0.0519430550211619,1.4481723739899963,5.0,77.0,490.0,20.0,,,,,,,,,,60.0,1.0,5.0,91.25925925925924,25.0,672.0,24.0,168.0,0.8
BUN,high,0.2,NORMA_q_age,,663,28,0.0603085553997194,0.0452488687782805,0.2142857142857142,0.9622047244094488,0.2667936880160242,4.423811617568029,6.0,24.0,611.0,22.0,,,,,,,,,,70.0,0.0,9.214285714285714,25.322834645669293,43.0,670.0,24.0,168.0,0.8
BUN,high,0.2,NORMA_q_age,,615,26,0.0417310664605873,0.1089430894308943,0.1923076923076923,0.8947368421052632,0.0736963080017239,1.7659818991524208,5.0,62.0,527.0,21.0,,,,,,,,,,70.0,1.0,5.1923076923076925,65.26315789473684,27.0,620.0,24.0,168.0,0.8
BUN,high,0.2,NORMA_q_age,,142,6,0.0685714285714285,0.0633802816901408,0.1666666666666666,0.9411764705882352,0.1725888324873096,2.5169204737732658,1.0,8.0,128.0,5.0,,,,,,,,,,80.0,0.0,2.0,9.588235294117649,12.0,163.0,24.0,168.0,0.8
BUN,high,0.2,NORMA_q_age,,165,7,0.0773480662983425,0.0545454545454545,0.1428571428571428,0.9493670886075948,0.1912832929782082,2.473019716361121,1.0,8.0,150.0,6.0,,,,,,,,,,80.0,1.0,2.0,8.455696202531646,14.0,167.0,24.0,168.0,0.8
BUN,high,0.2,NORMA_q_set,,119,5,0.0173010380622837,0.0924369747899159,0.2,0.912280701754386,0.0385917400135409,2.2306025727826677,1.0,10.0,104.0,4.0,,,,,,,,,,40.0,0.0,1.0,24.912280701754387,5.0,284.0,24.0,168.0,0.8
BUN,high,0.2,NORMA_q_set,,592,25,0.0384024577572964,0.0388513513513513,0.2,0.9682539682539684,0.2010210593490746,5.234588385449904,5.0,18.0,549.0,20.0,,,,,,,,,,50.0,0.0,5.0,19.873015873015877,25.0,626.0,24.0,168.0,0.8
BUN,high,0.2,NORMA_q_set,,379,16,0.0426065162907268,0.0554089709762532,0.1875,0.950413223140496,0.1440375323856872,3.3806456130523075,3.0,18.0,345.0,13.0,,,,,,,,,,50.0,1.0,3.1875,18.94214876033058,17.0,382.0,24.0,168.0,0.8
BUN,high,0.2,NORMA_q_set,,970,41,0.0451807228915662,0.0505154639175257,0.1951219512195122,0.9558665231431648,0.1730096825207144,3.829280973125147,8.0,41.0,888.0,33.0,,,,,,,,,,60.0,0.0,8.78048780487805,41.97093649085038,45.0,951.0,24.0,168.0,0.8
BUN,high,0.2,NORMA_q_set,,592,25,0.0358680057388809,0.1233108108108108,0.2,0.8800705467372134,0.0584162700129813,1.6286456079619214,5.0,68.0,499.0,20.0,,,,,,,,,,60.0,1.0,5.0,80.5925925925926,25.0,672.0,24.0,168.0,0.8
BUN,high,0.2,NORMA_q_set,,663,28,0.0603085553997194,0.0422322775263951,0.2142857142857142,0.9653543307086614,0.2841557540542884,4.711698898621108,6.0,22.0,613.0,22.0,,,,,,,,,,70.0,0.0,9.214285714285714,23.21259842519685,43.0,670.0,24.0,168.0,0.8
BUN,high,0.2,NORMA_q_set,,615,26,0.0417310664605873,0.0878048780487804,0.1923076923076923,0.9168081494057724,0.0914601533250133,2.191656266714209,5.0,49.0,540.0,21.0,,,,,,,,,,70.0,1.0,5.1923076923076925,51.578947368421055,27.0,620.0,24.0,168.0,0.8
BUN,high,0.2,NORMA_q_set,,142,6,0.0685714285714285,0.0774647887323943,0.1666666666666666,0.9264705882352942,0.1430073606729758,2.0855240098142307,1.0,10.0,126.0,5.0,,,,,,,,,,80.0,0.0,2.0,11.985294117647058,12.0,163.0,24.0,168.0,0.8
BUN,high,0.2,NORMA_q_set,,165,7,0.0773480662983425,0.0545454545454545,0.1428571428571428,0.9493670886075948,0.1912832929782082,2.473019716361121,1.0,8.0,150.0,6.0,,,,,,,,,,80.0,1.0,2.0,8.455696202531646,14.0,167.0,24.0,168.0,0.8
BUN,high,0.2,NORMA_q_co,,119,5,0.0173010380622837,0.0588235294117647,0.2,0.9473684210526316,0.0627062706270627,3.624422442244224,1.0,6.0,108.0,4.0,,,,,,,,,,40.0,0.0,1.0,14.947368421052632,5.0,284.0,24.0,168.0,0.8
BUN,high,0.2,NORMA_q_co,,592,25,0.0384024577572964,0.0320945945945945,0.2,0.9753086419753086,0.244417622208811,6.36463488231744,5.0,14.0,553.0,20.0,,,,,,,,,,50.0,0.0,5.0,15.45679012345679,25.0,626.0,24.0,168.0,0.8
BUN,high,0.2,NORMA_q_co,,379,16,0.0426065162907268,0.0659630606860158,0.1875,0.9393939393939394,0.1210181922772704,2.840368159919465,3.0,22.0,341.0,13.0,,,,,,,,,,50.0,1.0,3.1875,23.151515151515152,17.0,382.0,24.0,168.0,0.8
BUN,high,0.2,NORMA_q_co,,970,41,0.0451807228915662,0.0515463917525773,0.1951219512195122,0.9547900968783638,0.1695889885814949,3.753569613937087,8.0,42.0,887.0,33.0,,,,,,,,,,60.0,0.0,8.78048780487805,42.994617868676,45.0,951.0,24.0,168.0,0.8
BUN,high,0.2,NORMA_q_co,,592,25,0.0358680057388809,0.116554054054054,0.2,0.8871252204585538,0.0618415025194686,1.7241410902427854,5.0,64.0,503.0,20.0,,,,,,,,,,60.0,1.0,5.0,75.85185185185185,25.0,672.0,24.0,168.0,0.8
BUN,high,0.2,NORMA_q_co,,663,28,0.0603085553997194,0.0527903469079939,0.2142857142857142,0.9543307086614172,0.2314408012770706,3.837611425826776,6.0,29.0,606.0,22.0,,,,,,,,,,70.0,0.0,9.214285714285714,30.598425196850396,43.0,670.0,24.0,168.0,0.8
BUN,high,0.2,NORMA_q_co,,615,26,0.0417310664605873,0.1105691056910569,0.1923076923076923,0.8930390492359932,0.0726114649681528,1.73998584571833,5.0,63.0,526.0,21.0,,,,,,,,,,70.0,1.0,5.1923076923076925,66.3157894736842,27.0,620.0,24.0,168.0,0.8
BUN,high,0.2,NORMA_q_co,,142,6,0.0685714285714285,0.1126760563380281,0.1666666666666666,0.8897058823529411,0.1001104158998895,1.459943565206723,1.0,15.0,121.0,5.0,,,,,,,,,,80.0,0.0,2.0,17.977941176470587,12.0,163.0,24.0,168.0,0.8
BUN,high,0.2,NORMA_q_co,,165,7,0.0773480662983425,0.0484848484848484,0.1428571428571428,0.9556962025316456,0.2127946127946128,2.7511303511303518,1.0,7.0,151.0,6.0,,,,,,,,,,80.0,1.0,2.0,7.39873417721519,14.0,167.0,24.0,168.0,0.8
BUN,high,0.2,NORMA_q_age_set_co,,119,5,0.0173010380622837,0.0756302521008403,0.2,0.9298245614035088,0.0477787091366303,2.761609388097233,1.0,8.0,106.0,4.0,,,,,,,,,,40.0,0.0,1.0,19.92982456140351,5.0,284.0,24.0,168.0,0.8
BUN,high,0.2,NORMA_q_age_set_co,,592,25,0.0384024577572964,0.0304054054054054,0.2,0.9770723104056436,0.2583614326073088,6.727731705094323,5.0,13.0,554.0,20.0,,,,,,,,,,50.0,0.0,5.0,14.35273368606702,25.0,626.0,24.0,168.0,0.8
BUN,high,0.2,NORMA_q_age_set_co,,379,16,0.0426065162907268,0.079155672823219,0.1875,0.9256198347107438,0.1008679448830481,2.3674300004903643,3.0,27.0,336.0,13.0,,,,,,,,,,50.0,1.0,3.1875,28.41322314049587,17.0,382.0,24.0,168.0,0.8
BUN,high,0.2,NORMA_q_age_set_co,,970,41,0.0451807228915662,0.056701030927835,0.1951219512195122,0.9494079655543596,0.1543319687847396,3.415880909102236,8.0,47.0,882.0,33.0,,,,,,,,,,60.0,0.0,8.78048780487805,48.11302475780409,45.0,951.0,24.0,168.0,0.8
BUN,high,0.2,NORMA_q_age_set_co,,592,25,0.0358680057388809,0.1182432432432432,0.2,0.8853615520282186,0.0609480812641083,1.699232505643341,5.0,65.0,502.0,20.0,,,,,,,,,,60.0,1.0,5.0,77.03703703703704,25.0,672.0,24.0,168.0,0.8
BUN,high,0.2,NORMA_q_age_set_co,,663,28,0.0603085553997194,0.0422322775263951,0.2142857142857142,0.9653543307086614,0.2841557540542884,4.711698898621108,6.0,22.0,613.0,22.0,,,,,,,,,,70.0,0.0,9.214285714285714,23.21259842519685,43.0,670.0,24.0,168.0,0.8
BUN,high,0.2,NORMA_q_age_set_co,,615,26,0.0417310664605873,0.1040650406504065,0.1923076923076923,0.8998302207130731,0.0771544593171905,1.84884945104527,5.0,59.0,530.0,21.0,,,,,,,,,,70.0,1.0,5.1923076923076925,62.10526315789474,27.0,620.0,24.0,168.0,0.8
BUN,high,0.2,NORMA_q_age_set_co,,142,6,0.0685714285714285,0.0985915492957746,0.1666666666666666,0.9044117647058824,0.1137599330823923,1.6589990241182213,1.0,13.0,123.0,5.0,,,,,,,,,,80.0,0.0,2.0,15.580882352941176,12.0,163.0,24.0,168.0,0.8
BUN,high,0.2,NORMA_q_age_set_co,,165,7,0.0773480662983425,0.0606060606060606,0.1428571428571428,0.9430379746835444,0.1737218251786696,2.245975025524229,1.0,9.0,149.0,6.0,,,,,,,,,,80.0,1.0,2.0,9.5126582278481,14.0,167.0,24.0,168.0,0.8
BUN,low,0.2,PopRI,,112,10,0.1857142857142857,0.0178571428571428,0.2,1.0,1.0,5.384615384615384,2.0,0.0,102.0,8.0,,,,,,,,,,20.0,0.0,5.2,0.0,26.0,114.0,24.0,168.0,0.8
BUN,low,0.2,PopRI,,145,13,0.0891719745222929,0.0689655172413793,0.2307692307692307,0.946969696969697,0.2987551867219917,3.3503260225251927,3.0,7.0,125.0,10.0,,,,,,,,,,30.0,0.0,3.230769230769231,7.583333333333333,14.0,143.0,24.0,168.0,0.8
BUN,low,0.2,PopRI,,79,7,0.1170212765957446,0.0253164556962025,0.1428571428571428,0.9861111111111112,0.5768390386016023,4.929351784413693,1.0,1.0,71.0,6.0,,,,,,,,,,30.0,1.0,1.5714285714285714,1.1527777777777777,11.0,83.0,24.0,168.0,0.8
BUN,low,0.2,PopRI,,269,24,0.1038062283737024,0.0966542750929368,0.2083333333333333,0.9142857142857144,0.2196836555360281,2.116285881663737,5.0,21.0,224.0,19.0,,,,,,,,,,40.0,0.0,6.25,22.2,30.0,259.0,24.0,168.0,0.8
BUN,low,0.2,PopRI,,134,12,0.170886075949367,0.0373134328358208,0.1666666666666666,0.9754098360655736,0.5828025477707006,3.410474168435952,2.0,3.0,119.0,10.0,,,,,,,,,,40.0,1.0,4.5,3.221311475409836,27.0,131.0,24.0,168.0,0.8
BUN,low,0.2,PopRI,,448,40,0.0614439324116743,0.0691964285714285,0.2,0.943627450980392,0.1884853034590287,3.067598313795692,8.0,23.0,385.0,32.0,,,,,,,,,,50.0,0.0,8.0,34.443627450980394,40.0,611.0,24.0,168.0,0.8
BUN,low,0.2,PopRI,,370,33,0.1328320802005012,0.0459459459459459,0.2121212121212121,0.9703264094955488,0.5226728314806841,3.934838863411188,7.0,10.0,327.0,26.0,,,,,,,,,,50.0,1.0,11.242424242424242,10.26706231454006,53.0,346.0,24.0,168.0,0.8
BUN,low,0.2,PopRI,,829,74,0.0753012048192771,0.0566948130277442,0.2027027027027027,0.9576158940397352,0.2802937528029375,3.7223010372230094,15.0,32.0,723.0,59.0,,,,,,,,,,60.0,0.0,15.202702702702704,39.035761589403975,75.0,921.0,24.0,168.0,0.8
BUN,low,0.2,PopRI,,673,60,0.0946915351506456,0.0683506686478454,0.2,0.9445350734094616,0.2738681901873713,2.892214069099967,12.0,34.0,579.0,48.0,,,,,,,,,,60.0,1.0,13.2,34.99836867862969,66.0,631.0,24.0,168.0,0.8
BUN,low,0.2,PopRI,,448,40,0.0561009817671809,0.0535714285714285,0.2,0.9607843137254902,0.2326111744583808,4.146294184720639,8.0,16.0,392.0,32.0,,,,,,,,,,70.0,0.0,8.0,26.392156862745097,40.0,673.0,24.0,168.0,0.8
BUN,low,0.2,PopRI,,616,55,0.0865533230293663,0.0568181818181818,0.2,0.9572192513368984,0.3069887429643527,3.5468163696060038,11.0,24.0,537.0,44.0,,,,,,,,,,70.0,1.0,11.2,25.28342245989305,56.0,591.0,24.0,168.0,0.8
BUN,low,0.2,PopRI,,145,13,0.0742857142857142,0.0620689655172413,0.2307692307692307,0.9545454545454546,0.2894736842105263,3.896761133603239,3.0,6.0,126.0,10.0,,,,,,,,,,80.0,0.0,3.0,7.363636363636363,13.0,162.0,24.0,168.0,0.8
BUN,low,0.2,PopRI,,146,13,0.1049723756906077,0.0684931506849315,0.2307692307692307,0.9473684210526316,0.3396048918156162,3.235183443085607,3.0,7.0,126.0,10.0,,,,,,,,,,80.0,1.0,4.384615384615385,8.526315789473685,19.0,162.0,24.0,168.0,0.8
BUN,low,0.2,PerRI,,112,10,0.1857142857142857,0.0446428571428571,0.2,0.9705882352941176,0.6079779917469051,3.2737276478679505,2.0,3.0,99.0,8.0,,,,,,,,,,20.0,0.0,5.2,3.3529411764705883,26.0,114.0,24.0,168.0,0.8
BUN,low,0.2,PerRI,,145,13,0.0891719745222929,0.1310344827586207,0.2307692307692307,0.8787878787878788,0.1571072319201995,1.761845386533666,3.0,16.0,116.0,10.0,,,,,,,,,,30.0,0.0,3.230769230769231,17.333333333333332,14.0,143.0,24.0,168.0,0.8
BUN,low,0.2,PerRI,,79,7,0.1170212765957446,0.0632911392405063,0.1428571428571428,0.9444444444444444,0.2541720154043645,2.17201540436457,1.0,4.0,68.0,6.0,,,,,,,,,,30.0,1.0,1.5714285714285714,4.611111111111111,11.0,83.0,24.0,168.0,0.8
BUN,low,0.2,PerRI,,269,24,0.1038062283737024,0.0557620817843866,0.2083333333333333,0.9591836734693876,0.3715498938428875,3.5792639773531496,5.0,10.0,235.0,19.0,,,,,,,,,,40.0,0.0,6.25,10.571428571428571,30.0,259.0,24.0,168.0,0.8
BUN,low,0.2,PerRI,,134,12,0.170886075949367,0.2462686567164179,0.1666666666666666,0.7459016393442623,0.1190889370932754,0.6968908170643529,2.0,31.0,91.0,10.0,,,,,,,,,,40.0,1.0,4.5,33.28688524590164,27.0,131.0,24.0,168.0,0.8
BUN,low,0.2,PerRI,,448,40,0.0614439324116743,0.1651785714285714,0.2,0.8382352941176471,0.0748795595320027,1.2186648313833446,8.0,66.0,342.0,32.0,,,,,,,,,,50.0,0.0,8.0,98.83823529411764,40.0,611.0,24.0,168.0,0.8
BUN,low,0.2,PerRI,,370,33,0.1328320802005012,0.2162162162162162,0.2121212121212121,0.7833827893175074,0.1304346918911137,0.9819517370670636,7.0,73.0,264.0,26.0,,,,,,,,,,50.0,1.0,11.242424242424242,74.94955489614243,53.0,346.0,24.0,168.0,0.8
BUN,low,0.2,PerRI,,829,74,0.0753012048192771,0.189384800965018,0.2027027027027027,0.8119205298013245,0.0806835179923176,1.071477118937978,15.0,142.0,613.0,59.0,,,,,,,,,,60.0,0.0,15.202702702702704,173.22119205298014,75.0,921.0,24.0,168.0,0.8
BUN,low,0.2,PerRI,,673,60,0.0946915351506456,0.212481426448737,0.2,0.7862969004893964,0.0891610818863591,0.941595061739278,12.0,131.0,482.0,48.0,,,,,,,,,,60.0,1.0,13.2,134.84665579119087,66.0,631.0,24.0,168.0,0.8
BUN,low,0.2,PerRI,,448,40,0.0561009817671809,0.1450892857142857,0.2,0.8602941176470589,0.0784144144144144,1.397736936936937,8.0,57.0,351.0,32.0,,,,,,,,,,70.0,0.0,8.0,94.0220588235294,40.0,673.0,24.0,168.0,0.8
BUN,low,0.2,PerRI,,616,55,0.0865533230293663,0.0665584415584415,0.2,0.946524064171123,0.2616560891509669,3.0230623157263503,11.0,30.0,531.0,44.0,,,,,,,,,,70.0,1.0,11.2,31.60427807486631,56.0,591.0,24.0,168.0,0.8
BUN,low,0.2,PerRI,,145,13,0.0742857142857142,0.2344827586206896,0.2307692307692307,0.7651515151515151,0.0730897009966777,0.9838998211091232,3.0,31.0,101.0,10.0,,,,,,,,,,80.0,0.0,3.0,38.04545454545455,13.0,162.0,24.0,168.0,0.8
BUN,low,0.2,PerRI,,146,13,0.1049723756906077,0.1712328767123287,0.2307692307692307,0.8345864661654135,0.1406154359801903,1.3395470480218132,3.0,22.0,111.0,10.0,,,,,,,,,,80.0,1.0,4.384615384615385,26.79699248120301,19.0,162.0,24.0,168.0,0.8
BUN,low,0.2,Cohen_m2,,112,10,0.1857142857142857,0.1339285714285714,0.2,0.8725490196078431,0.2635658914728682,1.4192009540846748,2.0,13.0,89.0,8.0,,,,,,,,,,20.0,0.0,5.2,14.529411764705882,26.0,114.0,24.0,168.0,0.8
BUN,low,0.2,Cohen_m2,,145,13,0.0891719745222929,0.1655172413793103,0.2307692307692307,0.8409090909090909,0.1243523316062176,1.3945225758697264,3.0,21.0,111.0,10.0,,,,,,,,,,30.0,0.0,3.230769230769231,22.75,14.0,143.0,24.0,168.0,0.8
BUN,low,0.2,Cohen_m2,,79,7,0.1170212765957446,0.0126582278481012,0.1428571428571428,1.0,1.0,8.545454545454545,1.0,0.0,72.0,6.0,,,,,,,,,,30.0,1.0,1.5714285714285714,0.0,11.0,83.0,24.0,168.0,0.8
BUN,low,0.2,Cohen_m2,,269,24,0.1038062283737024,0.1672862453531598,0.2083333333333333,0.8367346938775511,0.1287711552612215,1.240495462349767,5.0,40.0,205.0,19.0,,,,,,,,,,40.0,0.0,6.25,42.285714285714285,30.0,259.0,24.0,168.0,0.8
BUN,low,0.2,Cohen_m2,,134,12,0.170886075949367,0.1492537313432835,0.1666666666666666,0.8524590163934426,0.1888544891640867,1.1051484921453962,2.0,18.0,104.0,10.0,,,,,,,,,,40.0,1.0,4.5,19.327868852459016,27.0,131.0,24.0,168.0,0.8
BUN,low,0.2,Cohen_m2,,448,40,0.0614439324116743,0.1540178571428571,0.2,0.8504901960784313,0.0805230048106574,1.3105119032934502,8.0,61.0,347.0,32.0,,,,,,,,,,50.0,0.0,8.0,91.35049019607844,40.0,611.0,24.0,168.0,0.8
BUN,low,0.2,Cohen_m2,,370,33,0.1328320802005012,0.1405405405405405,0.2121212121212121,0.8664688427299704,0.1957103298650516,1.473366445587842,7.0,45.0,292.0,26.0,,,,,,,,,,50.0,1.0,11.242424242424242,46.20178041543026,53.0,346.0,24.0,168.0,0.8
BUN,low,0.2,Cohen_m2,,829,74,0.0753012048192771,0.0868516284680337,0.2027027027027027,0.924503311258278,0.1794143535284981,2.382622614858455,15.0,57.0,698.0,59.0,,,,,,,,,,60.0,0.0,15.202702702702704,69.53245033112583,75.0,921.0,24.0,168.0,0.8
BUN,low,0.2,Cohen_m2,,673,60,0.0946915351506456,0.087667161961367,0.2,0.9233278955954324,0.2143549694558208,2.263718389556169,12.0,47.0,566.0,48.0,,,,,,,,,,60.0,1.0,13.2,48.38009787928222,66.0,631.0,24.0,168.0,0.8
BUN,low,0.2,Cohen_m2,,448,40,0.0561009817671809,0.0736607142857142,0.2,0.9387254901960784,0.1624769774503459,2.896152123052417,8.0,25.0,383.0,32.0,,,,,,,,,,70.0,0.0,8.0,41.23774509803921,40.0,673.0,24.0,168.0,0.8
BUN,low,0.2,Cohen_m2,,616,55,0.0865533230293663,0.1314935064935065,0.2,0.875222816399287,0.13185263528997,1.5233688398680465,11.0,70.0,491.0,44.0,,,,,,,,,,70.0,1.0,11.2,73.7433155080214,56.0,591.0,24.0,168.0,0.8
BUN,low,0.2,Cohen_m2,,145,13,0.0742857142857142,0.2275862068965517,0.2307692307692307,0.7727272727272727,0.0753424657534246,1.0142255005268703,3.0,30.0,102.0,10.0,,,,,,,,,,80.0,0.0,3.0,36.81818181818182,13.0,162.0,24.0,168.0,0.8
BUN,low,0.2,Cohen_m2,,146,13,0.1049723756906077,0.1301369863013698,0.2307692307692307,0.8796992481203008,0.1836616033141943,1.749618431572062,3.0,16.0,117.0,10.0,,,,,,,,,,80.0,1.0,4.384615384615385,19.48872180451128,19.0,162.0,24.0,168.0,0.8
BUN,low,0.2,Cohen_m3,,112,10,0.1857142857142857,0.1339285714285714,0.2,0.8725490196078431,0.2635658914728682,1.4192009540846748,2.0,13.0,89.0,8.0,,,,,,,,,,20.0,0.0,5.2,14.529411764705882,26.0,114.0,24.0,168.0,0.8
BUN,low,0.2,Cohen_m3,,145,13,0.0891719745222929,0.1379310344827586,0.2307692307692307,0.8712121212121212,0.1492448919159016,1.6736748593426118,3.0,17.0,115.0,10.0,,,,,,,,,,30.0,0.0,3.230769230769231,18.416666666666668,14.0,143.0,24.0,168.0,0.8
BUN,low,0.2,Cohen_m3,,79,7,0.1170212765957446,0.0253164556962025,0.1428571428571428,0.9861111111111112,0.5768390386016023,4.929351784413693,1.0,1.0,71.0,6.0,,,,,,,,,,30.0,1.0,1.5714285714285714,1.1527777777777777,11.0,83.0,24.0,168.0,0.8
BUN,low,0.2,Cohen_m3,,269,24,0.1038062283737024,0.137546468401487,0.2083333333333333,0.8693877551020408,0.1559436820531099,1.5022574704449594,5.0,32.0,213.0,19.0,,,,,,,,,,40.0,0.0,6.25,33.82857142857143,30.0,259.0,24.0,168.0,0.8
BUN,low,0.2,Cohen_m3,,134,12,0.170886075949367,0.1343283582089552,0.1666666666666666,0.8688524590163934,0.2075614366729678,1.214618777567738,2.0,16.0,106.0,10.0,,,,,,,,,,40.0,1.0,4.5,17.18032786885246,27.0,131.0,24.0,168.0,0.8
BUN,low,0.2,Cohen_m3,,448,40,0.0614439324116743,0.0892857142857142,0.2,0.9215686274509804,0.1430575035063113,2.3282608695652174,8.0,32.0,376.0,32.0,,,,,,,,,,50.0,0.0,8.0,47.92156862745098,40.0,611.0,24.0,168.0,0.8
BUN,low,0.2,Cohen_m3,,370,33,0.1328320802005012,0.1297297297297297,0.2121212121212121,0.8783382789317508,0.2107794627127359,1.5868114268373894,7.0,41.0,296.0,26.0,,,,,,,,,,50.0,1.0,11.242424242424242,42.09495548961424,53.0,346.0,24.0,168.0,0.8
BUN,low,0.2,Cohen_m3,,829,74,0.0753012048192771,0.0772014475271411,0.2027027027027027,0.9350993377483444,0.2027670132714367,2.6927459362446795,15.0,49.0,706.0,59.0,,,,,,,,,,60.0,0.0,15.202702702702704,59.77350993377483,75.0,921.0,24.0,168.0,0.8
BUN,low,0.2,Cohen_m3,,673,60,0.0946915351506456,0.1084695393759286,0.2,0.9004893964110929,0.1737043445406653,1.834423153709754,12.0,61.0,552.0,48.0,,,,,,,,,,60.0,1.0,13.2,62.79119086460032,66.0,631.0,24.0,168.0,0.8
BUN,low,0.2,Cohen_m3,,448,40,0.0561009817671809,0.078125,0.2,0.9338235294117648,0.1522743177046885,2.714289713086074,8.0,27.0,381.0,32.0,,,,,,,,,,70.0,0.0,8.0,44.53676470588236,40.0,673.0,24.0,168.0,0.8
BUN,low,0.2,Cohen_m3,,616,55,0.0865533230293663,0.1006493506493506,0.2,0.9090909090909092,0.17250070008401,1.992999159899188,11.0,51.0,510.0,44.0,,,,,,,,,,70.0,1.0,11.2,53.72727272727273,56.0,591.0,24.0,168.0,0.8
BUN,low,0.2,Cohen_m3,,145,13,0.0742857142857142,0.193103448275862,0.2307692307692307,0.8106060606060606,0.0890688259109311,1.1990034257240731,3.0,25.0,107.0,10.0,,,,,,,,,,80.0,0.0,3.0,30.681818181818183,13.0,162.0,24.0,168.0,0.8
BUN,low,0.2,Cohen_m3,,146,13,0.1049723756906077,0.0616438356164383,0.2307692307692307,0.9548872180451128,0.3749814512538952,3.572191719839739,3.0,6.0,127.0,10.0,,,,,,,,,,80.0,1.0,4.384615384615385,7.30827067669173,19.0,162.0,24.0,168.0,0.8
BUN,low,0.2,Cohen_m4,,112,10,0.1857142857142857,0.1607142857142857,0.2,0.8431372549019608,0.2252803261977574,1.2130479102956166,2.0,16.0,86.0,8.0,,,,,,,,,,20.0,0.0,5.2,17.88235294117647,26.0,114.0,24.0,168.0,0.8
BUN,low,0.2,Cohen_m4,,145,13,0.0891719745222929,0.1793103448275862,0.2307692307692307,0.8257575757575758,0.1147802322933272,1.2871783192894557,3.0,23.0,109.0,10.0,,,,,,,,,,30.0,0.0,3.230769230769231,24.916666666666668,14.0,143.0,24.0,168.0,0.8
BUN,low,0.2,Cohen_m4,,79,7,0.1170212765957446,0.0126582278481012,0.1428571428571428,1.0,1.0,8.545454545454545,1.0,0.0,72.0,6.0,,,,,,,,,,30.0,1.0,1.5714285714285714,0.0,11.0,83.0,24.0,168.0,0.8
BUN,low,0.2,Cohen_m4,,269,24,0.1038062283737024,0.1263940520446096,0.2083333333333333,0.8816326530612245,0.1693439132959164,1.6313463647506612,5.0,29.0,216.0,19.0,,,,,,,,,,40.0,0.0,6.25,30.65714285714286,30.0,259.0,24.0,168.0,0.8
BUN,low,0.2,Cohen_m4,,134,12,0.170886075949367,0.0895522388059701,0.1666666666666666,0.918032786885246,0.2953200645508337,1.728169266630805,2.0,10.0,112.0,10.0,,,,,,,,,,40.0,1.0,4.5,10.737704918032788,27.0,131.0,24.0,168.0,0.8
BUN,low,0.2,Cohen_m4,,448,40,0.0614439324116743,0.0915178571428571,0.2,0.9191176470588236,0.1393264182353694,2.267537456780637,8.0,33.0,375.0,32.0,,,,,,,,,,50.0,0.0,8.0,49.419117647058826,40.0,611.0,24.0,168.0,0.8
BUN,low,0.2,Cohen_m4,,370,33,0.1328320802005012,0.1675675675675675,0.2121212121212121,0.8367952522255193,0.1660347641553909,1.2499598282641695,7.0,55.0,282.0,26.0,,,,,,,,,,50.0,1.0,11.242424242424242,56.468842729970326,53.0,346.0,24.0,168.0,0.8
BUN,low,0.2,Cohen_m4,,829,74,0.0753012048192771,0.0747889022919179,0.2027027027027027,0.937748344370861,0.2095869997949471,2.783315357276898,15.0,47.0,708.0,59.0,,,,,,,,,,60.0,0.0,15.202702702702704,57.33377483443709,75.0,921.0,24.0,168.0,0.8
BUN,low,0.2,Cohen_m4,,673,60,0.0946915351506456,0.1025260029717682,0.2,0.9070146818923328,0.1836554043932399,1.9395123766983065,12.0,57.0,556.0,48.0,,,,,,,,,,60.0,1.0,13.2,58.67373572593801,66.0,631.0,24.0,168.0,0.8
BUN,low,0.2,Cohen_m4,,448,40,0.0561009817671809,0.0669642857142857,0.2,0.946078431372549,0.1806308799114554,3.219745434421694,8.0,22.0,386.0,32.0,,,,,,,,,,70.0,0.0,8.0,36.28921568627451,40.0,673.0,24.0,168.0,0.8
BUN,low,0.2,Cohen_m4,,616,55,0.0865533230293663,0.073051948051948,0.2,0.9393939393939394,0.2382057231245166,2.752126836813612,11.0,34.0,527.0,44.0,,,,,,,,,,70.0,1.0,11.2,35.81818181818182,56.0,591.0,24.0,168.0,0.8
BUN,low,0.2,Cohen_m4,,145,13,0.0742857142857142,0.1448275862068965,0.2307692307692307,0.8636363636363636,0.1195652173913043,1.609531772575251,3.0,18.0,114.0,10.0,,,,,,,,,,80.0,0.0,3.0,22.09090909090909,13.0,162.0,24.0,168.0,0.8
BUN,low,0.2,Cohen_m4,,146,13,0.1049723756906077,0.0958904109589041,0.2307692307692307,0.9172932330827068,0.2465606400624451,2.348814518489609,3.0,11.0,122.0,10.0,,,,,,,,,,80.0,1.0,4.384615384615385,13.398496240601505,19.0,162.0,24.0,168.0,0.8
BUN,low,0.2,Gaussian_mle,,112,10,0.1857142857142857,0.1785714285714285,0.2,0.8235294117647058,0.2053903345724907,1.1059479553903346,2.0,18.0,84.0,8.0,,,,,,,,,,20.0,0.0,5.2,20.11764705882353,26.0,114.0,24.0,168.0,0.8
BUN,low,0.2,Gaussian_mle,,145,13,0.0891719745222929,0.0758620689655172,0.2307692307692307,0.9393939393939394,0.271551724137931,3.045258620689656,3.0,8.0,124.0,10.0,,,,,,,,,,30.0,0.0,3.230769230769231,8.666666666666666,14.0,143.0,24.0,168.0,0.8
BUN,low,0.2,Gaussian_mle,,79,7,0.1170212765957446,0.0126582278481012,0.1428571428571428,1.0,1.0,8.545454545454545,1.0,0.0,72.0,6.0,,,,,,,,,,30.0,1.0,1.5714285714285714,0.0,11.0,83.0,24.0,168.0,0.8
BUN,low,0.2,Gaussian_mle,,269,24,0.1038062283737024,0.0408921933085501,0.2083333333333333,0.9755102040816328,0.4963131026659104,4.781149555681604,5.0,6.0,239.0,19.0,,,,,,,,,,40.0,0.0,6.25,6.342857142857143,30.0,259.0,24.0,168.0,0.8
BUN,low,0.2,Gaussian_mle,,134,12,0.170886075949367,0.1194029850746268,0.1666666666666666,0.8852459016393442,0.2303818715904322,1.3481605818995666,2.0,14.0,108.0,10.0,,,,,,,,,,40.0,1.0,4.5,15.0327868852459,27.0,131.0,24.0,168.0,0.8
BUN,low,0.2,Gaussian_mle,,448,40,0.0614439324116743,0.1227678571428571,0.2,0.8848039215686274,0.1020605984803477,1.6610362402676588,8.0,47.0,361.0,32.0,,,,,,,,,,50.0,0.0,8.0,70.38480392156863,40.0,611.0,24.0,168.0,0.8
BUN,low,0.2,Gaussian_mle,,370,33,0.1328320802005012,0.1405405405405405,0.2121212121212121,0.8664688427299704,0.1957103298650516,1.473366445587842,7.0,45.0,292.0,26.0,,,,,,,,,,50.0,1.0,11.242424242424242,46.20178041543026,53.0,346.0,24.0,168.0,0.8
BUN,low,0.2,Gaussian_mle,,829,74,0.0753012048192771,0.1182147165259348,0.2027027027027027,0.8900662251655629,0.130549416498864,1.7336962511049143,15.0,83.0,672.0,59.0,,,,,,,,,,60.0,0.0,15.202702702702704,101.24900662251656,75.0,921.0,24.0,168.0,0.8
BUN,low,0.2,Gaussian_mle,,673,60,0.0946915351506456,0.1263001485884101,0.2,0.8809135399673735,0.1494166700520361,1.577930591307109,12.0,73.0,540.0,48.0,,,,,,,,,,60.0,1.0,13.2,75.14355628058728,66.0,631.0,24.0,168.0,0.8
BUN,low,0.2,Gaussian_mle,,448,40,0.0561009817671809,0.125,0.2,0.8823529411764706,0.0917678812415654,1.6357624831309043,8.0,48.0,360.0,32.0,,,,,,,,,,70.0,0.0,8.0,79.17647058823529,40.0,673.0,24.0,168.0,0.8
BUN,low,0.2,Gaussian_mle,,616,55,0.0865533230293663,0.0957792207792207,0.2,0.9144385026737968,0.181327053608533,2.094975065798587,11.0,48.0,513.0,44.0,,,,,,,,,,70.0,1.0,11.2,50.5668449197861,56.0,591.0,24.0,168.0,0.8
BUN,low,0.2,Gaussian_mle,,145,13,0.0742857142857142,0.1172413793103448,0.2307692307692307,0.8939393939393939,0.1486486486486486,2.001039501039501,3.0,14.0,118.0,10.0,,,,,,,,,,80.0,0.0,3.0,17.181818181818183,13.0,162.0,24.0,168.0,0.8
BUN,low,0.2,Gaussian_mle,,146,13,0.1049723756906077,0.1232876712328767,0.2307692307692307,0.8872180451127819,0.1935360343110975,1.8436853794899288,3.0,15.0,118.0,10.0,,,,,,,,,,80.0,1.0,4.384615384615385,18.270676691729324,19.0,162.0,24.0,168.0,0.8
BUN,low,0.2,Gaussian_trunc,,112,10,0.1857142857142857,0.2321428571428571,0.2,0.7647058823529411,0.1623806024981631,0.8743570903747245,2.0,24.0,78.0,8.0,,,,,,,,,,20.0,0.0,5.2,26.823529411764707,26.0,114.0,24.0,168.0,0.8
BUN,low,0.2,Gaussian_trunc,,145,13,0.0891719745222929,0.0758620689655172,0.2307692307692307,0.9393939393939394,0.271551724137931,3.045258620689656,3.0,8.0,124.0,10.0,,,,,,,,,,30.0,0.0,3.230769230769231,8.666666666666666,14.0,143.0,24.0,168.0,0.8
BUN,low,0.2,Gaussian_trunc,,79,7,0.1170212765957446,0.0126582278481012,0.1428571428571428,1.0,1.0,8.545454545454545,1.0,0.0,72.0,6.0,,,,,,,,,,30.0,1.0,1.5714285714285714,0.0,11.0,83.0,24.0,168.0,0.8
BUN,low,0.2,Gaussian_trunc,,269,24,0.1038062283737024,0.037174721189591,0.2083333333333333,0.979591836734694,0.541795665634675,5.219298245614036,5.0,5.0,240.0,19.0,,,,,,,,,,40.0,0.0,6.25,5.285714285714286,30.0,259.0,24.0,168.0,0.8
BUN,low,0.2,Gaussian_trunc,,134,12,0.170886075949367,0.1641791044776119,0.1666666666666666,0.8360655737704918,0.1732407699589776,1.0137793205006838,2.0,20.0,102.0,10.0,,,,,,,,,,40.0,1.0,4.5,21.475409836065573,27.0,131.0,24.0,168.0,0.8
BUN,low,0.2,Gaussian_trunc,,448,40,0.0614439324116743,0.1517857142857142,0.2,0.8529411764705882,0.0817553351367598,1.3305680793507664,8.0,60.0,348.0,32.0,,,,,,,,,,50.0,0.0,8.0,89.8529411764706,40.0,611.0,24.0,168.0,0.8
BUN,low,0.2,Gaussian_trunc,,370,33,0.1328320802005012,0.2864864864864865,0.2121212121212121,0.7062314540059347,0.0995906513335494,0.7497484883412497,7.0,99.0,238.0,26.0,,,,,,,,,,50.0,1.0,11.242424242424242,101.64391691394658,53.0,346.0,24.0,168.0,0.8
BUN,low,0.2,Gaussian_trunc,,829,74,0.0753012048192771,0.1640530759951749,0.2027027027027027,0.8397350993377484,0.0933788653903047,1.2400713323832462,15.0,121.0,634.0,59.0,,,,,,,,,,60.0,0.0,15.202702702702704,147.60397350993378,75.0,921.0,24.0,168.0,0.8
BUN,low,0.2,Gaussian_trunc,,673,60,0.0946915351506456,0.1857355126300148,0.2,0.8156606851549756,0.101916251231192,1.0762973804263765,12.0,113.0,500.0,48.0,,,,,,,,,,60.0,1.0,13.2,116.31810766721044,66.0,631.0,24.0,168.0,0.8
BUN,low,0.2,Gaussian_trunc,,448,40,0.0561009817671809,0.1741071428571428,0.2,0.8284313725490197,0.0647953309246833,1.1549767737324812,8.0,70.0,338.0,32.0,,,,,,,,,,70.0,0.0,8.0,115.4656862745098,40.0,673.0,24.0,168.0,0.8
BUN,low,0.2,Gaussian_trunc,,616,55,0.0865533230293663,0.1558441558441558,0.2,0.8484848484848485,0.111171268724057,1.2844251940083016,11.0,85.0,476.0,44.0,,,,,,,,,,70.0,1.0,11.2,89.54545454545455,56.0,591.0,24.0,168.0,0.8
BUN,low,0.2,Gaussian_trunc,,145,13,0.0742857142857142,0.1310344827586207,0.2307692307692307,0.8787878787878788,0.1325301204819277,1.7840593141797962,3.0,16.0,116.0,10.0,,,,,,,,,,80.0,0.0,3.0,19.63636363636364,13.0,162.0,24.0,168.0,0.8
BUN,low,0.2,Gaussian_trunc,,146,13,0.1049723756906077,0.3082191780821918,0.2307692307692307,0.6842105263157895,0.0789416138202492,0.7520227421823749,3.0,42.0,91.0,10.0,,,,,,,,,,80.0,1.0,4.384615384615385,51.1578947368421,19.0,162.0,24.0,168.0,0.8
BUN,low,0.2,Gaussian_eb,,112,10,0.1857142857142857,0.1875,0.2,0.8137254901960784,0.196706720071206,1.059190031152648,2.0,19.0,83.0,8.0,,,,,,,,,,20.0,0.0,5.2,21.235294117647054,26.0,114.0,24.0,168.0,0.8
BUN,low,0.2,Gaussian_eb,,145,13,0.0891719745222929,0.0620689655172413,0.2307692307692307,0.9545454545454546,0.3320158102766798,3.723320158102768,3.0,6.0,126.0,10.0,,,,,,,,,,30.0,0.0,3.230769230769231,6.5,14.0,143.0,24.0,168.0,0.8
BUN,low,0.2,Gaussian_eb,,79,7,0.1170212765957446,0.0126582278481012,0.1428571428571428,1.0,1.0,8.545454545454545,1.0,0.0,72.0,6.0,,,,,,,,,,30.0,1.0,1.5714285714285714,0.0,11.0,83.0,24.0,168.0,0.8
BUN,low,0.2,Gaussian_eb,,269,24,0.1038062283737024,0.0334572490706319,0.2083333333333333,0.9836734693877552,0.5964553510565781,5.74585321517837,5.0,4.0,241.0,19.0,,,,,,,,,,40.0,0.0,6.25,4.228571428571429,30.0,259.0,24.0,168.0,0.8
BUN,low,0.2,Gaussian_eb,,134,12,0.170886075949367,0.1492537313432835,0.1666666666666666,0.8524590163934426,0.1888544891640867,1.1051484921453962,2.0,18.0,104.0,10.0,,,,,,,,,,40.0,1.0,4.5,19.327868852459016,27.0,131.0,24.0,168.0,0.8
BUN,low,0.2,Gaussian_eb,,448,40,0.0614439324116743,0.1160714285714285,0.2,0.8921568627450981,0.1082658882844633,1.7620273318296404,8.0,44.0,364.0,32.0,,,,,,,,,,50.0,0.0,8.0,65.8921568627451,40.0,611.0,24.0,168.0,0.8
BUN,low,0.2,Gaussian_eb,,370,33,0.1328320802005012,0.1135135135135135,0.2121212121212121,0.8961424332344213,0.2383023575402596,1.7940120878974264,7.0,35.0,302.0,26.0,,,,,,,,,,50.0,1.0,11.242424242424242,35.93471810089021,53.0,346.0,24.0,168.0,0.8
BUN,low,0.2,Gaussian_eb,,829,74,0.0753012048192771,0.1097708082026538,0.2027027027027027,0.8993377483443709,0.1408797264059734,1.870882766671327,15.0,76.0,679.0,59.0,,,,,,,,,,60.0,0.0,15.202702702702704,92.70993377483444,75.0,921.0,24.0,168.0,0.8
BUN,low,0.2,Gaussian_eb,,673,60,0.0946915351506456,0.1471025260029717,0.2,0.8580750407830342,0.1284613406235414,1.3566296123425508,12.0,87.0,526.0,48.0,,,,,,,,,,60.0,1.0,13.2,89.55464926590538,66.0,631.0,24.0,168.0,0.8
BUN,low,0.2,Gaussian_eb,,448,40,0.0561009817671809,0.1294642857142857,0.2,0.8774509803921569,0.0884217370103483,1.57611746220946,8.0,50.0,358.0,32.0,,,,,,,,,,70.0,0.0,8.0,82.47549019607843,40.0,673.0,24.0,168.0,0.8
BUN,low,0.2,Gaussian_eb,,616,55,0.0865533230293663,0.0892857142857142,0.2,0.9215686274509804,0.1946034341782502,2.248364677023712,11.0,44.0,517.0,44.0,,,,,,,,,,70.0,1.0,11.2,46.35294117647059,56.0,591.0,24.0,168.0,0.8
BUN,low,0.2,Gaussian_eb,,145,13,0.0742857142857142,0.1241379310344827,0.2307692307692307,0.8863636363636364,0.1401273885350318,1.8863302302792748,3.0,15.0,117.0,10.0,,,,,,,,,,80.0,0.0,3.0,18.40909090909091,13.0,162.0,24.0,168.0,0.8
BUN,low,0.2,Gaussian_eb,,146,13,0.1049723756906077,0.1301369863013698,0.2307692307692307,0.8796992481203008,0.1836616033141943,1.749618431572062,3.0,16.0,117.0,10.0,,,,,,,,,,80.0,1.0,4.384615384615385,19.48872180451128,19.0,162.0,24.0,168.0,0.8
BUN,low,0.2,NORMA_q_age_set,,112,10,0.1857142857142857,0.0803571428571428,0.2,0.931372549019608,0.3992773261065944,2.149954832881662,2.0,7.0,95.0,8.0,,,,,,,,,,20.0,0.0,5.2,7.823529411764706,26.0,114.0,24.0,168.0,0.8
BUN,low,0.2,NORMA_q_age_set,,145,13,0.0891719745222929,0.1793103448275862,0.2307692307692307,0.8257575757575758,0.1147802322933272,1.2871783192894557,3.0,23.0,109.0,10.0,,,,,,,,,,30.0,0.0,3.230769230769231,24.916666666666668,14.0,143.0,24.0,168.0,0.8
BUN,low,0.2,NORMA_q_age_set,,79,7,0.1170212765957446,0.0253164556962025,0.1428571428571428,0.9861111111111112,0.5768390386016023,4.929351784413693,1.0,1.0,71.0,6.0,,,,,,,,,,30.0,1.0,1.5714285714285714,1.1527777777777777,11.0,83.0,24.0,168.0,0.8
BUN,low,0.2,NORMA_q_age_set,,269,24,0.1038062283737024,0.0631970260223048,0.2083333333333333,0.9510204081632652,0.3300641267446247,3.179617754306552,5.0,12.0,233.0,19.0,,,,,,,,,,40.0,0.0,6.25,12.685714285714283,30.0,259.0,24.0,168.0,0.8
BUN,low,0.2,NORMA_q_age_set,,134,12,0.170886075949367,0.0820895522388059,0.1666666666666666,0.9262295081967212,0.3177083333333333,1.859182098765432,2.0,9.0,113.0,10.0,,,,,,,,,,40.0,1.0,4.5,9.663934426229508,27.0,131.0,24.0,168.0,0.8
BUN,low,0.2,NORMA_q_age_set,,448,40,0.0614439324116743,0.0848214285714285,0.2,0.9264705882352942,0.1511530980828007,2.460016671297583,8.0,30.0,378.0,32.0,,,,,,,,,,50.0,0.0,8.0,44.9264705882353,40.0,611.0,24.0,168.0,0.8
BUN,low,0.2,NORMA_q_age_set,,370,33,0.1328320802005012,0.0918918918918919,0.2121212121212121,0.9198813056379822,0.2885373852157678,2.1721965415300257,7.0,27.0,310.0,26.0,,,,,,,,,,50.0,1.0,11.242424242424242,27.72106824925816,53.0,346.0,24.0,168.0,0.8
BUN,low,0.2,NORMA_q_age_set,,829,74,0.0753012048192771,0.0952955367913148,0.2027027027027027,0.91523178807947,0.1629893205655247,2.1644981771101683,15.0,64.0,691.0,59.0,,,,,,,,,,60.0,0.0,15.202702702702704,78.07152317880795,75.0,921.0,24.0,168.0,0.8
BUN,low,0.2,NORMA_q_age_set,,673,60,0.0946915351506456,0.0802377414561664,0.2,0.931484502446982,0.233904537255446,2.47017367374312,12.0,42.0,571.0,48.0,,,,,,,,,,60.0,1.0,13.2,43.233278955954326,66.0,631.0,24.0,168.0,0.8
BUN,low,0.2,NORMA_q_age_set,,448,40,0.0561009817671809,0.0959821428571428,0.2,0.9142156862745098,0.1217047615496476,2.169387374622469,8.0,35.0,373.0,32.0,,,,,,,,,,70.0,0.0,8.0,57.7328431372549,40.0,673.0,24.0,168.0,0.8
BUN,low,0.2,NORMA_q_age_set,,616,55,0.0865533230293663,0.0974025974025974,0.2,0.9126559714795008,0.1782862590871171,2.0598430290958,11.0,49.0,512.0,44.0,,,,,,,,,,70.0,1.0,11.2,51.62032085561497,56.0,591.0,24.0,168.0,0.8
BUN,low,0.2,NORMA_q_age_set,,145,13,0.0742857142857142,0.0896551724137931,0.2307692307692307,0.9242424242424242,0.1964285714285714,2.644230769230769,3.0,10.0,122.0,10.0,,,,,,,,,,80.0,0.0,3.0,12.272727272727272,13.0,162.0,24.0,168.0,0.8
BUN,low,0.2,NORMA_q_age_set,,146,13,0.1049723756906077,0.136986301369863,0.2307692307692307,0.8721804511278195,0.1747458681972201,1.6646843233524655,3.0,17.0,116.0,10.0,,,,,,,,,,80.0,1.0,4.384615384615385,20.706766917293237,19.0,162.0,24.0,168.0,0.8
BUN,low,0.2,NORMA_334f7e21,,112,10,0.1857142857142857,0.0357142857142857,0.2,0.9803921568627452,0.6993670886075949,3.7658227848101262,2.0,2.0,100.0,8.0,,,,,,,,,,20.0,0.0,5.2,2.235294117647059,26.0,114.0,24.0,168.0,0.8
BUN,low,0.2,NORMA_334f7e21,,145,13,0.0891719745222929,0.2068965517241379,0.2307692307692307,0.7954545454545454,0.0994671403197158,1.1154529307282417,3.0,27.0,105.0,10.0,,,,,,,,,,30.0,0.0,3.230769230769231,29.25,14.0,143.0,24.0,168.0,0.8
BUN,low,0.2,NORMA_334f7e21,,79,7,0.1170212765957446,0.050632911392405,0.1428571428571428,0.9583333333333334,0.3124260355029585,2.6698224852071,1.0,3.0,69.0,6.0,,,,,,,,,,30.0,1.0,1.5714285714285714,3.458333333333333,11.0,83.0,24.0,168.0,0.8
BUN,low,0.2,NORMA_334f7e21,,269,24,0.1038062283737024,0.0594795539033457,0.2083333333333333,0.9551020408163264,0.3495805033959249,3.3676255160474104,5.0,11.0,234.0,19.0,,,,,,,,,,40.0,0.0,6.25,11.628571428571428,30.0,259.0,24.0,168.0,0.8
BUN,low,0.2,NORMA_334f7e21,,134,12,0.170886075949367,0.0820895522388059,0.1666666666666666,0.9262295081967212,0.3177083333333333,1.859182098765432,2.0,9.0,113.0,10.0,,,,,,,,,,40.0,1.0,4.5,9.663934426229508,27.0,131.0,24.0,168.0,0.8
BUN,low,0.2,NORMA_334f7e21,,448,40,0.0614439324116743,0.1138392857142857,0.2,0.8946078431372549,0.1105054677184548,1.7984764871178522,8.0,43.0,365.0,32.0,,,,,,,,,,50.0,0.0,8.0,64.39460784313725,40.0,611.0,24.0,168.0,0.8
BUN,low,0.2,NORMA_334f7e21,,370,33,0.1328320802005012,0.081081081081081,0.2121212121212121,0.9317507418397626,0.3225329621995609,2.428125507879714,7.0,23.0,314.0,26.0,,,,,,,,,,50.0,1.0,11.242424242424242,23.614243323442132,53.0,346.0,24.0,168.0,0.8
BUN,low,0.2,NORMA_334f7e21,,829,74,0.0753012048192771,0.0928829915560916,0.2027027027027027,0.9178807947019868,0.1673670713821667,2.2226347079551747,15.0,62.0,693.0,59.0,,,,,,,,,,60.0,0.0,15.202702702702704,75.6317880794702,75.0,921.0,24.0,168.0,0.8
BUN,low,0.2,NORMA_334f7e21,,673,60,0.0946915351506456,0.0965824665676077,0.2,0.9135399673735726,0.1948158884399994,2.0573738521618115,12.0,53.0,560.0,48.0,,,,,,,,,,60.0,1.0,13.2,54.556280587275694,66.0,631.0,24.0,168.0,0.8
BUN,low,0.2,NORMA_334f7e21,,448,40,0.0561009817671809,0.109375,0.2,0.8995098039215687,0.1057782674919791,1.885497618044528,8.0,41.0,367.0,32.0,,,,,,,,,,70.0,0.0,8.0,67.62990196078431,40.0,673.0,24.0,168.0,0.8
BUN,low,0.2,NORMA_334f7e21,,616,55,0.0865533230293663,0.0844155844155844,0.2,0.926916221033868,0.2059106907603673,2.3790038736063868,11.0,41.0,520.0,44.0,,,,,,,,,,70.0,1.0,11.2,43.19251336898396,56.0,591.0,24.0,168.0,0.8
BUN,low,0.2,NORMA_334f7e21,,145,13,0.0742857142857142,0.0758620689655172,0.2307692307692307,0.9393939393939394,0.2340425531914893,3.150572831423895,3.0,8.0,124.0,10.0,,,,,,,,,,80.0,0.0,3.0,9.818181818181818,13.0,162.0,24.0,168.0,0.8
BUN,low,0.2,NORMA_334f7e21,,146,13,0.1049723756906077,0.1438356164383561,0.2307692307692307,0.8646616541353384,0.1666556749983512,1.587614588142188,3.0,18.0,115.0,10.0,,,,,,,,,,80.0,1.0,4.384615384615385,21.924812030075188,19.0,162.0,24.0,168.0,0.8
BUN,low,0.2,NORMA_q_age,,112,10,0.1857142857142857,0.0714285714285714,0.2,0.9411764705882352,0.4367588932806324,2.351778656126482,2.0,6.0,96.0,8.0,,,,,,,,,,20.0,0.0,5.2,6.705882352941177,26.0,114.0,24.0,168.0,0.8
BUN,low,0.2,NORMA_q_age,,145,13,0.0891719745222929,0.2,0.2307692307692307,0.803030303030303,0.1028991425071457,1.1539403838301348,3.0,26.0,106.0,10.0,,,,,,,,,,30.0,0.0,3.230769230769231,28.166666666666668,14.0,143.0,24.0,168.0,0.8
BUN,low,0.2,NORMA_q_age,,79,7,0.1170212765957446,0.050632911392405,0.1428571428571428,0.9583333333333334,0.3124260355029585,2.6698224852071,1.0,3.0,69.0,6.0,,,,,,,,,,30.0,1.0,1.5714285714285714,3.458333333333333,11.0,83.0,24.0,168.0,0.8
BUN,low,0.2,NORMA_q_age,,269,24,0.1038062283737024,0.0520446096654275,0.2083333333333333,0.963265306122449,0.3964657906660625,3.819287116749736,5.0,9.0,236.0,19.0,,,,,,,,,,40.0,0.0,6.25,9.514285714285714,30.0,259.0,24.0,168.0,0.8
BUN,low,0.2,NORMA_q_age,,134,12,0.170886075949367,0.0746268656716417,0.1666666666666666,0.9344262295081968,0.3437695679398873,2.0116885827593403,2.0,8.0,114.0,10.0,,,,,,,,,,40.0,1.0,4.5,8.59016393442623,27.0,131.0,24.0,168.0,0.8
BUN,low,0.2,NORMA_q_age,,448,40,0.0614439324116743,0.125,0.2,0.8823529411764706,0.1001472754050073,1.6298969072164948,8.0,48.0,360.0,32.0,,,,,,,,,,50.0,0.0,8.0,71.88235294117646,40.0,611.0,24.0,168.0,0.8
BUN,low,0.2,NORMA_q_age,,370,33,0.1328320802005012,0.0594594594594594,0.2121212121212121,0.9554896142433236,0.4219651228328333,3.176680830383028,7.0,15.0,322.0,26.0,,,,,,,,,,50.0,1.0,11.242424242424242,15.400593471810089,53.0,346.0,24.0,168.0,0.8
BUN,low,0.2,NORMA_q_age,,829,74,0.0753012048192771,0.106151990349819,0.2027027027027027,0.9033112582781456,0.1458250387965423,1.936556515218082,15.0,73.0,682.0,59.0,,,,,,,,,,60.0,0.0,15.202702702702704,89.05033112582781,75.0,921.0,24.0,168.0,0.8
BUN,low,0.2,NORMA_q_age,,673,60,0.0946915351506456,0.0832095096582466,0.2,0.9282218597063622,0.2256718615781077,2.383231629090017,12.0,44.0,569.0,48.0,,,,,,,,,,60.0,1.0,13.2,45.29200652528548,66.0,631.0,24.0,168.0,0.8
BUN,low,0.2,NORMA_q_age,,448,40,0.0561009817671809,0.1004464285714285,0.2,0.909313725490196,0.1158885141132611,2.06571276406888,8.0,37.0,371.0,32.0,,,,,,,,,,70.0,0.0,8.0,61.03186274509804,40.0,673.0,24.0,168.0,0.8
BUN,low,0.2,NORMA_q_age,,616,55,0.0865533230293663,0.0876623376623376,0.2,0.9233511586452764,0.1982319647150131,2.290287163760956,11.0,43.0,518.0,44.0,,,,,,,,,,70.0,1.0,11.2,45.29946524064171,56.0,591.0,24.0,168.0,0.8
BUN,low,0.2,NORMA_q_age,,145,13,0.0742857142857142,0.0758620689655172,0.2307692307692307,0.9393939393939394,0.2340425531914893,3.150572831423895,3.0,8.0,124.0,10.0,,,,,,,,,,80.0,0.0,3.0,9.818181818181818,13.0,162.0,24.0,168.0,0.8
BUN,low,0.2,NORMA_q_age,,146,13,0.1049723756906077,0.1712328767123287,0.2307692307692307,0.8345864661654135,0.1406154359801903,1.3395470480218132,3.0,22.0,111.0,10.0,,,,,,,,,,80.0,1.0,4.384615384615385,26.79699248120301,19.0,162.0,24.0,168.0,0.8
BUN,low,0.2,NORMA_q_set,,112,10,0.1857142857142857,0.0892857142857142,0.2,0.9215686274509804,0.367720465890183,1.9800332778702163,2.0,8.0,94.0,8.0,,,,,,,,,,20.0,0.0,5.2,8.941176470588236,26.0,114.0,24.0,168.0,0.8
BUN,low,0.2,NORMA_q_set,,145,13,0.0891719745222929,0.2068965517241379,0.2307692307692307,0.7954545454545454,0.0994671403197158,1.1154529307282417,3.0,27.0,105.0,10.0,,,,,,,,,,30.0,0.0,3.230769230769231,29.25,14.0,143.0,24.0,168.0,0.8
BUN,low,0.2,NORMA_q_set,,79,7,0.1170212765957446,0.0253164556962025,0.1428571428571428,0.9861111111111112,0.5768390386016023,4.929351784413693,1.0,1.0,71.0,6.0,,,,,,,,,,30.0,1.0,1.5714285714285714,1.1527777777777777,11.0,83.0,24.0,168.0,0.8
BUN,low,0.2,NORMA_q_set,,269,24,0.1038062283737024,0.0631970260223048,0.2083333333333333,0.9510204081632652,0.3300641267446247,3.179617754306552,5.0,12.0,233.0,19.0,,,,,,,,,,40.0,0.0,6.25,12.685714285714283,30.0,259.0,24.0,168.0,0.8
BUN,low,0.2,NORMA_q_set,,134,12,0.170886075949367,0.0746268656716417,0.1666666666666666,0.9344262295081968,0.3437695679398873,2.0116885827593403,2.0,8.0,114.0,10.0,,,,,,,,,,40.0,1.0,4.5,8.59016393442623,27.0,131.0,24.0,168.0,0.8
BUN,low,0.2,NORMA_q_set,,448,40,0.0614439324116743,0.1071428571428571,0.2,0.9019607843137256,0.1178169217441524,1.9174704013860813,8.0,40.0,368.0,32.0,,,,,,,,,,50.0,0.0,8.0,59.90196078431372,40.0,611.0,24.0,168.0,0.8
BUN,low,0.2,NORMA_q_set,,370,33,0.1328320802005012,0.0891891891891892,0.2121212121212121,0.9228486646884272,0.2963462472890174,2.2309840126097726,7.0,26.0,311.0,26.0,,,,,,,,,,50.0,1.0,11.242424242424242,26.694362017804156,53.0,346.0,24.0,168.0,0.8
BUN,low,0.2,NORMA_q_set,,829,74,0.0753012048192771,0.0928829915560916,0.2027027027027027,0.9178807947019868,0.1673670713821667,2.2226347079551747,15.0,62.0,693.0,59.0,,,,,,,,,,60.0,0.0,15.202702702702704,75.6317880794702,75.0,921.0,24.0,168.0,0.8
BUN,low,0.2,NORMA_q_set,,673,60,0.0946915351506456,0.0906389301634472,0.2,0.9200652528548124,0.2074205472358794,2.190486688233454,12.0,49.0,564.0,48.0,,,,,,,,,,60.0,1.0,13.2,50.43882544861338,66.0,631.0,24.0,168.0,0.8
BUN,low,0.2,NORMA_q_set,,448,40,0.0561009817671809,0.09375,0.2,0.9166666666666666,0.1248374512353705,2.2252275682704807,8.0,34.0,374.0,32.0,,,,,,,,,,70.0,0.0,8.0,56.083333333333336,40.0,673.0,24.0,168.0,0.8
BUN,low,0.2,NORMA_q_set,,616,55,0.0865533230293663,0.0974025974025974,0.2,0.9126559714795008,0.1782862590871171,2.0598430290958,11.0,49.0,512.0,44.0,,,,,,,,,,70.0,1.0,11.2,51.62032085561497,56.0,591.0,24.0,168.0,0.8
BUN,low,0.2,NORMA_q_set,,145,13,0.0742857142857142,0.0758620689655172,0.2307692307692307,0.9393939393939394,0.2340425531914893,3.150572831423895,3.0,8.0,124.0,10.0,,,,,,,,,,80.0,0.0,3.0,9.818181818181818,13.0,162.0,24.0,168.0,0.8
BUN,low,0.2,NORMA_q_set,,146,13,0.1049723756906077,0.1232876712328767,0.2307692307692307,0.8872180451127819,0.1935360343110975,1.8436853794899288,3.0,15.0,118.0,10.0,,,,,,,,,,80.0,1.0,4.384615384615385,18.270676691729324,19.0,162.0,24.0,168.0,0.8
BUN,low,0.2,NORMA_q_co,,112,10,0.1857142857142857,0.0625,0.2,0.9509803921568628,0.4820065430752454,2.595419847328244,2.0,5.0,97.0,8.0,,,,,,,,,,20.0,0.0,5.2,5.588235294117647,26.0,114.0,24.0,168.0,0.8
BUN,low,0.2,NORMA_q_co,,145,13,0.0891719745222929,0.1862068965517241,0.2307692307692307,0.8181818181818182,0.1105263157894737,1.2394736842105265,3.0,24.0,108.0,10.0,,,,,,,,,,30.0,0.0,3.230769230769231,26.0,14.0,143.0,24.0,168.0,0.8
BUN,low,0.2,NORMA_q_co,,79,7,0.1170212765957446,0.0632911392405063,0.1428571428571428,0.9444444444444444,0.2541720154043645,2.17201540436457,1.0,4.0,68.0,6.0,,,,,,,,,,30.0,1.0,1.5714285714285714,4.611111111111111,11.0,83.0,24.0,168.0,0.8
BUN,low,0.2,NORMA_q_co,,269,24,0.1038062283737024,0.0669144981412639,0.2083333333333333,0.946938775510204,0.3126116470167917,3.011492199595094,5.0,13.0,232.0,19.0,,,,,,,,,,40.0,0.0,6.25,13.742857142857142,30.0,259.0,24.0,168.0,0.8
BUN,low,0.2,NORMA_q_co,,134,12,0.170886075949367,0.1417910447761194,0.1666666666666666,0.860655737704918,0.1977665706051873,1.1573006724303554,2.0,17.0,105.0,10.0,,,,,,,,,,40.0,1.0,4.5,18.25409836065574,27.0,131.0,24.0,168.0,0.8
BUN,low,0.2,NORMA_q_co,,448,40,0.0614439324116743,0.1116071428571428,0.2,0.8970588235294118,0.1128396598216137,1.836465463596764,8.0,42.0,366.0,32.0,,,,,,,,,,50.0,0.0,8.0,62.89705882352941,40.0,611.0,24.0,168.0,0.8
BUN,low,0.2,NORMA_q_co,,370,33,0.1328320802005012,0.0567567567567567,0.2121212121212121,0.9584569732937686,0.4388775585423987,3.304002752045605,7.0,14.0,323.0,26.0,,,,,,,,,,50.0,1.0,11.242424242424242,14.373887240356083,53.0,346.0,24.0,168.0,0.8
BUN,low,0.2,NORMA_q_co,,829,74,0.0753012048192771,0.0747889022919179,0.2027027027027027,0.937748344370861,0.2095869997949471,2.783315357276898,15.0,47.0,708.0,59.0,,,,,,,,,,60.0,0.0,15.202702702702704,57.33377483443709,75.0,921.0,24.0,168.0,0.8
BUN,low,0.2,NORMA_q_co,,673,60,0.0946915351506456,0.0861812778603269,0.2,0.9249592169657422,0.2179990085565877,2.3022016509688124,12.0,46.0,567.0,48.0,,,,,,,,,,60.0,1.0,13.2,47.35073409461664,66.0,631.0,24.0,168.0,0.8
BUN,low,0.2,NORMA_q_co,,448,40,0.0561009817671809,0.1026785714285714,0.2,0.9068627450980392,0.113183993342118,2.017504681323254,8.0,38.0,370.0,32.0,,,,,,,,,,70.0,0.0,8.0,62.681372549019606,40.0,673.0,24.0,168.0,0.8
BUN,low,0.2,NORMA_q_co,,616,55,0.0865533230293663,0.0827922077922077,0.2,0.928698752228164,0.2099775425088225,2.425990535771575,11.0,40.0,521.0,44.0,,,,,,,,,,70.0,1.0,11.2,42.13903743315508,56.0,591.0,24.0,168.0,0.8
BUN,low,0.2,NORMA_q_co,,145,13,0.0742857142857142,0.0758620689655172,0.2307692307692307,0.9393939393939394,0.2340425531914893,3.150572831423895,3.0,8.0,124.0,10.0,,,,,,,,,,80.0,0.0,3.0,9.818181818181818,13.0,162.0,24.0,168.0,0.8
BUN,low,0.2,NORMA_q_co,,146,13,0.1049723756906077,0.1712328767123287,0.2307692307692307,0.8345864661654135,0.1406154359801903,1.3395470480218132,3.0,22.0,111.0,10.0,,,,,,,,,,80.0,1.0,4.384615384615385,26.79699248120301,19.0,162.0,24.0,168.0,0.8
BUN,low,0.2,NORMA_q_age_set_co,,112,10,0.1857142857142857,0.0714285714285714,0.2,0.9411764705882352,0.4367588932806324,2.351778656126482,2.0,6.0,96.0,8.0,,,,,,,,,,20.0,0.0,5.2,6.705882352941177,26.0,114.0,24.0,168.0,0.8
BUN,low,0.2,NORMA_q_age_set_co,,145,13,0.0891719745222929,0.2137931034482758,0.2307692307692307,0.7878787878787878,0.0962566844919786,1.0794499618029032,3.0,28.0,104.0,10.0,,,,,,,,,,30.0,0.0,3.230769230769231,30.33333333333333,14.0,143.0,24.0,168.0,0.8
BUN,low,0.2,NORMA_q_age_set_co,,79,7,0.1170212765957446,0.0632911392405063,0.1428571428571428,0.9444444444444444,0.2541720154043645,2.17201540436457,1.0,4.0,68.0,6.0,,,,,,,,,,30.0,1.0,1.5714285714285714,4.611111111111111,11.0,83.0,24.0,168.0,0.8
BUN,low,0.2,NORMA_q_age_set_co,,269,24,0.1038062283737024,0.0743494423791821,0.2083333333333333,0.9387755102040816,0.2827140549273021,2.7234787291330105,5.0,15.0,230.0,19.0,,,,,,,,,,40.0,0.0,6.25,15.857142857142858,30.0,259.0,24.0,168.0,0.8
BUN,low,0.2,NORMA_q_age_set_co,,134,12,0.170886075949367,0.0746268656716417,0.1666666666666666,0.9344262295081968,0.3437695679398873,2.0116885827593403,2.0,8.0,114.0,10.0,,,,,,,,,,40.0,1.0,4.5,8.59016393442623,27.0,131.0,24.0,168.0,0.8
BUN,low,0.2,NORMA_q_age_set_co,,448,40,0.0614439324116743,0.1160714285714285,0.2,0.8921568627450981,0.1082658882844633,1.7620273318296404,8.0,44.0,364.0,32.0,,,,,,,,,,50.0,0.0,8.0,65.8921568627451,40.0,611.0,24.0,168.0,0.8
BUN,low,0.2,NORMA_q_age_set_co,,370,33,0.1328320802005012,0.0945945945945946,0.2121212121212121,0.9169139465875372,0.2811294917601876,2.116427683251224,7.0,28.0,309.0,26.0,,,,,,,,,,50.0,1.0,11.242424242424242,28.747774480712167,53.0,346.0,24.0,168.0,0.8
BUN,low,0.2,NORMA_q_age_set_co,,829,74,0.0753012048192771,0.1037394451145959,0.2027027027027027,0.9059602649006624,0.1493194198838354,1.982961896057334,15.0,71.0,684.0,59.0,,,,,,,,,,60.0,0.0,15.202702702702704,86.61059602649007,75.0,921.0,24.0,168.0,0.8
BUN,low,0.2,NORMA_q_age_set_co,,673,60,0.0946915351506456,0.1144130757800891,0.2,0.8939641109298532,0.1647762215262306,1.7401367636936784,12.0,65.0,548.0,48.0,,,,,,,,,,60.0,1.0,13.2,66.90864600326265,66.0,631.0,24.0,168.0,0.8
BUN,low,0.2,NORMA_q_age_set_co,,448,40,0.0561009817671809,0.0870535714285714,0.2,0.9240196078431372,0.1352841215236042,2.4114394661582463,8.0,31.0,377.0,32.0,,,,,,,,,,70.0,0.0,8.0,51.13480392156863,40.0,673.0,24.0,168.0,0.8
BUN,low,0.2,NORMA_q_age_set_co,,616,55,0.0865533230293663,0.0941558441558441,0.2,0.9162210338680928,0.1844733736149523,2.131326298729896,11.0,47.0,514.0,44.0,,,,,,,,,,70.0,1.0,11.2,49.51336898395722,56.0,591.0,24.0,168.0,0.8
BUN,low,0.2,NORMA_q_age_set_co,,145,13,0.0742857142857142,0.0896551724137931,0.2307692307692307,0.9242424242424242,0.1964285714285714,2.644230769230769,3.0,10.0,122.0,10.0,,,,,,,,,,80.0,0.0,3.0,12.272727272727272,13.0,162.0,24.0,168.0,0.8
BUN,low,0.2,NORMA_q_age_set_co,,146,13,0.1049723756906077,0.184931506849315,0.2307692307692307,0.8195488721804511,0.1304258064516129,1.242477419354839,3.0,24.0,109.0,10.0,,,,,,,,,,80.0,1.0,4.384615384615385,29.23308270676692,19.0,162.0,24.0,168.0,0.8
CA,low,0.2,PopRI,,86,14,0.1147540983606557,0.1162790697674418,0.2142857142857142,0.9027777777777778,0.2222222222222222,1.9365079365079363,3.0,7.0,65.0,11.0,,,,,,,,,,20.0,0.0,3.0,10.5,14.0,108.0,24.0,168.0,0.8
CA,low,0.2,PopRI,,56,9,0.09375,0.1964285714285714,0.2222222222222222,0.8085106382978723,0.1071835803876852,1.1432915241353097,2.0,9.0,38.0,7.0,,,,,,,,,,30.0,0.0,2.0,16.659574468085108,9.0,87.0,24.0,168.0,0.8
CA,low,0.2,PopRI,,62,10,0.0806451612903225,0.064516129032258,0.2,0.9615384615384616,0.3132530120481927,3.88433734939759,2.0,2.0,50.0,8.0,,,,,,,,,,40.0,0.0,2.0,4.384615384615385,10.0,114.0,24.0,168.0,0.8
CA,low,0.2,PopRI,,56,9,0.1904761904761904,0.0535714285714285,0.2222222222222222,0.9787234042553192,0.7107750472589792,3.731568998109641,2.0,1.0,46.0,7.0,,,,,,,,,,40.0,1.0,2.6666666666666665,1.0851063829787233,12.0,51.0,24.0,168.0,0.8
CA,low,0.2,PopRI,,179,29,0.1798941798941798,0.1340782122905028,0.2068965517241379,0.88,0.2744148506860371,1.5254237288135593,6.0,18.0,132.0,23.0,,,,,,,,,,50.0,0.0,7.0344827586206895,18.6,34.0,155.0,24.0,168.0,0.8
CA,low,0.2,PopRI,,136,22,0.1366459627329192,0.1544117647058823,0.1818181818181818,0.8508771929824561,0.1617594891805605,1.1837853526395563,4.0,17.0,97.0,18.0,,,,,,,,,,50.0,1.0,4.0,20.7280701754386,22.0,139.0,24.0,168.0,0.8
CA,low,0.2,PopRI,,210,34,0.1674008810572687,0.0809523809523809,0.2058823529411764,0.9431818181818182,0.4214771867910259,2.5177716158306027,7.0,10.0,166.0,27.0,,,,,,,,,,60.0,0.0,7.823529411764706,10.738636363636363,38.0,189.0,24.0,168.0,0.8
CA,low,0.2,PopRI,,198,32,0.1990521327014218,0.1111111111111111,0.1875,0.9036144578313252,0.3258959177313805,1.6372390152695544,6.0,16.0,150.0,26.0,,,,,,,,,,60.0,1.0,7.875,16.289156626506024,42.0,169.0,24.0,168.0,0.8
CA,low,0.2,PopRI,,148,24,0.1794871794871795,0.0878378378378378,0.2083333333333333,0.935483870967742,0.4139641358260206,2.306371613887829,5.0,8.0,116.0,19.0,,,,,,,,,,70.0,0.0,5.833333333333333,8.258064516129032,28.0,128.0,24.0,168.0,0.8
CA,low,0.2,PopRI,,167,27,0.1843575418994413,0.059880239520958,0.1851851851851851,0.9642857142857144,0.539593552908199,2.926886241532352,5.0,5.0,135.0,22.0,,,,,,,,,,70.0,1.0,6.111111111111111,5.214285714285714,33.0,146.0,24.0,168.0,0.8
CA,low,0.2,PerRI,,86,14,0.1147540983606557,0.1860465116279069,0.2142857142857142,0.8194444444444444,0.1333333333333333,1.1619047619047618,3.0,13.0,59.0,11.0,,,,,,,,,,20.0,0.0,3.0,19.5,14.0,108.0,24.0,168.0,0.8
CA,low,0.2,PerRI,,56,9,0.09375,0.0714285714285714,0.2222222222222222,0.9574468085106383,0.3507462686567164,3.7412935323383087,2.0,2.0,45.0,7.0,,,,,,,,,,30.0,0.0,2.0,3.702127659574468,9.0,87.0,24.0,168.0,0.8
CA,low,0.2,PerRI,,62,10,0.0806451612903225,0.2096774193548387,0.2,0.7884615384615384,0.0765832106038291,0.9496318114874815,2.0,11.0,41.0,8.0,,,,,,,,,,40.0,0.0,2.0,24.115384615384617,10.0,114.0,24.0,168.0,0.8
CA,low,0.2,PerRI,,56,9,0.1904761904761904,0.1785714285714285,0.2222222222222222,0.8297872340425532,0.235,1.23375,2.0,8.0,39.0,7.0,,,,,,,,,,40.0,1.0,2.6666666666666665,8.680851063829786,12.0,51.0,24.0,168.0,0.8
CA,low,0.2,PerRI,,179,29,0.1798941798941798,0.0893854748603352,0.2068965517241379,0.9333333333333332,0.4050297816015883,2.2514890800794176,6.0,10.0,140.0,23.0,,,,,,,,,,50.0,0.0,7.0344827586206895,10.333333333333334,34.0,155.0,24.0,168.0,0.8
CA,low,0.2,PerRI,,136,22,0.1366459627329192,0.2205882352941176,0.1818181818181818,0.7719298245614035,0.112039312039312,0.8199240562876926,4.0,26.0,88.0,18.0,,,,,,,,,,50.0,1.0,4.0,31.70175438596491,22.0,139.0,24.0,168.0,0.8
CA,low,0.2,PerRI,,210,34,0.1674008810572687,0.1952380952380952,0.2058823529411764,0.8068181818181818,0.1764643799472295,1.054142480211082,7.0,34.0,142.0,27.0,,,,,,,,,,60.0,0.0,7.823529411764706,36.51136363636363,38.0,189.0,24.0,168.0,0.8
CA,low,0.2,PerRI,,198,32,0.1990521327014218,0.0858585858585858,0.1875,0.933734939759036,0.4128701144887485,2.074180813264904,6.0,11.0,155.0,26.0,,,,,,,,,,60.0,1.0,7.875,11.198795180722891,42.0,169.0,24.0,168.0,0.8
CA,low,0.2,PerRI,,148,24,0.1794871794871795,0.1824324324324324,0.2083333333333333,0.8225806451612904,0.2043699378414014,1.138632510830665,5.0,22.0,102.0,19.0,,,,,,,,,,70.0,0.0,5.833333333333333,22.70967741935484,28.0,128.0,24.0,168.0,0.8
CA,low,0.2,PerRI,,167,27,0.1843575418994413,0.155688622754491,0.1851851851851851,0.85,0.2181673938913129,1.1833928335316677,5.0,21.0,119.0,22.0,,,,,,,,,,70.0,1.0,6.111111111111111,21.9,33.0,146.0,24.0,168.0,0.8
CA,low,0.2,Cohen_m2,,86,14,0.1147540983606557,0.0697674418604651,0.2142857142857142,0.9583333333333334,0.4,3.4857142857142858,3.0,3.0,69.0,11.0,,,,,,,,,,20.0,0.0,3.0,4.5,14.0,108.0,24.0,168.0,0.8
CA,low,0.2,Cohen_m2,,56,9,0.09375,0.2857142857142857,0.2222222222222222,0.7021276595744681,0.0716463414634146,0.7642276422764227,2.0,14.0,33.0,7.0,,,,,,,,,,30.0,0.0,2.0,25.91489361702128,9.0,87.0,24.0,168.0,0.8
CA,low,0.2,Cohen_m2,,62,10,0.0806451612903225,0.1129032258064516,0.2,0.903846153846154,0.1543026706231454,1.913353115727003,2.0,5.0,47.0,8.0,,,,,,,,,,40.0,0.0,2.0,10.961538461538462,10.0,114.0,24.0,168.0,0.8
CA,low,0.2,Cohen_m2,,56,9,0.1904761904761904,0.1071428571428571,0.2222222222222222,0.9148936170212766,0.3805668016194332,1.997975708502024,2.0,4.0,43.0,7.0,,,,,,,,,,40.0,1.0,2.6666666666666665,4.340425531914893,12.0,51.0,24.0,168.0,0.8
CA,low,0.2,Cohen_m2,,179,29,0.1798941798941798,0.0558659217877094,0.2068965517241379,0.9733333333333334,0.6298888431453272,3.5014409221902016,6.0,4.0,146.0,23.0,,,,,,,,,,50.0,0.0,7.0344827586206895,4.133333333333334,34.0,155.0,24.0,168.0,0.8
CA,low,0.2,Cohen_m2,,136,22,0.1366459627329192,0.2205882352941176,0.1818181818181818,0.7719298245614035,0.112039312039312,0.8199240562876926,4.0,26.0,88.0,18.0,,,,,,,,,,50.0,1.0,4.0,31.70175438596491,22.0,139.0,24.0,168.0,0.8
CA,low,0.2,Cohen_m2,,210,34,0.1674008810572687,0.1428571428571428,0.2058823529411764,0.8693181818181818,0.2405582332206316,1.437018919502194,7.0,23.0,153.0,27.0,,,,,,,,,,60.0,0.0,7.823529411764706,24.69886363636364,38.0,189.0,24.0,168.0,0.8
CA,low,0.2,Cohen_m2,,198,32,0.1990521327014218,0.1666666666666666,0.1875,0.8373493975903614,0.2226906860866232,1.1187555896256547,6.0,27.0,139.0,26.0,,,,,,,,,,60.0,1.0,7.875,27.48795180722892,42.0,169.0,24.0,168.0,0.8
CA,low,0.2,Cohen_m2,,148,24,0.1794871794871795,0.1689189189189189,0.2083333333333333,0.8387096774193549,0.2203045685279188,1.2274111675126904,5.0,20.0,104.0,19.0,,,,,,,,,,70.0,0.0,5.833333333333333,20.64516129032258,28.0,128.0,24.0,168.0,0.8
CA,low,0.2,Cohen_m2,,167,27,0.1843575418994413,0.1497005988023952,0.1851851851851851,0.8571428571428571,0.2266038846380223,1.229154404551697,5.0,20.0,120.0,22.0,,,,,,,,,,70.0,1.0,6.111111111111111,20.857142857142858,33.0,146.0,24.0,168.0,0.8
CA,low,0.2,Cohen_m3,,86,14,0.1147540983606557,0.1511627906976744,0.2142857142857142,0.8611111111111112,0.1666666666666666,1.4523809523809523,3.0,10.0,62.0,11.0,,,,,,,,,,20.0,0.0,3.0,15.0,14.0,108.0,24.0,168.0,0.8
CA,low,0.2,Cohen_m3,,56,9,0.09375,0.375,0.2222222222222222,0.5957446808510638,0.0538065254722381,0.5739362717038733,2.0,19.0,28.0,7.0,,,,,,,,,,30.0,0.0,2.0,35.170212765957444,9.0,87.0,24.0,168.0,0.8
CA,low,0.2,Cohen_m3,,62,10,0.0806451612903225,0.1129032258064516,0.2,0.903846153846154,0.1543026706231454,1.913353115727003,2.0,5.0,47.0,8.0,,,,,,,,,,40.0,0.0,2.0,10.961538461538462,10.0,114.0,24.0,168.0,0.8
CA,low,0.2,Cohen_m3,,56,9,0.1904761904761904,0.0714285714285714,0.2222222222222222,0.9574468085106383,0.5513196480938416,2.8944281524926687,2.0,2.0,45.0,7.0,,,,,,,,,,40.0,1.0,2.6666666666666665,2.1702127659574466,12.0,51.0,24.0,168.0,0.8
CA,low,0.2,Cohen_m3,,179,29,0.1798941798941798,0.0782122905027933,0.2068965517241379,0.9466666666666668,0.4597355769230769,2.5555889423076925,6.0,8.0,142.0,23.0,,,,,,,,,,50.0,0.0,7.0344827586206895,8.266666666666667,34.0,155.0,24.0,168.0,0.8
CA,low,0.2,Cohen_m3,,136,22,0.1366459627329192,0.1838235294117647,0.1818181818181818,0.8157894736842105,0.1351111111111111,0.9887676767676769,4.0,21.0,93.0,18.0,,,,,,,,,,50.0,1.0,4.0,25.605263157894736,22.0,139.0,24.0,168.0,0.8
CA,low,0.2,Cohen_m3,,210,34,0.1674008810572687,0.1952380952380952,0.2058823529411764,0.8068181818181818,0.1764643799472295,1.054142480211082,7.0,34.0,142.0,27.0,,,,,,,,,,60.0,0.0,7.823529411764706,36.51136363636363,38.0,189.0,24.0,168.0,0.8
CA,low,0.2,Cohen_m3,,198,32,0.1990521327014218,0.1868686868686868,0.1875,0.8132530120481928,0.1996944815734199,1.0032270383807524,6.0,31.0,135.0,26.0,,,,,,,,,,60.0,1.0,7.875,31.56024096385542,42.0,169.0,24.0,168.0,0.8
CA,low,0.2,Cohen_m3,,148,24,0.1794871794871795,0.1486486486486486,0.2083333333333333,0.8629032258064516,0.2494826396872844,1.3899747068291564,5.0,17.0,107.0,19.0,,,,,,,,,,70.0,0.0,5.833333333333333,17.548387096774192,28.0,128.0,24.0,168.0,0.8
CA,low,0.2,Cohen_m3,,167,27,0.1843575418994413,0.1377245508982036,0.1851851851851851,0.8714285714285714,0.2455983669303393,1.3321850812282043,5.0,18.0,122.0,22.0,,,,,,,,,,70.0,1.0,6.111111111111111,18.77142857142857,33.0,146.0,24.0,168.0,0.8
CA,low,0.2,Cohen_m4,,86,14,0.1147540983606557,0.1162790697674418,0.2142857142857142,0.9027777777777778,0.2222222222222222,1.9365079365079363,3.0,7.0,65.0,11.0,,,,,,,,,,20.0,0.0,3.0,10.5,14.0,108.0,24.0,168.0,0.8
CA,low,0.2,Cohen_m4,,56,9,0.09375,0.2142857142857142,0.2222222222222222,0.7872340425531915,0.0975103734439834,1.0401106500691564,2.0,10.0,37.0,7.0,,,,,,,,,,30.0,0.0,2.0,18.51063829787234,9.0,87.0,24.0,168.0,0.8
CA,low,0.2,Cohen_m4,,62,10,0.0806451612903225,0.0967741935483871,0.2,0.9230769230769232,0.1857142857142857,2.3028571428571425,2.0,4.0,48.0,8.0,,,,,,,,,,40.0,0.0,2.0,8.76923076923077,10.0,114.0,24.0,168.0,0.8
CA,low,0.2,Cohen_m4,,56,9,0.1904761904761904,0.1071428571428571,0.2222222222222222,0.9148936170212766,0.3805668016194332,1.997975708502024,2.0,4.0,43.0,7.0,,,,,,,,,,40.0,1.0,2.6666666666666665,4.340425531914893,12.0,51.0,24.0,168.0,0.8
CA,low,0.2,Cohen_m4,,179,29,0.1798941798941798,0.0391061452513966,0.2068965517241379,0.9933333333333332,0.8719190767915657,4.846844279811939,6.0,1.0,149.0,23.0,,,,,,,,,,50.0,0.0,7.0344827586206895,1.0333333333333334,34.0,155.0,24.0,168.0,0.8
CA,low,0.2,Cohen_m4,,136,22,0.1366459627329192,0.1176470588235294,0.1818181818181818,0.8947368421052632,0.2146892655367231,1.5711350796096557,4.0,12.0,102.0,18.0,,,,,,,,,,50.0,1.0,4.0,14.63157894736842,22.0,139.0,24.0,168.0,0.8
CA,low,0.2,Cohen_m4,,210,34,0.1674008810572687,0.2047619047619047,0.2058823529411764,0.7954545454545454,0.1683108516206966,1.005435876786793,7.0,36.0,140.0,27.0,,,,,,,,,,60.0,0.0,7.823529411764706,38.65909090909091,38.0,189.0,24.0,168.0,0.8
CA,low,0.2,Cohen_m4,,198,32,0.1990521327014218,0.1969696969696969,0.1875,0.8012048192771084,0.1898899662272578,0.9539710208083668,6.0,33.0,133.0,26.0,,,,,,,,,,60.0,1.0,7.875,33.59638554216868,42.0,169.0,24.0,168.0,0.8
CA,low,0.2,Cohen_m4,,148,24,0.1794871794871795,0.1621621621621621,0.2083333333333333,0.8467741935483871,0.2292414958799915,1.27720261990281,5.0,19.0,105.0,19.0,,,,,,,,,,70.0,0.0,5.833333333333333,19.61290322580645,28.0,128.0,24.0,168.0,0.8
CA,low,0.2,Cohen_m4,,167,27,0.1843575418994413,0.0958083832335329,0.1851851851851851,0.9214285714285714,0.3475670307845084,1.885287833649303,5.0,11.0,129.0,22.0,,,,,,,,,,70.0,1.0,6.111111111111111,11.471428571428572,33.0,146.0,24.0,168.0,0.8
CA,low,0.2,Gaussian_mle,,86,14,0.1147540983606557,0.2558139534883721,0.2142857142857142,0.7361111111111112,0.0952380952380952,0.8299319727891156,3.0,19.0,53.0,11.0,,,,,,,,,,20.0,0.0,3.0,28.5,14.0,108.0,24.0,168.0,0.8
CA,low,0.2,Gaussian_mle,,56,9,0.09375,0.1785714285714285,0.2222222222222222,0.8297872340425532,0.1189873417721519,1.269198312236287,2.0,8.0,39.0,7.0,,,,,,,,,,30.0,0.0,2.0,14.808510638297872,9.0,87.0,24.0,168.0,0.8
CA,low,0.2,Gaussian_mle,,62,10,0.0806451612903225,0.1129032258064516,0.2,0.903846153846154,0.1543026706231454,1.913353115727003,2.0,5.0,47.0,8.0,,,,,,,,,,40.0,0.0,2.0,10.961538461538462,10.0,114.0,24.0,168.0,0.8
CA,low,0.2,Gaussian_mle,,56,9,0.1904761904761904,0.0892857142857142,0.2222222222222222,0.9361702127659576,0.4502994011976048,2.364071856287425,2.0,3.0,44.0,7.0,,,,,,,,,,40.0,1.0,2.6666666666666665,3.25531914893617,12.0,51.0,24.0,168.0,0.8
CA,low,0.2,Gaussian_mle,,179,29,0.1798941798941798,0.0782122905027933,0.2068965517241379,0.9466666666666668,0.4597355769230769,2.5555889423076925,6.0,8.0,142.0,23.0,,,,,,,,,,50.0,0.0,7.0344827586206895,8.266666666666667,34.0,155.0,24.0,168.0,0.8
CA,low,0.2,Gaussian_mle,,136,22,0.1366459627329192,0.0955882352941176,0.1818181818181818,0.9210526315789472,0.2671353251318102,1.9549448793737016,4.0,9.0,105.0,18.0,,,,,,,,,,50.0,1.0,4.0,10.973684210526317,22.0,139.0,24.0,168.0,0.8
CA,low,0.2,Gaussian_mle,,210,34,0.1674008810572687,0.1380952380952381,0.2058823529411764,0.875,0.248772504091653,1.486088379705401,7.0,22.0,154.0,27.0,,,,,,,,,,60.0,0.0,7.823529411764706,23.625,38.0,189.0,24.0,168.0,0.8
CA,low,0.2,Gaussian_mle,,198,32,0.1990521327014218,0.1414141414141414,0.1875,0.8674698795180723,0.2601363116262872,1.306875279836824,6.0,22.0,144.0,26.0,,,,,,,,,,60.0,1.0,7.875,22.397590361445783,42.0,169.0,24.0,168.0,0.8
CA,low,0.2,Gaussian_mle,,148,24,0.1794871794871795,0.1216216216216216,0.2083333333333333,0.8951612903225806,0.302987992180955,1.6880759564367491,5.0,13.0,111.0,19.0,,,,,,,,,,70.0,0.0,5.833333333333333,13.419354838709678,28.0,128.0,24.0,168.0,0.8
CA,low,0.2,Gaussian_mle,,167,27,0.1843575418994413,0.155688622754491,0.1851851851851851,0.85,0.2181673938913129,1.1833928335316677,5.0,21.0,119.0,22.0,,,,,,,,,,70.0,1.0,6.111111111111111,21.9,33.0,146.0,24.0,168.0,0.8
CA,low,0.2,Gaussian_trunc,,86,14,0.1147540983606557,0.2674418604651162,0.2142857142857142,0.7222222222222222,0.0909090909090909,0.7922077922077922,3.0,20.0,52.0,11.0,,,,,,,,,,20.0,0.0,3.0,30.0,14.0,108.0,24.0,168.0,0.8
CA,low,0.2,Gaussian_trunc,,56,9,0.09375,0.0714285714285714,0.2222222222222222,0.9574468085106383,0.3507462686567164,3.7412935323383087,2.0,2.0,45.0,7.0,,,,,,,,,,30.0,0.0,2.0,3.702127659574468,9.0,87.0,24.0,168.0,0.8
CA,low,0.2,Gaussian_trunc,,62,10,0.0806451612903225,0.2741935483870967,0.2,0.7115384615384616,0.0573318632855567,0.710915104740904,2.0,15.0,37.0,8.0,,,,,,,,,,40.0,0.0,2.0,32.88461538461539,10.0,114.0,24.0,168.0,0.8
CA,low,0.2,Gaussian_trunc,,56,9,0.1904761904761904,0.1785714285714285,0.2222222222222222,0.8297872340425532,0.235,1.23375,2.0,8.0,39.0,7.0,,,,,,,,,,40.0,1.0,2.6666666666666665,8.680851063829786,12.0,51.0,24.0,168.0,0.8
CA,low,0.2,Gaussian_trunc,,179,29,0.1798941798941798,0.1117318435754189,0.2068965517241379,0.9066666666666666,0.3271677536619267,1.8186678071207103,6.0,14.0,136.0,23.0,,,,,,,,,,50.0,0.0,7.0344827586206895,14.466666666666669,34.0,155.0,24.0,168.0,0.8
CA,low,0.2,Gaussian_trunc,,136,22,0.1366459627329192,0.1544117647058823,0.1818181818181818,0.8508771929824561,0.1617594891805605,1.1837853526395563,4.0,17.0,97.0,18.0,,,,,,,,,,50.0,1.0,4.0,20.7280701754386,22.0,139.0,24.0,168.0,0.8
CA,low,0.2,Gaussian_trunc,,210,34,0.1674008810572687,0.1952380952380952,0.2058823529411764,0.8068181818181818,0.1764643799472295,1.054142480211082,7.0,34.0,142.0,27.0,,,,,,,,,,60.0,0.0,7.823529411764706,36.51136363636363,38.0,189.0,24.0,168.0,0.8
CA,low,0.2,Gaussian_trunc,,198,32,0.1990521327014218,0.1464646464646464,0.1875,0.8614457831325302,0.2516725225008422,1.264354815420898,6.0,23.0,143.0,26.0,,,,,,,,,,60.0,1.0,7.875,23.41566265060241,42.0,169.0,24.0,168.0,0.8
CA,low,0.2,Gaussian_trunc,,148,24,0.1794871794871795,0.1689189189189189,0.2083333333333333,0.8387096774193549,0.2203045685279188,1.2274111675126904,5.0,20.0,104.0,19.0,,,,,,,,,,70.0,0.0,5.833333333333333,20.64516129032258,28.0,128.0,24.0,168.0,0.8
CA,low,0.2,Gaussian_trunc,,167,27,0.1843575418994413,0.2155688622754491,0.1851851851851851,0.7785714285714286,0.1589792294669034,0.8623418810477489,5.0,31.0,109.0,22.0,,,,,,,,,,70.0,1.0,6.111111111111111,32.32857142857143,33.0,146.0,24.0,168.0,0.8
CA,low,0.2,Gaussian_eb,,86,14,0.1147540983606557,0.1627906976744186,0.2142857142857142,0.8472222222222222,0.1538461538461538,1.3406593406593408,3.0,11.0,61.0,11.0,,,,,,,,,,20.0,0.0,3.0,16.5,14.0,108.0,24.0,168.0,0.8
CA,low,0.2,Gaussian_eb,,56,9,0.09375,0.2321428571428571,0.2222222222222222,0.7659574468085106,0.0894386298763082,0.954012052013955,2.0,11.0,36.0,7.0,,,,,,,,,,30.0,0.0,2.0,20.361702127659573,9.0,87.0,24.0,168.0,0.8
CA,low,0.2,Gaussian_eb,,62,10,0.0806451612903225,0.0806451612903225,0.2,0.9423076923076924,0.2331838565022421,2.891479820627803,2.0,3.0,49.0,8.0,,,,,,,,,,40.0,0.0,2.0,6.576923076923077,10.0,114.0,24.0,168.0,0.8
CA,low,0.2,Gaussian_eb,,56,9,0.1904761904761904,0.0892857142857142,0.2222222222222222,0.9361702127659576,0.4502994011976048,2.364071856287425,2.0,3.0,44.0,7.0,,,,,,,,,,40.0,1.0,2.6666666666666665,3.25531914893617,12.0,51.0,24.0,168.0,0.8
CA,low,0.2,Gaussian_eb,,179,29,0.1798941798941798,0.0782122905027933,0.2068965517241379,0.9466666666666668,0.4597355769230769,2.5555889423076925,6.0,8.0,142.0,23.0,,,,,,,,,,50.0,0.0,7.0344827586206895,8.266666666666667,34.0,155.0,24.0,168.0,0.8
CA,low,0.2,Gaussian_eb,,136,22,0.1366459627329192,0.125,0.1818181818181818,0.8859649122807017,0.2015024304021211,1.4746314224882495,4.0,13.0,101.0,18.0,,,,,,,,,,50.0,1.0,4.0,15.850877192982455,22.0,139.0,24.0,168.0,0.8
CA,low,0.2,Gaussian_eb,,210,34,0.1674008810572687,0.1761904761904762,0.2058823529411764,0.8295454545454546,0.1953955825639827,1.1672315063690546,7.0,30.0,146.0,27.0,,,,,,,,,,60.0,0.0,7.823529411764706,32.21590909090909,38.0,189.0,24.0,168.0,0.8
CA,low,0.2,Gaussian_eb,,198,32,0.1990521327014218,0.1262626262626262,0.1875,0.8855421686746988,0.2893266198196204,1.4535218281414264,6.0,19.0,147.0,26.0,,,,,,,,,,60.0,1.0,7.875,19.343373493975903,42.0,169.0,24.0,168.0,0.8
CA,low,0.2,Gaussian_eb,,148,24,0.1794871794871795,0.1486486486486486,0.2083333333333333,0.8629032258064516,0.2494826396872844,1.3899747068291564,5.0,17.0,107.0,19.0,,,,,,,,,,70.0,0.0,5.833333333333333,17.548387096774192,28.0,128.0,24.0,168.0,0.8
CA,low,0.2,Gaussian_eb,,167,27,0.1843575418994413,0.1377245508982036,0.1851851851851851,0.8714285714285714,0.2455983669303393,1.3321850812282043,5.0,18.0,122.0,22.0,,,,,,,,,,70.0,1.0,6.111111111111111,18.77142857142857,33.0,146.0,24.0,168.0,0.8
CA,low,0.2,NORMA_q_age_set,,86,14,0.1147540983606557,0.0465116279069767,0.2142857142857142,0.9861111111111112,0.6666666666666666,5.809523809523809,3.0,1.0,71.0,11.0,,,,,,,,,,20.0,0.0,3.0,1.5,14.0,108.0,24.0,168.0,0.8
CA,low,0.2,NORMA_q_age_set,,56,9,0.09375,0.0892857142857142,0.2222222222222222,0.9361702127659576,0.2647887323943662,2.8244131455399057,2.0,3.0,44.0,7.0,,,,,,,,,,30.0,0.0,2.0,5.553191489361702,9.0,87.0,24.0,168.0,0.8
CA,low,0.2,NORMA_q_age_set,,62,10,0.0806451612903225,0.0967741935483871,0.2,0.9230769230769232,0.1857142857142857,2.3028571428571425,2.0,4.0,48.0,8.0,,,,,,,,,,40.0,0.0,2.0,8.76923076923077,10.0,114.0,24.0,168.0,0.8
CA,low,0.2,NORMA_q_age_set,,56,9,0.1904761904761904,0.0535714285714285,0.2222222222222222,0.9787234042553192,0.7107750472589792,3.731568998109641,2.0,1.0,46.0,7.0,,,,,,,,,,40.0,1.0,2.6666666666666665,1.0851063829787233,12.0,51.0,24.0,168.0,0.8
CA,low,0.2,NORMA_q_age_set,,179,29,0.1798941798941798,0.0614525139664804,0.2068965517241379,0.9666666666666668,0.5765426283560998,3.2048987282147903,6.0,5.0,145.0,23.0,,,,,,,,,,50.0,0.0,7.0344827586206895,5.166666666666667,34.0,155.0,24.0,168.0,0.8
CA,low,0.2,NORMA_q_age_set,,136,22,0.1366459627329192,0.0808823529411764,0.1818181818181818,0.9385964912280702,0.3191042687193842,2.335263057446402,4.0,7.0,107.0,18.0,,,,,,,,,,50.0,1.0,4.0,8.535087719298245,22.0,139.0,24.0,168.0,0.8
CA,low,0.2,NORMA_q_age_set,,210,34,0.1674008810572687,0.1666666666666666,0.2058823529411764,0.8409090909090909,0.206470733514448,1.2333909607310447,7.0,28.0,148.0,27.0,,,,,,,,,,60.0,0.0,7.823529411764706,30.068181818181817,38.0,189.0,24.0,168.0,0.8
CA,low,0.2,NORMA_q_age_set,,198,32,0.1990521327014218,0.1262626262626262,0.1875,0.8855421686746988,0.2893266198196204,1.4535218281414264,6.0,19.0,147.0,26.0,,,,,,,,,,60.0,1.0,7.875,19.343373493975903,42.0,169.0,24.0,168.0,0.8
CA,low,0.2,NORMA_q_age_set,,148,24,0.1794871794871795,0.1148648648648648,0.2083333333333333,0.9032258064516128,0.3201534375922101,1.7837120094423131,5.0,12.0,112.0,19.0,,,,,,,,,,70.0,0.0,5.833333333333333,12.387096774193548,28.0,128.0,24.0,168.0,0.8
CA,low,0.2,NORMA_q_age_set,,167,27,0.1843575418994413,0.0898203592814371,0.1851851851851851,0.9285714285714286,0.3694817658349328,2.004158669225848,5.0,10.0,130.0,22.0,,,,,,,,,,70.0,1.0,6.111111111111111,10.428571428571429,33.0,146.0,24.0,168.0,0.8
CA,low,0.2,NORMA_334f7e21,,86,14,0.1147540983606557,0.1511627906976744,0.2142857142857142,0.8611111111111112,0.1666666666666666,1.4523809523809523,3.0,10.0,62.0,11.0,,,,,,,,,,20.0,0.0,3.0,15.0,14.0,108.0,24.0,168.0,0.8
CA,low,0.2,NORMA_334f7e21,,56,9,0.09375,0.0714285714285714,0.2222222222222222,0.9574468085106383,0.3507462686567164,3.7412935323383087,2.0,2.0,45.0,7.0,,,,,,,,,,30.0,0.0,2.0,3.702127659574468,9.0,87.0,24.0,168.0,0.8
CA,low,0.2,NORMA_334f7e21,,62,10,0.0806451612903225,0.0967741935483871,0.2,0.9230769230769232,0.1857142857142857,2.3028571428571425,2.0,4.0,48.0,8.0,,,,,,,,,,40.0,0.0,2.0,8.76923076923077,10.0,114.0,24.0,168.0,0.8
CA,low,0.2,NORMA_334f7e21,,56,9,0.1904761904761904,0.0535714285714285,0.2222222222222222,0.9787234042553192,0.7107750472589792,3.731568998109641,2.0,1.0,46.0,7.0,,,,,,,,,,40.0,1.0,2.6666666666666665,1.0851063829787233,12.0,51.0,24.0,168.0,0.8
CA,low,0.2,NORMA_334f7e21,,179,29,0.1798941798941798,0.1005586592178771,0.2068965517241379,0.92,0.3619588360539389,2.012065294535132,6.0,12.0,138.0,23.0,,,,,,,,,,50.0,0.0,7.0344827586206895,12.4,34.0,155.0,24.0,168.0,0.8
CA,low,0.2,NORMA_334f7e21,,136,22,0.1366459627329192,0.0661764705882353,0.1818181818181818,0.956140350877193,0.3961772371850565,2.899297053945186,4.0,5.0,109.0,18.0,,,,,,,,,,50.0,1.0,4.0,6.096491228070176,22.0,139.0,24.0,168.0,0.8
CA,low,0.2,NORMA_334f7e21,,210,34,0.1674008810572687,0.1761904761904762,0.2058823529411764,0.8295454545454546,0.1953955825639827,1.1672315063690546,7.0,30.0,146.0,27.0,,,,,,,,,,60.0,0.0,7.823529411764706,32.21590909090909,38.0,189.0,24.0,168.0,0.8
CA,low,0.2,NORMA_334f7e21,,198,32,0.1990521327014218,0.0959595959595959,0.1875,0.9216867469879518,0.3730470143397303,1.8741171434686448,6.0,13.0,153.0,26.0,,,,,,,,,,60.0,1.0,7.875,13.234939759036145,42.0,169.0,24.0,168.0,0.8
CA,low,0.2,NORMA_334f7e21,,148,24,0.1794871794871795,0.1216216216216216,0.2083333333333333,0.8951612903225806,0.302987992180955,1.6880759564367491,5.0,13.0,111.0,19.0,,,,,,,,,,70.0,0.0,5.833333333333333,13.419354838709678,28.0,128.0,24.0,168.0,0.8
CA,low,0.2,NORMA_334f7e21,,167,27,0.1843575418994413,0.0838323353293413,0.1851851851851851,0.9357142857142856,0.394346000204855,2.1390283041414864,5.0,9.0,131.0,22.0,,,,,,,,,,70.0,1.0,6.111111111111111,9.385714285714286,33.0,146.0,24.0,168.0,0.8
CA,low,0.2,NORMA_q_age,,86,14,0.1147540983606557,0.127906976744186,0.2142857142857142,0.8888888888888888,0.2,1.7428571428571429,3.0,8.0,64.0,11.0,,,,,,,,,,20.0,0.0,3.0,12.0,14.0,108.0,24.0,168.0,0.8
CA,low,0.2,NORMA_q_age,,56,9,0.09375,0.0714285714285714,0.2222222222222222,0.9574468085106383,0.3507462686567164,3.7412935323383087,2.0,2.0,45.0,7.0,,,,,,,,,,30.0,0.0,2.0,3.702127659574468,9.0,87.0,24.0,168.0,0.8
CA,low,0.2,NORMA_q_age,,62,10,0.0806451612903225,0.0806451612903225,0.2,0.9423076923076924,0.2331838565022421,2.891479820627803,2.0,3.0,49.0,8.0,,,,,,,,,,40.0,0.0,2.0,6.576923076923077,10.0,114.0,24.0,168.0,0.8
CA,low,0.2,NORMA_q_age,,56,9,0.1904761904761904,0.0535714285714285,0.2222222222222222,0.9787234042553192,0.7107750472589792,3.731568998109641,2.0,1.0,46.0,7.0,,,,,,,,,,40.0,1.0,2.6666666666666665,1.0851063829787233,12.0,51.0,24.0,168.0,0.8
CA,low,0.2,NORMA_q_age,,179,29,0.1798941798941798,0.0837988826815642,0.2068965517241379,0.94,0.4306523115896136,2.393920202659911,6.0,9.0,141.0,23.0,,,,,,,,,,50.0,0.0,7.0344827586206895,9.3,34.0,155.0,24.0,168.0,0.8
CA,low,0.2,NORMA_q_age,,136,22,0.1366459627329192,0.0735294117647058,0.1818181818181818,0.9473684210526316,0.3534883720930232,2.586892177589852,4.0,6.0,108.0,18.0,,,,,,,,,,50.0,1.0,4.0,7.315789473684211,22.0,139.0,24.0,168.0,0.8
CA,low,0.2,NORMA_q_age,,210,34,0.1674008810572687,0.1619047619047619,0.2058823529411764,0.8465909090909091,0.2124928512422952,1.269365190315816,7.0,27.0,149.0,27.0,,,,,,,,,,60.0,0.0,7.823529411764706,28.994318181818183,38.0,189.0,24.0,168.0,0.8
CA,low,0.2,NORMA_q_age,,198,32,0.1990521327014218,0.1111111111111111,0.1875,0.9036144578313252,0.3258959177313805,1.6372390152695544,6.0,16.0,150.0,26.0,,,,,,,,,,60.0,1.0,7.875,16.289156626506024,42.0,169.0,24.0,168.0,0.8
CA,low,0.2,NORMA_q_age,,148,24,0.1794871794871795,0.0945945945945946,0.2083333333333333,0.9274193548387096,0.385709207252044,2.1489512975471023,5.0,9.0,115.0,19.0,,,,,,,,,,70.0,0.0,5.833333333333333,9.290322580645162,28.0,128.0,24.0,168.0,0.8
CA,low,0.2,NORMA_q_age,,167,27,0.1843575418994413,0.0898203592814371,0.1851851851851851,0.9285714285714286,0.3694817658349328,2.004158669225848,5.0,10.0,130.0,22.0,,,,,,,,,,70.0,1.0,6.111111111111111,10.428571428571429,33.0,146.0,24.0,168.0,0.8
CA,low,0.2,NORMA_q_set,,86,14,0.1147540983606557,0.0697674418604651,0.2142857142857142,0.9583333333333334,0.4,3.4857142857142858,3.0,3.0,69.0,11.0,,,,,,,,,,20.0,0.0,3.0,4.5,14.0,108.0,24.0,168.0,0.8
CA,low,0.2,NORMA_q_set,,56,9,0.09375,0.0892857142857142,0.2222222222222222,0.9361702127659576,0.2647887323943662,2.8244131455399057,2.0,3.0,44.0,7.0,,,,,,,,,,30.0,0.0,2.0,5.553191489361702,9.0,87.0,24.0,168.0,0.8
CA,low,0.2,NORMA_q_set,,62,10,0.0806451612903225,0.1774193548387097,0.2,0.8269230769230769,0.0920353982300885,1.1412389380530974,2.0,9.0,43.0,8.0,,,,,,,,,,40.0,0.0,2.0,19.73076923076923,10.0,114.0,24.0,168.0,0.8
CA,low,0.2,NORMA_q_set,,56,9,0.1904761904761904,0.0714285714285714,0.2222222222222222,0.9574468085106383,0.5513196480938416,2.8944281524926687,2.0,2.0,45.0,7.0,,,,,,,,,,40.0,1.0,2.6666666666666665,2.1702127659574466,12.0,51.0,24.0,168.0,0.8
CA,low,0.2,NORMA_q_set,,179,29,0.1798941798941798,0.0670391061452514,0.2068965517241379,0.96,0.5315268368942158,2.954663887441376,6.0,6.0,144.0,23.0,,,,,,,,,,50.0,0.0,7.0344827586206895,6.2,34.0,155.0,24.0,168.0,0.8
CA,low,0.2,NORMA_q_set,,136,22,0.1366459627329192,0.0588235294117647,0.1818181818181818,0.9649122807017544,0.4505928853754941,3.2975206611570247,4.0,4.0,110.0,18.0,,,,,,,,,,50.0,1.0,4.0,4.87719298245614,22.0,139.0,24.0,168.0,0.8
CA,low,0.2,NORMA_q_set,,210,34,0.1674008810572687,0.1714285714285714,0.2058823529411764,0.8352272727272727,0.2007805463824677,1.1993995797057944,7.0,29.0,147.0,27.0,,,,,,,,,,60.0,0.0,7.823529411764706,31.142045454545453,38.0,189.0,24.0,168.0,0.8
CA,low,0.2,NORMA_q_set,,198,32,0.1990521327014218,0.1464646464646464,0.1875,0.8614457831325302,0.2516725225008422,1.264354815420898,6.0,23.0,143.0,26.0,,,,,,,,,,60.0,1.0,7.875,23.41566265060241,42.0,169.0,24.0,168.0,0.8
CA,low,0.2,NORMA_q_set,,148,24,0.1794871794871795,0.1283783783783783,0.2083333333333333,0.8870967741935484,0.2875695732838589,1.6021733368672142,5.0,14.0,110.0,19.0,,,,,,,,,,70.0,0.0,5.833333333333333,14.451612903225806,28.0,128.0,24.0,168.0,0.8
CA,low,0.2,NORMA_q_set,,167,27,0.1843575418994413,0.0838323353293413,0.1851851851851851,0.9357142857142856,0.394346000204855,2.1390283041414864,5.0,9.0,131.0,22.0,,,,,,,,,,70.0,1.0,6.111111111111111,9.385714285714286,33.0,146.0,24.0,168.0,0.8
CA,low,0.2,NORMA_q_co,,86,14,0.1147540983606557,0.1162790697674418,0.2142857142857142,0.9027777777777778,0.2222222222222222,1.9365079365079363,3.0,7.0,65.0,11.0,,,,,,,,,,20.0,0.0,3.0,10.5,14.0,108.0,24.0,168.0,0.8
CA,low,0.2,NORMA_q_co,,56,9,0.09375,0.0714285714285714,0.2222222222222222,0.9574468085106383,0.3507462686567164,3.7412935323383087,2.0,2.0,45.0,7.0,,,,,,,,,,30.0,0.0,2.0,3.702127659574468,9.0,87.0,24.0,168.0,0.8
CA,low,0.2,NORMA_q_co,,62,10,0.0806451612903225,0.0806451612903225,0.2,0.9423076923076924,0.2331838565022421,2.891479820627803,2.0,3.0,49.0,8.0,,,,,,,,,,40.0,0.0,2.0,6.576923076923077,10.0,114.0,24.0,168.0,0.8
CA,low,0.2,NORMA_q_co,,56,9,0.1904761904761904,0.0357142857142857,0.2222222222222222,1.0,1.0,5.25,2.0,0.0,47.0,7.0,,,,,,,,,,40.0,1.0,2.6666666666666665,0.0,12.0,51.0,24.0,168.0,0.8
CA,low,0.2,NORMA_q_co,,179,29,0.1798941798941798,0.1340782122905028,0.2068965517241379,0.88,0.2744148506860371,1.5254237288135593,6.0,18.0,132.0,23.0,,,,,,,,,,50.0,0.0,7.0344827586206895,18.6,34.0,155.0,24.0,168.0,0.8
CA,low,0.2,NORMA_q_co,,136,22,0.1366459627329192,0.0808823529411764,0.1818181818181818,0.9385964912280702,0.3191042687193842,2.335263057446402,4.0,7.0,107.0,18.0,,,,,,,,,,50.0,1.0,4.0,8.535087719298245,22.0,139.0,24.0,168.0,0.8
CA,low,0.2,NORMA_q_co,,210,34,0.1674008810572687,0.1809523809523809,0.2058823529411764,0.8238636363636364,0.1902919251123883,1.1367438684345303,7.0,31.0,145.0,27.0,,,,,,,,,,60.0,0.0,7.823529411764706,33.28977272727273,38.0,189.0,24.0,168.0,0.8
CA,low,0.2,NORMA_q_co,,198,32,0.1990521327014218,0.0909090909090909,0.1875,0.927710843373494,0.3919496289633461,1.9690802788396675,6.0,12.0,154.0,26.0,,,,,,,,,,60.0,1.0,7.875,12.216867469879515,42.0,169.0,24.0,168.0,0.8
CA,low,0.2,NORMA_q_co,,148,24,0.1794871794871795,0.1013513513513513,0.2083333333333333,0.9193548387096774,0.3610648918469217,2.0116472545757067,5.0,10.0,114.0,19.0,,,,,,,,,,70.0,0.0,5.833333333333333,10.32258064516129,28.0,128.0,24.0,168.0,0.8
CA,low,0.2,NORMA_q_co,,167,27,0.1843575418994413,0.0718562874251497,0.1851851851851851,0.95,0.4556752278376139,2.4716929025131176,5.0,7.0,133.0,22.0,,,,,,,,,,70.0,1.0,6.111111111111111,7.3,33.0,146.0,24.0,168.0,0.8
CA,low,0.2,NORMA_q_age_set_co,,86,14,0.1147540983606557,0.1046511627906976,0.2142857142857142,0.9166666666666666,0.25,2.1785714285714284,3.0,6.0,66.0,11.0,,,,,,,,,,20.0,0.0,3.0,9.0,14.0,108.0,24.0,168.0,0.8
CA,low,0.2,NORMA_q_age_set_co,,56,9,0.09375,0.1071428571428571,0.2222222222222222,0.9148936170212766,0.2126696832579185,2.2684766214177983,2.0,4.0,43.0,7.0,,,,,,,,,,30.0,0.0,2.0,7.404255319148936,9.0,87.0,24.0,168.0,0.8
CA,low,0.2,NORMA_q_age_set_co,,62,10,0.0806451612903225,0.1451612903225806,0.2,0.8653846153846154,0.1152993348115299,1.4297117516629712,2.0,7.0,45.0,8.0,,,,,,,,,,40.0,0.0,2.0,15.346153846153848,10.0,114.0,24.0,168.0,0.8
CA,low,0.2,NORMA_q_age_set_co,,56,9,0.1904761904761904,0.0357142857142857,0.2222222222222222,1.0,1.0,5.25,2.0,0.0,47.0,7.0,,,,,,,,,,40.0,1.0,2.6666666666666665,0.0,12.0,51.0,24.0,168.0,0.8
CA,low,0.2,NORMA_q_age_set_co,,179,29,0.1798941798941798,0.0558659217877094,0.2068965517241379,0.9733333333333334,0.6298888431453272,3.5014409221902016,6.0,4.0,146.0,23.0,,,,,,,,,,50.0,0.0,7.0344827586206895,4.133333333333334,34.0,155.0,24.0,168.0,0.8
CA,low,0.2,NORMA_q_age_set_co,,136,22,0.1366459627329192,0.0588235294117647,0.1818181818181818,0.9649122807017544,0.4505928853754941,3.2975206611570247,4.0,4.0,110.0,18.0,,,,,,,,,,50.0,1.0,4.0,4.87719298245614,22.0,139.0,24.0,168.0,0.8
CA,low,0.2,NORMA_q_age_set_co,,210,34,0.1674008810572687,0.1666666666666666,0.2058823529411764,0.8409090909090909,0.206470733514448,1.2333909607310447,7.0,28.0,148.0,27.0,,,,,,,,,,60.0,0.0,7.823529411764706,30.068181818181817,38.0,189.0,24.0,168.0,0.8
CA,low,0.2,NORMA_q_age_set_co,,198,32,0.1990521327014218,0.1111111111111111,0.1875,0.9036144578313252,0.3258959177313805,1.6372390152695544,6.0,16.0,150.0,26.0,,,,,,,,,,60.0,1.0,7.875,16.289156626506024,42.0,169.0,24.0,168.0,0.8
CA,low,0.2,NORMA_q_age_set_co,,148,24,0.1794871794871795,0.0945945945945946,0.2083333333333333,0.9274193548387096,0.385709207252044,2.1489512975471023,5.0,9.0,115.0,19.0,,,,,,,,,,70.0,0.0,5.833333333333333,9.290322580645162,28.0,128.0,24.0,168.0,0.8
CA,low,0.2,NORMA_q_age_set_co,,167,27,0.1843575418994413,0.1257485029940119,0.1851851851851851,0.8857142857142857,0.2680685141345216,1.4540686069721025,5.0,16.0,124.0,22.0,,,,,,,,,,70.0,1.0,6.111111111111111,16.685714285714287,33.0,146.0,24.0,168.0,0.8
CL,high,0.2,PopRI,,107,5,0.0284090909090909,0.0467289719626168,0.2,0.9607843137254902,0.1297709923664122,4.56793893129771,1.0,4.0,98.0,4.0,,,,,,,,,,20.0,0.0,1.0,6.705882352941177,5.0,171.0,24.0,168.0,0.8
CL,high,0.2,PopRI,,107,5,0.0294117647058823,0.0093457943925233,0.2,1.0,1.0,34.0,1.0,0.0,102.0,4.0,,,,,,,,,,30.0,0.0,1.0,0.0,5.0,165.0,24.0,168.0,0.8
CL,high,0.2,PopRI,,107,5,0.0544217687074829,0.0093457943925233,0.2,1.0,1.0,18.375,1.0,0.0,102.0,4.0,,,,,,,,,,30.0,1.0,1.6,0.0,8.0,139.0,24.0,168.0,0.8
CL,high,0.2,PopRI,,212,10,0.0381944444444444,0.0566037735849056,0.2,0.9504950495049505,0.1382528621204579,3.619711299153808,2.0,10.0,192.0,8.0,,,,,,,,,,40.0,0.0,2.2,13.712871287128714,11.0,277.0,24.0,168.0,0.8
CL,high,0.2,PopRI,,170,8,0.0684210526315789,0.2411764705882353,0.25,0.7592592592592593,0.0708661417322834,1.0357359176256813,2.0,39.0,123.0,6.0,,,,,,,,,,40.0,1.0,3.25,42.61111111111112,13.0,177.0,24.0,168.0,0.8
CL,high,0.2,PopRI,,446,21,0.0348258706467661,0.0336322869955156,0.1904761904761904,0.9741176470588236,0.2098247346334238,6.024967380188313,4.0,11.0,414.0,17.0,,,,,,,,,,50.0,0.0,4.0,15.063529411764708,21.0,582.0,24.0,168.0,0.8
CL,high,0.2,PopRI,,383,18,0.0687960687960688,0.0234986945169712,0.2222222222222222,0.9863013698630136,0.5451393519135884,7.923989865315375,4.0,5.0,360.0,14.0,,,,,,,,,,50.0,1.0,6.222222222222222,5.191780821917808,28.0,379.0,24.0,168.0,0.8
CL,high,0.2,PopRI,,786,37,0.0422993492407809,0.0241730279898218,0.1891891891891892,0.9839786381842456,0.3427779705596878,8.103622791180312,7.0,12.0,737.0,30.0,,,,,,,,,,60.0,0.0,7.378378378378378,14.146862483311082,39.0,883.0,24.0,168.0,0.8
CL,high,0.2,PopRI,,489,23,0.0559845559845559,0.0695296523517382,0.217391304347826,0.9377682403433476,0.1716137585622744,3.065376790870971,5.0,29.0,437.0,18.0,,,,,,,,,,60.0,1.0,6.304347826086956,30.431330472103003,29.0,489.0,24.0,168.0,0.8
CL,high,0.2,PopRI,,702,33,0.0453938584779706,0.0569800569800569,0.2121212121212121,0.9506726457399104,0.1697721507649886,3.7399806153816617,7.0,33.0,636.0,26.0,,,,,,,,,,70.0,0.0,7.212121212121212,35.26905829596413,34.0,715.0,24.0,168.0,0.8
CL,high,0.2,PopRI,,553,26,0.0486486486486486,0.0994575045207956,0.1923076923076923,0.905123339658444,0.093915212957646,1.930479377462725,5.0,50.0,477.0,21.0,,,,,,,,,,70.0,1.0,5.1923076923076925,50.09487666034156,27.0,528.0,24.0,168.0,0.8
CL,high,0.2,PopRI,,149,7,0.0452488687782805,0.087248322147651,0.1428571428571428,0.9154929577464788,0.074174676138738,1.63926034266611,1.0,12.0,130.0,6.0,,,,,,,,,,80.0,0.0,1.4285714285714286,17.830985915492956,10.0,211.0,24.0,168.0,0.8
CL,high,0.2,PopRI,,149,7,0.064516129032258,0.0201342281879194,0.1428571428571428,0.9859154929577464,0.4115942028985507,6.379710144927537,1.0,2.0,140.0,6.0,,,,,,,,,,80.0,1.0,1.7142857142857142,2.4507042253521125,12.0,174.0,24.0,168.0,0.8
CL,high,0.2,PerRI,,107,5,0.0284090909090909,0.0841121495327102,0.2,0.9215686274509804,0.0693877551020408,2.4424489795918367,1.0,8.0,94.0,4.0,,,,,,,,,,20.0,0.0,1.0,13.411764705882351,5.0,171.0,24.0,168.0,0.8
CL,high,0.2,PerRI,,107,5,0.0294117647058823,0.1962616822429906,0.2,0.803921568627451,0.0299823633156966,1.019400352733686,1.0,20.0,82.0,4.0,,,,,,,,,,30.0,0.0,1.0,32.35294117647059,5.0,165.0,24.0,168.0,0.8
CL,high,0.2,PerRI,,107,5,0.0544217687074829,0.02803738317757,0.2,0.9803921568627452,0.3699002719854941,6.796917497733454,1.0,2.0,100.0,4.0,,,,,,,,,,30.0,1.0,1.6,2.7254901960784315,8.0,139.0,24.0,168.0,0.8
CL,high,0.2,PerRI,,212,10,0.0381944444444444,0.080188679245283,0.2,0.9257425742574258,0.09662129843023,2.5297212679914773,2.0,15.0,187.0,8.0,,,,,,,,,,40.0,0.0,2.2,20.56930693069307,11.0,277.0,24.0,168.0,0.8
CL,high,0.2,PerRI,,170,8,0.0684210526315789,0.1176470588235294,0.25,0.8888888888888888,0.1418181818181818,2.0727272727272728,2.0,18.0,144.0,6.0,,,,,,,,,,40.0,1.0,3.25,19.666666666666668,13.0,177.0,24.0,168.0,0.8
CL,high,0.2,PerRI,,446,21,0.0348258706467661,0.1031390134529148,0.1904761904761904,0.9011764705882352,0.0650244798041615,1.8671314915194963,4.0,42.0,383.0,17.0,,,,,,,,,,50.0,0.0,4.0,57.51529411764706,21.0,582.0,24.0,168.0,0.8
CL,high,0.2,PerRI,,383,18,0.0687960687960688,0.0966057441253263,0.2222222222222222,0.9095890410958904,0.1536807440433674,2.233859386630377,4.0,33.0,332.0,14.0,,,,,,,,,,50.0,1.0,6.222222222222222,34.26575342465753,28.0,379.0,24.0,168.0,0.8
CL,high,0.2,PerRI,,786,37,0.0422993492407809,0.1094147582697201,0.1891891891891892,0.8945260347129506,0.0734080156927731,1.7354407812496635,7.0,79.0,670.0,30.0,,,,,,,,,,60.0,0.0,7.378378378378378,93.13351134846462,39.0,883.0,24.0,168.0,0.8
CL,high,0.2,PerRI,,489,23,0.0559845559845559,0.1411042944785276,0.217391304347826,0.8626609442060086,0.0858164693450921,1.532859693819233,5.0,64.0,402.0,18.0,,,,,,,,,,60.0,1.0,6.304347826086956,67.1587982832618,29.0,489.0,24.0,168.0,0.8
CL,high,0.2,PerRI,,702,33,0.0453938584779706,0.1552706552706552,0.2121212121212121,0.8475336322869955,0.0620527905867387,1.3669864749843328,7.0,102.0,567.0,26.0,,,,,,,,,,70.0,0.0,7.212121212121212,109.0134529147982,34.0,715.0,24.0,168.0,0.8
CL,high,0.2,PerRI,,553,26,0.0486486486486486,0.1338155515370705,0.1923076923076923,0.8690702087286527,0.0698611614362853,1.4360349850791996,5.0,69.0,458.0,21.0,,,,,,,,,,70.0,1.0,5.1923076923076925,69.13092979127134,27.0,528.0,24.0,168.0,0.8
CL,high,0.2,PerRI,,149,7,0.0452488687782805,0.0067114093959731,0.1428571428571428,1.0,1.0,22.1,1.0,0.0,142.0,6.0,,,,,,,,,,80.0,0.0,1.4285714285714286,0.0,10.0,211.0,24.0,168.0,0.8
CL,high,0.2,PerRI,,149,7,0.064516129032258,0.0134228187919463,0.1428571428571428,0.9929577464788732,0.5831622176591376,9.039014373716633,1.0,1.0,141.0,6.0,,,,,,,,,,80.0,1.0,1.7142857142857142,1.2253521126760565,12.0,174.0,24.0,168.0,0.8
CL,high,0.2,Cohen_m2,,107,5,0.0284090909090909,0.0093457943925233,0.2,1.0,1.0,35.2,1.0,0.0,102.0,4.0,,,,,,,,,,20.0,0.0,1.0,0.0,5.0,171.0,24.0,168.0,0.8
CL,high,0.2,Cohen_m2,,107,5,0.0294117647058823,0.0186915887850467,0.2,0.9901960784313726,0.3820224719101123,12.98876404494382,1.0,1.0,101.0,4.0,,,,,,,,,,30.0,0.0,1.0,1.6176470588235294,5.0,165.0,24.0,168.0,0.8
CL,high,0.2,Cohen_m2,,107,5,0.0544217687074829,0.0467289719626168,0.2,0.9607843137254902,0.2269187986651835,4.169632925472748,1.0,4.0,98.0,4.0,,,,,,,,,,30.0,1.0,1.6,5.450980392156863,8.0,139.0,24.0,168.0,0.8
CL,high,0.2,Cohen_m2,,212,10,0.0381944444444444,0.0283018867924528,0.2,0.9801980198019802,0.2862664261788198,7.494975521772738,2.0,4.0,198.0,8.0,,,,,,,,,,40.0,0.0,2.2,5.485148514851486,11.0,277.0,24.0,168.0,0.8
CL,high,0.2,Cohen_m2,,170,8,0.0684210526315789,0.1470588235294117,0.25,0.8580246913580247,0.1145187601957585,1.6737357259380097,2.0,23.0,139.0,6.0,,,,,,,,,,40.0,1.0,3.25,25.12962962962963,13.0,177.0,24.0,168.0,0.8
CL,high,0.2,Cohen_m2,,446,21,0.0348258706467661,0.0493273542600896,0.1904761904761904,0.9576470588235294,0.1396189224704336,4.009057630936737,4.0,18.0,407.0,17.0,,,,,,,,,,50.0,0.0,4.0,24.64941176470588,21.0,582.0,24.0,168.0,0.8
CL,high,0.2,Cohen_m2,,383,18,0.0687960687960688,0.0548302872062663,0.2222222222222222,0.9534246575342464,0.2606245298175373,3.788363701276346,4.0,17.0,348.0,14.0,,,,,,,,,,50.0,1.0,6.222222222222222,17.65205479452055,28.0,379.0,24.0,168.0,0.8
CL,high,0.2,Cohen_m2,,786,37,0.0422993492407809,0.0254452926208651,0.1891891891891892,0.9826435246995996,0.3249793388429752,7.682844882390337,7.0,13.0,736.0,30.0,,,,,,,,,,60.0,0.0,7.378378378378378,15.325767690253672,39.0,883.0,24.0,168.0,0.8
CL,high,0.2,Cohen_m2,,489,23,0.0559845559845559,0.1083844580777096,0.217391304347826,0.8969957081545065,0.1112398876570973,1.9869745450474627,5.0,48.0,418.0,18.0,,,,,,,,,,60.0,1.0,6.304347826086956,50.36909871244635,29.0,489.0,24.0,168.0,0.8
CL,high,0.2,Cohen_m2,,702,33,0.0453938584779706,0.0997150997150997,0.2121212121212121,0.905829596412556,0.0967499074865695,2.131343550218842,7.0,63.0,606.0,26.0,,,,,,,,,,70.0,0.0,7.212121212121212,67.33183856502242,34.0,715.0,24.0,168.0,0.8
CL,high,0.2,Cohen_m2,,553,26,0.0486486486486486,0.1012658227848101,0.1923076923076923,0.9032258064516128,0.0922436024598294,1.8961184950076044,5.0,51.0,476.0,21.0,,,,,,,,,,70.0,1.0,5.1923076923076925,51.096774193548384,27.0,528.0,24.0,168.0,0.8
CL,high,0.2,Cohen_m2,,149,7,0.0452488687782805,0.0201342281879194,0.1428571428571428,0.9859154929577464,0.3246456332876086,7.17466849565615,1.0,2.0,140.0,6.0,,,,,,,,,,80.0,0.0,1.4285714285714286,2.971830985915493,10.0,211.0,24.0,168.0,0.8
CL,high,0.2,Cohen_m2,,149,7,0.064516129032258,0.0268456375838926,0.1428571428571428,0.9788732394366196,0.3180291153415453,4.9294512877939525,1.0,3.0,139.0,6.0,,,,,,,,,,80.0,1.0,1.7142857142857142,3.676056338028169,12.0,174.0,24.0,168.0,0.8
CL,high,0.2,Cohen_m3,,107,5,0.0284090909090909,0.0093457943925233,0.2,1.0,1.0,35.2,1.0,0.0,102.0,4.0,,,,,,,,,,20.0,0.0,1.0,0.0,5.0,171.0,24.0,168.0,0.8
CL,high,0.2,Cohen_m3,,107,5,0.0294117647058823,0.02803738317757,0.2,0.9803921568627452,0.2361111111111111,8.027777777777779,1.0,2.0,100.0,4.0,,,,,,,,,,30.0,0.0,1.0,3.235294117647059,5.0,165.0,24.0,168.0,0.8
CL,high,0.2,Cohen_m3,,107,5,0.0544217687074829,0.02803738317757,0.2,0.9803921568627452,0.3699002719854941,6.796917497733454,1.0,2.0,100.0,4.0,,,,,,,,,,30.0,1.0,1.6,2.7254901960784315,8.0,139.0,24.0,168.0,0.8
CL,high,0.2,Cohen_m3,,212,10,0.0381944444444444,0.0188679245283018,0.2,0.99009900990099,0.4451121794871794,11.653846153846152,2.0,2.0,200.0,8.0,,,,,,,,,,40.0,0.0,2.2,2.742574257425743,11.0,277.0,24.0,168.0,0.8
CL,high,0.2,Cohen_m3,,170,8,0.0684210526315789,0.1352941176470588,0.25,0.8703703703703703,0.1240721102863202,1.813361611876988,2.0,21.0,141.0,6.0,,,,,,,,,,40.0,1.0,3.25,22.944444444444443,13.0,177.0,24.0,168.0,0.8
CL,high,0.2,Cohen_m3,,446,21,0.0348258706467661,0.0358744394618834,0.1904761904761904,0.971764705882353,0.1957623215108245,5.621175231953675,4.0,12.0,413.0,17.0,,,,,,,,,,50.0,0.0,4.0,16.43294117647059,21.0,582.0,24.0,168.0,0.8
CL,high,0.2,Cohen_m3,,383,18,0.0687960687960688,0.0731070496083551,0.2222222222222222,0.9342465753424658,0.1997966843916171,2.904187519549577,4.0,24.0,341.0,14.0,,,,,,,,,,50.0,1.0,6.222222222222222,24.92054794520548,28.0,379.0,24.0,168.0,0.8
CL,high,0.2,Cohen_m3,,786,37,0.0422993492407809,0.0407124681933842,0.1891891891891892,0.9666221628838452,0.2002218845103852,4.733450705604493,7.0,25.0,724.0,30.0,,,,,,,,,,60.0,0.0,7.378378378378378,29.472630173564752,39.0,883.0,24.0,168.0,0.8
CL,high,0.2,Cohen_m3,,489,23,0.0559845559845559,0.16359918200409,0.217391304347826,0.8390557939914163,0.0741635065498109,1.3247136687173129,5.0,75.0,391.0,18.0,,,,,,,,,,60.0,1.0,6.304347826086956,78.70171673819742,29.0,489.0,24.0,168.0,0.8
CL,high,0.2,Cohen_m3,,702,33,0.0453938584779706,0.0797720797720797,0.2121212121212121,0.9267563527653214,0.1210466657087663,2.6665868416431184,7.0,49.0,620.0,26.0,,,,,,,,,,70.0,0.0,7.212121212121212,52.369207772795214,34.0,715.0,24.0,168.0,0.8
CL,high,0.2,Cohen_m3,,553,26,0.0486486486486486,0.1247739602169981,0.1923076923076923,0.8785578747628083,0.0749102119850021,1.5398210241361556,5.0,64.0,463.0,21.0,,,,,,,,,,70.0,1.0,5.1923076923076925,64.1214421252372,27.0,528.0,24.0,168.0,0.8
CL,high,0.2,Cohen_m3,,149,7,0.0452488687782805,0.0268456375838926,0.1428571428571428,0.9788732394366196,0.2426935566569817,5.363527602119296,1.0,3.0,139.0,6.0,,,,,,,,,,80.0,0.0,1.4285714285714286,4.457746478873239,10.0,211.0,24.0,168.0,0.8
CL,high,0.2,Cohen_m3,,149,7,0.064516129032258,0.0201342281879194,0.1428571428571428,0.9859154929577464,0.4115942028985507,6.379710144927537,1.0,2.0,140.0,6.0,,,,,,,,,,80.0,1.0,1.7142857142857142,2.4507042253521125,12.0,174.0,24.0,168.0,0.8
CL,high,0.2,Cohen_m4,,107,5,0.0284090909090909,0.0093457943925233,0.2,1.0,1.0,35.2,1.0,0.0,102.0,4.0,,,,,,,,,,20.0,0.0,1.0,0.0,5.0,171.0,24.0,168.0,0.8
CL,high,0.2,Cohen_m4,,107,5,0.0294117647058823,0.0093457943925233,0.2,1.0,1.0,34.0,1.0,0.0,102.0,4.0,,,,,,,,,,30.0,0.0,1.0,0.0,5.0,165.0,24.0,168.0,0.8
CL,high,0.2,Cohen_m4,,107,5,0.0544217687074829,0.0373831775700934,0.2,0.9705882352941176,0.281282316442606,5.168562564632886,1.0,3.0,99.0,4.0,,,,,,,,,,30.0,1.0,1.6,4.088235294117647,8.0,139.0,24.0,168.0,0.8
CL,high,0.2,Cohen_m4,,212,10,0.0381944444444444,0.0754716981132075,0.2,0.9306930693069309,0.1028132518970942,2.6918378678511936,2.0,14.0,188.0,8.0,,,,,,,,,,40.0,0.0,2.2,19.1980198019802,11.0,277.0,24.0,168.0,0.8
CL,high,0.2,Cohen_m4,,170,8,0.0684210526315789,0.1411764705882353,0.25,0.8641975308641975,0.1191041737360027,1.7407533084492703,2.0,22.0,140.0,6.0,,,,,,,,,,40.0,1.0,3.25,24.03703703703704,13.0,177.0,24.0,168.0,0.8
CL,high,0.2,Cohen_m4,,446,21,0.0348258706467661,0.0672645739910313,0.1904761904761904,0.9388235294117648,0.1009980988593156,2.900088267246062,4.0,26.0,399.0,17.0,,,,,,,,,,50.0,0.0,4.0,35.60470588235294,21.0,582.0,24.0,168.0,0.8
CL,high,0.2,Cohen_m4,,383,18,0.0687960687960688,0.1227154046997389,0.2222222222222222,0.8821917808219178,0.122312447266221,1.7778987870482847,4.0,43.0,322.0,14.0,,,,,,,,,,50.0,1.0,6.222222222222222,44.64931506849315,28.0,379.0,24.0,168.0,0.8
CL,high,0.2,Cohen_m4,,786,37,0.0422993492407809,0.0279898218829516,0.1891891891891892,0.9799732977303072,0.2944055219122817,6.96004849238779,7.0,15.0,734.0,30.0,,,,,,,,,,60.0,0.0,7.378378378378378,17.683578104138853,39.0,883.0,24.0,168.0,0.8
CL,high,0.2,Cohen_m4,,489,23,0.0559845559845559,0.1717791411042944,0.217391304347826,0.8304721030042919,0.0706737804144619,1.2623799398169406,5.0,79.0,387.0,18.0,,,,,,,,,,60.0,1.0,6.304347826086956,82.89914163090128,29.0,489.0,24.0,168.0,0.8
CL,high,0.2,Cohen_m4,,702,33,0.0453938584779706,0.0769230769230769,0.2121212121212121,0.929745889387145,0.1255508848458468,2.7658121396923323,7.0,47.0,622.0,26.0,,,,,,,,,,70.0,0.0,7.212121212121212,50.23168908819133,34.0,715.0,24.0,168.0,0.8
CL,high,0.2,Cohen_m4,,553,26,0.0486486486486486,0.1410488245931284,0.1923076923076923,0.8614800759013282,0.0662868994278335,1.3625640437943556,5.0,73.0,454.0,21.0,,,,,,,,,,70.0,1.0,5.1923076923076925,73.13851992409867,27.0,528.0,24.0,168.0,0.8
CL,high,0.2,Cohen_m4,,149,7,0.0452488687782805,0.0268456375838926,0.1428571428571428,0.9788732394366196,0.2426935566569817,5.363527602119296,1.0,3.0,139.0,6.0,,,,,,,,,,80.0,0.0,1.4285714285714286,4.457746478873239,10.0,211.0,24.0,168.0,0.8
CL,high,0.2,Cohen_m4,,149,7,0.064516129032258,0.0201342281879194,0.1428571428571428,0.9859154929577464,0.4115942028985507,6.379710144927537,1.0,2.0,140.0,6.0,,,,,,,,,,80.0,1.0,1.7142857142857142,2.4507042253521125,12.0,174.0,24.0,168.0,0.8
CL,high,0.2,Gaussian_mle,,107,5,0.0284090909090909,0.102803738317757,0.2,0.9019607843137256,0.0562913907284768,1.981456953642384,1.0,10.0,92.0,4.0,,,,,,,,,,20.0,0.0,1.0,16.764705882352942,5.0,171.0,24.0,168.0,0.8
CL,high,0.2,Gaussian_mle,,107,5,0.0294117647058823,0.0747663551401869,0.2,0.931372549019608,0.0811455847255369,2.7589498806682573,1.0,7.0,95.0,4.0,,,,,,,,,,30.0,0.0,1.0,11.323529411764708,5.0,165.0,24.0,168.0,0.8
CL,high,0.2,Gaussian_mle,,107,5,0.0544217687074829,0.0186915887850467,0.2,0.9901960784313726,0.5400397088021178,9.923229649238916,1.0,1.0,101.0,4.0,,,,,,,,,,30.0,1.0,1.6,1.3627450980392155,8.0,139.0,24.0,168.0,0.8
CL,high,0.2,Gaussian_mle,,212,10,0.0381944444444444,0.0518867924528301,0.2,0.9554455445544554,0.1512902566895894,3.961053993327433,2.0,9.0,193.0,8.0,,,,,,,,,,40.0,0.0,2.2,12.34158415841584,11.0,277.0,24.0,168.0,0.8
CL,high,0.2,Gaussian_mle,,170,8,0.0684210526315789,0.2352941176470588,0.25,0.7654320987654321,0.0725956566701137,1.061013443640124,2.0,38.0,124.0,6.0,,,,,,,,,,40.0,1.0,3.25,41.51851851851852,13.0,177.0,24.0,168.0,0.8
CL,high,0.2,Gaussian_mle,,446,21,0.0348258706467661,0.0784753363228699,0.1904761904761904,0.9270588235294116,0.0861108297031709,2.47261096719105,4.0,31.0,394.0,17.0,,,,,,,,,,50.0,0.0,4.0,42.451764705882354,21.0,582.0,24.0,168.0,0.8
CL,high,0.2,Gaussian_mle,,383,18,0.0687960687960688,0.1018276762402088,0.2222222222222222,0.9041095890410958,0.1461827284105131,2.124870373681388,4.0,35.0,330.0,14.0,,,,,,,,,,50.0,1.0,6.222222222222222,36.342465753424655,28.0,379.0,24.0,168.0,0.8
CL,high,0.2,Gaussian_mle,,786,37,0.0422993492407809,0.0343511450381679,0.1891891891891892,0.973297730307076,0.2383467945452659,5.634762681300902,7.0,20.0,729.0,30.0,,,,,,,,,,60.0,0.0,7.378378378378378,23.578104138851803,39.0,883.0,24.0,168.0,0.8
CL,high,0.2,Gaussian_mle,,489,23,0.0559845559845559,0.1145194274028629,0.217391304347826,0.8905579399141631,0.1053859602880372,1.8824112906621835,5.0,51.0,415.0,18.0,,,,,,,,,,60.0,1.0,6.304347826086956,53.51716738197425,29.0,489.0,24.0,168.0,0.8
CL,high,0.2,Gaussian_mle,,702,33,0.0453938584779706,0.0997150997150997,0.2121212121212121,0.905829596412556,0.0967499074865695,2.131343550218842,7.0,63.0,606.0,26.0,,,,,,,,,,70.0,0.0,7.212121212121212,67.33183856502242,34.0,715.0,24.0,168.0,0.8
CL,high,0.2,Gaussian_mle,,553,26,0.0486486486486486,0.1012658227848101,0.1923076923076923,0.9032258064516128,0.0922436024598294,1.8961184950076044,5.0,51.0,476.0,21.0,,,,,,,,,,70.0,1.0,5.1923076923076925,51.096774193548384,27.0,528.0,24.0,168.0,0.8
CL,high,0.2,Gaussian_mle,,149,7,0.0452488687782805,0.0067114093959731,0.1428571428571428,1.0,1.0,22.1,1.0,0.0,142.0,6.0,,,,,,,,,,80.0,0.0,1.4285714285714286,0.0,10.0,211.0,24.0,168.0,0.8
CL,high,0.2,Gaussian_mle,,149,7,0.064516129032258,0.0134228187919463,0.1428571428571428,0.9929577464788732,0.5831622176591376,9.039014373716633,1.0,1.0,141.0,6.0,,,,,,,,,,80.0,1.0,1.7142857142857142,1.2253521126760565,12.0,174.0,24.0,168.0,0.8
CL,high,0.2,Gaussian_trunc,,107,5,0.0284090909090909,0.3177570093457944,0.2,0.6764705882352942,0.0177545691906005,0.6249608355091384,1.0,33.0,69.0,4.0,,,,,,,,,,20.0,0.0,1.0,55.3235294117647,5.0,171.0,24.0,168.0,0.8
CL,high,0.2,Gaussian_trunc,,107,5,0.0294117647058823,0.2803738317757009,0.2,0.7156862745098039,0.0208717004297114,0.7096378146101903,1.0,29.0,73.0,4.0,,,,,,,,,,30.0,0.0,1.0,46.91176470588236,5.0,165.0,24.0,168.0,0.8
CL,high,0.2,Gaussian_trunc,,107,5,0.0544217687074829,0.0467289719626168,0.2,0.9607843137254902,0.2269187986651835,4.169632925472748,1.0,4.0,98.0,4.0,,,,,,,,,,30.0,1.0,1.6,5.450980392156863,8.0,139.0,24.0,168.0,0.8
CL,high,0.2,Gaussian_trunc,,212,10,0.0381944444444444,0.1273584905660377,0.2,0.8762376237623762,0.0603034168317637,1.5788530952316335,2.0,25.0,177.0,8.0,,,,,,,,,,40.0,0.0,2.2,34.28217821782178,11.0,277.0,24.0,168.0,0.8
CL,high,0.2,Gaussian_trunc,,170,8,0.0684210526315789,0.2411764705882353,0.25,0.7592592592592593,0.0708661417322834,1.0357359176256813,2.0,39.0,123.0,6.0,,,,,,,,,,40.0,1.0,3.25,42.61111111111112,13.0,177.0,24.0,168.0,0.8
CL,high,0.2,Gaussian_trunc,,446,21,0.0348258706467661,0.1188340807174887,0.1904761904761904,0.8847058823529412,0.0562578595539082,1.6154042529050805,4.0,49.0,376.0,17.0,,,,,,,,,,50.0,0.0,4.0,67.10117647058823,21.0,582.0,24.0,168.0,0.8
CL,high,0.2,Gaussian_trunc,,383,18,0.0687960687960688,0.2428198433420365,0.2222222222222222,0.7561643835616438,0.0630827204577509,0.916952400939451,4.0,89.0,276.0,14.0,,,,,,,,,,50.0,1.0,6.222222222222222,92.413698630137,28.0,379.0,24.0,168.0,0.8
CL,high,0.2,Gaussian_trunc,,786,37,0.0422993492407809,0.0407124681933842,0.1891891891891892,0.9666221628838452,0.2002218845103852,4.733450705604493,7.0,25.0,724.0,30.0,,,,,,,,,,60.0,0.0,7.378378378378378,29.472630173564752,39.0,883.0,24.0,168.0,0.8
CL,high,0.2,Gaussian_trunc,,489,23,0.0559845559845559,0.1554192229038855,0.217391304347826,0.8476394849785408,0.0780157647958046,1.3935229711802353,5.0,71.0,395.0,18.0,,,,,,,,,,60.0,1.0,6.304347826086956,74.50429184549357,29.0,489.0,24.0,168.0,0.8
CL,high,0.2,Gaussian_trunc,,702,33,0.0453938584779706,0.1638176638176638,0.2121212121212121,0.8385650224215246,0.0588081472009786,1.2955088898097935,7.0,108.0,561.0,26.0,,,,,,,,,,70.0,0.0,7.212121212121212,115.42600896860986,34.0,715.0,24.0,168.0,0.8
CL,high,0.2,Gaussian_trunc,,553,26,0.0486486486486486,0.0922242314647378,0.1923076923076923,0.9127134724857684,0.1012548513946825,2.081349723112919,5.0,46.0,481.0,21.0,,,,,,,,,,70.0,1.0,5.1923076923076925,46.08728652751423,27.0,528.0,24.0,168.0,0.8
CL,high,0.2,Gaussian_trunc,,149,7,0.0452488687782805,0.0134228187919463,0.1428571428571428,0.9929577464788732,0.4901622367966862,10.832585433206766,1.0,1.0,141.0,6.0,,,,,,,,,,80.0,0.0,1.4285714285714286,1.4859154929577465,10.0,211.0,24.0,168.0,0.8
CL,high,0.2,Gaussian_trunc,,149,7,0.064516129032258,0.0134228187919463,0.1428571428571428,0.9929577464788732,0.5831622176591376,9.039014373716633,1.0,1.0,141.0,6.0,,,,,,,,,,80.0,1.0,1.7142857142857142,1.2253521126760565,12.0,174.0,24.0,168.0,0.8
CL,high,0.2,Gaussian_eb,,107,5,0.0284090909090909,0.0654205607476635,0.2,0.9411764705882352,0.0904255319148936,3.1829787234042555,1.0,6.0,96.0,4.0,,,,,,,,,,20.0,0.0,1.0,10.058823529411764,5.0,171.0,24.0,168.0,0.8
CL,high,0.2,Gaussian_eb,,107,5,0.0294117647058823,0.0373831775700934,0.2,0.9705882352941176,0.1708542713567839,5.809045226130654,1.0,3.0,99.0,4.0,,,,,,,,,,30.0,0.0,1.0,4.852941176470588,5.0,165.0,24.0,168.0,0.8
CL,high,0.2,Gaussian_eb,,107,5,0.0544217687074829,0.02803738317757,0.2,0.9803921568627452,0.3699002719854941,6.796917497733454,1.0,2.0,100.0,4.0,,,,,,,,,,30.0,1.0,1.6,2.7254901960784315,8.0,139.0,24.0,168.0,0.8
CL,high,0.2,Gaussian_eb,,212,10,0.0381944444444444,0.0330188679245283,0.2,0.9752475247524752,0.24292117634197,6.360118071498852,2.0,5.0,197.0,8.0,,,,,,,,,,40.0,0.0,2.2,6.856435643564357,11.0,277.0,24.0,168.0,0.8
CL,high,0.2,Gaussian_eb,,170,8,0.0684210526315789,0.2352941176470588,0.25,0.7654320987654321,0.0725956566701137,1.061013443640124,2.0,38.0,124.0,6.0,,,,,,,,,,40.0,1.0,3.25,41.51851851851852,13.0,177.0,24.0,168.0,0.8
CL,high,0.2,Gaussian_eb,,446,21,0.0348258706467661,0.0829596412556053,0.1904761904761904,0.9223529411764706,0.0813163685066488,2.334941438548059,4.0,33.0,392.0,17.0,,,,,,,,,,50.0,0.0,4.0,45.19058823529412,21.0,582.0,24.0,168.0,0.8
CL,high,0.2,Gaussian_eb,,383,18,0.0687960687960688,0.0887728459530026,0.2222222222222222,0.9178082191780822,0.1664901848985908,2.42005375906166,4.0,30.0,335.0,14.0,,,,,,,,,,50.0,1.0,6.222222222222222,31.15068493150685,28.0,379.0,24.0,168.0,0.8
CL,high,0.2,Gaussian_eb,,786,37,0.0422993492407809,0.0381679389312977,0.1891891891891892,0.9692923898531376,0.2139082131162975,5.057009551108369,7.0,23.0,726.0,30.0,,,,,,,,,,60.0,0.0,7.378378378378378,27.114819759679573,39.0,883.0,24.0,168.0,0.8
CL,high,0.2,Gaussian_eb,,489,23,0.0559845559845559,0.1206543967280163,0.217391304347826,0.8841201716738197,0.100117349327612,1.7883029983345875,5.0,54.0,412.0,18.0,,,,,,,,,,60.0,1.0,6.304347826086956,56.66523605150215,29.0,489.0,24.0,168.0,0.8
CL,high,0.2,Gaussian_eb,,702,33,0.0453938584779706,0.0982905982905982,0.2121212121212121,0.907324364723468,0.0981572172575013,2.1623457566431905,7.0,62.0,607.0,26.0,,,,,,,,,,70.0,0.0,7.212121212121212,66.26307922272048,34.0,715.0,24.0,168.0,0.8
CL,high,0.2,Gaussian_eb,,553,26,0.0486486486486486,0.1030741410488245,0.1923076923076923,0.9013282732447818,0.0906304577955951,1.862959410242789,5.0,52.0,475.0,21.0,,,,,,,,,,70.0,1.0,5.1923076923076925,52.09867172675522,27.0,528.0,24.0,168.0,0.8
CL,high,0.2,Gaussian_eb,,149,7,0.0452488687782805,0.0134228187919463,0.1428571428571428,0.9929577464788732,0.4901622367966862,10.832585433206766,1.0,1.0,141.0,6.0,,,,,,,,,,80.0,0.0,1.4285714285714286,1.4859154929577465,10.0,211.0,24.0,168.0,0.8
CL,high,0.2,Gaussian_eb,,149,7,0.064516129032258,0.0134228187919463,0.1428571428571428,0.9929577464788732,0.5831622176591376,9.039014373716633,1.0,1.0,141.0,6.0,,,,,,,,,,80.0,1.0,1.7142857142857142,1.2253521126760565,12.0,174.0,24.0,168.0,0.8
CL,high,0.2,NORMA_q_age_set,,107,5,0.0284090909090909,0.0934579439252336,0.2,0.9117647058823528,0.0621572212065813,2.187934186471664,1.0,9.0,93.0,4.0,,,,,,,,,,20.0,0.0,1.0,15.088235294117649,5.0,171.0,24.0,168.0,0.8
CL,high,0.2,NORMA_q_age_set,,107,5,0.0294117647058823,0.0467289719626168,0.2,0.9607843137254902,0.1338582677165354,4.551181102362205,1.0,4.0,98.0,4.0,,,,,,,,,,30.0,0.0,1.0,6.470588235294118,5.0,165.0,24.0,168.0,0.8
CL,high,0.2,NORMA_q_age_set,,107,5,0.0544217687074829,0.0467289719626168,0.2,0.9607843137254902,0.2269187986651835,4.169632925472748,1.0,4.0,98.0,4.0,,,,,,,,,,30.0,1.0,1.6,5.450980392156863,8.0,139.0,24.0,168.0,0.8
CL,high,0.2,NORMA_q_age_set,,212,10,0.0381944444444444,0.0235849056603773,0.2,0.9851485148514852,0.3484397051905285,9.122785008624746,2.0,3.0,199.0,8.0,,,,,,,,,,40.0,0.0,2.2,4.1138613861386135,11.0,277.0,24.0,168.0,0.8
CL,high,0.2,NORMA_q_age_set,,170,8,0.0684210526315789,0.2764705882352941,0.25,0.7222222222222222,0.0620031796502384,0.906200317965024,2.0,45.0,117.0,6.0,,,,,,,,,,40.0,1.0,3.25,49.16666666666666,13.0,177.0,24.0,168.0,0.8
CL,high,0.2,NORMA_q_age_set,,446,21,0.0348258706467661,0.0582959641255605,0.1904761904761904,0.9482352941176472,0.1172090457804743,3.365574028839335,4.0,22.0,403.0,17.0,,,,,,,,,,50.0,0.0,4.0,30.127058823529413,21.0,582.0,24.0,168.0,0.8
CL,high,0.2,NORMA_q_age_set,,383,18,0.0687960687960688,0.1174934725848564,0.2222222222222222,0.8876712328767123,0.1275180764983685,1.8535663262441435,4.0,41.0,324.0,14.0,,,,,,,,,,50.0,1.0,6.222222222222222,42.57260273972603,28.0,379.0,24.0,168.0,0.8
CL,high,0.2,NORMA_q_age_set,,786,37,0.0422993492407809,0.0419847328244274,0.1891891891891892,0.965287049399199,0.1940151225469033,4.586716486878074,7.0,26.0,723.0,30.0,,,,,,,,,,60.0,0.0,7.378378378378378,30.651535380507344,39.0,883.0,24.0,168.0,0.8
CL,high,0.2,NORMA_q_age_set,,489,23,0.0559845559845559,0.1165644171779141,0.217391304347826,0.8884120171673819,0.1035692060562771,1.8499603012810883,5.0,52.0,414.0,18.0,,,,,,,,,,60.0,1.0,6.304347826086956,54.566523605150216,29.0,489.0,24.0,168.0,0.8
CL,high,0.2,NORMA_q_age_set,,702,33,0.0453938584779706,0.0811965811965812,0.2121212121212121,0.9252615844544096,0.1189136143250195,2.6195969743952823,7.0,50.0,619.0,26.0,,,,,,,,,,70.0,0.0,7.212121212121212,53.43796711509716,34.0,715.0,24.0,168.0,0.8
CL,high,0.2,NORMA_q_age_set,,553,26,0.0486486486486486,0.1121157323688969,0.1923076923076923,0.8918406072106262,0.0833429978175837,1.7131616218058878,5.0,57.0,470.0,21.0,,,,,,,,,,70.0,1.0,5.1923076923076925,57.108159392789375,27.0,528.0,24.0,168.0,0.8
CL,high,0.2,NORMA_q_age_set,,149,7,0.0452488687782805,0.0067114093959731,0.1428571428571428,1.0,1.0,22.1,1.0,0.0,142.0,6.0,,,,,,,,,,80.0,0.0,1.4285714285714286,0.0,10.0,211.0,24.0,168.0,0.8
CL,high,0.2,NORMA_q_age_set,,149,7,0.064516129032258,0.0134228187919463,0.1428571428571428,0.9929577464788732,0.5831622176591376,9.039014373716633,1.0,1.0,141.0,6.0,,,,,,,,,,80.0,1.0,1.7142857142857142,1.2253521126760565,12.0,174.0,24.0,168.0,0.8
CL,high,0.2,NORMA_334f7e21,,107,5,0.0284090909090909,0.102803738317757,0.2,0.9019607843137256,0.0562913907284768,1.981456953642384,1.0,10.0,92.0,4.0,,,,,,,,,,20.0,0.0,1.0,16.764705882352942,5.0,171.0,24.0,168.0,0.8
CL,high,0.2,NORMA_334f7e21,,107,5,0.0294117647058823,0.0373831775700934,0.2,0.9705882352941176,0.1708542713567839,5.809045226130654,1.0,3.0,99.0,4.0,,,,,,,,,,30.0,0.0,1.0,4.852941176470588,5.0,165.0,24.0,168.0,0.8
CL,high,0.2,NORMA_334f7e21,,107,5,0.0544217687074829,0.0373831775700934,0.2,0.9705882352941176,0.281282316442606,5.168562564632886,1.0,3.0,99.0,4.0,,,,,,,,,,30.0,1.0,1.6,4.088235294117647,8.0,139.0,24.0,168.0,0.8
CL,high,0.2,NORMA_334f7e21,,212,10,0.0381944444444444,0.0330188679245283,0.2,0.9752475247524752,0.24292117634197,6.360118071498852,2.0,5.0,197.0,8.0,,,,,,,,,,40.0,0.0,2.2,6.856435643564357,11.0,277.0,24.0,168.0,0.8
CL,high,0.2,NORMA_334f7e21,,170,8,0.0684210526315789,0.3235294117647059,0.25,0.6728395061728395,0.0531415594246782,0.7766843300529901,2.0,53.0,109.0,6.0,,,,,,,,,,40.0,1.0,3.25,57.907407407407405,13.0,177.0,24.0,168.0,0.8
CL,high,0.2,NORMA_334f7e21,,446,21,0.0348258706467661,0.0515695067264574,0.1904761904761904,0.9552941176470588,0.1332497256623295,3.826170694018319,4.0,19.0,406.0,17.0,,,,,,,,,,50.0,0.0,4.0,26.018823529411765,21.0,582.0,24.0,168.0,0.8
CL,high,0.2,NORMA_334f7e21,,383,18,0.0687960687960688,0.1279373368146214,0.2222222222222222,0.8767123287671232,0.1175151637105815,1.7081668439359532,4.0,45.0,320.0,14.0,,,,,,,,,,50.0,1.0,6.222222222222222,46.72602739726028,28.0,379.0,24.0,168.0,0.8
CL,high,0.2,NORMA_334f7e21,,786,37,0.0422993492407809,0.0407124681933842,0.1891891891891892,0.9666221628838452,0.2002218845103852,4.733450705604493,7.0,25.0,724.0,30.0,,,,,,,,,,60.0,0.0,7.378378378378378,29.472630173564752,39.0,883.0,24.0,168.0,0.8
CL,high,0.2,NORMA_334f7e21,,489,23,0.0559845559845559,0.1063394683026584,0.217391304347826,0.8991416309012875,0.1133384436553451,2.024459097016164,5.0,47.0,419.0,18.0,,,,,,,,,,60.0,1.0,6.304347826086956,49.31974248927039,29.0,489.0,24.0,168.0,0.8
CL,high,0.2,NORMA_334f7e21,,702,33,0.0453938584779706,0.0911680911680911,0.2121212121212121,0.9147982062780268,0.1058560490168116,2.331946491576233,7.0,57.0,612.0,26.0,,,,,,,,,,70.0,0.0,7.212121212121212,60.91928251121076,34.0,715.0,24.0,168.0,0.8
CL,high,0.2,NORMA_334f7e21,,553,26,0.0486486486486486,0.1103074141048824,0.1923076923076923,0.8937381404174574,0.0847052016101667,1.741162477542317,5.0,56.0,471.0,21.0,,,,,,,,,,70.0,1.0,5.1923076923076925,56.10626185958255,27.0,528.0,24.0,168.0,0.8
CL,high,0.2,NORMA_334f7e21,,149,7,0.0452488687782805,0.0067114093959731,0.1428571428571428,1.0,1.0,22.1,1.0,0.0,142.0,6.0,,,,,,,,,,80.0,0.0,1.4285714285714286,0.0,10.0,211.0,24.0,168.0,0.8
CL,high,0.2,NORMA_334f7e21,,149,7,0.064516129032258,0.0134228187919463,0.1428571428571428,0.9929577464788732,0.5831622176591376,9.039014373716633,1.0,1.0,141.0,6.0,,,,,,,,,,80.0,1.0,1.7142857142857142,1.2253521126760565,12.0,174.0,24.0,168.0,0.8
CL,high,0.2,NORMA_q_age,,107,5,0.0284090909090909,0.1682242990654205,0.2,0.8333333333333334,0.0338983050847457,1.193220338983051,1.0,17.0,85.0,4.0,,,,,,,,,,20.0,0.0,1.0,28.5,5.0,171.0,24.0,168.0,0.8
CL,high,0.2,NORMA_q_age,,107,5,0.0294117647058823,0.0467289719626168,0.2,0.9607843137254902,0.1338582677165354,4.551181102362205,1.0,4.0,98.0,4.0,,,,,,,,,,30.0,0.0,1.0,6.470588235294118,5.0,165.0,24.0,168.0,0.8
CL,high,0.2,NORMA_q_age,,107,5,0.0544217687074829,0.0373831775700934,0.2,0.9705882352941176,0.281282316442606,5.168562564632886,1.0,3.0,99.0,4.0,,,,,,,,,,30.0,1.0,1.6,4.088235294117647,8.0,139.0,24.0,168.0,0.8
CL,high,0.2,NORMA_q_age,,212,10,0.0381944444444444,0.0283018867924528,0.2,0.9801980198019802,0.2862664261788198,7.494975521772738,2.0,4.0,198.0,8.0,,,,,,,,,,40.0,0.0,2.2,5.485148514851486,11.0,277.0,24.0,168.0,0.8
CL,high,0.2,NORMA_q_age,,170,8,0.0684210526315789,0.3,0.25,0.6975308641975309,0.0572313712701777,0.8364585031795205,2.0,49.0,113.0,6.0,,,,,,,,,,40.0,1.0,3.25,53.53703703703704,13.0,177.0,24.0,168.0,0.8
CL,high,0.2,NORMA_q_age,,446,21,0.0348258706467661,0.0493273542600896,0.1904761904761904,0.9576470588235294,0.1396189224704336,4.009057630936737,4.0,18.0,407.0,17.0,,,,,,,,,,50.0,0.0,4.0,24.64941176470588,21.0,582.0,24.0,168.0,0.8
CL,high,0.2,NORMA_q_age,,383,18,0.0687960687960688,0.1044386422976501,0.2222222222222222,0.9013698630136986,0.1427015554748806,2.074269038509872,4.0,36.0,329.0,14.0,,,,,,,,,,50.0,1.0,6.222222222222222,37.38082191780822,28.0,379.0,24.0,168.0,0.8
CL,high,0.2,NORMA_q_age,,786,37,0.0422993492407809,0.0394402035623409,0.1891891891891892,0.9679572763684912,0.2068388933228536,4.889883580606951,7.0,24.0,725.0,30.0,,,,,,,,,,60.0,0.0,7.378378378378378,28.293724966622165,39.0,883.0,24.0,168.0,0.8
CL,high,0.2,NORMA_q_age,,489,23,0.0559845559845559,0.0981595092024539,0.217391304347826,0.907725321888412,0.122589084364585,2.189694679339829,5.0,43.0,423.0,18.0,,,,,,,,,,60.0,1.0,6.304347826086956,45.122317596566525,29.0,489.0,24.0,168.0,0.8
CL,high,0.2,NORMA_q_age,,702,33,0.0453938584779706,0.0897435897435897,0.2121212121212121,0.9162929745889388,0.1075430484241581,2.369110096167484,7.0,56.0,613.0,26.0,,,,,,,,,,70.0,0.0,7.212121212121212,59.85052316890882,34.0,715.0,24.0,168.0,0.8
CL,high,0.2,NORMA_q_age,,553,26,0.0486486486486486,0.104882459312839,0.1923076923076923,0.8994307400379506,0.089072764354368,1.83094015617312,5.0,53.0,474.0,21.0,,,,,,,,,,70.0,1.0,5.1923076923076925,53.10056925996205,27.0,528.0,24.0,168.0,0.8
CL,high,0.2,NORMA_q_age,,149,7,0.0452488687782805,0.0067114093959731,0.1428571428571428,1.0,1.0,22.1,1.0,0.0,142.0,6.0,,,,,,,,,,80.0,0.0,1.4285714285714286,0.0,10.0,211.0,24.0,168.0,0.8
CL,high,0.2,NORMA_q_age,,149,7,0.064516129032258,0.0134228187919463,0.1428571428571428,0.9929577464788732,0.5831622176591376,9.039014373716633,1.0,1.0,141.0,6.0,,,,,,,,,,80.0,1.0,1.7142857142857142,1.2253521126760565,12.0,174.0,24.0,168.0,0.8
CL,high,0.2,NORMA_q_set,,107,5,0.0284090909090909,0.1401869158878504,0.2,0.8627450980392157,0.0408653846153846,1.4384615384615385,1.0,14.0,88.0,4.0,,,,,,,,,,20.0,0.0,1.0,23.47058823529412,5.0,171.0,24.0,168.0,0.8
CL,high,0.2,NORMA_q_set,,107,5,0.0294117647058823,0.0467289719626168,0.2,0.9607843137254902,0.1338582677165354,4.551181102362205,1.0,4.0,98.0,4.0,,,,,,,,,,30.0,0.0,1.0,6.470588235294118,5.0,165.0,24.0,168.0,0.8
CL,high,0.2,NORMA_q_set,,107,5,0.0544217687074829,0.0373831775700934,0.2,0.9705882352941176,0.281282316442606,5.168562564632886,1.0,3.0,99.0,4.0,,,,,,,,,,30.0,1.0,1.6,4.088235294117647,8.0,139.0,24.0,168.0,0.8
CL,high,0.2,NORMA_q_set,,212,10,0.0381944444444444,0.0377358490566037,0.2,0.9702970297029704,0.2109760729206228,5.523737181921762,2.0,6.0,196.0,8.0,,,,,,,,,,40.0,0.0,2.2,8.227722772277227,11.0,277.0,24.0,168.0,0.8
CL,high,0.2,NORMA_q_set,,170,8,0.0684210526315789,0.3058823529411765,0.25,0.691358024691358,0.056151015837466,0.8206686930091186,2.0,50.0,112.0,6.0,,,,,,,,,,40.0,1.0,3.25,54.629629629629626,13.0,177.0,24.0,168.0,0.8
CL,high,0.2,NORMA_q_set,,446,21,0.0348258706467661,0.0627802690582959,0.1904761904761904,0.9435294117647058,0.1085014041358182,3.1155403187570663,4.0,24.0,401.0,17.0,,,,,,,,,,50.0,0.0,4.0,32.86588235294118,21.0,582.0,24.0,168.0,0.8
CL,high,0.2,NORMA_q_set,,383,18,0.0687960687960688,0.1096605744125326,0.2222222222222222,0.8958904109589041,0.1362139972543949,1.979967745804956,4.0,38.0,327.0,14.0,,,,,,,,,,50.0,1.0,6.222222222222222,39.45753424657534,28.0,379.0,24.0,168.0,0.8
CL,high,0.2,NORMA_q_set,,786,37,0.0422993492407809,0.0407124681933842,0.1891891891891892,0.9666221628838452,0.2002218845103852,4.733450705604493,7.0,25.0,724.0,30.0,,,,,,,,,,60.0,0.0,7.378378378378378,29.472630173564752,39.0,883.0,24.0,168.0,0.8
CL,high,0.2,NORMA_q_set,,489,23,0.0559845559845559,0.130879345603272,0.217391304347826,0.8733905579399142,0.0924169416926647,1.650757786096564,5.0,59.0,407.0,18.0,,,,,,,,,,60.0,1.0,6.304347826086956,61.912017167381975,29.0,489.0,24.0,168.0,0.8
CL,high,0.2,NORMA_q_set,,702,33,0.0453938584779706,0.0925925925925925,0.2121212121212121,0.9133034379671152,0.1042211592085522,2.2959308308001662,7.0,58.0,611.0,26.0,,,,,,,,,,70.0,0.0,7.212121212121212,61.98804185351271,34.0,715.0,24.0,168.0,0.8
CL,high,0.2,NORMA_q_set,,553,26,0.0486486486486486,0.1193490054249547,0.1923076923076923,0.8842504743833017,0.0783058335617184,1.609619912101991,5.0,61.0,466.0,21.0,,,,,,,,,,70.0,1.0,5.1923076923076925,61.1157495256167,27.0,528.0,24.0,168.0,0.8
CL,high,0.2,NORMA_q_set,,149,7,0.0452488687782805,0.0067114093959731,0.1428571428571428,1.0,1.0,22.1,1.0,0.0,142.0,6.0,,,,,,,,,,80.0,0.0,1.4285714285714286,0.0,10.0,211.0,24.0,168.0,0.8
CL,high,0.2,NORMA_q_set,,149,7,0.064516129032258,0.0134228187919463,0.1428571428571428,0.9929577464788732,0.5831622176591376,9.039014373716633,1.0,1.0,141.0,6.0,,,,,,,,,,80.0,1.0,1.7142857142857142,1.2253521126760565,12.0,174.0,24.0,168.0,0.8
CL,high,0.2,NORMA_q_co,,107,5,0.0284090909090909,0.0747663551401869,0.2,0.931372549019608,0.0785219399538106,2.763972286374134,1.0,7.0,95.0,4.0,,,,,,,,,,20.0,0.0,1.0,11.735294117647058,5.0,171.0,24.0,168.0,0.8
CL,high,0.2,NORMA_q_co,,107,5,0.0294117647058823,0.0373831775700934,0.2,0.9705882352941176,0.1708542713567839,5.809045226130654,1.0,3.0,99.0,4.0,,,,,,,,,,30.0,0.0,1.0,4.852941176470588,5.0,165.0,24.0,168.0,0.8
CL,high,0.2,NORMA_q_co,,107,5,0.0544217687074829,0.02803738317757,0.2,0.9803921568627452,0.3699002719854941,6.796917497733454,1.0,2.0,100.0,4.0,,,,,,,,,,30.0,1.0,1.6,2.7254901960784315,8.0,139.0,24.0,168.0,0.8
CL,high,0.2,NORMA_q_co,,212,10,0.0381944444444444,0.0330188679245283,0.2,0.9752475247524752,0.24292117634197,6.360118071498852,2.0,5.0,197.0,8.0,,,,,,,,,,40.0,0.0,2.2,6.856435643564357,11.0,277.0,24.0,168.0,0.8
CL,high,0.2,NORMA_q_co,,170,8,0.0684210526315789,0.3058823529411765,0.25,0.691358024691358,0.056151015837466,0.8206686930091186,2.0,50.0,112.0,6.0,,,,,,,,,,40.0,1.0,3.25,54.629629629629626,13.0,177.0,24.0,168.0,0.8
CL,high,0.2,NORMA_q_co,,446,21,0.0348258706467661,0.0739910313901345,0.1904761904761904,0.9317647058823528,0.0915060824631284,2.6275317964412594,4.0,29.0,396.0,17.0,,,,,,,,,,50.0,0.0,4.0,39.712941176470586,21.0,582.0,24.0,168.0,0.8
CL,high,0.2,NORMA_q_co,,383,18,0.0687960687960688,0.1383812010443864,0.2222222222222222,0.8657534246575342,0.1089674217263126,1.5839193086646162,4.0,49.0,316.0,14.0,,,,,,,,,,50.0,1.0,6.222222222222222,50.87945205479452,28.0,379.0,24.0,168.0,0.8
CL,high,0.2,NORMA_q_co,,786,37,0.0422993492407809,0.0419847328244274,0.1891891891891892,0.965287049399199,0.1940151225469033,4.586716486878074,7.0,26.0,723.0,30.0,,,,,,,,,,60.0,0.0,7.378378378378378,30.651535380507344,39.0,883.0,24.0,168.0,0.8
CL,high,0.2,NORMA_q_co,,489,23,0.0559845559845559,0.0736196319018405,0.217391304347826,0.9334763948497854,0.1623393004298135,2.899715780091152,5.0,31.0,435.0,18.0,,,,,,,,,,60.0,1.0,6.304347826086956,32.53004291845494,29.0,489.0,24.0,168.0,0.8
CL,high,0.2,NORMA_q_co,,702,33,0.0453938584779706,0.0783475783475783,0.2121212121212121,0.9282511210762332,0.1232576394469035,2.715293292521493,7.0,48.0,621.0,26.0,,,,,,,,,,70.0,0.0,7.212121212121212,51.30044843049328,34.0,715.0,24.0,168.0,0.8
CL,high,0.2,NORMA_q_co,,553,26,0.0486486486486486,0.0886075949367088,0.1923076923076923,0.9165085388994308,0.1053723690232339,2.165987585477586,5.0,44.0,483.0,21.0,,,,,,,,,,70.0,1.0,5.1923076923076925,44.08349146110057,27.0,528.0,24.0,168.0,0.8
CL,high,0.2,NORMA_q_co,,149,7,0.0452488687782805,0.0067114093959731,0.1428571428571428,1.0,1.0,22.1,1.0,0.0,142.0,6.0,,,,,,,,,,80.0,0.0,1.4285714285714286,0.0,10.0,211.0,24.0,168.0,0.8
CL,high,0.2,NORMA_q_co,,149,7,0.064516129032258,0.0134228187919463,0.1428571428571428,0.9929577464788732,0.5831622176591376,9.039014373716633,1.0,1.0,141.0,6.0,,,,,,,,,,80.0,1.0,1.7142857142857142,1.2253521126760565,12.0,174.0,24.0,168.0,0.8
CL,high,0.2,NORMA_q_age_set_co,,107,5,0.0284090909090909,0.0747663551401869,0.2,0.931372549019608,0.0785219399538106,2.763972286374134,1.0,7.0,95.0,4.0,,,,,,,,,,20.0,0.0,1.0,11.735294117647058,5.0,171.0,24.0,168.0,0.8
CL,high,0.2,NORMA_q_age_set_co,,107,5,0.0294117647058823,0.0373831775700934,0.2,0.9705882352941176,0.1708542713567839,5.809045226130654,1.0,3.0,99.0,4.0,,,,,,,,,,30.0,0.0,1.0,4.852941176470588,5.0,165.0,24.0,168.0,0.8
CL,high,0.2,NORMA_q_age_set_co,,107,5,0.0544217687074829,0.02803738317757,0.2,0.9803921568627452,0.3699002719854941,6.796917497733454,1.0,2.0,100.0,4.0,,,,,,,,,,30.0,1.0,1.6,2.7254901960784315,8.0,139.0,24.0,168.0,0.8
CL,high,0.2,NORMA_q_age_set_co,,212,10,0.0381944444444444,0.0377358490566037,0.2,0.9702970297029704,0.2109760729206228,5.523737181921762,2.0,6.0,196.0,8.0,,,,,,,,,,40.0,0.0,2.2,8.227722772277227,11.0,277.0,24.0,168.0,0.8
CL,high,0.2,NORMA_q_age_set_co,,170,8,0.0684210526315789,0.2588235294117647,0.25,0.7407407407407407,0.0661390616167326,0.966647823629169,2.0,42.0,120.0,6.0,,,,,,,,,,40.0,1.0,3.25,45.888888888888886,13.0,177.0,24.0,168.0,0.8
CL,high,0.2,NORMA_q_age_set_co,,446,21,0.0348258706467661,0.0807174887892376,0.1904761904761904,0.9247058823529412,0.0836449517811454,2.401805044001462,4.0,32.0,393.0,17.0,,,,,,,,,,50.0,0.0,4.0,43.82117647058824,21.0,582.0,24.0,168.0,0.8
CL,high,0.2,NORMA_q_age_set_co,,383,18,0.0687960687960688,0.1227154046997389,0.2222222222222222,0.8821917808219178,0.122312447266221,1.7778987870482847,4.0,43.0,322.0,14.0,,,,,,,,,,50.0,1.0,6.222222222222222,44.64931506849315,28.0,379.0,24.0,168.0,0.8
CL,high,0.2,NORMA_q_age_set_co,,786,37,0.0422993492407809,0.0470737913486005,0.1891891891891892,0.959946595460614,0.1726116762774489,4.080717064815588,7.0,30.0,719.0,30.0,,,,,,,,,,60.0,0.0,7.378378378378378,35.367156208277706,39.0,883.0,24.0,168.0,0.8
CL,high,0.2,NORMA_q_age_set_co,,489,23,0.0559845559845559,0.1186094069529652,0.217391304347826,0.8862660944206009,0.1018140285477073,1.8186091995762896,5.0,53.0,413.0,18.0,,,,,,,,,,60.0,1.0,6.304347826086956,55.61587982832618,29.0,489.0,24.0,168.0,0.8
CL,high,0.2,NORMA_q_age_set_co,,702,33,0.0453938584779706,0.0897435897435897,0.2121212121212121,0.9162929745889388,0.1075430484241581,2.369110096167484,7.0,56.0,613.0,26.0,,,,,,,,,,70.0,0.0,7.212121212121212,59.85052316890882,34.0,715.0,24.0,168.0,0.8
CL,high,0.2,NORMA_q_age_set_co,,553,26,0.0486486486486486,0.1121157323688969,0.1923076923076923,0.8918406072106262,0.0833429978175837,1.7131616218058878,5.0,57.0,470.0,21.0,,,,,,,,,,70.0,1.0,5.1923076923076925,57.108159392789375,27.0,528.0,24.0,168.0,0.8
CL,high,0.2,NORMA_q_age_set_co,,149,7,0.0452488687782805,0.0067114093959731,0.1428571428571428,1.0,1.0,22.1,1.0,0.0,142.0,6.0,,,,,,,,,,80.0,0.0,1.4285714285714286,0.0,10.0,211.0,24.0,168.0,0.8
CL,high,0.2,NORMA_q_age_set_co,,149,7,0.064516129032258,0.0134228187919463,0.1428571428571428,0.9929577464788732,0.5831622176591376,9.039014373716633,1.0,1.0,141.0,6.0,,,,,,,,,,80.0,1.0,1.7142857142857142,1.2253521126760565,12.0,174.0,24.0,168.0,0.8
CL,low,0.2,PopRI,,143,14,0.0795454545454545,0.0629370629370629,0.2142857142857142,0.9534883720930232,0.2847682119205298,3.579943235572375,3.0,6.0,123.0,11.0,,,,,,,,,,20.0,0.0,3.0,7.534883720930233,14.0,162.0,24.0,168.0,0.8
CL,low,0.2,PopRI,,143,14,0.0823529411764705,0.1188811188811188,0.2142857142857142,0.8914728682170543,0.1505250875145857,1.8278046341056844,3.0,14.0,115.0,11.0,,,,,,,,,,30.0,0.0,3.0,16.930232558139537,14.0,156.0,24.0,168.0,0.8
CL,low,0.2,PopRI,,92,9,0.0680272108843537,0.0869565217391304,0.2222222222222222,0.927710843373494,0.1832634135570766,2.693972179289026,2.0,6.0,77.0,7.0,,,,,,,,,,30.0,1.0,2.2222222222222223,9.903614457831326,10.0,137.0,24.0,168.0,0.8
CL,low,0.2,PopRI,,236,23,0.0833333333333333,0.1228813559322034,0.217391304347826,0.8873239436619719,0.1492223623371164,1.790668348045397,5.0,24.0,189.0,18.0,,,,,,,,,,40.0,0.0,5.217391304347826,29.74647887323944,24.0,264.0,24.0,168.0,0.8
CL,low,0.2,PopRI,,113,11,0.0578947368421052,0.0619469026548672,0.1818181818181818,0.9509803921568628,0.1856232939035486,3.2062205310612955,2.0,5.0,97.0,9.0,,,,,,,,,,40.0,1.0,2.0,8.77450980392157,11.0,179.0,24.0,168.0,0.8
CL,low,0.2,PopRI,,585,57,0.1094527363184079,0.123076923076923,0.1929824561403508,0.884469696969697,0.1703318896393964,1.5562140826144857,11.0,61.0,467.0,46.0,,,,,,,,,,50.0,0.0,12.736842105263158,62.03977272727273,66.0,537.0,24.0,168.0,0.8
CL,low,0.2,PopRI,,370,36,0.0909090909090909,0.054054054054054,0.1944444444444444,0.9610778443113772,0.3331433456825307,3.664576802507837,7.0,13.0,321.0,29.0,,,,,,,,,,50.0,1.0,7.194444444444445,14.401197604790418,37.0,370.0,24.0,168.0,0.8
CL,low,0.2,PopRI,,892,87,0.1106290672451193,0.0650224215246636,0.1954022988505747,0.9490683229813665,0.3230574822776285,2.920186261372289,17.0,41.0,764.0,70.0,,,,,,,,,,60.0,0.0,19.93103448275862,41.7639751552795,102.0,820.0,24.0,168.0,0.8
CL,low,0.2,PopRI,,482,47,0.0926640926640926,0.0497925311203319,0.1914893617021276,0.9655172413793104,0.3618926569992489,3.905424923450228,9.0,15.0,420.0,38.0,,,,,,,,,,60.0,1.0,9.191489361702128,16.20689655172414,48.0,470.0,24.0,168.0,0.8
CL,low,0.2,PopRI,,728,71,0.1081441922563418,0.0645604395604395,0.1971830985915492,0.9497716894977168,0.322504655517665,2.982172678799149,14.0,33.0,624.0,57.0,,,,,,,,,,70.0,0.0,15.971830985915492,33.55251141552512,81.0,668.0,24.0,168.0,0.8
CL,low,0.2,PopRI,,533,52,0.0972972972972973,0.0694183864915572,0.1923076923076923,0.943866943866944,0.2696793002915452,2.771703919663103,10.0,27.0,454.0,42.0,,,,,,,,,,70.0,1.0,10.384615384615383,28.12266112266112,54.0,501.0,24.0,168.0,0.8
CL,low,0.2,PopRI,,205,20,0.1085972850678733,0.0634146341463414,0.2,0.9513513513513514,0.3337091319052988,3.0729049229612926,4.0,9.0,176.0,16.0,,,,,,,,,,80.0,0.0,4.8,9.583783783783783,24.0,197.0,24.0,168.0,0.8
CL,low,0.2,PopRI,,164,16,0.1075268817204301,0.048780487804878,0.1875,0.9662162162162162,0.4007220216606498,3.726714801444043,3.0,5.0,143.0,13.0,,,,,,,,,,80.0,1.0,3.75,5.608108108108108,20.0,166.0,24.0,168.0,0.8
CL,low,0.2,PerRI,,143,14,0.0795454545454545,0.2167832167832167,0.2142857142857142,0.7829457364341085,0.0786106032906764,0.9882475842256464,3.0,28.0,101.0,11.0,,,,,,,,,,20.0,0.0,3.0,35.16279069767442,14.0,162.0,24.0,168.0,0.8
CL,low,0.2,PerRI,,143,14,0.0823529411764705,0.0979020979020979,0.2142857142857142,0.9147286821705426,0.1840228245363765,2.2345628693702877,3.0,11.0,118.0,11.0,,,,,,,,,,30.0,0.0,3.0,13.30232558139535,14.0,156.0,24.0,168.0,0.8
CL,low,0.2,PerRI,,92,9,0.0680272108843537,0.1847826086956521,0.2222222222222222,0.8192771084337349,0.082361696849417,1.21071694368643,2.0,15.0,68.0,7.0,,,,,,,,,,30.0,1.0,2.2222222222222223,24.759036144578317,10.0,137.0,24.0,168.0,0.8
CL,low,0.2,PerRI,,236,23,0.0833333333333333,0.1144067796610169,0.217391304347826,0.8967136150234741,0.1606092595385311,1.9273111144623736,5.0,22.0,191.0,18.0,,,,,,,,,,40.0,0.0,5.217391304347826,27.267605633802816,24.0,264.0,24.0,168.0,0.8
CL,low,0.2,PerRI,,113,11,0.0578947368421052,0.2389380530973451,0.1818181818181818,0.7549019607843137,0.0435990596281256,0.7530746663039888,2.0,25.0,77.0,9.0,,,,,,,,,,40.0,1.0,2.0,43.872549019607845,11.0,179.0,24.0,168.0,0.8
CL,low,0.2,PerRI,,585,57,0.1094527363184079,0.1589743589743589,0.1929824561403508,0.8446969696969697,0.1324897192307931,1.2104742529722468,11.0,82.0,446.0,46.0,,,,,,,,,,50.0,0.0,12.736842105263158,83.39772727272727,66.0,537.0,24.0,168.0,0.8
CL,low,0.2,PerRI,,370,36,0.0909090909090909,0.1459459459459459,0.1944444444444444,0.8592814371257484,0.1214040918060027,1.3354450098660298,7.0,47.0,287.0,29.0,,,,,,,,,,50.0,1.0,7.194444444444445,52.06586826347306,37.0,370.0,24.0,168.0,0.8
CL,low,0.2,PerRI,,892,87,0.1106290672451193,0.108744394618834,0.1954022988505747,0.9006211180124224,0.196516435850977,1.7763544495549104,17.0,80.0,725.0,70.0,,,,,,,,,,60.0,0.0,19.93103448275862,81.49068322981367,102.0,820.0,24.0,168.0,0.8
CL,low,0.2,PerRI,,482,47,0.0926640926640926,0.2427385892116182,0.1914893617021276,0.7517241379310344,0.0730172052035249,0.7879773394880404,9.0,108.0,327.0,38.0,,,,,,,,,,60.0,1.0,9.191489361702128,116.6896551724138,48.0,470.0,24.0,168.0,0.8
CL,low,0.2,PerRI,,728,71,0.1081441922563418,0.125,0.1971830985915492,0.882800608828006,0.1694425782705184,1.5668208780817077,14.0,77.0,580.0,57.0,,,,,,,,,,70.0,0.0,15.971830985915492,78.28919330289193,81.0,668.0,24.0,168.0,0.8
CL,low,0.2,PerRI,,533,52,0.0972972972972973,0.1913696060037523,0.1923076923076923,0.8087318087318087,0.0977743848728639,1.0049034000822126,10.0,92.0,389.0,42.0,,,,,,,,,,70.0,1.0,10.384615384615383,95.82536382536382,54.0,501.0,24.0,168.0,0.8
CL,low,0.2,PerRI,,205,20,0.1085972850678733,0.1317073170731707,0.2,0.8756756756756757,0.1638678723011625,1.5089499907732054,4.0,23.0,162.0,16.0,,,,,,,,,,80.0,0.0,4.8,24.491891891891893,24.0,197.0,24.0,168.0,0.8
CL,low,0.2,PerRI,,164,16,0.1075268817204301,0.2073170731707317,0.1875,0.7905405405405406,0.0973513418698473,0.9053674793895806,3.0,31.0,117.0,13.0,,,,,,,,,,80.0,1.0,3.75,34.770270270270274,20.0,166.0,24.0,168.0,0.8
CL,low,0.2,Cohen_m2,,143,14,0.0795454545454545,0.1188811188811188,0.2142857142857142,0.8914728682170543,0.1457627118644067,1.8324455205811137,3.0,14.0,115.0,11.0,,,,,,,,,,20.0,0.0,3.0,17.58139534883721,14.0,162.0,24.0,168.0,0.8
CL,low,0.2,Cohen_m2,,143,14,0.0823529411764705,0.2307692307692307,0.2142857142857142,0.7674418604651163,0.0763765541740675,0.927429586399391,3.0,30.0,99.0,11.0,,,,,,,,,,30.0,0.0,3.0,36.27906976744186,14.0,156.0,24.0,168.0,0.8
CL,low,0.2,Cohen_m2,,92,9,0.0680272108843537,0.0978260869565217,0.2222222222222222,0.9156626506024096,0.1613059955300748,2.3711981342921,2.0,7.0,76.0,7.0,,,,,,,,,,30.0,1.0,2.2222222222222223,11.55421686746988,10.0,137.0,24.0,168.0,0.8
CL,low,0.2,Cohen_m2,,236,23,0.0833333333333333,0.1313559322033898,0.217391304347826,0.8779342723004695,0.1393431898469187,1.6721182781630248,5.0,26.0,187.0,18.0,,,,,,,,,,40.0,0.0,5.217391304347826,32.225352112676056,24.0,264.0,24.0,168.0,0.8
CL,low,0.2,Cohen_m2,,113,11,0.0578947368421052,0.1946902654867256,0.1818181818181818,0.803921568627451,0.0539112050739957,0.9311935421871996,2.0,20.0,82.0,9.0,,,,,,,,,,40.0,1.0,2.0,35.09803921568628,11.0,179.0,24.0,168.0,0.8
CL,low,0.2,Cohen_m2,,585,57,0.1094527363184079,0.1333333333333333,0.1929824561403508,0.8731060606060606,0.157480431414743,1.4387984870165162,11.0,67.0,461.0,46.0,,,,,,,,,,50.0,0.0,12.736842105263158,68.14204545454545,66.0,537.0,24.0,168.0,0.8
CL,low,0.2,Cohen_m2,,370,36,0.0909090909090909,0.1,0.1944444444444444,0.9101796407185628,0.1779570710914903,1.9575277820063937,7.0,30.0,304.0,29.0,,,,,,,,,,50.0,1.0,7.194444444444445,33.23353293413174,37.0,370.0,24.0,168.0,0.8
CL,low,0.2,Cohen_m2,,892,87,0.1106290672451193,0.0964125560538116,0.1954022988505747,0.9142857142857144,0.2209238833679152,1.99697863201194,17.0,69.0,736.0,70.0,,,,,,,,,,60.0,0.0,19.93103448275862,70.28571428571429,102.0,820.0,24.0,168.0,0.8
CL,low,0.2,Cohen_m2,,482,47,0.0926640926640926,0.1576763485477178,0.1914893617021276,0.8459770114942529,0.1126652477592254,1.2158457987349742,9.0,67.0,368.0,38.0,,,,,,,,,,60.0,1.0,9.191489361702128,72.39080459770115,48.0,470.0,24.0,168.0,0.8
CL,low,0.2,Cohen_m2,,728,71,0.1081441922563418,0.0947802197802197,0.1971830985915492,0.9162861491628614,0.2221621205768883,2.054313929778881,14.0,55.0,602.0,57.0,,,,,,,,,,70.0,0.0,15.971830985915492,55.92085235920853,81.0,668.0,24.0,168.0,0.8
CL,low,0.2,Cohen_m2,,533,52,0.0972972972972973,0.1350844277673546,0.1923076923076923,0.8711018711018711,0.1385306597886679,1.4237873367168647,10.0,62.0,419.0,42.0,,,,,,,,,,70.0,1.0,10.384615384615383,64.57796257796258,54.0,501.0,24.0,168.0,0.8
CL,low,0.2,Cohen_m2,,205,20,0.1085972850678733,0.0682926829268292,0.2,0.945945945945946,0.3107067879636109,2.8610916724982505,4.0,10.0,175.0,16.0,,,,,,,,,,80.0,0.0,4.8,10.64864864864865,24.0,197.0,24.0,168.0,0.8
CL,low,0.2,Cohen_m2,,164,16,0.1075268817204301,0.0304878048780487,0.1875,0.9864864864864864,0.6257046223224351,5.819052987598646,3.0,2.0,146.0,13.0,,,,,,,,,,80.0,1.0,3.75,2.2432432432432434,20.0,166.0,24.0,168.0,0.8
CL,low,0.2,Cohen_m3,,143,14,0.0795454545454545,0.1888111888111888,0.2142857142857142,0.813953488372093,0.0905263157894736,1.138045112781955,3.0,24.0,105.0,11.0,,,,,,,,,,20.0,0.0,3.0,30.13953488372093,14.0,162.0,24.0,168.0,0.8
CL,low,0.2,Cohen_m3,,143,14,0.0823529411764705,0.2447552447552447,0.2142857142857142,0.751937984496124,0.0719464584495259,0.8736355668871006,3.0,32.0,97.0,11.0,,,,,,,,,,30.0,0.0,3.0,38.69767441860465,14.0,156.0,24.0,168.0,0.8
CL,low,0.2,Cohen_m3,,92,9,0.0680272108843537,0.0543478260869565,0.2222222222222222,0.963855421686747,0.3097592834484045,4.553461466691546,2.0,3.0,80.0,7.0,,,,,,,,,,30.0,1.0,2.2222222222222223,4.951807228915663,10.0,137.0,24.0,168.0,0.8
CL,low,0.2,Cohen_m3,,236,23,0.0833333333333333,0.1228813559322034,0.217391304347826,0.8873239436619719,0.1492223623371164,1.790668348045397,5.0,24.0,189.0,18.0,,,,,,,,,,40.0,0.0,5.217391304347826,29.74647887323944,24.0,264.0,24.0,168.0,0.8
CL,low,0.2,Cohen_m3,,113,11,0.0578947368421052,0.2123893805309734,0.1818181818181818,0.7843137254901961,0.0492515692901979,0.8507089241034195,2.0,22.0,80.0,9.0,,,,,,,,,,40.0,1.0,2.0,38.6078431372549,11.0,179.0,24.0,168.0,0.8
CL,low,0.2,Cohen_m3,,585,57,0.1094527363184079,0.2,0.1929824561403508,0.7992424242424242,0.1056616505167478,0.9653632615393776,11.0,106.0,422.0,46.0,,,,,,,,,,50.0,0.0,12.736842105263158,107.8068181818182,66.0,537.0,24.0,168.0,0.8
CL,low,0.2,Cohen_m3,,370,36,0.0909090909090909,0.0972972972972973,0.1944444444444444,0.9131736526946108,0.1829707309438096,2.0126780403819065,7.0,29.0,305.0,29.0,,,,,,,,,,50.0,1.0,7.194444444444445,32.125748502994014,37.0,370.0,24.0,168.0,0.8
CL,low,0.2,Cohen_m3,,892,87,0.1106290672451193,0.1065022421524663,0.1954022988505747,0.9031055900621118,0.2005447970587855,1.812767675374512,17.0,78.0,727.0,70.0,,,,,,,,,,60.0,0.0,19.93103448275862,79.45341614906832,102.0,820.0,24.0,168.0,0.8
CL,low,0.2,Cohen_m3,,482,47,0.0926640926640926,0.1887966804979253,0.1914893617021276,0.8114942528735632,0.0939928975141299,1.0143400190066525,9.0,82.0,353.0,38.0,,,,,,,,,,60.0,1.0,9.191489361702128,88.59770114942529,48.0,470.0,24.0,168.0,0.8
CL,low,0.2,Cohen_m3,,728,71,0.1081441922563418,0.0769230769230769,0.1971830985915492,0.9360730593607306,0.2722083263001212,2.5170868691208743,14.0,42.0,615.0,57.0,,,,,,,,,,70.0,0.0,15.971830985915492,42.70319634703196,81.0,668.0,24.0,168.0,0.8
CL,low,0.2,Cohen_m3,,533,52,0.0972972972972973,0.1538461538461538,0.1923076923076923,0.8503118503118503,0.1216305062458908,1.250091314193878,10.0,72.0,409.0,42.0,,,,,,,,,,70.0,1.0,10.384615384615383,74.993762993763,54.0,501.0,24.0,168.0,0.8
CL,low,0.2,Cohen_m3,,205,20,0.1085972850678733,0.0780487804878048,0.2,0.9351351351351352,0.2730627306273062,2.514452644526445,4.0,12.0,173.0,16.0,,,,,,,,,,80.0,0.0,4.8,12.778378378378378,24.0,197.0,24.0,168.0,0.8
CL,low,0.2,Cohen_m3,,164,16,0.1075268817204301,0.0670731707317073,0.1875,0.945945945945946,0.2947424322889007,2.741104620286776,3.0,8.0,140.0,13.0,,,,,,,,,,80.0,1.0,3.75,8.972972972972974,20.0,166.0,24.0,168.0,0.8
CL,low,0.2,Cohen_m4,,143,14,0.0795454545454545,0.1678321678321678,0.2142857142857142,0.8372093023255814,0.1021377672209026,1.2840176450627756,3.0,21.0,108.0,11.0,,,,,,,,,,20.0,0.0,3.0,26.37209302325581,14.0,162.0,24.0,168.0,0.8
CL,low,0.2,Cohen_m4,,143,14,0.0823529411764705,0.2517482517482518,0.2142857142857142,0.7441860465116279,0.0699186991869918,0.8490127758420442,3.0,33.0,96.0,11.0,,,,,,,,,,30.0,0.0,3.0,39.906976744186046,14.0,156.0,24.0,168.0,0.8
CL,low,0.2,Cohen_m4,,92,9,0.0680272108843537,0.0652173913043478,0.2222222222222222,0.9518072289156626,0.2518203883495146,3.701759708737864,2.0,4.0,79.0,7.0,,,,,,,,,,30.0,1.0,2.2222222222222223,6.602409638554217,10.0,137.0,24.0,168.0,0.8
CL,low,0.2,Cohen_m4,,236,23,0.0833333333333333,0.1567796610169491,0.217391304347826,0.8497652582159625,0.1162536840956227,1.395044209147473,5.0,32.0,181.0,18.0,,,,,,,,,,40.0,0.0,5.217391304347826,39.66197183098591,24.0,264.0,24.0,168.0,0.8
CL,low,0.2,Cohen_m4,,113,11,0.0578947368421052,0.1946902654867256,0.1818181818181818,0.803921568627451,0.0539112050739957,0.9311935421871996,2.0,20.0,82.0,9.0,,,,,,,,,,40.0,1.0,2.0,35.09803921568628,11.0,179.0,24.0,168.0,0.8
CL,low,0.2,Cohen_m4,,585,57,0.1094527363184079,0.2085470085470085,0.1929824561403508,0.7897727272727273,0.1013846604285139,0.92628712482415,11.0,111.0,417.0,46.0,,,,,,,,,,50.0,0.0,12.736842105263158,112.89204545454544,66.0,537.0,24.0,168.0,0.8
CL,low,0.2,Cohen_m4,,370,36,0.0909090909090909,0.1243243243243243,0.1944444444444444,0.8832335329341318,0.1427524728294053,1.5702772011234585,7.0,39.0,295.0,29.0,,,,,,,,,,50.0,1.0,7.194444444444445,43.203592814371255,37.0,370.0,24.0,168.0,0.8
CL,low,0.2,Cohen_m4,,892,87,0.1106290672451193,0.0863228699551569,0.1954022988505747,0.9254658385093169,0.2459132493697445,2.22286290116573,17.0,60.0,745.0,70.0,,,,,,,,,,60.0,0.0,19.93103448275862,61.11801242236025,102.0,820.0,24.0,168.0,0.8
CL,low,0.2,Cohen_m4,,482,47,0.0926640926640926,0.2012448132780083,0.1914893617021276,0.7977011494252874,0.0881492044431101,0.9512768312818974,9.0,88.0,347.0,38.0,,,,,,,,,,60.0,1.0,9.191489361702128,95.08045977011494,48.0,470.0,24.0,168.0,0.8
CL,low,0.2,Cohen_m4,,728,71,0.1081441922563418,0.0906593406593406,0.1971830985915492,0.9208523592085236,0.2320055404456894,2.14533518263977,14.0,52.0,605.0,57.0,,,,,,,,,,70.0,0.0,15.971830985915492,52.87062404870624,81.0,668.0,24.0,168.0,0.8
CL,low,0.2,Cohen_m4,,533,52,0.0972972972972973,0.1444652908067542,0.1923076923076923,0.8607068607068608,0.1295316632954722,1.3312976505367975,10.0,67.0,414.0,42.0,,,,,,,,,,70.0,1.0,10.384615384615383,69.78586278586279,54.0,501.0,24.0,168.0,0.8
CL,low,0.2,Cohen_m4,,205,20,0.1085972850678733,0.1073170731707317,0.2,0.9027027027027028,0.2002706359945872,1.8441587731168243,4.0,18.0,167.0,16.0,,,,,,,,,,80.0,0.0,4.8,19.167567567567566,24.0,197.0,24.0,168.0,0.8
CL,low,0.2,Cohen_m4,,164,16,0.1075268817204301,0.0426829268292682,0.1875,0.972972972972973,0.4552912223133715,4.234208367514356,3.0,4.0,144.0,13.0,,,,,,,,,,80.0,1.0,3.75,4.486486486486487,20.0,166.0,24.0,168.0,0.8
CL,low,0.2,Gaussian_mle,,143,14,0.0795454545454545,0.1188811188811188,0.2142857142857142,0.8914728682170543,0.1457627118644067,1.8324455205811137,3.0,14.0,115.0,11.0,,,,,,,,,,20.0,0.0,3.0,17.58139534883721,14.0,162.0,24.0,168.0,0.8
CL,low,0.2,Gaussian_mle,,143,14,0.0823529411764705,0.2167832167832167,0.2142857142857142,0.7829457364341085,0.0813880126182965,0.9882830103650292,3.0,28.0,101.0,11.0,,,,,,,,,,30.0,0.0,3.0,33.86046511627907,14.0,156.0,24.0,168.0,0.8
CL,low,0.2,Gaussian_mle,,92,9,0.0680272108843537,0.217391304347826,0.2222222222222222,0.7831325301204819,0.0695900058690366,1.0229730862748383,2.0,18.0,65.0,7.0,,,,,,,,,,30.0,1.0,2.2222222222222223,29.710843373493976,10.0,137.0,24.0,168.0,0.8
CL,low,0.2,Gaussian_mle,,236,23,0.0833333333333333,0.1567796610169491,0.217391304347826,0.8497652582159625,0.1162536840956227,1.395044209147473,5.0,32.0,181.0,18.0,,,,,,,,,,40.0,0.0,5.217391304347826,39.66197183098591,24.0,264.0,24.0,168.0,0.8
CL,low,0.2,Gaussian_mle,,113,11,0.0578947368421052,0.168141592920354,0.1818181818181818,0.8333333333333334,0.06282722513089,1.085197524988101,2.0,17.0,85.0,9.0,,,,,,,,,,40.0,1.0,2.0,29.83333333333333,11.0,179.0,24.0,168.0,0.8
CL,low,0.2,Gaussian_mle,,585,57,0.1094527363184079,0.1435897435897435,0.1929824561403508,0.8617424242424242,0.1464321936293469,1.3378577690681244,11.0,73.0,455.0,46.0,,,,,,,,,,50.0,0.0,12.736842105263158,74.24431818181819,66.0,537.0,24.0,168.0,0.8
CL,low,0.2,Gaussian_mle,,370,36,0.0909090909090909,0.1621621621621621,0.1944444444444444,0.8413173652694611,0.1091605191894668,1.2007657110841348,7.0,53.0,281.0,29.0,,,,,,,,,,50.0,1.0,7.194444444444445,58.71257485029941,37.0,370.0,24.0,168.0,0.8
CL,low,0.2,Gaussian_mle,,892,87,0.1106290672451193,0.085201793721973,0.1954022988505747,0.9267080745341616,0.2490432529933469,2.2511556790182925,17.0,59.0,746.0,70.0,,,,,,,,,,60.0,0.0,19.93103448275862,60.099378881987576,102.0,820.0,24.0,168.0,0.8
CL,low,0.2,Gaussian_mle,,482,47,0.0926640926640926,0.1991701244813278,0.1914893617021276,0.8,0.0890721649484536,0.961237113402062,9.0,87.0,348.0,38.0,,,,,,,,,,60.0,1.0,9.191489361702128,94.0,48.0,470.0,24.0,168.0,0.8
CL,low,0.2,Gaussian_mle,,728,71,0.1081441922563418,0.0673076923076923,0.1971830985915492,0.9467275494672754,0.3097847916314971,2.864553196691251,14.0,35.0,622.0,57.0,,,,,,,,,,70.0,0.0,15.971830985915492,35.58599695585997,81.0,668.0,24.0,168.0,0.8
CL,low,0.2,Gaussian_mle,,533,52,0.0972972972972973,0.1519699812382739,0.1923076923076923,0.8523908523908524,0.1231326726815559,1.265530247004881,10.0,71.0,410.0,42.0,,,,,,,,,,70.0,1.0,10.384615384615383,73.95218295218295,54.0,501.0,24.0,168.0,0.8
CL,low,0.2,Gaussian_mle,,205,20,0.1085972850678733,0.0975609756097561,0.2,0.9135135135135136,0.2198019801980197,2.024009900990099,4.0,16.0,169.0,16.0,,,,,,,,,,80.0,0.0,4.8,17.037837837837838,24.0,197.0,24.0,168.0,0.8
CL,low,0.2,Gaussian_mle,,164,16,0.1075268817204301,0.0792682926829268,0.1875,0.9324324324324323,0.2505643340857788,2.3302483069977424,3.0,10.0,138.0,13.0,,,,,,,,,,80.0,1.0,3.75,11.216216216216216,20.0,166.0,24.0,168.0,0.8
CL,low,0.2,Gaussian_trunc,,143,14,0.0795454545454545,0.1678321678321678,0.2142857142857142,0.8372093023255814,0.1021377672209026,1.2840176450627756,3.0,21.0,108.0,11.0,,,,,,,,,,20.0,0.0,3.0,26.37209302325581,14.0,162.0,24.0,168.0,0.8
CL,low,0.2,Gaussian_trunc,,143,14,0.0823529411764705,0.2447552447552447,0.2142857142857142,0.751937984496124,0.0719464584495259,0.8736355668871006,3.0,32.0,97.0,11.0,,,,,,,,,,30.0,0.0,3.0,38.69767441860465,14.0,156.0,24.0,168.0,0.8
CL,low,0.2,Gaussian_trunc,,92,9,0.0680272108843537,0.1521739130434782,0.2222222222222222,0.8554216867469879,0.1008750607681089,1.4828633932912008,2.0,12.0,71.0,7.0,,,,,,,,,,30.0,1.0,2.2222222222222223,19.80722891566265,10.0,137.0,24.0,168.0,0.8
CL,low,0.2,Gaussian_trunc,,236,23,0.0833333333333333,0.1271186440677966,0.217391304347826,0.8826291079812206,0.1441136671177266,1.72936400541272,5.0,25.0,188.0,18.0,,,,,,,,,,40.0,0.0,5.217391304347826,30.985915492957748,24.0,264.0,24.0,168.0,0.8
CL,low,0.2,Gaussian_trunc,,113,11,0.0578947368421052,0.3097345132743362,0.1818181818181818,0.6764705882352942,0.0333824251350024,0.5766055250591333,2.0,33.0,69.0,9.0,,,,,,,,,,40.0,1.0,2.0,57.91176470588236,11.0,179.0,24.0,168.0,0.8
CL,low,0.2,Gaussian_trunc,,585,57,0.1094527363184079,0.1829059829059829,0.1929824561403508,0.8181818181818182,0.1153979538754985,1.0543176694988727,11.0,96.0,432.0,46.0,,,,,,,,,,50.0,0.0,12.736842105263158,97.63636363636364,66.0,537.0,24.0,168.0,0.8
CL,low,0.2,Gaussian_trunc,,370,36,0.0909090909090909,0.2567567567567567,0.1944444444444444,0.7365269461077845,0.0687283203010171,0.7560115233111881,7.0,88.0,246.0,29.0,,,,,,,,,,50.0,1.0,7.194444444444445,97.48502994011976,37.0,370.0,24.0,168.0,0.8
CL,low,0.2,Gaussian_trunc,,892,87,0.1106290672451193,0.179372197309417,0.1954022988505747,0.822360248447205,0.1203596640307514,1.0879569631014987,17.0,143.0,662.0,70.0,,,,,,,,,,60.0,0.0,19.93103448275862,145.66459627329192,102.0,820.0,24.0,168.0,0.8
CL,low,0.2,Gaussian_trunc,,482,47,0.0926640926640926,0.2842323651452282,0.1914893617021276,0.7057471264367816,0.0623192635237312,0.6725287188602659,9.0,128.0,307.0,38.0,,,,,,,,,,60.0,1.0,9.191489361702128,138.29885057471265,48.0,470.0,24.0,168.0,0.8
CL,low,0.2,Gaussian_trunc,,728,71,0.1081441922563418,0.173076923076923,0.1971830985915492,0.8295281582952816,0.1230049856578548,1.1374164723176952,14.0,112.0,545.0,57.0,,,,,,,,,,70.0,0.0,15.971830985915492,113.8751902587519,81.0,668.0,24.0,168.0,0.8
CL,low,0.2,Gaussian_trunc,,533,52,0.0972972972972973,0.1632270168855534,0.1923076923076923,0.83991683991684,0.1146378408152024,1.1782222528229136,10.0,77.0,404.0,42.0,,,,,,,,,,70.0,1.0,10.384615384615383,80.20166320166321,54.0,501.0,24.0,168.0,0.8
CL,low,0.2,Gaussian_trunc,,205,20,0.1085972850678733,0.1609756097560975,0.2,0.8432432432432433,0.1345250719587941,1.2387517042872291,4.0,29.0,156.0,16.0,,,,,,,,,,80.0,0.0,4.8,30.88108108108108,24.0,197.0,24.0,168.0,0.8
CL,low,0.2,Gaussian_trunc,,164,16,0.1075268817204301,0.1280487804878048,0.1875,0.8783783783783784,0.1566469093988145,1.4568162574089754,3.0,18.0,130.0,13.0,,,,,,,,,,80.0,1.0,3.75,20.18918918918919,20.0,166.0,24.0,168.0,0.8
CL,low,0.2,Gaussian_eb,,143,14,0.0795454545454545,0.1398601398601398,0.2142857142857142,0.8682170542635659,0.1232091690544412,1.548915268112976,3.0,17.0,112.0,11.0,,,,,,,,,,20.0,0.0,3.0,21.348837209302324,14.0,162.0,24.0,168.0,0.8
CL,low,0.2,Gaussian_eb,,143,14,0.0823529411764705,0.2097902097902098,0.2142857142857142,0.7906976744186046,0.0841487279843444,1.0218059826670394,3.0,27.0,102.0,11.0,,,,,,,,,,30.0,0.0,3.0,32.65116279069768,14.0,156.0,24.0,168.0,0.8
CL,low,0.2,Gaussian_eb,,92,9,0.0680272108843537,0.1195652173913043,0.2222222222222222,0.891566265060241,0.1301246374539468,1.9128321705730185,2.0,9.0,74.0,7.0,,,,,,,,,,30.0,1.0,2.2222222222222223,14.855421686746988,10.0,137.0,24.0,168.0,0.8
CL,low,0.2,Gaussian_eb,,236,23,0.0833333333333333,0.1694915254237288,0.217391304347826,0.8356807511737089,0.1073588709677419,1.2883064516129032,5.0,35.0,178.0,18.0,,,,,,,,,,40.0,0.0,5.217391304347826,43.38028169014085,24.0,264.0,24.0,168.0,0.8
CL,low,0.2,Gaussian_eb,,113,11,0.0578947368421052,0.1327433628318584,0.1818181818181818,0.8725490196078431,0.0806005531410509,1.3921913724363348,2.0,13.0,89.0,9.0,,,,,,,,,,40.0,1.0,2.0,22.81372549019608,11.0,179.0,24.0,168.0,0.8
CL,low,0.2,Gaussian_eb,,585,57,0.1094527363184079,0.1367521367521367,0.1929824561403508,0.8693181818181818,0.1536169890464219,1.4035006726514003,11.0,69.0,459.0,46.0,,,,,,,,,,50.0,0.0,12.736842105263158,70.17613636363636,66.0,537.0,24.0,168.0,0.8
CL,low,0.2,Gaussian_eb,,370,36,0.0909090909090909,0.1432432432432432,0.1944444444444444,0.8622754491017964,0.1237167954280876,1.360884749708964,7.0,46.0,288.0,29.0,,,,,,,,,,50.0,1.0,7.194444444444445,50.958083832335326,37.0,370.0,24.0,168.0,0.8
CL,low,0.2,Gaussian_eb,,892,87,0.1106290672451193,0.100896860986547,0.1954022988505747,0.9093167701863354,0.2113772754323719,1.9106847838102636,17.0,73.0,732.0,70.0,,,,,,,,,,60.0,0.0,19.93103448275862,74.36024844720497,102.0,820.0,24.0,168.0,0.8
CL,low,0.2,Gaussian_eb,,482,47,0.0926640926640926,0.1991701244813278,0.1914893617021276,0.8,0.0890721649484536,0.961237113402062,9.0,87.0,348.0,38.0,,,,,,,,,,60.0,1.0,9.191489361702128,94.0,48.0,470.0,24.0,168.0,0.8
CL,low,0.2,Gaussian_eb,,728,71,0.1081441922563418,0.0604395604395604,0.1971830985915492,0.954337899543379,0.3436715534730275,3.1779011549542915,14.0,30.0,627.0,57.0,,,,,,,,,,70.0,0.0,15.971830985915492,30.50228310502283,81.0,668.0,24.0,168.0,0.8
CL,low,0.2,Gaussian_eb,,533,52,0.0972972972972973,0.1425891181988743,0.1923076923076923,0.8627858627858628,0.1312366989832111,1.348821628438559,10.0,66.0,415.0,42.0,,,,,,,,,,70.0,1.0,10.384615384615383,68.74428274428274,54.0,501.0,24.0,168.0,0.8
CL,low,0.2,Gaussian_eb,,205,20,0.1085972850678733,0.0975609756097561,0.2,0.9135135135135136,0.2198019801980197,2.024009900990099,4.0,16.0,169.0,16.0,,,,,,,,,,80.0,0.0,4.8,17.037837837837838,24.0,197.0,24.0,168.0,0.8
CL,low,0.2,Gaussian_eb,,164,16,0.1075268817204301,0.073170731707317,0.1875,0.9391891891891893,0.2708638360175695,2.5190336749633966,3.0,9.0,139.0,13.0,,,,,,,,,,80.0,1.0,3.75,10.094594594594597,20.0,166.0,24.0,168.0,0.8
CL,low,0.2,NORMA_q_age_set,,143,14,0.0795454545454545,0.0769230769230769,0.2142857142857142,0.937984496124031,0.2299465240641711,2.8907563025210083,3.0,8.0,121.0,11.0,,,,,,,,,,20.0,0.0,3.0,10.046511627906977,14.0,162.0,24.0,168.0,0.8
CL,low,0.2,NORMA_q_age_set,,143,14,0.0823529411764705,0.1258741258741259,0.2142857142857142,0.8837209302325582,0.1419141914191419,1.7232437529467233,3.0,15.0,114.0,11.0,,,,,,,,,,30.0,0.0,3.0,18.13953488372093,14.0,156.0,24.0,168.0,0.8
CL,low,0.2,NORMA_q_age_set,,92,9,0.0680272108843537,0.0652173913043478,0.2222222222222222,0.9518072289156626,0.2518203883495146,3.701759708737864,2.0,4.0,79.0,7.0,,,,,,,,,,30.0,1.0,2.2222222222222223,6.602409638554217,10.0,137.0,24.0,168.0,0.8
CL,low,0.2,NORMA_q_age_set,,236,23,0.0833333333333333,0.097457627118644,0.217391304347826,0.9154929577464788,0.189535504538174,2.2744260544580888,5.0,18.0,195.0,18.0,,,,,,,,,,40.0,0.0,5.217391304347826,22.309859154929576,24.0,264.0,24.0,168.0,0.8
CL,low,0.2,NORMA_q_age_set,,113,11,0.0578947368421052,0.0884955752212389,0.1818181818181818,0.9215686274509804,0.1246943765281173,2.1538119582129363,2.0,8.0,94.0,9.0,,,,,,,,,,40.0,1.0,2.0,14.03921568627451,11.0,179.0,24.0,168.0,0.8
CL,low,0.2,NORMA_q_age_set,,585,57,0.1094527363184079,0.1094017094017094,0.1929824561403508,0.8996212121212122,0.1911283627633557,1.7462182234288408,11.0,53.0,475.0,46.0,,,,,,,,,,50.0,0.0,12.736842105263158,53.90340909090909,66.0,537.0,24.0,168.0,0.8
CL,low,0.2,NORMA_q_age_set,,370,36,0.0909090909090909,0.1486486486486486,0.1944444444444444,0.8562874251497006,0.1191762666938525,1.3109389336323785,7.0,48.0,286.0,29.0,,,,,,,,,,50.0,1.0,7.194444444444445,53.17365269461078,37.0,370.0,24.0,168.0,0.8
CL,low,0.2,NORMA_q_age_set,,892,87,0.1106290672451193,0.0829596412556053,0.1954022988505747,0.929192546583851,0.2555485376905121,2.30995835049659,17.0,57.0,748.0,70.0,,,,,,,,,,60.0,0.0,19.93103448275862,58.06211180124224,102.0,820.0,24.0,168.0,0.8
CL,low,0.2,NORMA_q_age_set,,482,47,0.0926640926640926,0.0809128630705394,0.1914893617021276,0.9310344827586208,0.2209212104112294,2.384108062354518,9.0,30.0,405.0,38.0,,,,,,,,,,60.0,1.0,9.191489361702128,32.41379310344828,48.0,470.0,24.0,168.0,0.8
CL,low,0.2,NORMA_q_age_set,,728,71,0.1081441922563418,0.0714285714285714,0.1971830985915492,0.9421613394216134,0.2924812213078778,2.7045485772790183,14.0,38.0,619.0,57.0,,,,,,,,,,70.0,0.0,15.971830985915492,38.63622526636225,81.0,668.0,24.0,168.0,0.8
CL,low,0.2,NORMA_q_age_set,,533,52,0.0972972972972973,0.0900562851782364,0.1923076923076923,0.920997920997921,0.2078392210710273,2.1361253276744474,10.0,38.0,443.0,42.0,,,,,,,,,,70.0,1.0,10.384615384615383,39.58004158004158,54.0,501.0,24.0,168.0,0.8
CL,low,0.2,NORMA_q_age_set,,205,20,0.1085972850678733,0.0634146341463414,0.2,0.9513513513513514,0.3337091319052988,3.0729049229612926,4.0,9.0,176.0,16.0,,,,,,,,,,80.0,0.0,4.8,9.583783783783783,24.0,197.0,24.0,168.0,0.8
CL,low,0.2,NORMA_q_age_set,,164,16,0.1075268817204301,0.0609756097560975,0.1875,0.9527027027027029,0.3232382061735585,3.0061153174140944,3.0,7.0,141.0,13.0,,,,,,,,,,80.0,1.0,3.75,7.851351351351352,20.0,166.0,24.0,168.0,0.8
CL,low,0.2,NORMA_334f7e21,,143,14,0.0795454545454545,0.0839160839160839,0.2142857142857142,0.9302325581395348,0.2097560975609756,2.6369337979094074,3.0,9.0,120.0,11.0,,,,,,,,,,20.0,0.0,3.0,11.30232558139535,14.0,162.0,24.0,168.0,0.8
CL,low,0.2,NORMA_334f7e21,,143,14,0.0823529411764705,0.1048951048951049,0.2142857142857142,0.9069767441860463,0.1713147410358566,2.080250426863973,3.0,12.0,117.0,11.0,,,,,,,,,,30.0,0.0,3.0,14.511627906976743,14.0,156.0,24.0,168.0,0.8
CL,low,0.2,NORMA_334f7e21,,92,9,0.0680272108843537,0.0434782608695652,0.2222222222222222,0.9759036144578314,0.4023267086766844,5.914202617547261,2.0,2.0,81.0,7.0,,,,,,,,,,30.0,1.0,2.2222222222222223,3.3012048192771086,10.0,137.0,24.0,168.0,0.8
CL,low,0.2,NORMA_334f7e21,,236,23,0.0833333333333333,0.1271186440677966,0.217391304347826,0.8826291079812206,0.1441136671177266,1.72936400541272,5.0,25.0,188.0,18.0,,,,,,,,,,40.0,0.0,5.217391304347826,30.985915492957748,24.0,264.0,24.0,168.0,0.8
CL,low,0.2,NORMA_334f7e21,,113,11,0.0578947368421052,0.1150442477876106,0.1818181818181818,0.8921568627450981,0.0938794293603313,1.6215537798602686,2.0,11.0,91.0,9.0,,,,,,,,,,40.0,1.0,2.0,19.30392156862745,11.0,179.0,24.0,168.0,0.8
CL,low,0.2,NORMA_334f7e21,,585,57,0.1094527363184079,0.1042735042735042,0.1929824561403508,0.9053030303030304,0.2002990942523114,1.8300053611233904,11.0,50.0,478.0,46.0,,,,,,,,,,50.0,0.0,12.736842105263158,50.85227272727273,66.0,537.0,24.0,168.0,0.8
CL,low,0.2,NORMA_334f7e21,,370,36,0.0909090909090909,0.1216216216216216,0.1944444444444444,0.8862275449101796,0.14596079410663,1.6055687351729304,7.0,38.0,296.0,29.0,,,,,,,,,,50.0,1.0,7.194444444444445,42.09580838323353,37.0,370.0,24.0,168.0,0.8
CL,low,0.2,NORMA_334f7e21,,892,87,0.1106290672451193,0.0885650224215246,0.1954022988505747,0.9229813664596274,0.2398834841337354,2.168358552659844,17.0,62.0,743.0,70.0,,,,,,,,,,60.0,0.0,19.93103448275862,63.15527950310559,102.0,820.0,24.0,168.0,0.8
CL,low,0.2,NORMA_334f7e21,,482,47,0.0926640926640926,0.0829875518672199,0.1914893617021276,0.928735632183908,0.2153292617249716,2.323761616115319,9.0,31.0,404.0,38.0,,,,,,,,,,60.0,1.0,9.191489361702128,33.49425287356322,48.0,470.0,24.0,168.0,0.8
CL,low,0.2,NORMA_334f7e21,,728,71,0.1081441922563418,0.0796703296703296,0.1971830985915492,0.9330289193302892,0.2630904667234018,2.4327748095781225,14.0,44.0,613.0,57.0,,,,,,,,,,70.0,0.0,15.971830985915492,44.73668188736682,81.0,668.0,24.0,168.0,0.8
CL,low,0.2,NORMA_334f7e21,,533,52,0.0972972972972973,0.1031894934333958,0.1923076923076923,0.9064449064449064,0.1813725490196078,1.864106753812636,10.0,45.0,436.0,42.0,,,,,,,,,,70.0,1.0,10.384615384615383,46.87110187110187,54.0,501.0,24.0,168.0,0.8
CL,low,0.2,NORMA_334f7e21,,205,20,0.1085972850678733,0.0536585365853658,0.2,0.9621621621621622,0.3917071018967799,3.6069695632995145,4.0,7.0,178.0,16.0,,,,,,,,,,80.0,0.0,4.8,7.454054054054054,24.0,197.0,24.0,168.0,0.8
CL,low,0.2,NORMA_334f7e21,,164,16,0.1075268817204301,0.0609756097560975,0.1875,0.9527027027027029,0.3232382061735585,3.0061153174140944,3.0,7.0,141.0,13.0,,,,,,,,,,80.0,1.0,3.75,7.851351351351352,20.0,166.0,24.0,168.0,0.8
CL,low,0.2,NORMA_q_age,,143,14,0.0795454545454545,0.0559440559440559,0.2142857142857142,0.9612403100775194,0.3233082706766917,4.064446831364124,3.0,5.0,124.0,11.0,,,,,,,,,,20.0,0.0,3.0,6.27906976744186,14.0,162.0,24.0,168.0,0.8
CL,low,0.2,NORMA_q_age,,143,14,0.0823529411764705,0.1468531468531468,0.2142857142857142,0.8604651162790697,0.1211267605633802,1.470824949698189,3.0,18.0,111.0,11.0,,,,,,,,,,30.0,0.0,3.0,21.76744186046512,14.0,156.0,24.0,168.0,0.8
CL,low,0.2,NORMA_q_age,,92,9,0.0680272108843537,0.0543478260869565,0.2222222222222222,0.963855421686747,0.3097592834484045,4.553461466691546,2.0,3.0,80.0,7.0,,,,,,,,,,30.0,1.0,2.2222222222222223,4.951807228915663,10.0,137.0,24.0,168.0,0.8
CL,low,0.2,NORMA_q_age,,236,23,0.0833333333333333,0.0932203389830508,0.217391304347826,0.92018779342723,0.1984718598583675,2.3816623183004104,5.0,17.0,196.0,18.0,,,,,,,,,,40.0,0.0,5.217391304347826,21.070422535211268,24.0,264.0,24.0,168.0,0.8
CL,low,0.2,NORMA_q_age,,113,11,0.0578947368421052,0.0884955752212389,0.1818181818181818,0.9215686274509804,0.1246943765281173,2.1538119582129363,2.0,8.0,94.0,9.0,,,,,,,,,,40.0,1.0,2.0,14.03921568627451,11.0,179.0,24.0,168.0,0.8
CL,low,0.2,NORMA_q_age,,585,57,0.1094527363184079,0.1179487179487179,0.1929824561403508,0.8901515151515151,0.1775776526996039,1.622414008755472,11.0,58.0,470.0,46.0,,,,,,,,,,50.0,0.0,12.736842105263158,58.98863636363637,66.0,537.0,24.0,168.0,0.8
CL,low,0.2,NORMA_q_age,,370,36,0.0909090909090909,0.1135135135135135,0.1944444444444444,0.8952095808383234,0.1565135895032802,1.7216494845360826,7.0,35.0,299.0,29.0,,,,,,,,,,50.0,1.0,7.194444444444445,38.77245508982036,37.0,370.0,24.0,168.0,0.8
CL,low,0.2,NORMA_q_age,,892,87,0.1106290672451193,0.0952914798206278,0.1954022988505747,0.915527950310559,0.2234468119846518,2.019783927939696,17.0,68.0,737.0,70.0,,,,,,,,,,60.0,0.0,19.93103448275862,69.26708074534162,102.0,820.0,24.0,168.0,0.8
CL,low,0.2,NORMA_q_age,,482,47,0.0926640926640926,0.0871369294605809,0.1914893617021276,0.9241379310344828,0.2049537021889212,2.211792036122109,9.0,33.0,402.0,38.0,,,,,,,,,,60.0,1.0,9.191489361702128,35.6551724137931,48.0,470.0,24.0,168.0,0.8
CL,low,0.2,NORMA_q_age,,728,71,0.1081441922563418,0.070054945054945,0.1971830985915492,0.943683409436834,0.2980302207231244,2.755859695328644,14.0,37.0,620.0,57.0,,,,,,,,,,70.0,0.0,15.971830985915492,37.61948249619483,81.0,668.0,24.0,168.0,0.8
CL,low,0.2,NORMA_q_age,,533,52,0.0972972972972973,0.0975609756097561,0.1923076923076923,0.9126819126819128,0.1918423781541652,1.97171333102892,10.0,42.0,439.0,42.0,,,,,,,,,,70.0,1.0,10.384615384615383,43.74636174636175,54.0,501.0,24.0,168.0,0.8
CL,low,0.2,NORMA_q_age,,205,20,0.1085972850678733,0.0634146341463414,0.2,0.9513513513513514,0.3337091319052988,3.0729049229612926,4.0,9.0,176.0,16.0,,,,,,,,,,80.0,0.0,4.8,9.583783783783783,24.0,197.0,24.0,168.0,0.8
CL,low,0.2,NORMA_q_age,,164,16,0.1075268817204301,0.0426829268292682,0.1875,0.972972972972973,0.4552912223133715,4.234208367514356,3.0,4.0,144.0,13.0,,,,,,,,,,80.0,1.0,3.75,4.486486486486487,20.0,166.0,24.0,168.0,0.8
CL,low,0.2,NORMA_q_set,,143,14,0.0795454545454545,0.0559440559440559,0.2142857142857142,0.9612403100775194,0.3233082706766917,4.064446831364124,3.0,5.0,124.0,11.0,,,,,,,,,,20.0,0.0,3.0,6.27906976744186,14.0,162.0,24.0,168.0,0.8
CL,low,0.2,NORMA_q_set,,143,14,0.0823529411764705,0.1398601398601398,0.2142857142857142,0.8682170542635659,0.1273445212240868,1.5463263291496263,3.0,17.0,112.0,11.0,,,,,,,,,,30.0,0.0,3.0,20.55813953488372,14.0,156.0,24.0,168.0,0.8
CL,low,0.2,NORMA_q_set,,92,9,0.0680272108843537,0.0652173913043478,0.2222222222222222,0.9518072289156626,0.2518203883495146,3.701759708737864,2.0,4.0,79.0,7.0,,,,,,,,,,30.0,1.0,2.2222222222222223,6.602409638554217,10.0,137.0,24.0,168.0,0.8
CL,low,0.2,NORMA_q_set,,236,23,0.0833333333333333,0.1101694915254237,0.217391304347826,0.9014084507042254,0.1669802445907808,2.00376293508937,5.0,21.0,192.0,18.0,,,,,,,,,,40.0,0.0,5.217391304347826,26.028169014084508,24.0,264.0,24.0,168.0,0.8
CL,low,0.2,NORMA_q_set,,113,11,0.0578947368421052,0.079646017699115,0.1818181818181818,0.931372549019608,0.1400137268359643,2.418418918075747,2.0,7.0,95.0,9.0,,,,,,,,,,40.0,1.0,2.0,12.284313725490197,11.0,179.0,24.0,168.0,0.8
CL,low,0.2,NORMA_q_set,,585,57,0.1094527363184079,0.0957264957264957,0.1929824561403508,0.9147727272727272,0.2177093290124056,1.9890715968860695,11.0,45.0,483.0,46.0,,,,,,,,,,50.0,0.0,12.736842105263158,45.76704545454545,66.0,537.0,24.0,168.0,0.8
CL,low,0.2,NORMA_q_set,,370,36,0.0909090909090909,0.1351351351351351,0.1944444444444444,0.8712574850299402,0.1312156246492311,1.4433718711415422,7.0,43.0,291.0,29.0,,,,,,,,,,50.0,1.0,7.194444444444445,47.63473053892216,37.0,370.0,24.0,168.0,0.8
CL,low,0.2,NORMA_q_set,,892,87,0.1106290672451193,0.1053811659192825,0.1954022988505747,0.9043478260869564,0.2026215515927449,1.83153990753442,17.0,77.0,728.0,70.0,,,,,,,,,,60.0,0.0,19.93103448275862,78.43478260869566,102.0,820.0,24.0,168.0,0.8
CL,low,0.2,NORMA_q_set,,482,47,0.0926640926640926,0.0871369294605809,0.1914893617021276,0.9241379310344828,0.2049537021889212,2.211792036122109,9.0,33.0,402.0,38.0,,,,,,,,,,60.0,1.0,9.191489361702128,35.6551724137931,48.0,470.0,24.0,168.0,0.8
CL,low,0.2,NORMA_q_set,,728,71,0.1081441922563418,0.0741758241758241,0.1971830985915492,0.939117199391172,0.281980865640889,2.607452695864517,14.0,40.0,617.0,57.0,,,,,,,,,,70.0,0.0,15.971830985915492,40.66971080669711,81.0,668.0,24.0,168.0,0.8
CL,low,0.2,NORMA_q_set,,533,52,0.0972972972972973,0.099437148217636,0.1923076923076923,0.9106029106029108,0.1882206647072123,1.9344901650463484,10.0,43.0,438.0,42.0,,,,,,,,,,70.0,1.0,10.384615384615383,44.78794178794179,54.0,501.0,24.0,168.0,0.8
CL,low,0.2,NORMA_q_set,,205,20,0.1085972850678733,0.0439024390243902,0.2,0.972972972972973,0.4741057127602776,4.365723438334223,4.0,5.0,180.0,16.0,,,,,,,,,,80.0,0.0,4.8,5.324324324324325,24.0,197.0,24.0,168.0,0.8
CL,low,0.2,NORMA_q_set,,164,16,0.1075268817204301,0.0426829268292682,0.1875,0.972972972972973,0.4552912223133715,4.234208367514356,3.0,4.0,144.0,13.0,,,,,,,,,,80.0,1.0,3.75,4.486486486486487,20.0,166.0,24.0,168.0,0.8
CL,low,0.2,NORMA_q_co,,143,14,0.0795454545454545,0.0559440559440559,0.2142857142857142,0.9612403100775194,0.3233082706766917,4.064446831364124,3.0,5.0,124.0,11.0,,,,,,,,,,20.0,0.0,3.0,6.27906976744186,14.0,162.0,24.0,168.0,0.8
CL,low,0.2,NORMA_q_co,,143,14,0.0823529411764705,0.1118881118881118,0.2142857142857142,0.8992248062015504,0.1602484472049689,1.945874001774623,3.0,13.0,116.0,11.0,,,,,,,,,,30.0,0.0,3.0,15.72093023255814,14.0,156.0,24.0,168.0,0.8
CL,low,0.2,NORMA_q_co,,92,9,0.0680272108843537,0.0652173913043478,0.2222222222222222,0.9518072289156626,0.2518203883495146,3.701759708737864,2.0,4.0,79.0,7.0,,,,,,,,,,30.0,1.0,2.2222222222222223,6.602409638554217,10.0,137.0,24.0,168.0,0.8
CL,low,0.2,NORMA_q_co,,236,23,0.0833333333333333,0.1016949152542373,0.217391304347826,0.9107981220657276,0.1813692098092643,2.176430517711172,5.0,19.0,194.0,18.0,,,,,,,,,,40.0,0.0,5.217391304347826,23.549295774647888,24.0,264.0,24.0,168.0,0.8
CL,low,0.2,NORMA_q_co,,113,11,0.0578947368421052,0.079646017699115,0.1818181818181818,0.931372549019608,0.1400137268359643,2.418418918075747,2.0,7.0,95.0,9.0,,,,,,,,,,40.0,1.0,2.0,12.284313725490197,11.0,179.0,24.0,168.0,0.8
CL,low,0.2,NORMA_q_co,,585,57,0.1094527363184079,0.1196581196581196,0.1929824561403508,0.8882575757575758,0.1750948608638813,1.5997303197109156,11.0,59.0,469.0,46.0,,,,,,,,,,50.0,0.0,12.736842105263158,60.00568181818182,66.0,537.0,24.0,168.0,0.8
CL,low,0.2,NORMA_q_co,,370,36,0.0909090909090909,0.127027027027027,0.1944444444444444,0.8802395209580839,0.1396821603536862,1.5365037638905488,7.0,40.0,294.0,29.0,,,,,,,,,,50.0,1.0,7.194444444444445,44.31137724550898,37.0,370.0,24.0,168.0,0.8
CL,low,0.2,NORMA_q_co,,892,87,0.1106290672451193,0.085201793721973,0.1954022988505747,0.9267080745341616,0.2490432529933469,2.2511556790182925,17.0,59.0,746.0,70.0,,,,,,,,,,60.0,0.0,19.93103448275862,60.099378881987576,102.0,820.0,24.0,168.0,0.8
CL,low,0.2,NORMA_q_co,,482,47,0.0926640926640926,0.1037344398340249,0.1914893617021276,0.9057471264367816,0.1718345662530518,1.8543813608141848,9.0,41.0,394.0,38.0,,,,,,,,,,60.0,1.0,9.191489361702128,44.298850574712645,48.0,470.0,24.0,168.0,0.8
CL,low,0.2,NORMA_q_co,,728,71,0.1081441922563418,0.0618131868131868,0.1971830985915492,0.9528158295281582,0.3363138094692109,3.10986473200542,14.0,31.0,626.0,57.0,,,,,,,,,,70.0,0.0,15.971830985915492,31.51902587519026,81.0,668.0,24.0,168.0,0.8
CL,low,0.2,NORMA_q_co,,533,52,0.0972972972972973,0.1144465290806754,0.1923076923076923,0.893970893970894,0.1635238656452563,1.6806619524651345,10.0,51.0,430.0,42.0,,,,,,,,,,70.0,1.0,10.384615384615383,53.12058212058212,54.0,501.0,24.0,168.0,0.8
CL,low,0.2,NORMA_q_co,,205,20,0.1085972850678733,0.0536585365853658,0.2,0.9621621621621622,0.3917071018967799,3.6069695632995145,4.0,7.0,178.0,16.0,,,,,,,,,,80.0,0.0,4.8,7.454054054054054,24.0,197.0,24.0,168.0,0.8
CL,low,0.2,NORMA_q_co,,164,16,0.1075268817204301,0.0365853658536585,0.1875,0.9797297297297296,0.5270655270655271,4.901709401709402,3.0,3.0,145.0,13.0,,,,,,,,,,80.0,1.0,3.75,3.364864864864865,20.0,166.0,24.0,168.0,0.8
CL,low,0.2,NORMA_q_age_set_co,,143,14,0.0795454545454545,0.0559440559440559,0.2142857142857142,0.9612403100775194,0.3233082706766917,4.064446831364124,3.0,5.0,124.0,11.0,,,,,,,,,,20.0,0.0,3.0,6.27906976744186,14.0,162.0,24.0,168.0,0.8
CL,low,0.2,NORMA_q_age_set_co,,143,14,0.0823529411764705,0.1538461538461538,0.2142857142857142,0.8527131782945736,0.1154879140555058,1.4023532421025706,3.0,19.0,110.0,11.0,,,,,,,,,,30.0,0.0,3.0,22.976744186046517,14.0,156.0,24.0,168.0,0.8
CL,low,0.2,NORMA_q_age_set_co,,92,9,0.0680272108843537,0.0652173913043478,0.2222222222222222,0.9518072289156626,0.2518203883495146,3.701759708737864,2.0,4.0,79.0,7.0,,,,,,,,,,30.0,1.0,2.2222222222222223,6.602409638554217,10.0,137.0,24.0,168.0,0.8
CL,low,0.2,NORMA_q_age_set_co,,236,23,0.0833333333333333,0.1228813559322034,0.217391304347826,0.8873239436619719,0.1492223623371164,1.790668348045397,5.0,24.0,189.0,18.0,,,,,,,,,,40.0,0.0,5.217391304347826,29.74647887323944,24.0,264.0,24.0,168.0,0.8
CL,low,0.2,NORMA_q_age_set_co,,113,11,0.0578947368421052,0.0619469026548672,0.1818181818181818,0.9509803921568628,0.1856232939035486,3.2062205310612955,2.0,5.0,97.0,9.0,,,,,,,,,,40.0,1.0,2.0,8.77450980392157,11.0,179.0,24.0,168.0,0.8
CL,low,0.2,NORMA_q_age_set_co,,585,57,0.1094527363184079,0.0974358974358974,0.1929824561403508,0.9128787878787878,0.2139892884775771,1.955083953817864,11.0,46.0,482.0,46.0,,,,,,,,,,50.0,0.0,12.736842105263158,46.78409090909091,66.0,537.0,24.0,168.0,0.8
CL,low,0.2,NORMA_q_age_set_co,,370,36,0.0909090909090909,0.1621621621621621,0.1944444444444444,0.8413173652694611,0.1091605191894668,1.2007657110841348,7.0,53.0,281.0,29.0,,,,,,,,,,50.0,1.0,7.194444444444445,58.71257485029941,37.0,370.0,24.0,168.0,0.8
CL,low,0.2,NORMA_q_age_set_co,,892,87,0.1106290672451193,0.0919282511210762,0.1954022988505747,0.9192546583850932,0.2313736020566984,2.0914358931007446,17.0,65.0,740.0,70.0,,,,,,,,,,60.0,0.0,19.93103448275862,66.2111801242236,102.0,820.0,24.0,168.0,0.8
CL,low,0.2,NORMA_q_age_set_co,,482,47,0.0926640926640926,0.1099585062240663,0.1914893617021276,0.8988505747126436,0.1620167603545194,1.7484308721591892,9.0,44.0,391.0,38.0,,,,,,,,,,60.0,1.0,9.191489361702128,47.54022988505747,48.0,470.0,24.0,168.0,0.8
CL,low,0.2,NORMA_q_age_set_co,,728,71,0.1081441922563418,0.0686813186813186,0.1971830985915492,0.9452054794520548,0.3037938450020918,2.809155430945269,14.0,36.0,621.0,57.0,,,,,,,,,,70.0,0.0,15.971830985915492,36.602739726027394,81.0,668.0,24.0,168.0,0.8
CL,low,0.2,NORMA_q_age_set_co,,533,52,0.0972972972972973,0.1163227016885553,0.1923076923076923,0.8918918918918919,0.1608851096724321,1.6535414049666632,10.0,52.0,429.0,42.0,,,,,,,,,,70.0,1.0,10.384615384615383,54.16216216216216,54.0,501.0,24.0,168.0,0.8
CL,low,0.2,NORMA_q_age_set_co,,205,20,0.1085972850678733,0.0634146341463414,0.2,0.9513513513513514,0.3337091319052988,3.0729049229612926,4.0,9.0,176.0,16.0,,,,,,,,,,80.0,0.0,4.8,9.583783783783783,24.0,197.0,24.0,168.0,0.8
CL,low,0.2,NORMA_q_age_set_co,,164,16,0.1075268817204301,0.0304878048780487,0.1875,0.9864864864864864,0.6257046223224351,5.819052987598646,3.0,2.0,146.0,13.0,,,,,,,,,,80.0,1.0,3.75,2.2432432432432434,20.0,166.0,24.0,168.0,0.8
CO2,high,0.2,PopRI,,30,5,0.119047619047619,0.0666666666666666,0.2,0.96,0.4032258064516129,3.387096774193549,1.0,1.0,24.0,4.0,,,,,,,,,,40.0,0.0,1.0,1.48,5.0,37.0,24.0,168.0,0.8
CO2,high,0.2,PopRI,,36,6,0.2,0.0555555555555555,0.1666666666666666,0.9666666666666668,0.5555555555555556,2.7777777777777777,1.0,1.0,29.0,5.0,,,,,,,,,,50.0,0.0,1.6666666666666667,1.3333333333333333,10.0,40.0,24.0,168.0,0.8
CO2,high,0.2,PopRI,,96,16,0.2222222222222222,0.0729166666666666,0.1875,0.95,0.5172413793103449,2.327586206896552,3.0,4.0,76.0,13.0,,,,,,,,,,60.0,0.0,4.5,4.2,24.0,84.0,24.0,168.0,0.8
CO2,high,0.2,PopRI,,36,6,0.14,0.0555555555555555,0.1666666666666666,0.9666666666666668,0.4487179487179487,3.205128205128205,1.0,1.0,29.0,5.0,,,,,,,,,,60.0,1.0,1.1666666666666667,1.4333333333333331,7.0,43.0,24.0,168.0,0.8
CO2,high,0.2,PopRI,,78,13,0.1274509803921568,0.1538461538461538,0.2307692307692307,0.8615384615384616,0.1957831325301204,1.536144578313253,3.0,9.0,56.0,10.0,,,,,,,,,,70.0,0.0,3.0,12.323076923076924,13.0,89.0,24.0,168.0,0.8
CO2,high,0.2,PopRI,,48,8,0.1333333333333333,0.0416666666666666,0.25,1.0,1.0,7.5,2.0,0.0,40.0,6.0,,,,,,,,,,70.0,1.0,2.0,0.0,8.0,52.0,24.0,168.0,0.8
CO2,high,0.2,PerRI,,30,5,0.119047619047619,0.2,0.2,0.8,0.119047619047619,1.0,1.0,5.0,20.0,4.0,,,,,,,,,,40.0,0.0,1.0,7.4,5.0,37.0,24.0,168.0,0.8
CO2,high,0.2,PerRI,,36,6,0.2,0.0277777777777777,0.1666666666666666,1.0,1.0,5.0,1.0,0.0,30.0,5.0,,,,,,,,,,50.0,0.0,1.6666666666666667,0.0,10.0,40.0,24.0,168.0,0.8
CO2,high,0.2,PerRI,,96,16,0.2222222222222222,0.0625,0.1875,0.9625,0.5882352941176471,2.647058823529412,3.0,3.0,77.0,13.0,,,,,,,,,,60.0,0.0,4.5,3.15,24.0,84.0,24.0,168.0,0.8
CO2,high,0.2,PerRI,,36,6,0.14,0.1388888888888889,0.1666666666666666,0.8666666666666667,0.1690821256038647,1.2077294685990336,1.0,4.0,26.0,5.0,,,,,,,,,,60.0,1.0,1.1666666666666667,5.733333333333333,7.0,43.0,24.0,168.0,0.8
CO2,high,0.2,PerRI,,78,13,0.1274509803921568,0.2564102564102564,0.2307692307692307,0.7384615384615385,0.1141686182669789,0.895784543325527,3.0,17.0,48.0,10.0,,,,,,,,,,70.0,0.0,3.0,23.27692307692308,13.0,89.0,24.0,168.0,0.8
CO2,high,0.2,PerRI,,48,8,0.1333333333333333,0.125,0.25,0.9,0.2777777777777778,2.083333333333333,2.0,4.0,36.0,6.0,,,,,,,,,,70.0,1.0,2.0,5.2,8.0,52.0,24.0,168.0,0.8
CO2,high,0.2,Cohen_m2,,30,5,0.119047619047619,0.1333333333333333,0.2,0.88,0.1838235294117647,1.5441176470588236,1.0,3.0,22.0,4.0,,,,,,,,,,40.0,0.0,1.0,4.44,5.0,37.0,24.0,168.0,0.8
CO2,high,0.2,Cohen_m2,,36,6,0.2,0.0277777777777777,0.1666666666666666,1.0,1.0,5.0,1.0,0.0,30.0,5.0,,,,,,,,,,50.0,0.0,1.6666666666666667,0.0,10.0,40.0,24.0,168.0,0.8
CO2,high,0.2,Cohen_m2,,96,16,0.2222222222222222,0.1458333333333333,0.1875,0.8625,0.2803738317757009,1.2616822429906542,3.0,11.0,69.0,13.0,,,,,,,,,,60.0,0.0,4.5,11.55,24.0,84.0,24.0,168.0,0.8
CO2,high,0.2,Cohen_m2,,36,6,0.14,0.0277777777777777,0.1666666666666666,1.0,1.0,7.142857142857142,1.0,0.0,30.0,5.0,,,,,,,,,,60.0,1.0,1.1666666666666667,0.0,7.0,43.0,24.0,168.0,0.8
CO2,high,0.2,Cohen_m2,,78,13,0.1274509803921568,0.1923076923076923,0.2307692307692307,0.8153846153846154,0.1543942992874109,1.2114014251781475,3.0,12.0,53.0,10.0,,,,,,,,,,70.0,0.0,3.0,16.43076923076923,13.0,89.0,24.0,168.0,0.8
CO2,high,0.2,Cohen_m2,,48,8,0.1333333333333333,0.0833333333333333,0.25,0.95,0.4347826086956522,3.260869565217392,2.0,2.0,38.0,6.0,,,,,,,,,,70.0,1.0,2.0,2.6,8.0,52.0,24.0,168.0,0.8
CO2,high,0.2,Cohen_m3,,30,5,0.119047619047619,0.1333333333333333,0.2,0.88,0.1838235294117647,1.5441176470588236,1.0,3.0,22.0,4.0,,,,,,,,,,40.0,0.0,1.0,4.44,5.0,37.0,24.0,168.0,0.8
CO2,high,0.2,Cohen_m3,,36,6,0.2,0.1111111111111111,0.1666666666666666,0.9,0.2941176470588235,1.4705882352941175,1.0,3.0,27.0,5.0,,,,,,,,,,50.0,0.0,1.6666666666666667,4.0,10.0,40.0,24.0,168.0,0.8
CO2,high,0.2,Cohen_m3,,96,16,0.2222222222222222,0.1770833333333333,0.1875,0.825,0.234375,1.0546875,3.0,14.0,66.0,13.0,,,,,,,,,,60.0,0.0,4.5,14.7,24.0,84.0,24.0,168.0,0.8
CO2,high,0.2,Cohen_m3,,36,6,0.14,0.0277777777777777,0.1666666666666666,1.0,1.0,7.142857142857142,1.0,0.0,30.0,5.0,,,,,,,,,,60.0,1.0,1.1666666666666667,0.0,7.0,43.0,24.0,168.0,0.8
CO2,high,0.2,Cohen_m3,,78,13,0.1274509803921568,0.2564102564102564,0.2307692307692307,0.7384615384615385,0.1141686182669789,0.895784543325527,3.0,17.0,48.0,10.0,,,,,,,,,,70.0,0.0,3.0,23.27692307692308,13.0,89.0,24.0,168.0,0.8
CO2,high,0.2,Cohen_m3,,48,8,0.1333333333333333,0.1041666666666666,0.25,0.925,0.3389830508474576,2.542372881355932,2.0,3.0,37.0,6.0,,,,,,,,,,70.0,1.0,2.0,3.9,8.0,52.0,24.0,168.0,0.8
CO2,high,0.2,Cohen_m4,,30,5,0.119047619047619,0.1333333333333333,0.2,0.88,0.1838235294117647,1.5441176470588236,1.0,3.0,22.0,4.0,,,,,,,,,,40.0,0.0,1.0,4.44,5.0,37.0,24.0,168.0,0.8
CO2,high,0.2,Cohen_m4,,36,6,0.2,0.0555555555555555,0.1666666666666666,0.9666666666666668,0.5555555555555556,2.7777777777777777,1.0,1.0,29.0,5.0,,,,,,,,,,50.0,0.0,1.6666666666666667,1.3333333333333333,10.0,40.0,24.0,168.0,0.8
CO2,high,0.2,Cohen_m4,,96,16,0.2222222222222222,0.0833333333333333,0.1875,0.9375,0.4615384615384615,2.076923076923077,3.0,5.0,75.0,13.0,,,,,,,,,,60.0,0.0,4.5,5.25,24.0,84.0,24.0,168.0,0.8
CO2,high,0.2,Cohen_m4,,36,6,0.14,0.0277777777777777,0.1666666666666666,1.0,1.0,7.142857142857142,1.0,0.0,30.0,5.0,,,,,,,,,,60.0,1.0,1.1666666666666667,0.0,7.0,43.0,24.0,168.0,0.8
CO2,high,0.2,Cohen_m4,,78,13,0.1274509803921568,0.2051282051282051,0.2307692307692307,0.8,0.1442307692307692,1.131656804733728,3.0,13.0,52.0,10.0,,,,,,,,,,70.0,0.0,3.0,17.8,13.0,89.0,24.0,168.0,0.8
CO2,high,0.2,Cohen_m4,,48,8,0.1333333333333333,0.1041666666666666,0.25,0.925,0.3389830508474576,2.542372881355932,2.0,3.0,37.0,6.0,,,,,,,,,,70.0,1.0,2.0,3.9,8.0,52.0,24.0,168.0,0.8
CO2,high,0.2,Gaussian_mle,,30,5,0.119047619047619,0.1333333333333333,0.2,0.88,0.1838235294117647,1.5441176470588236,1.0,3.0,22.0,4.0,,,,,,,,,,40.0,0.0,1.0,4.44,5.0,37.0,24.0,168.0,0.8
CO2,high,0.2,Gaussian_mle,,36,6,0.2,0.0277777777777777,0.1666666666666666,1.0,1.0,5.0,1.0,0.0,30.0,5.0,,,,,,,,,,50.0,0.0,1.6666666666666667,0.0,10.0,40.0,24.0,168.0,0.8
CO2,high,0.2,Gaussian_mle,,96,16,0.2222222222222222,0.1041666666666666,0.1875,0.9125,0.379746835443038,1.708860759493671,3.0,7.0,73.0,13.0,,,,,,,,,,60.0,0.0,4.5,7.35,24.0,84.0,24.0,168.0,0.8
CO2,high,0.2,Gaussian_mle,,36,6,0.14,0.0277777777777777,0.1666666666666666,1.0,1.0,7.142857142857142,1.0,0.0,30.0,5.0,,,,,,,,,,60.0,1.0,1.1666666666666667,0.0,7.0,43.0,24.0,168.0,0.8
CO2,high,0.2,Gaussian_mle,,78,13,0.1274509803921568,0.2564102564102564,0.2307692307692307,0.7384615384615385,0.1141686182669789,0.895784543325527,3.0,17.0,48.0,10.0,,,,,,,,,,70.0,0.0,3.0,23.27692307692308,13.0,89.0,24.0,168.0,0.8
CO2,high,0.2,Gaussian_mle,,48,8,0.1333333333333333,0.1666666666666666,0.25,0.85,0.2040816326530612,1.530612244897959,2.0,6.0,34.0,6.0,,,,,,,,,,70.0,1.0,2.0,7.8,8.0,52.0,24.0,168.0,0.8
CO2,high,0.2,Gaussian_trunc,,30,5,0.119047619047619,0.1666666666666666,0.2,0.84,0.1445086705202312,1.2138728323699424,1.0,4.0,21.0,4.0,,,,,,,,,,40.0,0.0,1.0,5.92,5.0,37.0,24.0,168.0,0.8
CO2,high,0.2,Gaussian_trunc,,36,6,0.2,0.0555555555555555,0.1666666666666666,0.9666666666666668,0.5555555555555556,2.7777777777777777,1.0,1.0,29.0,5.0,,,,,,,,,,50.0,0.0,1.6666666666666667,1.3333333333333333,10.0,40.0,24.0,168.0,0.8
CO2,high,0.2,Gaussian_trunc,,96,16,0.2222222222222222,0.1458333333333333,0.1875,0.8625,0.2803738317757009,1.2616822429906542,3.0,11.0,69.0,13.0,,,,,,,,,,60.0,0.0,4.5,11.55,24.0,84.0,24.0,168.0,0.8
CO2,high,0.2,Gaussian_trunc,,36,6,0.14,0.0277777777777777,0.1666666666666666,1.0,1.0,7.142857142857142,1.0,0.0,30.0,5.0,,,,,,,,,,60.0,1.0,1.1666666666666667,0.0,7.0,43.0,24.0,168.0,0.8
CO2,high,0.2,Gaussian_trunc,,78,13,0.1274509803921568,0.2948717948717949,0.2307692307692307,0.6923076923076923,0.0987341772151898,0.7746835443037975,3.0,20.0,45.0,10.0,,,,,,,,,,70.0,0.0,3.0,27.384615384615383,13.0,89.0,24.0,168.0,0.8
CO2,high,0.2,Gaussian_trunc,,48,8,0.1333333333333333,0.2291666666666666,0.25,0.775,0.145985401459854,1.094890510948905,2.0,9.0,31.0,6.0,,,,,,,,,,70.0,1.0,2.0,11.7,8.0,52.0,24.0,168.0,0.8
CO2,high,0.2,Gaussian_eb,,30,5,0.119047619047619,0.1,0.2,0.92,0.2525252525252525,2.121212121212121,1.0,2.0,23.0,4.0,,,,,,,,,,40.0,0.0,1.0,2.96,5.0,37.0,24.0,168.0,0.8
CO2,high,0.2,Gaussian_eb,,36,6,0.2,0.0277777777777777,0.1666666666666666,1.0,1.0,5.0,1.0,0.0,30.0,5.0,,,,,,,,,,50.0,0.0,1.6666666666666667,0.0,10.0,40.0,24.0,168.0,0.8
CO2,high,0.2,Gaussian_eb,,96,16,0.2222222222222222,0.125,0.1875,0.8875,0.3225806451612903,1.4516129032258065,3.0,9.0,71.0,13.0,,,,,,,,,,60.0,0.0,4.5,9.45,24.0,84.0,24.0,168.0,0.8
CO2,high,0.2,Gaussian_eb,,36,6,0.14,0.0277777777777777,0.1666666666666666,1.0,1.0,7.142857142857142,1.0,0.0,30.0,5.0,,,,,,,,,,60.0,1.0,1.1666666666666667,0.0,7.0,43.0,24.0,168.0,0.8
CO2,high,0.2,Gaussian_eb,,78,13,0.1274509803921568,0.2435897435897435,0.2307692307692307,0.7538461538461538,0.1204447189623224,0.9450277949351452,3.0,16.0,49.0,10.0,,,,,,,,,,70.0,0.0,3.0,21.907692307692308,13.0,89.0,24.0,168.0,0.8
CO2,high,0.2,Gaussian_eb,,48,8,0.1333333333333333,0.1666666666666666,0.25,0.85,0.2040816326530612,1.530612244897959,2.0,6.0,34.0,6.0,,,,,,,,,,70.0,1.0,2.0,7.8,8.0,52.0,24.0,168.0,0.8
CO2,high,0.2,NORMA_q_age_set,,30,5,0.119047619047619,0.0666666666666666,0.2,0.96,0.4032258064516129,3.387096774193549,1.0,1.0,24.0,4.0,,,,,,,,,,40.0,0.0,1.0,1.48,5.0,37.0,24.0,168.0,0.8
CO2,high,0.2,NORMA_q_age_set,,36,6,0.2,0.0555555555555555,0.1666666666666666,0.9666666666666668,0.5555555555555556,2.7777777777777777,1.0,1.0,29.0,5.0,,,,,,,,,,50.0,0.0,1.6666666666666667,1.3333333333333333,10.0,40.0,24.0,168.0,0.8
CO2,high,0.2,NORMA_q_age_set,,96,16,0.2222222222222222,0.1145833333333333,0.1875,0.9,0.3488372093023256,1.5697674418604652,3.0,8.0,72.0,13.0,,,,,,,,,,60.0,0.0,4.5,8.4,24.0,84.0,24.0,168.0,0.8
CO2,high,0.2,NORMA_q_age_set,,36,6,0.14,0.0277777777777777,0.1666666666666666,1.0,1.0,7.142857142857142,1.0,0.0,30.0,5.0,,,,,,,,,,60.0,1.0,1.1666666666666667,0.0,7.0,43.0,24.0,168.0,0.8
CO2,high,0.2,NORMA_q_age_set,,78,13,0.1274509803921568,0.2435897435897435,0.2307692307692307,0.7538461538461538,0.1204447189623224,0.9450277949351452,3.0,16.0,49.0,10.0,,,,,,,,,,70.0,0.0,3.0,21.907692307692308,13.0,89.0,24.0,168.0,0.8
CO2,high,0.2,NORMA_q_age_set,,48,8,0.1333333333333333,0.125,0.25,0.9,0.2777777777777778,2.083333333333333,2.0,4.0,36.0,6.0,,,,,,,,,,70.0,1.0,2.0,5.2,8.0,52.0,24.0,168.0,0.8
CO2,high,0.2,NORMA_334f7e21,,30,5,0.119047619047619,0.0333333333333333,0.2,1.0,1.0,8.4,1.0,0.0,25.0,4.0,,,,,,,,,,40.0,0.0,1.0,0.0,5.0,37.0,24.0,168.0,0.8
CO2,high,0.2,NORMA_334f7e21,,36,6,0.2,0.1111111111111111,0.1666666666666666,0.9,0.2941176470588235,1.4705882352941175,1.0,3.0,27.0,5.0,,,,,,,,,,50.0,0.0,1.6666666666666667,4.0,10.0,40.0,24.0,168.0,0.8
CO2,high,0.2,NORMA_334f7e21,,96,16,0.2222222222222222,0.1041666666666666,0.1875,0.9125,0.379746835443038,1.708860759493671,3.0,7.0,73.0,13.0,,,,,,,,,,60.0,0.0,4.5,7.35,24.0,84.0,24.0,168.0,0.8
CO2,high,0.2,NORMA_334f7e21,,36,6,0.14,0.0277777777777777,0.1666666666666666,1.0,1.0,7.142857142857142,1.0,0.0,30.0,5.0,,,,,,,,,,60.0,1.0,1.1666666666666667,0.0,7.0,43.0,24.0,168.0,0.8
CO2,high,0.2,NORMA_334f7e21,,78,13,0.1274509803921568,0.2564102564102564,0.2307692307692307,0.7384615384615385,0.1141686182669789,0.895784543325527,3.0,17.0,48.0,10.0,,,,,,,,,,70.0,0.0,3.0,23.27692307692308,13.0,89.0,24.0,168.0,0.8
CO2,high,0.2,NORMA_334f7e21,,48,8,0.1333333333333333,0.1041666666666666,0.25,0.925,0.3389830508474576,2.542372881355932,2.0,3.0,37.0,6.0,,,,,,,,,,70.0,1.0,2.0,3.9,8.0,52.0,24.0,168.0,0.8
CO2,high,0.2,NORMA_q_age,,30,5,0.119047619047619,0.0333333333333333,0.2,1.0,1.0,8.4,1.0,0.0,25.0,4.0,,,,,,,,,,40.0,0.0,1.0,0.0,5.0,37.0,24.0,168.0,0.8
CO2,high,0.2,NORMA_q_age,,36,6,0.2,0.1111111111111111,0.1666666666666666,0.9,0.2941176470588235,1.4705882352941175,1.0,3.0,27.0,5.0,,,,,,,,,,50.0,0.0,1.6666666666666667,4.0,10.0,40.0,24.0,168.0,0.8
CO2,high,0.2,NORMA_q_age,,96,16,0.2222222222222222,0.1041666666666666,0.1875,0.9125,0.379746835443038,1.708860759493671,3.0,7.0,73.0,13.0,,,,,,,,,,60.0,0.0,4.5,7.35,24.0,84.0,24.0,168.0,0.8
CO2,high,0.2,NORMA_q_age,,36,6,0.14,0.0555555555555555,0.1666666666666666,0.9666666666666668,0.4487179487179487,3.205128205128205,1.0,1.0,29.0,5.0,,,,,,,,,,60.0,1.0,1.1666666666666667,1.4333333333333331,7.0,43.0,24.0,168.0,0.8
CO2,high,0.2,NORMA_q_age,,78,13,0.1274509803921568,0.2307692307692307,0.2307692307692307,0.7692307692307693,0.1274509803921568,1.0,3.0,15.0,50.0,10.0,,,,,,,,,,70.0,0.0,3.0,20.53846153846154,13.0,89.0,24.0,168.0,0.8
CO2,high,0.2,NORMA_q_age,,48,8,0.1333333333333333,0.0625,0.25,0.975,0.6060606060606061,4.545454545454546,2.0,1.0,39.0,6.0,,,,,,,,,,70.0,1.0,2.0,1.3,8.0,52.0,24.0,168.0,0.8
CO2,high,0.2,NORMA_q_set,,30,5,0.119047619047619,0.0666666666666666,0.2,0.96,0.4032258064516129,3.387096774193549,1.0,1.0,24.0,4.0,,,,,,,,,,40.0,0.0,1.0,1.48,5.0,37.0,24.0,168.0,0.8
CO2,high,0.2,NORMA_q_set,,36,6,0.2,0.0277777777777777,0.1666666666666666,1.0,1.0,5.0,1.0,0.0,30.0,5.0,,,,,,,,,,50.0,0.0,1.6666666666666667,0.0,10.0,40.0,24.0,168.0,0.8
CO2,high,0.2,NORMA_q_set,,96,16,0.2222222222222222,0.09375,0.1875,0.925,0.4166666666666666,1.875,3.0,6.0,74.0,13.0,,,,,,,,,,60.0,0.0,4.5,6.3,24.0,84.0,24.0,168.0,0.8
CO2,high,0.2,NORMA_q_set,,36,6,0.14,0.0277777777777777,0.1666666666666666,1.0,1.0,7.142857142857142,1.0,0.0,30.0,5.0,,,,,,,,,,60.0,1.0,1.1666666666666667,0.0,7.0,43.0,24.0,168.0,0.8
CO2,high,0.2,NORMA_q_set,,78,13,0.1274509803921568,0.2307692307692307,0.2307692307692307,0.7692307692307693,0.1274509803921568,1.0,3.0,15.0,50.0,10.0,,,,,,,,,,70.0,0.0,3.0,20.53846153846154,13.0,89.0,24.0,168.0,0.8
CO2,high,0.2,NORMA_q_set,,48,8,0.1333333333333333,0.1458333333333333,0.25,0.875,0.2352941176470588,1.7647058823529411,2.0,5.0,35.0,6.0,,,,,,,,,,70.0,1.0,2.0,6.5,8.0,52.0,24.0,168.0,0.8
CO2,high,0.2,NORMA_q_co,,30,5,0.119047619047619,0.0666666666666666,0.2,0.96,0.4032258064516129,3.387096774193549,1.0,1.0,24.0,4.0,,,,,,,,,,40.0,0.0,1.0,1.48,5.0,37.0,24.0,168.0,0.8
CO2,high,0.2,NORMA_q_co,,36,6,0.2,0.0555555555555555,0.1666666666666666,0.9666666666666668,0.5555555555555556,2.7777777777777777,1.0,1.0,29.0,5.0,,,,,,,,,,50.0,0.0,1.6666666666666667,1.3333333333333333,10.0,40.0,24.0,168.0,0.8
CO2,high,0.2,NORMA_q_co,,96,16,0.2222222222222222,0.0833333333333333,0.1875,0.9375,0.4615384615384615,2.076923076923077,3.0,5.0,75.0,13.0,,,,,,,,,,60.0,0.0,4.5,5.25,24.0,84.0,24.0,168.0,0.8
CO2,high,0.2,NORMA_q_co,,36,6,0.14,0.0277777777777777,0.1666666666666666,1.0,1.0,7.142857142857142,1.0,0.0,30.0,5.0,,,,,,,,,,60.0,1.0,1.1666666666666667,0.0,7.0,43.0,24.0,168.0,0.8
CO2,high,0.2,NORMA_q_co,,78,13,0.1274509803921568,0.1923076923076923,0.2307692307692307,0.8153846153846154,0.1543942992874109,1.2114014251781475,3.0,12.0,53.0,10.0,,,,,,,,,,70.0,0.0,3.0,16.43076923076923,13.0,89.0,24.0,168.0,0.8
CO2,high,0.2,NORMA_q_co,,48,8,0.1333333333333333,0.125,0.25,0.9,0.2777777777777778,2.083333333333333,2.0,4.0,36.0,6.0,,,,,,,,,,70.0,1.0,2.0,5.2,8.0,52.0,24.0,168.0,0.8
CO2,high,0.2,NORMA_q_age_set_co,,30,5,0.119047619047619,0.0333333333333333,0.2,1.0,1.0,8.4,1.0,0.0,25.0,4.0,,,,,,,,,,40.0,0.0,1.0,0.0,5.0,37.0,24.0,168.0,0.8
CO2,high,0.2,NORMA_q_age_set_co,,36,6,0.2,0.0277777777777777,0.1666666666666666,1.0,1.0,5.0,1.0,0.0,30.0,5.0,,,,,,,,,,50.0,0.0,1.6666666666666667,0.0,10.0,40.0,24.0,168.0,0.8
CO2,high,0.2,NORMA_q_age_set_co,,96,16,0.2222222222222222,0.1041666666666666,0.1875,0.9125,0.379746835443038,1.708860759493671,3.0,7.0,73.0,13.0,,,,,,,,,,60.0,0.0,4.5,7.35,24.0,84.0,24.0,168.0,0.8
CO2,high,0.2,NORMA_q_age_set_co,,36,6,0.14,0.0277777777777777,0.1666666666666666,1.0,1.0,7.142857142857142,1.0,0.0,30.0,5.0,,,,,,,,,,60.0,1.0,1.1666666666666667,0.0,7.0,43.0,24.0,168.0,0.8
CO2,high,0.2,NORMA_q_age_set_co,,78,13,0.1274509803921568,0.2307692307692307,0.2307692307692307,0.7692307692307693,0.1274509803921568,1.0,3.0,15.0,50.0,10.0,,,,,,,,,,70.0,0.0,3.0,20.53846153846154,13.0,89.0,24.0,168.0,0.8
CO2,high,0.2,NORMA_q_age_set_co,,48,8,0.1333333333333333,0.1666666666666666,0.25,0.85,0.2040816326530612,1.530612244897959,2.0,6.0,34.0,6.0,,,,,,,,,,70.0,1.0,2.0,7.8,8.0,52.0,24.0,168.0,0.8
CO2,low,0.2,PopRI,,88,5,0.0555555555555555,0.125,0.2,0.8795180722891566,0.0889603429796355,1.6012861736334405,1.0,10.0,73.0,4.0,,,,,,,,,,60.0,0.0,1.2,12.289156626506024,6.0,102.0,24.0,168.0,0.8
CO2,low,0.2,PopRI,,88,5,0.0588235294117647,0.0795454545454545,0.2,0.927710843373494,0.147424511545293,2.5062166962699823,1.0,6.0,77.0,4.0,,,,,,,,,,70.0,0.0,1.2,6.9397590361445785,6.0,96.0,24.0,168.0,0.8
CO2,low,0.2,PerRI,,88,5,0.0555555555555555,0.2159090909090909,0.2,0.7831325301204819,0.0514569125852448,0.926224426534408,1.0,18.0,65.0,4.0,,,,,,,,,,60.0,0.0,1.2,22.120481927710845,6.0,102.0,24.0,168.0,0.8
CO2,low,0.2,PerRI,,88,5,0.0588235294117647,0.2159090909090909,0.2,0.7831325301204819,0.0544977019041365,0.9264609323703218,1.0,18.0,65.0,4.0,,,,,,,,,,70.0,0.0,1.2,20.81927710843373,6.0,96.0,24.0,168.0,0.8
CO2,low,0.2,Cohen_m2,,88,5,0.0555555555555555,0.1477272727272727,0.2,0.8554216867469879,0.0752493200362647,1.3544877606527652,1.0,12.0,71.0,4.0,,,,,,,,,,60.0,0.0,1.2,14.74698795180723,6.0,102.0,24.0,168.0,0.8
CO2,low,0.2,Cohen_m2,,88,5,0.0588235294117647,0.0795454545454545,0.2,0.927710843373494,0.147424511545293,2.5062166962699823,1.0,6.0,77.0,4.0,,,,,,,,,,70.0,0.0,1.2,6.9397590361445785,6.0,96.0,24.0,168.0,0.8
CO2,low,0.2,Cohen_m3,,88,5,0.0555555555555555,0.1818181818181818,0.2,0.8192771084337349,0.0611192930780559,1.1001472754050077,1.0,15.0,68.0,4.0,,,,,,,,,,60.0,0.0,1.2,18.433734939759034,6.0,102.0,24.0,168.0,0.8
CO2,low,0.2,Cohen_m3,,88,5,0.0588235294117647,0.0113636363636363,0.2,1.0,1.0,17.0,1.0,0.0,83.0,4.0,,,,,,,,,,70.0,0.0,1.2,0.0,6.0,96.0,24.0,168.0,0.8
CO2,low,0.2,Cohen_m4,,88,5,0.0555555555555555,0.1704545454545454,0.2,0.8313253012048193,0.0652003142183817,1.1736056559308718,1.0,14.0,69.0,4.0,,,,,,,,,,60.0,0.0,1.2,17.204819277108435,6.0,102.0,24.0,168.0,0.8
CO2,low,0.2,Cohen_m4,,88,5,0.0588235294117647,0.0795454545454545,0.2,0.927710843373494,0.147424511545293,2.5062166962699823,1.0,6.0,77.0,4.0,,,,,,,,,,70.0,0.0,1.2,6.9397590361445785,6.0,96.0,24.0,168.0,0.8
CO2,low,0.2,Gaussian_mle,,88,5,0.0555555555555555,0.125,0.2,0.8795180722891566,0.0889603429796355,1.6012861736334405,1.0,10.0,73.0,4.0,,,,,,,,,,60.0,0.0,1.2,12.289156626506024,6.0,102.0,24.0,168.0,0.8
CO2,low,0.2,Gaussian_mle,,88,5,0.0588235294117647,0.0568181818181818,0.2,0.9518072289156626,0.205955334987593,3.501240694789082,1.0,4.0,79.0,4.0,,,,,,,,,,70.0,0.0,1.2,4.626506024096385,6.0,96.0,24.0,168.0,0.8
CO2,low,0.2,Gaussian_trunc,,88,5,0.0555555555555555,0.1818181818181818,0.2,0.8192771084337349,0.0611192930780559,1.1001472754050077,1.0,15.0,68.0,4.0,,,,,,,,,,60.0,0.0,1.2,18.433734939759034,6.0,102.0,24.0,168.0,0.8
CO2,low,0.2,Gaussian_trunc,,88,5,0.0588235294117647,0.1818181818181818,0.2,0.8192771084337349,0.0646921278254092,1.0997661730319563,1.0,15.0,68.0,4.0,,,,,,,,,,70.0,0.0,1.2,17.349397590361445,6.0,96.0,24.0,168.0,0.8
CO2,low,0.2,Gaussian_eb,,88,5,0.0555555555555555,0.1477272727272727,0.2,0.8554216867469879,0.0752493200362647,1.3544877606527652,1.0,12.0,71.0,4.0,,,,,,,,,,60.0,0.0,1.2,14.74698795180723,6.0,102.0,24.0,168.0,0.8
CO2,low,0.2,Gaussian_eb,,88,5,0.0588235294117647,0.0681818181818181,0.2,0.9397590361445785,0.1718426501035196,2.921325051759834,1.0,5.0,78.0,4.0,,,,,,,,,,70.0,0.0,1.2,5.783132530120482,6.0,96.0,24.0,168.0,0.8
CO2,low,0.2,NORMA_q_age_set,,88,5,0.0555555555555555,0.1022727272727272,0.2,0.9036144578313252,0.1087811271297509,1.958060288335518,1.0,8.0,75.0,4.0,,,,,,,,,,60.0,0.0,1.2,9.83132530120482,6.0,102.0,24.0,168.0,0.8
CO2,low,0.2,NORMA_q_age_set,,88,5,0.0588235294117647,0.1022727272727272,0.2,0.9036144578313252,0.1147994467496542,1.9515905947441217,1.0,8.0,75.0,4.0,,,,,,,,,,70.0,0.0,1.2,9.25301204819277,6.0,96.0,24.0,168.0,0.8
CO2,low,0.2,NORMA_334f7e21,,88,5,0.0555555555555555,0.0909090909090909,0.2,0.9156626506024096,0.1224188790560472,2.2035398230088497,1.0,7.0,76.0,4.0,,,,,,,,,,60.0,0.0,1.2,8.602409638554217,6.0,102.0,24.0,168.0,0.8
CO2,low,0.2,NORMA_334f7e21,,88,5,0.0588235294117647,0.1022727272727272,0.2,0.9036144578313252,0.1147994467496542,1.9515905947441217,1.0,8.0,75.0,4.0,,,,,,,,,,70.0,0.0,1.2,9.25301204819277,6.0,96.0,24.0,168.0,0.8
CO2,low,0.2,NORMA_q_age,,88,5,0.0555555555555555,0.1136363636363636,0.2,0.891566265060241,0.097877358490566,1.7617924528301887,1.0,9.0,74.0,4.0,,,,,,,,,,60.0,0.0,1.2,11.060240963855422,6.0,102.0,24.0,168.0,0.8
CO2,low,0.2,NORMA_q_age,,88,5,0.0588235294117647,0.1022727272727272,0.2,0.9036144578313252,0.1147994467496542,1.9515905947441217,1.0,8.0,75.0,4.0,,,,,,,,,,70.0,0.0,1.2,9.25301204819277,6.0,96.0,24.0,168.0,0.8
CO2,low,0.2,NORMA_q_set,,88,5,0.0555555555555555,0.034090909090909,0.2,0.9759036144578314,0.3280632411067193,5.905138339920949,1.0,2.0,81.0,4.0,,,,,,,,,,60.0,0.0,1.2,2.4578313253012047,6.0,102.0,24.0,168.0,0.8
CO2,low,0.2,NORMA_q_set,,88,5,0.0588235294117647,0.1022727272727272,0.2,0.9036144578313252,0.1147994467496542,1.9515905947441217,1.0,8.0,75.0,4.0,,,,,,,,,,70.0,0.0,1.2,9.25301204819277,6.0,96.0,24.0,168.0,0.8
CO2,low,0.2,NORMA_q_co,,88,5,0.0555555555555555,0.0454545454545454,0.2,0.963855421686747,0.2455621301775148,4.420118343195266,1.0,3.0,80.0,4.0,,,,,,,,,,60.0,0.0,1.2,3.6867469879518073,6.0,102.0,24.0,168.0,0.8
CO2,low,0.2,NORMA_q_co,,88,5,0.0588235294117647,0.0681818181818181,0.2,0.9397590361445785,0.1718426501035196,2.921325051759834,1.0,5.0,78.0,4.0,,,,,,,,,,70.0,0.0,1.2,5.783132530120482,6.0,96.0,24.0,168.0,0.8
CO2,low,0.2,NORMA_q_age_set_co,,88,5,0.0555555555555555,0.1136363636363636,0.2,0.891566265060241,0.097877358490566,1.7617924528301887,1.0,9.0,74.0,4.0,,,,,,,,,,60.0,0.0,1.2,11.060240963855422,6.0,102.0,24.0,168.0,0.8
CO2,low,0.2,NORMA_q_age_set_co,,88,5,0.0588235294117647,0.1022727272727272,0.2,0.9036144578313252,0.1147994467496542,1.9515905947441217,1.0,8.0,75.0,4.0,,,,,,,,,,70.0,0.0,1.2,9.25301204819277,6.0,96.0,24.0,168.0,0.8
CRE,high,0.2,PopRI,,592,8,0.0220125786163522,0.0456081081081081,0.25,0.9571917808219178,0.1161759690803683,5.277708309651018,2.0,25.0,559.0,6.0,,,,,,,,,,50.0,0.0,3.5,26.626712328767123,14.0,622.0,24.0,168.0,0.8
CRE,high,0.2,PopRI,,888,12,0.0165118679050567,0.0101351351351351,0.1666666666666666,0.9920091324200914,0.2593538359054069,15.707116687021207,2.0,7.0,869.0,10.0,,,,,,,,,,60.0,0.0,2.6666666666666665,7.615296803652968,16.0,953.0,24.0,168.0,0.8
CRE,high,0.2,PopRI,,444,6,0.0064446831364124,0.0045045045045045,0.1666666666666666,0.997716894977169,0.3213499633162142,49.86280264123258,1.0,1.0,437.0,5.0,,,,,,,,,,60.0,1.0,1.0,2.111872146118721,6.0,925.0,24.0,168.0,0.8
CRE,high,0.2,PopRI,,740,10,0.0232558139534883,0.0283783783783783,0.2,0.973972602739726,0.1546610169491525,6.65042372881356,2.0,19.0,711.0,8.0,,,,,,,,,,70.0,0.0,3.8,20.76986301369863,19.0,798.0,24.0,168.0,0.8
CRE,high,0.2,PopRI,,666,9,0.0101317122593718,0.0315315315315315,0.2222222222222222,0.9710806697108066,0.0729161464316036,7.196823652799281,2.0,19.0,638.0,7.0,,,,,,,,,,70.0,1.0,2.2222222222222223,28.254185692541856,10.0,977.0,24.0,168.0,0.8
CRE,high,0.2,PerRI,,592,8,0.0220125786163522,0.0557432432432432,0.25,0.946917808219178,0.0958454468723623,4.354121729344462,2.0,31.0,553.0,6.0,,,,,,,,,,50.0,0.0,3.5,33.01712328767123,14.0,622.0,24.0,168.0,0.8
CRE,high,0.2,PerRI,,888,12,0.0165118679050567,0.0225225225225225,0.1666666666666666,0.9794520547945206,0.1198563365828629,7.25879938429964,2.0,18.0,858.0,10.0,,,,,,,,,,60.0,0.0,2.6666666666666665,19.58219178082192,16.0,953.0,24.0,168.0,0.8
CRE,high,0.2,PerRI,,444,6,0.0064446831364124,0.045045045045045,0.1666666666666666,0.95662100456621,0.0243157719424859,3.772997279742408,1.0,19.0,419.0,5.0,,,,,,,,,,60.0,1.0,1.0,40.12557077625571,6.0,925.0,24.0,168.0,0.8
CRE,high,0.2,PerRI,,740,10,0.0232558139534883,0.1364864864864864,0.2,0.8643835616438356,0.0339219330855018,1.45864312267658,2.0,99.0,631.0,8.0,,,,,,,,,,70.0,0.0,3.8,108.22191780821916,19.0,798.0,24.0,168.0,0.8
CRE,high,0.2,PerRI,,666,9,0.0101317122593718,0.093093093093093,0.2222222222222222,0.908675799086758,0.0243009320905459,2.398501997336884,2.0,60.0,597.0,7.0,,,,,,,,,,70.0,1.0,2.2222222222222223,89.22374429223744,10.0,977.0,24.0,168.0,0.8
CRE,high,0.2,Cohen_m2,,592,8,0.0220125786163522,0.027027027027027,0.25,0.976027397260274,0.1901041666666666,8.636160714285714,2.0,14.0,570.0,6.0,,,,,,,,,,50.0,0.0,3.5,14.91095890410959,14.0,622.0,24.0,168.0,0.8
CRE,high,0.2,Cohen_m2,,888,12,0.0165118679050567,0.018018018018018,0.1666666666666666,0.9840182648401826,0.1489985967597908,9.023727516264833,2.0,14.0,862.0,10.0,,,,,,,,,,60.0,0.0,2.6666666666666665,15.230593607305936,16.0,953.0,24.0,168.0,0.8
CRE,high,0.2,Cohen_m2,,444,6,0.0064446831364124,0.0405405405405405,0.1666666666666666,0.9611872146118722,0.0270989296541483,4.204850584668688,1.0,17.0,421.0,5.0,,,,,,,,,,60.0,1.0,1.0,35.901826484018265,6.0,925.0,24.0,168.0,0.8
CRE,high,0.2,Cohen_m2,,740,10,0.0232558139534883,0.054054054054054,0.2,0.947945205479452,0.0838117106773823,3.60390355912744,2.0,38.0,692.0,8.0,,,,,,,,,,70.0,0.0,3.8,41.53972602739726,19.0,798.0,24.0,168.0,0.8
CRE,high,0.2,Cohen_m2,,666,9,0.0101317122593718,0.018018018018018,0.2222222222222222,0.984779299847793,0.1300089047195013,12.831878895814784,2.0,10.0,647.0,7.0,,,,,,,,,,70.0,1.0,2.2222222222222223,14.87062404870624,10.0,977.0,24.0,168.0,0.8
CRE,high,0.2,Cohen_m3,,592,8,0.0220125786163522,0.0625,0.25,0.940068493150685,0.0858318636096413,3.8992189468379945,2.0,35.0,549.0,6.0,,,,,,,,,,50.0,0.0,3.5,37.27739726027397,14.0,622.0,24.0,168.0,0.8
CRE,high,0.2,Cohen_m3,,888,12,0.0165118679050567,0.0135135135135135,0.1666666666666666,0.9885844748858448,0.1968649924153042,11.922636103151865,2.0,10.0,866.0,10.0,,,,,,,,,,60.0,0.0,2.6666666666666665,10.878995433789957,16.0,953.0,24.0,168.0,0.8
CRE,high,0.2,Cohen_m3,,444,6,0.0064446831364124,0.027027027027027,0.1666666666666666,0.9748858447488584,0.0412701403938565,6.40375011778008,1.0,11.0,427.0,5.0,,,,,,,,,,60.0,1.0,1.0,23.230593607305934,6.0,925.0,24.0,168.0,0.8
CRE,high,0.2,Cohen_m3,,740,10,0.0232558139534883,0.0527027027027027,0.2,0.9493150684931508,0.0858823529411764,3.692941176470588,2.0,37.0,693.0,8.0,,,,,,,,,,70.0,0.0,3.8,40.44657534246576,19.0,798.0,24.0,168.0,0.8
CRE,high,0.2,Cohen_m3,,666,9,0.0101317122593718,0.0315315315315315,0.2222222222222222,0.9710806697108066,0.0729161464316036,7.196823652799281,2.0,19.0,638.0,7.0,,,,,,,,,,70.0,1.0,2.2222222222222223,28.254185692541856,10.0,977.0,24.0,168.0,0.8
CRE,high,0.2,Cohen_m4,,592,8,0.0220125786163522,0.0202702702702702,0.25,0.9828767123287672,0.2473378509196515,11.23620522749274,2.0,10.0,574.0,6.0,,,,,,,,,,50.0,0.0,3.5,10.650684931506849,14.0,622.0,24.0,168.0,0.8
CRE,high,0.2,Cohen_m4,,888,12,0.0165118679050567,0.0112612612612612,0.1666666666666666,0.9908675799086758,0.2345381526104417,14.20421686746988,2.0,8.0,868.0,10.0,,,,,,,,,,60.0,0.0,2.6666666666666665,8.703196347031964,16.0,953.0,24.0,168.0,0.8
CRE,high,0.2,Cohen_m4,,444,6,0.0064446831364124,0.0225225225225225,0.1666666666666666,0.9794520547945206,0.0499828825744608,7.755677279470501,1.0,9.0,429.0,5.0,,,,,,,,,,60.0,1.0,1.0,19.006849315068493,6.0,925.0,24.0,168.0,0.8
CRE,high,0.2,Cohen_m4,,740,10,0.0232558139534883,0.0189189189189189,0.2,0.9835616438356164,0.2246153846153846,9.65846153846154,2.0,12.0,718.0,8.0,,,,,,,,,,70.0,0.0,3.8,13.117808219178082,19.0,798.0,24.0,168.0,0.8
CRE,high,0.2,Cohen_m4,,666,9,0.0101317122593718,0.012012012012012,0.2222222222222222,0.9908675799086758,0.1993990712919967,19.68068833652008,2.0,6.0,651.0,7.0,,,,,,,,,,70.0,1.0,2.2222222222222223,8.922374429223744,10.0,977.0,24.0,168.0,0.8
CRE,high,0.2,Gaussian_mle,,592,8,0.0220125786163522,0.0320945945945945,0.25,0.9708904109589042,0.1619908067839594,7.359010936757014,2.0,17.0,567.0,6.0,,,,,,,,,,50.0,0.0,3.5,18.106164383561644,14.0,622.0,24.0,168.0,0.8
CRE,high,0.2,Gaussian_mle,,888,12,0.0165118679050567,0.0135135135135135,0.1666666666666666,0.9885844748858448,0.1968649924153042,11.922636103151865,2.0,10.0,866.0,10.0,,,,,,,,,,60.0,0.0,2.6666666666666665,10.878995433789957,16.0,953.0,24.0,168.0,0.8
CRE,high,0.2,Gaussian_mle,,444,6,0.0064446831364124,0.0337837837837837,0.1666666666666666,0.9680365296803652,0.0327158649536898,5.076411711980879,1.0,14.0,424.0,5.0,,,,,,,,,,60.0,1.0,1.0,29.5662100456621,6.0,925.0,24.0,168.0,0.8
CRE,high,0.2,Gaussian_mle,,740,10,0.0232558139534883,0.1067567567567567,0.2,0.8945205479452055,0.0431952662721893,1.8573964497041415,2.0,77.0,653.0,8.0,,,,,,,,,,70.0,0.0,3.8,84.17260273972603,19.0,798.0,24.0,168.0,0.8
CRE,high,0.2,Gaussian_mle,,666,9,0.0101317122593718,0.0525525525525525,0.2222222222222222,0.9497716894977168,0.0433221566125634,4.27589685766001,2.0,33.0,624.0,7.0,,,,,,,,,,70.0,1.0,2.2222222222222223,49.0730593607306,10.0,977.0,24.0,168.0,0.8
CRE,high,0.2,Gaussian_trunc,,592,8,0.0220125786163522,0.1875,0.25,0.8133561643835616,0.0292660576730334,1.3295151914320895,2.0,109.0,475.0,6.0,,,,,,,,,,50.0,0.0,3.5,116.09246575342466,14.0,622.0,24.0,168.0,0.8
CRE,high,0.2,Gaussian_trunc,,888,12,0.0165118679050567,0.1745495495495495,0.1666666666666666,0.8253424657534246,0.0157683350771203,0.9549697931081036,2.0,153.0,723.0,10.0,,,,,,,,,,60.0,0.0,2.6666666666666665,166.4486301369863,16.0,953.0,24.0,168.0,0.8
CRE,high,0.2,Gaussian_trunc,,444,6,0.0064446831364124,0.0045045045045045,0.1666666666666666,0.997716894977169,0.3213499633162142,49.86280264123258,1.0,1.0,437.0,5.0,,,,,,,,,,60.0,1.0,1.0,2.111872146118721,6.0,925.0,24.0,168.0,0.8
CRE,high,0.2,Gaussian_trunc,,740,10,0.0232558139534883,0.1918918918918919,0.2,0.8082191780821918,0.0242283438433455,1.0418187852638563,2.0,140.0,590.0,8.0,,,,,,,,,,70.0,0.0,3.8,153.04109589041096,19.0,798.0,24.0,168.0,0.8
CRE,high,0.2,Gaussian_trunc,,666,9,0.0101317122593718,0.2042042042042042,0.2222222222222222,0.7960426179604262,0.0110290229494326,1.088564565109006,2.0,134.0,523.0,7.0,,,,,,,,,,70.0,1.0,2.2222222222222223,199.2663622526636,10.0,977.0,24.0,168.0,0.8
CRE,high,0.2,Gaussian_eb,,592,8,0.0220125786163522,0.1131756756756756,0.25,0.8886986301369864,0.0481235579413288,2.186184489334652,2.0,65.0,519.0,6.0,,,,,,,,,,50.0,0.0,3.5,69.22945205479452,14.0,622.0,24.0,168.0,0.8
CRE,high,0.2,Gaussian_eb,,888,12,0.0165118679050567,0.1216216216216216,0.1666666666666666,0.8789954337899544,0.0226019312266578,1.3688294599144688,2.0,106.0,770.0,10.0,,,,,,,,,,60.0,0.0,2.6666666666666665,115.31735159817352,16.0,953.0,24.0,168.0,0.8
CRE,high,0.2,Gaussian_eb,,444,6,0.0064446831364124,0.0045045045045045,0.1666666666666666,0.997716894977169,0.3213499633162142,49.86280264123258,1.0,1.0,437.0,5.0,,,,,,,,,,60.0,1.0,1.0,2.111872146118721,6.0,925.0,24.0,168.0,0.8
CRE,high,0.2,Gaussian_eb,,740,10,0.0232558139534883,0.1648648648648648,0.2,0.8356164383561644,0.028152718858465,1.2105669109139992,2.0,120.0,610.0,8.0,,,,,,,,,,70.0,0.0,3.8,131.17808219178082,19.0,798.0,24.0,168.0,0.8
CRE,high,0.2,Gaussian_eb,,666,9,0.0101317122593718,0.1246246246246246,0.2222222222222222,0.8767123287671232,0.0181148181694107,1.787932553320843,2.0,81.0,576.0,7.0,,,,,,,,,,70.0,1.0,2.2222222222222223,120.45205479452056,10.0,977.0,24.0,168.0,0.8
CRE,high,0.2,NORMA_q_age_set,,592,8,0.0220125786163522,0.0337837837837837,0.25,0.9691780821917808,0.1543806646525679,7.013293051359517,2.0,18.0,566.0,6.0,,,,,,,,,,50.0,0.0,3.5,19.171232876712327,14.0,622.0,24.0,168.0,0.8
CRE,high,0.2,NORMA_q_age_set,,888,12,0.0165118679050567,0.0304054054054054,0.1666666666666666,0.9714611872146118,0.0892932227361339,5.407820801957112,2.0,25.0,851.0,10.0,,,,,,,,,,60.0,0.0,2.6666666666666665,27.19748858447489,16.0,953.0,24.0,168.0,0.8
CRE,high,0.2,NORMA_q_age_set,,444,6,0.0064446831364124,0.0472972972972973,0.1666666666666666,0.954337899543379,0.023128102228324,3.588710529094941,1.0,20.0,418.0,5.0,,,,,,,,,,60.0,1.0,1.0,42.23744292237443,6.0,925.0,24.0,168.0,0.8
CRE,high,0.2,NORMA_q_age_set,,740,10,0.0232558139534883,0.0945945945945946,0.2,0.9068493150684932,0.0486342438374417,2.091272485009993,2.0,68.0,662.0,8.0,,,,,,,,,,70.0,0.0,3.8,74.33424657534246,19.0,798.0,24.0,168.0,0.8
CRE,high,0.2,NORMA_q_age_set,,666,9,0.0101317122593718,0.1651651651651651,0.2222222222222222,0.8356164383561644,0.0136479210290158,1.3470498055638649,2.0,108.0,549.0,7.0,,,,,,,,,,70.0,1.0,2.2222222222222223,160.6027397260274,10.0,977.0,24.0,168.0,0.8
CRE,high,0.2,NORMA_334f7e21,,592,8,0.0220125786163522,0.0354729729729729,0.25,0.9674657534246576,0.1474534699177608,6.698600490549705,2.0,19.0,565.0,6.0,,,,,,,,,,50.0,0.0,3.5,20.23630136986301,14.0,622.0,24.0,168.0,0.8
CRE,high,0.2,NORMA_334f7e21,,888,12,0.0165118679050567,0.0304054054054054,0.1666666666666666,0.9714611872146118,0.0892932227361339,5.407820801957112,2.0,25.0,851.0,10.0,,,,,,,,,,60.0,0.0,2.6666666666666665,27.19748858447489,16.0,953.0,24.0,168.0,0.8
CRE,high,0.2,NORMA_334f7e21,,444,6,0.0064446831364124,0.0518018018018018,0.1666666666666666,0.9497716894977168,0.0210698479892245,3.2693380796613427,1.0,22.0,416.0,5.0,,,,,,,,,,60.0,1.0,1.0,46.46118721461188,6.0,925.0,24.0,168.0,0.8
CRE,high,0.2,NORMA_334f7e21,,740,10,0.0232558139534883,0.0621621621621621,0.2,0.9397260273972604,0.0732196589769308,3.148445336008024,2.0,44.0,686.0,8.0,,,,,,,,,,70.0,0.0,3.8,48.0986301369863,19.0,798.0,24.0,168.0,0.8
CRE,high,0.2,NORMA_334f7e21,,666,9,0.0101317122593718,0.1426426426426426,0.2222222222222222,0.8584474885844748,0.0158143867592422,1.560879973137206,2.0,93.0,564.0,7.0,,,,,,,,,,70.0,1.0,2.2222222222222223,138.29680365296804,10.0,977.0,24.0,168.0,0.8
CRE,high,0.2,NORMA_q_age,,592,8,0.0220125786163522,0.0405405405405405,0.25,0.9623287671232876,0.1299593082400814,5.90386571719227,2.0,22.0,562.0,6.0,,,,,,,,,,50.0,0.0,3.5,23.431506849315067,14.0,622.0,24.0,168.0,0.8
CRE,high,0.2,NORMA_q_age,,888,12,0.0165118679050567,0.036036036036036,0.1666666666666666,0.9657534246575342,0.0755351484188061,4.574597426113949,2.0,30.0,846.0,10.0,,,,,,,,,,60.0,0.0,2.6666666666666665,32.636986301369866,16.0,953.0,24.0,168.0,0.8
CRE,high,0.2,NORMA_q_age,,444,6,0.0064446831364124,0.036036036036036,0.1666666666666666,0.9657534246575342,0.0306015510375183,4.748340669321596,1.0,15.0,423.0,5.0,,,,,,,,,,60.0,1.0,1.0,31.67808219178082,6.0,925.0,24.0,168.0,0.8
CRE,high,0.2,NORMA_q_age,,740,10,0.0232558139534883,0.0486486486486486,0.2,0.9534246575342464,0.0927573062261753,3.98856416772554,2.0,34.0,696.0,8.0,,,,,,,,,,70.0,0.0,3.8,37.16712328767123,19.0,798.0,24.0,168.0,0.8
CRE,high,0.2,NORMA_q_age,,666,9,0.0101317122593718,0.1156156156156156,0.2222222222222222,0.8858447488584474,0.0195356927811601,1.9281728775005016,2.0,75.0,582.0,7.0,,,,,,,,,,70.0,1.0,2.2222222222222223,111.5296803652968,10.0,977.0,24.0,168.0,0.8
CRE,high,0.2,NORMA_q_set,,592,8,0.0220125786163522,0.0422297297297297,0.25,0.9606164383561644,0.1250152905198776,5.679266055045872,2.0,23.0,561.0,6.0,,,,,,,,,,50.0,0.0,3.5,24.496575342465757,14.0,622.0,24.0,168.0,0.8
CRE,high,0.2,NORMA_q_set,,888,12,0.0165118679050567,0.0213963963963963,0.1666666666666666,0.980593607305936,0.1260182338026649,7.6319792846738945,2.0,17.0,859.0,10.0,,,,,,,,,,60.0,0.0,2.6666666666666665,18.494292237442924,16.0,953.0,24.0,168.0,0.8
CRE,high,0.2,NORMA_q_set,,444,6,0.0064446831364124,0.045045045045045,0.1666666666666666,0.95662100456621,0.0243157719424859,3.772997279742408,1.0,19.0,419.0,5.0,,,,,,,,,,60.0,1.0,1.0,40.12557077625571,6.0,925.0,24.0,168.0,0.8
CRE,high,0.2,NORMA_q_set,,740,10,0.0232558139534883,0.0486486486486486,0.2,0.9534246575342464,0.0927573062261753,3.98856416772554,2.0,34.0,696.0,8.0,,,,,,,,,,70.0,0.0,3.8,37.16712328767123,19.0,798.0,24.0,168.0,0.8
CRE,high,0.2,NORMA_q_set,,666,9,0.0101317122593718,0.1501501501501501,0.2222222222222222,0.8508371385083714,0.0150196489928605,1.4824393555953337,2.0,98.0,559.0,7.0,,,,,,,,,,70.0,1.0,2.2222222222222223,145.73211567732116,10.0,977.0,24.0,168.0,0.8
CRE,high,0.2,NORMA_q_co,,592,8,0.0220125786163522,0.0591216216216216,0.25,0.9434931506849316,0.0905626938413823,4.114133805937084,2.0,33.0,551.0,6.0,,,,,,,,,,50.0,0.0,3.5,35.147260273972606,14.0,622.0,24.0,168.0,0.8
CRE,high,0.2,NORMA_q_co,,888,12,0.0165118679050567,0.0292792792792792,0.1666666666666666,0.9726027397260274,0.0926689939701681,5.612265947318312,2.0,24.0,852.0,10.0,,,,,,,,,,60.0,0.0,2.6666666666666665,26.10958904109589,16.0,953.0,24.0,168.0,0.8
CRE,high,0.2,NORMA_q_co,,444,6,0.0064446831364124,0.0472972972972973,0.1666666666666666,0.954337899543379,0.023128102228324,3.588710529094941,1.0,20.0,418.0,5.0,,,,,,,,,,60.0,1.0,1.0,42.23744292237443,6.0,925.0,24.0,168.0,0.8
CRE,high,0.2,NORMA_q_co,,740,10,0.0232558139534883,0.1135135135135135,0.2,0.8876712328767123,0.0406685236768802,1.7487465181058497,2.0,82.0,648.0,8.0,,,,,,,,,,70.0,0.0,3.8,89.63835616438357,19.0,798.0,24.0,168.0,0.8
CRE,high,0.2,NORMA_q_co,,666,9,0.0101317122593718,0.1126126126126126,0.2222222222222222,0.8888888888888888,0.0200601805416248,1.979939819458375,2.0,73.0,584.0,7.0,,,,,,,,,,70.0,1.0,2.2222222222222223,108.55555555555556,10.0,977.0,24.0,168.0,0.8
CRE,high,0.2,NORMA_q_age_set_co,,592,8,0.0220125786163522,0.0371621621621621,0.25,0.9657534246575342,0.1411212372272852,6.410936205468103,2.0,20.0,564.0,6.0,,,,,,,,,,50.0,0.0,3.5,21.301369863013697,14.0,622.0,24.0,168.0,0.8
CRE,high,0.2,NORMA_q_age_set_co,,888,12,0.0165118679050567,0.0394144144144144,0.1666666666666666,0.9623287671232876,0.0691431108480094,4.187479650732573,2.0,33.0,843.0,10.0,,,,,,,,,,60.0,0.0,2.6666666666666665,35.90068493150685,16.0,953.0,24.0,168.0,0.8
CRE,high,0.2,NORMA_q_age_set_co,,444,6,0.0064446831364124,0.0292792792792792,0.1666666666666666,0.9726027397260274,0.0379615184607384,5.890362281157913,1.0,12.0,426.0,5.0,,,,,,,,,,60.0,1.0,1.0,25.34246575342466,6.0,925.0,24.0,168.0,0.8
CRE,high,0.2,NORMA_q_age_set_co,,740,10,0.0232558139534883,0.0594594594594594,0.2,0.9424657534246575,0.0764397905759162,3.286910994764398,2.0,42.0,688.0,8.0,,,,,,,,,,70.0,0.0,3.8,45.91232876712328,19.0,798.0,24.0,168.0,0.8
CRE,high,0.2,NORMA_q_age_set_co,,666,9,0.0101317122593718,0.1366366366366366,0.2222222222222222,0.8645357686453576,0.0165134086616221,1.6298734349021071,2.0,89.0,568.0,7.0,,,,,,,,,,70.0,1.0,2.2222222222222223,132.34855403348553,10.0,977.0,24.0,168.0,0.8
CRE,low,0.2,PopRI,,214,14,0.1087866108786611,0.0747663551401869,0.2142857142857142,0.935,0.2869440459110473,2.637677960490012,3.0,13.0,187.0,11.0,,,,,,,,,,20.0,0.0,5.571428571428571,13.845,26.0,213.0,24.0,168.0,0.8
CRE,low,0.2,PopRI,,198,13,0.0600858369098712,0.0555555555555555,0.2307692307692307,0.9567567567567568,0.2543704576703988,4.233451188371637,3.0,8.0,177.0,10.0,,,,,,,,,,30.0,0.0,3.230769230769231,9.47027027027027,14.0,219.0,24.0,168.0,0.8
CRE,low,0.2,PopRI,,198,13,0.1111111111111111,0.0858585858585858,0.2307692307692307,0.9243243243243244,0.2759820984584784,2.4838388861263057,3.0,14.0,171.0,10.0,,,,,,,,,,30.0,1.0,5.769230769230769,15.135135135135137,25.0,200.0,24.0,168.0,0.8
CRE,low,0.2,PopRI,,274,18,0.0646153846153846,0.0547445255474452,0.2222222222222222,0.95703125,0.263219741480611,4.073638856247552,4.0,11.0,245.0,14.0,,,,,,,,,,40.0,0.0,4.666666666666667,13.0625,21.0,304.0,24.0,168.0,0.8
CRE,low,0.2,PopRI,,289,19,0.0707395498392283,0.1487889273356401,0.2105263157894736,0.8555555555555555,0.0998701184066176,1.4118003102026406,4.0,39.0,231.0,15.0,,,,,,,,,,40.0,1.0,4.631578947368421,41.74444444444445,22.0,289.0,24.0,168.0,0.8
CRE,low,0.2,PopRI,,578,38,0.0691823899371069,0.0709342560553633,0.2105263157894736,0.9388888888888888,0.203850509626274,2.9465664573252344,8.0,33.0,507.0,30.0,,,,,,,,,,50.0,0.0,9.263157894736842,36.17777777777778,44.0,592.0,24.0,168.0,0.8
CRE,low,0.2,PopRI,,548,36,0.0871886120996441,0.0620437956204379,0.1944444444444444,0.947265625,0.2604604806511512,2.987322247468306,7.0,27.0,485.0,29.0,,,,,,,,,,50.0,1.0,9.52777777777778,27.052734375,49.0,513.0,24.0,168.0,0.8
CRE,low,0.2,PopRI,,868,57,0.0588235294117647,0.0380184331797235,0.1929824561403508,0.9728729963008632,0.3077798861480075,5.232258064516128,11.0,22.0,789.0,46.0,,,,,,,,,,60.0,0.0,11.0,24.739827373612822,57.0,912.0,24.0,168.0,0.8
CRE,low,0.2,PopRI,,883,58,0.0622986036519871,0.0475651189127972,0.2068965517241379,0.9636363636363636,0.2743142144638403,4.403216097686816,12.0,30.0,795.0,46.0,,,,,,,,,,60.0,1.0,12.0,31.745454545454542,58.0,873.0,24.0,168.0,0.8
CRE,low,0.2,PopRI,,791,52,0.0722154222766217,0.0543615676359039,0.1923076923076923,0.9553450608930988,0.2510511084573494,3.476419586604313,10.0,33.0,706.0,42.0,,,,,,,,,,70.0,0.0,11.346153846153848,33.84844384303112,59.0,758.0,24.0,168.0,0.8
CRE,low,0.2,PopRI,,609,40,0.0405268490374873,0.0722495894909688,0.2,0.936731107205624,0.117793189110858,2.906546941310423,8.0,36.0,533.0,32.0,,,,,,,,,,70.0,1.0,8.0,59.91564147627417,40.0,947.0,24.0,168.0,0.8
CRE,low,0.2,PopRI,,244,16,0.0833333333333333,0.040983606557377,0.1875,0.9692982456140352,0.3569937369519833,4.2839248434238,3.0,7.0,221.0,13.0,,,,,,,,,,80.0,0.0,3.9375,7.092105263157895,21.0,231.0,24.0,168.0,0.8
CRE,low,0.2,PopRI,,259,17,0.0489913544668587,0.0193050193050193,0.1764705882352941,0.9917355371900828,0.5238095238095238,10.69187675070028,3.0,2.0,240.0,14.0,,,,,,,,,,80.0,1.0,3.0,2.727272727272727,17.0,330.0,24.0,168.0,0.8
CRE,low,0.2,PerRI,,214,14,0.1087866108786611,0.2289719626168224,0.2142857142857142,0.77,0.1021129526352996,0.938653679993716,3.0,46.0,154.0,11.0,,,,,,,,,,20.0,0.0,5.571428571428571,48.99,26.0,213.0,24.0,168.0,0.8
CRE,low,0.2,PerRI,,198,13,0.0600858369098712,0.2525252525252525,0.2307692307692307,0.745945945945946,0.0548810204903269,0.9133769838747272,3.0,47.0,138.0,10.0,,,,,,,,,,30.0,0.0,3.230769230769231,55.63783783783784,14.0,219.0,24.0,168.0,0.8
CRE,low,0.2,PerRI,,198,13,0.1111111111111111,0.1969696969696969,0.2307692307692307,0.8054054054054054,0.1290997906489881,1.1618981158408932,3.0,36.0,149.0,10.0,,,,,,,,,,30.0,1.0,5.769230769230769,38.91891891891892,25.0,200.0,24.0,168.0,0.8
CRE,low,0.2,PerRI,,274,18,0.0646153846153846,0.156934306569343,0.2222222222222222,0.84765625,0.091540662035145,1.4167007219724834,4.0,39.0,217.0,14.0,,,,,,,,,,40.0,0.0,4.666666666666667,46.3125,21.0,304.0,24.0,168.0,0.8
CRE,low,0.2,PerRI,,289,19,0.0707395498392283,0.1349480968858131,0.2105263157894736,0.8703703703703703,0.110028016393063,1.5553960499201185,4.0,35.0,235.0,15.0,,,,,,,,,,40.0,1.0,4.631578947368421,37.46296296296296,22.0,289.0,24.0,168.0,0.8
CRE,low,0.2,PerRI,,578,38,0.0691823899371069,0.1955017301038062,0.2105263157894736,0.8055555555555556,0.0744780891480157,1.076546924957683,8.0,105.0,435.0,30.0,,,,,,,,,,50.0,0.0,9.263157894736842,115.11111111111111,44.0,592.0,24.0,168.0,0.8
CRE,low,0.2,PerRI,,548,36,0.0871886120996441,0.2226277372262773,0.1944444444444444,0.775390625,0.0763735107217596,0.875957408686304,7.0,115.0,397.0,29.0,,,,,,,,,,50.0,1.0,9.52777777777778,115.224609375,49.0,513.0,24.0,168.0,0.8
CRE,low,0.2,PerRI,,868,57,0.0588235294117647,0.1497695852534562,0.1929824561403508,0.8532675709001233,0.0759563725531933,1.2912583334042862,11.0,119.0,692.0,46.0,,,,,,,,,,60.0,0.0,11.0,133.8199753390875,57.0,912.0,24.0,168.0,0.8
CRE,low,0.2,PerRI,,883,58,0.0622986036519871,0.2095130237825594,0.2068965517241379,0.7903030303030303,0.0615178122028969,0.9874669510499492,12.0,173.0,652.0,46.0,,,,,,,,,,60.0,1.0,12.0,183.06545454545451,58.0,873.0,24.0,168.0,0.8
CRE,low,0.2,PerRI,,791,52,0.0722154222766217,0.147914032869785,0.1923076923076923,0.8552097428958051,0.0936946252752216,1.2974323533873915,10.0,107.0,632.0,42.0,,,,,,,,,,70.0,0.0,11.346153846153848,109.7510148849797,59.0,758.0,24.0,168.0,0.8
CRE,low,0.2,PerRI,,609,40,0.0405268490374873,0.2233169129720854,0.2,0.7750439367311072,0.0361936263596463,0.8930777304242733,8.0,128.0,441.0,32.0,,,,,,,,,,70.0,1.0,8.0,213.0333919156415,40.0,947.0,24.0,168.0,0.8
CRE,low,0.2,PerRI,,244,16,0.0833333333333333,0.1639344262295081,0.1875,0.8377192982456141,0.0950528071150639,1.140633685380767,3.0,37.0,191.0,13.0,,,,,,,,,,80.0,0.0,3.9375,37.48684210526316,21.0,231.0,24.0,168.0,0.8
CRE,low,0.2,PerRI,,259,17,0.0489913544668587,0.1196911196911196,0.1764705882352941,0.8842975206611571,0.0728476821192053,1.4869497467861317,3.0,28.0,214.0,14.0,,,,,,,,,,80.0,1.0,3.0,38.18181818181818,17.0,330.0,24.0,168.0,0.8
CRE,low,0.2,Cohen_m2,,214,14,0.1087866108786611,0.3411214953271028,0.2142857142857142,0.65,0.069537309441027,0.6392083444771329,3.0,70.0,130.0,11.0,,,,,,,,,,20.0,0.0,5.571428571428571,74.55,26.0,213.0,24.0,168.0,0.8
CRE,low,0.2,Cohen_m2,,198,13,0.0600858369098712,0.1212121212121212,0.2307692307692307,0.8864864864864865,0.1150139881877525,1.914161374839025,3.0,21.0,164.0,10.0,,,,,,,,,,30.0,0.0,3.230769230769231,24.85945945945946,14.0,219.0,24.0,168.0,0.8
CRE,low,0.2,Cohen_m2,,198,13,0.1111111111111111,0.2424242424242424,0.2307692307692307,0.7567567567567568,0.1060171919770773,0.9541547277936964,3.0,45.0,140.0,10.0,,,,,,,,,,30.0,1.0,5.769230769230769,48.648648648648646,25.0,200.0,24.0,168.0,0.8
CRE,low,0.2,Cohen_m2,,274,18,0.0646153846153846,0.1715328467153284,0.2222222222222222,0.83203125,0.0837383177570093,1.29595015576324,4.0,43.0,213.0,14.0,,,,,,,,,,40.0,0.0,4.666666666666667,51.0625,21.0,304.0,24.0,168.0,0.8
CRE,low,0.2,Cohen_m2,,289,19,0.0707395498392283,0.2422145328719723,0.2105263157894736,0.7555555555555555,0.0615279439412066,0.8697813893506937,4.0,66.0,204.0,15.0,,,,,,,,,,40.0,1.0,4.631578947368421,70.64444444444445,22.0,289.0,24.0,168.0,0.8
CRE,low,0.2,Cohen_m2,,578,38,0.0691823899371069,0.1626297577854671,0.2105263157894736,0.8407407407407408,0.0894605259194554,1.2931112382903098,8.0,86.0,454.0,30.0,,,,,,,,,,50.0,0.0,9.263157894736842,94.28148148148148,44.0,592.0,24.0,168.0,0.8
CRE,low,0.2,Cohen_m2,,548,36,0.0871886120996441,0.0875912408759124,0.1944444444444444,0.919921875,0.1882667741562,2.1593046341996818,7.0,41.0,471.0,29.0,,,,,,,,,,50.0,1.0,9.52777777777778,41.080078125,49.0,513.0,24.0,168.0,0.8
CRE,low,0.2,Cohen_m2,,868,57,0.0588235294117647,0.1509216589861751,0.1929824561403508,0.8520345252774353,0.0753711104164378,1.2813088770794434,11.0,120.0,691.0,46.0,,,,,,,,,,60.0,0.0,11.0,134.94451294697905,57.0,912.0,24.0,168.0,0.8
CRE,low,0.2,Cohen_m2,,883,58,0.0622986036519871,0.1947904869762174,0.2068965517241379,0.806060606060606,0.0661853188929001,1.0623884808498278,12.0,160.0,665.0,46.0,,,,,,,,,,60.0,1.0,12.0,169.3090909090909,58.0,873.0,24.0,168.0,0.8
CRE,low,0.2,Cohen_m2,,791,52,0.0722154222766217,0.1163084702907711,0.1923076923076923,0.8890392422192152,0.1188646397257234,1.6459730619646786,10.0,82.0,657.0,42.0,,,,,,,,,,70.0,0.0,11.346153846153848,84.10825439783491,59.0,758.0,24.0,168.0,0.8
CRE,low,0.2,Cohen_m2,,609,40,0.0405268490374873,0.1937602627257799,0.2,0.8066783831282952,0.0418682511359246,1.0330990967789406,8.0,110.0,459.0,32.0,,,,,,,,,,70.0,1.0,8.0,183.0755711775044,40.0,947.0,24.0,168.0,0.8
CRE,low,0.2,Cohen_m2,,244,16,0.0833333333333333,0.1639344262295081,0.1875,0.8377192982456141,0.0950528071150639,1.140633685380767,3.0,37.0,191.0,13.0,,,,,,,,,,80.0,0.0,3.9375,37.48684210526316,21.0,231.0,24.0,168.0,0.8
CRE,low,0.2,Cohen_m2,,259,17,0.0489913544668587,0.1428571428571428,0.1764705882352941,0.859504132231405,0.0607734806629834,1.2404939876503087,3.0,34.0,208.0,14.0,,,,,,,,,,80.0,1.0,3.0,46.36363636363637,17.0,330.0,24.0,168.0,0.8
CRE,low,0.2,Cohen_m3,,214,14,0.1087866108786611,0.2476635514018691,0.2142857142857142,0.75,0.0947176684881603,0.8706739526411658,3.0,50.0,150.0,11.0,,,,,,,,,,20.0,0.0,5.571428571428571,53.25,26.0,213.0,24.0,168.0,0.8
CRE,low,0.2,Cohen_m3,,198,13,0.0600858369098712,0.1161616161616161,0.2307692307692307,0.8918918918918919,0.120074177097821,1.9983773759851648,3.0,20.0,165.0,10.0,,,,,,,,,,30.0,0.0,3.230769230769231,23.67567567567568,14.0,219.0,24.0,168.0,0.8
CRE,low,0.2,Cohen_m3,,198,13,0.1111111111111111,0.1262626262626262,0.2307692307692307,0.8810810810810811,0.1952163207879001,1.7569468870911011,3.0,22.0,163.0,10.0,,,,,,,,,,30.0,1.0,5.769230769230769,23.783783783783782,25.0,200.0,24.0,168.0,0.8
CRE,low,0.2,Cohen_m3,,274,18,0.0646153846153846,0.145985401459854,0.2222222222222222,0.859375,0.0984182776801406,1.5231400117164615,4.0,36.0,220.0,14.0,,,,,,,,,,40.0,0.0,4.666666666666667,42.75,21.0,304.0,24.0,168.0,0.8
CRE,low,0.2,Cohen_m3,,289,19,0.0707395498392283,0.2664359861591695,0.2105263157894736,0.7296296296296296,0.0559581538519511,0.7910448112707635,4.0,73.0,197.0,15.0,,,,,,,,,,40.0,1.0,4.631578947368421,78.13703703703703,22.0,289.0,24.0,168.0,0.8
CRE,low,0.2,Cohen_m3,,578,38,0.0691823899371069,0.143598615916955,0.2105263157894736,0.8611111111111112,0.1012528765021733,1.463564305804142,8.0,75.0,465.0,30.0,,,,,,,,,,50.0,0.0,9.263157894736842,82.22222222222223,44.0,592.0,24.0,168.0,0.8
CRE,low,0.2,Cohen_m3,,548,36,0.0871886120996441,0.1313868613138686,0.1944444444444444,0.873046875,0.1276245679618847,1.4637756570322291,7.0,65.0,447.0,29.0,,,,,,,,,,50.0,1.0,9.52777777777778,65.126953125,49.0,513.0,24.0,168.0,0.8
CRE,low,0.2,Cohen_m3,,868,57,0.0588235294117647,0.1255760368663594,0.1929824561403508,0.8791615289765722,0.0907555673113116,1.5428446442922978,11.0,98.0,713.0,46.0,,,,,,,,,,60.0,0.0,11.0,110.20468557336622,57.0,912.0,24.0,168.0,0.8
CRE,low,0.2,Cohen_m3,,883,58,0.0622986036519871,0.1370328425821064,0.2068965517241379,0.8678787878787879,0.0942345583825923,1.512627135417128,12.0,109.0,716.0,46.0,,,,,,,,,,60.0,1.0,12.0,115.34181818181818,58.0,873.0,24.0,168.0,0.8
CRE,low,0.2,Cohen_m3,,791,52,0.0722154222766217,0.1163084702907711,0.1923076923076923,0.8890392422192152,0.1188646397257234,1.6459730619646786,10.0,82.0,657.0,42.0,,,,,,,,,,70.0,0.0,11.346153846153848,84.10825439783491,59.0,758.0,24.0,168.0,0.8
CRE,low,0.2,Cohen_m3,,609,40,0.0405268490374873,0.1937602627257799,0.2,0.8066783831282952,0.0418682511359246,1.0330990967789406,8.0,110.0,459.0,32.0,,,,,,,,,,70.0,1.0,8.0,183.0755711775044,40.0,947.0,24.0,168.0,0.8
CRE,low,0.2,Cohen_m3,,244,16,0.0833333333333333,0.1024590163934426,0.1875,0.9035087719298246,0.1501316944688323,1.801580333625988,3.0,22.0,206.0,13.0,,,,,,,,,,80.0,0.0,3.9375,22.289473684210527,21.0,231.0,24.0,168.0,0.8
CRE,low,0.2,Cohen_m3,,259,17,0.0489913544668587,0.0347490347490347,0.1764705882352941,0.975206611570248,0.2682926829268293,5.476327116212339,3.0,6.0,236.0,14.0,,,,,,,,,,80.0,1.0,3.0,8.181818181818182,17.0,330.0,24.0,168.0,0.8
CRE,low,0.2,Cohen_m4,,214,14,0.1087866108786611,0.2570093457943925,0.2142857142857142,0.74,0.0914076782449725,0.8402475038672479,3.0,52.0,148.0,11.0,,,,,,,,,,20.0,0.0,5.571428571428571,55.38,26.0,213.0,24.0,168.0,0.8
CRE,low,0.2,Cohen_m4,,198,13,0.0600858369098712,0.0757575757575757,0.2307692307692307,0.9351351351351352,0.1852911718414651,3.0837745027900985,3.0,12.0,173.0,10.0,,,,,,,,,,30.0,0.0,3.230769230769231,14.205405405405406,14.0,219.0,24.0,168.0,0.8
CRE,low,0.2,Cohen_m4,,198,13,0.1111111111111111,0.1212121212121212,0.2307692307692307,0.8864864864864865,0.2026286966046002,1.823658269441402,3.0,21.0,164.0,10.0,,,,,,,,,,30.0,1.0,5.769230769230769,22.7027027027027,25.0,200.0,24.0,168.0,0.8
CRE,low,0.2,Cohen_m4,,274,18,0.0646153846153846,0.1642335766423357,0.2222222222222222,0.83984375,0.087465833658727,1.353637901861252,4.0,41.0,215.0,14.0,,,,,,,,,,40.0,0.0,4.666666666666667,48.6875,21.0,304.0,24.0,168.0,0.8
CRE,low,0.2,Cohen_m4,,289,19,0.0707395498392283,0.0553633217993079,0.2105263157894736,0.9555555555555556,0.26502476241467,3.7464864141346537,4.0,12.0,258.0,15.0,,,,,,,,,,40.0,1.0,4.631578947368421,12.844444444444443,22.0,289.0,24.0,168.0,0.8
CRE,low,0.2,Cohen_m4,,578,38,0.0691823899371069,0.1678200692041522,0.2105263157894736,0.8351851851851851,0.08670646795218,1.2533025822178756,8.0,89.0,451.0,30.0,,,,,,,,,,50.0,0.0,9.263157894736842,97.57037037037036,44.0,592.0,24.0,168.0,0.8
CRE,low,0.2,Cohen_m4,,548,36,0.0871886120996441,0.0821167883211678,0.1944444444444444,0.92578125,0.2001550034191931,2.2956553453385005,7.0,38.0,474.0,29.0,,,,,,,,,,50.0,1.0,9.52777777777778,38.07421875,49.0,513.0,24.0,168.0,0.8
CRE,low,0.2,Cohen_m4,,868,57,0.0588235294117647,0.1152073732718894,0.1929824561403508,0.8902589395807645,0.0990242981940081,1.6834130692981386,11.0,89.0,722.0,46.0,,,,,,,,,,60.0,0.0,11.0,100.0838471023428,57.0,912.0,24.0,168.0,0.8
CRE,low,0.2,Cohen_m4,,883,58,0.0622986036519871,0.0634201585503963,0.2068965517241379,0.9466666666666668,0.2049180327868852,3.289287733182589,12.0,44.0,781.0,46.0,,,,,,,,,,60.0,1.0,12.0,46.56,58.0,873.0,24.0,168.0,0.8
CRE,low,0.2,Cohen_m4,,791,52,0.0722154222766217,0.0884955752212389,0.1923076923076923,0.918809201623816,0.1556639307097184,2.155549684573559,10.0,60.0,679.0,42.0,,,,,,,,,,70.0,0.0,11.346153846153848,61.5426251691475,59.0,758.0,24.0,168.0,0.8
CRE,low,0.2,Cohen_m4,,609,40,0.0405268490374873,0.0821018062397372,0.2,0.9261862917398944,0.1026936786536118,2.5339665207778728,8.0,42.0,527.0,32.0,,,,,,,,,,70.0,1.0,8.0,69.90158172231986,40.0,947.0,24.0,168.0,0.8
CRE,low,0.2,Cohen_m4,,244,16,0.0833333333333333,0.081967213114754,0.1875,0.925438596491228,0.1860718171926006,2.232861806311208,3.0,17.0,211.0,13.0,,,,,,,,,,80.0,0.0,3.9375,17.223684210526315,21.0,231.0,24.0,168.0,0.8
CRE,low,0.2,Cohen_m4,,259,17,0.0489913544668587,0.0386100386100386,0.1764705882352941,0.9710743801652892,0.2391304347826087,4.881074168797954,3.0,7.0,235.0,14.0,,,,,,,,,,80.0,1.0,3.0,9.545454545454543,17.0,330.0,24.0,168.0,0.8
CRE,low,0.2,Gaussian_mle,,214,14,0.1087866108786611,0.2149532710280373,0.2142857142857142,0.785,0.1084643944766592,0.997038087689291,3.0,43.0,157.0,11.0,,,,,,,,,,20.0,0.0,5.571428571428571,45.795,26.0,213.0,24.0,168.0,0.8
CRE,low,0.2,Gaussian_mle,,198,13,0.0600858369098712,0.202020202020202,0.2307692307692307,0.8,0.0686947988223748,1.1432777232580962,3.0,37.0,148.0,10.0,,,,,,,,,,30.0,0.0,3.230769230769231,43.8,14.0,219.0,24.0,168.0,0.8
CRE,low,0.2,Gaussian_mle,,198,13,0.1111111111111111,0.2626262626262626,0.2307692307692307,0.7351351351351352,0.0982127057158025,0.8839143514422226,3.0,49.0,136.0,10.0,,,,,,,,,,30.0,1.0,5.769230769230769,52.972972972972975,25.0,200.0,24.0,168.0,0.8
CRE,low,0.2,Gaussian_mle,,274,18,0.0646153846153846,0.1131386861313868,0.2222222222222222,0.89453125,0.127056154282473,1.9663452448477976,4.0,27.0,229.0,14.0,,,,,,,,,,40.0,0.0,4.666666666666667,32.0625,21.0,304.0,24.0,168.0,0.8
CRE,low,0.2,Gaussian_mle,,289,19,0.0707395498392283,0.1833910034602076,0.2105263157894736,0.8185185185185185,0.0811422756037005,1.1470567142159491,4.0,49.0,221.0,15.0,,,,,,,,,,40.0,1.0,4.631578947368421,52.44814814814815,22.0,289.0,24.0,168.0,0.8
CRE,low,0.2,Gaussian_mle,,578,38,0.0691823899371069,0.1660899653979238,0.2105263157894736,0.837037037037037,0.0876054510058403,1.2662969736298746,8.0,88.0,452.0,30.0,,,,,,,,,,50.0,0.0,9.263157894736842,96.47407407407408,44.0,592.0,24.0,168.0,0.8
CRE,low,0.2,Gaussian_mle,,548,36,0.0871886120996441,0.1660583941605839,0.1944444444444444,0.8359375,0.1016927167780011,1.1663532005966666,7.0,84.0,428.0,29.0,,,,,,,,,,50.0,1.0,9.52777777777778,84.1640625,49.0,513.0,24.0,168.0,0.8
CRE,low,0.2,Gaussian_mle,,868,57,0.0588235294117647,0.1209677419354838,0.1929824561403508,0.8840937114673243,0.0942535050555209,1.6023095859438556,11.0,94.0,717.0,46.0,,,,,,,,,,60.0,0.0,11.0,105.70653514180025,57.0,912.0,24.0,168.0,0.8
CRE,low,0.2,Gaussian_mle,,883,58,0.0622986036519871,0.1902604756511891,0.2068965517241379,0.8109090909090909,0.0677673730901922,1.0877831783960166,12.0,156.0,669.0,46.0,,,,,,,,,,60.0,1.0,12.0,165.07636363636362,58.0,873.0,24.0,168.0,0.8
CRE,low,0.2,Gaussian_mle,,791,52,0.0722154222766217,0.1466498103666245,0.1923076923076923,0.8565629228687416,0.0944950116013806,1.3085156691242033,10.0,106.0,633.0,42.0,,,,,,,,,,70.0,0.0,11.346153846153848,108.7253044654939,59.0,758.0,24.0,168.0,0.8
CRE,low,0.2,Gaussian_mle,,609,40,0.0405268490374873,0.1658456486042692,0.2,0.836555360281195,0.0491454606307288,1.212664241063235,8.0,93.0,476.0,32.0,,,,,,,,,,70.0,1.0,8.0,154.78207381370825,40.0,947.0,24.0,168.0,0.8
CRE,low,0.2,Gaussian_mle,,244,16,0.0833333333333333,0.1680327868852459,0.1875,0.8333333333333334,0.0927835051546391,1.11340206185567,3.0,38.0,190.0,13.0,,,,,,,,,,80.0,0.0,3.9375,38.5,21.0,231.0,24.0,168.0,0.8
CRE,low,0.2,Gaussian_mle,,259,17,0.0489913544668587,0.1274131274131274,0.1764705882352941,0.8760330578512396,0.0683229813664596,1.3945926196565583,3.0,30.0,212.0,14.0,,,,,,,,,,80.0,1.0,3.0,40.90909090909091,17.0,330.0,24.0,168.0,0.8
CRE,low,0.2,Gaussian_trunc,,214,14,0.1087866108786611,0.2289719626168224,0.2142857142857142,0.77,0.1021129526352996,0.938653679993716,3.0,46.0,154.0,11.0,,,,,,,,,,20.0,0.0,5.571428571428571,48.99,26.0,213.0,24.0,168.0,0.8
CRE,low,0.2,Gaussian_trunc,,198,13,0.0600858369098712,0.2575757575757575,0.2307692307692307,0.7405405405405405,0.0537991774334261,0.8953720244277346,3.0,48.0,137.0,10.0,,,,,,,,,,30.0,0.0,3.230769230769231,56.82162162162162,14.0,219.0,24.0,168.0,0.8
CRE,low,0.2,Gaussian_trunc,,198,13,0.1111111111111111,0.2474747474747475,0.2307692307692307,0.7513513513513513,0.10395205094587,0.9355684585128304,3.0,46.0,139.0,10.0,,,,,,,,,,30.0,1.0,5.769230769230769,49.729729729729726,25.0,200.0,24.0,168.0,0.8
CRE,low,0.2,Gaussian_trunc,,274,18,0.0646153846153846,0.1423357664233576,0.2222222222222222,0.86328125,0.1009463722397476,1.5622652846627612,4.0,35.0,221.0,14.0,,,,,,,,,,40.0,0.0,4.666666666666667,41.5625,21.0,304.0,24.0,168.0,0.8
CRE,low,0.2,Gaussian_trunc,,289,19,0.0707395498392283,0.1937716262975778,0.2105263157894736,0.8074074074074075,0.0768206096504274,1.0859640727855877,4.0,52.0,218.0,15.0,,,,,,,,,,40.0,1.0,4.631578947368421,55.65925925925926,22.0,289.0,24.0,168.0,0.8
CRE,low,0.2,Gaussian_trunc,,578,38,0.0691823899371069,0.2525951557093425,0.2105263157894736,0.7444444444444445,0.0576956699108339,0.8339646832566,8.0,138.0,402.0,30.0,,,,,,,,,,50.0,0.0,9.263157894736842,151.2888888888889,44.0,592.0,24.0,168.0,0.8
CRE,low,0.2,Gaussian_trunc,,548,36,0.0871886120996441,0.1624087591240876,0.1944444444444444,0.83984375,0.1039152848060819,1.1918446951228174,7.0,82.0,430.0,29.0,,,,,,,,,,50.0,1.0,9.52777777777778,82.16015625,49.0,513.0,24.0,168.0,0.8
CRE,low,0.2,Gaussian_trunc,,868,57,0.0588235294117647,0.1555299539170506,0.1929824561403508,0.8471023427866831,0.07311755690154,1.242998467326181,11.0,124.0,687.0,46.0,,,,,,,,,,60.0,0.0,11.0,139.442663378545,57.0,912.0,24.0,168.0,0.8
CRE,low,0.2,Gaussian_trunc,,883,58,0.0622986036519871,0.2242355605889014,0.2068965517241379,0.7745454545454545,0.0574652596384912,0.9224164952316444,12.0,186.0,639.0,46.0,,,,,,,,,,60.0,1.0,12.0,196.82181818181817,58.0,873.0,24.0,168.0,0.8
CRE,low,0.2,Gaussian_trunc,,791,52,0.0722154222766217,0.2123893805309734,0.1923076923076923,0.7861975642760487,0.0654302435059721,0.9060425244810046,10.0,158.0,581.0,42.0,,,,,,,,,,70.0,0.0,11.346153846153848,162.06224627875508,59.0,758.0,24.0,168.0,0.8
CRE,low,0.2,Gaussian_trunc,,609,40,0.0405268490374873,0.1970443349753694,0.2,0.8031634446397188,0.0411513705069791,1.0154100672597093,8.0,112.0,457.0,32.0,,,,,,,,,,70.0,1.0,8.0,186.4042179261863,40.0,947.0,24.0,168.0,0.8
CRE,low,0.2,Gaussian_trunc,,244,16,0.0833333333333333,0.221311475409836,0.1875,0.7763157894736842,0.070807453416149,0.8496894409937888,3.0,51.0,177.0,13.0,,,,,,,,,,80.0,0.0,3.9375,51.67105263157895,21.0,231.0,24.0,168.0,0.8
CRE,low,0.2,Gaussian_trunc,,259,17,0.0489913544668587,0.1235521235521235,0.1764705882352941,0.8801652892561983,0.0705128205128205,1.439291101055807,3.0,29.0,213.0,14.0,,,,,,,,,,80.0,1.0,3.0,39.54545454545455,17.0,330.0,24.0,168.0,0.8
CRE,low,0.2,Gaussian_eb,,214,14,0.1087866108786611,0.2383177570093458,0.2142857142857142,0.76,0.0982763834290898,0.9033867553674024,3.0,48.0,152.0,11.0,,,,,,,,,,20.0,0.0,5.571428571428571,51.12,26.0,213.0,24.0,168.0,0.8
CRE,low,0.2,Gaussian_eb,,198,13,0.0600858369098712,0.2626262626262626,0.2307692307692307,0.7351351351351352,0.0527591615571082,0.8780631887718726,3.0,49.0,136.0,10.0,,,,,,,,,,30.0,0.0,3.230769230769231,58.005405405405405,14.0,219.0,24.0,168.0,0.8
CRE,low,0.2,Gaussian_eb,,198,13,0.1111111111111111,0.2777777777777778,0.2307692307692307,0.7189189189189189,0.0930739560623847,0.8376656045614624,3.0,52.0,133.0,10.0,,,,,,,,,,30.0,1.0,5.769230769230769,56.21621621621622,25.0,200.0,24.0,168.0,0.8
CRE,low,0.2,Gaussian_eb,,274,18,0.0646153846153846,0.1386861313868613,0.2222222222222222,0.8671875,0.1036077705827937,1.60345359235276,4.0,34.0,222.0,14.0,,,,,,,,,,40.0,0.0,4.666666666666667,40.375,21.0,304.0,24.0,168.0,0.8
CRE,low,0.2,Gaussian_eb,,289,19,0.0707395498392283,0.2076124567474048,0.2105263157894736,0.7925925925925926,0.0717270026807061,1.0139589924408918,4.0,56.0,214.0,15.0,,,,,,,,,,40.0,1.0,4.631578947368421,59.94074074074074,22.0,289.0,24.0,168.0,0.8
CRE,low,0.2,Gaussian_eb,,578,38,0.0691823899371069,0.1972318339100346,0.2105263157894736,0.8037037037037037,0.073827338487161,1.0671406199507818,8.0,106.0,434.0,30.0,,,,,,,,,,50.0,0.0,9.263157894736842,116.2074074074074,44.0,592.0,24.0,168.0,0.8
CRE,low,0.2,Gaussian_eb,,548,36,0.0871886120996441,0.1551094890510949,0.1944444444444444,0.84765625,0.1086651981288518,1.2463232928247905,7.0,78.0,434.0,29.0,,,,,,,,,,50.0,1.0,9.52777777777778,78.15234375,49.0,513.0,24.0,168.0,0.8
CRE,low,0.2,Gaussian_eb,,868,57,0.0588235294117647,0.1451612903225806,0.1929824561403508,0.8581997533908755,0.0783912267906257,1.3326508554406375,11.0,115.0,696.0,46.0,,,,,,,,,,60.0,0.0,11.0,129.32182490752157,57.0,912.0,24.0,168.0,0.8
CRE,low,0.2,Gaussian_eb,,883,58,0.0622986036519871,0.218573046432616,0.2068965517241379,0.7806060606060606,0.0589591038216219,0.9463952699643102,12.0,181.0,644.0,46.0,,,,,,,,,,60.0,1.0,12.0,191.5309090909091,58.0,873.0,24.0,168.0,0.8
CRE,low,0.2,Gaussian_eb,,791,52,0.0722154222766217,0.2098609355246523,0.1923076923076923,0.7889039242219216,0.0662135495935705,0.9168893223380866,10.0,156.0,583.0,42.0,,,,,,,,,,70.0,0.0,11.346153846153848,160.0108254397835,59.0,758.0,24.0,168.0,0.8
CRE,low,0.2,Gaussian_eb,,609,40,0.0405268490374873,0.1839080459770115,0.2,0.8172231985940246,0.0441770186335403,1.0900679347826088,8.0,104.0,465.0,32.0,,,,,,,,,,70.0,1.0,8.0,173.0896309314587,40.0,947.0,24.0,168.0,0.8
CRE,low,0.2,Gaussian_eb,,244,16,0.0833333333333333,0.1311475409836065,0.1875,0.8728070175438597,0.1181755355908776,1.418106427090532,3.0,29.0,199.0,13.0,,,,,,,,,,80.0,0.0,3.9375,29.38157894736842,21.0,231.0,24.0,168.0,0.8
CRE,low,0.2,Gaussian_eb,,259,17,0.0489913544668587,0.1119691119691119,0.1764705882352941,0.8925619834710744,0.0780141843971631,1.592407175636212,3.0,26.0,216.0,14.0,,,,,,,,,,80.0,1.0,3.0,35.45454545454545,17.0,330.0,24.0,168.0,0.8
CRE,low,0.2,NORMA_q_age_set,,214,14,0.1087866108786611,0.1074766355140186,0.2142857142857142,0.9,0.2073365231259968,1.905901116427432,3.0,20.0,180.0,11.0,,,,,,,,,,20.0,0.0,5.571428571428571,21.3,26.0,213.0,24.0,168.0,0.8
CRE,low,0.2,NORMA_q_age_set,,198,13,0.0600858369098712,0.1767676767676767,0.2307692307692307,0.827027027027027,0.078584865586504,1.3078766915468174,3.0,32.0,153.0,10.0,,,,,,,,,,30.0,0.0,3.230769230769231,37.88108108108108,14.0,219.0,24.0,168.0,0.8
CRE,low,0.2,NORMA_q_age_set,,198,13,0.1111111111111111,0.1818181818181818,0.2307692307692307,0.8216216216216217,0.1392024078254326,1.252821670428894,3.0,33.0,152.0,10.0,,,,,,,,,,30.0,1.0,5.769230769230769,35.67567567567568,25.0,200.0,24.0,168.0,0.8
CRE,low,0.2,NORMA_q_age_set,,274,18,0.0646153846153846,0.0948905109489051,0.2222222222222222,0.9140625,0.1515561569688768,2.345511953089761,4.0,22.0,234.0,14.0,,,,,,,,,,40.0,0.0,4.666666666666667,26.125,21.0,304.0,24.0,168.0,0.8
CRE,low,0.2,NORMA_q_age_set,,289,19,0.0707395498392283,0.1176470588235294,0.2105263157894736,0.8888888888888888,0.1260544325958936,1.7819512971510425,4.0,30.0,240.0,15.0,,,,,,,,,,40.0,1.0,4.631578947368421,32.111111111111114,22.0,289.0,24.0,168.0,0.8
CRE,low,0.2,NORMA_q_age_set,,578,38,0.0691823899371069,0.1366782006920415,0.2105263157894736,0.8685185185185185,0.106350598893524,1.5372495658245755,8.0,71.0,469.0,30.0,,,,,,,,,,50.0,0.0,9.263157894736842,77.83703703703704,44.0,592.0,24.0,168.0,0.8
CRE,low,0.2,NORMA_q_age_set,,548,36,0.0871886120996441,0.1277372262773722,0.1944444444444444,0.876953125,0.131144798745426,1.504150548876111,7.0,63.0,449.0,29.0,,,,,,,,,,50.0,1.0,9.52777777777778,63.123046875,49.0,513.0,24.0,168.0,0.8
CRE,low,0.2,NORMA_q_age_set,,868,57,0.0588235294117647,0.0610599078341013,0.1929824561403508,0.9482120838471024,0.1889041821069348,3.211371095817893,11.0,42.0,769.0,46.0,,,,,,,,,,60.0,0.0,11.0,47.230579531442665,57.0,912.0,24.0,168.0,0.8
CRE,low,0.2,NORMA_q_age_set,,883,58,0.0622986036519871,0.1143827859569649,0.2068965517241379,0.8921212121212121,0.113017569094832,1.814126841849804,12.0,89.0,736.0,46.0,,,,,,,,,,60.0,1.0,12.0,94.1781818181818,58.0,873.0,24.0,168.0,0.8
CRE,low,0.2,NORMA_q_age_set,,791,52,0.0722154222766217,0.102402022756005,0.1923076923076923,0.9039242219215156,0.134797897448359,1.8666081731408364,10.0,71.0,668.0,42.0,,,,,,,,,,70.0,0.0,11.346153846153848,72.8254397834912,59.0,758.0,24.0,168.0,0.8
CRE,low,0.2,NORMA_q_age_set,,609,40,0.0405268490374873,0.1362889983579638,0.2,0.8681898066783831,0.0602299641425301,1.4861743652169312,8.0,75.0,494.0,32.0,,,,,,,,,,70.0,1.0,8.0,124.82425307557118,40.0,947.0,24.0,168.0,0.8
CRE,low,0.2,NORMA_q_age_set,,244,16,0.0833333333333333,0.081967213114754,0.1875,0.925438596491228,0.1860718171926006,2.232861806311208,3.0,17.0,211.0,13.0,,,,,,,,,,80.0,0.0,3.9375,17.223684210526315,21.0,231.0,24.0,168.0,0.8
CRE,low,0.2,NORMA_q_age_set,,259,17,0.0489913544668587,0.0617760617760617,0.1764705882352941,0.9462809917355371,0.1447368421052631,2.954334365325077,3.0,13.0,229.0,14.0,,,,,,,,,,80.0,1.0,3.0,17.727272727272727,17.0,330.0,24.0,168.0,0.8
CRE,low,0.2,NORMA_334f7e21,,214,14,0.1087866108786611,0.1074766355140186,0.2142857142857142,0.9,0.2073365231259968,1.905901116427432,3.0,20.0,180.0,11.0,,,,,,,,,,20.0,0.0,5.571428571428571,21.3,26.0,213.0,24.0,168.0,0.8
CRE,low,0.2,NORMA_334f7e21,,198,13,0.0600858369098712,0.1868686868686868,0.2307692307692307,0.8162162162162162,0.0743057149414734,1.2366593986688088,3.0,34.0,151.0,10.0,,,,,,,,,,30.0,0.0,3.230769230769231,40.24864864864865,14.0,219.0,24.0,168.0,0.8
CRE,low,0.2,NORMA_334f7e21,,198,13,0.1111111111111111,0.1464646464646464,0.2307692307692307,0.8594594594594595,0.1702976373120589,1.5326787358085303,3.0,26.0,159.0,10.0,,,,,,,,,,30.0,1.0,5.769230769230769,28.10810810810811,25.0,200.0,24.0,168.0,0.8
CRE,low,0.2,NORMA_334f7e21,,274,18,0.0646153846153846,0.0875912408759124,0.2222222222222222,0.921875,0.1642228739002932,2.541544477028348,4.0,20.0,236.0,14.0,,,,,,,,,,40.0,0.0,4.666666666666667,23.75,21.0,304.0,24.0,168.0,0.8
CRE,low,0.2,NORMA_334f7e21,,289,19,0.0707395498392283,0.1487889273356401,0.2105263157894736,0.8555555555555555,0.0998701184066176,1.4118003102026406,4.0,39.0,231.0,15.0,,,,,,,,,,40.0,1.0,4.631578947368421,41.74444444444445,22.0,289.0,24.0,168.0,0.8
CRE,low,0.2,NORMA_334f7e21,,578,38,0.0691823899371069,0.1124567474048442,0.2105263157894736,0.8944444444444445,0.1290995631479428,1.8660755036839016,8.0,57.0,483.0,30.0,,,,,,,,,,50.0,0.0,9.263157894736842,62.48888888888889,44.0,592.0,24.0,168.0,0.8
CRE,low,0.2,NORMA_334f7e21,,548,36,0.0871886120996441,0.1277372262773722,0.1944444444444444,0.876953125,0.131144798745426,1.504150548876111,7.0,63.0,449.0,29.0,,,,,,,,,,50.0,1.0,9.52777777777778,63.123046875,49.0,513.0,24.0,168.0,0.8
CRE,low,0.2,NORMA_334f7e21,,868,57,0.0588235294117647,0.0679723502304147,0.1929824561403508,0.940813810110974,0.1692885743021424,2.8779057631364218,11.0,48.0,763.0,46.0,,,,,,,,,,60.0,0.0,11.0,53.97780517879161,57.0,912.0,24.0,168.0,0.8
CRE,low,0.2,NORMA_334f7e21,,883,58,0.0622986036519871,0.1132502831257078,0.2068965517241379,0.8933333333333333,0.1141552511415525,1.8323886002204377,12.0,88.0,737.0,46.0,,,,,,,,,,60.0,1.0,12.0,93.12,58.0,873.0,24.0,168.0,0.8
CRE,low,0.2,NORMA_334f7e21,,791,52,0.0722154222766217,0.1150442477876106,0.1923076923076923,0.8903924221921515,0.120155780049417,1.6638520728876909,10.0,81.0,658.0,42.0,,,,,,,,,,70.0,0.0,11.346153846153848,83.08254397834912,59.0,758.0,24.0,168.0,0.8
CRE,low,0.2,NORMA_334f7e21,,609,40,0.0405268490374873,0.0919540229885057,0.2,0.9156414762741651,0.0910254359302511,2.2460526315789475,8.0,48.0,521.0,32.0,,,,,,,,,,70.0,1.0,8.0,79.88752196836555,40.0,947.0,24.0,168.0,0.8
CRE,low,0.2,NORMA_334f7e21,,244,16,0.0833333333333333,0.0942622950819672,0.1875,0.912280701754386,0.1627021883920076,1.9524262607040916,3.0,20.0,208.0,13.0,,,,,,,,,,80.0,0.0,3.9375,20.26315789473684,21.0,231.0,24.0,168.0,0.8
CRE,low,0.2,NORMA_334f7e21,,259,17,0.0489913544668587,0.0656370656370656,0.1764705882352941,0.9421487603305784,0.1358024691358024,2.7719680464778502,3.0,14.0,228.0,14.0,,,,,,,,,,80.0,1.0,3.0,19.09090909090909,17.0,330.0,24.0,168.0,0.8
CRE,low,0.2,NORMA_q_age,,214,14,0.1087866108786611,0.1074766355140186,0.2142857142857142,0.9,0.2073365231259968,1.905901116427432,3.0,20.0,180.0,11.0,,,,,,,,,,20.0,0.0,5.571428571428571,21.3,26.0,213.0,24.0,168.0,0.8
CRE,low,0.2,NORMA_q_age,,198,13,0.0600858369098712,0.1666666666666666,0.2307692307692307,0.8378378378378378,0.0833869929169349,1.3877978106889888,3.0,30.0,155.0,10.0,,,,,,,,,,30.0,0.0,3.230769230769231,35.51351351351352,14.0,219.0,24.0,168.0,0.8
CRE,low,0.2,NORMA_q_age,,198,13,0.1111111111111111,0.207070707070707,0.2307692307692307,0.7945945945945946,0.1231417794541823,1.1082760150876416,3.0,38.0,147.0,10.0,,,,,,,,,,30.0,1.0,5.769230769230769,41.08108108108108,25.0,200.0,24.0,168.0,0.8
CRE,low,0.2,NORMA_q_age,,274,18,0.0646153846153846,0.0656934306569343,0.2222222222222222,0.9453125,0.2191780821917808,3.392041748206132,4.0,14.0,242.0,14.0,,,,,,,,,,40.0,0.0,4.666666666666667,16.625,21.0,304.0,24.0,168.0,0.8
CRE,low,0.2,NORMA_q_age,,289,19,0.0707395498392283,0.1280276816608996,0.2105263157894736,0.8777777777777778,0.1159233617774915,1.6387347960363576,4.0,33.0,237.0,15.0,,,,,,,,,,40.0,1.0,4.631578947368421,35.32222222222222,22.0,289.0,24.0,168.0,0.8
CRE,low,0.2,NORMA_q_age,,578,38,0.0691823899371069,0.1211072664359861,0.2105263157894736,0.8851851851851852,0.1199370027864152,1.733634858458183,8.0,62.0,478.0,30.0,,,,,,,,,,50.0,0.0,9.263157894736842,67.97037037037038,44.0,592.0,24.0,168.0,0.8
CRE,low,0.2,NORMA_q_age,,548,36,0.0871886120996441,0.1386861313868613,0.1944444444444444,0.865234375,0.1211221677513332,1.3891971076785563,7.0,69.0,443.0,29.0,,,,,,,,,,50.0,1.0,9.52777777777778,69.134765625,49.0,513.0,24.0,168.0,0.8
CRE,low,0.2,NORMA_q_age,,868,57,0.0588235294117647,0.0714285714285714,0.1929824561403508,0.93711467324291,0.1609330182382335,2.7358613100499705,11.0,51.0,760.0,46.0,,,,,,,,,,60.0,0.0,11.0,57.35141800246609,57.0,912.0,24.0,168.0,0.8
CRE,low,0.2,NORMA_q_age,,883,58,0.0622986036519871,0.1370328425821064,0.2068965517241379,0.8678787878787879,0.0942345583825923,1.512627135417128,12.0,109.0,716.0,46.0,,,,,,,,,,60.0,1.0,12.0,115.34181818181818,58.0,873.0,24.0,168.0,0.8
CRE,low,0.2,NORMA_q_age,,791,52,0.0722154222766217,0.1188369152970922,0.1923076923076923,0.8863328822733424,0.1163638518113646,1.6113435072861853,10.0,84.0,655.0,42.0,,,,,,,,,,70.0,0.0,11.346153846153848,86.15967523680649,59.0,758.0,24.0,168.0,0.8
CRE,low,0.2,NORMA_q_age,,609,40,0.0405268490374873,0.1083743842364532,0.2,0.8980667838312829,0.0765324994115471,1.8884394229799253,8.0,58.0,511.0,32.0,,,,,,,,,,70.0,1.0,8.0,96.53075571177504,40.0,947.0,24.0,168.0,0.8
CRE,low,0.2,NORMA_q_age,,244,16,0.0833333333333333,0.0614754098360655,0.1875,0.9473684210526316,0.2446351931330472,2.935622317596567,3.0,12.0,216.0,13.0,,,,,,,,,,80.0,0.0,3.9375,12.157894736842104,21.0,231.0,24.0,168.0,0.8
CRE,low,0.2,NORMA_q_age,,259,17,0.0489913544668587,0.0656370656370656,0.1764705882352941,0.9421487603305784,0.1358024691358024,2.7719680464778502,3.0,14.0,228.0,14.0,,,,,,,,,,80.0,1.0,3.0,19.09090909090909,17.0,330.0,24.0,168.0,0.8
CRE,low,0.2,NORMA_q_set,,214,14,0.1087866108786611,0.102803738317757,0.2142857142857142,0.905,0.2158930499045088,1.9845553433529848,3.0,19.0,181.0,11.0,,,,,,,,,,20.0,0.0,5.571428571428571,20.235,26.0,213.0,24.0,168.0,0.8
CRE,low,0.2,NORMA_q_set,,198,13,0.0600858369098712,0.1464646464646464,0.2307692307692307,0.8594594594594595,0.0949970657276995,1.5810225938967135,3.0,26.0,159.0,10.0,,,,,,,,,,30.0,0.0,3.230769230769231,30.778378378378378,14.0,219.0,24.0,168.0,0.8
CRE,low,0.2,NORMA_q_set,,198,13,0.1111111111111111,0.1868686868686868,0.2307692307692307,0.8162162162162162,0.1356636519188462,1.2209728672696163,3.0,34.0,151.0,10.0,,,,,,,,,,30.0,1.0,5.769230769230769,36.75675675675676,25.0,200.0,24.0,168.0,0.8
CRE,low,0.2,NORMA_q_set,,274,18,0.0646153846153846,0.072992700729927,0.2222222222222222,0.9375,0.1971830985915493,3.051643192488263,4.0,16.0,240.0,14.0,,,,,,,,,,40.0,0.0,4.666666666666667,19.0,21.0,304.0,24.0,168.0,0.8
CRE,low,0.2,NORMA_q_set,,289,19,0.0707395498392283,0.1695501730103806,0.2105263157894736,0.8333333333333334,0.0877222129921914,1.2400731018441604,4.0,45.0,225.0,15.0,,,,,,,,,,40.0,1.0,4.631578947368421,48.16666666666666,22.0,289.0,24.0,168.0,0.8
CRE,low,0.2,NORMA_q_set,,578,38,0.0691823899371069,0.1522491349480969,0.2105263157894736,0.8518518518518519,0.0955291090382759,1.3808298488259891,8.0,80.0,460.0,30.0,,,,,,,,,,50.0,0.0,9.263157894736842,87.70370370370371,44.0,592.0,24.0,168.0,0.8
CRE,low,0.2,NORMA_q_set,,548,36,0.0871886120996441,0.1240875912408759,0.1944444444444444,0.880859375,0.1348647328600698,1.5468159156603931,7.0,61.0,451.0,29.0,,,,,,,,,,50.0,1.0,9.52777777777778,61.119140625,49.0,513.0,24.0,168.0,0.8
CRE,low,0.2,NORMA_q_set,,868,57,0.0588235294117647,0.0702764976958525,0.1929824561403508,0.938347718865598,0.1636250252196401,2.781625428733882,11.0,50.0,761.0,46.0,,,,,,,,,,60.0,0.0,11.0,56.2268803945746,57.0,912.0,24.0,168.0,0.8
CRE,low,0.2,NORMA_q_set,,883,58,0.0622986036519871,0.1109852774631936,0.2068965517241379,0.8957575757575758,0.1165007413683541,1.8700377623092712,12.0,86.0,739.0,46.0,,,,,,,,,,60.0,1.0,12.0,91.00363636363636,58.0,873.0,24.0,168.0,0.8
CRE,low,0.2,NORMA_q_set,,791,52,0.0722154222766217,0.0884955752212389,0.1923076923076923,0.918809201623816,0.1556639307097184,2.155549684573559,10.0,60.0,679.0,42.0,,,,,,,,,,70.0,0.0,11.346153846153848,61.5426251691475,59.0,758.0,24.0,168.0,0.8
CRE,low,0.2,NORMA_q_set,,609,40,0.0405268490374873,0.1116584564860427,0.2,0.8945518453427065,0.0741706315583653,1.8301603337026653,8.0,60.0,509.0,32.0,,,,,,,,,,70.0,1.0,8.0,99.85940246045696,40.0,947.0,24.0,168.0,0.8
CRE,low,0.2,NORMA_q_set,,244,16,0.0833333333333333,0.0573770491803278,0.1875,0.9517543859649122,0.2610687022900763,3.1328244274809163,3.0,11.0,217.0,13.0,,,,,,,,,,80.0,0.0,3.9375,11.144736842105264,21.0,231.0,24.0,168.0,0.8
CRE,low,0.2,NORMA_q_set,,259,17,0.0489913544668587,0.054054054054054,0.1764705882352941,0.9545454545454546,0.1666666666666666,3.4019607843137254,3.0,11.0,231.0,14.0,,,,,,,,,,80.0,1.0,3.0,15.0,17.0,330.0,24.0,168.0,0.8
CRE,low,0.2,NORMA_q_co,,214,14,0.1087866108786611,0.0934579439252336,0.2142857142857142,0.915,0.2353154131595619,2.163091682505204,3.0,17.0,183.0,11.0,,,,,,,,,,20.0,0.0,5.571428571428571,18.105,26.0,213.0,24.0,168.0,0.8
CRE,low,0.2,NORMA_q_co,,198,13,0.0600858369098712,0.2323232323232323,0.2307692307692307,0.7675675675675676,0.0596815448072447,0.9932714242920018,3.0,43.0,142.0,10.0,,,,,,,,,,30.0,0.0,3.230769230769231,50.90270270270271,14.0,219.0,24.0,168.0,0.8
CRE,low,0.2,NORMA_q_co,,198,13,0.1111111111111111,0.1313131313131313,0.2307692307692307,0.8756756756756757,0.1883271123176111,1.6949440108585,3.0,23.0,162.0,10.0,,,,,,,,,,30.0,1.0,5.769230769230769,24.864864864864863,25.0,200.0,24.0,168.0,0.8
CRE,low,0.2,NORMA_q_co,,274,18,0.0646153846153846,0.0802919708029197,0.2222222222222222,0.9296875,0.1792,2.773333333333333,4.0,18.0,238.0,14.0,,,,,,,,,,40.0,0.0,4.666666666666667,21.375,21.0,304.0,24.0,168.0,0.8
CRE,low,0.2,NORMA_q_co,,289,19,0.0707395498392283,0.1141868512110726,0.2105263157894736,0.8925925925925926,0.1298367750643446,1.8354198656823264,4.0,29.0,241.0,15.0,,,,,,,,,,40.0,1.0,4.631578947368421,31.04074074074074,22.0,289.0,24.0,168.0,0.8
CRE,low,0.2,NORMA_q_co,,578,38,0.0691823899371069,0.1418685121107266,0.2105263157894736,0.8629629629629629,0.1024809357855146,1.4813153445360756,8.0,74.0,466.0,30.0,,,,,,,,,,50.0,0.0,9.263157894736842,81.12592592592593,44.0,592.0,24.0,168.0,0.8
CRE,low,0.2,NORMA_q_co,,548,36,0.0871886120996441,0.1642335766423357,0.1944444444444444,0.837890625,0.1027919881062477,1.1789611697083926,7.0,83.0,429.0,29.0,,,,,,,,,,50.0,1.0,9.52777777777778,83.162109375,49.0,513.0,24.0,168.0,0.8
CRE,low,0.2,NORMA_q_co,,868,57,0.0588235294117647,0.0691244239631336,0.1929824561403508,0.939580764488286,0.1664086254173739,2.828946632095357,11.0,49.0,762.0,46.0,,,,,,,,,,60.0,0.0,11.0,55.10234278668311,57.0,912.0,24.0,168.0,0.8
CRE,low,0.2,NORMA_q_co,,883,58,0.0622986036519871,0.1472253680634201,0.2068965517241379,0.8569696969696969,0.0876773473617089,1.4073725929957066,12.0,118.0,707.0,46.0,,,,,,,,,,60.0,1.0,12.0,124.86545454545454,58.0,873.0,24.0,168.0,0.8
CRE,low,0.2,NORMA_q_co,,791,52,0.0722154222766217,0.0935524652338811,0.1923076923076923,0.9133964817320704,0.1473686843320262,2.0406816118519564,10.0,64.0,675.0,42.0,,,,,,,,,,70.0,0.0,11.346153846153848,65.64546684709066,59.0,758.0,24.0,168.0,0.8
CRE,low,0.2,NORMA_q_co,,609,40,0.0405268490374873,0.1149425287356321,0.2,0.8910369068541301,0.0719501786109442,1.7753706572250498,8.0,62.0,507.0,32.0,,,,,,,,,,70.0,1.0,8.0,103.18804920913884,40.0,947.0,24.0,168.0,0.8
CRE,low,0.2,NORMA_q_co,,244,16,0.0833333333333333,0.0655737704918032,0.1875,0.9429824561403508,0.2301480484522207,2.7617765814266493,3.0,13.0,215.0,13.0,,,,,,,,,,80.0,0.0,3.9375,13.171052631578949,21.0,231.0,24.0,168.0,0.8
CRE,low,0.2,NORMA_q_co,,259,17,0.0489913544668587,0.081081081081081,0.1764705882352941,0.9256198347107438,0.1089108910891089,2.22306348281887,3.0,18.0,224.0,14.0,,,,,,,,,,80.0,1.0,3.0,24.545454545454547,17.0,330.0,24.0,168.0,0.8
CRE,low,0.2,NORMA_q_age_set_co,,214,14,0.1087866108786611,0.116822429906542,0.2142857142857142,0.89,0.1921087631151175,1.7659228609428106,3.0,22.0,178.0,11.0,,,,,,,,,,20.0,0.0,5.571428571428571,23.43,26.0,213.0,24.0,168.0,0.8
CRE,low,0.2,NORMA_q_age_set_co,,198,13,0.0600858369098712,0.1969696969696969,0.2307692307692307,0.8054054054054054,0.0704685204331501,1.172797518637427,3.0,36.0,149.0,10.0,,,,,,,,,,30.0,0.0,3.230769230769231,42.616216216216216,14.0,219.0,24.0,168.0,0.8
CRE,low,0.2,NORMA_q_age_set_co,,198,13,0.1111111111111111,0.1515151515151515,0.2307692307692307,0.8540540540540541,0.1650312221231043,1.4852809991079394,3.0,27.0,158.0,10.0,,,,,,,,,,30.0,1.0,5.769230769230769,29.18918918918919,25.0,200.0,24.0,168.0,0.8
CRE,low,0.2,NORMA_q_age_set_co,,274,18,0.0646153846153846,0.072992700729927,0.2222222222222222,0.9375,0.1971830985915493,3.051643192488263,4.0,16.0,240.0,14.0,,,,,,,,,,40.0,0.0,4.666666666666667,19.0,21.0,304.0,24.0,168.0,0.8
CRE,low,0.2,NORMA_q_age_set_co,,289,19,0.0707395498392283,0.0934256055363321,0.2105263157894736,0.9148148148148147,0.1583440517683751,2.23840909545294,4.0,23.0,247.0,15.0,,,,,,,,,,40.0,1.0,4.631578947368421,24.61851851851852,22.0,289.0,24.0,168.0,0.8
CRE,low,0.2,NORMA_q_age_set_co,,578,38,0.0691823899371069,0.1349480968858131,0.2105263157894736,0.8703703703703703,0.1077062556663644,1.5568449682683592,8.0,70.0,470.0,30.0,,,,,,,,,,50.0,0.0,9.263157894736842,76.74074074074075,44.0,592.0,24.0,168.0,0.8
CRE,low,0.2,NORMA_q_age_set_co,,548,36,0.0871886120996441,0.1678832116788321,0.1944444444444444,0.833984375,0.1006167081854204,1.154012040820536,7.0,85.0,427.0,29.0,,,,,,,,,,50.0,1.0,9.52777777777778,85.166015625,49.0,513.0,24.0,168.0,0.8
CRE,low,0.2,NORMA_q_age_set_co,,868,57,0.0588235294117647,0.0668202764976958,0.1929824561403508,0.942046855733662,0.1722699623443082,2.9285893598532398,11.0,47.0,764.0,46.0,,,,,,,,,,60.0,0.0,11.0,52.85326757090012,57.0,912.0,24.0,168.0,0.8
CRE,low,0.2,NORMA_q_age_set_co,,883,58,0.0622986036519871,0.1121177802944507,0.2068965517241379,0.8945454545454545,0.1153160708669671,1.8510217582266628,12.0,87.0,738.0,46.0,,,,,,,,,,60.0,1.0,12.0,92.06181818181818,58.0,873.0,24.0,168.0,0.8
CRE,low,0.2,NORMA_q_age_set_co,,791,52,0.0722154222766217,0.1302149178255373,0.1923076923076923,0.8741542625169147,0.106299878733149,1.471983066525132,10.0,93.0,646.0,42.0,,,,,,,,,,70.0,0.0,11.346153846153848,95.39106901217862,59.0,758.0,24.0,168.0,0.8
CRE,low,0.2,NORMA_q_age_set_co,,609,40,0.0405268490374873,0.1379310344827586,0.2,0.8664323374340949,0.0594846061366368,1.4677826564215148,8.0,76.0,493.0,32.0,,,,,,,,,,70.0,1.0,8.0,126.48857644991212,40.0,947.0,24.0,168.0,0.8
CRE,low,0.2,NORMA_q_age_set_co,,244,16,0.0833333333333333,0.0942622950819672,0.1875,0.912280701754386,0.1627021883920076,1.9524262607040916,3.0,20.0,208.0,13.0,,,,,,,,,,80.0,0.0,3.9375,20.26315789473684,21.0,231.0,24.0,168.0,0.8
CRE,low,0.2,NORMA_q_age_set_co,,259,17,0.0489913544668587,0.0501930501930501,0.1764705882352941,0.9586776859504132,0.180327868852459,3.6808100289296046,3.0,10.0,232.0,14.0,,,,,,,,,,80.0,1.0,3.0,13.636363636363637,17.0,330.0,24.0,168.0,0.8
GLU,high,0.2,PopRI,,26,8,0.2666666666666666,0.3461538461538461,0.25,0.6111111111111112,0.1894736842105263,0.7105263157894737,2.0,7.0,11.0,6.0,,,,,,,,,,20.0,1.0,2.0,8.555555555555555,8.0,22.0,24.0,168.0,0.8
GLU,high,0.2,PopRI,,34,10,0.3111111111111111,0.3235294117647059,0.2,0.625,0.194107452339688,0.6239168110918544,2.0,9.0,15.0,8.0,,,,,,,,,,30.0,1.0,2.8,11.625,14.0,31.0,24.0,168.0,0.8
GLU,high,0.2,PopRI,,20,6,0.3076923076923077,0.1,0.1666666666666666,0.9285714285714286,0.509090909090909,1.6545454545454543,1.0,1.0,13.0,5.0,,,,,,,,,,40.0,1.0,1.3333333333333333,1.2857142857142858,8.0,18.0,24.0,168.0,0.8
GLU,high,0.2,PerRI,,26,8,0.2666666666666666,0.1153846153846153,0.25,0.9444444444444444,0.6206896551724138,2.327586206896552,2.0,1.0,17.0,6.0,,,,,,,,,,20.0,1.0,2.0,1.2222222222222223,8.0,22.0,24.0,168.0,0.8
GLU,high,0.2,PerRI,,34,10,0.3111111111111111,0.1764705882352941,0.2,0.8333333333333334,0.3514644351464435,1.1297071129707112,2.0,4.0,20.0,8.0,,,,,,,,,,30.0,1.0,2.8,5.166666666666667,14.0,31.0,24.0,168.0,0.8
GLU,high,0.2,PerRI,,20,6,0.3076923076923077,0.25,0.1666666666666666,0.7142857142857143,0.2058823529411764,0.6691176470588235,1.0,4.0,10.0,5.0,,,,,,,,,,40.0,1.0,1.3333333333333333,5.142857142857143,8.0,18.0,24.0,168.0,0.8
GLU,high,0.2,Cohen_m2,,26,8,0.2666666666666666,0.1923076923076923,0.25,0.8333333333333334,0.3529411764705882,1.323529411764706,2.0,3.0,15.0,6.0,,,,,,,,,,20.0,1.0,2.0,3.6666666666666665,8.0,22.0,24.0,168.0,0.8
GLU,high,0.2,Cohen_m2,,34,10,0.3111111111111111,0.1470588235294117,0.2,0.875,0.4194756554307116,1.348314606741573,2.0,3.0,21.0,8.0,,,,,,,,,,30.0,1.0,2.8,3.875,14.0,31.0,24.0,168.0,0.8
GLU,high,0.2,Cohen_m2,,20,6,0.3076923076923077,0.25,0.1666666666666666,0.7142857142857143,0.2058823529411764,0.6691176470588235,1.0,4.0,10.0,5.0,,,,,,,,,,40.0,1.0,1.3333333333333333,5.142857142857143,8.0,18.0,24.0,168.0,0.8
GLU,high,0.2,Cohen_m3,,26,8,0.2666666666666666,0.3461538461538461,0.25,0.6111111111111112,0.1894736842105263,0.7105263157894737,2.0,7.0,11.0,6.0,,,,,,,,,,20.0,1.0,2.0,8.555555555555555,8.0,22.0,24.0,168.0,0.8
GLU,high,0.2,Cohen_m3,,34,10,0.3111111111111111,0.088235294117647,0.2,0.9583333333333334,0.6843177189409368,2.19959266802444,2.0,1.0,23.0,8.0,,,,,,,,,,30.0,1.0,2.8,1.2916666666666667,14.0,31.0,24.0,168.0,0.8
GLU,high,0.2,Cohen_m3,,20,6,0.3076923076923077,0.15,0.1666666666666666,0.8571428571428571,0.3414634146341463,1.1097560975609757,1.0,2.0,12.0,5.0,,,,,,,,,,40.0,1.0,1.3333333333333333,2.571428571428572,8.0,18.0,24.0,168.0,0.8
GLU,high,0.2,Cohen_m4,,26,8,0.2666666666666666,0.4615384615384615,0.25,0.4444444444444444,0.140625,0.52734375,2.0,10.0,8.0,6.0,,,,,,,,,,20.0,1.0,2.0,12.22222222222222,8.0,22.0,24.0,168.0,0.8
GLU,high,0.2,Cohen_m4,,34,10,0.3111111111111111,0.088235294117647,0.2,0.9583333333333334,0.6843177189409368,2.19959266802444,2.0,1.0,23.0,8.0,,,,,,,,,,30.0,1.0,2.8,1.2916666666666667,14.0,31.0,24.0,168.0,0.8
GLU,high,0.2,Cohen_m4,,20,6,0.3076923076923077,0.4,0.1666666666666666,0.5,0.1290322580645161,0.4193548387096774,1.0,7.0,7.0,5.0,,,,,,,,,,40.0,1.0,1.3333333333333333,9.0,8.0,18.0,24.0,168.0,0.8
GLU,high,0.2,Gaussian_mle,,26,8,0.2666666666666666,0.1923076923076923,0.25,0.8333333333333334,0.3529411764705882,1.323529411764706,2.0,3.0,15.0,6.0,,,,,,,,,,20.0,1.0,2.0,3.6666666666666665,8.0,22.0,24.0,168.0,0.8
GLU,high,0.2,Gaussian_mle,,34,10,0.3111111111111111,0.2352941176470588,0.2,0.75,0.2654028436018957,0.8530805687203791,2.0,6.0,18.0,8.0,,,,,,,,,,30.0,1.0,2.8,7.75,14.0,31.0,24.0,168.0,0.8
GLU,high,0.2,Gaussian_mle,,20,6,0.3076923076923077,0.3,0.1666666666666666,0.6428571428571429,0.1717791411042944,0.5582822085889569,1.0,5.0,9.0,5.0,,,,,,,,,,40.0,1.0,1.3333333333333333,6.428571428571429,8.0,18.0,24.0,168.0,0.8
GLU,high,0.2,Gaussian_trunc,,26,8,0.2666666666666666,0.1538461538461538,0.25,0.8888888888888888,0.4499999999999999,1.6874999999999998,2.0,2.0,16.0,6.0,,,,,,,,,,20.0,1.0,2.0,2.4444444444444446,8.0,22.0,24.0,168.0,0.8
GLU,high,0.2,Gaussian_trunc,,34,10,0.3111111111111111,0.2058823529411764,0.2,0.7916666666666666,0.3024302430243024,0.972097209720972,2.0,5.0,19.0,8.0,,,,,,,,,,30.0,1.0,2.8,6.458333333333333,14.0,31.0,24.0,168.0,0.8
GLU,high,0.2,Gaussian_trunc,,20,6,0.3076923076923077,0.25,0.1666666666666666,0.7142857142857143,0.2058823529411764,0.6691176470588235,1.0,4.0,10.0,5.0,,,,,,,,,,40.0,1.0,1.3333333333333333,5.142857142857143,8.0,18.0,24.0,168.0,0.8
GLU,high,0.2,Gaussian_eb,,26,8,0.2666666666666666,0.1923076923076923,0.25,0.8333333333333334,0.3529411764705882,1.323529411764706,2.0,3.0,15.0,6.0,,,,,,,,,,20.0,1.0,2.0,3.6666666666666665,8.0,22.0,24.0,168.0,0.8
GLU,high,0.2,Gaussian_eb,,34,10,0.3111111111111111,0.2352941176470588,0.2,0.75,0.2654028436018957,0.8530805687203791,2.0,6.0,18.0,8.0,,,,,,,,,,30.0,1.0,2.8,7.75,14.0,31.0,24.0,168.0,0.8
GLU,high,0.2,Gaussian_eb,,20,6,0.3076923076923077,0.25,0.1666666666666666,0.7142857142857143,0.2058823529411764,0.6691176470588235,1.0,4.0,10.0,5.0,,,,,,,,,,40.0,1.0,1.3333333333333333,5.142857142857143,8.0,18.0,24.0,168.0,0.8
GLU,high,0.2,NORMA_q_age_set,,26,8,0.2666666666666666,0.1538461538461538,0.25,0.8888888888888888,0.4499999999999999,1.6874999999999998,2.0,2.0,16.0,6.0,,,,,,,,,,20.0,1.0,2.0,2.4444444444444446,8.0,22.0,24.0,168.0,0.8
GLU,high,0.2,NORMA_q_age_set,,34,10,0.3111111111111111,0.2352941176470588,0.2,0.75,0.2654028436018957,0.8530805687203791,2.0,6.0,18.0,8.0,,,,,,,,,,30.0,1.0,2.8,7.75,14.0,31.0,24.0,168.0,0.8
GLU,high,0.2,NORMA_q_age_set,,20,6,0.3076923076923077,0.15,0.1666666666666666,0.8571428571428571,0.3414634146341463,1.1097560975609757,1.0,2.0,12.0,5.0,,,,,,,,,,40.0,1.0,1.3333333333333333,2.571428571428572,8.0,18.0,24.0,168.0,0.8
GLU,high,0.2,NORMA_334f7e21,,26,8,0.2666666666666666,0.1538461538461538,0.25,0.8888888888888888,0.4499999999999999,1.6874999999999998,2.0,2.0,16.0,6.0,,,,,,,,,,20.0,1.0,2.0,2.4444444444444446,8.0,22.0,24.0,168.0,0.8
GLU,high,0.2,NORMA_334f7e21,,34,10,0.3111111111111111,0.2647058823529412,0.2,0.7083333333333334,0.2364532019704433,0.7600281491907108,2.0,7.0,17.0,8.0,,,,,,,,,,30.0,1.0,2.8,9.041666666666666,14.0,31.0,24.0,168.0,0.8
GLU,high,0.2,NORMA_334f7e21,,20,6,0.3076923076923077,0.15,0.1666666666666666,0.8571428571428571,0.3414634146341463,1.1097560975609757,1.0,2.0,12.0,5.0,,,,,,,,,,40.0,1.0,1.3333333333333333,2.571428571428572,8.0,18.0,24.0,168.0,0.8
GLU,high,0.2,NORMA_q_age,,26,8,0.2666666666666666,0.1538461538461538,0.25,0.8888888888888888,0.4499999999999999,1.6874999999999998,2.0,2.0,16.0,6.0,,,,,,,,,,20.0,1.0,2.0,2.4444444444444446,8.0,22.0,24.0,168.0,0.8
GLU,high,0.2,NORMA_q_age,,34,10,0.3111111111111111,0.2647058823529412,0.2,0.7083333333333334,0.2364532019704433,0.7600281491907108,2.0,7.0,17.0,8.0,,,,,,,,,,30.0,1.0,2.8,9.041666666666666,14.0,31.0,24.0,168.0,0.8
GLU,high,0.2,NORMA_q_age,,20,6,0.3076923076923077,0.15,0.1666666666666666,0.8571428571428571,0.3414634146341463,1.1097560975609757,1.0,2.0,12.0,5.0,,,,,,,,,,40.0,1.0,1.3333333333333333,2.571428571428572,8.0,18.0,24.0,168.0,0.8
GLU,high,0.2,NORMA_q_set,,26,8,0.2666666666666666,0.1538461538461538,0.25,0.8888888888888888,0.4499999999999999,1.6874999999999998,2.0,2.0,16.0,6.0,,,,,,,,,,20.0,1.0,2.0,2.4444444444444446,8.0,22.0,24.0,168.0,0.8
GLU,high,0.2,NORMA_q_set,,34,10,0.3111111111111111,0.2647058823529412,0.2,0.7083333333333334,0.2364532019704433,0.7600281491907108,2.0,7.0,17.0,8.0,,,,,,,,,,30.0,1.0,2.8,9.041666666666666,14.0,31.0,24.0,168.0,0.8
GLU,high,0.2,NORMA_q_set,,20,6,0.3076923076923077,0.15,0.1666666666666666,0.8571428571428571,0.3414634146341463,1.1097560975609757,1.0,2.0,12.0,5.0,,,,,,,,,,40.0,1.0,1.3333333333333333,2.571428571428572,8.0,18.0,24.0,168.0,0.8
GLU,high,0.2,NORMA_q_co,,26,8,0.2666666666666666,0.1538461538461538,0.25,0.8888888888888888,0.4499999999999999,1.6874999999999998,2.0,2.0,16.0,6.0,,,,,,,,,,20.0,1.0,2.0,2.4444444444444446,8.0,22.0,24.0,168.0,0.8
GLU,high,0.2,NORMA_q_co,,34,10,0.3111111111111111,0.2352941176470588,0.2,0.75,0.2654028436018957,0.8530805687203791,2.0,6.0,18.0,8.0,,,,,,,,,,30.0,1.0,2.8,7.75,14.0,31.0,24.0,168.0,0.8
GLU,high,0.2,NORMA_q_co,,20,6,0.3076923076923077,0.15,0.1666666666666666,0.8571428571428571,0.3414634146341463,1.1097560975609757,1.0,2.0,12.0,5.0,,,,,,,,,,40.0,1.0,1.3333333333333333,2.571428571428572,8.0,18.0,24.0,168.0,0.8
GLU,high,0.2,NORMA_q_age_set_co,,26,8,0.2666666666666666,0.1538461538461538,0.25,0.8888888888888888,0.4499999999999999,1.6874999999999998,2.0,2.0,16.0,6.0,,,,,,,,,,20.0,1.0,2.0,2.4444444444444446,8.0,22.0,24.0,168.0,0.8
GLU,high,0.2,NORMA_q_age_set_co,,34,10,0.3111111111111111,0.2352941176470588,0.2,0.75,0.2654028436018957,0.8530805687203791,2.0,6.0,18.0,8.0,,,,,,,,,,30.0,1.0,2.8,7.75,14.0,31.0,24.0,168.0,0.8
GLU,high,0.2,NORMA_q_age_set_co,,20,6,0.3076923076923077,0.15,0.1666666666666666,0.8571428571428571,0.3414634146341463,1.1097560975609757,1.0,2.0,12.0,5.0,,,,,,,,,,40.0,1.0,1.3333333333333333,2.571428571428572,8.0,18.0,24.0,168.0,0.8
HCT,low,0.2,PopRI,,28,7,0.1111111111111111,0.1071428571428571,0.1428571428571428,0.9047619047619048,0.1578947368421052,1.4210526315789476,1.0,2.0,19.0,6.0,,,,,,,,,,20.0,0.0,1.0,5.333333333333333,7.0,56.0,24.0,168.0,0.8
HCT,low,0.2,PopRI,,56,14,0.2153846153846154,0.1428571428571428,0.2142857142857142,0.8809523809523809,0.3307086614173228,1.5354330708661417,3.0,5.0,37.0,11.0,,,,,,,,,,30.0,0.0,3.0,6.071428571428571,14.0,51.0,24.0,168.0,0.8
HCT,low,0.2,PopRI,,32,8,0.2631578947368421,0.21875,0.25,0.7916666666666666,0.3,1.14,2.0,5.0,19.0,6.0,,,,,,,,,,30.0,1.0,2.5,5.833333333333333,10.0,28.0,24.0,168.0,0.8
HCT,low,0.2,PopRI,,56,14,0.238095238095238,0.1964285714285714,0.2142857142857142,0.8095238095238095,0.2601156069364161,1.092485549132948,3.0,8.0,34.0,11.0,,,,,,,,,,40.0,0.0,3.2142857142857144,9.142857142857142,15.0,48.0,24.0,168.0,0.8
HCT,low,0.2,PopRI,,28,7,0.1707317073170731,0.0357142857142857,0.1428571428571428,1.0,1.0,5.857142857142857,1.0,0.0,21.0,6.0,,,,,,,,,,40.0,1.0,1.0,0.0,7.0,34.0,24.0,168.0,0.8
HCT,low,0.2,PopRI,,92,23,0.2980769230769231,0.108695652173913,0.217391304347826,0.927536231884058,0.5602409638554217,1.8795180722891565,5.0,5.0,64.0,18.0,,,,,,,,,,50.0,0.0,6.739130434782608,5.2898550724637685,31.0,73.0,24.0,168.0,0.8
HCT,low,0.2,PopRI,,108,27,0.2411347517730496,0.1481481481481481,0.1851851851851851,0.8641975308641975,0.3023117960877297,1.2537048014226435,5.0,11.0,70.0,22.0,,,,,,,,,,50.0,1.0,6.296296296296297,14.530864197530864,34.0,107.0,24.0,168.0,0.8
HCT,low,0.2,PopRI,,112,28,0.3432835820895522,0.0982142857142857,0.2142857142857142,0.9404761904761904,0.6529968454258676,1.9022082018927449,6.0,5.0,79.0,22.0,,,,,,,,,,60.0,0.0,9.857142857142858,5.238095238095238,46.0,88.0,24.0,168.0,0.8
HCT,low,0.2,PopRI,,132,33,0.191860465116279,0.1515151515151515,0.2121212121212121,0.8686868686868687,0.2772,1.4448,7.0,13.0,86.0,26.0,,,,,,,,,,60.0,1.0,7.0,18.252525252525253,33.0,139.0,24.0,168.0,0.8
HCT,low,0.2,PopRI,,72,18,0.3023255813953488,0.2083333333333333,0.2222222222222222,0.7962962962962963,0.3209876543209876,1.0617283950617284,4.0,11.0,43.0,14.0,,,,,,,,,,70.0,0.0,5.777777777777778,12.22222222222222,26.0,60.0,24.0,168.0,0.8
HCT,low,0.2,PopRI,,72,18,0.2839506172839506,0.0972222222222222,0.2222222222222222,0.9444444444444444,0.6133333333333334,2.16,4.0,3.0,51.0,14.0,,,,,,,,,,70.0,1.0,5.111111111111111,3.2222222222222223,23.0,58.0,24.0,168.0,0.8
HCT,low,0.2,PerRI,,28,7,0.1111111111111111,0.2142857142857142,0.1428571428571428,0.7619047619047619,0.0697674418604651,0.627906976744186,1.0,5.0,16.0,6.0,,,,,,,,,,20.0,0.0,1.0,13.333333333333334,7.0,56.0,24.0,168.0,0.8
HCT,low,0.2,PerRI,,56,14,0.2153846153846154,0.25,0.2142857142857142,0.7380952380952381,0.1834061135371179,0.8515283842794759,3.0,11.0,31.0,11.0,,,,,,,,,,30.0,0.0,3.0,13.357142857142858,14.0,51.0,24.0,168.0,0.8
HCT,low,0.2,PerRI,,32,8,0.2631578947368421,0.15625,0.25,0.875,0.4166666666666667,1.5833333333333337,2.0,3.0,21.0,6.0,,,,,,,,,,30.0,1.0,2.5,3.5,10.0,28.0,24.0,168.0,0.8
HCT,low,0.2,PerRI,,56,14,0.238095238095238,0.2678571428571428,0.2142857142857142,0.7142857142857143,0.189873417721519,0.7974683544303799,3.0,12.0,30.0,11.0,,,,,,,,,,40.0,0.0,3.2142857142857144,13.714285714285714,15.0,48.0,24.0,168.0,0.8
HCT,low,0.2,PerRI,,28,7,0.1707317073170731,0.0357142857142857,0.1428571428571428,1.0,1.0,5.857142857142857,1.0,0.0,21.0,6.0,,,,,,,,,,40.0,1.0,1.0,0.0,7.0,34.0,24.0,168.0,0.8
HCT,low,0.2,PerRI,,92,23,0.2980769230769231,0.2391304347826087,0.217391304347826,0.7536231884057971,0.2725674091441969,0.9144196951934348,5.0,17.0,52.0,18.0,,,,,,,,,,50.0,0.0,6.739130434782608,17.985507246376812,31.0,73.0,24.0,168.0,0.8
HCT,low,0.2,PerRI,,108,27,0.2411347517730496,0.1851851851851851,0.1851851851851851,0.8148148148148148,0.2411347517730496,1.0000000000000002,5.0,15.0,66.0,22.0,,,,,,,,,,50.0,1.0,6.296296296296297,19.814814814814813,34.0,107.0,24.0,168.0,0.8
HCT,low,0.2,PerRI,,112,28,0.3432835820895522,0.0892857142857142,0.2142857142857142,0.9523809523809524,0.7016949152542373,2.044067796610169,6.0,4.0,80.0,22.0,,,,,,,,,,60.0,0.0,9.857142857142858,4.190476190476191,46.0,88.0,24.0,168.0,0.8
HCT,low,0.2,PerRI,,132,33,0.191860465116279,0.2803030303030303,0.2121212121212121,0.696969696969697,0.1425046267735965,0.742751388032079,7.0,30.0,69.0,26.0,,,,,,,,,,60.0,1.0,7.0,42.121212121212125,33.0,139.0,24.0,168.0,0.8
HCT,low,0.2,PerRI,,72,18,0.3023255813953488,0.1805555555555555,0.2222222222222222,0.8333333333333334,0.3661971830985915,1.2112676056338028,4.0,9.0,45.0,14.0,,,,,,,,,,70.0,0.0,5.777777777777778,10.0,26.0,60.0,24.0,168.0,0.8
HCT,low,0.2,PerRI,,72,18,0.2839506172839506,0.125,0.2222222222222222,0.9074074074074074,0.4876325088339222,1.7173144876325088,4.0,5.0,49.0,14.0,,,,,,,,,,70.0,1.0,5.111111111111111,5.37037037037037,23.0,58.0,24.0,168.0,0.8
HCT,low,0.2,Cohen_m2,,28,7,0.1111111111111111,0.0357142857142857,0.1428571428571428,1.0,1.0,9.0,1.0,0.0,21.0,6.0,,,,,,,,,,20.0,0.0,1.0,0.0,7.0,56.0,24.0,168.0,0.8
HCT,low,0.2,Cohen_m2,,56,14,0.2153846153846154,0.125,0.2142857142857142,0.9047619047619048,0.3818181818181818,1.7727272727272727,3.0,4.0,38.0,11.0,,,,,,,,,,30.0,0.0,3.0,4.857142857142857,14.0,51.0,24.0,168.0,0.8
HCT,low,0.2,Cohen_m2,,32,8,0.2631578947368421,0.25,0.25,0.75,0.2631578947368421,1.0,2.0,6.0,18.0,6.0,,,,,,,,,,30.0,1.0,2.5,7.0,10.0,28.0,24.0,168.0,0.8
HCT,low,0.2,Cohen_m2,,56,14,0.238095238095238,0.1071428571428571,0.2142857142857142,0.9285714285714286,0.4838709677419355,2.032258064516129,3.0,3.0,39.0,11.0,,,,,,,,,,40.0,0.0,3.2142857142857144,3.4285714285714284,15.0,48.0,24.0,168.0,0.8
HCT,low,0.2,Cohen_m2,,28,7,0.1707317073170731,0.0357142857142857,0.1428571428571428,1.0,1.0,5.857142857142857,1.0,0.0,21.0,6.0,,,,,,,,,,40.0,1.0,1.0,0.0,7.0,34.0,24.0,168.0,0.8
HCT,low,0.2,Cohen_m2,,92,23,0.2980769230769231,0.1413043478260869,0.217391304347826,0.8840579710144928,0.4432793136320305,1.487130600571973,5.0,8.0,61.0,18.0,,,,,,,,,,50.0,0.0,6.739130434782608,8.46376811594203,31.0,73.0,24.0,168.0,0.8
HCT,low,0.2,Cohen_m2,,108,27,0.2411347517730496,0.1296296296296296,0.1851851851851851,0.8888888888888888,0.3462321792260692,1.4358452138492872,5.0,9.0,72.0,22.0,,,,,,,,,,50.0,1.0,6.296296296296297,11.88888888888889,34.0,107.0,24.0,168.0,0.8
HCT,low,0.2,Cohen_m2,,112,28,0.3432835820895522,0.1428571428571428,0.2142857142857142,0.8809523809523809,0.4847775175644028,1.4121779859484778,6.0,10.0,74.0,22.0,,,,,,,,,,60.0,0.0,9.857142857142858,10.476190476190476,46.0,88.0,24.0,168.0,0.8
HCT,low,0.2,Cohen_m2,,132,33,0.191860465116279,0.1969696969696969,0.2121212121212121,0.8080808080808081,0.2078584283143371,1.0833833233353327,7.0,19.0,80.0,26.0,,,,,,,,,,60.0,1.0,7.0,26.67676767676768,33.0,139.0,24.0,168.0,0.8
HCT,low,0.2,Cohen_m2,,72,18,0.3023255813953488,0.1388888888888889,0.2222222222222222,0.8888888888888888,0.4642857142857142,1.5357142857142856,4.0,6.0,48.0,14.0,,,,,,,,,,70.0,0.0,5.777777777777778,6.666666666666667,26.0,60.0,24.0,168.0,0.8
HCT,low,0.2,Cohen_m2,,72,18,0.2839506172839506,0.2638888888888889,0.2222222222222222,0.7222222222222222,0.2408376963350785,0.8481675392670158,4.0,15.0,39.0,14.0,,,,,,,,,,70.0,1.0,5.111111111111111,16.11111111111111,23.0,58.0,24.0,168.0,0.8
HCT,low,0.2,Cohen_m3,,28,7,0.1111111111111111,0.0357142857142857,0.1428571428571428,1.0,1.0,9.0,1.0,0.0,21.0,6.0,,,,,,,,,,20.0,0.0,1.0,0.0,7.0,56.0,24.0,168.0,0.8
HCT,low,0.2,Cohen_m3,,56,14,0.2153846153846154,0.3035714285714285,0.2142857142857142,0.6666666666666666,0.15,0.6964285714285714,3.0,14.0,28.0,11.0,,,,,,,,,,30.0,0.0,3.0,17.0,14.0,51.0,24.0,168.0,0.8
HCT,low,0.2,Cohen_m3,,32,8,0.2631578947368421,0.1875,0.25,0.8333333333333334,0.3488372093023256,1.3255813953488371,2.0,4.0,20.0,6.0,,,,,,,,,,30.0,1.0,2.5,4.666666666666667,10.0,28.0,24.0,168.0,0.8
HCT,low,0.2,Cohen_m3,,56,14,0.238095238095238,0.2142857142857142,0.2142857142857142,0.7857142857142857,0.2380952380952381,1.0000000000000002,3.0,9.0,33.0,11.0,,,,,,,,,,40.0,0.0,3.2142857142857144,10.285714285714286,15.0,48.0,24.0,168.0,0.8
HCT,low,0.2,Cohen_m3,,28,7,0.1707317073170731,0.0357142857142857,0.1428571428571428,1.0,1.0,5.857142857142857,1.0,0.0,21.0,6.0,,,,,,,,,,40.0,1.0,1.0,0.0,7.0,34.0,24.0,168.0,0.8
HCT,low,0.2,Cohen_m3,,92,23,0.2980769230769231,0.2065217391304347,0.217391304347826,0.7971014492753623,0.3127101546738399,1.0490921318090114,5.0,14.0,55.0,18.0,,,,,,,,,,50.0,0.0,6.739130434782608,14.81159420289855,31.0,73.0,24.0,168.0,0.8
HCT,low,0.2,Cohen_m3,,108,27,0.2411347517730496,0.1203703703703703,0.1851851851851851,0.9012345679012346,0.3733528550512445,1.548316251830161,5.0,8.0,73.0,22.0,,,,,,,,,,50.0,1.0,6.296296296296297,10.567901234567902,34.0,107.0,24.0,168.0,0.8
HCT,low,0.2,Cohen_m3,,112,28,0.3432835820895522,0.0982142857142857,0.2142857142857142,0.9404761904761904,0.6529968454258676,1.9022082018927449,6.0,5.0,79.0,22.0,,,,,,,,,,60.0,0.0,9.857142857142858,5.238095238095238,46.0,88.0,24.0,168.0,0.8
HCT,low,0.2,Cohen_m3,,132,33,0.191860465116279,0.2348484848484848,0.2121212121212121,0.7575757575757576,0.1720029784065525,0.896500372300819,7.0,24.0,75.0,26.0,,,,,,,,,,60.0,1.0,7.0,33.696969696969695,33.0,139.0,24.0,168.0,0.8
HCT,low,0.2,Cohen_m3,,72,18,0.3023255813953488,0.125,0.2222222222222222,0.9074074074074074,0.5098039215686275,1.686274509803922,4.0,5.0,49.0,14.0,,,,,,,,,,70.0,0.0,5.777777777777778,5.555555555555555,26.0,60.0,24.0,168.0,0.8
HCT,low,0.2,Cohen_m3,,72,18,0.2839506172839506,0.2916666666666667,0.2222222222222222,0.6851851851851852,0.2187004754358161,0.7702060221870047,4.0,17.0,37.0,14.0,,,,,,,,,,70.0,1.0,5.111111111111111,18.25925925925926,23.0,58.0,24.0,168.0,0.8
HCT,low,0.2,Cohen_m4,,28,7,0.1111111111111111,0.0357142857142857,0.1428571428571428,1.0,1.0,9.0,1.0,0.0,21.0,6.0,,,,,,,,,,20.0,0.0,1.0,0.0,7.0,56.0,24.0,168.0,0.8
HCT,low,0.2,Cohen_m4,,56,14,0.2153846153846154,0.3214285714285714,0.2142857142857142,0.6428571428571429,0.1414141414141414,0.6565656565656565,3.0,15.0,27.0,11.0,,,,,,,,,,30.0,0.0,3.0,18.214285714285715,14.0,51.0,24.0,168.0,0.8
HCT,low,0.2,Cohen_m4,,32,8,0.2631578947368421,0.1875,0.25,0.8333333333333334,0.3488372093023256,1.3255813953488371,2.0,4.0,20.0,6.0,,,,,,,,,,30.0,1.0,2.5,4.666666666666667,10.0,28.0,24.0,168.0,0.8
HCT,low,0.2,Cohen_m4,,56,14,0.238095238095238,0.125,0.2142857142857142,0.9047619047619048,0.4128440366972477,1.7339449541284406,3.0,4.0,38.0,11.0,,,,,,,,,,40.0,0.0,3.2142857142857144,4.571428571428571,15.0,48.0,24.0,168.0,0.8
HCT,low,0.2,Cohen_m4,,28,7,0.1707317073170731,0.0357142857142857,0.1428571428571428,1.0,1.0,5.857142857142857,1.0,0.0,21.0,6.0,,,,,,,,,,40.0,1.0,1.0,0.0,7.0,34.0,24.0,168.0,0.8
HCT,low,0.2,Cohen_m4,,92,23,0.2980769230769231,0.1847826086956521,0.217391304347826,0.8260869565217391,0.3467561521252796,1.16331096196868,5.0,12.0,57.0,18.0,,,,,,,,,,50.0,0.0,6.739130434782608,12.695652173913045,31.0,73.0,24.0,168.0,0.8
HCT,low,0.2,Cohen_m4,,108,27,0.2411347517730496,0.1666666666666666,0.1851851851851851,0.8395061728395061,0.2682798527091005,1.1125723303524462,5.0,13.0,68.0,22.0,,,,,,,,,,50.0,1.0,6.296296296296297,17.17283950617284,34.0,107.0,24.0,168.0,0.8
HCT,low,0.2,Cohen_m4,,112,28,0.3432835820895522,0.125,0.2142857142857142,0.9047619047619048,0.5404699738903394,1.5744125326370757,6.0,8.0,76.0,22.0,,,,,,,,,,60.0,0.0,9.857142857142858,8.380952380952381,46.0,88.0,24.0,168.0,0.8
HCT,low,0.2,Cohen_m4,,132,33,0.191860465116279,0.1742424242424242,0.2121212121212121,0.8383838383838383,0.237572848817278,1.2382584847446003,7.0,16.0,83.0,26.0,,,,,,,,,,60.0,1.0,7.0,22.464646464646464,33.0,139.0,24.0,168.0,0.8
HCT,low,0.2,Cohen_m4,,72,18,0.3023255813953488,0.1388888888888889,0.2222222222222222,0.8888888888888888,0.4642857142857142,1.5357142857142856,4.0,6.0,48.0,14.0,,,,,,,,,,70.0,0.0,5.777777777777778,6.666666666666667,26.0,60.0,24.0,168.0,0.8
HCT,low,0.2,Cohen_m4,,72,18,0.2839506172839506,0.2361111111111111,0.2222222222222222,0.7592592592592593,0.2679611650485436,0.9436893203883492,4.0,13.0,41.0,14.0,,,,,,,,,,70.0,1.0,5.111111111111111,13.962962962962964,23.0,58.0,24.0,168.0,0.8
HCT,low,0.2,Gaussian_mle,,28,7,0.1111111111111111,0.1071428571428571,0.1428571428571428,0.9047619047619048,0.1578947368421052,1.4210526315789476,1.0,2.0,19.0,6.0,,,,,,,,,,20.0,0.0,1.0,5.333333333333333,7.0,56.0,24.0,168.0,0.8
HCT,low,0.2,Gaussian_mle,,56,14,0.2153846153846154,0.1964285714285714,0.2142857142857142,0.8095238095238095,0.2359550561797753,1.0955056179775282,3.0,8.0,34.0,11.0,,,,,,,,,,30.0,0.0,3.0,9.714285714285714,14.0,51.0,24.0,168.0,0.8
HCT,low,0.2,Gaussian_mle,,32,8,0.2631578947368421,0.1875,0.25,0.8333333333333334,0.3488372093023256,1.3255813953488371,2.0,4.0,20.0,6.0,,,,,,,,,,30.0,1.0,2.5,4.666666666666667,10.0,28.0,24.0,168.0,0.8
HCT,low,0.2,Gaussian_mle,,56,14,0.238095238095238,0.0892857142857142,0.2142857142857142,0.9523809523809524,0.5844155844155844,2.4545454545454546,3.0,2.0,40.0,11.0,,,,,,,,,,40.0,0.0,3.2142857142857144,2.2857142857142856,15.0,48.0,24.0,168.0,0.8
HCT,low,0.2,Gaussian_mle,,28,7,0.1707317073170731,0.1071428571428571,0.1428571428571428,0.9047619047619048,0.2359550561797752,1.3820224719101122,1.0,2.0,19.0,6.0,,,,,,,,,,40.0,1.0,1.0,3.238095238095238,7.0,34.0,24.0,168.0,0.8
HCT,low,0.2,Gaussian_mle,,92,23,0.2980769230769231,0.1739130434782608,0.217391304347826,0.8405797101449275,0.3667192429022082,1.2302839116719242,5.0,11.0,58.0,18.0,,,,,,,,,,50.0,0.0,6.739130434782608,11.63768115942029,31.0,73.0,24.0,168.0,0.8
HCT,low,0.2,Gaussian_mle,,108,27,0.2411347517730496,0.1944444444444444,0.1851851851851851,0.8024691358024691,0.2295229522952295,0.9518451845184518,5.0,16.0,65.0,22.0,,,,,,,,,,50.0,1.0,6.296296296296297,21.135802469135804,34.0,107.0,24.0,168.0,0.8
HCT,low,0.2,Gaussian_mle,,112,28,0.3432835820895522,0.1696428571428571,0.2142857142857142,0.8452380952380952,0.4198782961460446,1.2231237322515214,6.0,13.0,71.0,22.0,,,,,,,,,,60.0,0.0,9.857142857142858,13.61904761904762,46.0,88.0,24.0,168.0,0.8
HCT,low,0.2,Gaussian_mle,,132,33,0.191860465116279,0.2121212121212121,0.2121212121212121,0.7878787878787878,0.191860465116279,1.0,7.0,21.0,78.0,26.0,,,,,,,,,,60.0,1.0,7.0,29.484848484848484,33.0,139.0,24.0,168.0,0.8
HCT,low,0.2,Gaussian_mle,,72,18,0.3023255813953488,0.1666666666666666,0.2222222222222222,0.8518518518518519,0.3939393939393939,1.303030303030303,4.0,8.0,46.0,14.0,,,,,,,,,,70.0,0.0,5.777777777777778,8.88888888888889,26.0,60.0,24.0,168.0,0.8
HCT,low,0.2,Gaussian_mle,,72,18,0.2839506172839506,0.2777777777777778,0.2222222222222222,0.7037037037037037,0.229235880398671,0.8073089700996677,4.0,16.0,38.0,14.0,,,,,,,,,,70.0,1.0,5.111111111111111,17.185185185185187,23.0,58.0,24.0,168.0,0.8
HCT,low,0.2,Gaussian_trunc,,28,7,0.1111111111111111,0.1071428571428571,0.1428571428571428,0.9047619047619048,0.1578947368421052,1.4210526315789476,1.0,2.0,19.0,6.0,,,,,,,,,,20.0,0.0,1.0,5.333333333333333,7.0,56.0,24.0,168.0,0.8
HCT,low,0.2,Gaussian_trunc,,56,14,0.2153846153846154,0.2142857142857142,0.2142857142857142,0.7857142857142857,0.2153846153846153,1.0,3.0,9.0,33.0,11.0,,,,,,,,,,30.0,0.0,3.0,10.928571428571429,14.0,51.0,24.0,168.0,0.8
HCT,low,0.2,Gaussian_trunc,,32,8,0.2631578947368421,0.1875,0.25,0.8333333333333334,0.3488372093023256,1.3255813953488371,2.0,4.0,20.0,6.0,,,,,,,,,,30.0,1.0,2.5,4.666666666666667,10.0,28.0,24.0,168.0,0.8
HCT,low,0.2,Gaussian_trunc,,56,14,0.238095238095238,0.0892857142857142,0.2142857142857142,0.9523809523809524,0.5844155844155844,2.4545454545454546,3.0,2.0,40.0,11.0,,,,,,,,,,40.0,0.0,3.2142857142857144,2.2857142857142856,15.0,48.0,24.0,168.0,0.8
HCT,low,0.2,Gaussian_trunc,,28,7,0.1707317073170731,0.0357142857142857,0.1428571428571428,1.0,1.0,5.857142857142857,1.0,0.0,21.0,6.0,,,,,,,,,,40.0,1.0,1.0,0.0,7.0,34.0,24.0,168.0,0.8
HCT,low,0.2,Gaussian_trunc,,92,23,0.2980769230769231,0.1739130434782608,0.217391304347826,0.8405797101449275,0.3667192429022082,1.2302839116719242,5.0,11.0,58.0,18.0,,,,,,,,,,50.0,0.0,6.739130434782608,11.63768115942029,31.0,73.0,24.0,168.0,0.8
HCT,low,0.2,Gaussian_trunc,,108,27,0.2411347517730496,0.2407407407407407,0.1851851851851851,0.7407407407407407,0.1849836779107725,0.7671381936887922,5.0,21.0,60.0,22.0,,,,,,,,,,50.0,1.0,6.296296296296297,27.74074074074074,34.0,107.0,24.0,168.0,0.8
HCT,low,0.2,Gaussian_trunc,,112,28,0.3432835820895522,0.1696428571428571,0.2142857142857142,0.8452380952380952,0.4198782961460446,1.2231237322515214,6.0,13.0,71.0,22.0,,,,,,,,,,60.0,0.0,9.857142857142858,13.61904761904762,46.0,88.0,24.0,168.0,0.8
HCT,low,0.2,Gaussian_trunc,,132,33,0.191860465116279,0.2651515151515151,0.2121212121212121,0.7171717171717171,0.1511450381679389,0.7877862595419847,7.0,28.0,71.0,26.0,,,,,,,,,,60.0,1.0,7.0,39.31313131313132,33.0,139.0,24.0,168.0,0.8
HCT,low,0.2,Gaussian_trunc,,72,18,0.3023255813953488,0.1666666666666666,0.2222222222222222,0.8518518518518519,0.3939393939393939,1.303030303030303,4.0,8.0,46.0,14.0,,,,,,,,,,70.0,0.0,5.777777777777778,8.88888888888889,26.0,60.0,24.0,168.0,0.8
HCT,low,0.2,Gaussian_trunc,,72,18,0.2839506172839506,0.25,0.2222222222222222,0.7407407407407407,0.2536764705882353,0.8933823529411766,4.0,14.0,40.0,14.0,,,,,,,,,,70.0,1.0,5.111111111111111,15.037037037037036,23.0,58.0,24.0,168.0,0.8
HCT,low,0.2,Gaussian_eb,,28,7,0.1111111111111111,0.1071428571428571,0.1428571428571428,0.9047619047619048,0.1578947368421052,1.4210526315789476,1.0,2.0,19.0,6.0,,,,,,,,,,20.0,0.0,1.0,5.333333333333333,7.0,56.0,24.0,168.0,0.8
HCT,low,0.2,Gaussian_eb,,56,14,0.2153846153846154,0.2142857142857142,0.2142857142857142,0.7857142857142857,0.2153846153846153,1.0,3.0,9.0,33.0,11.0,,,,,,,,,,30.0,0.0,3.0,10.928571428571429,14.0,51.0,24.0,168.0,0.8
HCT,low,0.2,Gaussian_eb,,32,8,0.2631578947368421,0.21875,0.25,0.7916666666666666,0.3,1.14,2.0,5.0,19.0,6.0,,,,,,,,,,30.0,1.0,2.5,5.833333333333333,10.0,28.0,24.0,168.0,0.8
HCT,low,0.2,Gaussian_eb,,56,14,0.238095238095238,0.0892857142857142,0.2142857142857142,0.9523809523809524,0.5844155844155844,2.4545454545454546,3.0,2.0,40.0,11.0,,,,,,,,,,40.0,0.0,3.2142857142857144,2.2857142857142856,15.0,48.0,24.0,168.0,0.8
HCT,low,0.2,Gaussian_eb,,28,7,0.1707317073170731,0.0357142857142857,0.1428571428571428,1.0,1.0,5.857142857142857,1.0,0.0,21.0,6.0,,,,,,,,,,40.0,1.0,1.0,0.0,7.0,34.0,24.0,168.0,0.8
HCT,low,0.2,Gaussian_eb,,92,23,0.2980769230769231,0.1847826086956521,0.217391304347826,0.8260869565217391,0.3467561521252796,1.16331096196868,5.0,12.0,57.0,18.0,,,,,,,,,,50.0,0.0,6.739130434782608,12.695652173913045,31.0,73.0,24.0,168.0,0.8
HCT,low,0.2,Gaussian_eb,,108,27,0.2411347517730496,0.1759259259259259,0.1851851851851851,0.8271604938271605,0.2539840637450199,1.0532868525896415,5.0,14.0,67.0,22.0,,,,,,,,,,50.0,1.0,6.296296296296297,18.493827160493822,34.0,107.0,24.0,168.0,0.8
HCT,low,0.2,Gaussian_eb,,112,28,0.3432835820895522,0.1696428571428571,0.2142857142857142,0.8452380952380952,0.4198782961460446,1.2231237322515214,6.0,13.0,71.0,22.0,,,,,,,,,,60.0,0.0,9.857142857142858,13.61904761904762,46.0,88.0,24.0,168.0,0.8
HCT,low,0.2,Gaussian_eb,,132,33,0.191860465116279,0.1969696969696969,0.2121212121212121,0.8080808080808081,0.2078584283143371,1.0833833233353327,7.0,19.0,80.0,26.0,,,,,,,,,,60.0,1.0,7.0,26.67676767676768,33.0,139.0,24.0,168.0,0.8
HCT,low,0.2,Gaussian_eb,,72,18,0.3023255813953488,0.1666666666666666,0.2222222222222222,0.8518518518518519,0.3939393939393939,1.303030303030303,4.0,8.0,46.0,14.0,,,,,,,,,,70.0,0.0,5.777777777777778,8.88888888888889,26.0,60.0,24.0,168.0,0.8
HCT,low,0.2,Gaussian_eb,,72,18,0.2839506172839506,0.2777777777777778,0.2222222222222222,0.7037037037037037,0.229235880398671,0.8073089700996677,4.0,16.0,38.0,14.0,,,,,,,,,,70.0,1.0,5.111111111111111,17.185185185185187,23.0,58.0,24.0,168.0,0.8
HCT,low,0.2,NORMA_q_age_set,,28,7,0.1111111111111111,0.1071428571428571,0.1428571428571428,0.9047619047619048,0.1578947368421052,1.4210526315789476,1.0,2.0,19.0,6.0,,,,,,,,,,20.0,0.0,1.0,5.333333333333333,7.0,56.0,24.0,168.0,0.8
HCT,low,0.2,NORMA_q_age_set,,56,14,0.2153846153846154,0.125,0.2142857142857142,0.9047619047619048,0.3818181818181818,1.7727272727272727,3.0,4.0,38.0,11.0,,,,,,,,,,30.0,0.0,3.0,4.857142857142857,14.0,51.0,24.0,168.0,0.8
HCT,low,0.2,NORMA_q_age_set,,32,8,0.2631578947368421,0.0625,0.25,1.0,1.0,3.8,2.0,0.0,24.0,6.0,,,,,,,,,,30.0,1.0,2.5,0.0,10.0,28.0,24.0,168.0,0.8
HCT,low,0.2,NORMA_q_age_set,,56,14,0.238095238095238,0.0892857142857142,0.2142857142857142,0.9523809523809524,0.5844155844155844,2.4545454545454546,3.0,2.0,40.0,11.0,,,,,,,,,,40.0,0.0,3.2142857142857144,2.2857142857142856,15.0,48.0,24.0,168.0,0.8
HCT,low,0.2,NORMA_q_age_set,,28,7,0.1707317073170731,0.0714285714285714,0.1428571428571428,0.9523809523809524,0.3818181818181818,2.2363636363636363,1.0,1.0,20.0,6.0,,,,,,,,,,40.0,1.0,1.0,1.619047619047619,7.0,34.0,24.0,168.0,0.8
HCT,low,0.2,NORMA_q_age_set,,92,23,0.2980769230769231,0.1413043478260869,0.217391304347826,0.8840579710144928,0.4432793136320305,1.487130600571973,5.0,8.0,61.0,18.0,,,,,,,,,,50.0,0.0,6.739130434782608,8.46376811594203,31.0,73.0,24.0,168.0,0.8
HCT,low,0.2,NORMA_q_age_set,,108,27,0.2411347517730496,0.1759259259259259,0.1851851851851851,0.8271604938271605,0.2539840637450199,1.0532868525896415,5.0,14.0,67.0,22.0,,,,,,,,,,50.0,1.0,6.296296296296297,18.493827160493822,34.0,107.0,24.0,168.0,0.8
HCT,low,0.2,NORMA_q_age_set,,112,28,0.3432835820895522,0.1875,0.2142857142857142,0.8214285714285714,0.3854748603351955,1.122905027932961,6.0,15.0,69.0,22.0,,,,,,,,,,60.0,0.0,9.857142857142858,15.714285714285714,46.0,88.0,24.0,168.0,0.8
HCT,low,0.2,NORMA_q_age_set,,132,33,0.191860465116279,0.2045454545454545,0.2121212121212121,0.797979797979798,0.199539303196084,1.0400230348401958,7.0,20.0,79.0,26.0,,,,,,,,,,60.0,1.0,7.0,28.08080808080808,33.0,139.0,24.0,168.0,0.8
HCT,low,0.2,NORMA_q_age_set,,72,18,0.3023255813953488,0.2222222222222222,0.2222222222222222,0.7777777777777778,0.3023255813953488,1.0,4.0,12.0,42.0,14.0,,,,,,,,,,70.0,0.0,5.777777777777778,13.333333333333334,26.0,60.0,24.0,168.0,0.8
HCT,low,0.2,NORMA_q_age_set,,72,18,0.2839506172839506,0.1666666666666666,0.2222222222222222,0.8518518518518519,0.3729729729729729,1.3135135135135134,4.0,8.0,46.0,14.0,,,,,,,,,,70.0,1.0,5.111111111111111,8.592592592592593,23.0,58.0,24.0,168.0,0.8
HCT,low,0.2,NORMA_334f7e21,,28,7,0.1111111111111111,0.1428571428571428,0.1428571428571428,0.8571428571428571,0.1111111111111111,1.0,1.0,3.0,18.0,6.0,,,,,,,,,,20.0,0.0,1.0,8.0,7.0,56.0,24.0,168.0,0.8
HCT,low,0.2,NORMA_334f7e21,,56,14,0.2153846153846154,0.1071428571428571,0.2142857142857142,0.9285714285714286,0.4516129032258065,2.096774193548387,3.0,3.0,39.0,11.0,,,,,,,,,,30.0,0.0,3.0,3.642857142857143,14.0,51.0,24.0,168.0,0.8
HCT,low,0.2,NORMA_334f7e21,,32,8,0.2631578947368421,0.0625,0.25,1.0,1.0,3.8,2.0,0.0,24.0,6.0,,,,,,,,,,30.0,1.0,2.5,0.0,10.0,28.0,24.0,168.0,0.8
HCT,low,0.2,NORMA_334f7e21,,56,14,0.238095238095238,0.0892857142857142,0.2142857142857142,0.9523809523809524,0.5844155844155844,2.4545454545454546,3.0,2.0,40.0,11.0,,,,,,,,,,40.0,0.0,3.2142857142857144,2.2857142857142856,15.0,48.0,24.0,168.0,0.8
HCT,low,0.2,NORMA_334f7e21,,28,7,0.1707317073170731,0.0357142857142857,0.1428571428571428,1.0,1.0,5.857142857142857,1.0,0.0,21.0,6.0,,,,,,,,,,40.0,1.0,1.0,0.0,7.0,34.0,24.0,168.0,0.8
HCT,low,0.2,NORMA_334f7e21,,92,23,0.2980769230769231,0.1630434782608695,0.217391304347826,0.855072463768116,0.3891213389121339,1.3054393305439331,5.0,10.0,59.0,18.0,,,,,,,,,,50.0,0.0,6.739130434782608,10.579710144927535,31.0,73.0,24.0,168.0,0.8
HCT,low,0.2,NORMA_334f7e21,,108,27,0.2411347517730496,0.2129629629629629,0.1851851851851851,0.7777777777777778,0.20935960591133,0.8682266009852216,5.0,18.0,63.0,22.0,,,,,,,,,,50.0,1.0,6.296296296296297,23.77777777777778,34.0,107.0,24.0,168.0,0.8
HCT,low,0.2,NORMA_334f7e21,,112,28,0.3432835820895522,0.1964285714285714,0.2142857142857142,0.8095238095238095,0.370304114490161,1.07871198568873,6.0,16.0,68.0,22.0,,,,,,,,,,60.0,0.0,9.857142857142858,16.761904761904763,46.0,88.0,24.0,168.0,0.8
HCT,low,0.2,NORMA_334f7e21,,132,33,0.191860465116279,0.2121212121212121,0.2121212121212121,0.7878787878787878,0.191860465116279,1.0,7.0,21.0,78.0,26.0,,,,,,,,,,60.0,1.0,7.0,29.484848484848484,33.0,139.0,24.0,168.0,0.8
HCT,low,0.2,NORMA_334f7e21,,72,18,0.3023255813953488,0.25,0.2222222222222222,0.7407407407407407,0.2708333333333333,0.8958333333333335,4.0,14.0,40.0,14.0,,,,,,,,,,70.0,0.0,5.777777777777778,15.555555555555555,26.0,60.0,24.0,168.0,0.8
HCT,low,0.2,NORMA_334f7e21,,72,18,0.2839506172839506,0.1388888888888889,0.2222222222222222,0.8888888888888888,0.4423076923076923,1.5576923076923077,4.0,6.0,48.0,14.0,,,,,,,,,,70.0,1.0,5.111111111111111,6.444444444444445,23.0,58.0,24.0,168.0,0.8
HCT,low,0.2,NORMA_q_age,,28,7,0.1111111111111111,0.1071428571428571,0.1428571428571428,0.9047619047619048,0.1578947368421052,1.4210526315789476,1.0,2.0,19.0,6.0,,,,,,,,,,20.0,0.0,1.0,5.333333333333333,7.0,56.0,24.0,168.0,0.8
HCT,low,0.2,NORMA_q_age,,56,14,0.2153846153846154,0.1428571428571428,0.2142857142857142,0.8809523809523809,0.3307086614173228,1.5354330708661417,3.0,5.0,37.0,11.0,,,,,,,,,,30.0,0.0,3.0,6.071428571428571,14.0,51.0,24.0,168.0,0.8
HCT,low,0.2,NORMA_q_age,,32,8,0.2631578947368421,0.0625,0.25,1.0,1.0,3.8,2.0,0.0,24.0,6.0,,,,,,,,,,30.0,1.0,2.5,0.0,10.0,28.0,24.0,168.0,0.8
HCT,low,0.2,NORMA_q_age,,56,14,0.238095238095238,0.1071428571428571,0.2142857142857142,0.9285714285714286,0.4838709677419355,2.032258064516129,3.0,3.0,39.0,11.0,,,,,,,,,,40.0,0.0,3.2142857142857144,3.4285714285714284,15.0,48.0,24.0,168.0,0.8
HCT,low,0.2,NORMA_q_age,,28,7,0.1707317073170731,0.0357142857142857,0.1428571428571428,1.0,1.0,5.857142857142857,1.0,0.0,21.0,6.0,,,,,,,,,,40.0,1.0,1.0,0.0,7.0,34.0,24.0,168.0,0.8
HCT,low,0.2,NORMA_q_age,,92,23,0.2980769230769231,0.1521739130434782,0.217391304347826,0.8695652173913043,0.4144385026737968,1.390374331550802,5.0,9.0,60.0,18.0,,,,,,,,,,50.0,0.0,6.739130434782608,9.521739130434783,31.0,73.0,24.0,168.0,0.8
HCT,low,0.2,NORMA_q_age,,108,27,0.2411347517730496,0.1944444444444444,0.1851851851851851,0.8024691358024691,0.2295229522952295,0.9518451845184518,5.0,16.0,65.0,22.0,,,,,,,,,,50.0,1.0,6.296296296296297,21.135802469135804,34.0,107.0,24.0,168.0,0.8
HCT,low,0.2,NORMA_q_age,,112,28,0.3432835820895522,0.1964285714285714,0.2142857142857142,0.8095238095238095,0.370304114490161,1.07871198568873,6.0,16.0,68.0,22.0,,,,,,,,,,60.0,0.0,9.857142857142858,16.761904761904763,46.0,88.0,24.0,168.0,0.8
HCT,low,0.2,NORMA_q_age,,132,33,0.191860465116279,0.2196969696969697,0.2121212121212121,0.7777777777777778,0.1847507331378299,0.9629432151426286,7.0,22.0,77.0,26.0,,,,,,,,,,60.0,1.0,7.0,30.88888888888889,33.0,139.0,24.0,168.0,0.8
HCT,low,0.2,NORMA_q_age,,72,18,0.3023255813953488,0.2222222222222222,0.2222222222222222,0.7777777777777778,0.3023255813953488,1.0,4.0,12.0,42.0,14.0,,,,,,,,,,70.0,0.0,5.777777777777778,13.333333333333334,26.0,60.0,24.0,168.0,0.8
HCT,low,0.2,NORMA_q_age,,72,18,0.2839506172839506,0.1527777777777778,0.2222222222222222,0.8703703703703703,0.4046920821114369,1.4252199413489737,4.0,7.0,47.0,14.0,,,,,,,,,,70.0,1.0,5.111111111111111,7.518518518518518,23.0,58.0,24.0,168.0,0.8
HCT,low,0.2,NORMA_q_set,,28,7,0.1111111111111111,0.1071428571428571,0.1428571428571428,0.9047619047619048,0.1578947368421052,1.4210526315789476,1.0,2.0,19.0,6.0,,,,,,,,,,20.0,0.0,1.0,5.333333333333333,7.0,56.0,24.0,168.0,0.8
HCT,low,0.2,NORMA_q_set,,56,14,0.2153846153846154,0.125,0.2142857142857142,0.9047619047619048,0.3818181818181818,1.7727272727272727,3.0,4.0,38.0,11.0,,,,,,,,,,30.0,0.0,3.0,4.857142857142857,14.0,51.0,24.0,168.0,0.8
HCT,low,0.2,NORMA_q_set,,32,8,0.2631578947368421,0.09375,0.25,0.9583333333333334,0.6818181818181818,2.590909090909091,2.0,1.0,23.0,6.0,,,,,,,,,,30.0,1.0,2.5,1.1666666666666667,10.0,28.0,24.0,168.0,0.8
HCT,low,0.2,NORMA_q_set,,56,14,0.238095238095238,0.0892857142857142,0.2142857142857142,0.9523809523809524,0.5844155844155844,2.4545454545454546,3.0,2.0,40.0,11.0,,,,,,,,,,40.0,0.0,3.2142857142857144,2.2857142857142856,15.0,48.0,24.0,168.0,0.8
HCT,low,0.2,NORMA_q_set,,28,7,0.1707317073170731,0.0357142857142857,0.1428571428571428,1.0,1.0,5.857142857142857,1.0,0.0,21.0,6.0,,,,,,,,,,40.0,1.0,1.0,0.0,7.0,34.0,24.0,168.0,0.8
HCT,low,0.2,NORMA_q_set,,92,23,0.2980769230769231,0.1304347826086956,0.217391304347826,0.8985507246376812,0.4764344262295082,1.598360655737705,5.0,7.0,62.0,18.0,,,,,,,,,,50.0,0.0,6.739130434782608,7.405797101449275,31.0,73.0,24.0,168.0,0.8
HCT,low,0.2,NORMA_q_set,,108,27,0.2411347517730496,0.1944444444444444,0.1851851851851851,0.8024691358024691,0.2295229522952295,0.9518451845184518,5.0,16.0,65.0,22.0,,,,,,,,,,50.0,1.0,6.296296296296297,21.135802469135804,34.0,107.0,24.0,168.0,0.8
HCT,low,0.2,NORMA_q_set,,112,28,0.3432835820895522,0.1607142857142857,0.2142857142857142,0.8571428571428571,0.4394904458598725,1.2802547770700636,6.0,12.0,72.0,22.0,,,,,,,,,,60.0,0.0,9.857142857142858,12.571428571428571,46.0,88.0,24.0,168.0,0.8
HCT,low,0.2,NORMA_q_set,,132,33,0.191860465116279,0.2424242424242424,0.2121212121212121,0.7474747474747475,0.1662667946257197,0.866602687140115,7.0,25.0,74.0,26.0,,,,,,,,,,60.0,1.0,7.0,35.101010101010104,33.0,139.0,24.0,168.0,0.8
HCT,low,0.2,NORMA_q_set,,72,18,0.3023255813953488,0.2222222222222222,0.2222222222222222,0.7777777777777778,0.3023255813953488,1.0,4.0,12.0,42.0,14.0,,,,,,,,,,70.0,0.0,5.777777777777778,13.333333333333334,26.0,60.0,24.0,168.0,0.8
HCT,low,0.2,NORMA_q_set,,72,18,0.2839506172839506,0.1527777777777778,0.2222222222222222,0.8703703703703703,0.4046920821114369,1.4252199413489737,4.0,7.0,47.0,14.0,,,,,,,,,,70.0,1.0,5.111111111111111,7.518518518518518,23.0,58.0,24.0,168.0,0.8
HCT,low,0.2,NORMA_q_co,,28,7,0.1111111111111111,0.1071428571428571,0.1428571428571428,0.9047619047619048,0.1578947368421052,1.4210526315789476,1.0,2.0,19.0,6.0,,,,,,,,,,20.0,0.0,1.0,5.333333333333333,7.0,56.0,24.0,168.0,0.8
HCT,low,0.2,NORMA_q_co,,56,14,0.2153846153846154,0.1071428571428571,0.2142857142857142,0.9285714285714286,0.4516129032258065,2.096774193548387,3.0,3.0,39.0,11.0,,,,,,,,,,30.0,0.0,3.0,3.642857142857143,14.0,51.0,24.0,168.0,0.8
HCT,low,0.2,NORMA_q_co,,32,8,0.2631578947368421,0.0625,0.25,1.0,1.0,3.8,2.0,0.0,24.0,6.0,,,,,,,,,,30.0,1.0,2.5,0.0,10.0,28.0,24.0,168.0,0.8
HCT,low,0.2,NORMA_q_co,,56,14,0.238095238095238,0.1071428571428571,0.2142857142857142,0.9285714285714286,0.4838709677419355,2.032258064516129,3.0,3.0,39.0,11.0,,,,,,,,,,40.0,0.0,3.2142857142857144,3.4285714285714284,15.0,48.0,24.0,168.0,0.8
HCT,low,0.2,NORMA_q_co,,28,7,0.1707317073170731,0.0357142857142857,0.1428571428571428,1.0,1.0,5.857142857142857,1.0,0.0,21.0,6.0,,,,,,,,,,40.0,1.0,1.0,0.0,7.0,34.0,24.0,168.0,0.8
HCT,low,0.2,NORMA_q_co,,92,23,0.2980769230769231,0.1739130434782608,0.217391304347826,0.8405797101449275,0.3667192429022082,1.2302839116719242,5.0,11.0,58.0,18.0,,,,,,,,,,50.0,0.0,6.739130434782608,11.63768115942029,31.0,73.0,24.0,168.0,0.8
HCT,low,0.2,NORMA_q_co,,108,27,0.2411347517730496,0.1666666666666666,0.1851851851851851,0.8395061728395061,0.2682798527091005,1.1125723303524462,5.0,13.0,68.0,22.0,,,,,,,,,,50.0,1.0,6.296296296296297,17.17283950617284,34.0,107.0,24.0,168.0,0.8
HCT,low,0.2,NORMA_q_co,,112,28,0.3432835820895522,0.1875,0.2142857142857142,0.8214285714285714,0.3854748603351955,1.122905027932961,6.0,15.0,69.0,22.0,,,,,,,,,,60.0,0.0,9.857142857142858,15.714285714285714,46.0,88.0,24.0,168.0,0.8
HCT,low,0.2,NORMA_q_co,,132,33,0.191860465116279,0.1969696969696969,0.2121212121212121,0.8080808080808081,0.2078584283143371,1.0833833233353327,7.0,19.0,80.0,26.0,,,,,,,,,,60.0,1.0,7.0,26.67676767676768,33.0,139.0,24.0,168.0,0.8
HCT,low,0.2,NORMA_q_co,,72,18,0.3023255813953488,0.2222222222222222,0.2222222222222222,0.7777777777777778,0.3023255813953488,1.0,4.0,12.0,42.0,14.0,,,,,,,,,,70.0,0.0,5.777777777777778,13.333333333333334,26.0,60.0,24.0,168.0,0.8
HCT,low,0.2,NORMA_q_co,,72,18,0.2839506172839506,0.1527777777777778,0.2222222222222222,0.8703703703703703,0.4046920821114369,1.4252199413489737,4.0,7.0,47.0,14.0,,,,,,,,,,70.0,1.0,5.111111111111111,7.518518518518518,23.0,58.0,24.0,168.0,0.8
HCT,low,0.2,NORMA_q_age_set_co,,28,7,0.1111111111111111,0.1071428571428571,0.1428571428571428,0.9047619047619048,0.1578947368421052,1.4210526315789476,1.0,2.0,19.0,6.0,,,,,,,,,,20.0,0.0,1.0,5.333333333333333,7.0,56.0,24.0,168.0,0.8
HCT,low,0.2,NORMA_q_age_set_co,,56,14,0.2153846153846154,0.1785714285714285,0.2142857142857142,0.8333333333333334,0.2608695652173913,1.2111801242236024,3.0,7.0,35.0,11.0,,,,,,,,,,30.0,0.0,3.0,8.5,14.0,51.0,24.0,168.0,0.8
HCT,low,0.2,NORMA_q_age_set_co,,32,8,0.2631578947368421,0.09375,0.25,0.9583333333333334,0.6818181818181818,2.590909090909091,2.0,1.0,23.0,6.0,,,,,,,,,,30.0,1.0,2.5,1.1666666666666667,10.0,28.0,24.0,168.0,0.8
HCT,low,0.2,NORMA_q_age_set_co,,56,14,0.238095238095238,0.1428571428571428,0.2142857142857142,0.8809523809523809,0.36,1.512,3.0,5.0,37.0,11.0,,,,,,,,,,40.0,0.0,3.2142857142857144,5.714285714285714,15.0,48.0,24.0,168.0,0.8
HCT,low,0.2,NORMA_q_age_set_co,,28,7,0.1707317073170731,0.0714285714285714,0.1428571428571428,0.9523809523809524,0.3818181818181818,2.2363636363636363,1.0,1.0,20.0,6.0,,,,,,,,,,40.0,1.0,1.0,1.619047619047619,7.0,34.0,24.0,168.0,0.8
HCT,low,0.2,NORMA_q_age_set_co,,92,23,0.2980769230769231,0.1413043478260869,0.217391304347826,0.8840579710144928,0.4432793136320305,1.487130600571973,5.0,8.0,61.0,18.0,,,,,,,,,,50.0,0.0,6.739130434782608,8.46376811594203,31.0,73.0,24.0,168.0,0.8
HCT,low,0.2,NORMA_q_age_set_co,,108,27,0.2411347517730496,0.1574074074074074,0.1851851851851851,0.8518518518518519,0.2842809364548495,1.1789297658862878,5.0,12.0,69.0,22.0,,,,,,,,,,50.0,1.0,6.296296296296297,15.851851851851851,34.0,107.0,24.0,168.0,0.8
HCT,low,0.2,NORMA_q_age_set_co,,112,28,0.3432835820895522,0.1875,0.2142857142857142,0.8214285714285714,0.3854748603351955,1.122905027932961,6.0,15.0,69.0,22.0,,,,,,,,,,60.0,0.0,9.857142857142858,15.714285714285714,46.0,88.0,24.0,168.0,0.8
HCT,low,0.2,NORMA_q_age_set_co,,132,33,0.191860465116279,0.2045454545454545,0.2121212121212121,0.797979797979798,0.199539303196084,1.0400230348401958,7.0,20.0,79.0,26.0,,,,,,,,,,60.0,1.0,7.0,28.08080808080808,33.0,139.0,24.0,168.0,0.8
HCT,low,0.2,NORMA_q_age_set_co,,72,18,0.3023255813953488,0.1944444444444444,0.2222222222222222,0.8148148148148148,0.3421052631578947,1.1315789473684212,4.0,10.0,44.0,14.0,,,,,,,,,,70.0,0.0,5.777777777777778,11.11111111111111,26.0,60.0,24.0,168.0,0.8
HCT,low,0.2,NORMA_q_age_set_co,,72,18,0.2839506172839506,0.1527777777777778,0.2222222222222222,0.8703703703703703,0.4046920821114369,1.4252199413489737,4.0,7.0,47.0,14.0,,,,,,,,,,70.0,1.0,5.111111111111111,7.518518518518518,23.0,58.0,24.0,168.0,0.8
HGB,low,0.2,PopRI,,35,7,0.1166666666666666,0.1142857142857142,0.1428571428571428,0.8928571428571429,0.1497326203208556,1.283422459893048,1.0,3.0,25.0,6.0,,,,,,,,,,20.0,0.0,1.0,5.678571428571429,7.0,53.0,24.0,168.0,0.8
HGB,low,0.2,PopRI,,25,5,0.4,0.4,0.2,0.55,0.2285714285714286,0.5714285714285714,1.0,9.0,11.0,4.0,,,,,,,,,,30.0,1.0,3.2,10.8,16.0,24.0,24.0,168.0,0.8
HGB,low,0.2,PopRI,,30,6,0.238095238095238,0.1666666666666666,0.1666666666666666,0.8333333333333334,0.2380952380952381,1.0000000000000002,1.0,4.0,20.0,5.0,,,,,,,,,,40.0,0.0,1.6666666666666667,5.333333333333333,10.0,32.0,24.0,168.0,0.8
HGB,low,0.2,PopRI,,25,5,0.3157894736842105,0.16,0.2,0.85,0.3809523809523809,1.2063492063492065,1.0,3.0,17.0,4.0,,,,,,,,,,40.0,1.0,2.4,3.9,12.0,26.0,24.0,168.0,0.8
HGB,low,0.2,PopRI,,45,9,0.2857142857142857,0.1555555555555555,0.2222222222222222,0.8611111111111112,0.3902439024390244,1.3658536585365857,2.0,5.0,31.0,7.0,,,,,,,,,,50.0,0.0,3.555555555555556,5.555555555555555,16.0,40.0,24.0,168.0,0.8
HGB,low,0.2,PopRI,,66,13,0.1478260869565217,0.106060606060606,0.2307692307692307,0.9245283018867924,0.3465828952429798,2.344531350173099,3.0,4.0,49.0,10.0,,,,,,,,,,50.0,1.0,3.923076923076923,7.39622641509434,17.0,98.0,24.0,168.0,0.8
HGB,low,0.2,PopRI,,56,11,0.2753623188405797,0.0714285714285714,0.1818181818181818,0.9555555555555556,0.608540925266904,2.209964412811388,2.0,2.0,43.0,9.0,,,,,,,,,,60.0,0.0,3.4545454545454546,2.2222222222222223,19.0,50.0,24.0,168.0,0.8
HGB,low,0.2,PopRI,,66,13,0.0942028985507246,0.0454545454545454,0.2307692307692307,1.0,1.0,10.615384615384617,3.0,0.0,53.0,10.0,,,,,,,,,,60.0,1.0,3.0,0.0,13.0,125.0,24.0,168.0,0.8
HGB,low,0.2,PopRI,,25,5,0.2702702702702703,0.04,0.2,1.0,1.0,3.7,1.0,0.0,20.0,4.0,,,,,,,,,,70.0,0.0,2.0,0.0,10.0,27.0,24.0,168.0,0.8
HGB,low,0.2,PopRI,,61,12,0.2428571428571428,0.1147540983606557,0.1666666666666666,0.8979591836734694,0.3437886917044985,1.4156004952538177,2.0,5.0,44.0,10.0,,,,,,,,,,70.0,1.0,2.833333333333333,5.408163265306122,17.0,53.0,24.0,168.0,0.8
HGB,low,0.2,PerRI,,35,7,0.1166666666666666,0.0571428571428571,0.1428571428571428,0.9642857142857144,0.345679012345679,2.962962962962963,1.0,1.0,27.0,6.0,,,,,,,,,,20.0,0.0,1.0,1.8928571428571428,7.0,53.0,24.0,168.0,0.8
HGB,low,0.2,PerRI,,25,5,0.4,0.04,0.2,1.0,1.0,2.5,1.0,0.0,20.0,4.0,,,,,,,,,,30.0,1.0,3.2,0.0,16.0,24.0,24.0,168.0,0.8
HGB,low,0.2,PerRI,,30,6,0.238095238095238,0.0666666666666666,0.1666666666666666,0.9583333333333334,0.5555555555555556,2.333333333333333,1.0,1.0,23.0,5.0,,,,,,,,,,40.0,0.0,1.6666666666666667,1.3333333333333333,10.0,32.0,24.0,168.0,0.8
HGB,low,0.2,PerRI,,25,5,0.3157894736842105,0.24,0.2,0.75,0.2696629213483146,0.8539325842696629,1.0,5.0,15.0,4.0,,,,,,,,,,40.0,1.0,2.4,6.5,12.0,26.0,24.0,168.0,0.8
HGB,low,0.2,PerRI,,45,9,0.2857142857142857,0.1111111111111111,0.2222222222222222,0.9166666666666666,0.5161290322580645,1.8064516129032255,2.0,3.0,33.0,7.0,,,,,,,,,,50.0,0.0,3.555555555555556,3.333333333333333,16.0,40.0,24.0,168.0,0.8
HGB,low,0.2,PerRI,,66,13,0.1478260869565217,0.1515151515151515,0.2307692307692307,0.8679245283018868,0.2325961621202994,1.573444626107908,3.0,7.0,46.0,10.0,,,,,,,,,,50.0,1.0,3.923076923076923,12.943396226415096,17.0,98.0,24.0,168.0,0.8
HGB,low,0.2,PerRI,,56,11,0.2753623188405797,0.2321428571428571,0.1818181818181818,0.7555555555555555,0.220360824742268,0.8002577319587628,2.0,11.0,34.0,9.0,,,,,,,,,,60.0,0.0,3.4545454545454546,12.22222222222222,19.0,50.0,24.0,168.0,0.8
HGB,low,0.2,PerRI,,66,13,0.0942028985507246,0.1666666666666666,0.2307692307692307,0.8490566037735849,0.1371872303710095,1.4562952147076391,3.0,8.0,45.0,10.0,,,,,,,,,,60.0,1.0,3.0,18.867924528301888,13.0,125.0,24.0,168.0,0.8
HGB,low,0.2,PerRI,,25,5,0.2702702702702703,0.04,0.2,1.0,1.0,3.7,1.0,0.0,20.0,4.0,,,,,,,,,,70.0,0.0,2.0,0.0,10.0,27.0,24.0,168.0,0.8
HGB,low,0.2,PerRI,,61,12,0.2428571428571428,0.0491803278688524,0.1666666666666666,0.979591836734694,0.7237185056472633,2.9800173761946134,2.0,1.0,48.0,10.0,,,,,,,,,,70.0,1.0,2.833333333333333,1.0816326530612246,17.0,53.0,24.0,168.0,0.8
HGB,low,0.2,Cohen_m2,,35,7,0.1166666666666666,0.0285714285714285,0.1428571428571428,1.0,1.0,8.571428571428571,1.0,0.0,28.0,6.0,,,,,,,,,,20.0,0.0,1.0,0.0,7.0,53.0,24.0,168.0,0.8
HGB,low,0.2,Cohen_m2,,25,5,0.4,0.08,0.2,0.95,0.7272727272727273,1.818181818181818,1.0,1.0,19.0,4.0,,,,,,,,,,30.0,1.0,3.2,1.2,16.0,24.0,24.0,168.0,0.8
HGB,low,0.2,Cohen_m2,,30,6,0.238095238095238,0.0666666666666666,0.1666666666666666,0.9583333333333334,0.5555555555555556,2.333333333333333,1.0,1.0,23.0,5.0,,,,,,,,,,40.0,0.0,1.6666666666666667,1.3333333333333333,10.0,32.0,24.0,168.0,0.8
HGB,low,0.2,Cohen_m2,,25,5,0.3157894736842105,0.28,0.2,0.7,0.2352941176470588,0.7450980392156863,1.0,6.0,14.0,4.0,,,,,,,,,,40.0,1.0,2.4,7.8,12.0,26.0,24.0,168.0,0.8
HGB,low,0.2,Cohen_m2,,45,9,0.2857142857142857,0.1555555555555555,0.2222222222222222,0.8611111111111112,0.3902439024390244,1.3658536585365857,2.0,5.0,31.0,7.0,,,,,,,,,,50.0,0.0,3.555555555555556,5.555555555555555,16.0,40.0,24.0,168.0,0.8
HGB,low,0.2,Cohen_m2,,66,13,0.1478260869565217,0.0909090909090909,0.2307692307692307,0.9433962264150944,0.4142528735632184,2.8022988505747124,3.0,3.0,50.0,10.0,,,,,,,,,,50.0,1.0,3.923076923076923,5.547169811320755,17.0,98.0,24.0,168.0,0.8
HGB,low,0.2,Cohen_m2,,56,11,0.2753623188405797,0.0892857142857142,0.1818181818181818,0.9333333333333332,0.5089285714285714,1.8482142857142856,2.0,3.0,42.0,9.0,,,,,,,,,,60.0,0.0,3.4545454545454546,3.333333333333333,19.0,50.0,24.0,168.0,0.8
HGB,low,0.2,Cohen_m2,,66,13,0.0942028985507246,0.1515151515151515,0.2307692307692307,0.8679245283018868,0.1537717601547388,1.632346377027228,3.0,7.0,46.0,10.0,,,,,,,,,,60.0,1.0,3.0,16.50943396226415,13.0,125.0,24.0,168.0,0.8
HGB,low,0.2,Cohen_m2,,25,5,0.2702702702702703,0.04,0.2,1.0,1.0,3.7,1.0,0.0,20.0,4.0,,,,,,,,,,70.0,0.0,2.0,0.0,10.0,27.0,24.0,168.0,0.8
HGB,low,0.2,Cohen_m2,,61,12,0.2428571428571428,0.0491803278688524,0.1666666666666666,0.979591836734694,0.7237185056472633,2.9800173761946134,2.0,1.0,48.0,10.0,,,,,,,,,,70.0,1.0,2.833333333333333,1.0816326530612246,17.0,53.0,24.0,168.0,0.8
HGB,low,0.2,Cohen_m3,,35,7,0.1166666666666666,0.0285714285714285,0.1428571428571428,1.0,1.0,8.571428571428571,1.0,0.0,28.0,6.0,,,,,,,,,,20.0,0.0,1.0,0.0,7.0,53.0,24.0,168.0,0.8
HGB,low,0.2,Cohen_m3,,25,5,0.4,0.12,0.2,0.9,0.5714285714285715,1.4285714285714286,1.0,2.0,18.0,4.0,,,,,,,,,,30.0,1.0,3.2,2.4,16.0,24.0,24.0,168.0,0.8
HGB,low,0.2,Cohen_m3,,30,6,0.238095238095238,0.0666666666666666,0.1666666666666666,0.9583333333333334,0.5555555555555556,2.333333333333333,1.0,1.0,23.0,5.0,,,,,,,,,,40.0,0.0,1.6666666666666667,1.3333333333333333,10.0,32.0,24.0,168.0,0.8
HGB,low,0.2,Cohen_m3,,25,5,0.3157894736842105,0.36,0.2,0.6,0.1874999999999999,0.59375,1.0,8.0,12.0,4.0,,,,,,,,,,40.0,1.0,2.4,10.4,12.0,26.0,24.0,168.0,0.8
HGB,low,0.2,Cohen_m3,,45,9,0.2857142857142857,0.2222222222222222,0.2222222222222222,0.7777777777777778,0.2857142857142857,1.0,2.0,8.0,28.0,7.0,,,,,,,,,,50.0,0.0,3.555555555555556,8.88888888888889,16.0,40.0,24.0,168.0,0.8
HGB,low,0.2,Cohen_m3,,66,13,0.1478260869565217,0.0909090909090909,0.2307692307692307,0.9433962264150944,0.4142528735632184,2.8022988505747124,3.0,3.0,50.0,10.0,,,,,,,,,,50.0,1.0,3.923076923076923,5.547169811320755,17.0,98.0,24.0,168.0,0.8
HGB,low,0.2,Cohen_m3,,56,11,0.2753623188405797,0.0357142857142857,0.1818181818181818,1.0,1.0,3.631578947368421,2.0,0.0,45.0,9.0,,,,,,,,,,60.0,0.0,3.4545454545454546,0.0,19.0,50.0,24.0,168.0,0.8
HGB,low,0.2,Cohen_m3,,66,13,0.0942028985507246,0.1212121212121212,0.2307692307692307,0.9056603773584906,0.2028061224489795,2.152864992150706,3.0,5.0,48.0,10.0,,,,,,,,,,60.0,1.0,3.0,11.79245283018868,13.0,125.0,24.0,168.0,0.8
HGB,low,0.2,Cohen_m3,,25,5,0.2702702702702703,0.08,0.2,0.95,0.5970149253731343,2.2089552238805967,1.0,1.0,19.0,4.0,,,,,,,,,,70.0,0.0,2.0,1.35,10.0,27.0,24.0,168.0,0.8
HGB,low,0.2,Cohen_m3,,61,12,0.2428571428571428,0.0655737704918032,0.1666666666666666,0.9591836734693876,0.5670524166099387,2.3349217154526887,2.0,2.0,47.0,10.0,,,,,,,,,,70.0,1.0,2.833333333333333,2.163265306122449,17.0,53.0,24.0,168.0,0.8
HGB,low,0.2,Cohen_m4,,35,7,0.1166666666666666,0.0857142857142857,0.1428571428571428,0.9285714285714286,0.208955223880597,1.7910447761194028,1.0,2.0,26.0,6.0,,,,,,,,,,20.0,0.0,1.0,3.7857142857142856,7.0,53.0,24.0,168.0,0.8
HGB,low,0.2,Cohen_m4,,25,5,0.4,0.08,0.2,0.95,0.7272727272727273,1.818181818181818,1.0,1.0,19.0,4.0,,,,,,,,,,30.0,1.0,3.2,1.2,16.0,24.0,24.0,168.0,0.8
HGB,low,0.2,Cohen_m4,,30,6,0.238095238095238,0.0333333333333333,0.1666666666666666,1.0,1.0,4.2,1.0,0.0,24.0,5.0,,,,,,,,,,40.0,0.0,1.6666666666666667,0.0,10.0,32.0,24.0,168.0,0.8
HGB,low,0.2,Cohen_m4,,25,5,0.3157894736842105,0.52,0.2,0.4,0.1333333333333333,0.4222222222222222,1.0,12.0,8.0,4.0,,,,,,,,,,40.0,1.0,2.4,15.6,12.0,26.0,24.0,168.0,0.8
HGB,low,0.2,Cohen_m4,,45,9,0.2857142857142857,0.2666666666666666,0.2222222222222222,0.7222222222222222,0.2424242424242424,0.8484848484848485,2.0,10.0,26.0,7.0,,,,,,,,,,50.0,0.0,3.555555555555556,11.11111111111111,16.0,40.0,24.0,168.0,0.8
HGB,low,0.2,Cohen_m4,,66,13,0.1478260869565217,0.0454545454545454,0.2307692307692307,1.0,1.0,6.764705882352941,3.0,0.0,53.0,10.0,,,,,,,,,,50.0,1.0,3.923076923076923,0.0,17.0,98.0,24.0,168.0,0.8
HGB,low,0.2,Cohen_m4,,56,11,0.2753623188405797,0.0535714285714285,0.1818181818181818,0.9777777777777776,0.7566371681415929,2.747787610619469,2.0,1.0,44.0,9.0,,,,,,,,,,60.0,0.0,3.4545454545454546,1.1111111111111112,19.0,50.0,24.0,168.0,0.8
HGB,low,0.2,Cohen_m4,,66,13,0.0942028985507246,0.2272727272727272,0.2307692307692307,0.7735849056603774,0.0958408679927667,1.0173876756155238,3.0,12.0,41.0,10.0,,,,,,,,,,60.0,1.0,3.0,28.30188679245283,13.0,125.0,24.0,168.0,0.8
HGB,low,0.2,Cohen_m4,,25,5,0.2702702702702703,0.08,0.2,0.95,0.5970149253731343,2.2089552238805967,1.0,1.0,19.0,4.0,,,,,,,,,,70.0,0.0,2.0,1.35,10.0,27.0,24.0,168.0,0.8
HGB,low,0.2,Cohen_m4,,61,12,0.2428571428571428,0.0655737704918032,0.1666666666666666,0.9591836734693876,0.5670524166099387,2.3349217154526887,2.0,2.0,47.0,10.0,,,,,,,,,,70.0,1.0,2.833333333333333,2.163265306122449,17.0,53.0,24.0,168.0,0.8
HGB,low,0.2,Gaussian_mle,,35,7,0.1166666666666666,0.0571428571428571,0.1428571428571428,0.9642857142857144,0.345679012345679,2.962962962962963,1.0,1.0,27.0,6.0,,,,,,,,,,20.0,0.0,1.0,1.8928571428571428,7.0,53.0,24.0,168.0,0.8
HGB,low,0.2,Gaussian_mle,,25,5,0.4,0.08,0.2,0.95,0.7272727272727273,1.818181818181818,1.0,1.0,19.0,4.0,,,,,,,,,,30.0,1.0,3.2,1.2,16.0,24.0,24.0,168.0,0.8
HGB,low,0.2,Gaussian_mle,,30,6,0.238095238095238,0.0666666666666666,0.1666666666666666,0.9583333333333334,0.5555555555555556,2.333333333333333,1.0,1.0,23.0,5.0,,,,,,,,,,40.0,0.0,1.6666666666666667,1.3333333333333333,10.0,32.0,24.0,168.0,0.8
HGB,low,0.2,Gaussian_mle,,25,5,0.3157894736842105,0.24,0.2,0.75,0.2696629213483146,0.8539325842696629,1.0,5.0,15.0,4.0,,,,,,,,,,40.0,1.0,2.4,6.5,12.0,26.0,24.0,168.0,0.8
HGB,low,0.2,Gaussian_mle,,45,9,0.2857142857142857,0.1111111111111111,0.2222222222222222,0.9166666666666666,0.5161290322580645,1.8064516129032255,2.0,3.0,33.0,7.0,,,,,,,,,,50.0,0.0,3.555555555555556,3.333333333333333,16.0,40.0,24.0,168.0,0.8
HGB,low,0.2,Gaussian_mle,,66,13,0.1478260869565217,0.0757575757575757,0.2307692307692307,0.9622641509433962,0.5147590935059988,3.482193867834697,3.0,2.0,51.0,10.0,,,,,,,,,,50.0,1.0,3.923076923076923,3.69811320754717,17.0,98.0,24.0,168.0,0.8
HGB,low,0.2,Gaussian_mle,,56,11,0.2753623188405797,0.1071428571428571,0.1818181818181818,0.9111111111111112,0.4373401534526854,1.588235294117647,2.0,4.0,41.0,9.0,,,,,,,,,,60.0,0.0,3.4545454545454546,4.444444444444445,19.0,50.0,24.0,168.0,0.8
HGB,low,0.2,Gaussian_mle,,66,13,0.0942028985507246,0.1212121212121212,0.2307692307692307,0.9056603773584906,0.2028061224489795,2.152864992150706,3.0,5.0,48.0,10.0,,,,,,,,,,60.0,1.0,3.0,11.79245283018868,13.0,125.0,24.0,168.0,0.8
HGB,low,0.2,Gaussian_mle,,25,5,0.2702702702702703,0.04,0.2,1.0,1.0,3.7,1.0,0.0,20.0,4.0,,,,,,,,,,70.0,0.0,2.0,0.0,10.0,27.0,24.0,168.0,0.8
HGB,low,0.2,Gaussian_mle,,61,12,0.2428571428571428,0.081967213114754,0.1666666666666666,0.9387755102040816,0.4661443760492446,1.9194180190263013,2.0,3.0,46.0,10.0,,,,,,,,,,70.0,1.0,2.833333333333333,3.2448979591836733,17.0,53.0,24.0,168.0,0.8
HGB,low,0.2,Gaussian_trunc,,35,7,0.1166666666666666,0.0571428571428571,0.1428571428571428,0.9642857142857144,0.345679012345679,2.962962962962963,1.0,1.0,27.0,6.0,,,,,,,,,,20.0,0.0,1.0,1.8928571428571428,7.0,53.0,24.0,168.0,0.8
HGB,low,0.2,Gaussian_trunc,,25,5,0.4,0.08,0.2,0.95,0.7272727272727273,1.818181818181818,1.0,1.0,19.0,4.0,,,,,,,,,,30.0,1.0,3.2,1.2,16.0,24.0,24.0,168.0,0.8
HGB,low,0.2,Gaussian_trunc,,30,6,0.238095238095238,0.0666666666666666,0.1666666666666666,0.9583333333333334,0.5555555555555556,2.333333333333333,1.0,1.0,23.0,5.0,,,,,,,,,,40.0,0.0,1.6666666666666667,1.3333333333333333,10.0,32.0,24.0,168.0,0.8
HGB,low,0.2,Gaussian_trunc,,25,5,0.3157894736842105,0.24,0.2,0.75,0.2696629213483146,0.8539325842696629,1.0,5.0,15.0,4.0,,,,,,,,,,40.0,1.0,2.4,6.5,12.0,26.0,24.0,168.0,0.8
HGB,low,0.2,Gaussian_trunc,,45,9,0.2857142857142857,0.1333333333333333,0.2222222222222222,0.8888888888888888,0.4444444444444444,1.5555555555555556,2.0,4.0,32.0,7.0,,,,,,,,,,50.0,0.0,3.555555555555556,4.444444444444445,16.0,40.0,24.0,168.0,0.8
HGB,low,0.2,Gaussian_trunc,,66,13,0.1478260869565217,0.0606060606060606,0.2307692307692307,0.981132075471698,0.6796580336937389,4.597686698516469,3.0,1.0,52.0,10.0,,,,,,,,,,50.0,1.0,3.923076923076923,1.849056603773585,17.0,98.0,24.0,168.0,0.8
HGB,low,0.2,Gaussian_trunc,,56,11,0.2753623188405797,0.1071428571428571,0.1818181818181818,0.9111111111111112,0.4373401534526854,1.588235294117647,2.0,4.0,41.0,9.0,,,,,,,,,,60.0,0.0,3.4545454545454546,4.444444444444445,19.0,50.0,24.0,168.0,0.8
HGB,low,0.2,Gaussian_trunc,,66,13,0.0942028985507246,0.1515151515151515,0.2307692307692307,0.8679245283018868,0.1537717601547388,1.632346377027228,3.0,7.0,46.0,10.0,,,,,,,,,,60.0,1.0,3.0,16.50943396226415,13.0,125.0,24.0,168.0,0.8
HGB,low,0.2,Gaussian_trunc,,25,5,0.2702702702702703,0.04,0.2,1.0,1.0,3.7,1.0,0.0,20.0,4.0,,,,,,,,,,70.0,0.0,2.0,0.0,10.0,27.0,24.0,168.0,0.8
HGB,low,0.2,Gaussian_trunc,,61,12,0.2428571428571428,0.0655737704918032,0.1666666666666666,0.9591836734693876,0.5670524166099387,2.3349217154526887,2.0,2.0,47.0,10.0,,,,,,,,,,70.0,1.0,2.833333333333333,2.163265306122449,17.0,53.0,24.0,168.0,0.8
HGB,low,0.2,Gaussian_eb,,35,7,0.1166666666666666,0.0571428571428571,0.1428571428571428,0.9642857142857144,0.345679012345679,2.962962962962963,1.0,1.0,27.0,6.0,,,,,,,,,,20.0,0.0,1.0,1.8928571428571428,7.0,53.0,24.0,168.0,0.8
HGB,low,0.2,Gaussian_eb,,25,5,0.4,0.08,0.2,0.95,0.7272727272727273,1.818181818181818,1.0,1.0,19.0,4.0,,,,,,,,,,30.0,1.0,3.2,1.2,16.0,24.0,24.0,168.0,0.8
HGB,low,0.2,Gaussian_eb,,30,6,0.238095238095238,0.0666666666666666,0.1666666666666666,0.9583333333333334,0.5555555555555556,2.333333333333333,1.0,1.0,23.0,5.0,,,,,,,,,,40.0,0.0,1.6666666666666667,1.3333333333333333,10.0,32.0,24.0,168.0,0.8
HGB,low,0.2,Gaussian_eb,,25,5,0.3157894736842105,0.24,0.2,0.75,0.2696629213483146,0.8539325842696629,1.0,5.0,15.0,4.0,,,,,,,,,,40.0,1.0,2.4,6.5,12.0,26.0,24.0,168.0,0.8
HGB,low,0.2,Gaussian_eb,,45,9,0.2857142857142857,0.1111111111111111,0.2222222222222222,0.9166666666666666,0.5161290322580645,1.8064516129032255,2.0,3.0,33.0,7.0,,,,,,,,,,50.0,0.0,3.555555555555556,3.333333333333333,16.0,40.0,24.0,168.0,0.8
HGB,low,0.2,Gaussian_eb,,66,13,0.1478260869565217,0.0909090909090909,0.2307692307692307,0.9433962264150944,0.4142528735632184,2.8022988505747124,3.0,3.0,50.0,10.0,,,,,,,,,,50.0,1.0,3.923076923076923,5.547169811320755,17.0,98.0,24.0,168.0,0.8
HGB,low,0.2,Gaussian_eb,,56,11,0.2753623188405797,0.1071428571428571,0.1818181818181818,0.9111111111111112,0.4373401534526854,1.588235294117647,2.0,4.0,41.0,9.0,,,,,,,,,,60.0,0.0,3.4545454545454546,4.444444444444445,19.0,50.0,24.0,168.0,0.8
HGB,low,0.2,Gaussian_eb,,66,13,0.0942028985507246,0.1515151515151515,0.2307692307692307,0.8679245283018868,0.1537717601547388,1.632346377027228,3.0,7.0,46.0,10.0,,,,,,,,,,60.0,1.0,3.0,16.50943396226415,13.0,125.0,24.0,168.0,0.8
HGB,low,0.2,Gaussian_eb,,25,5,0.2702702702702703,0.04,0.2,1.0,1.0,3.7,1.0,0.0,20.0,4.0,,,,,,,,,,70.0,0.0,2.0,0.0,10.0,27.0,24.0,168.0,0.8
HGB,low,0.2,Gaussian_eb,,61,12,0.2428571428571428,0.0655737704918032,0.1666666666666666,0.9591836734693876,0.5670524166099387,2.3349217154526887,2.0,2.0,47.0,10.0,,,,,,,,,,70.0,1.0,2.833333333333333,2.163265306122449,17.0,53.0,24.0,168.0,0.8
HGB,low,0.2,NORMA_q_age_set,,35,7,0.1166666666666666,0.0285714285714285,0.1428571428571428,1.0,1.0,8.571428571428571,1.0,0.0,28.0,6.0,,,,,,,,,,20.0,0.0,1.0,0.0,7.0,53.0,24.0,168.0,0.8
HGB,low,0.2,NORMA_q_age_set,,25,5,0.4,0.08,0.2,0.95,0.7272727272727273,1.818181818181818,1.0,1.0,19.0,4.0,,,,,,,,,,30.0,1.0,3.2,1.2,16.0,24.0,24.0,168.0,0.8
HGB,low,0.2,NORMA_q_age_set,,30,6,0.238095238095238,0.0666666666666666,0.1666666666666666,0.9583333333333334,0.5555555555555556,2.333333333333333,1.0,1.0,23.0,5.0,,,,,,,,,,40.0,0.0,1.6666666666666667,1.3333333333333333,10.0,32.0,24.0,168.0,0.8
HGB,low,0.2,NORMA_q_age_set,,25,5,0.3157894736842105,0.28,0.2,0.7,0.2352941176470588,0.7450980392156863,1.0,6.0,14.0,4.0,,,,,,,,,,40.0,1.0,2.4,7.8,12.0,26.0,24.0,168.0,0.8
HGB,low,0.2,NORMA_q_age_set,,45,9,0.2857142857142857,0.2888888888888888,0.2222222222222222,0.6944444444444444,0.2253521126760563,0.7887323943661972,2.0,11.0,25.0,7.0,,,,,,,,,,50.0,0.0,3.555555555555556,12.22222222222222,16.0,40.0,24.0,168.0,0.8
HGB,low,0.2,NORMA_q_age_set,,66,13,0.1478260869565217,0.1212121212121212,0.2307692307692307,0.9056603773584906,0.2979168962856828,2.015320180756089,3.0,5.0,48.0,10.0,,,,,,,,,,50.0,1.0,3.923076923076923,9.245283018867925,17.0,98.0,24.0,168.0,0.8
HGB,low,0.2,NORMA_q_age_set,,56,11,0.2753623188405797,0.125,0.1818181818181818,0.8888888888888888,0.3834080717488789,1.3923766816143497,2.0,5.0,40.0,9.0,,,,,,,,,,60.0,0.0,3.4545454545454546,5.555555555555555,19.0,50.0,24.0,168.0,0.8
HGB,low,0.2,NORMA_q_age_set,,66,13,0.0942028985507246,0.1666666666666666,0.2307692307692307,0.8490566037735849,0.1371872303710095,1.4562952147076391,3.0,8.0,45.0,10.0,,,,,,,,,,60.0,1.0,3.0,18.867924528301888,13.0,125.0,24.0,168.0,0.8
HGB,low,0.2,NORMA_q_age_set,,25,5,0.2702702702702703,0.04,0.2,1.0,1.0,3.7,1.0,0.0,20.0,4.0,,,,,,,,,,70.0,0.0,2.0,0.0,10.0,27.0,24.0,168.0,0.8
HGB,low,0.2,NORMA_q_age_set,,61,12,0.2428571428571428,0.081967213114754,0.1666666666666666,0.9387755102040816,0.4661443760492446,1.9194180190263013,2.0,3.0,46.0,10.0,,,,,,,,,,70.0,1.0,2.833333333333333,3.2448979591836733,17.0,53.0,24.0,168.0,0.8
HGB,low,0.2,NORMA_334f7e21,,35,7,0.1166666666666666,0.0285714285714285,0.1428571428571428,1.0,1.0,8.571428571428571,1.0,0.0,28.0,6.0,,,,,,,,,,20.0,0.0,1.0,0.0,7.0,53.0,24.0,168.0,0.8
HGB,low,0.2,NORMA_334f7e21,,25,5,0.4,0.08,0.2,0.95,0.7272727272727273,1.818181818181818,1.0,1.0,19.0,4.0,,,,,,,,,,30.0,1.0,3.2,1.2,16.0,24.0,24.0,168.0,0.8
HGB,low,0.2,NORMA_334f7e21,,30,6,0.238095238095238,0.0666666666666666,0.1666666666666666,0.9583333333333334,0.5555555555555556,2.333333333333333,1.0,1.0,23.0,5.0,,,,,,,,,,40.0,0.0,1.6666666666666667,1.3333333333333333,10.0,32.0,24.0,168.0,0.8
HGB,low,0.2,NORMA_334f7e21,,25,5,0.3157894736842105,0.28,0.2,0.7,0.2352941176470588,0.7450980392156863,1.0,6.0,14.0,4.0,,,,,,,,,,40.0,1.0,2.4,7.8,12.0,26.0,24.0,168.0,0.8
HGB,low,0.2,NORMA_334f7e21,,45,9,0.2857142857142857,0.3333333333333333,0.2222222222222222,0.6388888888888888,0.1975308641975308,0.691358024691358,2.0,13.0,23.0,7.0,,,,,,,,,,50.0,0.0,3.555555555555556,14.444444444444445,16.0,40.0,24.0,168.0,0.8
HGB,low,0.2,NORMA_334f7e21,,66,13,0.1478260869565217,0.106060606060606,0.2307692307692307,0.9245283018867924,0.3465828952429798,2.344531350173099,3.0,4.0,49.0,10.0,,,,,,,,,,50.0,1.0,3.923076923076923,7.39622641509434,17.0,98.0,24.0,168.0,0.8
HGB,low,0.2,NORMA_334f7e21,,56,11,0.2753623188405797,0.0892857142857142,0.1818181818181818,0.9333333333333332,0.5089285714285714,1.8482142857142856,2.0,3.0,42.0,9.0,,,,,,,,,,60.0,0.0,3.4545454545454546,3.333333333333333,19.0,50.0,24.0,168.0,0.8
HGB,low,0.2,NORMA_334f7e21,,66,13,0.0942028985507246,0.1818181818181818,0.2307692307692307,0.8301886792452831,0.1238317757009345,1.3145219266714594,3.0,9.0,44.0,10.0,,,,,,,,,,60.0,1.0,3.0,21.22641509433962,13.0,125.0,24.0,168.0,0.8
HGB,low,0.2,NORMA_334f7e21,,25,5,0.2702702702702703,0.04,0.2,1.0,1.0,3.7,1.0,0.0,20.0,4.0,,,,,,,,,,70.0,0.0,2.0,0.0,10.0,27.0,24.0,168.0,0.8
HGB,low,0.2,NORMA_334f7e21,,61,12,0.2428571428571428,0.0983606557377049,0.1666666666666666,0.9183673469387756,0.3957244655581947,1.6294536817102137,2.0,4.0,45.0,10.0,,,,,,,,,,70.0,1.0,2.833333333333333,4.326530612244898,17.0,53.0,24.0,168.0,0.8
HGB,low,0.2,NORMA_q_age,,35,7,0.1166666666666666,0.0285714285714285,0.1428571428571428,1.0,1.0,8.571428571428571,1.0,0.0,28.0,6.0,,,,,,,,,,20.0,0.0,1.0,0.0,7.0,53.0,24.0,168.0,0.8
HGB,low,0.2,NORMA_q_age,,25,5,0.4,0.08,0.2,0.95,0.7272727272727273,1.818181818181818,1.0,1.0,19.0,4.0,,,,,,,,,,30.0,1.0,3.2,1.2,16.0,24.0,24.0,168.0,0.8
HGB,low,0.2,NORMA_q_age,,30,6,0.238095238095238,0.0666666666666666,0.1666666666666666,0.9583333333333334,0.5555555555555556,2.333333333333333,1.0,1.0,23.0,5.0,,,,,,,,,,40.0,0.0,1.6666666666666667,1.3333333333333333,10.0,32.0,24.0,168.0,0.8
HGB,low,0.2,NORMA_q_age,,25,5,0.3157894736842105,0.24,0.2,0.75,0.2696629213483146,0.8539325842696629,1.0,5.0,15.0,4.0,,,,,,,,,,40.0,1.0,2.4,6.5,12.0,26.0,24.0,168.0,0.8
HGB,low,0.2,NORMA_q_age,,45,9,0.2857142857142857,0.3333333333333333,0.2222222222222222,0.6388888888888888,0.1975308641975308,0.691358024691358,2.0,13.0,23.0,7.0,,,,,,,,,,50.0,0.0,3.555555555555556,14.444444444444445,16.0,40.0,24.0,168.0,0.8
HGB,low,0.2,NORMA_q_age,,66,13,0.1478260869565217,0.106060606060606,0.2307692307692307,0.9245283018867924,0.3465828952429798,2.344531350173099,3.0,4.0,49.0,10.0,,,,,,,,,,50.0,1.0,3.923076923076923,7.39622641509434,17.0,98.0,24.0,168.0,0.8
HGB,low,0.2,NORMA_q_age,,56,11,0.2753623188405797,0.1071428571428571,0.1818181818181818,0.9111111111111112,0.4373401534526854,1.588235294117647,2.0,4.0,41.0,9.0,,,,,,,,,,60.0,0.0,3.4545454545454546,4.444444444444445,19.0,50.0,24.0,168.0,0.8
HGB,low,0.2,NORMA_q_age,,66,13,0.0942028985507246,0.1818181818181818,0.2307692307692307,0.8301886792452831,0.1238317757009345,1.3145219266714594,3.0,9.0,44.0,10.0,,,,,,,,,,60.0,1.0,3.0,21.22641509433962,13.0,125.0,24.0,168.0,0.8
HGB,low,0.2,NORMA_q_age,,25,5,0.2702702702702703,0.04,0.2,1.0,1.0,3.7,1.0,0.0,20.0,4.0,,,,,,,,,,70.0,0.0,2.0,0.0,10.0,27.0,24.0,168.0,0.8
HGB,low,0.2,NORMA_q_age,,61,12,0.2428571428571428,0.081967213114754,0.1666666666666666,0.9387755102040816,0.4661443760492446,1.9194180190263013,2.0,3.0,46.0,10.0,,,,,,,,,,70.0,1.0,2.833333333333333,3.2448979591836733,17.0,53.0,24.0,168.0,0.8
HGB,low,0.2,NORMA_q_set,,35,7,0.1166666666666666,0.0285714285714285,0.1428571428571428,1.0,1.0,8.571428571428571,1.0,0.0,28.0,6.0,,,,,,,,,,20.0,0.0,1.0,0.0,7.0,53.0,24.0,168.0,0.8
HGB,low,0.2,NORMA_q_set,,25,5,0.4,0.08,0.2,0.95,0.7272727272727273,1.818181818181818,1.0,1.0,19.0,4.0,,,,,,,,,,30.0,1.0,3.2,1.2,16.0,24.0,24.0,168.0,0.8
HGB,low,0.2,NORMA_q_set,,30,6,0.238095238095238,0.0666666666666666,0.1666666666666666,0.9583333333333334,0.5555555555555556,2.333333333333333,1.0,1.0,23.0,5.0,,,,,,,,,,40.0,0.0,1.6666666666666667,1.3333333333333333,10.0,32.0,24.0,168.0,0.8
HGB,low,0.2,NORMA_q_set,,25,5,0.3157894736842105,0.28,0.2,0.7,0.2352941176470588,0.7450980392156863,1.0,6.0,14.0,4.0,,,,,,,,,,40.0,1.0,2.4,7.8,12.0,26.0,24.0,168.0,0.8
HGB,low,0.2,NORMA_q_set,,45,9,0.2857142857142857,0.3111111111111111,0.2222222222222222,0.6666666666666666,0.2105263157894736,0.7368421052631579,2.0,12.0,24.0,7.0,,,,,,,,,,50.0,0.0,3.555555555555556,13.333333333333334,16.0,40.0,24.0,168.0,0.8
HGB,low,0.2,NORMA_q_set,,66,13,0.1478260869565217,0.1212121212121212,0.2307692307692307,0.9056603773584906,0.2979168962856828,2.015320180756089,3.0,5.0,48.0,10.0,,,,,,,,,,50.0,1.0,3.923076923076923,9.245283018867925,17.0,98.0,24.0,168.0,0.8
HGB,low,0.2,NORMA_q_set,,56,11,0.2753623188405797,0.0892857142857142,0.1818181818181818,0.9333333333333332,0.5089285714285714,1.8482142857142856,2.0,3.0,42.0,9.0,,,,,,,,,,60.0,0.0,3.4545454545454546,3.333333333333333,19.0,50.0,24.0,168.0,0.8
HGB,low,0.2,NORMA_q_set,,66,13,0.0942028985507246,0.1818181818181818,0.2307692307692307,0.8301886792452831,0.1238317757009345,1.3145219266714594,3.0,9.0,44.0,10.0,,,,,,,,,,60.0,1.0,3.0,21.22641509433962,13.0,125.0,24.0,168.0,0.8
HGB,low,0.2,NORMA_q_set,,25,5,0.2702702702702703,0.04,0.2,1.0,1.0,3.7,1.0,0.0,20.0,4.0,,,,,,,,,,70.0,0.0,2.0,0.0,10.0,27.0,24.0,168.0,0.8
HGB,low,0.2,NORMA_q_set,,61,12,0.2428571428571428,0.0655737704918032,0.1666666666666666,0.9591836734693876,0.5670524166099387,2.3349217154526887,2.0,2.0,47.0,10.0,,,,,,,,,,70.0,1.0,2.833333333333333,2.163265306122449,17.0,53.0,24.0,168.0,0.8
HGB,low,0.2,NORMA_q_co,,35,7,0.1166666666666666,0.0285714285714285,0.1428571428571428,1.0,1.0,8.571428571428571,1.0,0.0,28.0,6.0,,,,,,,,,,20.0,0.0,1.0,0.0,7.0,53.0,24.0,168.0,0.8
HGB,low,0.2,NORMA_q_co,,25,5,0.4,0.08,0.2,0.95,0.7272727272727273,1.818181818181818,1.0,1.0,19.0,4.0,,,,,,,,,,30.0,1.0,3.2,1.2,16.0,24.0,24.0,168.0,0.8
HGB,low,0.2,NORMA_q_co,,30,6,0.238095238095238,0.1,0.1666666666666666,0.9166666666666666,0.3846153846153846,1.6153846153846156,1.0,2.0,22.0,5.0,,,,,,,,,,40.0,0.0,1.6666666666666667,2.6666666666666665,10.0,32.0,24.0,168.0,0.8
HGB,low,0.2,NORMA_q_co,,25,5,0.3157894736842105,0.16,0.2,0.85,0.3809523809523809,1.2063492063492065,1.0,3.0,17.0,4.0,,,,,,,,,,40.0,1.0,2.4,3.9,12.0,26.0,24.0,168.0,0.8
HGB,low,0.2,NORMA_q_co,,45,9,0.2857142857142857,0.2444444444444444,0.2222222222222222,0.75,0.2622950819672131,0.918032786885246,2.0,9.0,27.0,7.0,,,,,,,,,,50.0,0.0,3.555555555555556,10.0,16.0,40.0,24.0,168.0,0.8
HGB,low,0.2,NORMA_q_co,,66,13,0.1478260869565217,0.0909090909090909,0.2307692307692307,0.9433962264150944,0.4142528735632184,2.8022988505747124,3.0,3.0,50.0,10.0,,,,,,,,,,50.0,1.0,3.923076923076923,5.547169811320755,17.0,98.0,24.0,168.0,0.8
HGB,low,0.2,NORMA_q_co,,56,11,0.2753623188405797,0.0714285714285714,0.1818181818181818,0.9555555555555556,0.608540925266904,2.209964412811388,2.0,2.0,43.0,9.0,,,,,,,,,,60.0,0.0,3.4545454545454546,2.2222222222222223,19.0,50.0,24.0,168.0,0.8
HGB,low,0.2,NORMA_q_co,,66,13,0.0942028985507246,0.1969696969696969,0.2307692307692307,0.8113207547169812,0.112845990063875,1.1979035868319048,3.0,10.0,43.0,10.0,,,,,,,,,,60.0,1.0,3.0,23.58490566037736,13.0,125.0,24.0,168.0,0.8
HGB,low,0.2,NORMA_q_co,,25,5,0.2702702702702703,0.04,0.2,1.0,1.0,3.7,1.0,0.0,20.0,4.0,,,,,,,,,,70.0,0.0,2.0,0.0,10.0,27.0,24.0,168.0,0.8
HGB,low,0.2,NORMA_q_co,,61,12,0.2428571428571428,0.1147540983606557,0.1666666666666666,0.8979591836734694,0.3437886917044985,1.4156004952538177,2.0,5.0,44.0,10.0,,,,,,,,,,70.0,1.0,2.833333333333333,5.408163265306122,17.0,53.0,24.0,168.0,0.8
HGB,low,0.2,NORMA_q_age_set_co,,35,7,0.1166666666666666,0.0285714285714285,0.1428571428571428,1.0,1.0,8.571428571428571,1.0,0.0,28.0,6.0,,,,,,,,,,20.0,0.0,1.0,0.0,7.0,53.0,24.0,168.0,0.8
HGB,low,0.2,NORMA_q_age_set_co,,25,5,0.4,0.08,0.2,0.95,0.7272727272727273,1.818181818181818,1.0,1.0,19.0,4.0,,,,,,,,,,30.0,1.0,3.2,1.2,16.0,24.0,24.0,168.0,0.8
HGB,low,0.2,NORMA_q_age_set_co,,30,6,0.238095238095238,0.0333333333333333,0.1666666666666666,1.0,1.0,4.2,1.0,0.0,24.0,5.0,,,,,,,,,,40.0,0.0,1.6666666666666667,0.0,10.0,32.0,24.0,168.0,0.8
HGB,low,0.2,NORMA_q_age_set_co,,25,5,0.3157894736842105,0.24,0.2,0.75,0.2696629213483146,0.8539325842696629,1.0,5.0,15.0,4.0,,,,,,,,,,40.0,1.0,2.4,6.5,12.0,26.0,24.0,168.0,0.8
HGB,low,0.2,NORMA_q_age_set_co,,45,9,0.2857142857142857,0.2666666666666666,0.2222222222222222,0.7222222222222222,0.2424242424242424,0.8484848484848485,2.0,10.0,26.0,7.0,,,,,,,,,,50.0,0.0,3.555555555555556,11.11111111111111,16.0,40.0,24.0,168.0,0.8
HGB,low,0.2,NORMA_q_age_set_co,,66,13,0.1478260869565217,0.106060606060606,0.2307692307692307,0.9245283018867924,0.3465828952429798,2.344531350173099,3.0,4.0,49.0,10.0,,,,,,,,,,50.0,1.0,3.923076923076923,7.39622641509434,17.0,98.0,24.0,168.0,0.8
HGB,low,0.2,NORMA_q_age_set_co,,56,11,0.2753623188405797,0.0892857142857142,0.1818181818181818,0.9333333333333332,0.5089285714285714,1.8482142857142856,2.0,3.0,42.0,9.0,,,,,,,,,,60.0,0.0,3.4545454545454546,3.333333333333333,19.0,50.0,24.0,168.0,0.8
HGB,low,0.2,NORMA_q_age_set_co,,66,13,0.0942028985507246,0.2272727272727272,0.2307692307692307,0.7735849056603774,0.0958408679927667,1.0173876756155238,3.0,12.0,41.0,10.0,,,,,,,,,,60.0,1.0,3.0,28.30188679245283,13.0,125.0,24.0,168.0,0.8
HGB,low,0.2,NORMA_q_age_set_co,,25,5,0.2702702702702703,0.04,0.2,1.0,1.0,3.7,1.0,0.0,20.0,4.0,,,,,,,,,,70.0,0.0,2.0,0.0,10.0,27.0,24.0,168.0,0.8
HGB,low,0.2,NORMA_q_age_set_co,,61,12,0.2428571428571428,0.081967213114754,0.1666666666666666,0.9387755102040816,0.4661443760492446,1.9194180190263013,2.0,3.0,46.0,10.0,,,,,,,,,,70.0,1.0,2.833333333333333,3.2448979591836733,17.0,53.0,24.0,168.0,0.8
K,high,0.2,PopRI,,1160,9,0.0048491379310344,0.0051724137931034,0.2222222222222222,0.996524761077324,0.2375644994840041,48.99107900470129,2.0,4.0,1147.0,7.0,,,,,,,,,,50.0,0.0,2.0,6.41876629018245,9.0,1847.0,24.0,168.0,0.8
K,high,0.2,PopRI,,2707,21,0.0094405594405594,0.0380495012929442,0.1904761904761904,0.9631422189128817,0.0469406033597658,4.972226874404824,4.0,99.0,2587.0,17.0,,,,,,,,,,60.0,0.0,5.142857142857143,104.4180938198064,27.0,2833.0,24.0,168.0,0.8
K,high,0.2,PopRI,,1031,8,0.0053872053872053,0.064015518913676,0.25,0.9374389051808406,0.0211858264129061,3.932619027895707,2.0,64.0,959.0,6.0,,,,,,,,,,60.0,1.0,2.0,92.40273704789834,8.0,1477.0,24.0,168.0,0.8
K,high,0.2,PopRI,,2062,16,0.0073586367157242,0.0281280310378273,0.1875,0.9731182795698924,0.0491648194693056,6.6812402036709,3.0,55.0,1991.0,13.0,,,,,,,,,,70.0,0.0,3.5625,68.89784946236558,19.0,2563.0,24.0,168.0,0.8
K,high,0.2,PopRI,,1417,11,0.0136222910216718,0.0705716302046577,0.1818181818181818,0.930298719772404,0.0347722860428594,2.552601907237181,2.0,98.0,1308.0,9.0,,,,,,,,,,70.0,1.0,4.0,111.03413940256046,22.0,1593.0,24.0,168.0,0.8
K,high,0.2,PopRI,,645,5,0.0107238605898123,0.0387596899224806,0.2,0.9625,0.0546541417591801,5.096498719043552,1.0,24.0,616.0,4.0,,,,,,,,,,80.0,0.0,1.6,27.675,8.0,738.0,24.0,168.0,0.8
K,high,0.2,PerRI,,1160,9,0.0048491379310344,0.0827586206896551,0.2222222222222222,0.9183318853171156,0.0130854934060936,2.698519529078874,2.0,94.0,1057.0,7.0,,,,,,,,,,50.0,0.0,2.0,150.84100781928757,9.0,1847.0,24.0,168.0,0.8
K,high,0.2,PerRI,,2707,21,0.0094405594405594,0.1824898411525674,0.1904761904761904,0.8175725986597171,0.0098529777093396,1.043685786989306,4.0,490.0,2196.0,17.0,,,,,,,,,,60.0,0.0,5.142857142857143,516.8168279970216,27.0,2833.0,24.0,168.0,0.8
K,high,0.2,PerRI,,1031,8,0.0053872053872053,0.1037827352085354,0.25,0.8973607038123167,0.0130209824923153,2.417019875136033,2.0,105.0,918.0,6.0,,,,,,,,,,60.0,1.0,2.0,151.5982404692082,8.0,1477.0,24.0,168.0,0.8
K,high,0.2,PerRI,,2062,16,0.0073586367157242,0.1420950533462657,0.1875,0.8582600195503421,0.0097112634901559,1.3197095963990833,3.0,290.0,1756.0,13.0,,,,,,,,,,70.0,0.0,3.5625,363.2795698924731,19.0,2563.0,24.0,168.0,0.8
K,high,0.2,PerRI,,1417,11,0.0136222910216718,0.059985885673959,0.1818181818181818,0.9409672830725462,0.0408000406259295,2.9950938914034606,2.0,83.0,1323.0,9.0,,,,,,,,,,70.0,1.0,4.0,94.03911806543384,22.0,1593.0,24.0,168.0,0.8
K,high,0.2,PerRI,,645,5,0.0107238605898123,0.0201550387596899,0.2,0.98125,0.1036437246963562,9.664777327935225,1.0,12.0,628.0,4.0,,,,,,,,,,80.0,0.0,1.6,13.8375,8.0,738.0,24.0,168.0,0.8
K,high,0.2,Cohen_m2,,1160,9,0.0048491379310344,0.0353448275862069,0.2222222222222222,0.9661164205039096,0.0309679155175892,6.386272355627302,2.0,39.0,1112.0,7.0,,,,,,,,,,50.0,0.0,2.0,62.58297132927889,9.0,1847.0,24.0,168.0,0.8
K,high,0.2,Cohen_m2,,2707,21,0.0094405594405594,0.1363132619135574,0.1904761904761904,0.8641102010424423,0.0131828023161792,1.396400541639724,4.0,365.0,2321.0,17.0,,,,,,,,,,60.0,0.0,5.142857142857143,384.97580044676096,27.0,2833.0,24.0,168.0,0.8
K,high,0.2,Cohen_m2,,1031,8,0.0053872053872053,0.1299709020368574,0.25,0.8709677419354839,0.0103852596314907,1.927763819095477,2.0,132.0,891.0,6.0,,,,,,,,,,60.0,1.0,2.0,190.58064516129036,8.0,1477.0,24.0,168.0,0.8
K,high,0.2,Cohen_m2,,2062,16,0.0073586367157242,0.0615906886517943,0.1875,0.9393939393939394,0.0224203487609807,3.0468073947816965,3.0,124.0,1922.0,13.0,,,,,,,,,,70.0,0.0,3.5625,155.33333333333334,19.0,2563.0,24.0,168.0,0.8
K,high,0.2,Cohen_m2,,1417,11,0.0136222910216718,0.0613973182780522,0.1818181818181818,0.9395448079658606,0.0398783228981273,2.927431430930711,2.0,85.0,1321.0,9.0,,,,,,,,,,70.0,1.0,4.0,96.30512091038406,22.0,1593.0,24.0,168.0,0.8
K,high,0.2,Cohen_m2,,645,5,0.0107238605898123,0.0093023255813953,0.2,0.9921875,0.2172252863809928,20.25625795502758,1.0,5.0,635.0,4.0,,,,,,,,,,80.0,0.0,1.6,5.765625,8.0,738.0,24.0,168.0,0.8
K,high,0.2,Cohen_m3,,1160,9,0.0048491379310344,0.043103448275862,0.2222222222222222,0.9582971329278888,0.0253083840893599,5.219151207761335,2.0,48.0,1103.0,7.0,,,,,,,,,,50.0,0.0,2.0,77.0251954821894,9.0,1847.0,24.0,168.0,0.8
K,high,0.2,Cohen_m3,,2707,21,0.0094405594405594,0.0797931289250092,0.1904761904761904,0.921072226358898,0.0224829034511173,2.381522365562797,4.0,212.0,2474.0,17.0,,,,,,,,,,60.0,0.0,5.142857142857143,223.602382725242,27.0,2833.0,24.0,168.0,0.8
K,high,0.2,Cohen_m3,,1031,8,0.0053872053872053,0.04364694471387,0.25,0.9579667644183774,0.0312094818249767,5.793260063761306,2.0,43.0,980.0,6.0,,,,,,,,,,60.0,1.0,2.0,62.0830889540567,8.0,1477.0,24.0,168.0,0.8
K,high,0.2,Cohen_m3,,2062,16,0.0073586367157242,0.0208535402521823,0.1875,0.9804496578690128,0.0663778314822003,9.020397941423225,3.0,40.0,2006.0,13.0,,,,,,,,,,70.0,0.0,3.5625,50.10752688172043,19.0,2563.0,24.0,168.0,0.8
K,high,0.2,Cohen_m3,,1417,11,0.0136222910216718,0.091743119266055,0.1818181818181818,0.9089615931721194,0.026841281356191,1.9703940631931165,2.0,128.0,1278.0,9.0,,,,,,,,,,70.0,1.0,4.0,145.02418207681364,22.0,1593.0,24.0,168.0,0.8
K,high,0.2,Cohen_m3,,645,5,0.0107238605898123,0.0852713178294573,0.2,0.915625,0.0250513748899109,2.3360407084841963,1.0,54.0,586.0,4.0,,,,,,,,,,80.0,0.0,1.6,62.26875,8.0,738.0,24.0,168.0,0.8
K,high,0.2,Cohen_m4,,1160,9,0.0048491379310344,0.025,0.2222222222222222,0.9765421372719374,0.0441241302639397,9.09937619665246,2.0,27.0,1124.0,7.0,,,,,,,,,,50.0,0.0,2.0,43.32667245873154,9.0,1847.0,24.0,168.0,0.8
K,high,0.2,Cohen_m4,,2707,21,0.0094405594405594,0.1060214259327669,0.1904761904761904,0.8946388682055101,0.0169378558169753,1.79415806061294,4.0,283.0,2403.0,17.0,,,,,,,,,,60.0,0.0,5.142857142857143,298.48808637379,27.0,2833.0,24.0,168.0,0.8
K,high,0.2,Cohen_m4,,1031,8,0.0053872053872053,0.0911736178467507,0.25,0.9100684261974584,0.0148336112520843,2.753489088668165,2.0,92.0,931.0,6.0,,,,,,,,,,60.0,1.0,2.0,132.82893450635387,8.0,1477.0,24.0,168.0,0.8
K,high,0.2,Cohen_m4,,2062,16,0.0073586367157242,0.0397672162948593,0.1875,0.9613880742913,0.0347476680847158,4.722025210249284,3.0,79.0,1967.0,13.0,,,,,,,,,,70.0,0.0,3.5625,98.96236559139786,19.0,2563.0,24.0,168.0,0.8
K,high,0.2,Cohen_m4,,1417,11,0.0136222910216718,0.1009174311926605,0.1818181818181818,0.8997155049786629,0.0244270034790237,1.7931641190283372,2.0,141.0,1265.0,9.0,,,,,,,,,,70.0,1.0,4.0,159.75320056899005,22.0,1593.0,24.0,168.0,0.8
K,high,0.2,Cohen_m4,,645,5,0.0107238605898123,0.0124031007751937,0.2,0.9890625,0.1654281098546042,15.426171243941845,1.0,7.0,633.0,4.0,,,,,,,,,,80.0,0.0,1.6,8.071875,8.0,738.0,24.0,168.0,0.8
K,high,0.2,Gaussian_mle,,1160,9,0.0048491379310344,0.1439655172413793,0.2222222222222222,0.8566463944396178,0.0074969793881917,1.5460437493871024,2.0,165.0,986.0,7.0,,,,,,,,,,50.0,0.0,2.0,264.7741094700261,9.0,1847.0,24.0,168.0,0.8
K,high,0.2,Gaussian_mle,,2707,21,0.0094405594405594,0.1632803841891392,0.1904761904761904,0.8369322412509308,0.0110098587286742,1.1662294801484527,4.0,438.0,2248.0,17.0,,,,,,,,,,60.0,0.0,5.142857142857143,461.9709605361132,27.0,2833.0,24.0,168.0,0.8
K,high,0.2,Gaussian_mle,,1031,8,0.0053872053872053,0.119301648884578,0.25,0.8817204301075269,0.0113186880058419,2.1010314610844034,2.0,121.0,902.0,6.0,,,,,,,,,,60.0,1.0,2.0,174.6989247311828,8.0,1477.0,24.0,168.0,0.8
K,high,0.2,Gaussian_mle,,2062,16,0.0073586367157242,0.0950533462657614,0.1875,0.9056695992179864,0.014521179116457,1.973351814668007,3.0,193.0,1853.0,13.0,,,,,,,,,,70.0,0.0,3.5625,241.7688172043011,19.0,2563.0,24.0,168.0,0.8
K,high,0.2,Gaussian_mle,,1417,11,0.0136222910216718,0.178546224417784,0.1818181818181818,0.8214793741109531,0.0138704259532834,1.0182153597524022,2.0,251.0,1155.0,9.0,,,,,,,,,,70.0,1.0,4.0,284.38335704125177,22.0,1593.0,24.0,168.0,0.8
K,high,0.2,Gaussian_mle,,645,5,0.0107238605898123,0.0465116279069767,0.2,0.9546875,0.0456612860073129,4.257914920181932,1.0,29.0,611.0,4.0,,,,,,,,,,80.0,0.0,1.6,33.440625,8.0,738.0,24.0,168.0,0.8
K,high,0.2,Gaussian_trunc,,1160,9,0.0048491379310344,0.6025862068965517,0.2222222222222222,0.3944396177237185,0.0017849651962802,0.3680994893662409,2.0,697.0,454.0,7.0,,,,,,,,,,50.0,0.0,2.0,1118.470026064292,9.0,1847.0,24.0,168.0,0.8
K,high,0.2,Gaussian_trunc,,2707,21,0.0094405594405594,0.2608053195419283,0.1904761904761904,0.7386448250186151,0.0068979597601893,0.7306727745978319,4.0,702.0,1984.0,17.0,,,,,,,,,,60.0,0.0,5.142857142857143,740.4192107222636,27.0,2833.0,24.0,168.0,0.8
K,high,0.2,Gaussian_trunc,,1031,8,0.0053872053872053,0.1852570320077594,0.25,0.8152492668621701,0.0072759860454695,1.3506049096902903,2.0,189.0,834.0,6.0,,,,,,,,,,60.0,1.0,2.0,272.8768328445748,8.0,1477.0,24.0,168.0,0.8
K,high,0.2,Gaussian_trunc,,2062,16,0.0073586367157242,0.1159068865179437,0.1875,0.884652981427175,0.0119068743612493,1.6180815579339856,3.0,236.0,1810.0,13.0,,,,,,,,,,70.0,0.0,3.5625,295.63440860215053,19.0,2563.0,24.0,168.0,0.8
K,high,0.2,Gaussian_trunc,,1417,11,0.0136222910216718,0.3902611150317572,0.1818181818181818,0.6081081081081081,0.0063665498031961,0.4673626332800832,2.0,551.0,855.0,9.0,,,,,,,,,,70.0,1.0,4.0,624.2837837837837,22.0,1593.0,24.0,168.0,0.8
K,high,0.2,Gaussian_trunc,,645,5,0.0107238605898123,0.1116279069767441,0.2,0.8890625,0.0191681329789225,1.787428400284527,1.0,71.0,569.0,4.0,,,,,,,,,,80.0,0.0,1.6,81.871875,8.0,738.0,24.0,168.0,0.8
K,high,0.2,Gaussian_eb,,1160,9,0.0048491379310344,0.0982758620689655,0.2222222222222222,0.9026933101650738,0.0110056127668932,2.269601921705992,2.0,112.0,1039.0,7.0,,,,,,,,,,50.0,0.0,2.0,179.7254561251086,9.0,1847.0,24.0,168.0,0.8
K,high,0.2,Gaussian_eb,,2707,21,0.0094405594405594,0.1551533062430735,0.1904761904761904,0.8451228592702904,0.0115853652692085,1.2271905433309789,4.0,416.0,2270.0,17.0,,,,,,,,,,60.0,0.0,5.142857142857143,438.7669396872673,27.0,2833.0,24.0,168.0,0.8
K,high,0.2,Gaussian_eb,,1031,8,0.0053872053872053,0.1387002909796314,0.25,0.8621700879765396,0.0097288198456512,1.8059121838490175,2.0,141.0,882.0,6.0,,,,,,,,,,60.0,1.0,2.0,203.57478005865104,8.0,1477.0,24.0,168.0,0.8
K,high,0.2,Gaussian_eb,,2062,16,0.0073586367157242,0.07274490785645,0.1875,0.9281524926686217,0.0189789802691642,2.579143529209585,3.0,147.0,1899.0,13.0,,,,,,,,,,70.0,0.0,3.5625,184.1451612903226,19.0,2563.0,24.0,168.0,0.8
K,high,0.2,Gaussian_eb,,1417,11,0.0136222910216718,0.1122088920254058,0.1818181818181818,0.8883357041251778,0.021992374621175,1.614440227872626,2.0,157.0,1249.0,9.0,,,,,,,,,,70.0,1.0,4.0,177.88122332859174,22.0,1593.0,24.0,168.0,0.8
K,high,0.2,Gaussian_eb,,645,5,0.0107238605898123,0.0542635658914728,0.2,0.946875,0.0392096798897227,3.656302649716649,1.0,34.0,606.0,4.0,,,,,,,,,,80.0,0.0,1.6,39.20625,8.0,738.0,24.0,168.0,0.8
K,high,0.2,NORMA_q_age_set,,1160,9,0.0048491379310344,0.1448275862068965,0.2222222222222222,0.8557775847089487,0.0074521534198326,1.536799638578832,2.0,166.0,985.0,7.0,,,,,,,,,,50.0,0.0,2.0,266.3788010425717,9.0,1847.0,24.0,168.0,0.8
K,high,0.2,NORMA_q_age_set,,2707,21,0.0094405594405594,0.0868119689693387,0.1904761904761904,0.9139985107967238,0.0206718876565767,2.189688840659615,4.0,231.0,2455.0,17.0,,,,,,,,,,60.0,0.0,5.142857142857143,243.6422189128816,27.0,2833.0,24.0,168.0,0.8
K,high,0.2,NORMA_q_age_set,,1031,8,0.0053872053872053,0.0475266731328807,0.25,0.95405669599218,0.0286293990065066,5.314332190582802,2.0,47.0,976.0,6.0,,,,,,,,,,60.0,1.0,2.0,67.85826001955034,8.0,1477.0,24.0,168.0,0.8
K,high,0.2,NORMA_q_age_set,,2062,16,0.0073586367157242,0.069835111542192,0.1875,0.9310850439882696,0.0197706293706293,2.686724475524476,3.0,141.0,1905.0,13.0,,,,,,,,,,70.0,0.0,3.5625,176.6290322580645,19.0,2563.0,24.0,168.0,0.8
K,high,0.2,NORMA_q_age_set,,1417,11,0.0136222910216718,0.1411432604093154,0.1818181818181818,0.8591749644381224,0.0175181754184862,1.285993331857061,2.0,198.0,1208.0,9.0,,,,,,,,,,70.0,1.0,4.0,224.33428165007112,22.0,1593.0,24.0,168.0,0.8
K,high,0.2,NORMA_q_age_set,,645,5,0.0107238605898123,0.0852713178294573,0.2,0.915625,0.0250513748899109,2.3360407084841963,1.0,54.0,586.0,4.0,,,,,,,,,,80.0,0.0,1.6,62.26875,8.0,738.0,24.0,168.0,0.8
K,high,0.2,NORMA_334f7e21,,1160,9,0.0048491379310344,0.1232758620689655,0.2222222222222222,0.8774978279756733,0.0087618801122068,1.806894387583996,2.0,141.0,1010.0,7.0,,,,,,,,,,50.0,0.0,2.0,226.26151172893137,9.0,1847.0,24.0,168.0,0.8
K,high,0.2,NORMA_334f7e21,,2707,21,0.0094405594405594,0.0801625415589213,0.1904761904761904,0.9206999255398362,0.0223797121715722,2.370591733729504,4.0,213.0,2473.0,17.0,,,,,,,,,,60.0,0.0,5.142857142857143,224.6571109456441,27.0,2833.0,24.0,168.0,0.8
K,high,0.2,NORMA_334f7e21,,1031,8,0.0053872053872053,0.0514064015518913,0.25,0.9501466275659824,0.0264433329456011,4.908543678027218,2.0,51.0,972.0,6.0,,,,,,,,,,60.0,1.0,2.0,73.633431085044,8.0,1477.0,24.0,168.0,0.8
K,high,0.2,NORMA_334f7e21,,2062,16,0.0073586367157242,0.0805043646944713,0.1875,0.9203323558162269,0.0171479589691168,2.3303173714873537,3.0,163.0,1883.0,13.0,,,,,,,,,,70.0,0.0,3.5625,204.18817204301075,19.0,2563.0,24.0,168.0,0.8
K,high,0.2,NORMA_334f7e21,,1417,11,0.0136222910216718,0.1630204657727593,0.1818181818181818,0.837126600284495,0.0151827245215579,1.1145500046507275,2.0,229.0,1177.0,9.0,,,,,,,,,,70.0,1.0,4.0,259.4573257467994,22.0,1593.0,24.0,168.0,0.8
K,high,0.2,NORMA_334f7e21,,645,5,0.0107238605898123,0.1255813953488372,0.2,0.875,0.0170484816196057,1.5897709110282368,1.0,80.0,560.0,4.0,,,,,,,,,,80.0,0.0,1.6,92.25,8.0,738.0,24.0,168.0,0.8
K,high,0.2,NORMA_q_age,,1160,9,0.0048491379310344,0.1077586206896551,0.2222222222222222,0.893136403127715,0.0100312441444464,2.0686654591213967,2.0,123.0,1028.0,7.0,,,,,,,,,,50.0,0.0,2.0,197.37706342311037,9.0,1847.0,24.0,168.0,0.8
K,high,0.2,NORMA_q_age,,2707,21,0.0094405594405594,0.0797931289250092,0.1904761904761904,0.921072226358898,0.0224829034511173,2.381522365562797,4.0,212.0,2474.0,17.0,,,,,,,,,,60.0,0.0,5.142857142857143,223.602382725242,27.0,2833.0,24.0,168.0,0.8
K,high,0.2,NORMA_q_age,,1031,8,0.0053872053872053,0.05819592628516,0.25,0.9433040078201368,0.0233263407515505,4.329952002006567,2.0,58.0,965.0,6.0,,,,,,,,,,60.0,1.0,2.0,83.73998044965786,8.0,1477.0,24.0,168.0,0.8
K,high,0.2,NORMA_q_age,,2062,16,0.0073586367157242,0.074199806013579,0.1875,0.9266862170087976,0.0186064632977771,2.5285204334137124,3.0,150.0,1896.0,13.0,,,,,,,,,,70.0,0.0,3.5625,187.9032258064516,19.0,2563.0,24.0,168.0,0.8
K,high,0.2,NORMA_q_age,,1417,11,0.0136222910216718,0.1778405081157374,0.1818181818181818,0.8221906116642959,0.0139251350668772,1.022231506045765,2.0,250.0,1156.0,9.0,,,,,,,,,,70.0,1.0,4.0,283.25035561877667,22.0,1593.0,24.0,168.0,0.8
K,high,0.2,NORMA_q_age,,645,5,0.0107238605898123,0.1116279069767441,0.2,0.8890625,0.0191681329789225,1.787428400284527,1.0,71.0,569.0,4.0,,,,,,,,,,80.0,0.0,1.6,81.871875,8.0,738.0,24.0,168.0,0.8
K,high,0.2,NORMA_q_set,,1160,9,0.0048491379310344,0.1267241379310345,0.2222222222222222,0.8740225890529973,0.0085222329583106,1.7574738189582866,2.0,145.0,1006.0,7.0,,,,,,,,,,50.0,0.0,2.0,232.6802780191138,9.0,1847.0,24.0,168.0,0.8
K,high,0.2,NORMA_q_set,,2707,21,0.0094405594405594,0.0857037310676025,0.1904761904761904,0.9151154132539092,0.0209381910213669,2.2178972711522014,4.0,228.0,2458.0,17.0,,,,,,,,,,60.0,0.0,5.142857142857143,240.47803425167533,27.0,2833.0,24.0,168.0,0.8
K,high,0.2,NORMA_q_set,,1031,8,0.0053872053872053,0.0514064015518913,0.25,0.9501466275659824,0.0264433329456011,4.908543678027218,2.0,51.0,972.0,6.0,,,,,,,,,,60.0,1.0,2.0,73.633431085044,8.0,1477.0,24.0,168.0,0.8
K,high,0.2,NORMA_q_set,,2062,16,0.0073586367157242,0.0999030067895247,0.1875,0.9007820136852396,0.0138157328906182,1.8774853854513895,3.0,203.0,1843.0,13.0,,,,,,,,,,70.0,0.0,3.5625,254.2956989247312,19.0,2563.0,24.0,168.0,0.8
K,high,0.2,NORMA_q_set,,1417,11,0.0136222910216718,0.1729004940014114,0.1818181818181818,0.8271692745376956,0.0143205261723912,1.0512568076550832,2.0,243.0,1163.0,9.0,,,,,,,,,,70.0,1.0,4.0,275.31934566145094,22.0,1593.0,24.0,168.0,0.8
K,high,0.2,NORMA_q_set,,645,5,0.0107238605898123,0.0914728682170542,0.2,0.909375,0.023364059505339,2.178698548872867,1.0,58.0,582.0,4.0,,,,,,,,,,80.0,0.0,1.6,66.88125,8.0,738.0,24.0,168.0,0.8
K,high,0.2,NORMA_q_co,,1160,9,0.0048491379310344,0.1068965517241379,0.2222222222222222,0.894005212858384,0.0101126359626772,2.085450260747665,2.0,122.0,1029.0,7.0,,,,,,,,,,50.0,0.0,2.0,195.77237185056472,9.0,1847.0,24.0,168.0,0.8
K,high,0.2,NORMA_q_co,,2707,21,0.0094405594405594,0.0631695603989656,0.1904761904761904,0.9378257632166792,0.0283693020305573,3.0050445854590406,4.0,167.0,2519.0,17.0,,,,,,,,,,60.0,0.0,5.142857142857143,176.13961280714818,27.0,2833.0,24.0,168.0,0.8
K,high,0.2,NORMA_q_co,,1031,8,0.0053872053872053,0.0543161978661493,0.25,0.9472140762463344,0.0250110019069972,4.642667228986357,2.0,54.0,969.0,6.0,,,,,,,,,,60.0,1.0,2.0,77.96480938416423,8.0,1477.0,24.0,168.0,0.8
K,high,0.2,NORMA_q_co,,2062,16,0.0073586367157242,0.0999030067895247,0.1875,0.9007820136852396,0.0138157328906182,1.8774853854513895,3.0,203.0,1843.0,13.0,,,,,,,,,,70.0,0.0,3.5625,254.2956989247312,19.0,2563.0,24.0,168.0,0.8
K,high,0.2,NORMA_q_co,,1417,11,0.0136222910216718,0.1771347918136909,0.1818181818181818,0.8229018492176386,0.0139802774677402,1.0262794595636564,2.0,249.0,1157.0,9.0,,,,,,,,,,70.0,1.0,4.0,282.1173541963016,22.0,1593.0,24.0,168.0,0.8
K,high,0.2,NORMA_q_co,,645,5,0.0107238605898123,0.1116279069767441,0.2,0.8890625,0.0191681329789225,1.787428400284527,1.0,71.0,569.0,4.0,,,,,,,,,,80.0,0.0,1.6,81.871875,8.0,738.0,24.0,168.0,0.8
K,high,0.2,NORMA_q_age_set_co,,1160,9,0.0048491379310344,0.1232758620689655,0.2222222222222222,0.8774978279756733,0.0087618801122068,1.806894387583996,2.0,141.0,1010.0,7.0,,,,,,,,,,50.0,0.0,2.0,226.26151172893137,9.0,1847.0,24.0,168.0,0.8
K,high,0.2,NORMA_q_age_set_co,,2707,21,0.0094405594405594,0.1130402659770964,0.1904761904761904,0.8875651526433358,0.0158891610405974,1.68307409541143,4.0,302.0,2384.0,17.0,,,,,,,,,,60.0,0.0,5.142857142857143,318.52792256142965,27.0,2833.0,24.0,168.0,0.8
K,high,0.2,NORMA_q_age_set_co,,1031,8,0.0053872053872053,0.049466537342386,0.25,0.9521016617790812,0.0274929789435493,5.10338421639635,2.0,49.0,974.0,6.0,,,,,,,,,,60.0,1.0,2.0,70.74584555229717,8.0,1477.0,24.0,168.0,0.8
K,high,0.2,NORMA_q_age_set_co,,2062,16,0.0073586367157242,0.080019398642095,0.1875,0.9208211143695014,0.0172519844175624,2.3444538824287515,3.0,162.0,1884.0,13.0,,,,,,,,,,70.0,0.0,3.5625,202.93548387096772,19.0,2563.0,24.0,168.0,0.8
K,high,0.2,NORMA_q_age_set_co,,1417,11,0.0136222910216718,0.2187720536344389,0.1818181818181818,0.7809388335704125,0.0113325864250767,0.8319148671135903,2.0,308.0,1098.0,9.0,,,,,,,,,,70.0,1.0,4.0,348.96443812233287,22.0,1593.0,24.0,168.0,0.8
K,high,0.2,NORMA_q_age_set_co,,645,5,0.0107238605898123,0.089922480620155,0.2,0.9109375,0.0237642144349036,2.216012996054769,1.0,57.0,583.0,4.0,,,,,,,,,,80.0,0.0,1.6,65.728125,8.0,738.0,24.0,168.0,0.8
K,low,0.2,PopRI,,399,19,0.0441860465116279,0.06265664160401,0.2105263157894736,0.9447368421052632,0.1497389419761599,3.388828686828884,4.0,21.0,359.0,15.0,,,,,,,,,,20.0,0.0,4.0,22.71315789473684,19.0,411.0,24.0,168.0,0.8
K,low,0.2,PopRI,,189,9,0.0552995391705069,0.2116402116402116,0.2222222222222222,0.7888888888888889,0.0580411124546553,1.049576783555018,2.0,38.0,142.0,7.0,,,,,,,,,,20.0,1.0,2.6666666666666665,43.27777777777778,12.0,205.0,24.0,168.0,0.8
K,low,0.2,PopRI,,336,16,0.0313725490196078,0.0178571428571428,0.1875,0.990625,0.3931203931203931,12.530712530712533,3.0,3.0,317.0,13.0,,,,,,,,,,30.0,0.0,3.0,4.63125,16.0,494.0,24.0,168.0,0.8
K,low,0.2,PopRI,,315,15,0.059299191374663,0.0698412698412698,0.2,0.9366666666666666,0.1660168532260093,2.799647843038612,3.0,19.0,281.0,12.0,,,,,,,,,,30.0,1.0,4.4,22.10333333333333,22.0,349.0,24.0,168.0,0.8
K,low,0.2,PopRI,,691,33,0.0392390011890606,0.0607814761215629,0.2121212121212121,0.946808510638298,0.1400595998297147,3.5693976805087915,7.0,35.0,623.0,26.0,,,,,,,,,,40.0,0.0,7.0,42.97872340425532,33.0,808.0,24.0,168.0,0.8
K,low,0.2,PopRI,,524,25,0.0809352517985611,0.0362595419847328,0.2,0.9719438877755512,0.3856590811507084,4.765032202662087,5.0,14.0,485.0,20.0,,,,,,,,,,40.0,1.0,9.0,14.336673346693386,45.0,511.0,24.0,168.0,0.8
K,low,0.2,PopRI,,1446,69,0.037176724137931,0.0435684647302904,0.2028985507246377,0.9644153957879448,0.1804363493415449,4.853476295331991,14.0,49.0,1328.0,55.0,,,,,,,,,,50.0,0.0,14.0,63.58968772694263,69.0,1787.0,24.0,168.0,0.8
K,low,0.2,PopRI,,943,45,0.0537745604963805,0.0922587486744432,0.2,0.9131403118040088,0.115714193673088,2.151838947728388,9.0,78.0,820.0,36.0,,,,,,,,,,50.0,1.0,10.4,79.47661469933185,52.0,915.0,24.0,168.0,0.8
K,low,0.2,PopRI,,2704,129,0.0472027972027972,0.0588017751479289,0.2015503875968992,0.9483495145631068,0.1620017180167257,3.432036396502487,26.0,133.0,2442.0,103.0,,,,,,,,,,60.0,0.0,27.209302325581397,140.74757281553397,135.0,2725.0,24.0,168.0,0.8
K,low,0.2,PopRI,,1447,69,0.0525252525252525,0.0767104353835521,0.2028985507246377,0.9296081277213352,0.1377769488566335,2.6230611416936007,14.0,97.0,1281.0,55.0,,,,,,,,,,60.0,1.0,15.826086956521738,99.04136429608128,78.0,1407.0,24.0,168.0,0.8
K,low,0.2,PopRI,,2411,115,0.0445391169635941,0.0514309415180423,0.2,0.9560104529616724,0.1748754035930126,3.926332974583989,23.0,101.0,2195.0,92.0,,,,,,,,,,70.0,0.0,23.0,108.522212543554,115.0,2467.0,24.0,168.0,0.8
K,low,0.2,PopRI,,1572,75,0.0563467492260061,0.0451653944020356,0.2,0.9625918503674016,0.2419890327153355,4.294640525662274,15.0,56.0,1441.0,60.0,,,,,,,,,,70.0,1.0,18.2,57.01002004008016,91.0,1524.0,24.0,168.0,0.8
K,low,0.2,PopRI,,629,30,0.0442359249329758,0.0556438791732909,0.2,0.9515859766277128,0.1605089645316356,3.628475380018189,6.0,29.0,570.0,24.0,,,,,,,,,,80.0,0.0,6.6,34.51919866444074,33.0,713.0,24.0,168.0,0.8
K,low,0.2,PopRI,,482,23,0.0447470817120622,0.0373443983402489,0.217391304347826,0.971677559912854,0.2644618575708688,5.910147599627242,5.0,13.0,446.0,18.0,,,,,,,,,,80.0,1.0,5.0,13.90631808278867,23.0,491.0,24.0,168.0,0.8
K,low,0.2,PerRI,,399,19,0.0441860465116279,0.1478696741854636,0.2105263157894736,0.8552631578947368,0.0630051813471502,1.4259067357512951,4.0,55.0,325.0,15.0,,,,,,,,,,20.0,0.0,4.0,59.48684210526316,19.0,411.0,24.0,168.0,0.8
K,low,0.2,PerRI,,189,9,0.0552995391705069,0.2539682539682539,0.2222222222222222,0.7444444444444445,0.0484359233097881,0.875882946518668,2.0,46.0,134.0,7.0,,,,,,,,,,20.0,1.0,2.6666666666666665,52.388888888888886,12.0,205.0,24.0,168.0,0.8
K,low,0.2,PerRI,,336,16,0.0313725490196078,0.1369047619047619,0.1875,0.865625,0.0432393478065039,1.3782542113323126,3.0,43.0,277.0,13.0,,,,,,,,,,30.0,0.0,3.0,66.38125,16.0,494.0,24.0,168.0,0.8
K,low,0.2,PerRI,,315,15,0.059299191374663,0.1396825396825396,0.2,0.8633333333333333,0.0844583786550643,1.4242753855013115,3.0,41.0,259.0,12.0,,,,,,,,,,30.0,1.0,4.4,47.696666666666665,22.0,349.0,24.0,168.0,0.8
K,low,0.2,PerRI,,691,33,0.0392390011890606,0.1215629522431259,0.2121212121212121,0.8829787234042553,0.0689293945107898,1.7566551752598265,7.0,77.0,581.0,26.0,,,,,,,,,,40.0,0.0,7.0,94.55319148936172,33.0,808.0,24.0,168.0,0.8
K,low,0.2,PerRI,,524,25,0.0809352517985611,0.1297709923664122,0.2,0.87374749498998,0.1224239450441609,1.512615854323411,5.0,63.0,436.0,20.0,,,,,,,,,,40.0,1.0,9.0,64.51503006012024,45.0,511.0,24.0,168.0,0.8
K,low,0.2,PerRI,,1446,69,0.037176724137931,0.082295988934993,0.2028985507246377,0.9237472766884532,0.0931695930173551,2.5061270237711755,14.0,105.0,1272.0,55.0,,,,,,,,,,50.0,0.0,14.0,136.2636165577342,69.0,1787.0,24.0,168.0,0.8
K,low,0.2,PerRI,,943,45,0.0537745604963805,0.1230116648992576,0.2,0.8808463251670379,0.0870834972893638,1.6194181130541323,9.0,107.0,791.0,36.0,,,,,,,,,,50.0,1.0,10.4,109.02561247216036,52.0,915.0,24.0,168.0,0.8
K,low,0.2,PerRI,,2704,129,0.0472027972027972,0.1161242603550295,0.2015503875968992,0.8881553398058253,0.0819591856721387,1.7363205260912362,26.0,288.0,2287.0,103.0,,,,,,,,,,60.0,0.0,27.209302325581397,304.77669902912623,135.0,2725.0,24.0,168.0,0.8
K,low,0.2,PerRI,,1447,69,0.0525252525252525,0.1098825155494125,0.2028985507246377,0.8947750362844702,0.096572599937196,1.8385937295735395,14.0,145.0,1233.0,55.0,,,,,,,,,,60.0,1.0,15.826086956521738,148.05152394775035,78.0,1407.0,24.0,168.0,0.8
K,low,0.2,PerRI,,2411,115,0.0445391169635941,0.1136457901285773,0.2,0.8906794425087108,0.0785804099549867,1.7643010304676163,23.0,251.0,2045.0,92.0,,,,,,,,,,70.0,0.0,23.0,269.69381533101046,115.0,2467.0,24.0,168.0,0.8
K,low,0.2,PerRI,,1572,75,0.0563467492260061,0.1017811704834605,0.2,0.9031396125584502,0.1097607255341314,1.947951337776069,15.0,145.0,1352.0,60.0,,,,,,,,,,70.0,1.0,18.2,147.61523046092185,91.0,1524.0,24.0,168.0,0.8
K,low,0.2,PerRI,,629,30,0.0442359249329758,0.1558028616852146,0.2,0.8464106844741235,0.0568430496884229,1.2849974262898023,6.0,92.0,507.0,24.0,,,,,,,,,,80.0,0.0,6.6,109.50918196994992,33.0,713.0,24.0,168.0,0.8
K,low,0.2,PerRI,,482,23,0.0447470817120622,0.0933609958506224,0.217391304347826,0.9128540305010894,0.1046273079553225,2.338192882131991,5.0,40.0,419.0,18.0,,,,,,,,,,80.0,1.0,5.0,42.78867102396514,23.0,491.0,24.0,168.0,0.8
K,low,0.2,Cohen_m2,,399,19,0.0441860465116279,0.0776942355889724,0.2105263157894736,0.9289473684210526,0.1204723785368946,2.7264801458349845,4.0,27.0,353.0,15.0,,,,,,,,,,20.0,0.0,4.0,29.20263157894737,19.0,411.0,24.0,168.0,0.8
K,low,0.2,Cohen_m2,,189,9,0.0552995391705069,0.1851851851851851,0.2222222222222222,0.8166666666666667,0.0662525879917184,1.198067632850241,2.0,33.0,147.0,7.0,,,,,,,,,,20.0,1.0,2.6666666666666665,37.583333333333336,12.0,205.0,24.0,168.0,0.8
K,low,0.2,Cohen_m2,,336,16,0.0313725490196078,0.0625,0.1875,0.94375,0.0974421437271619,3.1059683313032886,3.0,18.0,302.0,13.0,,,,,,,,,,30.0,0.0,3.0,27.7875,16.0,494.0,24.0,168.0,0.8
K,low,0.2,Cohen_m2,,315,15,0.059299191374663,0.0507936507936507,0.2,0.9566666666666668,0.2253713505207444,3.800580501963463,3.0,13.0,287.0,12.0,,,,,,,,,,30.0,1.0,4.4,15.123333333333331,22.0,349.0,24.0,168.0,0.8
K,low,0.2,Cohen_m2,,691,33,0.0392390011890606,0.0984081041968162,0.2121212121212121,0.9072948328267476,0.0854640590789327,2.1780385965267395,7.0,61.0,597.0,26.0,,,,,,,,,,40.0,0.0,7.0,74.90577507598785,33.0,808.0,24.0,168.0,0.8
K,low,0.2,Cohen_m2,,524,25,0.0809352517985611,0.0419847328244274,0.2,0.9659318637274548,0.3407952648353316,4.2107148277432085,5.0,17.0,482.0,20.0,,,,,,,,,,40.0,1.0,9.0,17.40881763527054,45.0,511.0,24.0,168.0,0.8
K,low,0.2,Cohen_m2,,1446,69,0.037176724137931,0.0719225449515905,0.2028985507246377,0.934640522875817,0.1070357785328802,2.879107318217765,14.0,90.0,1287.0,55.0,,,,,,,,,,50.0,0.0,14.0,116.79738562091504,69.0,1787.0,24.0,168.0,0.8
K,low,0.2,Cohen_m2,,943,45,0.0537745604963805,0.0784729586426299,0.2,0.9276169265033408,0.1357161748592587,2.5237988670942912,9.0,65.0,833.0,36.0,,,,,,,,,,50.0,1.0,10.4,66.23051224944321,52.0,915.0,24.0,168.0,0.8
K,low,0.2,Cohen_m2,,2704,129,0.0472027972027972,0.0894970414201183,0.2015503875968992,0.9161165048543688,0.1063728371915664,2.2535282545768887,26.0,216.0,2359.0,103.0,,,,,,,,,,60.0,0.0,27.209302325581397,228.58252427184465,135.0,2725.0,24.0,168.0,0.8
K,low,0.2,Cohen_m2,,1447,69,0.0525252525252525,0.068417415342087,0.2028985507246377,0.9383164005805515,0.154227945528625,2.936262809102669,14.0,85.0,1293.0,55.0,,,,,,,,,,60.0,1.0,15.826086956521738,86.78882438316401,78.0,1407.0,24.0,168.0,0.8
K,low,0.2,Cohen_m2,,2411,115,0.0445391169635941,0.0825383658233098,0.2,0.9233449477351916,0.108435318275154,2.43460862422998,23.0,176.0,2120.0,92.0,,,,,,,,,,70.0,0.0,23.0,189.10801393728224,115.0,2467.0,24.0,168.0,0.8
K,low,0.2,Cohen_m2,,1572,75,0.0563467492260061,0.104325699745547,0.2,0.9004676018704075,0.1071297971779016,1.901259587278145,15.0,149.0,1348.0,60.0,,,,,,,,,,70.0,1.0,18.2,151.687374749499,91.0,1524.0,24.0,168.0,0.8
K,low,0.2,Cohen_m2,,629,30,0.0442359249329758,0.054054054054054,0.2,0.9532554257095158,0.1652938864592305,3.736643615108665,6.0,28.0,571.0,24.0,,,,,,,,,,80.0,0.0,6.6,33.32888146911519,33.0,713.0,24.0,168.0,0.8
K,low,0.2,Cohen_m2,,482,23,0.0447470817120622,0.0580912863070539,0.217391304347826,0.9498910675381264,0.168899028554607,3.7745261163942607,5.0,23.0,436.0,18.0,,,,,,,,,,80.0,1.0,5.0,24.60348583877996,23.0,491.0,24.0,168.0,0.8
K,low,0.2,Cohen_m3,,399,19,0.0441860465116279,0.0701754385964912,0.2105263157894736,0.936842105263158,0.1335207308503162,3.021784961349262,4.0,24.0,356.0,15.0,,,,,,,,,,20.0,0.0,4.0,25.957894736842107,19.0,411.0,24.0,168.0,0.8
K,low,0.2,Cohen_m3,,189,9,0.0552995391705069,0.3544973544973545,0.2222222222222222,0.6388888888888888,0.0347700108656283,0.62875769648678,2.0,65.0,115.0,7.0,,,,,,,,,,20.0,1.0,2.6666666666666665,74.02777777777777,12.0,205.0,24.0,168.0,0.8
K,low,0.2,Cohen_m3,,336,16,0.0313725490196078,0.0535714285714285,0.1875,0.953125,0.1146953405017921,3.655913978494624,3.0,15.0,305.0,13.0,,,,,,,,,,30.0,0.0,3.0,23.15625,16.0,494.0,24.0,168.0,0.8
K,low,0.2,Cohen_m3,,315,15,0.059299191374663,0.0952380952380952,0.2,0.91,0.1228707065065624,2.072046914269757,3.0,27.0,273.0,12.0,,,,,,,,,,30.0,1.0,4.4,31.41,22.0,349.0,24.0,168.0,0.8
K,low,0.2,Cohen_m3,,691,33,0.0392390011890606,0.0564399421128798,0.2121212121212121,0.9513677811550152,0.1512047797255597,3.853430901490779,7.0,32.0,626.0,26.0,,,,,,,,,,40.0,0.0,7.0,39.29483282674772,33.0,808.0,24.0,168.0,0.8
K,low,0.2,Cohen_m3,,524,25,0.0809352517985611,0.0305343511450381,0.2,0.9779559118236472,0.4441257911392405,5.487420886075951,5.0,11.0,488.0,20.0,,,,,,,,,,40.0,1.0,9.0,11.264529058116231,45.0,511.0,24.0,168.0,0.8
K,low,0.2,Cohen_m3,,1446,69,0.037176724137931,0.0788381742738589,0.2028985507246377,0.9273783587509078,0.0973744557476083,2.6192317372110296,14.0,100.0,1277.0,55.0,,,,,,,,,,50.0,0.0,14.0,129.77487291212782,69.0,1787.0,24.0,168.0,0.8
K,low,0.2,Cohen_m3,,943,45,0.0537745604963805,0.1018027571580063,0.2,0.9031180400890868,0.1050006633372384,1.9526084893674909,9.0,87.0,811.0,36.0,,,,,,,,,,50.0,1.0,10.4,88.64699331848553,52.0,915.0,24.0,168.0,0.8
K,low,0.2,Cohen_m3,,2704,129,0.0472027972027972,0.0728550295857988,0.2015503875968992,0.9335922330097088,0.1307068320919926,2.7690484428377693,26.0,171.0,2404.0,103.0,,,,,,,,,,60.0,0.0,27.209302325581397,180.96116504854368,135.0,2725.0,24.0,168.0,0.8
K,low,0.2,Cohen_m3,,1447,69,0.0525252525252525,0.0746371803731859,0.2028985507246377,0.9317851959361392,0.1415516635125578,2.6949259014890816,14.0,94.0,1284.0,55.0,,,,,,,,,,60.0,1.0,15.826086956521738,95.97822931785196,78.0,1407.0,24.0,168.0,0.8
K,low,0.2,Cohen_m3,,2411,115,0.0445391169635941,0.0866860223973455,0.2,0.9189895470383276,0.1032071452303242,2.317224773779976,23.0,186.0,2110.0,92.0,,,,,,,,,,70.0,0.0,23.0,199.852787456446,115.0,2467.0,24.0,168.0,0.8
K,low,0.2,Cohen_m3,,1572,75,0.0563467492260061,0.0489821882951653,0.2,0.9585838343353372,0.2238120351522261,3.972048755723573,15.0,62.0,1435.0,60.0,,,,,,,,,,70.0,1.0,18.2,63.11823647294589,91.0,1524.0,24.0,168.0,0.8
K,low,0.2,Cohen_m3,,629,30,0.0442359249329758,0.0413354531001589,0.2,0.96661101836394,0.2170599668376031,4.9068707654803605,6.0,20.0,579.0,24.0,,,,,,,,,,80.0,0.0,6.6,23.80634390651085,33.0,713.0,24.0,168.0,0.8
K,low,0.2,Cohen_m3,,482,23,0.0447470817120622,0.0518672199170124,0.217391304347826,0.9564270152505446,0.1894345852249277,4.233451165461429,5.0,20.0,439.0,18.0,,,,,,,,,,80.0,1.0,5.0,21.39433551198257,23.0,491.0,24.0,168.0,0.8
K,low,0.2,Cohen_m4,,399,19,0.0441860465116279,0.1228070175438596,0.2105263157894736,0.881578947368421,0.0759430427179615,1.7187109667749187,4.0,45.0,335.0,15.0,,,,,,,,,,20.0,0.0,4.0,48.67105263157895,19.0,411.0,24.0,168.0,0.8
K,low,0.2,Cohen_m4,,189,9,0.0552995391705069,0.3068783068783068,0.2222222222222222,0.6888888888888889,0.040133779264214,0.725752508361204,2.0,56.0,124.0,7.0,,,,,,,,,,20.0,1.0,2.6666666666666665,63.77777777777778,12.0,205.0,24.0,168.0,0.8
K,low,0.2,Cohen_m4,,336,16,0.0313725490196078,0.0535714285714285,0.1875,0.953125,0.1146953405017921,3.655913978494624,3.0,15.0,305.0,13.0,,,,,,,,,,30.0,0.0,3.0,23.15625,16.0,494.0,24.0,168.0,0.8
K,low,0.2,Cohen_m4,,315,15,0.059299191374663,0.0825396825396825,0.2,0.9233333333333332,0.1412217823900717,2.3815127848507545,3.0,23.0,277.0,12.0,,,,,,,,,,30.0,1.0,4.4,26.756666666666668,22.0,349.0,24.0,168.0,0.8
K,low,0.2,Cohen_m4,,691,33,0.0392390011890606,0.0622286541244573,0.2121212121212121,0.945288753799392,0.1367008963020122,3.4838016299997654,7.0,36.0,622.0,26.0,,,,,,,,,,40.0,0.0,7.0,44.20668693009119,33.0,808.0,24.0,168.0,0.8
K,low,0.2,Cohen_m4,,524,25,0.0809352517985611,0.0343511450381679,0.2,0.9739478957915833,0.4033590802945931,4.98372552541764,5.0,13.0,486.0,20.0,,,,,,,,,,40.0,1.0,9.0,13.312625250501002,45.0,511.0,24.0,168.0,0.8
K,low,0.2,Cohen_m4,,1446,69,0.037176724137931,0.0774550484094052,0.2028985507246377,0.9288307915758895,0.0991646262422583,2.667384729067124,14.0,98.0,1279.0,55.0,,,,,,,,,,50.0,0.0,14.0,127.17937545388526,69.0,1787.0,24.0,168.0,0.8
K,low,0.2,Cohen_m4,,943,45,0.0537745604963805,0.1177094379639448,0.2,0.8864142538975501,0.0909639892002664,1.6915803376280325,9.0,102.0,796.0,36.0,,,,,,,,,,50.0,1.0,10.4,103.93095768374164,52.0,915.0,24.0,168.0,0.8
K,low,0.2,Cohen_m4,,2704,129,0.0472027972027972,0.0610207100591716,0.2015503875968992,0.9460194174757282,0.1561004296615427,3.3070165098667577,26.0,139.0,2436.0,103.0,,,,,,,,,,60.0,0.0,27.209302325581397,147.09708737864077,135.0,2725.0,24.0,168.0,0.8
K,low,0.2,Cohen_m4,,1447,69,0.0525252525252525,0.0753282653766413,0.2028985507246377,0.9310595065312046,0.1402706517292073,2.6705374079214472,14.0,95.0,1283.0,55.0,,,,,,,,,,60.0,1.0,15.826086956521738,96.99927431059508,78.0,1407.0,24.0,168.0,0.8
K,low,0.2,Cohen_m4,,2411,115,0.0445391169635941,0.0680215678141849,0.2,0.938588850174216,0.131804170670527,2.959290162359137,23.0,141.0,2155.0,92.0,,,,,,,,,,70.0,0.0,23.0,151.50130662020905,115.0,2467.0,24.0,168.0,0.8
K,low,0.2,Cohen_m4,,1572,75,0.0563467492260061,0.0680661577608142,0.2,0.9385437541750168,0.1627043702904808,2.8875555826277632,15.0,92.0,1405.0,60.0,,,,,,,,,,70.0,1.0,18.2,93.65931863727457,91.0,1524.0,24.0,168.0,0.8
K,low,0.2,Cohen_m4,,629,30,0.0442359249329758,0.0317965023847376,0.2,0.976627712854758,0.2836947629777401,6.413221005496792,6.0,14.0,585.0,24.0,,,,,,,,,,80.0,0.0,6.6,16.664440734557594,33.0,713.0,24.0,168.0,0.8
K,low,0.2,Cohen_m4,,482,23,0.0447470817120622,0.0622406639004149,0.217391304347826,0.9455337690631808,0.1575154426904598,3.520127719256364,5.0,25.0,434.0,18.0,,,,,,,,,,80.0,1.0,5.0,26.74291938997821,23.0,491.0,24.0,168.0,0.8
K,low,0.2,Gaussian_mle,,399,19,0.0441860465116279,0.0476190476190476,0.2105263157894736,0.9605263157894736,0.1977878985035784,4.476252439817827,4.0,15.0,365.0,15.0,,,,,,,,,,20.0,0.0,4.0,16.223684210526315,19.0,411.0,24.0,168.0,0.8
K,low,0.2,Gaussian_mle,,189,9,0.0552995391705069,0.2751322751322751,0.2222222222222222,0.7222222222222222,0.0447343895619757,0.8089468779123952,2.0,50.0,130.0,7.0,,,,,,,,,,20.0,1.0,2.6666666666666665,56.94444444444444,12.0,205.0,24.0,168.0,0.8
K,low,0.2,Gaussian_mle,,336,16,0.0313725490196078,0.0684523809523809,0.1875,0.9375,0.088560885608856,2.822878228782288,3.0,20.0,300.0,13.0,,,,,,,,,,30.0,0.0,3.0,30.875,16.0,494.0,24.0,168.0,0.8
K,low,0.2,Gaussian_mle,,315,15,0.059299191374663,0.073015873015873,0.2,0.9333333333333332,0.1590361445783132,2.681927710843374,3.0,20.0,280.0,12.0,,,,,,,,,,30.0,1.0,4.4,23.266666666666666,22.0,349.0,24.0,168.0,0.8
K,low,0.2,Gaussian_mle,,691,33,0.0392390011890606,0.0795947901591895,0.2121212121212121,0.9270516717325228,0.1061534915879234,2.705305649255868,7.0,48.0,610.0,26.0,,,,,,,,,,40.0,0.0,7.0,58.94224924012158,33.0,808.0,24.0,168.0,0.8
K,low,0.2,Gaussian_mle,,524,25,0.0809352517985611,0.08206106870229,0.2,0.9238476953907816,0.1878372161110879,2.3208331590614417,5.0,38.0,461.0,20.0,,,,,,,,,,40.0,1.0,9.0,38.91382765531062,45.0,511.0,24.0,168.0,0.8
K,low,0.2,Gaussian_mle,,1446,69,0.037176724137931,0.0670816044260027,0.2028985507246377,0.9397240377632534,0.1150245526524621,3.0939937641010102,14.0,83.0,1294.0,55.0,,,,,,,,,,50.0,0.0,14.0,107.71314451706608,69.0,1787.0,24.0,168.0,0.8
K,low,0.2,Gaussian_mle,,943,45,0.0537745604963805,0.0869565217391304,0.2,0.9187082405345212,0.122667605360009,2.281145661214014,9.0,73.0,825.0,36.0,,,,,,,,,,50.0,1.0,10.4,74.38195991091314,52.0,915.0,24.0,168.0,0.8
K,low,0.2,Gaussian_mle,,2704,129,0.0472027972027972,0.0787721893491124,0.2015503875968992,0.9273786407766992,0.1208751638700514,2.560762730876645,26.0,187.0,2388.0,103.0,,,,,,,,,,60.0,0.0,27.209302325581397,197.89320388349515,135.0,2725.0,24.0,168.0,0.8
K,low,0.2,Gaussian_mle,,1447,69,0.0525252525252525,0.0932964754664823,0.2028985507246377,0.9121915820029028,0.1135524111821931,2.1618632128917548,14.0,121.0,1257.0,55.0,,,,,,,,,,60.0,1.0,15.826086956521738,123.54644412191584,78.0,1407.0,24.0,168.0,0.8
K,low,0.2,Gaussian_mle,,2411,115,0.0445391169635941,0.0982994608046453,0.2,0.906794425087108,0.0909313193719801,2.0416057966821985,23.0,214.0,2082.0,92.0,,,,,,,,,,70.0,0.0,23.0,229.93815331010447,115.0,2467.0,24.0,168.0,0.8
K,low,0.2,Gaussian_mle,,1572,75,0.0563467492260061,0.0629770992366412,0.2,0.9438877755511024,0.175480834257581,3.11430271786806,15.0,84.0,1413.0,60.0,,,,,,,,,,70.0,1.0,18.2,85.51503006012024,91.0,1524.0,24.0,168.0,0.8
K,low,0.2,Gaussian_mle,,629,30,0.0442359249329758,0.0667726550079491,0.2,0.9398998330550918,0.1334643197148007,3.017102500219436,6.0,36.0,563.0,24.0,,,,,,,,,,80.0,0.0,6.6,42.85141903171953,33.0,713.0,24.0,168.0,0.8
K,low,0.2,Gaussian_mle,,482,23,0.0447470817120622,0.0497925311203319,0.217391304347826,0.9586056644880174,0.1974363386097729,4.412272958496664,5.0,19.0,440.0,18.0,,,,,,,,,,80.0,1.0,5.0,20.32461873638344,23.0,491.0,24.0,168.0,0.8
K,low,0.2,Gaussian_trunc,,399,19,0.0441860465116279,0.075187969924812,0.2105263157894736,0.9315789473684212,0.1245289202031787,2.8182860888087826,4.0,26.0,354.0,15.0,,,,,,,,,,20.0,0.0,4.0,28.121052631578948,19.0,411.0,24.0,168.0,0.8
K,low,0.2,Gaussian_trunc,,189,9,0.0552995391705069,0.6666666666666666,0.2222222222222222,0.3111111111111111,0.0185328185328185,0.3351351351351351,2.0,124.0,56.0,7.0,,,,,,,,,,20.0,1.0,2.6666666666666665,141.22222222222223,12.0,205.0,24.0,168.0,0.8
K,low,0.2,Gaussian_trunc,,336,16,0.0313725490196078,0.1309523809523809,0.1875,0.871875,0.0452531347223531,1.4424436692750071,3.0,41.0,279.0,13.0,,,,,,,,,,30.0,0.0,3.0,63.29375,16.0,494.0,24.0,168.0,0.8
K,low,0.2,Gaussian_trunc,,315,15,0.059299191374663,0.1841269841269841,0.2,0.8166666666666667,0.064343163538874,1.085059712405557,3.0,55.0,245.0,12.0,,,,,,,,,,30.0,1.0,4.4,63.98333333333333,22.0,349.0,24.0,168.0,0.8
K,low,0.2,Gaussian_trunc,,691,33,0.0392390011890606,0.1968162083936324,0.2121212121212121,0.8039513677811551,0.0423197780187067,1.0785131307191616,7.0,129.0,529.0,26.0,,,,,,,,,,40.0,0.0,7.0,158.40729483282675,33.0,808.0,24.0,168.0,0.8
K,low,0.2,Gaussian_trunc,,524,25,0.0809352517985611,0.183206106870229,0.2,0.8176352705410822,0.088072638845309,1.0881863821775966,5.0,91.0,408.0,20.0,,,,,,,,,,40.0,1.0,9.0,93.188376753507,45.0,511.0,24.0,168.0,0.8
K,low,0.2,Gaussian_trunc,,1446,69,0.037176724137931,0.148686030428769,0.2028985507246377,0.8540305010893247,0.0509373389877531,1.3701405965401428,14.0,201.0,1176.0,55.0,,,,,,,,,,50.0,0.0,14.0,260.8474945533769,69.0,1787.0,24.0,168.0,0.8
K,low,0.2,Gaussian_trunc,,943,45,0.0537745604963805,0.16118769883351,0.2,0.8407572383073497,0.0666209173359052,1.2388928281503908,9.0,143.0,755.0,36.0,,,,,,,,,,50.0,1.0,10.4,145.70712694877506,52.0,915.0,24.0,168.0,0.8
K,low,0.2,Gaussian_trunc,,2704,129,0.0472027972027972,0.1427514792899408,0.2015503875968992,0.8601941747572815,0.0666600288743963,1.4122050561538788,26.0,360.0,2215.0,103.0,,,,,,,,,,60.0,0.0,27.209302325581397,380.97087378640776,135.0,2725.0,24.0,168.0,0.8
K,low,0.2,Gaussian_trunc,,1447,69,0.0525252525252525,0.156185210780926,0.2028985507246377,0.8461538461538461,0.068131425115904,1.2971175166297118,14.0,212.0,1166.0,55.0,,,,,,,,,,60.0,1.0,15.826086956521738,216.46153846153845,78.0,1407.0,24.0,168.0,0.8
K,low,0.2,Gaussian_trunc,,2411,115,0.0445391169635941,0.1435089174616342,0.2,0.8593205574912892,0.062152724242599,1.3954637738642663,23.0,323.0,1973.0,92.0,,,,,,,,,,70.0,0.0,23.0,347.05618466898954,115.0,2467.0,24.0,168.0,0.8
K,low,0.2,Gaussian_trunc,,1572,75,0.0563467492260061,0.1520356234096692,0.2,0.8503674014696059,0.073911606868185,1.3117279680452627,15.0,224.0,1273.0,60.0,,,,,,,,,,70.0,1.0,18.2,228.04008016032063,91.0,1524.0,24.0,168.0,0.8
K,low,0.2,Gaussian_trunc,,629,30,0.0442359249329758,0.1430842607313195,0.2,0.8597662771285476,0.0619214540123485,1.3998001422185464,6.0,84.0,515.0,24.0,,,,,,,,,,80.0,0.0,6.6,99.98664440734558,33.0,713.0,24.0,168.0,0.8
K,low,0.2,Gaussian_trunc,,482,23,0.0447470817120622,0.1514522821576763,0.217391304347826,0.8518518518518519,0.0643163411148165,1.437330405783292,5.0,68.0,391.0,18.0,,,,,,,,,,80.0,1.0,5.0,72.74074074074075,23.0,491.0,24.0,168.0,0.8
K,low,0.2,Gaussian_eb,,399,19,0.0441860465116279,0.1027568922305764,0.2105263157894736,0.9026315789473685,0.0908710468105458,2.056555269922879,4.0,37.0,343.0,15.0,,,,,,,,,,20.0,0.0,4.0,40.01842105263158,19.0,411.0,24.0,168.0,0.8
K,low,0.2,Gaussian_eb,,189,9,0.0552995391705069,0.2486772486772486,0.2222222222222222,0.75,0.0494590417310664,0.8943843379701184,2.0,45.0,135.0,7.0,,,,,,,,,,20.0,1.0,2.6666666666666665,51.25,12.0,205.0,24.0,168.0,0.8
K,low,0.2,Gaussian_eb,,336,16,0.0313725490196078,0.0982142857142857,0.1875,0.90625,0.0608365019011406,1.9391634980988592,3.0,30.0,290.0,13.0,,,,,,,,,,30.0,0.0,3.0,46.3125,16.0,494.0,24.0,168.0,0.8
K,low,0.2,Gaussian_eb,,315,15,0.059299191374663,0.0698412698412698,0.2,0.9366666666666666,0.1660168532260093,2.799647843038612,3.0,19.0,281.0,12.0,,,,,,,,,,30.0,1.0,4.4,22.10333333333333,22.0,349.0,24.0,168.0,0.8
K,low,0.2,Gaussian_eb,,691,33,0.0392390011890606,0.0839363241678726,0.2121212121212121,0.9224924012158054,0.10053695376959,2.56216903394622,7.0,51.0,607.0,26.0,,,,,,,,,,40.0,0.0,7.0,62.62613981762918,33.0,808.0,24.0,168.0,0.8
K,low,0.2,Gaussian_eb,,524,25,0.0809352517985611,0.0458015267175572,0.2,0.9619238476953909,0.3162676056338028,3.9076619718309855,5.0,19.0,480.0,20.0,,,,,,,,,,40.0,1.0,9.0,19.45691382765531,45.0,511.0,24.0,168.0,0.8
K,low,0.2,Gaussian_eb,,1446,69,0.037176724137931,0.0636237897648686,0.2028985507246377,0.943355119825708,0.1215020420511269,3.268228841259298,14.0,78.0,1299.0,55.0,,,,,,,,,,50.0,0.0,14.0,101.2244008714597,69.0,1787.0,24.0,168.0,0.8
K,low,0.2,Gaussian_eb,,943,45,0.0537745604963805,0.1092258748674443,0.2,0.8953229398663697,0.0979473346394096,1.821443703775176,9.0,94.0,804.0,36.0,,,,,,,,,,50.0,1.0,10.4,95.77951002227172,52.0,915.0,24.0,168.0,0.8
K,low,0.2,Gaussian_eb,,2704,129,0.0472027972027972,0.088387573964497,0.2015503875968992,0.9172815533980584,0.1077096745650186,2.2818494018959496,26.0,213.0,2362.0,103.0,,,,,,,,,,60.0,0.0,27.209302325581397,225.4077669902913,135.0,2725.0,24.0,168.0,0.8
K,low,0.2,Gaussian_eb,,1447,69,0.0525252525252525,0.0870767104353835,0.2028985507246377,0.918722786647315,0.1215678823002483,2.314465451485498,14.0,112.0,1266.0,55.0,,,,,,,,,,60.0,1.0,15.826086956521738,114.35703918722788,78.0,1407.0,24.0,168.0,0.8
K,low,0.2,Gaussian_eb,,2411,115,0.0445391169635941,0.0953961012028204,0.2,0.9098432055749128,0.0937181109433038,2.104175325700961,23.0,207.0,2089.0,92.0,,,,,,,,,,70.0,0.0,23.0,222.41681184668988,115.0,2467.0,24.0,168.0,0.8
K,low,0.2,Gaussian_eb,,1572,75,0.0563467492260061,0.0795165394402035,0.2,0.9265197060788244,0.1398021606544153,2.481104279745943,15.0,110.0,1387.0,60.0,,,,,,,,,,70.0,1.0,18.2,111.98396793587176,91.0,1524.0,24.0,168.0,0.8
K,low,0.2,Gaussian_eb,,629,30,0.0442359249329758,0.0651828298887122,0.2,0.9415692821368948,0.136756098573425,3.0915166525992444,6.0,35.0,564.0,24.0,,,,,,,,,,80.0,0.0,6.6,41.66110183639399,33.0,713.0,24.0,168.0,0.8
K,low,0.2,Gaussian_eb,,482,23,0.0447470817120622,0.0539419087136929,0.217391304347826,0.954248366013072,0.1820561637315564,4.0685594851313045,5.0,21.0,438.0,18.0,,,,,,,,,,80.0,1.0,5.0,22.464052287581698,23.0,491.0,24.0,168.0,0.8
K,low,0.2,NORMA_q_age_set,,399,19,0.0441860465116279,0.0802005012531328,0.2105263157894736,0.9263157894736842,0.1166717838501688,2.640466687135401,4.0,28.0,352.0,15.0,,,,,,,,,,20.0,0.0,4.0,30.28421052631579,19.0,411.0,24.0,168.0,0.8
K,low,0.2,NORMA_q_age_set,,189,9,0.0552995391705069,0.3068783068783068,0.2222222222222222,0.6888888888888889,0.040133779264214,0.725752508361204,2.0,56.0,124.0,7.0,,,,,,,,,,20.0,1.0,2.6666666666666665,63.77777777777778,12.0,205.0,24.0,168.0,0.8
K,low,0.2,NORMA_q_age_set,,336,16,0.0313725490196078,0.0267857142857142,0.1875,0.98125,0.2446483180428134,7.79816513761468,3.0,6.0,314.0,13.0,,,,,,,,,,30.0,0.0,3.0,9.2625,16.0,494.0,24.0,168.0,0.8
K,low,0.2,NORMA_q_age_set,,315,15,0.059299191374663,0.0317460317460317,0.2,0.9766666666666668,0.3507839489768802,5.91549295774648,3.0,7.0,293.0,12.0,,,,,,,,,,30.0,1.0,4.4,8.143333333333333,22.0,349.0,24.0,168.0,0.8
K,low,0.2,NORMA_q_age_set,,691,33,0.0392390011890606,0.0810419681620839,0.2121212121212121,0.925531914893617,0.1042128603104212,2.6558489551837665,7.0,49.0,609.0,26.0,,,,,,,,,,40.0,0.0,7.0,60.17021276595744,33.0,808.0,24.0,168.0,0.8
K,low,0.2,NORMA_q_age_set,,524,25,0.0809352517985611,0.0534351145038167,0.2,0.9539078156312624,0.2764713124846097,3.415956660920956,5.0,23.0,476.0,20.0,,,,,,,,,,40.0,1.0,9.0,23.55310621242485,45.0,511.0,24.0,168.0,0.8
K,low,0.2,NORMA_q_age_set,,1446,69,0.037176724137931,0.0816044260027662,0.2028985507246377,0.924473493100944,0.0939812602985482,2.527959697305876,14.0,104.0,1273.0,55.0,,,,,,,,,,50.0,0.0,14.0,134.96586782861291,69.0,1787.0,24.0,168.0,0.8
K,low,0.2,NORMA_q_age_set,,943,45,0.0537745604963805,0.1113467656415694,0.2,0.8930957683741648,0.0961028697499053,1.787143750926124,9.0,96.0,802.0,36.0,,,,,,,,,,50.0,1.0,10.4,97.8173719376392,52.0,915.0,24.0,168.0,0.8
K,low,0.2,NORMA_q_age_set,,2704,129,0.0472027972027972,0.0917159763313609,0.2015503875968992,0.9137864077669904,0.103796303952373,2.198943920768792,26.0,222.0,2353.0,103.0,,,,,,,,,,60.0,0.0,27.209302325581397,234.93203883495147,135.0,2725.0,24.0,168.0,0.8
K,low,0.2,NORMA_q_age_set,,1447,69,0.0525252525252525,0.0697995853489979,0.2028985507246377,0.936865021770682,0.1512186165868606,2.8789698157883072,14.0,87.0,1291.0,55.0,,,,,,,,,,60.0,1.0,15.826086956521738,88.83091436865021,78.0,1407.0,24.0,168.0,0.8
K,low,0.2,NORMA_q_age_set,,2411,115,0.0445391169635941,0.092907507258399,0.2,0.9124564459930312,0.0962464118102702,2.1609411764705886,23.0,201.0,2095.0,92.0,,,,,,,,,,70.0,0.0,23.0,215.9699477351916,115.0,2467.0,24.0,168.0,0.8
K,low,0.2,NORMA_q_age_set,,1572,75,0.0563467492260061,0.0394402035623409,0.2,0.9686038744154976,0.2755584414008217,4.890405306179418,15.0,47.0,1450.0,60.0,,,,,,,,,,70.0,1.0,18.2,47.84769539078156,91.0,1524.0,24.0,168.0,0.8
K,low,0.2,NORMA_q_age_set,,629,30,0.0442359249329758,0.0620031796502384,0.2,0.9449081803005008,0.1438520653218059,3.2519285069717343,6.0,33.0,566.0,24.0,,,,,,,,,,80.0,0.0,6.6,39.28046744574291,33.0,713.0,24.0,168.0,0.8
K,low,0.2,NORMA_q_age_set,,482,23,0.0447470817120622,0.0809128630705394,0.217391304347826,0.925925925925926,0.1208594449418084,2.7009458565256312,5.0,34.0,425.0,18.0,,,,,,,,,,80.0,1.0,5.0,36.37037037037037,23.0,491.0,24.0,168.0,0.8
K,low,0.2,NORMA_334f7e21,,399,19,0.0441860465116279,0.0601503759398496,0.2105263157894736,0.9473684210526316,0.1560574948665297,3.531827515400411,4.0,20.0,360.0,15.0,,,,,,,,,,20.0,0.0,4.0,21.63157894736842,19.0,411.0,24.0,168.0,0.8
K,low,0.2,NORMA_334f7e21,,189,9,0.0552995391705069,0.3703703703703703,0.2222222222222222,0.6222222222222222,0.0332871012482662,0.6019417475728155,2.0,68.0,112.0,7.0,,,,,,,,,,20.0,1.0,2.6666666666666665,77.44444444444444,12.0,205.0,24.0,168.0,0.8
K,low,0.2,NORMA_334f7e21,,336,16,0.0313725490196078,0.0238095238095238,0.1875,0.984375,0.2798833819241982,8.92128279883382,3.0,5.0,315.0,13.0,,,,,,,,,,30.0,0.0,3.0,7.71875,16.0,494.0,24.0,168.0,0.8
K,low,0.2,NORMA_334f7e21,,315,15,0.059299191374663,0.0698412698412698,0.2,0.9366666666666666,0.1660168532260093,2.799647843038612,3.0,19.0,281.0,12.0,,,,,,,,,,30.0,1.0,4.4,22.10333333333333,22.0,349.0,24.0,168.0,0.8
K,low,0.2,NORMA_334f7e21,,691,33,0.0392390011890606,0.0767004341534008,0.2121212121212121,0.9300911854103344,0.1102599703164647,2.809958637458996,7.0,46.0,612.0,26.0,,,,,,,,,,40.0,0.0,7.0,56.48632218844985,33.0,808.0,24.0,168.0,0.8
K,low,0.2,NORMA_334f7e21,,524,25,0.0809352517985611,0.0572519083969465,0.2,0.9498997995991983,0.2601065678211514,3.213761149079115,5.0,25.0,474.0,20.0,,,,,,,,,,40.0,1.0,9.0,25.60120240480962,45.0,511.0,24.0,168.0,0.8
K,low,0.2,NORMA_334f7e21,,1446,69,0.037176724137931,0.0995850622406639,0.2028985507246377,0.90559186637618,0.0766252762452899,2.0611088798733057,14.0,130.0,1247.0,55.0,,,,,,,,,,50.0,0.0,14.0,168.70733478576616,69.0,1787.0,24.0,168.0,0.8
K,low,0.2,NORMA_334f7e21,,943,45,0.0537745604963805,0.1092258748674443,0.2,0.8953229398663697,0.0979473346394096,1.821443703775176,9.0,94.0,804.0,36.0,,,,,,,,,,50.0,1.0,10.4,95.77951002227172,52.0,915.0,24.0,168.0,0.8
K,low,0.2,NORMA_334f7e21,,2704,129,0.0472027972027972,0.073594674556213,0.2015503875968992,0.9328155339805824,0.1293912886625057,2.741178411664936,26.0,173.0,2402.0,103.0,,,,,,,,,,60.0,0.0,27.209302325581397,183.07766990291265,135.0,2725.0,24.0,168.0,0.8
K,low,0.2,NORMA_334f7e21,,1447,69,0.0525252525252525,0.0808569454042847,0.2028985507246377,0.9252539912917273,0.1308008944462191,2.490247798110711,14.0,103.0,1275.0,55.0,,,,,,,,,,60.0,1.0,15.826086956521738,105.16763425253993,78.0,1407.0,24.0,168.0,0.8
K,low,0.2,NORMA_334f7e21,,2411,115,0.0445391169635941,0.0754873496474491,0.2,0.9307491289198606,0.1186533980735225,2.6640267289203057,23.0,159.0,2137.0,92.0,,,,,,,,,,70.0,0.0,23.0,170.84189895470382,115.0,2467.0,24.0,168.0,0.8
K,low,0.2,NORMA_334f7e21,,1572,75,0.0563467492260061,0.0362595419847328,0.2,0.9719438877755512,0.2985686012795139,5.298772429301264,15.0,42.0,1455.0,60.0,,,,,,,,,,70.0,1.0,18.2,42.75751503006012,91.0,1524.0,24.0,168.0,0.8
K,low,0.2,NORMA_334f7e21,,629,30,0.0442359249329758,0.0476947535771065,0.2,0.959933222036728,0.1876726765216896,4.2425398995509225,6.0,24.0,575.0,24.0,,,,,,,,,,80.0,0.0,6.6,28.56761268781302,33.0,713.0,24.0,168.0,0.8
K,low,0.2,NORMA_334f7e21,,482,23,0.0447470817120622,0.0601659751037344,0.217391304347826,0.9477124183006536,0.1630087364159386,3.642890892077933,5.0,24.0,435.0,18.0,,,,,,,,,,80.0,1.0,5.0,25.67320261437909,23.0,491.0,24.0,168.0,0.8
K,low,0.2,NORMA_q_age,,399,19,0.0441860465116279,0.0701754385964912,0.2105263157894736,0.936842105263158,0.1335207308503162,3.021784961349262,4.0,24.0,356.0,15.0,,,,,,,,,,20.0,0.0,4.0,25.957894736842107,19.0,411.0,24.0,168.0,0.8
K,low,0.2,NORMA_q_age,,189,9,0.0552995391705069,0.3333333333333333,0.2222222222222222,0.6611111111111111,0.0369657296881016,0.668463611859838,2.0,61.0,119.0,7.0,,,,,,,,,,20.0,1.0,2.6666666666666665,69.47222222222223,12.0,205.0,24.0,168.0,0.8
K,low,0.2,NORMA_q_age,,336,16,0.0313725490196078,0.0178571428571428,0.1875,0.990625,0.3931203931203931,12.530712530712533,3.0,3.0,317.0,13.0,,,,,,,,,,30.0,0.0,3.0,4.63125,16.0,494.0,24.0,168.0,0.8
K,low,0.2,NORMA_q_age,,315,15,0.059299191374663,0.0507936507936507,0.2,0.9566666666666668,0.2253713505207444,3.800580501963463,3.0,13.0,287.0,12.0,,,,,,,,,,30.0,1.0,4.4,15.123333333333331,22.0,349.0,24.0,168.0,0.8
K,low,0.2,NORMA_q_age,,691,33,0.0392390011890606,0.0781476121562952,0.2121212121212121,0.9285714285714286,0.108167770419426,2.756639240082948,7.0,47.0,611.0,26.0,,,,,,,,,,40.0,0.0,7.0,57.71428571428572,33.0,808.0,24.0,168.0,0.8
K,low,0.2,NORMA_q_age,,524,25,0.0809352517985611,0.0553435114503816,0.2,0.9519038076152304,0.2680393912264995,3.311775589376305,5.0,24.0,475.0,20.0,,,,,,,,,,40.0,1.0,9.0,24.577154308617235,45.0,511.0,24.0,168.0,0.8
K,low,0.2,NORMA_q_age,,1446,69,0.037176724137931,0.0843706777316735,0.2028985507246377,0.9215686274509804,0.0908165861104044,2.4428345481291407,14.0,108.0,1269.0,55.0,,,,,,,,,,50.0,0.0,14.0,140.15686274509804,69.0,1787.0,24.0,168.0,0.8
K,low,0.2,NORMA_q_age,,943,45,0.0537745604963805,0.1134676564156945,0.2,0.89086859688196,0.0943265878322418,1.7541117391111127,9.0,98.0,800.0,36.0,,,,,,,,,,50.0,1.0,10.4,99.85523385300668,52.0,915.0,24.0,168.0,0.8
K,low,0.2,NORMA_q_age,,2704,129,0.0472027972027972,0.0798816568047337,0.2015503875968992,0.9262135922330096,0.1191940971672733,2.525149021469642,26.0,190.0,2385.0,103.0,,,,,,,,,,60.0,0.0,27.209302325581397,201.06796116504853,135.0,2725.0,24.0,168.0,0.8
K,low,0.2,NORMA_q_age,,1447,69,0.0525252525252525,0.0670352453351762,0.2028985507246377,0.9397677793904208,0.1573594808560166,2.9958824239895465,14.0,83.0,1295.0,55.0,,,,,,,,,,60.0,1.0,15.826086956521738,84.7467343976778,78.0,1407.0,24.0,168.0,0.8
K,low,0.2,NORMA_q_age,,2411,115,0.0445391169635941,0.0779759435918705,0.2,0.928135888501742,0.1148342006206196,2.578277443499477,23.0,165.0,2131.0,92.0,,,,,,,,,,70.0,0.0,23.0,177.28876306620208,115.0,2467.0,24.0,168.0,0.8
K,low,0.2,NORMA_q_age,,1572,75,0.0563467492260061,0.0400763358778625,0.2,0.9679358717434868,0.2713755535501915,4.816170538280871,15.0,48.0,1449.0,60.0,,,,,,,,,,70.0,1.0,18.2,48.86573146292585,91.0,1524.0,24.0,168.0,0.8
K,low,0.2,NORMA_q_age,,629,30,0.0442359249329758,0.0572337042925278,0.2,0.9499165275459098,0.1559932763559743,3.5263934594411164,6.0,30.0,569.0,24.0,,,,,,,,,,80.0,0.0,6.6,35.70951585976628,33.0,713.0,24.0,168.0,0.8
K,low,0.2,NORMA_q_age,,482,23,0.0447470817120622,0.0850622406639004,0.217391304347826,0.9215686274509804,0.1149166291122127,2.5681368418990145,5.0,36.0,423.0,18.0,,,,,,,,,,80.0,1.0,5.0,38.50980392156863,23.0,491.0,24.0,168.0,0.8
K,low,0.2,NORMA_q_set,,399,19,0.0441860465116279,0.0852130325814536,0.2105263157894736,0.9210526315789472,0.1097472924187725,2.4837545126353797,4.0,30.0,350.0,15.0,,,,,,,,,,20.0,0.0,4.0,32.44736842105263,19.0,411.0,24.0,168.0,0.8
K,low,0.2,NORMA_q_set,,189,9,0.0552995391705069,0.2857142857142857,0.2222222222222222,0.7111111111111111,0.0430879712746858,0.7791741472172352,2.0,52.0,128.0,7.0,,,,,,,,,,20.0,1.0,2.6666666666666665,59.22222222222222,12.0,205.0,24.0,168.0,0.8
K,low,0.2,NORMA_q_set,,336,16,0.0313725490196078,0.0267857142857142,0.1875,0.98125,0.2446483180428134,7.79816513761468,3.0,6.0,314.0,13.0,,,,,,,,,,30.0,0.0,3.0,9.2625,16.0,494.0,24.0,168.0,0.8
K,low,0.2,NORMA_q_set,,315,15,0.059299191374663,0.073015873015873,0.2,0.9333333333333332,0.1590361445783132,2.681927710843374,3.0,20.0,280.0,12.0,,,,,,,,,,30.0,1.0,4.4,23.266666666666666,22.0,349.0,24.0,168.0,0.8
K,low,0.2,NORMA_q_set,,691,33,0.0392390011890606,0.0795947901591895,0.2121212121212121,0.9270516717325228,0.1061534915879234,2.705305649255868,7.0,48.0,610.0,26.0,,,,,,,,,,40.0,0.0,7.0,58.94224924012158,33.0,808.0,24.0,168.0,0.8
K,low,0.2,NORMA_q_set,,524,25,0.0809352517985611,0.049618320610687,0.2,0.9579158316633266,0.2950335041387465,3.645302851136513,5.0,21.0,478.0,20.0,,,,,,,,,,40.0,1.0,9.0,21.50501002004008,45.0,511.0,24.0,168.0,0.8
K,low,0.2,NORMA_q_set,,1446,69,0.037176724137931,0.0698478561549101,0.2028985507246377,0.9368191721132898,0.1103194904633556,2.967434410144753,14.0,87.0,1290.0,55.0,,,,,,,,,,50.0,0.0,14.0,112.9041394335512,69.0,1787.0,24.0,168.0,0.8
K,low,0.2,NORMA_q_set,,943,45,0.0537745604963805,0.0943796394485683,0.2,0.910913140311804,0.1131486614844825,2.1041299164518192,9.0,80.0,818.0,36.0,,,,,,,,,,50.0,1.0,10.4,81.51447661469933,52.0,915.0,24.0,168.0,0.8
K,low,0.2,NORMA_q_set,,2704,129,0.0472027972027972,0.0806213017751479,0.2015503875968992,0.9254368932038834,0.118099124473008,2.5019518221689103,26.0,192.0,2383.0,103.0,,,,,,,,,,60.0,0.0,27.209302325581397,203.18446601941747,135.0,2725.0,24.0,168.0,0.8
K,low,0.2,NORMA_q_set,,1447,69,0.0525252525252525,0.068417415342087,0.2028985507246377,0.9383164005805515,0.154227945528625,2.936262809102669,14.0,85.0,1293.0,55.0,,,,,,,,,,60.0,1.0,15.826086956521738,86.78882438316401,78.0,1407.0,24.0,168.0,0.8
K,low,0.2,NORMA_q_set,,2411,115,0.0445391169635941,0.0850269597677312,0.2,0.9207317073170732,0.1052367268364813,2.3627932929721287,23.0,182.0,2114.0,92.0,,,,,,,,,,70.0,0.0,23.0,195.5548780487805,115.0,2467.0,24.0,168.0,0.8
K,low,0.2,NORMA_q_set,,1572,75,0.0563467492260061,0.0388040712468193,0.2,0.9692718770875084,0.279872295052666,4.9669643572533575,15.0,46.0,1451.0,60.0,,,,,,,,,,70.0,1.0,18.2,46.82965931863728,91.0,1524.0,24.0,168.0,0.8
K,low,0.2,NORMA_q_set,,629,30,0.0442359249329758,0.0588235294117647,0.2,0.9482470784641068,0.151724720222287,3.4298982207826096,6.0,31.0,568.0,24.0,,,,,,,,,,80.0,0.0,6.6,36.89983305509182,33.0,713.0,24.0,168.0,0.8
K,low,0.2,NORMA_q_set,,482,23,0.0447470817120622,0.0767634854771784,0.217391304347826,0.9302832244008714,0.1274504359415782,2.848240177129184,5.0,32.0,427.0,18.0,,,,,,,,,,80.0,1.0,5.0,34.230936819172115,23.0,491.0,24.0,168.0,0.8
K,low,0.2,NORMA_q_co,,399,19,0.0441860465116279,0.037593984962406,0.2105263157894736,0.9710526315789474,0.2516139711968217,5.6944214534017545,4.0,11.0,369.0,15.0,,,,,,,,,,20.0,0.0,4.0,11.897368421052631,19.0,411.0,24.0,168.0,0.8
K,low,0.2,NORMA_q_co,,189,9,0.0552995391705069,0.3703703703703703,0.2222222222222222,0.6222222222222222,0.0332871012482662,0.6019417475728155,2.0,68.0,112.0,7.0,,,,,,,,,,20.0,1.0,2.6666666666666665,77.44444444444444,12.0,205.0,24.0,168.0,0.8
K,low,0.2,NORMA_q_co,,336,16,0.0313725490196078,0.0208333333333333,0.1875,0.9875,0.326975476839237,10.42234332425068,3.0,4.0,316.0,13.0,,,,,,,,,,30.0,0.0,3.0,6.175,16.0,494.0,24.0,168.0,0.8
K,low,0.2,NORMA_q_co,,315,15,0.059299191374663,0.0634920634920634,0.2,0.9433333333333334,0.1819936577967737,3.0690748655728664,3.0,17.0,283.0,12.0,,,,,,,,,,30.0,1.0,4.4,19.776666666666667,22.0,349.0,24.0,168.0,0.8
K,low,0.2,NORMA_q_co,,691,33,0.0392390011890606,0.0709117221418234,0.2121212121212121,0.9361702127659576,0.1195059934616781,3.0455921364021616,7.0,42.0,616.0,26.0,,,,,,,,,,40.0,0.0,7.0,51.57446808510638,33.0,808.0,24.0,168.0,0.8
K,low,0.2,NORMA_q_co,,524,25,0.0809352517985611,0.0591603053435114,0.2,0.9478957915831664,0.2526298025538617,3.121381560443269,5.0,26.0,473.0,20.0,,,,,,,,,,40.0,1.0,9.0,26.625250501002004,45.0,511.0,24.0,168.0,0.8
K,low,0.2,NORMA_q_co,,1446,69,0.037176724137931,0.0760719225449515,0.2028985507246377,0.9302832244008714,0.101021851910077,2.7173414079000437,14.0,96.0,1281.0,55.0,,,,,,,,,,50.0,0.0,14.0,124.5838779956427,69.0,1787.0,24.0,168.0,0.8
K,low,0.2,NORMA_q_co,,943,45,0.0537745604963805,0.1219512195121951,0.2,0.8819599109131403,0.0878328812781437,1.6333537729993266,9.0,106.0,792.0,36.0,,,,,,,,,,50.0,1.0,10.4,108.0066815144766,52.0,915.0,24.0,168.0,0.8
K,low,0.2,NORMA_q_co,,2704,129,0.0472027972027972,0.0743343195266272,0.2015503875968992,0.9320388349514565,0.1281019628269385,2.713863805074401,26.0,175.0,2400.0,103.0,,,,,,,,,,60.0,0.0,27.209302325581397,185.1941747572816,135.0,2725.0,24.0,168.0,0.8
K,low,0.2,NORMA_q_co,,1447,69,0.0525252525252525,0.0697995853489979,0.2028985507246377,0.936865021770682,0.1512186165868606,2.8789698157883072,14.0,87.0,1291.0,55.0,,,,,,,,,,60.0,1.0,15.826086956521738,88.83091436865021,78.0,1407.0,24.0,168.0,0.8
K,low,0.2,NORMA_q_co,,2411,115,0.0445391169635941,0.0742430526752385,0.2,0.93205574912892,0.1206598729607457,2.7090764520403967,23.0,156.0,2140.0,92.0,,,,,,,,,,70.0,0.0,23.0,167.6184668989547,115.0,2467.0,24.0,168.0,0.8
K,low,0.2,NORMA_q_co,,1572,75,0.0563467492260061,0.0438931297709923,0.2,0.9639278557114228,0.2487224008457076,4.414139311712283,15.0,54.0,1443.0,60.0,,,,,,,,,,70.0,1.0,18.2,54.97394789579158,91.0,1524.0,24.0,168.0,0.8
K,low,0.2,NORMA_q_co,,629,30,0.0442359249329758,0.0365659777424483,0.2,0.9716193656093488,0.2459438610461354,5.559821828497486,6.0,17.0,582.0,24.0,,,,,,,,,,80.0,0.0,6.6,20.235392320534224,33.0,713.0,24.0,168.0,0.8
K,low,0.2,NORMA_q_co,,482,23,0.0447470817120622,0.0705394190871369,0.217391304347826,0.9368191721132898,0.1388048868997217,3.101987472454652,5.0,29.0,430.0,18.0,,,,,,,,,,80.0,1.0,5.0,31.021786492374726,23.0,491.0,24.0,168.0,0.8
K,low,0.2,NORMA_q_age_set_co,,399,19,0.0441860465116279,0.0451127819548872,0.2105263157894736,0.963157894736842,0.2089634313995051,4.729172394830905,4.0,14.0,366.0,15.0,,,,,,,,,,20.0,0.0,4.0,15.142105263157896,19.0,411.0,24.0,168.0,0.8
K,low,0.2,NORMA_q_age_set_co,,189,9,0.0552995391705069,0.3597883597883597,0.2222222222222222,0.6333333333333333,0.0342612419700214,0.619557458957887,2.0,66.0,114.0,7.0,,,,,,,,,,20.0,1.0,2.6666666666666665,75.16666666666667,12.0,205.0,24.0,168.0,0.8
K,low,0.2,NORMA_q_age_set_co,,336,16,0.0313725490196078,0.0238095238095238,0.1875,0.984375,0.2798833819241982,8.92128279883382,3.0,5.0,315.0,13.0,,,,,,,,,,30.0,0.0,3.0,7.71875,16.0,494.0,24.0,168.0,0.8
K,low,0.2,NORMA_q_age_set_co,,315,15,0.059299191374663,0.0539682539682539,0.2,0.9533333333333334,0.2126973896229455,3.586851434096036,3.0,14.0,286.0,12.0,,,,,,,,,,30.0,1.0,4.4,16.286666666666665,22.0,349.0,24.0,168.0,0.8
K,low,0.2,NORMA_q_age_set_co,,691,33,0.0392390011890606,0.0694645441389291,0.2121212121212121,0.9376899696048632,0.122064981184078,3.110807550782109,7.0,41.0,617.0,26.0,,,,,,,,,,40.0,0.0,7.0,50.346504559270514,33.0,808.0,24.0,168.0,0.8
K,low,0.2,NORMA_q_age_set_co,,524,25,0.0809352517985611,0.0954198473282442,0.2,0.9098196392785572,0.1633922724296005,2.018802299352397,5.0,45.0,454.0,20.0,,,,,,,,,,40.0,1.0,9.0,46.08216432865731,45.0,511.0,24.0,168.0,0.8
K,low,0.2,NORMA_q_age_set_co,,1446,69,0.037176724137931,0.0802213001383125,0.2028985507246377,0.925925925925926,0.0956477732793522,2.5727864812533,14.0,102.0,1275.0,55.0,,,,,,,,,,50.0,0.0,14.0,132.37037037037038,69.0,1787.0,24.0,168.0,0.8
K,low,0.2,NORMA_q_age_set_co,,943,45,0.0537745604963805,0.1304347826086956,0.2,0.8730512249443207,0.0821756774354769,1.5281515400020411,9.0,114.0,784.0,36.0,,,,,,,,,,50.0,1.0,10.4,116.15812917594654,52.0,915.0,24.0,168.0,0.8
K,low,0.2,NORMA_q_age_set_co,,2704,129,0.0472027972027972,0.0839497041420118,0.2015503875968992,0.9219417475728156,0.1134108227295955,2.40262928153069,26.0,201.0,2374.0,103.0,,,,,,,,,,60.0,0.0,27.209302325581397,212.70873786407768,135.0,2725.0,24.0,168.0,0.8
K,low,0.2,NORMA_q_age_set_co,,1447,69,0.0525252525252525,0.0808569454042847,0.2028985507246377,0.9252539912917273,0.1308008944462191,2.490247798110711,14.0,103.0,1275.0,55.0,,,,,,,,,,60.0,1.0,15.826086956521738,105.16763425253993,78.0,1407.0,24.0,168.0,0.8
K,low,0.2,NORMA_q_age_set_co,,2411,115,0.0445391169635941,0.0829531314807134,0.2,0.9229094076655052,0.1078887851479262,2.4223377674082216,23.0,177.0,2119.0,92.0,,,,,,,,,,70.0,0.0,23.0,190.1824912891986,115.0,2467.0,24.0,168.0,0.8
K,low,0.2,NORMA_q_age_set_co,,1572,75,0.0563467492260061,0.0413486005089058,0.2,0.9665998663994656,0.2633795219507102,4.674262944509858,15.0,50.0,1447.0,60.0,,,,,,,,,,70.0,1.0,18.2,50.901803607214426,91.0,1524.0,24.0,168.0,0.8
K,low,0.2,NORMA_q_age_set_co,,629,30,0.0442359249329758,0.0492845786963434,0.2,0.9582637729549248,0.1815284869411894,4.103643977519009,6.0,25.0,574.0,24.0,,,,,,,,,,80.0,0.0,6.6,29.75792988313857,33.0,713.0,24.0,168.0,0.8
K,low,0.2,NORMA_q_age_set_co,,482,23,0.0447470817120622,0.0788381742738589,0.217391304347826,0.9281045751633988,0.1240674667531625,2.772638170048936,5.0,33.0,426.0,18.0,,,,,,,,,,80.0,1.0,5.0,35.30065359477124,23.0,491.0,24.0,168.0,0.8
NA,low,0.2,PopRI,,307,19,0.0625,0.0749185667752443,0.2105263157894736,0.9340277777777778,0.1754225673823663,2.806761078117862,4.0,19.0,269.0,15.0,,,,,,,,,,20.0,0.0,5.052631578947368,23.75,24.0,360.0,24.0,168.0,0.8
NA,low,0.2,PopRI,,226,14,0.0519031141868512,0.0663716814159292,0.2142857142857142,0.9433962264150944,0.1716691859209674,3.307492982077305,3.0,12.0,200.0,11.0,,,,,,,,,,20.0,1.0,3.2142857142857144,15.50943396226415,15.0,274.0,24.0,168.0,0.8
NA,low,0.2,PopRI,,258,16,0.0361990950226244,0.0968992248062015,0.1875,0.9090909090909092,0.0718954248366013,1.9861111111111107,3.0,22.0,220.0,13.0,,,,,,,,,,30.0,0.0,3.0,38.72727272727273,16.0,426.0,24.0,168.0,0.8
NA,low,0.2,PopRI,,371,23,0.061503416856492,0.1320754716981132,0.217391304347826,0.8735632183908046,0.1012665867685224,1.6465196885696798,5.0,44.0,304.0,18.0,,,,,,,,,,30.0,1.0,5.869565217391305,52.0919540229885,27.0,412.0,24.0,168.0,0.8
NA,low,0.2,PopRI,,485,30,0.0451807228915662,0.0371134020618556,0.2,0.9736263736263736,0.2640742890307603,5.8448442638808284,6.0,12.0,443.0,24.0,,,,,,,,,,40.0,0.0,6.0,16.720879120879122,30.0,634.0,24.0,168.0,0.8
NA,low,0.2,PopRI,,469,29,0.041018387553041,0.0554371002132196,0.2068965517241379,0.9545454545454546,0.1629629629629629,3.972924648786718,6.0,20.0,420.0,23.0,,,,,,,,,,40.0,1.0,6.0,30.818181818181817,29.0,678.0,24.0,168.0,0.8
NA,low,0.2,PopRI,,1114,69,0.0502915451895043,0.1122082585278276,0.2028985507246377,0.8937799043062201,0.0918606330409448,1.8265621526402367,14.0,111.0,934.0,55.0,,,,,,,,,,50.0,0.0,14.0,138.40478468899522,69.0,1303.0,24.0,168.0,0.8
NA,low,0.2,PopRI,,1002,62,0.0423208191126279,0.0508982035928143,0.1935483870967742,0.9585106382978724,0.1709168598572662,4.038599995014436,12.0,39.0,901.0,50.0,,,,,,,,,,50.0,1.0,12.0,58.20957446808511,62.0,1403.0,24.0,168.0,0.8
NA,low,0.2,PopRI,,1906,118,0.0701392470345538,0.0876180482686253,0.2033898305084746,0.9200223713646531,0.1609502343831831,2.2947242975661184,24.0,143.0,1645.0,94.0,,,,,,,,,,60.0,0.0,27.661016949152543,144.1996644295302,136.0,1803.0,24.0,168.0,0.8
NA,low,0.2,PopRI,,1696,105,0.0525262631315657,0.111438679245283,0.2,0.8944060339409177,0.095024786477931,1.8090909349465163,21.0,168.0,1423.0,84.0,,,,,,,,,,60.0,1.0,21.0,199.99497171590195,105.0,1894.0,24.0,168.0,0.8
NA,low,0.2,PopRI,,1470,91,0.1016077170418006,0.0959183673469387,0.1978021978021978,0.9108049311094996,0.2005203160549606,1.9734752624396443,18.0,123.0,1256.0,73.0,,,,,,,,,,70.0,0.0,31.25274725274725,124.605511240029,158.0,1397.0,24.0,168.0,0.8
NA,low,0.2,PopRI,,1729,107,0.0625352112676056,0.108155002891845,0.1962616822429906,0.8976572133168927,0.1134144947708016,1.8136101641276845,21.0,166.0,1456.0,86.0,,,,,,,,,,70.0,1.0,21.785046728971963,170.2983970406905,111.0,1664.0,24.0,168.0,0.8
NA,low,0.2,PopRI,,420,26,0.0842572062084257,0.0880952380952381,0.1923076923076923,0.9187817258883249,0.178887200221757,2.1231086131582213,5.0,32.0,362.0,21.0,,,,,,,,,,80.0,0.0,7.3076923076923075,33.54314720812183,38.0,413.0,24.0,168.0,0.8
NA,low,0.2,PopRI,,468,29,0.0883534136546184,0.0534188034188034,0.2068965517241379,0.9567198177676538,0.3166124846332468,3.583477666985385,6.0,19.0,420.0,23.0,,,,,,,,,,80.0,1.0,9.10344827586207,19.649202733485197,44.0,454.0,24.0,168.0,0.8
NA,low,0.2,PerRI,,307,19,0.0625,0.1237785016286645,0.2105263157894736,0.8819444444444444,0.1062534587714443,1.70005534034311,4.0,34.0,254.0,15.0,,,,,,,,,,20.0,0.0,5.052631578947368,42.5,24.0,360.0,24.0,168.0,0.8
NA,low,0.2,PerRI,,226,14,0.0519031141868512,0.163716814159292,0.2142857142857142,0.839622641509434,0.0681603840987682,1.313223400302935,3.0,34.0,178.0,11.0,,,,,,,,,,20.0,1.0,3.2142857142857144,43.943396226415096,15.0,274.0,24.0,168.0,0.8
NA,low,0.2,PerRI,,258,16,0.0361990950226244,0.1821705426356589,0.1875,0.8181818181818182,0.0372881355932203,1.0300847457627118,3.0,44.0,198.0,13.0,,,,,,,,,,30.0,0.0,3.0,77.45454545454545,16.0,426.0,24.0,168.0,0.8
NA,low,0.2,PerRI,,371,23,0.061503416856492,0.2183288409703504,0.217391304347826,0.7816091954022989,0.0612391743009244,0.9957036117816976,5.0,76.0,272.0,18.0,,,,,,,,,,30.0,1.0,5.869565217391305,89.97701149425288,27.0,412.0,24.0,168.0,0.8
NA,low,0.2,PerRI,,485,30,0.0451807228915662,0.0865979381443299,0.2,0.9208791208791208,0.1068325898098145,2.3645613211238947,6.0,36.0,419.0,24.0,,,,,,,,,,40.0,0.0,6.0,50.16263736263736,30.0,634.0,24.0,168.0,0.8
NA,low,0.2,PerRI,,469,29,0.041018387553041,0.1492537313432835,0.2068965517241379,0.8545454545454545,0.0573514077163712,1.3981877674301535,6.0,64.0,376.0,23.0,,,,,,,,,,40.0,1.0,6.0,98.61818181818182,29.0,678.0,24.0,168.0,0.8
NA,low,0.2,PerRI,,1114,69,0.0502915451895043,0.1956912028725314,0.2028985507246377,0.8047846889952153,0.0521676496387844,1.0373045696291645,14.0,204.0,841.0,55.0,,,,,,,,,,50.0,0.0,14.0,254.36555023923444,69.0,1303.0,24.0,168.0,0.8
NA,low,0.2,PerRI,,1002,62,0.0423208191126279,0.1756487025948103,0.1935483870967742,0.825531914893617,0.0467328439089869,1.1042518762365467,12.0,164.0,776.0,50.0,,,,,,,,,,50.0,1.0,12.0,244.7787234042553,62.0,1403.0,24.0,168.0,0.8
NA,low,0.2,PerRI,,1906,118,0.0701392470345538,0.1348373557187828,0.2033898305084746,0.8696868008948546,0.1053288717163101,1.5017108989553332,24.0,233.0,1555.0,94.0,,,,,,,,,,60.0,0.0,27.661016949152543,234.9546979865772,136.0,1803.0,24.0,168.0,0.8
NA,low,0.2,PerRI,,1696,105,0.0525262631315657,0.1420990566037736,0.2,0.8617221873035826,0.0742316553763572,1.413229324736553,21.0,220.0,1371.0,84.0,,,,,,,,,,60.0,1.0,21.0,261.8981772470145,105.0,1894.0,24.0,168.0,0.8
NA,low,0.2,PerRI,,1470,91,0.1016077170418006,0.1523809523809524,0.1978021978021978,0.8506163886874547,0.1302514463781148,1.281905057708662,18.0,206.0,1173.0,73.0,,,,,,,,,,70.0,0.0,31.25274725274725,208.68890500362585,158.0,1397.0,24.0,168.0,0.8
NA,low,0.2,PerRI,,1729,107,0.0625352112676056,0.1197223828802776,0.1962616822429906,0.8853267570900123,0.1024690083232582,1.6385809889530027,21.0,186.0,1436.0,86.0,,,,,,,,,,70.0,1.0,21.785046728971963,190.81627620221948,111.0,1664.0,24.0,168.0,0.8
NA,low,0.2,PerRI,,420,26,0.0842572062084257,0.1928571428571428,0.1923076923076923,0.8071065989847716,0.0840228610423952,0.997218692897902,5.0,76.0,318.0,21.0,,,,,,,,,,80.0,0.0,7.3076923076923075,79.66497461928934,38.0,413.0,24.0,168.0,0.8
NA,low,0.2,PerRI,,468,29,0.0883534136546184,0.1196581196581196,0.2068965517241379,0.8861047835990888,0.1496985259546678,1.6943151346687402,6.0,50.0,389.0,23.0,,,,,,,,,,80.0,1.0,9.10344827586207,51.70842824601367,44.0,454.0,24.0,168.0,0.8
NA,low,0.2,Cohen_m2,,307,19,0.0625,0.1433224755700325,0.2105263157894736,0.8611111111111112,0.0917782026768642,1.4684512428298278,4.0,40.0,248.0,15.0,,,,,,,,,,20.0,0.0,5.052631578947368,50.0,24.0,360.0,24.0,168.0,0.8
NA,low,0.2,Cohen_m2,,226,14,0.0519031141868512,0.1283185840707964,0.2142857142857142,0.8773584905660378,0.0873018778139756,1.6820161792159305,3.0,26.0,186.0,11.0,,,,,,,,,,20.0,1.0,3.2142857142857144,33.60377358490566,15.0,274.0,24.0,168.0,0.8
NA,low,0.2,Cohen_m2,,258,16,0.0361990950226244,0.1162790697674418,0.1875,0.8884297520661157,0.0593719332679097,1.640149656526006,3.0,27.0,215.0,13.0,,,,,,,,,,30.0,0.0,3.0,47.52892561983471,16.0,426.0,24.0,168.0,0.8
NA,low,0.2,Cohen_m2,,371,23,0.061503416856492,0.1940700808625337,0.217391304347826,0.8074712643678161,0.0688985616068705,1.1202395757561536,5.0,67.0,281.0,18.0,,,,,,,,,,30.0,1.0,5.869565217391305,79.32183908045977,27.0,412.0,24.0,168.0,0.8
NA,low,0.2,Cohen_m2,,485,30,0.0451807228915662,0.1072164948453608,0.2,0.8989010989010989,0.0855960368721389,1.8945256161033424,6.0,46.0,409.0,24.0,,,,,,,,,,40.0,0.0,6.0,64.0967032967033,30.0,634.0,24.0,168.0,0.8
NA,low,0.2,Cohen_m2,,469,29,0.041018387553041,0.0618336886993603,0.2068965517241379,0.9477272727272728,0.1447844685751892,3.529745492505475,6.0,23.0,417.0,23.0,,,,,,,,,,40.0,1.0,6.0,35.44090909090909,29.0,678.0,24.0,168.0,0.8
NA,low,0.2,Cohen_m2,,1114,69,0.0502915451895043,0.1400359066427289,0.2028985507246377,0.8641148325358852,0.0732760347798213,1.4570249234480408,14.0,142.0,903.0,55.0,,,,,,,,,,50.0,0.0,14.0,177.05837320574162,69.0,1303.0,24.0,168.0,0.8
NA,low,0.2,Cohen_m2,,1002,62,0.0423208191126279,0.1187624750499002,0.1935483870967742,0.8861702127659574,0.0698880428250134,1.6513868183652376,12.0,107.0,833.0,50.0,,,,,,,,,,50.0,1.0,12.0,159.7031914893617,62.0,1403.0,24.0,168.0,0.8
NA,low,0.2,Cohen_m2,,1906,118,0.0701392470345538,0.1421825813221406,0.2033898305084746,0.8618568232662193,0.0999555546192623,1.425101620637866,24.0,247.0,1541.0,94.0,,,,,,,,,,60.0,0.0,27.661016949152543,249.0721476510067,136.0,1803.0,24.0,168.0,0.8
NA,low,0.2,Cohen_m2,,1696,105,0.0525262631315657,0.1073113207547169,0.2,0.8988057825267127,0.0987483190234819,1.8799799021708608,21.0,161.0,1430.0,84.0,,,,,,,,,,60.0,1.0,21.0,191.66184789440604,105.0,1894.0,24.0,168.0,0.8
NA,low,0.2,Cohen_m2,,1470,91,0.1016077170418006,0.1306122448979592,0.1978021978021978,0.873821609862219,0.1505982610995618,1.482153772214042,18.0,174.0,1205.0,73.0,,,,,,,,,,70.0,0.0,31.25274725274725,176.27121102248006,158.0,1397.0,24.0,168.0,0.8
NA,low,0.2,Cohen_m2,,1729,107,0.0625352112676056,0.1515326778484673,0.1962616822429906,0.8514180024660912,0.0809776303291144,1.2949125570646676,21.0,241.0,1381.0,86.0,,,,,,,,,,70.0,1.0,21.785046728971963,247.24044389642413,111.0,1664.0,24.0,168.0,0.8
NA,low,0.2,Cohen_m2,,420,26,0.0842572062084257,0.1214285714285714,0.1923076923076923,0.883248730964467,0.1316085568416759,1.5619857667262065,5.0,46.0,348.0,21.0,,,,,,,,,,80.0,0.0,7.3076923076923075,48.21827411167513,38.0,413.0,24.0,168.0,0.8
NA,low,0.2,Cohen_m2,,468,29,0.0883534136546184,0.126068376068376,0.2068965517241379,0.8792710706150342,0.1424319215823147,1.612070385181653,6.0,53.0,386.0,23.0,,,,,,,,,,80.0,1.0,9.10344827586207,54.81093394077449,44.0,454.0,24.0,168.0,0.8
NA,low,0.2,Cohen_m3,,307,19,0.0625,0.0456026058631921,0.2105263157894736,0.9652777777777778,0.2878560719640179,4.605697151424288,4.0,10.0,278.0,15.0,,,,,,,,,,20.0,0.0,5.052631578947368,12.5,24.0,360.0,24.0,168.0,0.8
NA,low,0.2,Cohen_m3,,226,14,0.0519031141868512,0.0884955752212389,0.2142857142857142,0.9198113207547168,0.1276220034246575,2.458850599315068,3.0,17.0,195.0,11.0,,,,,,,,,,20.0,1.0,3.2142857142857144,21.971698113207548,15.0,274.0,24.0,168.0,0.8
NA,low,0.2,Cohen_m3,,258,16,0.0361990950226244,0.0968992248062015,0.1875,0.9090909090909092,0.0718954248366013,1.9861111111111107,3.0,22.0,220.0,13.0,,,,,,,,,,30.0,0.0,3.0,38.72727272727273,16.0,426.0,24.0,168.0,0.8
NA,low,0.2,Cohen_m3,,371,23,0.061503416856492,0.1940700808625337,0.217391304347826,0.8074712643678161,0.0688985616068705,1.1202395757561536,5.0,67.0,281.0,18.0,,,,,,,,,,30.0,1.0,5.869565217391305,79.32183908045977,27.0,412.0,24.0,168.0,0.8
NA,low,0.2,Cohen_m3,,485,30,0.0451807228915662,0.0309278350515463,0.2,0.9802197802197802,0.3236130867709815,7.162636320531059,6.0,9.0,446.0,24.0,,,,,,,,,,40.0,0.0,6.0,12.54065934065934,30.0,634.0,24.0,168.0,0.8
NA,low,0.2,Cohen_m3,,469,29,0.041018387553041,0.0980810234541577,0.2068965517241379,0.9090909090909092,0.0887096774193548,2.162680756395996,6.0,40.0,400.0,23.0,,,,,,,,,,40.0,1.0,6.0,61.63636363636363,29.0,678.0,24.0,168.0,0.8
NA,low,0.2,Cohen_m3,,1114,69,0.0502915451895043,0.118491921005386,0.2028985507246377,0.8870813397129187,0.0868847396427214,1.7276211998523736,14.0,118.0,927.0,55.0,,,,,,,,,,50.0,0.0,14.0,147.13301435406697,69.0,1303.0,24.0,168.0,0.8
NA,low,0.2,Cohen_m3,,1002,62,0.0423208191126279,0.0658682634730539,0.1935483870967742,0.9425531914893616,0.129592610463914,3.0621479730586127,12.0,54.0,886.0,50.0,,,,,,,,,,50.0,1.0,12.0,80.59787234042552,62.0,1403.0,24.0,168.0,0.8
NA,low,0.2,Cohen_m3,,1906,118,0.0701392470345538,0.1012591815320042,0.2033898305084746,0.9054809843400448,0.1396465277665115,1.990989833376955,24.0,169.0,1619.0,94.0,,,,,,,,,,60.0,0.0,27.661016949152543,170.41778523489933,136.0,1803.0,24.0,168.0,0.8
NA,low,0.2,Cohen_m3,,1696,105,0.0525262631315657,0.097877358490566,0.2,0.9088623507228158,0.108462834492811,2.0649257728678974,21.0,145.0,1446.0,84.0,,,,,,,,,,60.0,1.0,21.0,172.6147077309868,105.0,1894.0,24.0,168.0,0.8
NA,low,0.2,Cohen_m3,,1470,91,0.1016077170418006,0.1,0.1978021978021978,0.9064539521392312,0.1929937510269418,1.8994005243474332,18.0,129.0,1250.0,73.0,,,,,,,,,,70.0,0.0,31.25274725274725,130.68382886149382,158.0,1397.0,24.0,168.0,0.8
NA,low,0.2,Cohen_m3,,1729,107,0.0625352112676056,0.1208791208791208,0.1962616822429906,0.8840937114673243,0.1014895458210475,1.6229184129041392,21.0,188.0,1434.0,86.0,,,,,,,,,,70.0,1.0,21.785046728971963,192.8680641183724,111.0,1664.0,24.0,168.0,0.8
NA,low,0.2,Cohen_m3,,420,26,0.0842572062084257,0.1309523809523809,0.1923076923076923,0.8730964467005076,0.1223682489865306,1.4523179024454034,5.0,50.0,344.0,21.0,,,,,,,,,,80.0,0.0,7.3076923076923075,52.41116751269036,38.0,413.0,24.0,168.0,0.8
NA,low,0.2,Cohen_m3,,468,29,0.0883534136546184,0.0982905982905982,0.2068965517241379,0.908883826879271,0.1803727728874335,2.0414918385895886,6.0,40.0,399.0,23.0,,,,,,,,,,80.0,1.0,9.10344827586207,41.36674259681094,44.0,454.0,24.0,168.0,0.8
NA,low,0.2,Cohen_m4,,307,19,0.0625,0.0521172638436482,0.2105263157894736,0.9583333333333334,0.2519685039370078,4.031496062992125,4.0,12.0,276.0,15.0,,,,,,,,,,20.0,0.0,5.052631578947368,15.0,24.0,360.0,24.0,168.0,0.8
NA,low,0.2,Cohen_m4,,226,14,0.0519031141868512,0.1327433628318584,0.2142857142857142,0.8726415094339622,0.0843411839592616,1.6249734776151072,3.0,27.0,185.0,11.0,,,,,,,,,,20.0,1.0,3.2142857142857144,34.89622641509434,15.0,274.0,24.0,168.0,0.8
NA,low,0.2,Cohen_m4,,258,16,0.0361990950226244,0.0930232558139534,0.1875,0.9132231404958676,0.0750620347394541,2.073588709677419,3.0,21.0,221.0,13.0,,,,,,,,,,30.0,0.0,3.0,36.96694214876033,16.0,426.0,24.0,168.0,0.8
NA,low,0.2,Cohen_m4,,371,23,0.061503416856492,0.1913746630727762,0.217391304347826,0.8103448275862069,0.069869541163243,1.136026984098656,5.0,66.0,282.0,18.0,,,,,,,,,,30.0,1.0,5.869565217391305,78.13793103448276,27.0,412.0,24.0,168.0,0.8
NA,low,0.2,Cohen_m4,,485,30,0.0451807228915662,0.0618556701030927,0.2,0.9472527472527472,0.1521230357739886,3.366989858464281,6.0,24.0,431.0,24.0,,,,,,,,,,40.0,0.0,6.0,33.441758241758244,30.0,634.0,24.0,168.0,0.8
NA,low,0.2,Cohen_m4,,469,29,0.041018387553041,0.1236673773987206,0.2068965517241379,0.8818181818181818,0.0696643445218492,1.698368675067153,6.0,52.0,388.0,23.0,,,,,,,,,,40.0,1.0,6.0,80.12727272727273,29.0,678.0,24.0,168.0,0.8
NA,low,0.2,Cohen_m4,,1114,69,0.0502915451895043,0.1418312387791741,0.2028985507246377,0.8622009569377991,0.0723319259178689,1.4382522081060312,14.0,144.0,901.0,55.0,,,,,,,,,,50.0,0.0,14.0,179.55215311004784,69.0,1303.0,24.0,168.0,0.8
NA,low,0.2,Cohen_m4,,1002,62,0.0423208191126279,0.0568862275449101,0.1935483870967742,0.952127659574468,0.1515823422697036,3.5817440552438047,12.0,45.0,895.0,50.0,,,,,,,,,,50.0,1.0,12.0,67.16489361702128,62.0,1403.0,24.0,168.0,0.8
NA,low,0.2,Cohen_m4,,1906,118,0.0701392470345538,0.1295907660020986,0.2033898305084746,0.8752796420581656,0.1095347774202088,1.561675981013125,24.0,223.0,1565.0,94.0,,,,,,,,,,60.0,0.0,27.661016949152543,224.8708053691275,136.0,1803.0,24.0,168.0,0.8
NA,low,0.2,Cohen_m4,,1696,105,0.0525262631315657,0.080188679245283,0.2,0.9277184160905092,0.1329944550813825,2.53196110197794,21.0,115.0,1476.0,84.0,,,,,,,,,,60.0,1.0,21.0,136.90131992457574,105.0,1894.0,24.0,168.0,0.8
NA,low,0.2,Cohen_m4,,1470,91,0.1016077170418006,0.0836734693877551,0.1978021978021978,0.9238578680203046,0.22708906104274,2.2349587969712705,18.0,105.0,1274.0,73.0,,,,,,,,,,70.0,0.0,31.25274725274725,106.37055837563452,158.0,1397.0,24.0,168.0,0.8
NA,low,0.2,Cohen_m4,,1729,107,0.0625352112676056,0.1116252168883747,0.1962616822429906,0.8939580764488286,0.1098929468034687,1.7572971223077205,21.0,172.0,1450.0,86.0,,,,,,,,,,70.0,1.0,21.785046728971963,176.4537607891492,111.0,1664.0,24.0,168.0,0.8
NA,low,0.2,Cohen_m4,,420,26,0.0842572062084257,0.1357142857142857,0.1923076923076923,0.868020304568528,0.1182181682658598,1.403062997050073,5.0,52.0,342.0,21.0,,,,,,,,,,80.0,0.0,7.3076923076923075,54.50761421319797,38.0,413.0,24.0,168.0,0.8
NA,low,0.2,Cohen_m4,,468,29,0.0883534136546184,0.0683760683760683,0.2068965517241379,0.940774487471526,0.2529309577226262,2.862718566951542,6.0,26.0,413.0,23.0,,,,,,,,,,80.0,1.0,9.10344827586207,26.888382687927106,44.0,454.0,24.0,168.0,0.8
NA,low,0.2,Gaussian_mle,,307,19,0.0625,0.0586319218241042,0.2105263157894736,0.9513888888888888,0.2240373395565927,3.584597432905484,4.0,14.0,274.0,15.0,,,,,,,,,,20.0,0.0,5.052631578947368,17.5,24.0,360.0,24.0,168.0,0.8
NA,low,0.2,Gaussian_mle,,226,14,0.0519031141868512,0.0486725663716814,0.2142857142857142,0.9622641509433962,0.2371482549468032,4.569056378641743,3.0,8.0,204.0,11.0,,,,,,,,,,20.0,1.0,3.2142857142857144,10.339622641509434,15.0,274.0,24.0,168.0,0.8
NA,low,0.2,Gaussian_mle,,258,16,0.0361990950226244,0.127906976744186,0.1875,0.8760330578512396,0.0537538871612616,1.4849511328298532,3.0,30.0,212.0,13.0,,,,,,,,,,30.0,0.0,3.0,52.8099173553719,16.0,426.0,24.0,168.0,0.8
NA,low,0.2,Gaussian_mle,,371,23,0.061503416856492,0.2048517520215633,0.217391304347826,0.7959770114942529,0.065270306317521,1.0612468323478417,5.0,71.0,277.0,18.0,,,,,,,,,,30.0,1.0,5.869565217391305,84.05747126436782,27.0,412.0,24.0,168.0,0.8
NA,low,0.2,Gaussian_mle,,485,30,0.0451807228915662,0.0762886597938144,0.2,0.931868131868132,0.1219621157969978,2.6994281629735526,6.0,31.0,424.0,24.0,,,,,,,,,,40.0,0.0,6.0,43.1956043956044,30.0,634.0,24.0,168.0,0.8
NA,low,0.2,Gaussian_mle,,469,29,0.041018387553041,0.0831556503198294,0.2068965517241379,0.925,0.1055408970976253,2.573014284414521,6.0,33.0,407.0,23.0,,,,,,,,,,40.0,1.0,6.0,50.85,29.0,678.0,24.0,168.0,0.8
NA,low,0.2,Gaussian_mle,,1114,69,0.0502915451895043,0.1597845601436265,0.2028985507246377,0.8430622009569378,0.0640761731239214,1.2740943409568155,14.0,164.0,881.0,55.0,,,,,,,,,,50.0,0.0,14.0,204.48995215311004,69.0,1303.0,24.0,168.0,0.8
NA,low,0.2,Gaussian_mle,,1002,62,0.0423208191126279,0.1367265469061876,0.1935483870967742,0.8670212765957447,0.0604323484503495,1.4279579109639051,12.0,125.0,815.0,50.0,,,,,,,,,,50.0,1.0,12.0,186.56914893617025,62.0,1403.0,24.0,168.0,0.8
NA,low,0.2,Gaussian_mle,,1906,118,0.0701392470345538,0.123819517313746,0.2033898305084746,0.8814317673378076,0.1145670543393506,1.6334229291470652,24.0,212.0,1576.0,94.0,,,,,,,,,,60.0,0.0,27.661016949152543,213.7785234899329,136.0,1803.0,24.0,168.0,0.8
NA,low,0.2,Gaussian_mle,,1696,105,0.0525262631315657,0.1515330188679245,0.2,0.8516656191074796,0.0695490169547976,1.3240808085013376,21.0,236.0,1355.0,84.0,,,,,,,,,,60.0,1.0,21.0,280.9453174104337,105.0,1894.0,24.0,168.0,0.8
NA,low,0.2,Gaussian_mle,,1470,91,0.1016077170418006,0.1680272108843537,0.1978021978021978,0.8339376359680928,0.1187225545687696,1.1684403313571952,18.0,229.0,1150.0,73.0,,,,,,,,,,70.0,0.0,31.25274725274725,231.98912255257432,158.0,1397.0,24.0,168.0,0.8
NA,low,0.2,Gaussian_mle,,1729,107,0.0625352112676056,0.1231925968768074,0.1962616822429906,0.8816276202219482,0.0995857409418265,1.5924746862319117,21.0,192.0,1430.0,86.0,,,,,,,,,,70.0,1.0,21.785046728971963,196.97163995067817,111.0,1664.0,24.0,168.0,0.8
NA,low,0.2,Gaussian_mle,,420,26,0.0842572062084257,0.1642857142857142,0.1923076923076923,0.8375634517766497,0.0982296100733244,1.165830372186035,5.0,64.0,330.0,21.0,,,,,,,,,,80.0,0.0,7.3076923076923075,67.08629441624366,38.0,413.0,24.0,168.0,0.8
NA,low,0.2,Gaussian_mle,,468,29,0.0883534136546184,0.0918803418803418,0.2068965517241379,0.9157175398633256,0.1921868936949247,2.1752062059107384,6.0,37.0,402.0,23.0,,,,,,,,,,80.0,1.0,9.10344827586207,38.26423690205012,44.0,454.0,24.0,168.0,0.8
NA,low,0.2,Gaussian_trunc,,307,19,0.0625,0.1074918566775244,0.2105263157894736,0.8993055555555556,0.1223319528512265,1.957311245619624,4.0,29.0,259.0,15.0,,,,,,,,,,20.0,0.0,5.052631578947368,36.25,24.0,360.0,24.0,168.0,0.8
NA,low,0.2,Gaussian_trunc,,226,14,0.0519031141868512,0.0929203539823008,0.2142857142857142,0.9150943396226416,0.1213925790196976,2.3388303557795083,3.0,18.0,194.0,11.0,,,,,,,,,,20.0,1.0,3.2142857142857144,23.264150943396228,15.0,274.0,24.0,168.0,0.8
NA,low,0.2,Gaussian_trunc,,258,16,0.0361990950226244,0.1201550387596899,0.1875,0.8842975206611571,0.0573731626363205,1.5849336178283546,3.0,28.0,214.0,13.0,,,,,,,,,,30.0,0.0,3.0,49.289256198347104,16.0,426.0,24.0,168.0,0.8
NA,low,0.2,Gaussian_trunc,,371,23,0.061503416856492,0.4123989218328841,0.217391304347826,0.5747126436781609,0.0324127862853484,0.5270078955284428,5.0,148.0,200.0,18.0,,,,,,,,,,30.0,1.0,5.869565217391305,175.2183908045977,27.0,412.0,24.0,168.0,0.8
NA,low,0.2,Gaussian_trunc,,485,30,0.0451807228915662,0.1134020618556701,0.2,0.8923076923076924,0.0807787903893951,1.7879038939519467,6.0,49.0,406.0,24.0,,,,,,,,,,40.0,0.0,6.0,68.27692307692308,30.0,634.0,24.0,168.0,0.8
NA,low,0.2,Gaussian_trunc,,469,29,0.041018387553041,0.1428571428571428,0.2068965517241379,0.8613636363636363,0.0600027273966998,1.462825112740234,6.0,61.0,379.0,23.0,,,,,,,,,,40.0,1.0,6.0,93.99545454545456,29.0,678.0,24.0,168.0,0.8
NA,low,0.2,Gaussian_trunc,,1114,69,0.0502915451895043,0.1956912028725314,0.2028985507246377,0.8047846889952153,0.0521676496387844,1.0373045696291645,14.0,204.0,841.0,55.0,,,,,,,,,,50.0,0.0,14.0,254.36555023923444,69.0,1303.0,24.0,168.0,0.8
NA,low,0.2,Gaussian_trunc,,1002,62,0.0423208191126279,0.1506986027944112,0.1935483870967742,0.8521276595744681,0.0546784490322205,1.2919988360032757,12.0,139.0,801.0,50.0,,,,,,,,,,50.0,1.0,12.0,207.4648936170213,62.0,1403.0,24.0,168.0,0.8
NA,low,0.2,Gaussian_trunc,,1906,118,0.0701392470345538,0.2135362014690451,0.2033898305084746,0.7857941834451901,0.0668343746772676,0.9528812683766325,24.0,383.0,1405.0,94.0,,,,,,,,,,60.0,0.0,27.661016949152543,386.21308724832215,136.0,1803.0,24.0,168.0,0.8
NA,low,0.2,Gaussian_trunc,,1696,105,0.0525262631315657,0.236438679245283,0.2,0.7611565053425519,0.0443628000971942,0.8445832132789648,21.0,380.0,1211.0,84.0,,,,,,,,,,60.0,1.0,21.0,452.3695788812068,105.0,1894.0,24.0,168.0,0.8
NA,low,0.2,Gaussian_trunc,,1470,91,0.1016077170418006,0.2632653061224489,0.1978021978021978,0.7324147933284989,0.0771540788718638,0.7593328648465085,18.0,369.0,1010.0,73.0,,,,,,,,,,70.0,0.0,31.25274725274725,373.816533720087,158.0,1397.0,24.0,168.0,0.8
NA,low,0.2,Gaussian_trunc,,1729,107,0.0625352112676056,0.1995373048004627,0.1962616822429906,0.8002466091245376,0.0615093268847551,0.98359509207604,21.0,324.0,1298.0,86.0,,,,,,,,,,70.0,1.0,21.785046728971963,332.38964241676945,111.0,1664.0,24.0,168.0,0.8
NA,low,0.2,Gaussian_trunc,,420,26,0.0842572062084257,0.2261904761904762,0.1923076923076923,0.7715736040609137,0.0718922864167178,0.8532479256299937,5.0,90.0,304.0,21.0,,,,,,,,,,80.0,0.0,7.3076923076923075,94.34010152284264,38.0,413.0,24.0,168.0,0.8
NA,low,0.2,Gaussian_trunc,,468,29,0.0883534136546184,0.1089743589743589,0.2068965517241379,0.89749430523918,0.1636103370291629,1.8517715418300709,6.0,45.0,394.0,23.0,,,,,,,,,,80.0,1.0,9.10344827586207,46.5375854214123,44.0,454.0,24.0,168.0,0.8
NA,low,0.2,Gaussian_eb,,307,19,0.0625,0.0684039087947882,0.2105263157894736,0.9409722222222222,0.1920960480240119,3.073536768384192,4.0,17.0,271.0,15.0,,,,,,,,,,20.0,0.0,5.052631578947368,21.25,24.0,360.0,24.0,168.0,0.8
NA,low,0.2,Gaussian_eb,,226,14,0.0519031141868512,0.0309734513274336,0.2142857142857142,0.981132075471698,0.3833788779938916,7.386433049348979,3.0,4.0,208.0,11.0,,,,,,,,,,20.0,1.0,3.2142857142857144,5.169811320754717,15.0,274.0,24.0,168.0,0.8
NA,low,0.2,Gaussian_eb,,258,16,0.0361990950226244,0.1356589147286821,0.1875,0.8677685950413223,0.0505641454241537,1.3968345173422485,3.0,32.0,210.0,13.0,,,,,,,,,,30.0,0.0,3.0,56.33057851239669,16.0,426.0,24.0,168.0,0.8
NA,low,0.2,Gaussian_eb,,371,23,0.061503416856492,0.1563342318059299,0.217391304347826,0.8477011494252874,0.0855413613785669,1.3908391720441071,5.0,53.0,295.0,18.0,,,,,,,,,,30.0,1.0,5.869565217391305,62.747126436781606,27.0,412.0,24.0,168.0,0.8
NA,low,0.2,Gaussian_eb,,485,30,0.0451807228915662,0.068041237113402,0.2,0.9406593406593406,0.1375453446191052,3.0443369609028617,6.0,27.0,428.0,24.0,,,,,,,,,,40.0,0.0,6.0,37.62197802197802,30.0,634.0,24.0,168.0,0.8
NA,low,0.2,Gaussian_eb,,469,29,0.041018387553041,0.0746268656716417,0.2068965517241379,0.9340909090909092,0.1183750336292709,2.8859016819273977,6.0,29.0,411.0,23.0,,,,,,,,,,40.0,1.0,6.0,44.68636363636364,29.0,678.0,24.0,168.0,0.8
NA,low,0.2,Gaussian_eb,,1114,69,0.0502915451895043,0.1777378815080789,0.2028985507246377,0.8239234449760765,0.0575119308756122,1.143570567555653,14.0,184.0,861.0,55.0,,,,,,,,,,50.0,0.0,14.0,229.42775119617224,69.0,1303.0,24.0,168.0,0.8
NA,low,0.2,Gaussian_eb,,1002,62,0.0423208191126279,0.1317365269461078,0.1935483870967742,0.8723404255319149,0.0627922511690046,1.483720128428901,12.0,120.0,820.0,50.0,,,,,,,,,,50.0,1.0,12.0,179.10638297872342,62.0,1403.0,24.0,168.0,0.8
NA,low,0.2,Gaussian_eb,,1906,118,0.0701392470345538,0.1169989506820566,0.2033898305084746,0.8887024608501118,0.1211446537700213,1.7272020857358186,24.0,199.0,1589.0,94.0,,,,,,,,,,60.0,0.0,27.661016949152543,200.66946308724832,136.0,1803.0,24.0,168.0,0.8
NA,low,0.2,Gaussian_eb,,1696,105,0.0525262631315657,0.1362028301886792,0.2,0.8680075424261471,0.0774925722078807,1.4753109699386064,21.0,210.0,1381.0,84.0,,,,,,,,,,60.0,1.0,21.0,249.99371464487743,105.0,1894.0,24.0,168.0,0.8
NA,low,0.2,Gaussian_eb,,1470,91,0.1016077170418006,0.1571428571428571,0.1978021978021978,0.845540246555475,0.1265124269486183,1.2451064804120346,18.0,213.0,1166.0,73.0,,,,,,,,,,70.0,0.0,31.25274725274725,215.78027556200144,158.0,1397.0,24.0,168.0,0.8
NA,low,0.2,Gaussian_eb,,1729,107,0.0625352112676056,0.13475997686524,0.1962616822429906,0.8692971639950678,0.0910462282206459,1.4559194152400583,21.0,212.0,1410.0,86.0,,,,,,,,,,70.0,1.0,21.785046728971963,217.48951911220715,111.0,1664.0,24.0,168.0,0.8
NA,low,0.2,Gaussian_eb,,420,26,0.0842572062084257,0.1166666666666666,0.1923076923076923,0.8883248730964467,0.1367725621743293,1.6232743563321712,5.0,44.0,350.0,21.0,,,,,,,,,,80.0,0.0,7.3076923076923075,46.12182741116752,38.0,413.0,24.0,168.0,0.8
NA,low,0.2,Gaussian_eb,,468,29,0.0883534136546184,0.094017094017094,0.2068965517241379,0.9134396355353076,0.1880805707200862,2.1287300958773394,6.0,38.0,401.0,23.0,,,,,,,,,,80.0,1.0,9.10344827586207,39.29840546697039,44.0,454.0,24.0,168.0,0.8
NA,low,0.2,NORMA_q_age_set,,307,19,0.0625,0.1302931596091205,0.2105263157894736,0.875,0.1009463722397476,1.615141955835962,4.0,36.0,252.0,15.0,,,,,,,,,,20.0,0.0,5.052631578947368,45.0,24.0,360.0,24.0,168.0,0.8
NA,low,0.2,NORMA_q_age_set,,226,14,0.0519031141868512,0.0663716814159292,0.2142857142857142,0.9433962264150944,0.1716691859209674,3.307492982077305,3.0,12.0,200.0,11.0,,,,,,,,,,20.0,1.0,3.2142857142857144,15.50943396226415,15.0,274.0,24.0,168.0,0.8
NA,low,0.2,NORMA_q_age_set,,258,16,0.0361990950226244,0.2131782945736434,0.1875,0.7851239669421488,0.031733543141883,0.8766391292945186,3.0,52.0,190.0,13.0,,,,,,,,,,30.0,0.0,3.0,91.53719008264464,16.0,426.0,24.0,168.0,0.8
NA,low,0.2,NORMA_q_age_set,,371,23,0.061503416856492,0.1644204851752021,0.217391304347826,0.8390804597701149,0.0813314959593931,1.3223898787471695,5.0,56.0,292.0,18.0,,,,,,,,,,30.0,1.0,5.869565217391305,66.29885057471265,27.0,412.0,24.0,168.0,0.8
NA,low,0.2,NORMA_q_age_set,,485,30,0.0451807228915662,0.0865979381443299,0.2,0.9208791208791208,0.1068325898098145,2.3645613211238947,6.0,36.0,419.0,24.0,,,,,,,,,,40.0,0.0,6.0,50.16263736263736,30.0,634.0,24.0,168.0,0.8
NA,low,0.2,NORMA_q_age_set,,469,29,0.041018387553041,0.0767590618336887,0.2068965517241379,0.9318181818181818,0.1148825065274151,2.800756279823535,6.0,30.0,410.0,23.0,,,,,,,,,,40.0,1.0,6.0,46.22727272727273,29.0,678.0,24.0,168.0,0.8
NA,low,0.2,NORMA_q_age_set,,1114,69,0.0502915451895043,0.13016157989228,0.2028985507246377,0.8746411483253589,0.0789432504330277,1.5697121680306387,14.0,131.0,914.0,55.0,,,,,,,,,,50.0,0.0,14.0,163.34258373205742,69.0,1303.0,24.0,168.0,0.8
NA,low,0.2,NORMA_q_age_set,,1002,62,0.0423208191126279,0.1157684630738523,0.1935483870967742,0.8893617021276595,0.0717593770675352,1.6956046355474053,12.0,104.0,836.0,50.0,,,,,,,,,,50.0,1.0,12.0,155.22553191489362,62.0,1403.0,24.0,168.0,0.8
NA,low,0.2,NORMA_q_age_set,,1906,118,0.0701392470345538,0.0981112277019937,0.2033898305084746,0.9088366890380312,0.1440464397646556,2.053720931644613,24.0,163.0,1625.0,94.0,,,,,,,,,,60.0,0.0,27.661016949152543,164.36744966442953,136.0,1803.0,24.0,168.0,0.8
NA,low,0.2,NORMA_q_age_set,,1696,105,0.0525262631315657,0.1037735849056603,0.2,0.9025769956002514,0.1021802490052938,1.9453173120150715,21.0,155.0,1436.0,84.0,,,,,,,,,,60.0,1.0,21.0,184.5191703331238,105.0,1894.0,24.0,168.0,0.8
NA,low,0.2,NORMA_q_age_set,,1470,91,0.1016077170418006,0.1034013605442176,0.1978021978021978,0.9028281363306744,0.1871401363198191,1.8417905821349287,18.0,134.0,1245.0,73.0,,,,,,,,,,70.0,0.0,31.25274725274725,135.74909354604787,158.0,1397.0,24.0,168.0,0.8
NA,low,0.2,NORMA_q_age_set,,1729,107,0.0625352112676056,0.097165991902834,0.1962616822429906,0.9093711467324292,0.126223203106049,2.018434103722856,21.0,147.0,1475.0,86.0,,,,,,,,,,70.0,1.0,21.785046728971963,150.806411837238,111.0,1664.0,24.0,168.0,0.8
NA,low,0.2,NORMA_q_age_set,,420,26,0.0842572062084257,0.1261904761904762,0.1923076923076923,0.8781725888324873,0.1268203102235534,1.5051568397584891,5.0,48.0,346.0,21.0,,,,,,,,,,80.0,0.0,7.3076923076923075,50.31472081218274,38.0,413.0,24.0,168.0,0.8
NA,low,0.2,NORMA_q_age_set,,468,29,0.0883534136546184,0.0747863247863247,0.2068965517241379,0.9339407744874716,0.2328584918928693,2.635534749151112,6.0,29.0,410.0,23.0,,,,,,,,,,80.0,1.0,9.10344827586207,29.990888382687928,44.0,454.0,24.0,168.0,0.8
NA,low,0.2,NORMA_334f7e21,,307,19,0.0625,0.1270358306188925,0.2105263157894736,0.8784722222222222,0.1035319493124831,1.6565111889997302,4.0,35.0,253.0,15.0,,,,,,,,,,20.0,0.0,5.052631578947368,43.75,24.0,360.0,24.0,168.0,0.8
NA,low,0.2,NORMA_334f7e21,,226,14,0.0519031141868512,0.0884955752212389,0.2142857142857142,0.9198113207547168,0.1276220034246575,2.458850599315068,3.0,17.0,195.0,11.0,,,,,,,,,,20.0,1.0,3.2142857142857144,21.971698113207548,15.0,274.0,24.0,168.0,0.8
NA,low,0.2,NORMA_334f7e21,,258,16,0.0361990950226244,0.2015503875968992,0.1875,0.7975206611570248,0.0336111111111111,0.9285069444444444,3.0,49.0,193.0,13.0,,,,,,,,,,30.0,0.0,3.0,86.25619834710744,16.0,426.0,24.0,168.0,0.8
NA,low,0.2,NORMA_334f7e21,,371,23,0.061503416856492,0.1320754716981132,0.217391304347826,0.8735632183908046,0.1012665867685224,1.6465196885696798,5.0,44.0,304.0,18.0,,,,,,,,,,30.0,1.0,5.869565217391305,52.0919540229885,27.0,412.0,24.0,168.0,0.8
NA,low,0.2,NORMA_334f7e21,,485,30,0.0451807228915662,0.0597938144329896,0.2,0.9494505494505494,0.1576940850277264,3.4902957486136788,6.0,23.0,432.0,24.0,,,,,,,,,,40.0,0.0,6.0,32.04835164835165,30.0,634.0,24.0,168.0,0.8
NA,low,0.2,NORMA_334f7e21,,469,29,0.041018387553041,0.0724946695095948,0.2068965517241379,0.9363636363636364,0.1220865704772475,2.976386390600482,6.0,28.0,412.0,23.0,,,,,,,,,,40.0,1.0,6.0,43.14545454545455,29.0,678.0,24.0,168.0,0.8
NA,low,0.2,NORMA_334f7e21,,1114,69,0.0502915451895043,0.1229802513464991,0.2028985507246377,0.8822966507177034,0.083648277005586,1.6632671891545523,14.0,123.0,922.0,55.0,,,,,,,,,,50.0,0.0,14.0,153.36746411483253,69.0,1303.0,24.0,168.0,0.8
NA,low,0.2,NORMA_334f7e21,,1002,62,0.0423208191126279,0.1037924151696606,0.1935483870967742,0.902127659574468,0.080367066602069,1.8989960092263083,12.0,92.0,848.0,50.0,,,,,,,,,,50.0,1.0,12.0,137.31489361702128,62.0,1403.0,24.0,168.0,0.8
NA,low,0.2,NORMA_334f7e21,,1906,118,0.0701392470345538,0.1070304302203567,0.2033898305084746,0.8993288590604027,0.1322411129293031,1.88540822036705,24.0,180.0,1608.0,94.0,,,,,,,,,,60.0,0.0,27.661016949152543,181.510067114094,136.0,1803.0,24.0,168.0,0.8
NA,low,0.2,NORMA_334f7e21,,1696,105,0.0525262631315657,0.1025943396226415,0.2,0.9038340666247644,0.1033778578125145,1.968117502544919,21.0,153.0,1438.0,84.0,,,,,,,,,,60.0,1.0,21.0,182.13827781269643,105.0,1894.0,24.0,168.0,0.8
NA,low,0.2,NORMA_334f7e21,,1470,91,0.1016077170418006,0.1054421768707483,0.1978021978021978,0.9006526468455403,0.1837953630272362,1.8088720854895723,18.0,137.0,1242.0,73.0,,,,,,,,,,70.0,0.0,31.25274725274725,138.78825235678028,158.0,1397.0,24.0,168.0,0.8
NA,low,0.2,NORMA_334f7e21,,1729,107,0.0625352112676056,0.0827067669172932,0.1962616822429906,0.9247842170160296,0.1482539639469299,2.37072780185406,21.0,122.0,1500.0,86.0,,,,,,,,,,70.0,1.0,21.785046728971963,125.15906288532676,111.0,1664.0,24.0,168.0,0.8
NA,low,0.2,NORMA_334f7e21,,420,26,0.0842572062084257,0.1047619047619047,0.1923076923076923,0.901015228426396,0.1516483605527892,1.7998265949817884,5.0,39.0,355.0,21.0,,,,,,,,,,80.0,0.0,7.3076923076923075,40.88071065989848,38.0,413.0,24.0,168.0,0.8
NA,low,0.2,NORMA_334f7e21,,468,29,0.0883534136546184,0.0747863247863247,0.2068965517241379,0.9339407744874716,0.2328584918928693,2.635534749151112,6.0,29.0,410.0,23.0,,,,,,,,,,80.0,1.0,9.10344827586207,29.990888382687928,44.0,454.0,24.0,168.0,0.8
NA,low,0.2,NORMA_q_age,,307,19,0.0625,0.1270358306188925,0.2105263157894736,0.8784722222222222,0.1035319493124831,1.6565111889997302,4.0,35.0,253.0,15.0,,,,,,,,,,20.0,0.0,5.052631578947368,43.75,24.0,360.0,24.0,168.0,0.8
NA,low,0.2,NORMA_q_age,,226,14,0.0519031141868512,0.0663716814159292,0.2142857142857142,0.9433962264150944,0.1716691859209674,3.307492982077305,3.0,12.0,200.0,11.0,,,,,,,,,,20.0,1.0,3.2142857142857144,15.50943396226415,15.0,274.0,24.0,168.0,0.8
NA,low,0.2,NORMA_q_age,,258,16,0.0361990950226244,0.1937984496124031,0.1875,0.8057851239669421,0.0349913244650086,0.9666353383458646,3.0,47.0,195.0,13.0,,,,,,,,,,30.0,0.0,3.0,82.73553719008264,16.0,426.0,24.0,168.0,0.8
NA,low,0.2,NORMA_q_age,,371,23,0.061503416856492,0.1752021563342318,0.217391304347826,0.8275862068965517,0.0763232283848328,1.2409591578126526,5.0,60.0,288.0,18.0,,,,,,,,,,30.0,1.0,5.869565217391305,71.03448275862068,27.0,412.0,24.0,168.0,0.8
NA,low,0.2,NORMA_q_age,,485,30,0.0451807228915662,0.0721649484536082,0.2,0.9362637362637364,0.1292858495927259,2.861526804319,6.0,29.0,426.0,24.0,,,,,,,,,,40.0,0.0,6.0,40.40879120879121,30.0,634.0,24.0,168.0,0.8
NA,low,0.2,NORMA_q_age,,469,29,0.041018387553041,0.068230277185501,0.2068965517241379,0.9409090909090908,0.1302545885139135,3.1755170372185133,6.0,26.0,414.0,23.0,,,,,,,,,,40.0,1.0,6.0,40.06363636363636,29.0,678.0,24.0,168.0,0.8
NA,low,0.2,NORMA_q_age,,1114,69,0.0502915451895043,0.1202872531418312,0.2028985507246377,0.8851674641148325,0.0855605590970232,1.7012911171176213,14.0,120.0,925.0,55.0,,,,,,,,,,50.0,0.0,14.0,149.6267942583732,69.0,1303.0,24.0,168.0,0.8
NA,low,0.2,NORMA_q_age,,1002,62,0.0423208191126279,0.1077844311377245,0.1935483870967742,0.8978723404255319,0.077277211443604,1.8259857220141933,12.0,96.0,844.0,50.0,,,,,,,,,,50.0,1.0,12.0,143.2851063829787,62.0,1403.0,24.0,168.0,0.8
NA,low,0.2,NORMA_q_age,,1906,118,0.0701392470345538,0.0975865687303252,0.2033898305084746,0.9093959731543624,0.1448068566018016,2.0645624628742167,24.0,162.0,1626.0,94.0,,,,,,,,,,60.0,0.0,27.661016949152543,163.35906040268458,136.0,1803.0,24.0,168.0,0.8
NA,low,0.2,NORMA_q_age,,1696,105,0.0525262631315657,0.1167452830188679,0.2,0.8887492143306097,0.0906309253517573,1.7254401883634567,21.0,177.0,1414.0,84.0,,,,,,,,,,60.0,1.0,21.0,210.70898805782528,105.0,1894.0,24.0,168.0,0.8
NA,low,0.2,NORMA_q_age,,1470,91,0.1016077170418006,0.1040816326530612,0.1978021978021978,0.902102973168963,0.1860117669205508,1.830685427604156,18.0,135.0,1244.0,73.0,,,,,,,,,,70.0,0.0,31.25274725274725,136.76214648295866,158.0,1397.0,24.0,168.0,0.8
NA,low,0.2,NORMA_q_age,,1729,107,0.0625352112676056,0.0890688259109311,0.1962616822429906,0.9180024660912454,0.1376805424775391,2.20164831439308,21.0,133.0,1489.0,86.0,,,,,,,,,,70.0,1.0,21.785046728971963,136.4438964241677,111.0,1664.0,24.0,168.0,0.8
NA,low,0.2,NORMA_q_age,,420,26,0.0842572062084257,0.1071428571428571,0.1923076923076923,0.8984771573604061,0.1484198421824814,1.7615091795868196,5.0,40.0,354.0,21.0,,,,,,,,,,80.0,0.0,7.3076923076923075,41.92893401015228,38.0,413.0,24.0,168.0,0.8
NA,low,0.2,NORMA_q_age,,468,29,0.0883534136546184,0.0683760683760683,0.2068965517241379,0.940774487471526,0.2529309577226262,2.862718566951542,6.0,26.0,413.0,23.0,,,,,,,,,,80.0,1.0,9.10344827586207,26.888382687927106,44.0,454.0,24.0,168.0,0.8
NA,low,0.2,NORMA_q_set,,307,19,0.0625,0.1140065146579804,0.2105263157894736,0.8923611111111112,0.1153499549414238,1.845599279062781,4.0,31.0,257.0,15.0,,,,,,,,,,20.0,0.0,5.052631578947368,38.75,24.0,360.0,24.0,168.0,0.8
NA,low,0.2,NORMA_q_set,,226,14,0.0519031141868512,0.079646017699115,0.2142857142857142,0.929245283018868,0.1422182468694096,2.740071556350626,3.0,15.0,197.0,11.0,,,,,,,,,,20.0,1.0,3.2142857142857144,19.38679245283019,15.0,274.0,24.0,168.0,0.8
NA,low,0.2,NORMA_q_set,,258,16,0.0361990950226244,0.2054263565891473,0.1875,0.7933884297520661,0.0329610460365023,0.9105488967583764,3.0,50.0,192.0,13.0,,,,,,,,,,30.0,0.0,3.0,88.01652892561984,16.0,426.0,24.0,168.0,0.8
NA,low,0.2,NORMA_q_set,,371,23,0.061503416856492,0.1536388140161725,0.217391304347826,0.8505747126436781,0.0870431992173893,1.4152579428308865,5.0,52.0,296.0,18.0,,,,,,,,,,30.0,1.0,5.869565217391305,61.5632183908046,27.0,412.0,24.0,168.0,0.8
NA,low,0.2,NORMA_q_set,,485,30,0.0451807228915662,0.068041237113402,0.2,0.9406593406593406,0.1375453446191052,3.0443369609028617,6.0,27.0,428.0,24.0,,,,,,,,,,40.0,0.0,6.0,37.62197802197802,30.0,634.0,24.0,168.0,0.8
NA,low,0.2,NORMA_q_set,,469,29,0.041018387553041,0.0703624733475479,0.2068965517241379,0.9386363636363636,0.1260383844170725,3.0727288890644915,6.0,27.0,413.0,23.0,,,,,,,,,,40.0,1.0,6.0,41.60454545454545,29.0,678.0,24.0,168.0,0.8
NA,low,0.2,NORMA_q_set,,1114,69,0.0502915451895043,0.1337522441651705,0.2028985507246377,0.8708133971291866,0.07678379300391,1.5267733913241244,14.0,135.0,910.0,55.0,,,,,,,,,,50.0,0.0,14.0,168.33014354066987,69.0,1303.0,24.0,168.0,0.8
NA,low,0.2,NORMA_q_set,,1002,62,0.0423208191126279,0.1117764471057884,0.1935483870967742,0.8936170212765957,0.074416149887848,1.7583816062209243,12.0,100.0,840.0,50.0,,,,,,,,,,50.0,1.0,12.0,149.25531914893617,62.0,1403.0,24.0,168.0,0.8
NA,low,0.2,NORMA_q_set,,1906,118,0.0701392470345538,0.1002098635886673,0.2033898305084746,0.906599552572707,0.1410829921710972,2.0114700133805705,24.0,167.0,1621.0,94.0,,,,,,,,,,60.0,0.0,27.661016949152543,168.4010067114094,136.0,1803.0,24.0,168.0,0.8
NA,low,0.2,NORMA_q_set,,1696,105,0.0525262631315657,0.1120283018867924,0.2,0.8937774984286612,0.0945156535981917,1.799398014693194,21.0,169.0,1422.0,84.0,,,,,,,,,,60.0,1.0,21.0,201.18541797611564,105.0,1894.0,24.0,168.0,0.8
NA,low,0.2,NORMA_q_set,,1470,91,0.1016077170418006,0.101360544217687,0.1978021978021978,0.9050036258158084,0.1906089048666733,1.8759294118207404,18.0,131.0,1248.0,73.0,,,,,,,,,,70.0,0.0,31.25274725274725,132.70993473531544,158.0,1397.0,24.0,168.0,0.8
NA,low,0.2,NORMA_q_set,,1729,107,0.0625352112676056,0.0867553499132446,0.1962616822429906,0.9204685573366216,0.1413462761365122,2.260267028309092,21.0,129.0,1493.0,86.0,,,,,,,,,,70.0,1.0,21.785046728971963,132.3403205918619,111.0,1664.0,24.0,168.0,0.8
NA,low,0.2,NORMA_q_set,,420,26,0.0842572062084257,0.1238095238095238,0.1923076923076923,0.8807106598984772,0.1291700745065965,1.53304483164408,5.0,47.0,347.0,21.0,,,,,,,,,,80.0,0.0,7.3076923076923075,49.266497461928935,38.0,413.0,24.0,168.0,0.8
NA,low,0.2,NORMA_q_set,,468,29,0.0883534136546184,0.0811965811965812,0.2068965517241379,0.9271070615034168,0.2157376658575449,2.441758127205849,6.0,32.0,407.0,23.0,,,,,,,,,,80.0,1.0,9.10344827586207,33.09339407744875,44.0,454.0,24.0,168.0,0.8
NA,low,0.2,NORMA_q_co,,307,19,0.0625,0.0944625407166123,0.2105263157894736,0.9131944444444444,0.1391808626313881,2.226893802102211,4.0,25.0,263.0,15.0,,,,,,,,,,20.0,0.0,5.052631578947368,31.25,24.0,360.0,24.0,168.0,0.8
NA,low,0.2,NORMA_q_co,,226,14,0.0519031141868512,0.0619469026548672,0.2142857142857142,0.9481132075471698,0.1843977114581722,3.552729240760786,3.0,11.0,201.0,11.0,,,,,,,,,,20.0,1.0,3.2142857142857144,14.216981132075473,15.0,274.0,24.0,168.0,0.8
NA,low,0.2,NORMA_q_co,,258,16,0.0361990950226244,0.2286821705426356,0.1875,0.768595041322314,0.0295338052233341,0.8158713692946058,3.0,56.0,186.0,13.0,,,,,,,,,,30.0,0.0,3.0,98.5785123966942,16.0,426.0,24.0,168.0,0.8
NA,low,0.2,NORMA_q_co,,371,23,0.061503416856492,0.1590296495956873,0.217391304347826,0.8448275862068966,0.084090469746762,1.3672487488455014,5.0,54.0,294.0,18.0,,,,,,,,,,30.0,1.0,5.869565217391305,63.93103448275862,27.0,412.0,24.0,168.0,0.8
NA,low,0.2,NORMA_q_co,,485,30,0.0451807228915662,0.0762886597938144,0.2,0.931868131868132,0.1219621157969978,2.6994281629735526,6.0,31.0,424.0,24.0,,,,,,,,,,40.0,0.0,6.0,43.1956043956044,30.0,634.0,24.0,168.0,0.8
NA,low,0.2,NORMA_q_co,,469,29,0.041018387553041,0.0831556503198294,0.2068965517241379,0.925,0.1055408970976253,2.573014284414521,6.0,33.0,407.0,23.0,,,,,,,,,,40.0,1.0,6.0,50.85,29.0,678.0,24.0,168.0,0.8
NA,low,0.2,NORMA_q_co,,1114,69,0.0502915451895043,0.13016157989228,0.2028985507246377,0.8746411483253589,0.0789432504330277,1.5697121680306387,14.0,131.0,914.0,55.0,,,,,,,,,,50.0,0.0,14.0,163.34258373205742,69.0,1303.0,24.0,168.0,0.8
NA,low,0.2,NORMA_q_co,,1002,62,0.0423208191126279,0.1097804391217564,0.1935483870967742,0.8957446808510638,0.0758196996787073,1.7915461295049386,12.0,98.0,842.0,50.0,,,,,,,,,,50.0,1.0,12.0,146.27021276595744,62.0,1403.0,24.0,168.0,0.8
NA,low,0.2,NORMA_q_co,,1906,118,0.0701392470345538,0.1049317943336831,0.2033898305084746,0.901565995525727,0.1348413298701759,1.9224804310167,24.0,176.0,1612.0,94.0,,,,,,,,,,60.0,0.0,27.661016949152543,177.4765100671141,136.0,1803.0,24.0,168.0,0.8
NA,low,0.2,NORMA_q_co,,1696,105,0.0525262631315657,0.1108490566037735,0.2,0.8950345694531741,0.0955394342153047,1.8188888475847065,21.0,167.0,1424.0,84.0,,,,,,,,,,60.0,1.0,21.0,198.80452545568824,105.0,1894.0,24.0,168.0,0.8
NA,low,0.2,NORMA_q_co,,1470,91,0.1016077170418006,0.1129251700680272,0.1978021978021978,0.892675852066715,0.1724912071564387,1.6976191590396343,18.0,148.0,1231.0,73.0,,,,,,,,,,70.0,0.0,31.25274725274725,149.93183466279913,158.0,1397.0,24.0,168.0,0.8
NA,low,0.2,NORMA_q_co,,1729,107,0.0625352112676056,0.0948525159051474,0.1962616822429906,0.9118372379778052,0.1292974092586674,2.067593706613825,21.0,143.0,1479.0,86.0,,,,,,,,,,70.0,1.0,21.785046728971963,146.70283600493218,111.0,1664.0,24.0,168.0,0.8
NA,low,0.2,NORMA_q_co,,420,26,0.0842572062084257,0.0833333333333333,0.1923076923076923,0.9238578680203046,0.1885642317380352,2.237959697732997,5.0,30.0,364.0,21.0,,,,,,,,,,80.0,0.0,7.3076923076923075,31.446700507614214,38.0,413.0,24.0,168.0,0.8
NA,low,0.2,NORMA_q_co,,468,29,0.0883534136546184,0.094017094017094,0.2068965517241379,0.9134396355353076,0.1880805707200862,2.1287300958773394,6.0,38.0,401.0,23.0,,,,,,,,,,80.0,1.0,9.10344827586207,39.29840546697039,44.0,454.0,24.0,168.0,0.8
NA,low,0.2,NORMA_q_age_set_co,,307,19,0.0625,0.1205211726384364,0.2105263157894736,0.8854166666666666,0.1091219096334185,1.7459505541346971,4.0,33.0,255.0,15.0,,,,,,,,,,20.0,0.0,5.052631578947368,41.25,24.0,360.0,24.0,168.0,0.8
NA,low,0.2,NORMA_q_age_set_co,,226,14,0.0519031141868512,0.0707964601769911,0.2142857142857142,0.9386792452830188,0.1605844330729868,3.0939267438728795,3.0,13.0,199.0,11.0,,,,,,,,,,20.0,1.0,3.2142857142857144,16.80188679245283,15.0,274.0,24.0,168.0,0.8
NA,low,0.2,NORMA_q_age_set_co,,258,16,0.0361990950226244,0.2209302325581395,0.1875,0.7768595041322314,0.0305941845764854,0.8451643489254108,3.0,54.0,188.0,13.0,,,,,,,,,,30.0,0.0,3.0,95.05785123966942,16.0,426.0,24.0,168.0,0.8
NA,low,0.2,NORMA_q_age_set_co,,371,23,0.061503416856492,0.1725067385444744,0.217391304347826,0.8304597701149425,0.0775165659072309,1.2603619419731251,5.0,59.0,289.0,18.0,,,,,,,,,,30.0,1.0,5.869565217391305,69.85057471264368,27.0,412.0,24.0,168.0,0.8
NA,low,0.2,NORMA_q_age_set_co,,485,30,0.0451807228915662,0.0701030927835051,0.2,0.9384615384615383,0.1332877648667122,2.950102529049897,6.0,28.0,427.0,24.0,,,,,,,,,,40.0,0.0,6.0,39.01538461538462,30.0,634.0,24.0,168.0,0.8
NA,low,0.2,NORMA_q_age_set_co,,469,29,0.041018387553041,0.0703624733475479,0.2068965517241379,0.9386363636363636,0.1260383844170725,3.0727288890644915,6.0,27.0,413.0,23.0,,,,,,,,,,40.0,1.0,6.0,41.60454545454545,29.0,678.0,24.0,168.0,0.8
NA,low,0.2,NORMA_q_age_set_co,,1114,69,0.0502915451895043,0.1346499102333931,0.2028985507246377,0.8698564593301435,0.0762622629510316,1.5164032575190631,14.0,136.0,909.0,55.0,,,,,,,,,,50.0,0.0,14.0,169.57703349282298,69.0,1303.0,24.0,168.0,0.8
NA,low,0.2,NORMA_q_age_set_co,,1002,62,0.0423208191126279,0.1097804391217564,0.1935483870967742,0.8957446808510638,0.0758196996787073,1.7915461295049386,12.0,98.0,842.0,50.0,,,,,,,,,,50.0,1.0,12.0,146.27021276595744,62.0,1403.0,24.0,168.0,0.8
NA,low,0.2,NORMA_q_age_set_co,,1906,118,0.0701392470345538,0.1201469045120671,0.2033898305084746,0.8853467561521253,0.1180174105868316,1.682615875940196,24.0,205.0,1583.0,94.0,,,,,,,,,,60.0,0.0,27.661016949152543,206.7197986577181,136.0,1803.0,24.0,168.0,0.8
NA,low,0.2,NORMA_q_age_set_co,,1696,105,0.0525262631315657,0.1191037735849056,0.2,0.8862350722815839,0.0888059007243006,1.690695195694066,21.0,181.0,1410.0,84.0,,,,,,,,,,60.0,1.0,21.0,215.47077309868007,105.0,1894.0,24.0,168.0,0.8
NA,low,0.2,NORMA_q_age_set_co,,1470,91,0.1016077170418006,0.1,0.1978021978021978,0.9064539521392312,0.1929937510269418,1.8994005243474332,18.0,129.0,1250.0,73.0,,,,,,,,,,70.0,0.0,31.25274725274725,130.68382886149382,158.0,1397.0,24.0,168.0,0.8
NA,low,0.2,NORMA_q_age_set_co,,1729,107,0.0625352112676056,0.0983227299016772,0.1962616822429906,0.908138101109741,0.1247402757779816,1.994720626179436,21.0,149.0,1473.0,86.0,,,,,,,,,,70.0,1.0,21.785046728971963,152.85819975339086,111.0,1664.0,24.0,168.0,0.8
NA,low,0.2,NORMA_q_age_set_co,,420,26,0.0842572062084257,0.1095238095238095,0.1923076923076923,0.8959390862944162,0.145325925321965,1.724789271584375,5.0,41.0,353.0,21.0,,,,,,,,,,80.0,0.0,7.3076923076923075,42.97715736040609,38.0,413.0,24.0,168.0,0.8
NA,low,0.2,NORMA_q_age_set_co,,468,29,0.0883534136546184,0.0897435897435897,0.2068965517241379,0.917995444191344,0.1964765237204003,2.223757018471804,6.0,36.0,403.0,23.0,,,,,,,,,,80.0,1.0,9.10344827586207,37.23006833712984,44.0,454.0,24.0,168.0,0.8
PLT,low,0.2,PopRI,,440,7,0.0184563758389261,0.0022727272727272,0.1428571428571428,1.0,1.0,54.18181818181818,1.0,0.0,433.0,6.0,,,,,,,,,,30.0,1.0,1.5714285714285714,0.0,11.0,585.0,24.0,168.0,0.8
PLT,low,0.2,PopRI,,502,8,0.0191304347826086,0.0059760956175298,0.25,0.9979757085020244,0.7066319895968791,36.93758127438232,2.0,1.0,493.0,6.0,,,,,,,,,,40.0,0.0,2.75,1.1417004048582995,11.0,564.0,24.0,168.0,0.8
PLT,low,0.2,PopRI,,439,7,0.0109034267912772,0.0273348519362186,0.1428571428571428,0.9745370370370372,0.0582445732776055,5.341859434888962,1.0,11.0,421.0,6.0,,,,,,,,,,40.0,1.0,1.0,16.16898148148148,7.0,635.0,24.0,168.0,0.8
PLT,low,0.2,PopRI,,754,12,0.0129629629629629,0.0145888594164456,0.1666666666666666,0.9878706199460916,0.15287261596421,11.793030374381916,2.0,9.0,733.0,10.0,,,,,,,,,,50.0,0.0,2.333333333333333,12.929919137466308,14.0,1066.0,24.0,168.0,0.8
PLT,low,0.2,PopRI,,691,11,0.0124223602484472,0.0130246020260492,0.1818181818181818,0.9897058823529412,0.1817817282630488,14.633429125175432,2.0,7.0,673.0,9.0,,,,,,,,,,50.0,1.0,2.1818181818181817,9.820588235294116,12.0,954.0,24.0,168.0,0.8
PLT,low,0.2,PopRI,,1569,25,0.0175332527206771,0.0325047801147227,0.2,0.9702072538860104,0.1069849901798215,6.101833577842237,5.0,46.0,1498.0,20.0,,,,,,,,,,60.0,0.0,5.8,48.41321243523316,29.0,1625.0,24.0,168.0,0.8
PLT,low,0.2,PopRI,,1005,16,0.0125276344878408,0.017910447761194,0.1875,0.9848331648129424,0.1355744962221702,10.82203478667559,3.0,15.0,974.0,13.0,,,,,,,,,,60.0,1.0,3.1875,20.32355915065723,17.0,1340.0,24.0,168.0,0.8
PLT,low,0.2,PopRI,,1444,23,0.0212907518296739,0.0221606648199446,0.217391304347826,0.9809992962702322,0.1992898283824969,9.360394126840404,5.0,27.0,1394.0,18.0,,,,,,,,,,70.0,0.0,6.956521739130435,27.95003518648839,32.0,1471.0,24.0,168.0,0.8
PLT,low,0.2,PopRI,,1381,22,0.0166782487838776,0.0123099203475742,0.1818181818181818,0.9904341427520236,0.243787769501863,14.617108346382537,4.0,13.0,1346.0,18.0,,,,,,,,,,70.0,1.0,4.363636363636363,13.535688005886682,24.0,1415.0,24.0,168.0,0.8
PLT,low,0.2,PopRI,,377,6,0.0188679245283018,0.026525198938992,0.1666666666666666,0.9757412398921832,0.1167033658383139,6.185278389430639,1.0,9.0,362.0,5.0,,,,,,,,,,80.0,0.0,1.5,11.35309973045822,9.0,468.0,24.0,168.0,0.8
PLT,low,0.2,PerRI,,440,7,0.0184563758389261,0.0704545454545454,0.1428571428571428,0.930715935334873,0.0373237836270599,2.022270458338884,1.0,30.0,403.0,6.0,,,,,,,,,,30.0,1.0,1.5714285714285714,40.531177829099306,11.0,585.0,24.0,168.0,0.8
PLT,low,0.2,PerRI,,502,8,0.0191304347826086,0.0677290836653386,0.25,0.9352226720647774,0.0700023188107077,3.659212119650633,2.0,32.0,462.0,6.0,,,,,,,,,,40.0,0.0,2.75,36.534412955465584,11.0,564.0,24.0,168.0,0.8
PLT,low,0.2,PerRI,,439,7,0.0109034267912772,0.0637813211845102,0.1428571428571428,0.9375,0.0245775729646697,2.2541145490454246,1.0,27.0,405.0,6.0,,,,,,,,,,40.0,1.0,1.0,39.6875,7.0,635.0,24.0,168.0,0.8
PLT,low,0.2,PerRI,,754,12,0.0129629629629629,0.0888594164456233,0.1666666666666666,0.912398921832884,0.024377651785379,1.880561709157812,2.0,65.0,677.0,10.0,,,,,,,,,,50.0,0.0,2.333333333333333,93.38274932614556,14.0,1066.0,24.0,168.0,0.8
PLT,low,0.2,PerRI,,691,11,0.0124223602484472,0.1230101302460202,0.1818181818181818,0.8779411764705882,0.0183924212405417,1.480589909863612,2.0,83.0,597.0,9.0,,,,,,,,,,50.0,1.0,2.1818181818181817,116.44411764705882,12.0,954.0,24.0,168.0,0.8
PLT,low,0.2,PerRI,,1569,25,0.0175332527206771,0.1784576163161249,0.2,0.8218911917098446,0.0196459120084627,1.1204944297240509,5.0,275.0,1269.0,20.0,,,,,,,,,,60.0,0.0,5.8,289.4268134715026,29.0,1625.0,24.0,168.0,0.8
PLT,low,0.2,PerRI,,1005,16,0.0125276344878408,0.1034825870646766,0.1875,0.897876643073812,0.0227625244880248,1.8169850429558656,3.0,101.0,888.0,13.0,,,,,,,,,,60.0,1.0,3.1875,136.845298281092,17.0,1340.0,24.0,168.0,0.8
PLT,low,0.2,PerRI,,1444,23,0.0212907518296739,0.0872576177285318,0.217391304347826,0.9148486980999296,0.0526155866269951,2.4712883343866787,5.0,121.0,1300.0,18.0,,,,,,,,,,70.0,0.0,6.956521739130435,125.25756509500351,32.0,1471.0,24.0,168.0,0.8
PLT,low,0.2,PerRI,,1381,22,0.0166782487838776,0.0716871832005792,0.1818181818181818,0.9300956585724798,0.0422512495895154,2.533314506638029,4.0,95.0,1264.0,18.0,,,,,,,,,,70.0,1.0,4.363636363636363,98.91464311994112,24.0,1415.0,24.0,168.0,0.8
PLT,low,0.2,PerRI,,377,6,0.0188679245283018,0.0026525198938992,0.1666666666666666,1.0,1.0,53.0,1.0,0.0,371.0,5.0,,,,,,,,,,80.0,0.0,1.5,0.0,9.0,468.0,24.0,168.0,0.8
PLT,low,0.2,Cohen_m2,,440,7,0.0184563758389261,0.0159090909090909,0.1428571428571428,0.9861431870669746,0.1623768451914226,8.797872703098898,1.0,6.0,427.0,6.0,,,,,,,,,,30.0,1.0,1.5714285714285714,8.106235565819862,11.0,585.0,24.0,168.0,0.8
PLT,low,0.2,Cohen_m2,,502,8,0.0191304347826086,0.0219123505976095,0.25,0.9817813765182186,0.2111275157354883,11.03621104980962,2.0,9.0,485.0,6.0,,,,,,,,,,40.0,0.0,2.75,10.275303643724696,11.0,564.0,24.0,168.0,0.8
PLT,low,0.2,Cohen_m2,,439,7,0.0109034267912772,0.0022779043280182,0.1428571428571428,1.0,1.0,91.71428571428572,1.0,0.0,432.0,6.0,,,,,,,,,,40.0,1.0,1.0,0.0,7.0,635.0,24.0,168.0,0.8
PLT,low,0.2,Cohen_m2,,754,12,0.0129629629629629,0.0145888594164456,0.1666666666666666,0.9878706199460916,0.15287261596421,11.793030374381916,2.0,9.0,733.0,10.0,,,,,,,,,,50.0,0.0,2.333333333333333,12.929919137466308,14.0,1066.0,24.0,168.0,0.8
PLT,low,0.2,Cohen_m2,,691,11,0.0124223602484472,0.0231548480463096,0.1818181818181818,0.9794117647058824,0.0999779460413144,8.04822465632581,2.0,14.0,666.0,9.0,,,,,,,,,,50.0,1.0,2.1818181818181817,19.641176470588235,12.0,954.0,24.0,168.0,0.8
PLT,low,0.2,Cohen_m2,,1569,25,0.0175332527206771,0.0924155513065646,0.2,0.9093264248704664,0.0378727133089058,2.160050614238976,5.0,140.0,1404.0,20.0,,,,,,,,,,60.0,0.0,5.8,147.34455958549222,29.0,1625.0,24.0,168.0,0.8
PLT,low,0.2,Cohen_m2,,1005,16,0.0125276344878408,0.053731343283582,0.1875,0.948432760364004,0.0440946988274109,3.519794488752744,3.0,51.0,938.0,13.0,,,,,,,,,,60.0,1.0,3.1875,69.10010111223458,17.0,1340.0,24.0,168.0,0.8
PLT,low,0.2,Cohen_m2,,1444,23,0.0212907518296739,0.0422437673130193,0.217391304347826,0.9605911330049262,0.1071437996463726,5.032410339640567,5.0,56.0,1365.0,18.0,,,,,,,,,,70.0,0.0,6.956521739130435,57.970443349753694,32.0,1471.0,24.0,168.0,0.8
PLT,low,0.2,Cohen_m2,,1381,22,0.0166782487838776,0.0253439536567704,0.1818181818181818,0.9771891096394408,0.1190914783650115,7.140526556968819,4.0,31.0,1328.0,18.0,,,,,,,,,,70.0,1.0,4.363636363636363,32.27740986019132,24.0,1415.0,24.0,168.0,0.8
PLT,low,0.2,Cohen_m2,,377,6,0.0188679245283018,0.0026525198938992,0.1666666666666666,1.0,1.0,53.0,1.0,0.0,371.0,5.0,,,,,,,,,,80.0,0.0,1.5,0.0,9.0,468.0,24.0,168.0,0.8
PLT,low,0.2,Cohen_m3,,440,7,0.0184563758389261,0.0136363636363636,0.1428571428571428,0.9884526558891455,0.1887233536730327,10.225374435375226,1.0,5.0,428.0,6.0,,,,,,,,,,30.0,1.0,1.5714285714285714,6.755196304849885,11.0,585.0,24.0,168.0,0.8
PLT,low,0.2,Cohen_m3,,502,8,0.0191304347826086,0.0039840637450199,0.25,1.0,1.0,52.27272727272727,2.0,0.0,494.0,6.0,,,,,,,,,,40.0,0.0,2.75,0.0,11.0,564.0,24.0,168.0,0.8
PLT,low,0.2,Cohen_m3,,439,7,0.0109034267912772,0.0022779043280182,0.1428571428571428,1.0,1.0,91.71428571428572,1.0,0.0,432.0,6.0,,,,,,,,,,40.0,1.0,1.0,0.0,7.0,635.0,24.0,168.0,0.8
PLT,low,0.2,Cohen_m3,,754,12,0.0129629629629629,0.0305039787798408,0.1666666666666666,0.9716981132075472,0.0717879256965944,5.537925696594427,2.0,21.0,721.0,10.0,,,,,,,,,,50.0,0.0,2.333333333333333,30.16981132075472,14.0,1066.0,24.0,168.0,0.8
PLT,low,0.2,Cohen_m3,,691,11,0.0124223602484472,0.0188133140376266,0.1818181818181818,0.9838235294117648,0.1238672070677171,9.971310168951227,2.0,11.0,669.0,9.0,,,,,,,,,,50.0,1.0,2.1818181818181817,15.43235294117647,12.0,954.0,24.0,168.0,0.8
PLT,low,0.2,Cohen_m3,,1569,25,0.0175332527206771,0.1019757807520713,0.2,0.8996113989637305,0.034333447583907,1.9581904242683557,5.0,155.0,1389.0,20.0,,,,,,,,,,60.0,0.0,5.8,163.13147668393782,29.0,1625.0,24.0,168.0,0.8
PLT,low,0.2,Cohen_m3,,1005,16,0.0125276344878408,0.0437810945273631,0.1875,0.9585439838220424,0.0542658844363347,4.331694422359193,3.0,41.0,948.0,13.0,,,,,,,,,,60.0,1.0,3.1875,55.55106167846309,17.0,1340.0,24.0,168.0,0.8
PLT,low,0.2,Cohen_m3,,1444,23,0.0212907518296739,0.0256232686980609,0.217391304347826,0.9774806474313864,0.1735551321510577,8.15166761321999,5.0,32.0,1389.0,18.0,,,,,,,,,,70.0,0.0,6.956521739130435,33.12596762843068,32.0,1471.0,24.0,168.0,0.8
PLT,low,0.2,Cohen_m3,,1381,22,0.0166782487838776,0.0311368573497465,0.1818181818181818,0.9713024282560706,0.0970328753307837,5.8179294833749085,4.0,39.0,1320.0,18.0,,,,,,,,,,70.0,1.0,4.363636363636363,40.60706401766004,24.0,1415.0,24.0,168.0,0.8
PLT,low,0.2,Cohen_m3,,377,6,0.0188679245283018,0.0026525198938992,0.1666666666666666,1.0,1.0,53.0,1.0,0.0,371.0,5.0,,,,,,,,,,80.0,0.0,1.5,0.0,9.0,468.0,24.0,168.0,0.8
PLT,low,0.2,Cohen_m4,,440,7,0.0184563758389261,0.0045454545454545,0.1428571428571428,0.9976905311778292,0.5377060284488597,29.133890268683672,1.0,1.0,432.0,6.0,,,,,,,,,,30.0,1.0,1.5714285714285714,1.3510392609699768,11.0,585.0,24.0,168.0,0.8
PLT,low,0.2,Cohen_m4,,502,8,0.0191304347826086,0.0059760956175298,0.25,0.9979757085020244,0.7066319895968791,36.93758127438232,2.0,1.0,493.0,6.0,,,,,,,,,,40.0,0.0,2.75,1.1417004048582995,11.0,564.0,24.0,168.0,0.8
PLT,low,0.2,Cohen_m4,,439,7,0.0109034267912772,0.0045558086560364,0.1428571428571428,0.9976851851851852,0.4048734770384254,37.13268175123845,1.0,1.0,431.0,6.0,,,,,,,,,,40.0,1.0,1.0,1.4699074074074074,7.0,635.0,24.0,168.0,0.8
PLT,low,0.2,Cohen_m4,,754,12,0.0129629629629629,0.0039787798408488,0.1666666666666666,0.9986522911051212,0.6189227836034318,47.74547187797902,2.0,1.0,741.0,10.0,,,,,,,,,,50.0,0.0,2.333333333333333,1.4366576819407009,14.0,1066.0,24.0,168.0,0.8
PLT,low,0.2,Cohen_m4,,691,11,0.0124223602484472,0.0086830680173661,0.1818181818181818,0.9941176470588236,0.2799505969534788,22.536023054755045,2.0,4.0,676.0,9.0,,,,,,,,,,50.0,1.0,2.1818181818181817,5.6117647058823525,12.0,954.0,24.0,168.0,0.8
PLT,low,0.2,Cohen_m4,,1569,25,0.0175332527206771,0.0930528999362651,0.2,0.908678756476684,0.0376142157138644,2.145307337611443,5.0,141.0,1403.0,20.0,,,,,,,,,,60.0,0.0,5.8,148.3970207253886,29.0,1625.0,24.0,168.0,0.8
PLT,low,0.2,Cohen_m4,,1005,16,0.0125276344878408,0.0169154228855721,0.1875,0.9858442871587462,0.1438652135345508,11.48382910390503,3.0,14.0,975.0,13.0,,,,,,,,,,60.0,1.0,3.1875,18.96865520728008,17.0,1340.0,24.0,168.0,0.8
PLT,low,0.2,Cohen_m4,,1444,23,0.0212907518296739,0.0560941828254847,0.217391304347826,0.9465165376495426,0.0812386463846372,3.815677672378432,5.0,76.0,1345.0,18.0,,,,,,,,,,70.0,0.0,6.956521739130435,78.67417311752287,32.0,1471.0,24.0,168.0,0.8
PLT,low,0.2,Cohen_m4,,1381,22,0.0166782487838776,0.0275162925416364,0.1818181818181818,0.9749816041206768,0.1097365260193593,6.579619205910754,4.0,34.0,1325.0,18.0,,,,,,,,,,70.0,1.0,4.363636363636363,35.40103016924209,24.0,1415.0,24.0,168.0,0.8
PLT,low,0.2,Cohen_m4,,377,6,0.0188679245283018,0.0450928381962864,0.1666666666666666,0.9568733153638814,0.0691776990490397,3.666418049599105,1.0,16.0,355.0,5.0,,,,,,,,,,80.0,0.0,1.5,20.183288409703504,9.0,468.0,24.0,168.0,0.8
PLT,low,0.2,Gaussian_mle,,440,7,0.0184563758389261,0.0295454545454545,0.1428571428571428,0.9722863741339492,0.088362428807302,4.78763705174109,1.0,12.0,421.0,6.0,,,,,,,,,,30.0,1.0,1.5714285714285714,16.212471131639724,11.0,585.0,24.0,168.0,0.8
PLT,low,0.2,Gaussian_mle,,502,8,0.0191304347826086,0.0318725099601593,0.25,0.97165991902834,0.1467934518342428,7.673294073153602,2.0,14.0,480.0,6.0,,,,,,,,,,40.0,0.0,2.75,15.983805668016194,11.0,564.0,24.0,168.0,0.8
PLT,low,0.2,Gaussian_mle,,439,7,0.0109034267912772,0.0091116173120728,0.1428571428571428,0.9930555555555556,0.1848523748395378,16.953603520997618,1.0,3.0,429.0,6.0,,,,,,,,,,40.0,1.0,1.0,4.409722222222222,7.0,635.0,24.0,168.0,0.8
PLT,low,0.2,Gaussian_mle,,754,12,0.0129629629629629,0.0411140583554376,0.1666666666666666,0.9609164420485176,0.0530346348635843,4.091243260905081,2.0,29.0,713.0,10.0,,,,,,,,,,50.0,0.0,2.333333333333333,41.66307277628032,14.0,1066.0,24.0,168.0,0.8
PLT,low,0.2,Gaussian_mle,,691,11,0.0124223602484472,0.0694645441389291,0.1818181818181818,0.9323529411764706,0.0327025272320677,2.6325534421814507,2.0,46.0,634.0,9.0,,,,,,,,,,50.0,1.0,2.1818181818181817,64.53529411764706,12.0,954.0,24.0,168.0,0.8
PLT,low,0.2,Gaussian_mle,,1569,25,0.0175332527206771,0.0688336520076481,0.2,0.9332901554404144,0.0507865357153794,2.896583795628883,5.0,103.0,1441.0,20.0,,,,,,,,,,60.0,0.0,5.8,108.40349740932642,29.0,1625.0,24.0,168.0,0.8
PLT,low,0.2,Gaussian_mle,,1005,16,0.0125276344878408,0.0368159203980099,0.1875,0.9656218402426694,0.0647152485440705,5.165799545547275,3.0,34.0,955.0,13.0,,,,,,,,,,60.0,1.0,3.1875,46.06673407482305,17.0,1340.0,24.0,168.0,0.8
PLT,low,0.2,Gaussian_mle,,1444,23,0.0212907518296739,0.0353185595567867,0.217391304347826,0.9676284306826178,0.1274669531159772,5.9869634541660535,5.0,46.0,1375.0,18.0,,,,,,,,,,70.0,0.0,6.956521739130435,47.61857846586911,32.0,1471.0,24.0,168.0,0.8
PLT,low,0.2,Gaussian_mle,,1381,22,0.0166782487838776,0.0296886314265025,0.1818181818181818,0.9727740986019132,0.1017442449897603,6.100415355844382,4.0,37.0,1322.0,18.0,,,,,,,,,,70.0,1.0,4.363636363636363,38.52465047829286,24.0,1415.0,24.0,168.0,0.8
PLT,low,0.2,Gaussian_mle,,377,6,0.0188679245283018,0.0371352785145888,0.1666666666666666,0.9649595687331536,0.0838039304269256,4.441608312627062,1.0,13.0,358.0,5.0,,,,,,,,,,80.0,0.0,1.5,16.398921832884096,9.0,468.0,24.0,168.0,0.8
PLT,low,0.2,Gaussian_trunc,,440,7,0.0184563758389261,0.025,0.1428571428571428,0.976905311778291,0.1041935554437468,5.645396276770284,1.0,10.0,423.0,6.0,,,,,,,,,,30.0,1.0,1.5714285714285714,13.51039260969977,11.0,585.0,24.0,168.0,0.8
PLT,low,0.2,Gaussian_trunc,,502,8,0.0191304347826086,0.0438247011952191,0.25,0.9595141700404858,0.1074890216402262,5.618744313011829,2.0,20.0,474.0,6.0,,,,,,,,,,40.0,0.0,2.75,22.83400809716599,11.0,564.0,24.0,168.0,0.8
PLT,low,0.2,Gaussian_trunc,,439,7,0.0109034267912772,0.0091116173120728,0.1428571428571428,0.9930555555555556,0.1848523748395378,16.953603520997618,1.0,3.0,429.0,6.0,,,,,,,,,,40.0,1.0,1.0,4.409722222222222,7.0,635.0,24.0,168.0,0.8
PLT,low,0.2,Gaussian_trunc,,754,12,0.0129629629629629,0.0557029177718832,0.1666666666666666,0.9460916442048516,0.0390191865618943,3.0100515347747043,2.0,40.0,702.0,10.0,,,,,,,,,,50.0,0.0,2.333333333333333,57.46630727762803,14.0,1066.0,24.0,168.0,0.8
PLT,low,0.2,Gaussian_trunc,,691,11,0.0124223602484472,0.1374819102749638,0.1818181818181818,0.8632352941176471,0.0164472689672687,1.3240051518651323,2.0,93.0,587.0,9.0,,,,,,,,,,50.0,1.0,2.1818181818181817,130.4735294117647,12.0,954.0,24.0,168.0,0.8
PLT,low,0.2,Gaussian_trunc,,1569,25,0.0175332527206771,0.0860420650095602,0.2,0.9158031088082902,0.0406675228377894,2.319451130127717,5.0,130.0,1414.0,20.0,,,,,,,,,,60.0,0.0,5.8,136.8199481865285,29.0,1625.0,24.0,168.0,0.8
PLT,low,0.2,Gaussian_trunc,,1005,16,0.0125276344878408,0.0348258706467661,0.1875,0.967644084934277,0.0684829583486644,5.466551439949275,3.0,32.0,957.0,13.0,,,,,,,,,,60.0,1.0,3.1875,43.35692618806876,17.0,1340.0,24.0,168.0,0.8
PLT,low,0.2,Gaussian_trunc,,1444,23,0.0212907518296739,0.0637119113573407,0.217391304347826,0.9387755102040816,0.071703600728011,3.3678284966937686,5.0,87.0,1334.0,18.0,,,,,,,,,,70.0,0.0,6.956521739130435,90.06122448979592,32.0,1471.0,24.0,168.0,0.8
PLT,low,0.2,Gaussian_trunc,,1381,22,0.0166782487838776,0.0340333091962346,0.1818181818181818,0.9683590875643856,0.0888081717894645,5.324789966876643,4.0,43.0,1316.0,18.0,,,,,,,,,,70.0,1.0,4.363636363636363,44.771891096394405,24.0,1415.0,24.0,168.0,0.8
PLT,low,0.2,Gaussian_trunc,,377,6,0.0188679245283018,0.0053050397877984,0.1666666666666666,0.9973045822102424,0.5431918008784773,28.7891654465593,1.0,1.0,370.0,5.0,,,,,,,,,,80.0,0.0,1.5,1.261455525606469,9.0,468.0,24.0,168.0,0.8
PLT,low,0.2,Gaussian_eb,,440,7,0.0184563758389261,0.0272727272727272,0.1428571428571428,0.97459584295612,0.0956272084805653,5.181256023128815,1.0,11.0,422.0,6.0,,,,,,,,,,30.0,1.0,1.5714285714285714,14.861431870669746,11.0,585.0,24.0,168.0,0.8
PLT,low,0.2,Gaussian_eb,,502,8,0.0191304347826086,0.0298804780876494,0.25,0.9736842105263158,0.1563201196709049,8.171278982797306,2.0,13.0,481.0,6.0,,,,,,,,,,40.0,0.0,2.75,14.842105263157896,11.0,564.0,24.0,168.0,0.8
PLT,low,0.2,Gaussian_eb,,439,7,0.0109034267912772,0.0091116173120728,0.1428571428571428,0.9930555555555556,0.1848523748395378,16.953603520997618,1.0,3.0,429.0,6.0,,,,,,,,,,40.0,1.0,1.0,4.409722222222222,7.0,635.0,24.0,168.0,0.8
PLT,low,0.2,Gaussian_eb,,754,12,0.0129629629629629,0.053050397877984,0.1666666666666666,0.9487870619946092,0.0409886519673605,3.161981723196389,2.0,38.0,704.0,10.0,,,,,,,,,,50.0,0.0,2.333333333333333,54.59299191374663,14.0,1066.0,24.0,168.0,0.8
PLT,low,0.2,Gaussian_eb,,691,11,0.0124223602484472,0.0752532561505065,0.1818181818181818,0.9264705882352942,0.0301652434290784,2.428302096040812,2.0,50.0,630.0,9.0,,,,,,,,,,50.0,1.0,2.1818181818181817,70.1470588235294,12.0,954.0,24.0,168.0,0.8
PLT,low,0.2,Gaussian_eb,,1569,25,0.0175332527206771,0.0815806246016571,0.2,0.9203367875647668,0.0428826865079859,2.4457918442830584,5.0,123.0,1421.0,20.0,,,,,,,,,,60.0,0.0,5.8,129.4527202072539,29.0,1625.0,24.0,168.0,0.8
PLT,low,0.2,Gaussian_eb,,1005,16,0.0125276344878408,0.0338308457711442,0.1875,0.9686552072800808,0.0705362624269486,5.630453418433487,3.0,31.0,958.0,13.0,,,,,,,,,,60.0,1.0,3.1875,42.00202224469161,17.0,1340.0,24.0,168.0,0.8
PLT,low,0.2,Gaussian_eb,,1444,23,0.0212907518296739,0.0318559556786703,0.217391304347826,0.9711470795214636,0.1408226505453966,6.614263867804098,5.0,41.0,1380.0,18.0,,,,,,,,,,70.0,0.0,6.956521739130435,42.44264602392681,32.0,1471.0,24.0,168.0,0.8
PLT,low,0.2,Gaussian_eb,,1381,22,0.0166782487838776,0.0333091962346126,0.1818181818181818,0.9690949227373068,0.0907308035751541,5.440067764360287,4.0,42.0,1317.0,18.0,,,,,,,,,,70.0,1.0,4.363636363636363,43.730684326710815,24.0,1415.0,24.0,168.0,0.8
PLT,low,0.2,Gaussian_eb,,377,6,0.0188679245283018,0.0424403183023872,0.1666666666666666,0.9595687331536388,0.0734508018214215,3.8928924965353393,1.0,15.0,356.0,5.0,,,,,,,,,,80.0,0.0,1.5,18.92183288409704,9.0,468.0,24.0,168.0,0.8
PLT,low,0.2,NORMA_q_age_set,,440,7,0.0184563758389261,0.0181818181818181,0.1428571428571428,0.9838337182448036,0.1424853416297714,7.720114873758525,1.0,7.0,426.0,6.0,,,,,,,,,,30.0,1.0,1.5714285714285714,9.457274826789838,11.0,585.0,24.0,168.0,0.8
PLT,low,0.2,NORMA_q_age_set,,502,8,0.0191304347826086,0.0159362549800796,0.25,0.9878542510121456,0.2864522930943595,14.973642593568792,2.0,6.0,488.0,6.0,,,,,,,,,,40.0,0.0,2.75,6.850202429149798,11.0,564.0,24.0,168.0,0.8
PLT,low,0.2,NORMA_q_age_set,,439,7,0.0109034267912772,0.0045558086560364,0.1428571428571428,0.9976851851851852,0.4048734770384254,37.13268175123845,1.0,1.0,431.0,6.0,,,,,,,,,,40.0,1.0,1.0,1.4699074074074074,7.0,635.0,24.0,168.0,0.8
PLT,low,0.2,NORMA_q_age_set,,754,12,0.0129629629629629,0.1167108753315649,0.1666666666666666,0.8840970350404312,0.0185353041517082,1.4298663202746396,2.0,86.0,656.0,10.0,,,,,,,,,,50.0,0.0,2.333333333333333,123.55256064690028,14.0,1066.0,24.0,168.0,0.8
PLT,low,0.2,NORMA_q_age_set,,691,11,0.0124223602484472,0.1678726483357453,0.1818181818181818,0.8323529411764706,0.0134582842666719,1.0833918834670917,2.0,114.0,566.0,9.0,,,,,,,,,,50.0,1.0,2.1818181818181817,159.93529411764706,12.0,954.0,24.0,168.0,0.8
PLT,low,0.2,NORMA_q_age_set,,1569,25,0.0175332527206771,0.0834926704907584,0.2,0.9183937823834196,0.0419044552963615,2.3899989331097227,5.0,126.0,1418.0,20.0,,,,,,,,,,60.0,0.0,5.8,132.61010362694302,29.0,1625.0,24.0,168.0,0.8
PLT,low,0.2,NORMA_q_age_set,,1005,16,0.0125276344878408,0.0218905472636815,0.1875,0.980788675429727,0.110177173825194,8.794730875340488,3.0,19.0,970.0,13.0,,,,,,,,,,60.0,1.0,3.1875,25.743174924165825,17.0,1340.0,24.0,168.0,0.8
PLT,low,0.2,NORMA_q_age_set,,1444,23,0.0212907518296739,0.0678670360110803,0.217391304347826,0.9345531315974666,0.0673893075197349,3.165191537567553,5.0,93.0,1328.0,18.0,,,,,,,,,,70.0,0.0,6.956521739130435,96.27234342012667,32.0,1471.0,24.0,168.0,0.8
PLT,low,0.2,NORMA_q_age_set,,1381,22,0.0166782487838776,0.0890658942795076,0.1818181818181818,0.9124356144223694,0.0340198814373337,2.039775391180134,4.0,119.0,1240.0,18.0,,,,,,,,,,70.0,1.0,4.363636363636363,123.90360559234732,24.0,1415.0,24.0,168.0,0.8
PLT,low,0.2,NORMA_q_age_set,,377,6,0.0188679245283018,0.1061007957559681,0.1666666666666666,0.894878706199461,0.0295876864183746,1.5681473801738577,1.0,39.0,332.0,5.0,,,,,,,,,,80.0,0.0,1.5,49.19676549865229,9.0,468.0,24.0,168.0,0.8
PLT,low,0.2,NORMA_334f7e21,,440,7,0.0184563758389261,0.0227272727272727,0.1428571428571428,0.979214780600462,0.1144456725455331,6.200874621557979,1.0,9.0,424.0,6.0,,,,,,,,,,30.0,1.0,1.5714285714285714,12.159353348729791,11.0,585.0,24.0,168.0,0.8
PLT,low,0.2,NORMA_334f7e21,,502,8,0.0191304347826086,0.0119521912350597,0.25,0.9919028340080972,0.3758472817817125,19.64656245677134,2.0,4.0,490.0,6.0,,,,,,,,,,40.0,0.0,2.75,4.566801619433198,11.0,564.0,24.0,168.0,0.8
PLT,low,0.2,NORMA_334f7e21,,439,7,0.0109034267912772,0.0091116173120728,0.1428571428571428,0.9930555555555556,0.1848523748395378,16.953603520997618,1.0,3.0,429.0,6.0,,,,,,,,,,40.0,1.0,1.0,4.409722222222222,7.0,635.0,24.0,168.0,0.8
PLT,low,0.2,NORMA_334f7e21,,754,12,0.0129629629629629,0.0623342175066313,0.1666666666666666,0.9393530997304582,0.0348347462174053,2.6872518510569807,2.0,45.0,697.0,10.0,,,,,,,,,,50.0,0.0,2.333333333333333,64.64959568733154,14.0,1066.0,24.0,168.0,0.8
PLT,low,0.2,NORMA_334f7e21,,691,11,0.0124223602484472,0.0347322720694645,0.1818181818181818,0.9676470588235294,0.0660226224574008,5.3148211078207686,2.0,22.0,658.0,9.0,,,,,,,,,,50.0,1.0,2.1818181818181817,30.86470588235294,12.0,954.0,24.0,168.0,0.8
PLT,low,0.2,NORMA_334f7e21,,1569,25,0.0175332527206771,0.0924155513065646,0.2,0.9093264248704664,0.0378727133089058,2.160050614238976,5.0,140.0,1404.0,20.0,,,,,,,,,,60.0,0.0,5.8,147.34455958549222,29.0,1625.0,24.0,168.0,0.8
PLT,low,0.2,NORMA_334f7e21,,1005,16,0.0125276344878408,0.044776119402985,0.1875,0.9575328614762386,0.0530423726942042,4.234029396825597,3.0,42.0,947.0,13.0,,,,,,,,,,60.0,1.0,3.1875,56.905965621840245,17.0,1340.0,24.0,168.0,0.8
PLT,low,0.2,NORMA_334f7e21,,1444,23,0.0212907518296739,0.0865650969529086,0.217391304347826,0.9155524278676987,0.0530307977944263,2.490790283906963,5.0,120.0,1301.0,18.0,,,,,,,,,,70.0,0.0,6.956521739130435,124.22237860661508,32.0,1471.0,24.0,168.0,0.8
PLT,low,0.2,NORMA_334f7e21,,1381,22,0.0166782487838776,0.0535843591600289,0.1818181818181818,0.9484915378955114,0.0564885839924765,3.386961348548904,4.0,70.0,1289.0,18.0,,,,,,,,,,70.0,1.0,4.363636363636363,72.88447387785136,24.0,1415.0,24.0,168.0,0.8
PLT,low,0.2,NORMA_334f7e21,,377,6,0.0188679245283018,0.1220159151193634,0.1666666666666666,0.8787061994609164,0.0257442231628617,1.3644438276316704,1.0,45.0,326.0,5.0,,,,,,,,,,80.0,0.0,1.5,56.76549865229111,9.0,468.0,24.0,168.0,0.8
PLT,low,0.2,NORMA_q_age,,440,7,0.0184563758389261,0.0181818181818181,0.1428571428571428,0.9838337182448036,0.1424853416297714,7.720114873758525,1.0,7.0,426.0,6.0,,,,,,,,,,30.0,1.0,1.5714285714285714,9.457274826789838,11.0,585.0,24.0,168.0,0.8
PLT,low,0.2,NORMA_q_age,,502,8,0.0191304347826086,0.0119521912350597,0.25,0.9919028340080972,0.3758472817817125,19.64656245677134,2.0,4.0,490.0,6.0,,,,,,,,,,40.0,0.0,2.75,4.566801619433198,11.0,564.0,24.0,168.0,0.8
PLT,low,0.2,NORMA_q_age,,439,7,0.0109034267912772,0.0045558086560364,0.1428571428571428,0.9976851851851852,0.4048734770384254,37.13268175123845,1.0,1.0,431.0,6.0,,,,,,,,,,40.0,1.0,1.0,1.4699074074074074,7.0,635.0,24.0,168.0,0.8
PLT,low,0.2,NORMA_q_age,,754,12,0.0129629629629629,0.1193633952254641,0.1666666666666666,0.8814016172506739,0.0181216811226091,1.397958258029852,2.0,88.0,654.0,10.0,,,,,,,,,,50.0,0.0,2.333333333333333,126.42587601078166,14.0,1066.0,24.0,168.0,0.8
PLT,low,0.2,NORMA_q_age,,691,11,0.0124223602484472,0.0405209840810419,0.1818181818181818,0.961764705882353,0.0564385608166991,4.543304145744283,2.0,26.0,654.0,9.0,,,,,,,,,,50.0,1.0,2.1818181818181817,36.476470588235294,12.0,954.0,24.0,168.0,0.8
PLT,low,0.2,NORMA_q_age,,1569,25,0.0175332527206771,0.0675589547482472,0.2,0.9345854922279792,0.0517401759415577,2.9509741726667755,5.0,101.0,1443.0,20.0,,,,,,,,,,60.0,0.0,5.8,106.29857512953367,29.0,1625.0,24.0,168.0,0.8
PLT,low,0.2,NORMA_q_age,,1005,16,0.0125276344878408,0.0338308457711442,0.1875,0.9686552072800808,0.0705362624269486,5.630453418433487,3.0,31.0,958.0,13.0,,,,,,,,,,60.0,1.0,3.1875,42.00202224469161,17.0,1340.0,24.0,168.0,0.8
PLT,low,0.2,NORMA_q_age,,1444,23,0.0212907518296739,0.0990304709141274,0.217391304347826,0.9028852920478536,0.0464349304395102,2.1809906390807448,5.0,138.0,1283.0,18.0,,,,,,,,,,70.0,0.0,6.956521739130435,142.85573539760733,32.0,1471.0,24.0,168.0,0.8
PLT,low,0.2,NORMA_q_age,,1381,22,0.0166782487838776,0.056480811006517,0.1818181818181818,0.9455481972038264,0.0535988076007237,3.2136951723933933,4.0,74.0,1285.0,18.0,,,,,,,,,,70.0,1.0,4.363636363636363,77.04930095658572,24.0,1415.0,24.0,168.0,0.8
PLT,low,0.2,NORMA_q_age,,377,6,0.0188679245283018,0.0981432360742705,0.1666666666666666,0.9029649595687332,0.0319744893562009,1.6946479358786524,1.0,36.0,335.0,5.0,,,,,,,,,,80.0,0.0,1.5,45.41239892183288,9.0,468.0,24.0,168.0,0.8
PLT,low,0.2,NORMA_q_set,,440,7,0.0184563758389261,0.025,0.1428571428571428,0.976905311778291,0.1041935554437468,5.645396276770284,1.0,10.0,423.0,6.0,,,,,,,,,,30.0,1.0,1.5714285714285714,13.51039260969977,11.0,585.0,24.0,168.0,0.8
PLT,low,0.2,NORMA_q_set,,502,8,0.0191304347826086,0.0119521912350597,0.25,0.9919028340080972,0.3758472817817125,19.64656245677134,2.0,4.0,490.0,6.0,,,,,,,,,,40.0,0.0,2.75,4.566801619433198,11.0,564.0,24.0,168.0,0.8
PLT,low,0.2,NORMA_q_set,,439,7,0.0109034267912772,0.0136674259681093,0.1428571428571428,0.988425925925926,0.1197671194898807,10.984355816071922,1.0,5.0,427.0,6.0,,,,,,,,,,40.0,1.0,1.0,7.349537037037037,7.0,635.0,24.0,168.0,0.8
PLT,low,0.2,NORMA_q_set,,754,12,0.0129629629629629,0.1657824933687002,0.1666666666666666,0.8342318059299192,0.0130323072754097,1.0053494183887512,2.0,123.0,619.0,10.0,,,,,,,,,,50.0,0.0,2.333333333333333,176.7088948787062,14.0,1066.0,24.0,168.0,0.8
PLT,low,0.2,NORMA_q_set,,691,11,0.0124223602484472,0.1620839363241678,0.1818181818181818,0.8382352941176471,0.0139408538772999,1.1222387371226488,2.0,110.0,570.0,9.0,,,,,,,,,,50.0,1.0,2.1818181818181817,154.3235294117647,12.0,954.0,24.0,168.0,0.8
PLT,low,0.2,NORMA_q_set,,1569,25,0.0175332527206771,0.105799872530274,0.2,0.8957253886010362,0.0330962871636579,1.887629619610008,5.0,161.0,1383.0,20.0,,,,,,,,,,60.0,0.0,5.8,169.44624352331607,29.0,1625.0,24.0,168.0,0.8
PLT,low,0.2,NORMA_q_set,,1005,16,0.0125276344878408,0.0208955223880597,0.1875,0.9817997977755308,0.1155906031501584,9.226849910280295,3.0,18.0,971.0,13.0,,,,,,,,,,60.0,1.0,3.1875,24.38827098078868,17.0,1340.0,24.0,168.0,0.8
PLT,low,0.2,NORMA_q_set,,1444,23,0.0212907518296739,0.0782548476454293,0.217391304347826,0.9239971850809288,0.0585779491740447,2.751333050268413,5.0,108.0,1313.0,18.0,,,,,,,,,,70.0,0.0,6.956521739130435,111.80014074595356,32.0,1471.0,24.0,168.0,0.8
PLT,low,0.2,NORMA_q_set,,1381,22,0.0166782487838776,0.0550325850832729,0.1818181818181818,0.9470198675496688,0.05500576771295,3.298054155788962,4.0,72.0,1287.0,18.0,,,,,,,,,,70.0,1.0,4.363636363636363,74.96688741721854,24.0,1415.0,24.0,168.0,0.8
PLT,low,0.2,NORMA_q_set,,377,6,0.0188679245283018,0.1061007957559681,0.1666666666666666,0.894878706199461,0.0295876864183746,1.5681473801738577,1.0,39.0,332.0,5.0,,,,,,,,,,80.0,0.0,1.5,49.19676549865229,9.0,468.0,24.0,168.0,0.8
PLT,low,0.2,NORMA_q_co,,440,7,0.0184563758389261,0.0318181818181818,0.1428571428571428,0.9699769053117784,0.0821235215007414,4.449601710403806,1.0,13.0,420.0,6.0,,,,,,,,,,30.0,1.0,1.5714285714285714,17.5635103926097,11.0,585.0,24.0,168.0,0.8
PLT,low,0.2,NORMA_q_co,,502,8,0.0191304347826086,0.0079681274900398,0.25,0.9959514170040484,0.5463502915745023,28.559219786848985,2.0,2.0,492.0,6.0,,,,,,,,,,40.0,0.0,2.75,2.283400809716599,11.0,564.0,24.0,168.0,0.8
PLT,low,0.2,NORMA_q_co,,439,7,0.0109034267912772,0.0022779043280182,0.1428571428571428,1.0,1.0,91.71428571428572,1.0,0.0,432.0,6.0,,,,,,,,,,40.0,1.0,1.0,0.0,7.0,635.0,24.0,168.0,0.8
PLT,low,0.2,NORMA_q_co,,754,12,0.0129629629629629,0.1511936339522546,0.1666666666666666,0.8490566037735849,0.0142939703332691,1.102677711423618,2.0,112.0,630.0,10.0,,,,,,,,,,50.0,0.0,2.333333333333333,160.9056603773585,14.0,1066.0,24.0,168.0,0.8
PLT,low,0.2,NORMA_q_co,,691,11,0.0124223602484472,0.0463096960926193,0.1818181818181818,0.9558823529411764,0.0492842906323609,3.967385395905056,2.0,30.0,650.0,9.0,,,,,,,,,,50.0,1.0,2.1818181818181817,42.088235294117645,12.0,954.0,24.0,168.0,0.8
PLT,low,0.2,NORMA_q_co,,1569,25,0.0175332527206771,0.0879541108986615,0.2,0.913860103626943,0.0397867071381667,2.2692142622940623,5.0,133.0,1411.0,20.0,,,,,,,,,,60.0,0.0,5.8,139.9773316062176,29.0,1625.0,24.0,168.0,0.8
PLT,low,0.2,NORMA_q_co,,1005,16,0.0125276344878408,0.0338308457711442,0.1875,0.9686552072800808,0.0705362624269486,5.630453418433487,3.0,31.0,958.0,13.0,,,,,,,,,,60.0,1.0,3.1875,42.00202224469161,17.0,1340.0,24.0,168.0,0.8
PLT,low,0.2,NORMA_q_co,,1444,23,0.0212907518296739,0.1087257617728531,0.217391304347826,0.8930330752990852,0.0423391091505809,1.988615032916348,5.0,152.0,1269.0,18.0,,,,,,,,,,70.0,0.0,6.956521739130435,157.34834623504574,32.0,1471.0,24.0,168.0,0.8
PLT,low,0.2,NORMA_q_co,,1381,22,0.0166782487838776,0.0608254887762491,0.1818181818181818,0.9411331861662988,0.0497790041757222,2.984666125369344,4.0,80.0,1279.0,18.0,,,,,,,,,,70.0,1.0,4.363636363636363,83.29654157468727,24.0,1415.0,24.0,168.0,0.8
PLT,low,0.2,NORMA_q_co,,377,6,0.0188679245283018,0.1034482758620689,0.1666666666666666,0.8975741239892183,0.0303426842234399,1.608162263842316,1.0,38.0,333.0,5.0,,,,,,,,,,80.0,0.0,1.5,47.93530997304583,9.0,468.0,24.0,168.0,0.8
PLT,low,0.2,NORMA_q_age_set_co,,440,7,0.0184563758389261,0.0272727272727272,0.1428571428571428,0.97459584295612,0.0956272084805653,5.181256023128815,1.0,11.0,422.0,6.0,,,,,,,,,,30.0,1.0,1.5714285714285714,14.861431870669746,11.0,585.0,24.0,168.0,0.8
PLT,low,0.2,NORMA_q_age_set_co,,502,8,0.0191304347826086,0.0059760956175298,0.25,0.9979757085020244,0.7066319895968791,36.93758127438232,2.0,1.0,493.0,6.0,,,,,,,,,,40.0,0.0,2.75,1.1417004048582995,11.0,564.0,24.0,168.0,0.8
PLT,low,0.2,NORMA_q_age_set_co,,439,7,0.0109034267912772,0.0045558086560364,0.1428571428571428,0.9976851851851852,0.4048734770384254,37.13268175123845,1.0,1.0,431.0,6.0,,,,,,,,,,40.0,1.0,1.0,1.4699074074074074,7.0,635.0,24.0,168.0,0.8
PLT,low,0.2,NORMA_q_age_set_co,,754,12,0.0129629629629629,0.1061007957559681,0.1666666666666666,0.894878706199461,0.0203975840212379,1.573527910209788,2.0,78.0,664.0,10.0,,,,,,,,,,50.0,0.0,2.333333333333333,112.05929919137466,14.0,1066.0,24.0,168.0,0.8
PLT,low,0.2,NORMA_q_age_set_co,,691,11,0.0124223602484472,0.0419681620839363,0.1818181818181818,0.9602941176470589,0.0544620867789279,4.384197985703702,2.0,27.0,653.0,9.0,,,,,,,,,,50.0,1.0,2.1818181818181817,37.879411764705885,12.0,954.0,24.0,168.0,0.8
PLT,low,0.2,NORMA_q_age_set_co,,1569,25,0.0175332527206771,0.0522625876354365,0.2,0.9501295336787564,0.0667898765067474,3.809326060074493,5.0,77.0,1467.0,20.0,,,,,,,,,,60.0,0.0,5.8,81.03950777202073,29.0,1625.0,24.0,168.0,0.8
PLT,low,0.2,NORMA_q_age_set_co,,1005,16,0.0125276344878408,0.0139303482587064,0.1875,0.9888776541961576,0.1761882638964087,14.063969065142745,3.0,11.0,978.0,13.0,,,,,,,,,,60.0,1.0,3.1875,14.903943377148636,17.0,1340.0,24.0,168.0,0.8
PLT,low,0.2,NORMA_q_age_set_co,,1444,23,0.0212907518296739,0.1101108033240997,0.217391304347826,0.8916256157635468,0.0418122414090519,1.963868713681408,5.0,154.0,1267.0,18.0,,,,,,,,,,70.0,0.0,6.956521739130435,159.41871921182266,32.0,1471.0,24.0,168.0,0.8
PLT,low,0.2,NORMA_q_age_set_co,,1381,22,0.0166782487838776,0.0499637943519189,0.1818181818181818,0.9521707137601176,0.0605706634526726,3.6317160295164994,4.0,65.0,1294.0,18.0,,,,,,,,,,70.0,1.0,4.363636363636363,67.6784400294334,24.0,1415.0,24.0,168.0,0.8
PLT,low,0.2,NORMA_q_age_set_co,,377,6,0.0188679245283018,0.1511936339522546,0.1666666666666666,0.8490566037735849,0.0207924676343664,1.10200078462142,1.0,56.0,315.0,5.0,,,,,,,,,,80.0,0.0,1.5,70.64150943396227,9.0,468.0,24.0,168.0,0.8
TBIL,high,0.2,PopRI,,159,5,0.0652173913043478,0.0125786163522012,0.2,0.9935064935064936,0.6824224519940917,10.463810930576074,1.0,1.0,153.0,4.0,,,,,,,,,,20.0,0.0,2.4,1.1168831168831168,12.0,172.0,24.0,168.0,0.8
TBIL,high,0.2,PopRI,,286,9,0.0356164383561643,0.0174825174825174,0.2222222222222222,0.9891696750902528,0.4311025978690291,12.104034478630432,2.0,3.0,274.0,7.0,,,,,,,,,,40.0,0.0,2.888888888888889,3.812274368231047,13.0,352.0,24.0,168.0,0.8
TBIL,high,0.2,PopRI,,350,11,0.0292682926829268,0.1057142857142857,0.1818181818181818,0.8967551622418879,0.0504195431503538,1.7226677243037565,2.0,35.0,304.0,9.0,,,,,,,,,,40.0,1.0,2.1818181818181817,41.091445427728615,12.0,398.0,24.0,168.0,0.8
TBIL,high,0.2,PopRI,,668,21,0.031081081081081,0.0568862275449101,0.1904761904761904,0.947449768160742,0.1041609065869646,3.3512639510588635,4.0,34.0,613.0,17.0,,,,,,,,,,50.0,0.0,4.380952380952381,37.67851622874807,23.0,717.0,24.0,168.0,0.8
TBIL,high,0.2,PopRI,,414,13,0.0182841068917018,0.0458937198067632,0.2307692307692307,0.9600997506234414,0.0972435534718292,5.318474347574663,3.0,16.0,385.0,10.0,,,,,,,,,,50.0,1.0,3.0,27.850374064837904,13.0,698.0,24.0,168.0,0.8
TBIL,high,0.2,PopRI,,1177,37,0.0384937238493723,0.0101954120645709,0.1891891891891892,0.9956140350877192,0.6332841653080765,16.451621250938075,7.0,5.0,1135.0,30.0,,,,,,,,,,60.0,0.0,8.702702702702704,5.039473684210527,46.0,1149.0,24.0,168.0,0.8
TBIL,high,0.2,PopRI,,891,28,0.0270793036750483,0.0269360269360269,0.2142857142857142,0.9791425260718424,0.2223653697500644,8.21163544005595,6.0,18.0,845.0,22.0,,,,,,,,,,60.0,1.0,6.0,20.982618771726536,28.0,1006.0,24.0,168.0,0.8
TBIL,high,0.2,PopRI,,1146,36,0.0336134453781512,0.0724258289703315,0.1944444444444444,0.9315315315315316,0.0898993405067685,2.6745053800763627,7.0,76.0,1034.0,29.0,,,,,,,,,,70.0,0.0,7.777777777777778,78.73873873873873,40.0,1150.0,24.0,168.0,0.8
TBIL,high,0.2,PopRI,,1082,34,0.0336363636363636,0.0304990757855822,0.2058823529411764,0.9751908396946564,0.224115780052249,6.662901569120916,7.0,26.0,1022.0,27.0,,,,,,,,,,70.0,1.0,7.617647058823529,26.37213740458015,37.0,1063.0,24.0,168.0,0.8
TBIL,high,0.2,PopRI,,319,10,0.0456989247311828,0.0250783699059561,0.2,0.9805825242718448,0.3303150348990756,7.228070175438597,2.0,6.0,303.0,8.0,,,,,,,,,,80.0,0.0,3.4,6.893203883495145,17.0,355.0,24.0,168.0,0.8
TBIL,high,0.2,PopRI,,287,9,0.033033033033033,0.0069686411149825,0.2222222222222222,1.0,1.0,30.272727272727277,2.0,0.0,278.0,7.0,,,,,,,,,,80.0,1.0,2.4444444444444446,0.0,11.0,322.0,24.0,168.0,0.8
TBIL,high,0.2,PerRI,,159,5,0.0652173913043478,0.2641509433962264,0.2,0.7337662337662337,0.0498005820847256,0.7636089252991269,1.0,41.0,113.0,4.0,,,,,,,,,,20.0,0.0,2.4,45.79220779220779,12.0,172.0,24.0,168.0,0.8
TBIL,high,0.2,PerRI,,286,9,0.0356164383561643,0.1083916083916083,0.2222222222222222,0.8953068592057761,0.0726931384621596,2.0409996568221738,2.0,29.0,248.0,7.0,,,,,,,,,,40.0,0.0,2.888888888888889,36.85198555956679,13.0,352.0,24.0,168.0,0.8
TBIL,high,0.2,PerRI,,350,11,0.0292682926829268,0.2257142857142857,0.1818181818181818,0.7728613569321534,0.0235660782871145,0.8051743414764134,2.0,77.0,262.0,9.0,,,,,,,,,,40.0,1.0,2.1818181818181817,90.40117994100297,12.0,398.0,24.0,168.0,0.8
TBIL,high,0.2,PerRI,,668,21,0.031081081081081,0.1407185628742515,0.1904761904761904,0.8608964451313755,0.0420767198198287,1.353772724637968,4.0,90.0,557.0,17.0,,,,,,,,,,50.0,0.0,4.380952380952381,99.73724884080372,23.0,717.0,24.0,168.0,0.8
TBIL,high,0.2,PerRI,,414,13,0.0182841068917018,0.0797101449275362,0.2307692307692307,0.9251870324189526,0.0543286817504403,2.971360978812544,3.0,30.0,371.0,10.0,,,,,,,,,,50.0,1.0,3.0,52.21945137157108,13.0,698.0,24.0,168.0,0.8
TBIL,high,0.2,PerRI,,1177,37,0.0384937238493723,0.1886151231945624,0.1891891891891892,0.8114035087719298,0.0386100264268528,1.00302133869759,7.0,215.0,925.0,30.0,,,,,,,,,,60.0,0.0,8.702702702702704,216.69736842105263,46.0,1149.0,24.0,168.0,0.8
TBIL,high,0.2,PerRI,,891,28,0.0270793036750483,0.11672278338945,0.2142857142857142,0.8864426419466975,0.0499007381994102,1.842762974935363,6.0,98.0,765.0,22.0,,,,,,,,,,60.0,1.0,6.0,114.23870220162225,28.0,1006.0,24.0,168.0,0.8
TBIL,high,0.2,PerRI,,1146,36,0.0336134453781512,0.2870855148342059,0.1944444444444444,0.7099099099099099,0.022783251231527,0.677801724137931,7.0,322.0,788.0,29.0,,,,,,,,,,70.0,0.0,7.777777777777778,333.60360360360363,40.0,1150.0,24.0,168.0,0.8
TBIL,high,0.2,PerRI,,1082,34,0.0336363636363636,0.1792975970425138,0.2058823529411764,0.8215648854961832,0.0386106032074601,1.1478827980596262,7.0,187.0,861.0,27.0,,,,,,,,,,70.0,1.0,7.617647058823529,189.67652671755727,37.0,1063.0,24.0,168.0,0.8
TBIL,high,0.2,PerRI,,319,10,0.0456989247311828,0.122257053291536,0.2,0.8802588996763754,0.0740610196255357,1.6206293706293706,2.0,37.0,272.0,8.0,,,,,,,,,,80.0,0.0,3.4,42.50809061488673,17.0,355.0,24.0,168.0,0.8
TBIL,high,0.2,PerRI,,287,9,0.033033033033033,0.0975609756097561,0.2222222222222222,0.9064748201438848,0.0750761072375528,2.2727585191004622,2.0,26.0,252.0,7.0,,,,,,,,,,80.0,1.0,2.4444444444444446,30.115107913669064,11.0,322.0,24.0,168.0,0.8
TBIL,high,0.2,Cohen_m2,,159,5,0.0652173913043478,0.0314465408805031,0.2,0.974025974025974,0.3494704992435704,5.35854765506808,1.0,4.0,150.0,4.0,,,,,,,,,,20.0,0.0,2.4,4.467532467532467,12.0,172.0,24.0,168.0,0.8
TBIL,high,0.2,Cohen_m2,,286,9,0.0356164383561643,0.0419580419580419,0.2222222222222222,0.9638989169675092,0.1852270973715344,5.200606964662312,2.0,10.0,267.0,7.0,,,,,,,,,,40.0,0.0,2.888888888888889,12.707581227436824,13.0,352.0,24.0,168.0,0.8
TBIL,high,0.2,Cohen_m2,,350,11,0.0292682926829268,0.1457142857142857,0.1818181818181818,0.855457227138643,0.0365403443846616,1.2484617664759408,2.0,49.0,290.0,9.0,,,,,,,,,,40.0,1.0,2.1818181818181817,57.528023598820056,12.0,398.0,24.0,168.0,0.8
TBIL,high,0.2,Cohen_m2,,668,21,0.031081081081081,0.0209580838323353,0.1904761904761904,0.9845440494590416,0.283320799261283,9.11553875884128,4.0,10.0,637.0,17.0,,,,,,,,,,50.0,0.0,4.380952380952381,11.08191653786708,23.0,717.0,24.0,168.0,0.8
TBIL,high,0.2,Cohen_m2,,414,13,0.0182841068917018,0.0458937198067632,0.2307692307692307,0.9600997506234414,0.0972435534718292,5.318474347574663,3.0,16.0,385.0,10.0,,,,,,,,,,50.0,1.0,3.0,27.850374064837904,13.0,698.0,24.0,168.0,0.8
TBIL,high,0.2,Cohen_m2,,1177,37,0.0384937238493723,0.0263381478334749,0.1891891891891892,0.9789473684210528,0.2645827567118738,6.873399875449765,7.0,24.0,1116.0,30.0,,,,,,,,,,60.0,0.0,8.702702702702704,24.18947368421053,46.0,1149.0,24.0,168.0,0.8
TBIL,high,0.2,Cohen_m2,,891,28,0.0270793036750483,0.0202020202020202,0.2142857142857142,0.9860950173812284,0.3001739130434782,11.084993788819874,6.0,12.0,851.0,22.0,,,,,,,,,,60.0,1.0,6.0,13.988412514484358,28.0,1006.0,24.0,168.0,0.8
TBIL,high,0.2,Cohen_m2,,1146,36,0.0336134453781512,0.06282722513089,0.1944444444444444,0.9414414414414416,0.1035378772736358,3.080251848890666,7.0,65.0,1045.0,29.0,,,,,,,,,,70.0,0.0,7.777777777777778,67.34234234234235,40.0,1150.0,24.0,168.0,0.8
TBIL,high,0.2,Cohen_m2,,1082,34,0.0336363636363636,0.0378927911275415,0.2058823529411764,0.9675572519083968,0.1809233066268513,5.37880100782531,7.0,34.0,1014.0,27.0,,,,,,,,,,70.0,1.0,7.617647058823529,34.48664122137404,37.0,1063.0,24.0,168.0,0.8
TBIL,high,0.2,Cohen_m2,,319,10,0.0456989247311828,0.0313479623824451,0.2,0.9741100323624596,0.2700354701074384,5.909011463527476,2.0,8.0,301.0,8.0,,,,,,,,,,80.0,0.0,3.4,9.19093851132686,17.0,355.0,24.0,168.0,0.8
TBIL,high,0.2,Cohen_m2,,287,9,0.033033033033033,0.0104529616724738,0.2222222222222222,0.9964028776978416,0.6785001109385401,20.540048812957625,2.0,1.0,277.0,7.0,,,,,,,,,,80.0,1.0,2.4444444444444446,1.158273381294964,11.0,322.0,24.0,168.0,0.8
TBIL,high,0.2,Cohen_m3,,159,5,0.0652173913043478,0.1257861635220125,0.2,0.8766233766233766,0.1016054541455905,1.5579502968990544,1.0,19.0,135.0,4.0,,,,,,,,,,20.0,0.0,2.4,21.22077922077922,12.0,172.0,24.0,168.0,0.8
TBIL,high,0.2,Cohen_m3,,286,9,0.0356164383561643,0.0524475524475524,0.2222222222222222,0.9530685920577616,0.1488447071466953,4.179101392964907,2.0,13.0,264.0,7.0,,,,,,,,,,40.0,0.0,2.888888888888889,16.51985559566787,13.0,352.0,24.0,168.0,0.8
TBIL,high,0.2,Cohen_m3,,350,11,0.0292682926829268,0.16,0.1818181818181818,0.8407079646017699,0.0332695421757691,1.1367093576721137,2.0,54.0,285.0,9.0,,,,,,,,,,40.0,1.0,2.1818181818181817,63.39823008849557,12.0,398.0,24.0,168.0,0.8
TBIL,high,0.2,Cohen_m3,,668,21,0.031081081081081,0.061377245508982,0.1904761904761904,0.9428129829984544,0.096530675458498,3.105769558229936,4.0,37.0,610.0,17.0,,,,,,,,,,50.0,0.0,4.380952380952381,41.003091190108194,23.0,717.0,24.0,168.0,0.8
TBIL,high,0.2,Cohen_m3,,414,13,0.0182841068917018,0.0241545893719806,0.2307692307692307,0.9825436408977556,0.1975693874199376,10.805525727351972,3.0,7.0,394.0,10.0,,,,,,,,,,50.0,1.0,3.0,12.184538653366584,13.0,698.0,24.0,168.0,0.8
TBIL,high,0.2,Cohen_m3,,1177,37,0.0384937238493723,0.0407816482582837,0.1891891891891892,0.9640350877192982,0.1739622475194456,4.519236647516034,7.0,41.0,1099.0,30.0,,,,,,,,,,60.0,0.0,8.702702702702704,41.32368421052632,46.0,1149.0,24.0,168.0,0.8
TBIL,high,0.2,Cohen_m3,,891,28,0.0270793036750483,0.0291806958473625,0.2142857142857142,0.9768250289687138,0.2046802118744564,7.558547824221,6.0,20.0,843.0,22.0,,,,,,,,,,60.0,1.0,6.0,23.314020857473928,28.0,1006.0,24.0,168.0,0.8
TBIL,high,0.2,Cohen_m3,,1146,36,0.0336134453781512,0.0767888307155322,0.1944444444444444,0.927027027027027,0.0848206975601768,2.523415752415261,7.0,81.0,1029.0,29.0,,,,,,,,,,70.0,0.0,7.777777777777778,83.91891891891892,40.0,1150.0,24.0,168.0,0.8
TBIL,high,0.2,Cohen_m3,,1082,34,0.0336363636363636,0.0563770794824399,0.2058823529411764,0.948473282442748,0.1220961720120552,3.629886194952993,7.0,54.0,994.0,27.0,,,,,,,,,,70.0,1.0,7.617647058823529,54.77290076335878,37.0,1063.0,24.0,168.0,0.8
TBIL,high,0.2,Cohen_m3,,319,10,0.0456989247311828,0.0250783699059561,0.2,0.9805825242718448,0.3303150348990756,7.228070175438597,2.0,6.0,303.0,8.0,,,,,,,,,,80.0,0.0,3.4,6.893203883495145,17.0,355.0,24.0,168.0,0.8
TBIL,high,0.2,Cohen_m3,,287,9,0.033033033033033,0.024390243902439,0.2222222222222222,0.9820143884892086,0.2968067553139862,8.9851499563234,2.0,5.0,273.0,7.0,,,,,,,,,,80.0,1.0,2.4444444444444446,5.7913669064748206,11.0,322.0,24.0,168.0,0.8
TBIL,high,0.2,Cohen_m4,,159,5,0.0652173913043478,0.0314465408805031,0.2,0.974025974025974,0.3494704992435704,5.35854765506808,1.0,4.0,150.0,4.0,,,,,,,,,,20.0,0.0,2.4,4.467532467532467,12.0,172.0,24.0,168.0,0.8
TBIL,high,0.2,Cohen_m4,,286,9,0.0356164383561643,0.0664335664335664,0.2222222222222222,0.9386281588447654,0.1179534213370893,3.311769137541354,2.0,17.0,260.0,7.0,,,,,,,,,,40.0,0.0,2.888888888888889,21.6028880866426,13.0,352.0,24.0,168.0,0.8
TBIL,high,0.2,Cohen_m4,,350,11,0.0292682926829268,0.0914285714285714,0.1818181818181818,0.911504424778761,0.0583326163641056,1.993031059106943,2.0,30.0,309.0,9.0,,,,,,,,,,40.0,1.0,2.1818181818181817,35.2212389380531,12.0,398.0,24.0,168.0,0.8
TBIL,high,0.2,Cohen_m4,,668,21,0.031081081081081,0.0344311377245509,0.1904761904761904,0.9706336939721792,0.1722303078352001,5.541322947741222,4.0,19.0,628.0,17.0,,,,,,,,,,50.0,0.0,4.380952380952381,21.05564142194745,23.0,717.0,24.0,168.0,0.8
TBIL,high,0.2,Cohen_m4,,414,13,0.0182841068917018,0.0917874396135265,0.2307692307692307,0.912718204488778,0.0469316896188507,2.5668024091540653,3.0,35.0,366.0,10.0,,,,,,,,,,50.0,1.0,3.0,60.92269326683292,13.0,698.0,24.0,168.0,0.8
TBIL,high,0.2,Cohen_m4,,1177,37,0.0384937238493723,0.0339847068819031,0.1891891891891892,0.9710526315789474,0.2073887759892746,5.3875997240692,7.0,33.0,1107.0,30.0,,,,,,,,,,60.0,0.0,8.702702702702704,33.26052631578948,46.0,1149.0,24.0,168.0,0.8
TBIL,high,0.2,Cohen_m4,,891,28,0.0270793036750483,0.0404040404040404,0.2142857142857142,0.9652375434530708,0.1464449346682504,5.408002230248963,6.0,30.0,833.0,22.0,,,,,,,,,,60.0,1.0,6.0,34.971031286210895,28.0,1006.0,24.0,168.0,0.8
TBIL,high,0.2,Cohen_m4,,1146,36,0.0336134453781512,0.0994764397905759,0.1944444444444444,0.9036036036036036,0.0655613213517276,1.9504493102138971,7.0,107.0,1003.0,29.0,,,,,,,,,,70.0,0.0,7.777777777777778,110.85585585585584,40.0,1150.0,24.0,168.0,0.8
TBIL,high,0.2,Cohen_m4,,1082,34,0.0336363636363636,0.0397412199630314,0.2058823529411764,0.965648854961832,0.1726069350046803,5.131557527166171,7.0,36.0,1012.0,27.0,,,,,,,,,,70.0,1.0,7.617647058823529,36.51526717557252,37.0,1063.0,24.0,168.0,0.8
TBIL,high,0.2,Cohen_m4,,319,10,0.0456989247311828,0.0532915360501567,0.2,0.9514563106796116,0.1647844908714474,3.605872388481084,2.0,15.0,294.0,8.0,,,,,,,,,,80.0,0.0,3.4,17.233009708737864,17.0,355.0,24.0,168.0,0.8
TBIL,high,0.2,Cohen_m4,,287,9,0.033033033033033,0.0139372822299651,0.2222222222222222,0.9928057553956836,0.5134318334452653,15.542981867024851,2.0,2.0,276.0,7.0,,,,,,,,,,80.0,1.0,2.4444444444444446,2.316546762589928,11.0,322.0,24.0,168.0,0.8
TBIL,high,0.2,Gaussian_mle,,159,5,0.0652173913043478,0.2641509433962264,0.2,0.7337662337662337,0.0498005820847256,0.7636089252991269,1.0,41.0,113.0,4.0,,,,,,,,,,20.0,0.0,2.4,45.79220779220779,12.0,172.0,24.0,168.0,0.8
TBIL,high,0.2,Gaussian_mle,,286,9,0.0356164383561643,0.1083916083916083,0.2222222222222222,0.8953068592057761,0.0726931384621596,2.0409996568221738,2.0,29.0,248.0,7.0,,,,,,,,,,40.0,0.0,2.888888888888889,36.85198555956679,13.0,352.0,24.0,168.0,0.8
TBIL,high,0.2,Gaussian_mle,,350,11,0.0292682926829268,0.2257142857142857,0.1818181818181818,0.7728613569321534,0.0235660782871145,0.8051743414764134,2.0,77.0,262.0,9.0,,,,,,,,,,40.0,1.0,2.1818181818181817,90.40117994100297,12.0,398.0,24.0,168.0,0.8
TBIL,high,0.2,Gaussian_mle,,668,21,0.031081081081081,0.1407185628742515,0.1904761904761904,0.8608964451313755,0.0420767198198287,1.353772724637968,4.0,90.0,557.0,17.0,,,,,,,,,,50.0,0.0,4.380952380952381,99.73724884080372,23.0,717.0,24.0,168.0,0.8
TBIL,high,0.2,Gaussian_mle,,414,13,0.0182841068917018,0.0797101449275362,0.2307692307692307,0.9251870324189526,0.0543286817504403,2.971360978812544,3.0,30.0,371.0,10.0,,,,,,,,,,50.0,1.0,3.0,52.21945137157108,13.0,698.0,24.0,168.0,0.8
TBIL,high,0.2,Gaussian_mle,,1177,37,0.0384937238493723,0.1886151231945624,0.1891891891891892,0.8114035087719298,0.0386100264268528,1.00302133869759,7.0,215.0,925.0,30.0,,,,,,,,,,60.0,0.0,8.702702702702704,216.69736842105263,46.0,1149.0,24.0,168.0,0.8
TBIL,high,0.2,Gaussian_mle,,891,28,0.0270793036750483,0.11672278338945,0.2142857142857142,0.8864426419466975,0.0499007381994102,1.842762974935363,6.0,98.0,765.0,22.0,,,,,,,,,,60.0,1.0,6.0,114.23870220162225,28.0,1006.0,24.0,168.0,0.8
TBIL,high,0.2,Gaussian_mle,,1146,36,0.0336134453781512,0.2870855148342059,0.1944444444444444,0.7099099099099099,0.022783251231527,0.677801724137931,7.0,322.0,788.0,29.0,,,,,,,,,,70.0,0.0,7.777777777777778,333.60360360360363,40.0,1150.0,24.0,168.0,0.8
TBIL,high,0.2,Gaussian_mle,,1082,34,0.0336363636363636,0.1792975970425138,0.2058823529411764,0.8215648854961832,0.0386106032074601,1.1478827980596262,7.0,187.0,861.0,27.0,,,,,,,,,,70.0,1.0,7.617647058823529,189.67652671755727,37.0,1063.0,24.0,168.0,0.8
TBIL,high,0.2,Gaussian_mle,,319,10,0.0456989247311828,0.122257053291536,0.2,0.8802588996763754,0.0740610196255357,1.6206293706293706,2.0,37.0,272.0,8.0,,,,,,,,,,80.0,0.0,3.4,42.50809061488673,17.0,355.0,24.0,168.0,0.8
TBIL,high,0.2,Gaussian_mle,,287,9,0.033033033033033,0.0975609756097561,0.2222222222222222,0.9064748201438848,0.0750761072375528,2.2727585191004622,2.0,26.0,252.0,7.0,,,,,,,,,,80.0,1.0,2.4444444444444446,30.115107913669064,11.0,322.0,24.0,168.0,0.8
TBIL,high,0.2,Gaussian_trunc,,159,5,0.0652173913043478,0.3018867924528302,0.2,0.6948051948051948,0.043721018264408,0.6703889467209235,1.0,47.0,107.0,4.0,,,,,,,,,,20.0,0.0,2.4,52.493506493506494,12.0,172.0,24.0,168.0,0.8
TBIL,high,0.2,Gaussian_trunc,,286,9,0.0356164383561643,0.2027972027972027,0.2222222222222222,0.7978339350180506,0.0390119711824928,1.0953361139699909,2.0,56.0,221.0,7.0,,,,,,,,,,40.0,0.0,2.888888888888889,71.16245487364621,13.0,352.0,24.0,168.0,0.8
TBIL,high,0.2,Gaussian_trunc,,350,11,0.0292682926829268,0.0514285714285714,0.1818181818181818,0.952802359882006,0.1040622122173334,3.5554589174255606,2.0,16.0,323.0,9.0,,,,,,,,,,40.0,1.0,2.1818181818181817,18.78466076696165,12.0,398.0,24.0,168.0,0.8
TBIL,high,0.2,Gaussian_trunc,,668,21,0.031081081081081,0.1931137724550898,0.1904761904761904,0.8068006182380216,0.0306564162729721,0.9863368713912762,4.0,125.0,522.0,17.0,,,,,,,,,,50.0,0.0,4.380952380952381,138.52395672333847,23.0,717.0,24.0,168.0,0.8
TBIL,high,0.2,Gaussian_trunc,,414,13,0.0182841068917018,0.4516908212560386,0.2307692307692307,0.5411471321695761,0.0092799012612334,0.5075392151336149,3.0,184.0,217.0,10.0,,,,,,,,,,50.0,1.0,3.0,320.2793017456359,13.0,698.0,24.0,168.0,0.8
TBIL,high,0.2,Gaussian_trunc,,1177,37,0.0384937238493723,0.2531860662701784,0.1891891891891892,0.7447368421052631,0.0288168895799248,0.7486126749567429,7.0,291.0,849.0,30.0,,,,,,,,,,60.0,0.0,8.702702702702704,293.2973684210526,46.0,1149.0,24.0,168.0,0.8
TBIL,high,0.2,Gaussian_trunc,,891,28,0.0270793036750483,0.2760942760942761,0.2142857142857142,0.7219003476245655,0.0209960343527236,0.7753535543112945,6.0,240.0,623.0,22.0,,,,,,,,,,60.0,1.0,6.0,279.7682502896872,28.0,1006.0,24.0,168.0,0.8
TBIL,high,0.2,Gaussian_trunc,,1146,36,0.0336134453781512,0.2469458987783595,0.1944444444444444,0.7513513513513513,0.0264799100296493,0.7877773233820673,7.0,276.0,834.0,29.0,,,,,,,,,,70.0,0.0,7.777777777777778,285.94594594594594,40.0,1150.0,24.0,168.0,0.8
TBIL,high,0.2,Gaussian_trunc,,1082,34,0.0336363636363636,0.2597042513863216,0.2058823529411764,0.7385496183206107,0.0266780941073327,0.7931325275152982,7.0,274.0,774.0,27.0,,,,,,,,,,70.0,1.0,7.617647058823529,277.92175572519085,37.0,1063.0,24.0,168.0,0.8
TBIL,high,0.2,Gaussian_trunc,,319,10,0.0456989247311828,0.3667711598746082,0.2,0.627831715210356,0.0250885957454937,0.5489975069013936,2.0,115.0,194.0,8.0,,,,,,,,,,80.0,0.0,3.4,132.11974110032364,17.0,355.0,24.0,168.0,0.8
TBIL,high,0.2,Gaussian_trunc,,287,9,0.033033033033033,0.1777003484320557,0.2222222222222222,0.8237410071942446,0.0412914028004699,1.2500033756869526,2.0,49.0,229.0,7.0,,,,,,,,,,80.0,1.0,2.4444444444444446,56.75539568345324,11.0,322.0,24.0,168.0,0.8
TBIL,high,0.2,Gaussian_eb,,159,5,0.0652173913043478,0.0880503144654088,0.2,0.9155844155844156,0.1418483266809947,2.175007675775253,1.0,13.0,141.0,4.0,,,,,,,,,,20.0,0.0,2.4,14.51948051948052,12.0,172.0,24.0,168.0,0.8
TBIL,high,0.2,Gaussian_eb,,286,9,0.0356164383561643,0.1188811188811188,0.2222222222222222,0.8844765342960289,0.0663301958039381,1.8623478052644185,2.0,32.0,245.0,7.0,,,,,,,,,,40.0,0.0,2.888888888888889,40.66425992779784,13.0,352.0,24.0,168.0,0.8
TBIL,high,0.2,Gaussian_eb,,350,11,0.0292682926829268,0.1942857142857142,0.1818181818181818,0.8053097345132744,0.0273861938037726,0.9356949549622328,2.0,66.0,273.0,9.0,,,,,,,,,,40.0,1.0,2.1818181818181817,77.48672566371681,12.0,398.0,24.0,168.0,0.8
TBIL,high,0.2,Gaussian_eb,,668,21,0.031081081081081,0.0763473053892215,0.1904761904761904,0.927357032457496,0.0775857237263149,2.496236328585785,4.0,47.0,600.0,17.0,,,,,,,,,,50.0,0.0,4.380952380952381,52.08500772797528,23.0,717.0,24.0,168.0,0.8
TBIL,high,0.2,Gaussian_eb,,414,13,0.0182841068917018,0.1835748792270531,0.2307692307692307,0.8179551122194514,0.0230649768966773,1.2614768133490453,3.0,73.0,328.0,10.0,,,,,,,,,,50.0,1.0,3.0,127.06733167082294,13.0,698.0,24.0,168.0,0.8
TBIL,high,0.2,Gaussian_eb,,1177,37,0.0384937238493723,0.0739167374681393,0.1891891891891892,0.9298245614035088,0.097417279704468,2.530731505366071,7.0,80.0,1060.0,30.0,,,,,,,,,,60.0,0.0,8.702702702702704,80.63157894736842,46.0,1149.0,24.0,168.0,0.8
TBIL,high,0.2,Gaussian_eb,,891,28,0.0270793036750483,0.1066217732884399,0.2142857142857142,0.8968713789107764,0.0546710026184643,2.018922025267578,6.0,89.0,774.0,22.0,,,,,,,,,,60.0,1.0,6.0,103.747392815759,28.0,1006.0,24.0,168.0,0.8
TBIL,high,0.2,Gaussian_eb,,1146,36,0.0336134453781512,0.1230366492146596,0.1944444444444444,0.8792792792792793,0.0530520278574354,1.5782978287587055,7.0,134.0,976.0,29.0,,,,,,,,,,70.0,0.0,7.777777777777778,138.82882882882882,40.0,1150.0,24.0,168.0,0.8
TBIL,high,0.2,Gaussian_eb,,1082,34,0.0336363636363636,0.1275415896487985,0.2058823529411764,0.875,0.0542209661380645,1.6119746689694874,7.0,131.0,917.0,27.0,,,,,,,,,,70.0,1.0,7.617647058823529,132.875,37.0,1063.0,24.0,168.0,0.8
TBIL,high,0.2,Gaussian_eb,,319,10,0.0456989247311828,0.122257053291536,0.2,0.8802588996763754,0.0740610196255357,1.6206293706293706,2.0,37.0,272.0,8.0,,,,,,,,,,80.0,0.0,3.4,42.50809061488673,17.0,355.0,24.0,168.0,0.8
TBIL,high,0.2,Gaussian_eb,,287,9,0.033033033033033,0.1114982578397212,0.2222222222222222,0.8920863309352518,0.0657238651994498,1.9896406464924348,2.0,30.0,248.0,7.0,,,,,,,,,,80.0,1.0,2.4444444444444446,34.74820143884892,11.0,322.0,24.0,168.0,0.8
TBIL,high,0.2,NORMA_q_age_set,,159,5,0.0652173913043478,0.0440251572327044,0.2,0.961038961038961,0.2636986301369863,4.04337899543379,1.0,6.0,148.0,4.0,,,,,,,,,,20.0,0.0,2.4,6.701298701298701,12.0,172.0,24.0,168.0,0.8
TBIL,high,0.2,NORMA_q_age_set,,286,9,0.0356164383561643,0.0349650349650349,0.2222222222222222,0.9711191335740073,0.2212867940760769,6.213052295212928,2.0,8.0,269.0,7.0,,,,,,,,,,40.0,0.0,2.888888888888889,10.16606498194946,13.0,352.0,24.0,168.0,0.8
TBIL,high,0.2,NORMA_q_age_set,,350,11,0.0292682926829268,0.1314285714285714,0.1818181818181818,0.8702064896755162,0.0405243863563914,1.3845832005100414,2.0,44.0,295.0,9.0,,,,,,,,,,40.0,1.0,2.1818181818181817,51.65781710914455,12.0,398.0,24.0,168.0,0.8
TBIL,high,0.2,NORMA_q_age_set,,668,21,0.031081081081081,0.0628742514970059,0.1904761904761904,0.9412673879443586,0.0942297645997245,3.031740252338964,4.0,38.0,609.0,17.0,,,,,,,,,,50.0,0.0,4.380952380952381,42.1112828438949,23.0,717.0,24.0,168.0,0.8
TBIL,high,0.2,NORMA_q_age_set,,414,13,0.0182841068917018,0.0628019323671497,0.2307692307692307,0.942643391521197,0.0697108419771686,3.812646818905149,3.0,23.0,378.0,10.0,,,,,,,,,,50.0,1.0,3.0,40.03491271820449,13.0,698.0,24.0,168.0,0.8
TBIL,high,0.2,NORMA_q_age_set,,1177,37,0.0384937238493723,0.0331350892098555,0.1891891891891892,0.9719298245614036,0.2124925325442143,5.520186443268177,7.0,32.0,1108.0,30.0,,,,,,,,,,60.0,0.0,8.702702702702704,32.252631578947366,46.0,1149.0,24.0,168.0,0.8
TBIL,high,0.2,NORMA_q_age_set,,891,28,0.0270793036750483,0.0729517396184062,0.2142857142857142,0.9316338354577056,0.0802392611417591,2.963121286449248,6.0,59.0,804.0,22.0,,,,,,,,,,60.0,1.0,6.0,68.77636152954808,28.0,1006.0,24.0,168.0,0.8
TBIL,high,0.2,NORMA_q_age_set,,1146,36,0.0336134453781512,0.1178010471204188,0.1944444444444444,0.8846846846846846,0.0554010695187165,1.6481818181818182,7.0,128.0,982.0,29.0,,,,,,,,,,70.0,0.0,7.777777777777778,132.61261261261262,40.0,1150.0,24.0,168.0,0.8
TBIL,high,0.2,NORMA_q_age_set,,1082,34,0.0336363636363636,0.0628465804066543,0.2058823529411764,0.941793893129771,0.1096210402351445,3.259003898882676,7.0,61.0,987.0,27.0,,,,,,,,,,70.0,1.0,7.617647058823529,61.87309160305343,37.0,1063.0,24.0,168.0,0.8
TBIL,high,0.2,NORMA_q_age_set,,319,10,0.0456989247311828,0.0846394984326018,0.2,0.919093851132686,0.1058475054404771,2.316192471991618,2.0,25.0,284.0,8.0,,,,,,,,,,80.0,0.0,3.4,28.72168284789644,17.0,355.0,24.0,168.0,0.8
TBIL,high,0.2,NORMA_q_age_set,,287,9,0.033033033033033,0.0871080139372822,0.2222222222222222,0.9172661870503596,0.0840456231963721,2.544290229490175,2.0,23.0,255.0,7.0,,,,,,,,,,80.0,1.0,2.4444444444444446,26.640287769784173,11.0,322.0,24.0,168.0,0.8
TBIL,high,0.2,NORMA_334f7e21,,159,5,0.0652173913043478,0.050314465408805,0.2,0.9545454545454546,0.2348754448398576,3.601423487544484,1.0,7.0,147.0,4.0,,,,,,,,,,20.0,0.0,2.4,7.818181818181818,12.0,172.0,24.0,168.0,0.8
TBIL,high,0.2,NORMA_334f7e21,,286,9,0.0356164383561643,0.0384615384615384,0.2222222222222222,0.967509025270758,0.201657613260906,5.661925295402362,2.0,9.0,268.0,7.0,,,,,,,,,,40.0,0.0,2.888888888888889,11.436823104693142,13.0,352.0,24.0,168.0,0.8
TBIL,high,0.2,NORMA_334f7e21,,350,11,0.0292682926829268,0.1571428571428571,0.1818181818181818,0.8436578171091446,0.0338760044968147,1.1574301536411709,2.0,53.0,286.0,9.0,,,,,,,,,,40.0,1.0,2.1818181818181817,62.22418879056047,12.0,398.0,24.0,168.0,0.8
TBIL,high,0.2,NORMA_334f7e21,,668,21,0.031081081081081,0.059880239520958,0.1904761904761904,0.9443585780525502,0.0989467664933441,3.183504661090203,4.0,36.0,611.0,17.0,,,,,,,,,,50.0,0.0,4.380952380952381,39.89489953632148,23.0,717.0,24.0,168.0,0.8
TBIL,high,0.2,NORMA_334f7e21,,414,13,0.0182841068917018,0.0531400966183574,0.2307692307692307,0.9526184538653366,0.0831662633944002,4.548554867186045,3.0,19.0,382.0,10.0,,,,,,,,,,50.0,1.0,3.0,33.072319201995015,13.0,698.0,24.0,168.0,0.8
TBIL,high,0.2,NORMA_334f7e21,,1177,37,0.0384937238493723,0.0365335598980458,0.1891891891891892,0.968421052631579,0.193449651866514,5.025485521314876,7.0,36.0,1104.0,30.0,,,,,,,,,,60.0,0.0,8.702702702702704,36.28421052631579,46.0,1149.0,24.0,168.0,0.8
TBIL,high,0.2,NORMA_334f7e21,,891,28,0.0270793036750483,0.0594837261503928,0.2142857142857142,0.9455388180764774,0.0987037743042318,3.644989379663417,6.0,47.0,816.0,22.0,,,,,,,,,,60.0,1.0,6.0,54.78794901506373,28.0,1006.0,24.0,168.0,0.8
TBIL,high,0.2,NORMA_334f7e21,,1146,36,0.0336134453781512,0.094240837696335,0.1944444444444444,0.909009009009009,0.0691865900894884,2.0583010551622816,7.0,101.0,1009.0,29.0,,,,,,,,,,70.0,0.0,7.777777777777778,104.63963963963964,40.0,1150.0,24.0,168.0,0.8
TBIL,high,0.2,NORMA_334f7e21,,1082,34,0.0336363636363636,0.0508317929759704,0.2058823529411764,0.9541984732824428,0.1352933435946104,4.0222345392992285,7.0,48.0,1000.0,27.0,,,,,,,,,,70.0,1.0,7.617647058823529,48.68702290076336,37.0,1063.0,24.0,168.0,0.8
TBIL,high,0.2,NORMA_334f7e21,,319,10,0.0456989247311828,0.1128526645768025,0.2,0.889967637540453,0.0800725576574242,1.7521759675624589,2.0,34.0,275.0,8.0,,,,,,,,,,80.0,0.0,3.4,39.06148867313916,17.0,355.0,24.0,168.0,0.8
TBIL,high,0.2,NORMA_334f7e21,,287,9,0.033033033033033,0.1149825783972125,0.2222222222222222,0.8884892086330936,0.0637388748775455,1.929549575838423,2.0,31.0,247.0,7.0,,,,,,,,,,80.0,1.0,2.4444444444444446,35.906474820143885,11.0,322.0,24.0,168.0,0.8
TBIL,high,0.2,NORMA_q_age,,159,5,0.0652173913043478,0.0251572327044025,0.2,0.9805194805194806,0.4173441734417344,6.399277326106595,1.0,3.0,151.0,4.0,,,,,,,,,,20.0,0.0,2.4,3.3506493506493507,12.0,172.0,24.0,168.0,0.8
TBIL,high,0.2,NORMA_q_age,,286,9,0.0356164383561643,0.0629370629370629,0.2222222222222222,0.9422382671480144,0.1244083606840559,3.4930039730523403,2.0,16.0,261.0,7.0,,,,,,,,,,40.0,0.0,2.888888888888889,20.33212996389892,13.0,352.0,24.0,168.0,0.8
TBIL,high,0.2,NORMA_q_age,,350,11,0.0292682926829268,0.1285714285714285,0.1818181818181818,0.8731563421828908,0.0414277712714496,1.41544885177453,2.0,43.0,296.0,9.0,,,,,,,,,,40.0,1.0,2.1818181818181817,50.48377581120944,12.0,398.0,24.0,168.0,0.8
TBIL,high,0.2,NORMA_q_age,,668,21,0.031081081081081,0.0389221556886227,0.1904761904761904,0.965996908809892,0.1523217786057557,4.900787659489532,4.0,22.0,625.0,17.0,,,,,,,,,,50.0,0.0,4.380952380952381,24.380216383307573,23.0,717.0,24.0,168.0,0.8
TBIL,high,0.2,NORMA_q_age,,414,13,0.0182841068917018,0.0628019323671497,0.2307692307692307,0.942643391521197,0.0697108419771686,3.812646818905149,3.0,23.0,378.0,10.0,,,,,,,,,,50.0,1.0,3.0,40.03491271820449,13.0,698.0,24.0,168.0,0.8
TBIL,high,0.2,NORMA_q_age,,1177,37,0.0384937238493723,0.0348343245539507,0.1891891891891892,0.9701754385964912,0.2025244383240589,5.261232691244575,7.0,34.0,1106.0,30.0,,,,,,,,,,60.0,0.0,8.702702702702704,34.26842105263158,46.0,1149.0,24.0,168.0,0.8
TBIL,high,0.2,NORMA_q_age,,891,28,0.0270793036750483,0.0684624017957351,0.2142857142857142,0.936268829663963,0.0855754610960534,3.1601795276185443,6.0,55.0,808.0,22.0,,,,,,,,,,60.0,1.0,6.0,64.1135573580533,28.0,1006.0,24.0,168.0,0.8
TBIL,high,0.2,NORMA_q_age,,1146,36,0.0336134453781512,0.1038394415357766,0.1944444444444444,0.8990990990990991,0.0628183361629881,1.8688455008488964,7.0,112.0,998.0,29.0,,,,,,,,,,70.0,0.0,7.777777777777778,116.03603603603604,40.0,1150.0,24.0,168.0,0.8
TBIL,high,0.2,NORMA_q_age,,1082,34,0.0336363636363636,0.0730129390018484,0.2058823529411764,0.931297709923664,0.0944552862277182,2.8081301310943267,7.0,72.0,976.0,27.0,,,,,,,,,,70.0,1.0,7.617647058823529,73.03053435114504,37.0,1063.0,24.0,168.0,0.8
TBIL,high,0.2,NORMA_q_age,,319,10,0.0456989247311828,0.109717868338558,0.2,0.8932038834951457,0.0822993043805226,1.8009024252679076,2.0,33.0,276.0,8.0,,,,,,,,,,80.0,0.0,3.4,37.9126213592233,17.0,355.0,24.0,168.0,0.8
TBIL,high,0.2,NORMA_q_age,,287,9,0.033033033033033,0.1114982578397212,0.2222222222222222,0.8920863309352518,0.0657238651994498,1.9896406464924348,2.0,30.0,248.0,7.0,,,,,,,,,,80.0,1.0,2.4444444444444446,34.74820143884892,11.0,322.0,24.0,168.0,0.8
TBIL,high,0.2,NORMA_q_set,,159,5,0.0652173913043478,0.0314465408805031,0.2,0.974025974025974,0.3494704992435704,5.35854765506808,1.0,4.0,150.0,4.0,,,,,,,,,,20.0,0.0,2.4,4.467532467532467,12.0,172.0,24.0,168.0,0.8
TBIL,high,0.2,NORMA_q_set,,286,9,0.0356164383561643,0.0454545454545454,0.2222222222222222,0.96028880866426,0.1712722948870392,4.808799048751486,2.0,11.0,266.0,7.0,,,,,,,,,,40.0,0.0,2.888888888888889,13.978339350180503,13.0,352.0,24.0,168.0,0.8
TBIL,high,0.2,NORMA_q_set,,350,11,0.0292682926829268,0.1257142857142857,0.1818181818181818,0.8761061946902655,0.0423723517280169,1.447722017373914,2.0,42.0,297.0,9.0,,,,,,,,,,40.0,1.0,2.1818181818181817,49.309734513274336,12.0,398.0,24.0,168.0,0.8
TBIL,high,0.2,NORMA_q_set,,668,21,0.031081081081081,0.0419161676646706,0.1904761904761904,0.9629057187017002,0.1414234530473375,4.550145880653469,4.0,24.0,623.0,17.0,,,,,,,,,,50.0,0.0,4.380952380952381,26.59659969088099,23.0,717.0,24.0,168.0,0.8
TBIL,high,0.2,NORMA_q_set,,414,13,0.0182841068917018,0.0652173913043478,0.2307692307692307,0.940149625935162,0.067000835421888,3.66443030653557,3.0,24.0,377.0,10.0,,,,,,,,,,50.0,1.0,3.0,41.775561097256855,13.0,698.0,24.0,168.0,0.8
TBIL,high,0.2,NORMA_q_set,,1177,37,0.0384937238493723,0.0373831775700934,0.1891891891891892,0.9675438596491228,0.1892105454416124,4.915360908754932,7.0,37.0,1103.0,30.0,,,,,,,,,,60.0,0.0,8.702702702702704,37.29210526315789,46.0,1149.0,24.0,168.0,0.8
TBIL,high,0.2,NORMA_q_set,,891,28,0.0270793036750483,0.0639730639730639,0.2142857142857142,0.9409038238702202,0.0916719779052475,3.385315184072354,6.0,51.0,812.0,22.0,,,,,,,,,,60.0,1.0,6.0,59.45075318655852,28.0,1006.0,24.0,168.0,0.8
TBIL,high,0.2,NORMA_q_set,,1146,36,0.0336134453781512,0.1012216404886562,0.1944444444444444,0.9018018018018018,0.0644358751088443,1.9169672844881205,7.0,109.0,1001.0,29.0,,,,,,,,,,70.0,0.0,7.777777777777778,112.92792792792793,40.0,1150.0,24.0,168.0,0.8
TBIL,high,0.2,NORMA_q_set,,1082,34,0.0336363636363636,0.0646950092421441,0.2058823529411764,0.9398854961832062,0.1065116713454597,3.166563202162316,7.0,63.0,985.0,27.0,,,,,,,,,,70.0,1.0,7.617647058823529,63.90171755725191,37.0,1063.0,24.0,168.0,0.8
TBIL,high,0.2,NORMA_q_set,,319,10,0.0456989247311828,0.1003134796238244,0.2,0.9029126213592232,0.0897902671657863,1.9648223168042669,2.0,30.0,279.0,8.0,,,,,,,,,,80.0,0.0,3.4,34.46601941747573,17.0,355.0,24.0,168.0,0.8
TBIL,high,0.2,NORMA_q_set,,287,9,0.033033033033033,0.1254355400696864,0.2222222222222222,0.8776978417266187,0.0584435440715541,1.7692454705297764,2.0,34.0,244.0,7.0,,,,,,,,,,80.0,1.0,2.4444444444444446,39.381294964028775,11.0,322.0,24.0,168.0,0.8
TBIL,high,0.2,NORMA_q_co,,159,5,0.0652173913043478,0.0314465408805031,0.2,0.974025974025974,0.3494704992435704,5.35854765506808,1.0,4.0,150.0,4.0,,,,,,,,,,20.0,0.0,2.4,4.467532467532467,12.0,172.0,24.0,168.0,0.8
TBIL,high,0.2,NORMA_q_co,,286,9,0.0356164383561643,0.0734265734265734,0.2222222222222222,0.9314079422382672,0.1068641125322729,3.0004154672522776,2.0,19.0,258.0,7.0,,,,,,,,,,40.0,0.0,2.888888888888889,24.14440433212996,13.0,352.0,24.0,168.0,0.8
TBIL,high,0.2,NORMA_q_co,,350,11,0.0292682926829268,0.1114285714285714,0.1818181818181818,0.8908554572271387,0.0478245024159132,1.6340038325437038,2.0,37.0,302.0,9.0,,,,,,,,,,40.0,1.0,2.1818181818181817,43.43952802359882,12.0,398.0,24.0,168.0,0.8
TBIL,high,0.2,NORMA_q_co,,668,21,0.031081081081081,0.0479041916167664,0.1904761904761904,0.9567233384853168,0.1237196541403392,3.980545394080479,4.0,28.0,619.0,17.0,,,,,,,,,,50.0,0.0,4.380952380952381,31.02936630602782,23.0,717.0,24.0,168.0,0.8
TBIL,high,0.2,NORMA_q_co,,414,13,0.0182841068917018,0.0555555555555555,0.2307692307692307,0.9501246882793016,0.0793378619006792,4.339170754721767,3.0,20.0,381.0,10.0,,,,,,,,,,50.0,1.0,3.0,34.81296758104738,13.0,698.0,24.0,168.0,0.8
TBIL,high,0.2,NORMA_q_co,,1177,37,0.0384937238493723,0.0458793542905692,0.1891891891891892,0.9587719298245614,0.155200996452295,4.031851973054185,7.0,47.0,1093.0,30.0,,,,,,,,,,60.0,0.0,8.702702702702704,47.37105263157895,46.0,1149.0,24.0,168.0,0.8
TBIL,high,0.2,NORMA_q_co,,891,28,0.0270793036750483,0.058361391694725,0.2142857142857142,0.9466975666280416,0.1006335756209429,3.716254185430537,6.0,46.0,817.0,22.0,,,,,,,,,,60.0,1.0,6.0,53.62224797219003,28.0,1006.0,24.0,168.0,0.8
TBIL,high,0.2,NORMA_q_co,,1146,36,0.0336134453781512,0.1038394415357766,0.1944444444444444,0.8990990990990991,0.0628183361629881,1.8688455008488964,7.0,112.0,998.0,29.0,,,,,,,,,,70.0,0.0,7.777777777777778,116.03603603603604,40.0,1150.0,24.0,168.0,0.8
TBIL,high,0.2,NORMA_q_co,,1082,34,0.0336363636363636,0.0785582255083179,0.2058823529411764,0.9255725190839694,0.0878276322209811,2.6110917687318715,7.0,78.0,970.0,27.0,,,,,,,,,,70.0,1.0,7.617647058823529,79.11641221374046,37.0,1063.0,24.0,168.0,0.8
TBIL,high,0.2,NORMA_q_co,,319,10,0.0456989247311828,0.0815047021943573,0.2,0.9223300970873788,0.1097736819008212,2.402106451006207,2.0,24.0,285.0,8.0,,,,,,,,,,80.0,0.0,3.4,27.57281553398058,17.0,355.0,24.0,168.0,0.8
TBIL,high,0.2,NORMA_q_co,,287,9,0.033033033033033,0.1114982578397212,0.2222222222222222,0.8920863309352518,0.0657238651994498,1.9896406464924348,2.0,30.0,248.0,7.0,,,,,,,,,,80.0,1.0,2.4444444444444446,34.74820143884892,11.0,322.0,24.0,168.0,0.8
TBIL,high,0.2,NORMA_q_age_set_co,,159,5,0.0652173913043478,0.0314465408805031,0.2,0.974025974025974,0.3494704992435704,5.35854765506808,1.0,4.0,150.0,4.0,,,,,,,,,,20.0,0.0,2.4,4.467532467532467,12.0,172.0,24.0,168.0,0.8
TBIL,high,0.2,NORMA_q_age_set_co,,286,9,0.0356164383561643,0.0804195804195804,0.2222222222222222,0.924187725631769,0.0976807269768072,2.742574257425743,2.0,21.0,256.0,7.0,,,,,,,,,,40.0,0.0,2.888888888888889,26.685920577617328,13.0,352.0,24.0,168.0,0.8
TBIL,high,0.2,NORMA_q_age_set_co,,350,11,0.0292682926829268,0.1457142857142857,0.1818181818181818,0.855457227138643,0.0365403443846616,1.2484617664759408,2.0,49.0,290.0,9.0,,,,,,,,,,40.0,1.0,2.1818181818181817,57.528023598820056,12.0,398.0,24.0,168.0,0.8
TBIL,high,0.2,NORMA_q_age_set_co,,668,21,0.031081081081081,0.0404191616766467,0.1904761904761904,0.964451313755796,0.1466704448852366,4.718962139785875,4.0,23.0,624.0,17.0,,,,,,,,,,50.0,0.0,4.380952380952381,25.48840803709428,23.0,717.0,24.0,168.0,0.8
TBIL,high,0.2,NORMA_q_age_set_co,,414,13,0.0182841068917018,0.0676328502415458,0.2307692307692307,0.9376558603491272,0.0644936471345092,3.5273063932796958,3.0,25.0,376.0,10.0,,,,,,,,,,50.0,1.0,3.0,43.51620947630923,13.0,698.0,24.0,168.0,0.8
TBIL,high,0.2,NORMA_q_age_set_co,,1177,37,0.0384937238493723,0.0322854715378079,0.1891891891891892,0.9728070175438596,0.2178538299792936,5.659463626635996,7.0,31.0,1109.0,30.0,,,,,,,,,,60.0,0.0,8.702702702702704,31.24473684210526,46.0,1149.0,24.0,168.0,0.8
TBIL,high,0.2,NORMA_q_age_set_co,,891,28,0.0270793036750483,0.0639730639730639,0.2142857142857142,0.9409038238702202,0.0916719779052475,3.385315184072354,6.0,51.0,812.0,22.0,,,,,,,,,,60.0,1.0,6.0,59.45075318655852,28.0,1006.0,24.0,168.0,0.8
TBIL,high,0.2,NORMA_q_age_set_co,,1146,36,0.0336134453781512,0.112565445026178,0.1944444444444444,0.8900900900900901,0.0579677708146821,1.724541181736795,7.0,122.0,988.0,29.0,,,,,,,,,,70.0,0.0,7.777777777777778,126.3963963963964,40.0,1150.0,24.0,168.0,0.8
TBIL,high,0.2,NORMA_q_age_set_co,,1082,34,0.0336363636363636,0.077634011090573,0.2058823529411764,0.926526717557252,0.0888668875963129,2.6419885501606557,7.0,77.0,971.0,27.0,,,,,,,,,,70.0,1.0,7.617647058823529,78.10209923664122,37.0,1063.0,24.0,168.0,0.8
TBIL,high,0.2,NORMA_q_age_set_co,,319,10,0.0456989247311828,0.1003134796238244,0.2,0.9029126213592232,0.0897902671657863,1.9648223168042669,2.0,30.0,279.0,8.0,,,,,,,,,,80.0,0.0,3.4,34.46601941747573,17.0,355.0,24.0,168.0,0.8
TBIL,high,0.2,NORMA_q_age_set_co,,287,9,0.033033033033033,0.0766550522648083,0.2222222222222222,0.9280575539568344,0.0954491541294712,2.8895062113739938,2.0,20.0,258.0,7.0,,,,,,,,,,80.0,1.0,2.4444444444444446,23.16546762589928,11.0,322.0,24.0,168.0,0.8
TP,low,0.2,PopRI,,94,8,0.0516129032258064,0.0212765957446808,0.25,1.0,1.0,19.375,2.0,0.0,86.0,6.0,,,,,,,,,,20.0,0.0,2.0,0.0,8.0,147.0,24.0,168.0,0.8
TP,low,0.2,PopRI,,106,9,0.0545454545454545,0.0471698113207547,0.2222222222222222,0.9690721649484536,0.2930513595166163,5.372608257804632,2.0,3.0,94.0,7.0,,,,,,,,,,30.0,0.0,2.0,4.824742268041237,9.0,156.0,24.0,168.0,0.8
TP,low,0.2,PopRI,,164,14,0.0578512396694214,0.073170731707317,0.2142857142857142,0.94,0.1798561151079136,3.108941418293936,3.0,9.0,141.0,11.0,,,,,,,,,,40.0,0.0,3.0,13.68,14.0,228.0,24.0,168.0,0.8
TP,low,0.2,PopRI,,117,10,0.0851063829787234,0.2307692307692307,0.2,0.7663551401869159,0.0737549543339651,0.866620713424091,2.0,25.0,82.0,8.0,,,,,,,,,,40.0,1.0,2.4,30.14018691588785,12.0,129.0,24.0,168.0,0.8
TP,low,0.2,PopRI,,246,21,0.0534351145038167,0.040650406504065,0.1904761904761904,0.9733333333333334,0.2873563218390804,5.377668308702791,4.0,6.0,219.0,17.0,,,,,,,,,,50.0,0.0,4.0,9.92,21.0,372.0,24.0,168.0,0.8
TP,low,0.2,PopRI,,258,22,0.0945121951219512,0.1201550387596899,0.1818181818181818,0.885593220338983,0.1422778852792174,1.5053918184381714,4.0,27.0,209.0,18.0,,,,,,,,,,50.0,1.0,5.636363636363637,33.978813559322035,31.0,297.0,24.0,168.0,0.8
TP,low,0.2,PopRI,,551,47,0.0910683012259194,0.0762250453720508,0.1914893617021276,0.9345238095238096,0.2266167454971508,2.488426186132176,9.0,33.0,471.0,38.0,,,,,,,,,,60.0,0.0,9.95744680851064,33.982142857142854,52.0,519.0,24.0,168.0,0.8
TP,low,0.2,PopRI,,364,31,0.0884520884520884,0.1346153846153846,0.1935483870967742,0.8708708708708709,0.1269756086366292,1.4355297976418917,6.0,43.0,290.0,25.0,,,,,,,,,,60.0,1.0,6.967741935483871,47.9069069069069,36.0,371.0,24.0,168.0,0.8
TP,low,0.2,PopRI,,387,33,0.1262135922330097,0.0930232558139534,0.2121212121212121,0.9180790960451978,0.2722064489961468,2.1567126343540863,7.0,29.0,325.0,26.0,,,,,,,,,,70.0,0.0,11.030303030303031,29.491525423728813,52.0,360.0,24.0,168.0,0.8
TP,low,0.2,PopRI,,305,26,0.0964912280701754,0.0655737704918032,0.1923076923076923,0.946236559139785,0.2764117805998378,2.864631180761956,5.0,15.0,264.0,21.0,,,,,,,,,,70.0,1.0,6.346153846153846,16.612903225806452,33.0,309.0,24.0,168.0,0.8
TP,low,0.2,PopRI,,71,6,0.1333333333333333,0.0422535211267605,0.1666666666666666,0.9692307692307692,0.4545454545454545,3.409090909090909,1.0,2.0,63.0,5.0,,,,,,,,,,80.0,0.0,2.0,2.4,12.0,78.0,24.0,168.0,0.8
TP,low,0.2,PopRI,,59,5,0.1267605633802817,0.0677966101694915,0.2,0.9444444444444444,0.3432203389830509,2.707627118644068,1.0,3.0,51.0,4.0,,,,,,,,,,80.0,1.0,1.8,3.4444444444444446,9.0,62.0,24.0,168.0,0.8
TP,low,0.2,PerRI,,94,8,0.0516129032258064,0.1595744680851064,0.25,0.8488372093023255,0.0825732117138742,1.599855976956313,2.0,13.0,73.0,6.0,,,,,,,,,,20.0,0.0,2.0,22.22093023255814,8.0,147.0,24.0,168.0,0.8
TP,low,0.2,PerRI,,106,9,0.0545454545454545,0.2358490566037736,0.2222222222222222,0.7628865979381443,0.0512956107879428,0.9404195311122864,2.0,23.0,74.0,7.0,,,,,,,,,,30.0,0.0,2.0,36.98969072164948,9.0,156.0,24.0,168.0,0.8
TP,low,0.2,PerRI,,164,14,0.0578512396694214,0.1158536585365853,0.2142857142857142,0.8933333333333333,0.109809663250366,1.898138464756327,3.0,16.0,134.0,11.0,,,,,,,,,,40.0,0.0,3.0,24.32,14.0,228.0,24.0,168.0,0.8
TP,low,0.2,PerRI,,117,10,0.0851063829787234,0.1367521367521367,0.2,0.8691588785046729,0.1244909831297265,1.4627690517742875,2.0,14.0,93.0,8.0,,,,,,,,,,40.0,1.0,2.4,16.878504672897197,12.0,129.0,24.0,168.0,0.8
TP,low,0.2,PerRI,,246,21,0.0534351145038167,0.1097560975609756,0.1904761904761904,0.8977777777777778,0.0951776649746193,1.7811820159535898,4.0,23.0,202.0,17.0,,,,,,,,,,50.0,0.0,4.0,38.02666666666666,21.0,372.0,24.0,168.0,0.8
TP,low,0.2,PerRI,,258,22,0.0945121951219512,0.2596899224806202,0.1818181818181818,0.7330508474576272,0.0663724240541067,0.7022630674111943,4.0,63.0,173.0,18.0,,,,,,,,,,50.0,1.0,5.636363636363637,79.28389830508475,31.0,297.0,24.0,168.0,0.8
TP,low,0.2,PerRI,,551,47,0.0910683012259194,0.1034482758620689,0.1914893617021276,0.9047619047619048,0.1676732521240659,1.8411812877469549,9.0,48.0,456.0,38.0,,,,,,,,,,60.0,0.0,9.95744680851064,49.42857142857143,52.0,519.0,24.0,168.0,0.8
TP,low,0.2,PerRI,,364,31,0.0884520884520884,0.173076923076923,0.1935483870967742,0.8288288288288288,0.0988721416936431,1.1178044908142435,6.0,57.0,276.0,25.0,,,,,,,,,,60.0,1.0,6.967741935483871,63.5045045045045,36.0,371.0,24.0,168.0,0.8
TP,low,0.2,PerRI,,387,33,0.1262135922330097,0.1136950904392764,0.2121212121212121,0.8954802259887006,0.2266931261611214,1.7961070765073468,7.0,37.0,317.0,26.0,,,,,,,,,,70.0,0.0,11.030303030303031,37.6271186440678,52.0,360.0,24.0,168.0,0.8
TP,low,0.2,PerRI,,305,26,0.0964912280701754,0.0852459016393442,0.1923076923076923,0.9247311827956988,0.2143665395415112,2.2216168643392984,5.0,21.0,258.0,21.0,,,,,,,,,,70.0,1.0,6.346153846153846,23.258064516129032,33.0,309.0,24.0,168.0,0.8
TP,low,0.2,PerRI,,71,6,0.1333333333333333,0.056338028169014,0.1666666666666666,0.953846153846154,0.3571428571428571,2.678571428571429,1.0,3.0,62.0,5.0,,,,,,,,,,80.0,0.0,2.0,3.6,12.0,78.0,24.0,168.0,0.8
TP,low,0.2,PerRI,,59,5,0.1267605633802817,0.0338983050847457,0.2,0.9814814814814816,0.6105527638190955,4.816582914572865,1.0,1.0,53.0,4.0,,,,,,,,,,80.0,1.0,1.8,1.148148148148148,9.0,62.0,24.0,168.0,0.8
TP,low,0.2,Cohen_m2,,94,8,0.0516129032258064,0.0425531914893617,0.25,0.9767441860465116,0.3690987124463519,7.151287553648069,2.0,2.0,84.0,6.0,,,,,,,,,,20.0,0.0,2.0,3.4186046511627906,8.0,147.0,24.0,168.0,0.8
TP,low,0.2,Cohen_m2,,106,9,0.0545454545454545,0.1415094339622641,0.2222222222222222,0.865979381443299,0.0873087308730873,1.6006600660066008,2.0,13.0,84.0,7.0,,,,,,,,,,30.0,0.0,2.0,20.90721649484536,9.0,156.0,24.0,168.0,0.8
TP,low,0.2,Cohen_m2,,164,14,0.0578512396694214,0.0792682926829268,0.2142857142857142,0.9333333333333332,0.1648351648351648,2.8492935635792778,3.0,10.0,140.0,11.0,,,,,,,,,,40.0,0.0,3.0,15.2,14.0,228.0,24.0,168.0,0.8
TP,low,0.2,Cohen_m2,,117,10,0.0851063829787234,0.2136752136752136,0.2,0.7850467289719626,0.0796575469942304,0.9359761771822074,2.0,23.0,84.0,8.0,,,,,,,,,,40.0,1.0,2.4,27.72897196261682,12.0,129.0,24.0,168.0,0.8
TP,low,0.2,Cohen_m2,,246,21,0.0534351145038167,0.1138211382113821,0.1904761904761904,0.8933333333333333,0.0915750915750915,1.7137624280481425,4.0,24.0,201.0,17.0,,,,,,,,,,50.0,0.0,4.0,39.68,21.0,372.0,24.0,168.0,0.8
TP,low,0.2,Cohen_m2,,258,22,0.0945121951219512,0.1356589147286821,0.1818181818181818,0.8686440677966102,0.1262369617544798,1.335668498563528,4.0,31.0,205.0,18.0,,,,,,,,,,50.0,1.0,5.636363636363637,39.01271186440678,31.0,297.0,24.0,168.0,0.8
TP,low,0.2,Cohen_m2,,551,47,0.0910683012259194,0.0889292196007259,0.1914893617021276,0.9206349206349206,0.194679397024741,2.137729532713983,9.0,40.0,464.0,38.0,,,,,,,,,,60.0,0.0,9.95744680851064,41.19047619047619,52.0,519.0,24.0,168.0,0.8
TP,low,0.2,Cohen_m2,,364,31,0.0884520884520884,0.184065934065934,0.1935483870967742,0.8168168168168168,0.0929916262545427,1.0513219968221914,6.0,61.0,272.0,25.0,,,,,,,,,,60.0,1.0,6.967741935483871,67.96096096096096,36.0,371.0,24.0,168.0,0.8
TP,low,0.2,Cohen_m2,,387,33,0.1262135922330097,0.2377260981912144,0.2121212121212121,0.7598870056497176,0.113164994519855,0.8966149565803896,7.0,85.0,269.0,26.0,,,,,,,,,,70.0,0.0,11.030303030303031,86.44067796610169,52.0,360.0,24.0,168.0,0.8
TP,low,0.2,Cohen_m2,,305,26,0.0964912280701754,0.0590163934426229,0.1923076923076923,0.953405017921147,0.3059271516577284,3.1705177535437308,5.0,13.0,266.0,21.0,,,,,,,,,,70.0,1.0,6.346153846153846,14.397849462365592,33.0,309.0,24.0,168.0,0.8
TP,low,0.2,Cohen_m2,,71,6,0.1333333333333333,0.2112676056338028,0.1666666666666666,0.7846153846153846,0.1063829787234042,0.7978723404255319,1.0,14.0,51.0,5.0,,,,,,,,,,80.0,0.0,2.0,16.8,12.0,78.0,24.0,168.0,0.8
TP,low,0.2,Cohen_m2,,59,5,0.1267605633802817,0.0508474576271186,0.2,0.9629629629629628,0.4394213381555154,3.4665461121157324,1.0,2.0,52.0,4.0,,,,,,,,,,80.0,1.0,1.8,2.2962962962962963,9.0,62.0,24.0,168.0,0.8
TP,low,0.2,Cohen_m3,,94,8,0.0516129032258064,0.0638297872340425,0.25,0.9534883720930232,0.2263157894736842,4.384868421052632,2.0,4.0,82.0,6.0,,,,,,,,,,20.0,0.0,2.0,6.837209302325581,8.0,147.0,24.0,168.0,0.8
TP,low,0.2,Cohen_m3,,106,9,0.0545454545454545,0.1415094339622641,0.2222222222222222,0.865979381443299,0.0873087308730873,1.6006600660066008,2.0,13.0,84.0,7.0,,,,,,,,,,30.0,0.0,2.0,20.90721649484536,9.0,156.0,24.0,168.0,0.8
TP,low,0.2,Cohen_m3,,164,14,0.0578512396694214,0.1402439024390244,0.2142857142857142,0.8666666666666667,0.0898203592814371,1.5526090675791273,3.0,20.0,130.0,11.0,,,,,,,,,,40.0,0.0,3.0,30.4,14.0,228.0,24.0,168.0,0.8
TP,low,0.2,Cohen_m3,,117,10,0.0851063829787234,0.1623931623931624,0.2,0.8411214953271028,0.1048248836639725,1.2316923830516775,2.0,17.0,90.0,8.0,,,,,,,,,,40.0,1.0,2.4,20.49532710280374,12.0,129.0,24.0,168.0,0.8
TP,low,0.2,Cohen_m3,,246,21,0.0534351145038167,0.1422764227642276,0.1904761904761904,0.8622222222222222,0.0723938223938224,1.354798676227248,4.0,31.0,194.0,17.0,,,,,,,,,,50.0,0.0,4.0,51.25333333333333,21.0,372.0,24.0,168.0,0.8
TP,low,0.2,Cohen_m3,,258,22,0.0945121951219512,0.1434108527131783,0.1818181818181818,0.8601694915254238,0.1195005022745277,1.2643924111627451,4.0,33.0,203.0,18.0,,,,,,,,,,50.0,1.0,5.636363636363637,41.52966101694916,31.0,297.0,24.0,168.0,0.8
TP,low,0.2,Cohen_m3,,551,47,0.0910683012259194,0.1125226860254083,0.1914893617021276,0.8948412698412699,0.1542957059621208,1.6942855404686727,9.0,53.0,451.0,38.0,,,,,,,,,,60.0,0.0,9.95744680851064,54.57738095238095,52.0,519.0,24.0,168.0,0.8
TP,low,0.2,Cohen_m3,,364,31,0.0884520884520884,0.1428571428571428,0.1935483870967742,0.8618618618618619,0.1196857101971133,1.353113445839587,6.0,46.0,287.0,25.0,,,,,,,,,,60.0,1.0,6.967741935483871,51.249249249249246,36.0,371.0,24.0,168.0,0.8
TP,low,0.2,Cohen_m3,,387,33,0.1262135922330097,0.1602067183462532,0.2121212121212121,0.844632768361582,0.1647235687549856,1.3051175062895013,7.0,55.0,299.0,26.0,,,,,,,,,,70.0,0.0,11.030303030303031,55.932203389830505,52.0,360.0,24.0,168.0,0.8
TP,low,0.2,Cohen_m3,,305,26,0.0964912280701754,0.0622950819672131,0.1923076923076923,0.949820788530466,0.2904214849442625,3.0098226621496305,5.0,14.0,265.0,21.0,,,,,,,,,,70.0,1.0,6.346153846153846,15.505376344086022,33.0,309.0,24.0,168.0,0.8
TP,low,0.2,Cohen_m3,,71,6,0.1333333333333333,0.2394366197183098,0.1666666666666666,0.7538461538461538,0.0943396226415094,0.7075471698113208,1.0,16.0,49.0,5.0,,,,,,,,,,80.0,0.0,2.0,19.2,12.0,78.0,24.0,168.0,0.8
TP,low,0.2,Cohen_m3,,59,5,0.1267605633802817,0.0508474576271186,0.2,0.9629629629629628,0.4394213381555154,3.4665461121157324,1.0,2.0,52.0,4.0,,,,,,,,,,80.0,1.0,1.8,2.2962962962962963,9.0,62.0,24.0,168.0,0.8
TP,low,0.2,Cohen_m4,,94,8,0.0516129032258064,0.0744680851063829,0.25,0.9418604651162792,0.1896361631753031,3.6742006615214993,2.0,5.0,81.0,6.0,,,,,,,,,,20.0,0.0,2.0,8.546511627906977,8.0,147.0,24.0,168.0,0.8
TP,low,0.2,Cohen_m4,,106,9,0.0545454545454545,0.1415094339622641,0.2222222222222222,0.865979381443299,0.0873087308730873,1.6006600660066008,2.0,13.0,84.0,7.0,,,,,,,,,,30.0,0.0,2.0,20.90721649484536,9.0,156.0,24.0,168.0,0.8
TP,low,0.2,Cohen_m4,,164,14,0.0578512396694214,0.0853658536585365,0.2142857142857142,0.9266666666666666,0.152129817444219,2.629672558678644,3.0,11.0,139.0,11.0,,,,,,,,,,40.0,0.0,3.0,16.72,14.0,228.0,24.0,168.0,0.8
TP,low,0.2,Cohen_m4,,117,10,0.0851063829787234,0.0427350427350427,0.2,0.97196261682243,0.3988816402609506,4.68685927306617,2.0,3.0,104.0,8.0,,,,,,,,,,40.0,1.0,2.4,3.616822429906542,12.0,129.0,24.0,168.0,0.8
TP,low,0.2,Cohen_m4,,246,21,0.0534351145038167,0.1504065040650406,0.1904761904761904,0.8533333333333334,0.0683060109289617,1.2782982045277127,4.0,33.0,192.0,17.0,,,,,,,,,,50.0,0.0,4.0,54.56,21.0,372.0,24.0,168.0,0.8
TP,low,0.2,Cohen_m4,,258,22,0.0945121951219512,0.189922480620155,0.1818181818181818,0.809322033898305,0.0905182279906215,0.957741250997544,4.0,45.0,191.0,18.0,,,,,,,,,,50.0,1.0,5.636363636363637,56.63135593220339,31.0,297.0,24.0,168.0,0.8
TP,low,0.2,Cohen_m4,,551,47,0.0910683012259194,0.1070780399274047,0.1914893617021276,0.9007936507936508,0.1620532015318215,1.779468809128271,9.0,50.0,454.0,38.0,,,,,,,,,,60.0,0.0,9.95744680851064,51.48809523809524,52.0,519.0,24.0,168.0,0.8
TP,low,0.2,Cohen_m4,,364,31,0.0884520884520884,0.2225274725274725,0.1935483870967742,0.7747747747747747,0.0769692553153922,0.8701801920379068,6.0,75.0,258.0,25.0,,,,,,,,,,60.0,1.0,6.967741935483871,83.55855855855856,36.0,371.0,24.0,168.0,0.8
TP,low,0.2,Cohen_m4,,387,33,0.1262135922330097,0.1912144702842377,0.2121212121212121,0.8107344632768362,0.1393314994550267,1.1039341879898272,7.0,67.0,287.0,26.0,,,,,,,,,,70.0,0.0,11.030303030303031,68.13559322033899,52.0,360.0,24.0,168.0,0.8
TP,low,0.2,Cohen_m4,,305,26,0.0964912280701754,0.0721311475409836,0.1923076923076923,0.9390681003584228,0.2520904864385339,2.61257413218117,5.0,17.0,262.0,21.0,,,,,,,,,,70.0,1.0,6.346153846153846,18.827956989247312,33.0,309.0,24.0,168.0,0.8
TP,low,0.2,Cohen_m4,,71,6,0.1333333333333333,0.1690140845070422,0.1666666666666666,0.8307692307692308,0.131578947368421,0.986842105263158,1.0,11.0,54.0,5.0,,,,,,,,,,80.0,0.0,2.0,13.2,12.0,78.0,24.0,168.0,0.8
TP,low,0.2,Cohen_m4,,59,5,0.1267605633802817,0.0677966101694915,0.2,0.9444444444444444,0.3432203389830509,2.707627118644068,1.0,3.0,51.0,4.0,,,,,,,,,,80.0,1.0,1.8,3.4444444444444446,9.0,62.0,24.0,168.0,0.8
TP,low,0.2,Gaussian_mle,,94,8,0.0516129032258064,0.1063829787234042,0.25,0.9069767441860463,0.1275964391691394,2.472181008902077,2.0,8.0,78.0,6.0,,,,,,,,,,20.0,0.0,2.0,13.674418604651162,8.0,147.0,24.0,168.0,0.8
TP,low,0.2,Gaussian_mle,,106,9,0.0545454545454545,0.2264150943396226,0.2222222222222222,0.7731958762886598,0.0535024820739106,0.9808788380216952,2.0,22.0,75.0,7.0,,,,,,,,,,30.0,0.0,2.0,35.381443298969074,9.0,156.0,24.0,168.0,0.8
TP,low,0.2,Gaussian_mle,,164,14,0.0578512396694214,0.1341463414634146,0.2142857142857142,0.8733333333333333,0.0941028858218318,1.6266355977773796,3.0,19.0,131.0,11.0,,,,,,,,,,40.0,0.0,3.0,28.88,14.0,228.0,24.0,168.0,0.8
TP,low,0.2,Gaussian_mle,,117,10,0.0851063829787234,0.0512820512820512,0.2,0.9626168224299064,0.3322981366459627,3.9045031055900634,2.0,4.0,103.0,8.0,,,,,,,,,,40.0,1.0,2.4,4.822429906542056,12.0,129.0,24.0,168.0,0.8
TP,low,0.2,Gaussian_mle,,246,21,0.0534351145038167,0.073170731707317,0.1904761904761904,0.9377777777777778,0.1473477406679764,2.7575077182149874,4.0,14.0,211.0,17.0,,,,,,,,,,50.0,0.0,4.0,23.14666666666667,21.0,372.0,24.0,168.0,0.8
TP,low,0.2,Gaussian_mle,,258,22,0.0945121951219512,0.1550387596899224,0.1818181818181818,0.847457627118644,0.1106439611626992,1.170684492302108,4.0,36.0,200.0,18.0,,,,,,,,,,50.0,1.0,5.636363636363637,45.30508474576271,31.0,297.0,24.0,168.0,0.8
TP,low,0.2,Gaussian_mle,,551,47,0.0910683012259194,0.1234119782214156,0.1914893617021276,0.8829365079365079,0.1408141444570012,1.5462476247105326,9.0,59.0,445.0,38.0,,,,,,,,,,60.0,0.0,9.95744680851064,60.75595238095238,52.0,519.0,24.0,168.0,0.8
TP,low,0.2,Gaussian_mle,,364,31,0.0884520884520884,0.1483516483516483,0.1935483870967742,0.8558558558558559,0.1152736643717066,1.303232816646794,6.0,48.0,285.0,25.0,,,,,,,,,,60.0,1.0,6.967741935483871,53.47747747747748,36.0,371.0,24.0,168.0,0.8
TP,low,0.2,Gaussian_mle,,387,33,0.1262135922330097,0.1343669250645995,0.2121212121212121,0.8728813559322034,0.1942193604398784,1.53881493271596,7.0,45.0,309.0,26.0,,,,,,,,,,70.0,0.0,11.030303030303031,45.76271186440678,52.0,360.0,24.0,168.0,0.8
TP,low,0.2,Gaussian_mle,,305,26,0.0964912280701754,0.0295081967213114,0.1923076923076923,0.985663082437276,0.5889012549410907,6.103158460298577,5.0,4.0,275.0,21.0,,,,,,,,,,70.0,1.0,6.346153846153846,4.43010752688172,33.0,309.0,24.0,168.0,0.8
TP,low,0.2,Gaussian_mle,,71,6,0.1333333333333333,0.1408450704225352,0.1666666666666666,0.8615384615384616,0.15625,1.171875,1.0,9.0,56.0,5.0,,,,,,,,,,80.0,0.0,2.0,10.8,12.0,78.0,24.0,168.0,0.8
TP,low,0.2,Gaussian_mle,,59,5,0.1267605633802817,0.0677966101694915,0.2,0.9444444444444444,0.3432203389830509,2.707627118644068,1.0,3.0,51.0,4.0,,,,,,,,,,80.0,1.0,1.8,3.4444444444444446,9.0,62.0,24.0,168.0,0.8
TP,low,0.2,Gaussian_trunc,,94,8,0.0516129032258064,0.1702127659574468,0.25,0.8372093023255814,0.0771300448430493,1.4943946188340806,2.0,14.0,72.0,6.0,,,,,,,,,,20.0,0.0,2.0,23.930232558139537,8.0,147.0,24.0,168.0,0.8
TP,low,0.2,Gaussian_trunc,,106,9,0.0545454545454545,0.2264150943396226,0.2222222222222222,0.7731958762886598,0.0535024820739106,0.9808788380216952,2.0,22.0,75.0,7.0,,,,,,,,,,30.0,0.0,2.0,35.381443298969074,9.0,156.0,24.0,168.0,0.8
TP,low,0.2,Gaussian_trunc,,164,14,0.0578512396694214,0.2195121951219512,0.2142857142857142,0.78,0.0564334085778781,0.9754917768461788,3.0,33.0,117.0,11.0,,,,,,,,,,40.0,0.0,3.0,50.16,14.0,228.0,24.0,168.0,0.8
TP,low,0.2,Gaussian_trunc,,117,10,0.0851063829787234,0.094017094017094,0.2,0.9158878504672896,0.181125687685146,2.128226830300465,2.0,9.0,98.0,8.0,,,,,,,,,,40.0,1.0,2.4,10.850467289719626,12.0,129.0,24.0,168.0,0.8
TP,low,0.2,Gaussian_trunc,,246,21,0.0534351145038167,0.1382113821138211,0.1904761904761904,0.8666666666666667,0.0746268656716417,1.396588486140725,4.0,30.0,195.0,17.0,,,,,,,,,,50.0,0.0,4.0,49.6,21.0,372.0,24.0,168.0,0.8
TP,low,0.2,Gaussian_trunc,,258,22,0.0945121951219512,0.1511627906976744,0.1818181818181818,0.8516949152542372,0.1134465834993836,1.200338044767672,4.0,35.0,201.0,18.0,,,,,,,,,,50.0,1.0,5.636363636363637,44.04661016949152,31.0,297.0,24.0,168.0,0.8
TP,low,0.2,Gaussian_trunc,,551,47,0.0910683012259194,0.1397459165154265,0.1914893617021276,0.8650793650793651,0.1244972542959026,1.3670756192877005,9.0,68.0,436.0,38.0,,,,,,,,,,60.0,0.0,9.95744680851064,70.02380952380952,52.0,519.0,24.0,168.0,0.8
TP,low,0.2,Gaussian_trunc,,364,31,0.0884520884520884,0.1346153846153846,0.1935483870967742,0.8708708708708709,0.1269756086366292,1.4355297976418917,6.0,43.0,290.0,25.0,,,,,,,,,,60.0,1.0,6.967741935483871,47.9069069069069,36.0,371.0,24.0,168.0,0.8
TP,low,0.2,Gaussian_trunc,,387,33,0.1262135922330097,0.1989664082687338,0.2121212121212121,0.8022598870056498,0.1341612733951373,1.0629700892076264,7.0,70.0,284.0,26.0,,,,,,,,,,70.0,0.0,11.030303030303031,71.1864406779661,52.0,360.0,24.0,168.0,0.8
TP,low,0.2,Gaussian_trunc,,305,26,0.0964912280701754,0.0524590163934426,0.1923076923076923,0.9605734767025088,0.3424993862018168,3.549539093364284,5.0,11.0,268.0,21.0,,,,,,,,,,70.0,1.0,6.346153846153846,12.182795698924732,33.0,309.0,24.0,168.0,0.8
TP,low,0.2,Gaussian_trunc,,71,6,0.1333333333333333,0.1408450704225352,0.1666666666666666,0.8615384615384616,0.15625,1.171875,1.0,9.0,56.0,5.0,,,,,,,,,,80.0,0.0,2.0,10.8,12.0,78.0,24.0,168.0,0.8
TP,low,0.2,Gaussian_trunc,,59,5,0.1267605633802817,0.0508474576271186,0.2,0.9629629629629628,0.4394213381555154,3.4665461121157324,1.0,2.0,52.0,4.0,,,,,,,,,,80.0,1.0,1.8,2.2962962962962963,9.0,62.0,24.0,168.0,0.8
TP,low,0.2,Gaussian_eb,,94,8,0.0516129032258064,0.1914893617021276,0.25,0.813953488372093,0.0681458003169572,1.3203248811410462,2.0,16.0,70.0,6.0,,,,,,,,,,20.0,0.0,2.0,27.348837209302324,8.0,147.0,24.0,168.0,0.8
TP,low,0.2,Gaussian_eb,,106,9,0.0545454545454545,0.1981132075471698,0.2222222222222222,0.8041237113402062,0.0614312856238125,1.1262402364365631,2.0,19.0,78.0,7.0,,,,,,,,,,30.0,0.0,2.0,30.55670103092784,9.0,156.0,24.0,168.0,0.8
TP,low,0.2,Gaussian_eb,,164,14,0.0578512396694214,0.1097560975609756,0.2142857142857142,0.9,0.1162790697674418,2.009966777408638,3.0,15.0,135.0,11.0,,,,,,,,,,40.0,0.0,3.0,22.8,14.0,228.0,24.0,168.0,0.8
TP,low,0.2,Gaussian_eb,,117,10,0.0851063829787234,0.0598290598290598,0.2,0.9532710280373832,0.2847638057218896,3.3459747172322025,2.0,5.0,102.0,8.0,,,,,,,,,,40.0,1.0,2.4,6.02803738317757,12.0,129.0,24.0,168.0,0.8
TP,low,0.2,Gaussian_eb,,246,21,0.0534351145038167,0.0934959349593495,0.1904761904761904,0.9155555555555556,0.1129518072289156,2.1138123924268504,4.0,19.0,206.0,17.0,,,,,,,,,,50.0,0.0,4.0,31.41333333333333,21.0,372.0,24.0,168.0,0.8
TP,low,0.2,Gaussian_eb,,258,22,0.0945121951219512,0.189922480620155,0.1818181818181818,0.809322033898305,0.0905182279906215,0.957741250997544,4.0,45.0,191.0,18.0,,,,,,,,,,50.0,1.0,5.636363636363637,56.63135593220339,31.0,297.0,24.0,168.0,0.8
TP,low,0.2,Gaussian_eb,,551,47,0.0910683012259194,0.1070780399274047,0.1914893617021276,0.9007936507936508,0.1620532015318215,1.779468809128271,9.0,50.0,454.0,38.0,,,,,,,,,,60.0,0.0,9.95744680851064,51.48809523809524,52.0,519.0,24.0,168.0,0.8
TP,low,0.2,Gaussian_eb,,364,31,0.0884520884520884,0.1648351648351648,0.1935483870967742,0.8378378378378378,0.1037949037637341,1.1734590508844387,6.0,54.0,279.0,25.0,,,,,,,,,,60.0,1.0,6.967741935483871,60.16216216216216,36.0,371.0,24.0,168.0,0.8
TP,low,0.2,Gaussian_eb,,387,33,0.1262135922330097,0.1395348837209302,0.2121212121212121,0.867231638418079,0.1875043654396871,1.485611510791367,7.0,47.0,307.0,26.0,,,,,,,,,,70.0,0.0,11.030303030303031,47.79661016949152,52.0,360.0,24.0,168.0,0.8
TP,low,0.2,Gaussian_eb,,305,26,0.0964912280701754,0.0327868852459016,0.1923076923076923,0.982078853046595,0.5340177483904646,5.5343657560466335,5.0,5.0,274.0,21.0,,,,,,,,,,70.0,1.0,6.346153846153846,5.537634408602151,33.0,309.0,24.0,168.0,0.8
TP,low,0.2,Gaussian_eb,,71,6,0.1333333333333333,0.1549295774647887,0.1666666666666666,0.8461538461538461,0.1428571428571428,1.0714285714285714,1.0,10.0,55.0,5.0,,,,,,,,,,80.0,0.0,2.0,12.0,12.0,78.0,24.0,168.0,0.8
TP,low,0.2,Gaussian_eb,,59,5,0.1267605633802817,0.0847457627118644,0.2,0.925925925925926,0.2815758980301275,2.221320973348784,1.0,4.0,50.0,4.0,,,,,,,,,,80.0,1.0,1.8,4.592592592592593,9.0,62.0,24.0,168.0,0.8
TP,low,0.2,NORMA_q_age_set,,94,8,0.0516129032258064,0.1702127659574468,0.25,0.8372093023255814,0.0771300448430493,1.4943946188340806,2.0,14.0,72.0,6.0,,,,,,,,,,20.0,0.0,2.0,23.930232558139537,8.0,147.0,24.0,168.0,0.8
TP,low,0.2,NORMA_q_age_set,,106,9,0.0545454545454545,0.0660377358490566,0.2222222222222222,0.9484536082474226,0.1991786447638603,3.6516084873374406,2.0,5.0,92.0,7.0,,,,,,,,,,30.0,0.0,2.0,8.041237113402062,9.0,156.0,24.0,168.0,0.8
TP,low,0.2,NORMA_q_age_set,,164,14,0.0578512396694214,0.048780487804878,0.2142857142857142,0.9666666666666668,0.2830188679245283,4.892183288409703,3.0,5.0,145.0,11.0,,,,,,,,,,40.0,0.0,3.0,7.6,14.0,228.0,24.0,168.0,0.8
TP,low,0.2,NORMA_q_age_set,,117,10,0.0851063829787234,0.3076923076923077,0.2,0.6822429906542056,0.0553114499870767,0.649909537348152,2.0,34.0,73.0,8.0,,,,,,,,,,40.0,1.0,2.4,40.99065420560748,12.0,129.0,24.0,168.0,0.8
TP,low,0.2,NORMA_q_age_set,,246,21,0.0534351145038167,0.1260162601626016,0.1904761904761904,0.88,0.0822368421052631,1.5390037593984964,4.0,27.0,198.0,17.0,,,,,,,,,,50.0,0.0,4.0,44.64,21.0,372.0,24.0,168.0,0.8
TP,low,0.2,NORMA_q_age_set,,258,22,0.0945121951219512,0.1356589147286821,0.1818181818181818,0.8686440677966102,0.1262369617544798,1.335668498563528,4.0,31.0,205.0,18.0,,,,,,,,,,50.0,1.0,5.636363636363637,39.01271186440678,31.0,297.0,24.0,168.0,0.8
TP,low,0.2,NORMA_q_age_set,,551,47,0.0910683012259194,0.0980036297640653,0.1914893617021276,0.9107142857142856,0.1768743293312547,1.942216193233585,9.0,45.0,459.0,38.0,,,,,,,,,,60.0,0.0,9.95744680851064,46.33928571428572,52.0,519.0,24.0,168.0,0.8
TP,low,0.2,NORMA_q_age_set,,364,31,0.0884520884520884,0.1620879120879121,0.1935483870967742,0.8408408408408409,0.1055465963100952,1.1932629082835766,6.0,53.0,280.0,25.0,,,,,,,,,,60.0,1.0,6.967741935483871,59.048048048048045,36.0,371.0,24.0,168.0,0.8
TP,low,0.2,NORMA_q_age_set,,387,33,0.1262135922330097,0.1576227390180878,0.2121212121212121,0.847457627118644,0.1672637776877784,1.325243777064706,7.0,54.0,300.0,26.0,,,,,,,,,,70.0,0.0,11.030303030303031,54.91525423728814,52.0,360.0,24.0,168.0,0.8
TP,low,0.2,NORMA_q_age_set,,305,26,0.0964912280701754,0.0459016393442622,0.1923076923076923,0.967741935483871,0.3890029660050194,4.03148528405202,5.0,9.0,270.0,21.0,,,,,,,,,,70.0,1.0,6.346153846153846,9.96774193548387,33.0,309.0,24.0,168.0,0.8
TP,low,0.2,NORMA_q_age_set,,71,6,0.1333333333333333,0.056338028169014,0.1666666666666666,0.953846153846154,0.3571428571428571,2.678571428571429,1.0,3.0,62.0,5.0,,,,,,,,,,80.0,0.0,2.0,3.6,12.0,78.0,24.0,168.0,0.8
TP,low,0.2,NORMA_q_age_set,,59,5,0.1267605633802817,0.0847457627118644,0.2,0.925925925925926,0.2815758980301275,2.221320973348784,1.0,4.0,50.0,4.0,,,,,,,,,,80.0,1.0,1.8,4.592592592592593,9.0,62.0,24.0,168.0,0.8
TP,low,0.2,NORMA_334f7e21,,94,8,0.0516129032258064,0.2127659574468085,0.25,0.7906976744186046,0.0610361958836054,1.1825762952448546,2.0,18.0,68.0,6.0,,,,,,,,,,20.0,0.0,2.0,30.76744186046512,8.0,147.0,24.0,168.0,0.8
TP,low,0.2,NORMA_334f7e21,,106,9,0.0545454545454545,0.0377358490566037,0.2222222222222222,0.979381443298969,0.383399209486166,7.028985507246377,2.0,2.0,95.0,7.0,,,,,,,,,,30.0,0.0,2.0,3.216494845360825,9.0,156.0,24.0,168.0,0.8
TP,low,0.2,NORMA_334f7e21,,164,14,0.0578512396694214,0.0792682926829268,0.2142857142857142,0.9333333333333332,0.1648351648351648,2.8492935635792778,3.0,10.0,140.0,11.0,,,,,,,,,,40.0,0.0,3.0,15.2,14.0,228.0,24.0,168.0,0.8
TP,low,0.2,NORMA_334f7e21,,117,10,0.0851063829787234,0.3162393162393162,0.2,0.6728971962616822,0.0538161699987426,0.6323399974852257,2.0,35.0,72.0,8.0,,,,,,,,,,40.0,1.0,2.4,42.19626168224299,12.0,129.0,24.0,168.0,0.8
TP,low,0.2,NORMA_334f7e21,,246,21,0.0534351145038167,0.0365853658536585,0.1904761904761904,0.9777777777777776,0.3260869565217391,6.10248447204969,4.0,5.0,220.0,17.0,,,,,,,,,,50.0,0.0,4.0,8.266666666666667,21.0,372.0,24.0,168.0,0.8
TP,low,0.2,NORMA_334f7e21,,258,22,0.0945121951219512,0.0930232558139534,0.1818181818181818,0.9152542372881356,0.1829640374130945,1.9358775571450009,4.0,20.0,216.0,18.0,,,,,,,,,,50.0,1.0,5.636363636363637,25.16949152542373,31.0,297.0,24.0,168.0,0.8
TP,low,0.2,NORMA_334f7e21,,551,47,0.0910683012259194,0.087114337568058,0.1914893617021276,0.9226190476190476,0.1986794126342761,2.1816527810417634,9.0,39.0,465.0,38.0,,,,,,,,,,60.0,0.0,9.95744680851064,40.160714285714285,52.0,519.0,24.0,168.0,0.8
TP,low,0.2,NORMA_334f7e21,,364,31,0.0884520884520884,0.2005494505494505,0.1935483870967742,0.7987987987987988,0.0853749873886492,0.9652116629772284,6.0,67.0,266.0,25.0,,,,,,,,,,60.0,1.0,6.967741935483871,74.64564564564564,36.0,371.0,24.0,168.0,0.8
TP,low,0.2,NORMA_334f7e21,,387,33,0.1262135922330097,0.1111111111111111,0.2121212121212121,0.8983050847457628,0.2315321919875803,1.8344473672862132,7.0,36.0,318.0,26.0,,,,,,,,,,70.0,0.0,11.030303030303031,36.61016949152543,52.0,360.0,24.0,168.0,0.8
TP,low,0.2,NORMA_334f7e21,,305,26,0.0964912280701754,0.0557377049180327,0.1923076923076923,0.956989247311828,0.3231819043406836,3.349339735894357,5.0,12.0,267.0,21.0,,,,,,,,,,70.0,1.0,6.346153846153846,13.290322580645162,33.0,309.0,24.0,168.0,0.8
TP,low,0.2,NORMA_334f7e21,,71,6,0.1333333333333333,0.028169014084507,0.1666666666666666,0.9846153846153848,0.625,4.6875,1.0,1.0,64.0,5.0,,,,,,,,,,80.0,0.0,2.0,1.2,12.0,78.0,24.0,168.0,0.8
TP,low,0.2,NORMA_334f7e21,,59,5,0.1267605633802817,0.1186440677966101,0.2,0.8888888888888888,0.207161125319693,1.6342710997442451,1.0,6.0,48.0,4.0,,,,,,,,,,80.0,1.0,1.8,6.888888888888889,9.0,62.0,24.0,168.0,0.8
TP,low,0.2,NORMA_q_age,,94,8,0.0516129032258064,0.1702127659574468,0.25,0.8372093023255814,0.0771300448430493,1.4943946188340806,2.0,14.0,72.0,6.0,,,,,,,,,,20.0,0.0,2.0,23.930232558139537,8.0,147.0,24.0,168.0,0.8
TP,low,0.2,NORMA_q_age,,106,9,0.0545454545454545,0.0849056603773584,0.2222222222222222,0.9278350515463918,0.150855365474339,2.765681700362882,2.0,7.0,90.0,7.0,,,,,,,,,,30.0,0.0,2.0,11.257731958762887,9.0,156.0,24.0,168.0,0.8
TP,low,0.2,NORMA_q_age,,164,14,0.0578512396694214,0.1036585365853658,0.2142857142857142,0.9066666666666666,0.1235584843492586,2.135796658037185,3.0,14.0,136.0,11.0,,,,,,,,,,40.0,0.0,3.0,21.28,14.0,228.0,24.0,168.0,0.8
TP,low,0.2,NORMA_q_age,,117,10,0.0851063829787234,0.2905982905982906,0.2,0.7009345794392523,0.0585659551176792,0.6881499726327313,2.0,32.0,75.0,8.0,,,,,,,,,,40.0,1.0,2.4,38.57943925233645,12.0,129.0,24.0,168.0,0.8
TP,low,0.2,NORMA_q_age,,246,21,0.0534351145038167,0.0447154471544715,0.1904761904761904,0.9688888888888888,0.2568493150684931,4.806751467710371,4.0,7.0,218.0,17.0,,,,,,,,,,50.0,0.0,4.0,11.573333333333334,21.0,372.0,24.0,168.0,0.8
TP,low,0.2,NORMA_q_age,,258,22,0.0945121951219512,0.1201550387596899,0.1818181818181818,0.885593220338983,0.1422778852792174,1.5053918184381714,4.0,27.0,209.0,18.0,,,,,,,,,,50.0,1.0,5.636363636363637,33.978813559322035,31.0,297.0,24.0,168.0,0.8
TP,low,0.2,NORMA_q_age,,551,47,0.0910683012259194,0.0834845735027223,0.1914893617021276,0.9265873015873016,0.2071936985962036,2.275146190354467,9.0,37.0,467.0,38.0,,,,,,,,,,60.0,0.0,9.95744680851064,38.10119047619048,52.0,519.0,24.0,168.0,0.8
TP,low,0.2,NORMA_q_age,,364,31,0.0884520884520884,0.1868131868131868,0.1935483870967742,0.8138138138138138,0.0916291927285697,1.0359189289035529,6.0,62.0,271.0,25.0,,,,,,,,,,60.0,1.0,6.967741935483871,69.07507507507508,36.0,371.0,24.0,168.0,0.8
TP,low,0.2,NORMA_q_age,,387,33,0.1262135922330097,0.1266149870801033,0.2121212121212121,0.8813559322033898,0.2052448488092052,1.6261707251806263,7.0,42.0,312.0,26.0,,,,,,,,,,70.0,0.0,11.030303030303031,42.71186440677966,52.0,360.0,24.0,168.0,0.8
TP,low,0.2,NORMA_q_age,,305,26,0.0964912280701754,0.0590163934426229,0.1923076923076923,0.953405017921147,0.3059271516577284,3.1705177535437308,5.0,13.0,266.0,21.0,,,,,,,,,,70.0,1.0,6.346153846153846,14.397849462365592,33.0,309.0,24.0,168.0,0.8
TP,low,0.2,NORMA_q_age,,71,6,0.1333333333333333,0.028169014084507,0.1666666666666666,0.9846153846153848,0.625,4.6875,1.0,1.0,64.0,5.0,,,,,,,,,,80.0,0.0,2.0,1.2,12.0,78.0,24.0,168.0,0.8
TP,low,0.2,NORMA_q_age,,59,5,0.1267605633802817,0.0847457627118644,0.2,0.925925925925926,0.2815758980301275,2.221320973348784,1.0,4.0,50.0,4.0,,,,,,,,,,80.0,1.0,1.8,4.592592592592593,9.0,62.0,24.0,168.0,0.8
TP,low,0.2,NORMA_q_set,,94,8,0.0516129032258064,0.2127659574468085,0.25,0.7906976744186046,0.0610361958836054,1.1825762952448546,2.0,18.0,68.0,6.0,,,,,,,,,,20.0,0.0,2.0,30.76744186046512,8.0,147.0,24.0,168.0,0.8
TP,low,0.2,NORMA_q_set,,106,9,0.0545454545454545,0.0566037735849056,0.2222222222222222,0.9587628865979382,0.237163814180929,4.3480032599837,2.0,4.0,93.0,7.0,,,,,,,,,,30.0,0.0,2.0,6.43298969072165,9.0,156.0,24.0,168.0,0.8
TP,low,0.2,NORMA_q_set,,164,14,0.0578512396694214,0.0609756097560975,0.2142857142857142,0.9533333333333334,0.219941348973607,3.80184331797235,3.0,7.0,143.0,11.0,,,,,,,,,,40.0,0.0,3.0,10.64,14.0,228.0,24.0,168.0,0.8
TP,low,0.2,NORMA_q_set,,117,10,0.0851063829787234,0.3504273504273504,0.2,0.6355140186915887,0.0485646204470668,0.5706342902530352,2.0,39.0,68.0,8.0,,,,,,,,,,40.0,1.0,2.4,47.018691588785046,12.0,129.0,24.0,168.0,0.8
TP,low,0.2,NORMA_q_set,,246,21,0.0534351145038167,0.0975609756097561,0.1904761904761904,0.9111111111111112,0.1079136690647482,2.019527235354573,4.0,20.0,205.0,17.0,,,,,,,,,,50.0,0.0,4.0,33.06666666666667,21.0,372.0,24.0,168.0,0.8
TP,low,0.2,NORMA_q_set,,258,22,0.0945121951219512,0.1627906976744186,0.1818181818181818,0.8389830508474576,0.1054345789678479,1.1155658677888427,4.0,38.0,198.0,18.0,,,,,,,,,,50.0,1.0,5.636363636363637,47.82203389830509,31.0,297.0,24.0,168.0,0.8
TP,low,0.2,NORMA_q_set,,551,47,0.0910683012259194,0.0925589836660617,0.1914893617021276,0.9166666666666666,0.1871438568429471,2.0549835049485154,9.0,42.0,462.0,38.0,,,,,,,,,,60.0,0.0,9.95744680851064,43.25,52.0,519.0,24.0,168.0,0.8
TP,low,0.2,NORMA_q_set,,364,31,0.0884520884520884,0.1923076923076923,0.1935483870967742,0.8078078078078078,0.0890206833731026,1.0064282814681331,6.0,64.0,269.0,25.0,,,,,,,,,,60.0,1.0,6.967741935483871,71.30330330330331,36.0,371.0,24.0,168.0,0.8
TP,low,0.2,NORMA_q_set,,387,33,0.1262135922330097,0.1602067183462532,0.2121212121212121,0.844632768361582,0.1647235687549856,1.3051175062895013,7.0,55.0,299.0,26.0,,,,,,,,,,70.0,0.0,11.030303030303031,55.932203389830505,52.0,360.0,24.0,168.0,0.8
TP,low,0.2,NORMA_q_set,,305,26,0.0964912280701754,0.0655737704918032,0.1923076923076923,0.946236559139785,0.2764117805998378,2.864631180761956,5.0,15.0,264.0,21.0,,,,,,,,,,70.0,1.0,6.346153846153846,16.612903225806452,33.0,309.0,24.0,168.0,0.8
TP,low,0.2,NORMA_q_set,,71,6,0.1333333333333333,0.056338028169014,0.1666666666666666,0.953846153846154,0.3571428571428571,2.678571428571429,1.0,3.0,62.0,5.0,,,,,,,,,,80.0,0.0,2.0,3.6,12.0,78.0,24.0,168.0,0.8
TP,low,0.2,NORMA_q_set,,59,5,0.1267605633802817,0.0847457627118644,0.2,0.925925925925926,0.2815758980301275,2.221320973348784,1.0,4.0,50.0,4.0,,,,,,,,,,80.0,1.0,1.8,4.592592592592593,9.0,62.0,24.0,168.0,0.8
TP,low,0.2,NORMA_q_co,,94,8,0.0516129032258064,0.2234042553191489,0.25,0.7790697674418605,0.0580101180438448,1.123946037099494,2.0,19.0,67.0,6.0,,,,,,,,,,20.0,0.0,2.0,32.47674418604651,8.0,147.0,24.0,168.0,0.8
TP,low,0.2,NORMA_q_co,,106,9,0.0545454545454545,0.0566037735849056,0.2222222222222222,0.9587628865979382,0.237163814180929,4.3480032599837,2.0,4.0,93.0,7.0,,,,,,,,,,30.0,0.0,2.0,6.43298969072165,9.0,156.0,24.0,168.0,0.8
TP,low,0.2,NORMA_q_co,,164,14,0.0578512396694214,0.1036585365853658,0.2142857142857142,0.9066666666666666,0.1235584843492586,2.135796658037185,3.0,14.0,136.0,11.0,,,,,,,,,,40.0,0.0,3.0,21.28,14.0,228.0,24.0,168.0,0.8
TP,low,0.2,NORMA_q_co,,117,10,0.0851063829787234,0.358974358974359,0.2,0.6261682242990654,0.0474080638015064,0.5570447496677005,2.0,40.0,67.0,8.0,,,,,,,,,,40.0,1.0,2.4,48.22429906542056,12.0,129.0,24.0,168.0,0.8
TP,low,0.2,NORMA_q_co,,246,21,0.0534351145038167,0.0284552845528455,0.1904761904761904,0.9866666666666668,0.4464285714285714,8.354591836734693,4.0,3.0,222.0,17.0,,,,,,,,,,50.0,0.0,4.0,4.96,21.0,372.0,24.0,168.0,0.8
TP,low,0.2,NORMA_q_co,,258,22,0.0945121951219512,0.1434108527131783,0.1818181818181818,0.8601694915254238,0.1195005022745277,1.2643924111627451,4.0,33.0,203.0,18.0,,,,,,,,,,50.0,1.0,5.636363636363637,41.52966101694916,31.0,297.0,24.0,168.0,0.8
TP,low,0.2,NORMA_q_co,,551,47,0.0910683012259194,0.0834845735027223,0.1914893617021276,0.9265873015873016,0.2071936985962036,2.275146190354467,9.0,37.0,467.0,38.0,,,,,,,,,,60.0,0.0,9.95744680851064,38.10119047619048,52.0,519.0,24.0,168.0,0.8
TP,low,0.2,NORMA_q_co,,364,31,0.0884520884520884,0.1923076923076923,0.1935483870967742,0.8078078078078078,0.0890206833731026,1.0064282814681331,6.0,64.0,269.0,25.0,,,,,,,,,,60.0,1.0,6.967741935483871,71.30330330330331,36.0,371.0,24.0,168.0,0.8
TP,low,0.2,NORMA_q_co,,387,33,0.1262135922330097,0.1214470284237726,0.2121212121212121,0.8870056497175142,0.2133179705192896,1.690134689498987,7.0,40.0,314.0,26.0,,,,,,,,,,70.0,0.0,11.030303030303031,40.67796610169491,52.0,360.0,24.0,168.0,0.8
TP,low,0.2,NORMA_q_co,,305,26,0.0964912280701754,0.0524590163934426,0.1923076923076923,0.9605734767025088,0.3424993862018168,3.549539093364284,5.0,11.0,268.0,21.0,,,,,,,,,,70.0,1.0,6.346153846153846,12.182795698924732,33.0,309.0,24.0,168.0,0.8
TP,low,0.2,NORMA_q_co,,71,6,0.1333333333333333,0.0704225352112676,0.1666666666666666,0.9384615384615383,0.2941176470588235,2.2058823529411766,1.0,4.0,61.0,5.0,,,,,,,,,,80.0,0.0,2.0,4.8,12.0,78.0,24.0,168.0,0.8
TP,low,0.2,NORMA_q_co,,59,5,0.1267605633802817,0.1186440677966101,0.2,0.8888888888888888,0.207161125319693,1.6342710997442451,1.0,6.0,48.0,4.0,,,,,,,,,,80.0,1.0,1.8,6.888888888888889,9.0,62.0,24.0,168.0,0.8
TP,low,0.2,NORMA_q_age_set_co,,94,8,0.0516129032258064,0.1914893617021276,0.25,0.813953488372093,0.0681458003169572,1.3203248811410462,2.0,16.0,70.0,6.0,,,,,,,,,,20.0,0.0,2.0,27.348837209302324,8.0,147.0,24.0,168.0,0.8
TP,low,0.2,NORMA_q_age_set_co,,106,9,0.0545454545454545,0.0566037735849056,0.2222222222222222,0.9587628865979382,0.237163814180929,4.3480032599837,2.0,4.0,93.0,7.0,,,,,,,,,,30.0,0.0,2.0,6.43298969072165,9.0,156.0,24.0,168.0,0.8
TP,low,0.2,NORMA_q_age_set_co,,164,14,0.0578512396694214,0.073170731707317,0.2142857142857142,0.94,0.1798561151079136,3.108941418293936,3.0,9.0,141.0,11.0,,,,,,,,,,40.0,0.0,3.0,13.68,14.0,228.0,24.0,168.0,0.8
TP,low,0.2,NORMA_q_age_set_co,,117,10,0.0851063829787234,0.3076923076923077,0.2,0.6822429906542056,0.0553114499870767,0.649909537348152,2.0,34.0,73.0,8.0,,,,,,,,,,40.0,1.0,2.4,40.99065420560748,12.0,129.0,24.0,168.0,0.8
TP,low,0.2,NORMA_q_age_set_co,,246,21,0.0534351145038167,0.073170731707317,0.1904761904761904,0.9377777777777778,0.1473477406679764,2.7575077182149874,4.0,14.0,211.0,17.0,,,,,,,,,,50.0,0.0,4.0,23.14666666666667,21.0,372.0,24.0,168.0,0.8
TP,low,0.2,NORMA_q_age_set_co,,258,22,0.0945121951219512,0.1162790697674418,0.1818181818181818,0.8898305084745762,0.1469459899170466,1.5547833771868165,4.0,26.0,210.0,18.0,,,,,,,,,,50.0,1.0,5.636363636363637,32.720338983050844,31.0,297.0,24.0,168.0,0.8
TP,low,0.2,NORMA_q_age_set_co,,551,47,0.0910683012259194,0.087114337568058,0.1914893617021276,0.9226190476190476,0.1986794126342761,2.1816527810417634,9.0,39.0,465.0,38.0,,,,,,,,,,60.0,0.0,9.95744680851064,40.160714285714285,52.0,519.0,24.0,168.0,0.8
TP,low,0.2,NORMA_q_age_set_co,,364,31,0.0884520884520884,0.1895604395604395,0.1935483870967742,0.8108108108108109,0.0903061051537305,1.0209606888213425,6.0,63.0,270.0,25.0,,,,,,,,,,60.0,1.0,6.967741935483871,70.1891891891892,36.0,371.0,24.0,168.0,0.8
TP,low,0.2,NORMA_q_age_set_co,,387,33,0.1262135922330097,0.1679586563307493,0.2121212121212121,0.8361581920903954,0.1575457026321194,1.2482467208544852,7.0,58.0,296.0,26.0,,,,,,,,,,70.0,0.0,11.030303030303031,58.983050847457626,52.0,360.0,24.0,168.0,0.8
TP,low,0.2,NORMA_q_age_set_co,,305,26,0.0964912280701754,0.0459016393442622,0.1923076923076923,0.967741935483871,0.3890029660050194,4.03148528405202,5.0,9.0,270.0,21.0,,,,,,,,,,70.0,1.0,6.346153846153846,9.96774193548387,33.0,309.0,24.0,168.0,0.8
TP,low,0.2,NORMA_q_age_set_co,,71,6,0.1333333333333333,0.1126760563380281,0.1666666666666666,0.8923076923076924,0.1923076923076923,1.4423076923076923,1.0,7.0,58.0,5.0,,,,,,,,,,80.0,0.0,2.0,8.4,12.0,78.0,24.0,168.0,0.8
TP,low,0.2,NORMA_q_age_set_co,,59,5,0.1267605633802817,0.1186440677966101,0.2,0.8888888888888888,0.207161125319693,1.6342710997442451,1.0,6.0,48.0,4.0,,,,,,,,,,80.0,1.0,1.8,6.888888888888889,9.0,62.0,24.0,168.0,0.8
WBC,high,0.2,PopRI,,92,5,0.0583333333333333,0.0978260869565217,0.2,0.9080459770114944,0.1187365958276467,2.035484499902515,1.0,8.0,79.0,4.0,,,,,,,,,,30.0,0.0,1.4,10.39080459770115,7.0,113.0,24.0,168.0,0.8
WBC,high,0.2,PopRI,,183,10,0.0813397129186602,0.1912568306010929,0.2,0.8092485549132948,0.0849484416972357,1.0443661361601342,2.0,33.0,140.0,8.0,,,,,,,,,,30.0,1.0,3.4,36.6242774566474,17.0,192.0,24.0,168.0,0.8
WBC,high,0.2,PopRI,,91,5,0.0248756218905472,0.0549450549450549,0.2,0.9534883720930232,0.0988505747126436,3.9737931034482754,1.0,4.0,82.0,4.0,,,,,,,,,,40.0,0.0,1.0,9.116279069767442,5.0,196.0,24.0,168.0,0.8
WBC,high,0.2,PopRI,,165,9,0.0855614973262032,0.206060606060606,0.2222222222222222,0.7948717948717948,0.0920353982300884,1.0756637168141592,2.0,32.0,124.0,7.0,,,,,,,,,,40.0,1.0,3.555555555555556,35.07692307692308,16.0,171.0,24.0,168.0,0.8
WBC,high,0.2,PopRI,,276,15,0.036144578313253,0.0760869565217391,0.2,0.9310344827586208,0.0980834272829763,2.713641488162345,3.0,18.0,243.0,12.0,,,,,,,,,,50.0,0.0,3.0,27.58620689655172,15.0,400.0,24.0,168.0,0.8
WBC,high,0.2,PopRI,,294,16,0.0439560439560439,0.0442176870748299,0.1875,0.9640287769784172,0.1933240611961057,4.3981223922114046,3.0,10.0,268.0,13.0,,,,,,,,,,50.0,1.0,3.0,12.517985611510792,16.0,348.0,24.0,168.0,0.8
WBC,high,0.2,PopRI,,697,38,0.0608575380359612,0.0975609756097561,0.2105263157894736,0.9089529590288316,0.1303126587000193,2.1412739145480453,8.0,60.0,599.0,30.0,,,,,,,,,,60.0,0.0,9.263157894736842,61.82094081942337,44.0,679.0,24.0,168.0,0.8
WBC,high,0.2,PopRI,,441,24,0.0360902255639097,0.0430839002267573,0.2083333333333333,0.9664268585131894,0.1885342255176779,5.223969165385658,5.0,14.0,403.0,19.0,,,,,,,,,,60.0,1.0,5.0,21.520383693045563,24.0,641.0,24.0,168.0,0.8
WBC,high,0.2,PopRI,,697,38,0.0670391061452514,0.0774748923959827,0.2105263157894736,0.9301972685887708,0.1781181372825046,2.656928881130694,8.0,46.0,613.0,30.0,,,,,,,,,,70.0,0.0,10.105263157894736,46.628224582701066,48.0,668.0,24.0,168.0,0.8
WBC,high,0.2,PopRI,,587,32,0.06,0.0732538330494037,0.1875,0.9333333333333332,0.1521984216459977,2.536640360766629,6.0,37.0,518.0,26.0,,,,,,,,,,70.0,1.0,7.3125,40.73333333333333,39.0,611.0,24.0,168.0,0.8
WBC,high,0.2,PopRI,,220,12,0.0890688259109311,0.0409090909090909,0.1666666666666666,0.966346153846154,0.3262512476828746,3.662911735348639,2.0,7.0,201.0,10.0,,,,,,,,,,80.0,0.0,3.6666666666666665,7.572115384615385,22.0,225.0,24.0,168.0,0.8
WBC,high,0.2,PopRI,,110,6,0.024390243902439,0.009090909090909,0.1666666666666666,1.0,1.0,41.0,1.0,0.0,104.0,5.0,,,,,,,,,,80.0,1.0,1.0,0.0,6.0,240.0,24.0,168.0,0.8
WBC,high,0.2,PerRI,,92,5,0.0583333333333333,0.1521739130434782,0.2,0.8505747126436781,0.0765652501885843,1.3125471460900175,1.0,13.0,74.0,4.0,,,,,,,,,,30.0,0.0,1.4,16.885057471264368,7.0,113.0,24.0,168.0,0.8
WBC,high,0.2,PerRI,,183,10,0.0813397129186602,0.1693989071038251,0.2,0.8323699421965318,0.0955459536727201,1.1746531951528545,2.0,29.0,144.0,8.0,,,,,,,,,,30.0,1.0,3.4,32.1849710982659,17.0,192.0,24.0,168.0,0.8
WBC,high,0.2,PerRI,,91,5,0.0248756218905472,0.0769230769230769,0.2,0.9302325581395348,0.0681458003169572,2.73946117274168,1.0,6.0,80.0,4.0,,,,,,,,,,40.0,0.0,1.0,13.674418604651162,5.0,196.0,24.0,168.0,0.8
WBC,high,0.2,PerRI,,165,9,0.0855614973262032,0.1212121212121212,0.2222222222222222,0.8846153846153846,0.152688566709488,1.7845476234171411,2.0,18.0,138.0,7.0,,,,,,,,,,40.0,1.0,3.555555555555556,19.73076923076923,16.0,171.0,24.0,168.0,0.8
WBC,high,0.2,PerRI,,276,15,0.036144578313253,0.1847826086956521,0.2,0.8160919540229885,0.0391833058099384,1.0840714607416306,3.0,48.0,213.0,12.0,,,,,,,,,,50.0,0.0,3.0,73.5632183908046,15.0,400.0,24.0,168.0,0.8
WBC,high,0.2,PerRI,,294,16,0.0439560439560439,0.227891156462585,0.1875,0.7697841726618705,0.0360945209036613,0.8211503505582964,3.0,64.0,214.0,13.0,,,,,,,,,,50.0,1.0,3.0,80.11510791366906,16.0,348.0,24.0,168.0,0.8
WBC,high,0.2,PerRI,,697,38,0.0608575380359612,0.0989956958393113,0.2105263157894736,0.9074355083459787,0.1284507915764526,2.110680052494892,8.0,61.0,598.0,30.0,,,,,,,,,,60.0,0.0,9.263157894736842,62.85128983308042,44.0,679.0,24.0,168.0,0.8
WBC,high,0.2,PerRI,,441,24,0.0360902255639097,0.1179138321995464,0.2083333333333333,0.8872901678657075,0.0647274307711412,1.793489227617037,5.0,47.0,370.0,19.0,,,,,,,,,,60.0,1.0,5.0,72.24700239808153,24.0,641.0,24.0,168.0,0.8
WBC,high,0.2,PerRI,,697,38,0.0670391061452514,0.1664275466284074,0.2105263157894736,0.8361153262518968,0.0845061391978969,1.260549909701963,8.0,108.0,551.0,30.0,,,,,,,,,,70.0,0.0,10.105263157894736,109.47496206373292,48.0,668.0,24.0,168.0,0.8
WBC,high,0.2,PerRI,,587,32,0.06,0.1754684838160136,0.1875,0.8252252252252252,0.0640885820962547,1.0681430349375791,6.0,97.0,458.0,26.0,,,,,,,,,,70.0,1.0,7.3125,106.78738738738738,39.0,611.0,24.0,168.0,0.8
WBC,high,0.2,PerRI,,220,12,0.0890688259109311,0.0681818181818181,0.1666666666666666,0.9375,0.2068155111633372,2.3219741480611047,2.0,13.0,195.0,10.0,,,,,,,,,,80.0,0.0,3.6666666666666665,14.0625,22.0,225.0,24.0,168.0,0.8
WBC,high,0.2,PerRI,,110,6,0.024390243902439,0.0636363636363636,0.1666666666666666,0.9423076923076924,0.0673575129533678,2.761658031088083,1.0,6.0,98.0,5.0,,,,,,,,,,80.0,1.0,1.0,13.846153846153848,6.0,240.0,24.0,168.0,0.8
WBC,high,0.2,Cohen_m2,,92,5,0.0583333333333333,0.1195652173913043,0.2,0.8850574712643678,0.097299888161048,1.6679980827608245,1.0,10.0,77.0,4.0,,,,,,,,,,30.0,0.0,1.4,12.988505747126435,7.0,113.0,24.0,168.0,0.8
WBC,high,0.2,Cohen_m2,,183,10,0.0813397129186602,0.1639344262295081,0.2,0.838150289017341,0.0986217766003822,1.2124677240870527,2.0,28.0,145.0,8.0,,,,,,,,,,30.0,1.0,3.4,31.07514450867052,17.0,192.0,24.0,168.0,0.8
WBC,high,0.2,Cohen_m2,,91,5,0.0248756218905472,0.0329670329670329,0.2,0.9767441860465116,0.1799163179916318,7.232635983263598,1.0,2.0,84.0,4.0,,,,,,,,,,40.0,0.0,1.0,4.558139534883721,5.0,196.0,24.0,168.0,0.8
WBC,high,0.2,Cohen_m2,,165,9,0.0855614973262032,0.2181818181818181,0.2222222222222222,0.782051282051282,0.0870930597717994,1.017900136082906,2.0,34.0,122.0,7.0,,,,,,,,,,40.0,1.0,3.555555555555556,37.26923076923077,16.0,171.0,24.0,168.0,0.8
WBC,high,0.2,Cohen_m2,,276,15,0.036144578313253,0.1195652173913043,0.2,0.8850574712643678,0.0612532269420323,1.6946726120628963,3.0,30.0,231.0,12.0,,,,,,,,,,50.0,0.0,3.0,45.97701149425287,15.0,400.0,24.0,168.0,0.8
WBC,high,0.2,Cohen_m2,,294,16,0.0439560439560439,0.0816326530612244,0.1875,0.9244604316546764,0.1024318349299926,2.330324244657332,3.0,21.0,257.0,13.0,,,,,,,,,,50.0,1.0,3.0,26.287769784172664,16.0,348.0,24.0,168.0,0.8
WBC,high,0.2,Cohen_m2,,697,38,0.0608575380359612,0.0717360114777618,0.2105263157894736,0.936267071320182,0.1763141012973035,2.897161255407965,8.0,42.0,617.0,30.0,,,,,,,,,,60.0,0.0,9.263157894736842,43.27465857359636,44.0,679.0,24.0,168.0,0.8
WBC,high,0.2,Cohen_m2,,441,24,0.0360902255639097,0.0430839002267573,0.2083333333333333,0.9664268585131894,0.1885342255176779,5.223969165385658,5.0,14.0,403.0,19.0,,,,,,,,,,60.0,1.0,5.0,21.520383693045563,24.0,641.0,24.0,168.0,0.8
WBC,high,0.2,Cohen_m2,,697,38,0.0670391061452514,0.133428981348637,0.2105263157894736,0.8710166919575114,0.1049721740111569,1.5658349289997575,8.0,85.0,574.0,30.0,,,,,,,,,,70.0,0.0,10.105263157894736,86.16084977238239,48.0,668.0,24.0,168.0,0.8
WBC,high,0.2,Cohen_m2,,587,32,0.06,0.1294718909710391,0.1875,0.8738738738738738,0.0866660883143922,1.4444348052398717,6.0,70.0,485.0,26.0,,,,,,,,,,70.0,1.0,7.3125,77.06306306306307,39.0,611.0,24.0,168.0,0.8
WBC,high,0.2,Cohen_m2,,220,12,0.0890688259109311,0.05,0.1666666666666666,0.9567307692307692,0.2735860337199569,3.0716250149467896,2.0,9.0,199.0,10.0,,,,,,,,,,80.0,0.0,3.6666666666666665,9.735576923076923,22.0,225.0,24.0,168.0,0.8
WBC,high,0.2,Cohen_m2,,110,6,0.024390243902439,0.0818181818181818,0.1666666666666666,0.9230769230769232,0.0513833992094861,2.1067193675889326,1.0,8.0,96.0,5.0,,,,,,,,,,80.0,1.0,1.0,18.46153846153846,6.0,240.0,24.0,168.0,0.8
WBC,high,0.2,Cohen_m3,,92,5,0.0583333333333333,0.1195652173913043,0.2,0.8850574712643678,0.097299888161048,1.6679980827608245,1.0,10.0,77.0,4.0,,,,,,,,,,30.0,0.0,1.4,12.988505747126435,7.0,113.0,24.0,168.0,0.8
WBC,high,0.2,Cohen_m3,,183,10,0.0813397129186602,0.3060109289617486,0.2,0.6878612716763006,0.05368649714317,0.6600281119366205,2.0,54.0,119.0,8.0,,,,,,,,,,30.0,1.0,3.4,59.93063583815029,17.0,192.0,24.0,168.0,0.8
WBC,high,0.2,Cohen_m3,,91,5,0.0248756218905472,0.0219780219780219,0.2,0.9883720930232558,0.3049645390070922,12.259574468085106,1.0,1.0,85.0,4.0,,,,,,,,,,40.0,0.0,1.0,2.2790697674418605,5.0,196.0,24.0,168.0,0.8
WBC,high,0.2,Cohen_m3,,165,9,0.0855614973262032,0.103030303030303,0.2222222222222222,0.903846153846154,0.1777967731595255,2.077999786301955,2.0,15.0,141.0,7.0,,,,,,,,,,40.0,1.0,3.555555555555556,16.442307692307693,16.0,171.0,24.0,168.0,0.8
WBC,high,0.2,Cohen_m3,,276,15,0.036144578313253,0.1557971014492753,0.2,0.8467432950191571,0.0466543526187213,1.29077042245129,3.0,40.0,221.0,12.0,,,,,,,,,,50.0,0.0,3.0,61.30268199233716,15.0,400.0,24.0,168.0,0.8
WBC,high,0.2,Cohen_m3,,294,16,0.0439560439560439,0.1904761904761904,0.1875,0.8093525179856115,0.043261749144102,0.9842047930283224,3.0,53.0,225.0,13.0,,,,,,,,,,50.0,1.0,3.0,66.34532374100719,16.0,348.0,24.0,168.0,0.8
WBC,high,0.2,Cohen_m3,,697,38,0.0608575380359612,0.0903873744619799,0.2105263157894736,0.9165402124430956,0.1404948766805686,2.308586269092072,8.0,55.0,604.0,30.0,,,,,,,,,,60.0,0.0,9.263157894736842,56.66919575113809,44.0,679.0,24.0,168.0,0.8
WBC,high,0.2,Cohen_m3,,441,24,0.0360902255639097,0.1496598639455782,0.2083333333333333,0.8537170263788969,0.0506239984460739,1.4027066236099646,5.0,61.0,356.0,19.0,,,,,,,,,,60.0,1.0,5.0,93.7673860911271,24.0,641.0,24.0,168.0,0.8
WBC,high,0.2,Cohen_m3,,697,38,0.0670391061452514,0.1219512195121951,0.2105263157894736,0.8831562974203339,0.1146282156744083,1.709870883809924,8.0,77.0,582.0,30.0,,,,,,,,,,70.0,0.0,10.105263157894736,78.05159332321699,48.0,668.0,24.0,168.0,0.8
WBC,high,0.2,Cohen_m3,,587,32,0.06,0.2078364565587734,0.1875,0.790990990990991,0.0541598447309356,0.9026640788489272,6.0,116.0,439.0,26.0,,,,,,,,,,70.0,1.0,7.3125,127.7045045045045,39.0,611.0,24.0,168.0,0.8
WBC,high,0.2,Cohen_m3,,220,12,0.0890688259109311,0.0818181818181818,0.1666666666666666,0.9230769230769232,0.1748166259168704,1.9627139364303177,2.0,16.0,192.0,10.0,,,,,,,,,,80.0,0.0,3.6666666666666665,17.307692307692307,22.0,225.0,24.0,168.0,0.8
WBC,high,0.2,Cohen_m3,,110,6,0.024390243902439,0.0181818181818181,0.1666666666666666,0.9903846153846154,0.3023255813953489,12.395348837209305,1.0,1.0,103.0,5.0,,,,,,,,,,80.0,1.0,1.0,2.3076923076923075,6.0,240.0,24.0,168.0,0.8
WBC,high,0.2,Cohen_m4,,92,5,0.0583333333333333,0.0652173913043478,0.2,0.942528735632184,0.1773442050087361,3.040186371578334,1.0,5.0,82.0,4.0,,,,,,,,,,30.0,0.0,1.4,6.494252873563219,7.0,113.0,24.0,168.0,0.8
WBC,high,0.2,Cohen_m4,,183,10,0.0813397129186602,0.1366120218579235,0.2,0.8670520231213873,0.1175412653371168,1.4450661444386714,2.0,23.0,150.0,8.0,,,,,,,,,,30.0,1.0,3.4,25.526011560693643,17.0,192.0,24.0,168.0,0.8
WBC,high,0.2,Cohen_m4,,91,5,0.0248756218905472,0.0549450549450549,0.2,0.9534883720930232,0.0988505747126436,3.9737931034482754,1.0,4.0,82.0,4.0,,,,,,,,,,40.0,0.0,1.0,9.116279069767442,5.0,196.0,24.0,168.0,0.8
WBC,high,0.2,Cohen_m4,,165,9,0.0855614973262032,0.1333333333333333,0.2222222222222222,0.8717948717948718,0.139550486413955,1.6309963099630995,2.0,20.0,136.0,7.0,,,,,,,,,,40.0,1.0,3.555555555555556,21.923076923076923,16.0,171.0,24.0,168.0,0.8
WBC,high,0.2,Cohen_m4,,276,15,0.036144578313253,0.1413043478260869,0.2,0.8620689655172413,0.0515708358032009,1.4267931238885598,3.0,36.0,225.0,12.0,,,,,,,,,,50.0,0.0,3.0,55.172413793103445,15.0,400.0,24.0,168.0,0.8
WBC,high,0.2,Cohen_m4,,294,16,0.0439560439560439,0.0612244897959183,0.1875,0.946043165467626,0.1377601585728444,3.13404360753221,3.0,15.0,263.0,13.0,,,,,,,,,,50.0,1.0,3.0,18.776978417266186,16.0,348.0,24.0,168.0,0.8
WBC,high,0.2,Cohen_m4,,697,38,0.0608575380359612,0.0989956958393113,0.2105263157894736,0.9074355083459787,0.1284507915764526,2.110680052494892,8.0,61.0,598.0,30.0,,,,,,,,,,60.0,0.0,9.263157894736842,62.85128983308042,44.0,679.0,24.0,168.0,0.8
WBC,high,0.2,Cohen_m4,,441,24,0.0360902255639097,0.0408163265306122,0.2083333333333333,0.9688249400479616,0.2001343827990017,5.545390190055673,5.0,13.0,404.0,19.0,,,,,,,,,,60.0,1.0,5.0,19.983213429256597,24.0,641.0,24.0,168.0,0.8
WBC,high,0.2,Cohen_m4,,697,38,0.0670391061452514,0.1377331420373027,0.2105263157894736,0.866464339908953,0.1017577270504671,1.5178860951694677,8.0,88.0,571.0,30.0,,,,,,,,,,70.0,0.0,10.105263157894736,89.20182094081942,48.0,668.0,24.0,168.0,0.8
WBC,high,0.2,Cohen_m4,,587,32,0.06,0.1499148211243611,0.1875,0.8522522522522522,0.074933617365997,1.248893622766618,6.0,82.0,473.0,26.0,,,,,,,,,,70.0,1.0,7.3125,90.27387387387388,39.0,611.0,24.0,168.0,0.8
WBC,high,0.2,Cohen_m4,,220,12,0.0890688259109311,0.05,0.1666666666666666,0.9567307692307692,0.2735860337199569,3.0716250149467896,2.0,9.0,199.0,10.0,,,,,,,,,,80.0,0.0,3.6666666666666665,9.735576923076923,22.0,225.0,24.0,168.0,0.8
WBC,high,0.2,Cohen_m4,,110,6,0.024390243902439,0.0363636363636363,0.1666666666666666,0.971153846153846,0.1262135922330097,5.174757281553398,1.0,3.0,101.0,5.0,,,,,,,,,,80.0,1.0,1.0,6.923076923076923,6.0,240.0,24.0,168.0,0.8
WBC,high,0.2,Gaussian_mle,,92,5,0.0583333333333333,0.1847826086956521,0.2,0.8160919540229885,0.0631153487408021,1.0819774069851795,1.0,16.0,71.0,4.0,,,,,,,,,,30.0,0.0,1.4,20.7816091954023,7.0,113.0,24.0,168.0,0.8
WBC,high,0.2,Gaussian_mle,,183,10,0.0813397129186602,0.1366120218579235,0.2,0.8670520231213873,0.1175412653371168,1.4450661444386714,2.0,23.0,150.0,8.0,,,,,,,,,,30.0,1.0,3.4,25.526011560693643,17.0,192.0,24.0,168.0,0.8
WBC,high,0.2,Gaussian_mle,,91,5,0.0248756218905472,0.0219780219780219,0.2,0.9883720930232558,0.3049645390070922,12.259574468085106,1.0,1.0,85.0,4.0,,,,,,,,,,40.0,0.0,1.0,2.2790697674418605,5.0,196.0,24.0,168.0,0.8
WBC,high,0.2,Gaussian_mle,,165,9,0.0855614973262032,0.1757575757575757,0.2222222222222222,0.8269230769230769,0.1072510473735094,1.2534966161778922,2.0,27.0,129.0,7.0,,,,,,,,,,40.0,1.0,3.555555555555556,29.596153846153847,16.0,171.0,24.0,168.0,0.8
WBC,high,0.2,Gaussian_mle,,276,15,0.036144578313253,0.108695652173913,0.2,0.896551724137931,0.0675990675990676,1.8702408702408704,3.0,27.0,234.0,12.0,,,,,,,,,,50.0,0.0,3.0,41.37931034482759,15.0,400.0,24.0,168.0,0.8
WBC,high,0.2,Gaussian_mle,,294,16,0.0439560439560439,0.1258503401360544,0.1875,0.8776978417266187,0.0658455708195168,1.4979867361440071,3.0,34.0,244.0,13.0,,,,,,,,,,50.0,1.0,3.0,42.56115107913669,16.0,348.0,24.0,168.0,0.8
WBC,high,0.2,Gaussian_mle,,697,38,0.0608575380359612,0.1090387374461979,0.2105263157894736,0.8968133535660091,0.1167719773028395,1.9187758997716595,8.0,68.0,591.0,30.0,,,,,,,,,,60.0,0.0,9.263157894736842,70.06373292867981,44.0,679.0,24.0,168.0,0.8
WBC,high,0.2,Gaussian_mle,,441,24,0.0360902255639097,0.0430839002267573,0.2083333333333333,0.9664268585131894,0.1885342255176779,5.223969165385658,5.0,14.0,403.0,19.0,,,,,,,,,,60.0,1.0,5.0,21.520383693045563,24.0,641.0,24.0,168.0,0.8
WBC,high,0.2,Gaussian_mle,,697,38,0.0670391061452514,0.157819225251076,0.2105263157894736,0.8452200303490136,0.0890345025585597,1.328097996498517,8.0,102.0,557.0,30.0,,,,,,,,,,70.0,0.0,10.105263157894736,103.39301972685888,48.0,668.0,24.0,168.0,0.8
WBC,high,0.2,Gaussian_mle,,587,32,0.06,0.141396933560477,0.1875,0.8612612612612612,0.0794130272341372,1.3235504539022878,6.0,77.0,478.0,26.0,,,,,,,,,,70.0,1.0,7.3125,84.76936936936937,39.0,611.0,24.0,168.0,0.8
WBC,high,0.2,Gaussian_mle,,220,12,0.0890688259109311,0.0681818181818181,0.1666666666666666,0.9375,0.2068155111633372,2.3219741480611047,2.0,13.0,195.0,10.0,,,,,,,,,,80.0,0.0,3.6666666666666665,14.0625,22.0,225.0,24.0,168.0,0.8
WBC,high,0.2,Gaussian_mle,,110,6,0.024390243902439,0.0272727272727272,0.1666666666666666,0.9807692307692308,0.1780821917808219,7.301369863013699,1.0,2.0,102.0,5.0,,,,,,,,,,80.0,1.0,1.0,4.615384615384615,6.0,240.0,24.0,168.0,0.8
WBC,high,0.2,Gaussian_trunc,,92,5,0.0583333333333333,0.1630434782608695,0.2,0.8390804597701149,0.0714872637633525,1.2254959502289,1.0,14.0,73.0,4.0,,,,,,,,,,30.0,0.0,1.4,18.183908045977013,7.0,113.0,24.0,168.0,0.8
WBC,high,0.2,Gaussian_trunc,,183,10,0.0813397129186602,0.1912568306010929,0.2,0.8092485549132948,0.0849484416972357,1.0443661361601342,2.0,33.0,140.0,8.0,,,,,,,,,,30.0,1.0,3.4,36.6242774566474,17.0,192.0,24.0,168.0,0.8
WBC,high,0.2,Gaussian_trunc,,91,5,0.0248756218905472,0.0659340659340659,0.2,0.9418604651162792,0.0806754221388367,3.243151969981238,1.0,5.0,81.0,4.0,,,,,,,,,,40.0,0.0,1.0,11.395348837209305,5.0,196.0,24.0,168.0,0.8
WBC,high,0.2,Gaussian_trunc,,165,9,0.0855614973262032,0.3151515151515151,0.2222222222222222,0.6794871794871795,0.0609211393424617,0.7120158160650216,2.0,50.0,106.0,7.0,,,,,,,,,,40.0,1.0,3.555555555555556,54.80769230769231,16.0,171.0,24.0,168.0,0.8
WBC,high,0.2,Gaussian_trunc,,276,15,0.036144578313253,0.1485507246376811,0.2,0.8544061302681992,0.0489895513983607,1.355377588687981,3.0,38.0,223.0,12.0,,,,,,,,,,50.0,0.0,3.0,58.23754789272031,15.0,400.0,24.0,168.0,0.8
WBC,high,0.2,Gaussian_trunc,,294,16,0.0439560439560439,0.1224489795918367,0.1875,0.8812949640287769,0.0677057963955187,1.5403068679980516,3.0,33.0,245.0,13.0,,,,,,,,,,50.0,1.0,3.0,41.30935251798561,16.0,348.0,24.0,168.0,0.8
WBC,high,0.2,Gaussian_trunc,,697,38,0.0608575380359612,0.1649928263988522,0.2105263157894736,0.8376327769347496,0.0775091536904458,1.2736163208680085,8.0,107.0,552.0,30.0,,,,,,,,,,60.0,0.0,9.263157894736842,110.247344461305,44.0,679.0,24.0,168.0,0.8
WBC,high,0.2,Gaussian_trunc,,441,24,0.0360902255639097,0.0748299319727891,0.2083333333333333,0.9328537170263788,0.1040782708530924,2.8838354215544357,5.0,28.0,389.0,19.0,,,,,,,,,,60.0,1.0,5.0,43.040767386091126,24.0,641.0,24.0,168.0,0.8
WBC,high,0.2,Gaussian_trunc,,697,38,0.0670391061452514,0.242467718794835,0.2105263157894736,0.7556904400606981,0.0583094463441385,0.8697825746334,8.0,161.0,498.0,30.0,,,,,,,,,,70.0,0.0,10.105263157894736,163.19878603945372,48.0,668.0,24.0,168.0,0.8
WBC,high,0.2,Gaussian_trunc,,587,32,0.06,0.1737649063032368,0.1875,0.827027027027027,0.0647129698006141,1.0785494966769016,6.0,96.0,459.0,26.0,,,,,,,,,,70.0,1.0,7.3125,105.68648648648649,39.0,611.0,24.0,168.0,0.8
WBC,high,0.2,Gaussian_trunc,,220,12,0.0890688259109311,0.0727272727272727,0.1666666666666666,0.9326923076923076,0.1949224740160163,2.188447776452547,2.0,14.0,194.0,10.0,,,,,,,,,,80.0,0.0,3.6666666666666665,15.14423076923077,22.0,225.0,24.0,168.0,0.8
WBC,high,0.2,Gaussian_trunc,,110,6,0.024390243902439,0.0272727272727272,0.1666666666666666,0.9807692307692308,0.1780821917808219,7.301369863013699,1.0,2.0,102.0,5.0,,,,,,,,,,80.0,1.0,1.0,4.615384615384615,6.0,240.0,24.0,168.0,0.8
WBC,high,0.2,Gaussian_eb,,92,5,0.0583333333333333,0.1739130434782608,0.2,0.8275862068965517,0.0670409511228533,1.1492734478203437,1.0,15.0,72.0,4.0,,,,,,,,,,30.0,0.0,1.4,19.48275862068965,7.0,113.0,24.0,168.0,0.8
WBC,high,0.2,Gaussian_eb,,183,10,0.0813397129186602,0.1311475409836065,0.2,0.8728323699421965,0.122230996217946,1.502722247620631,2.0,22.0,151.0,8.0,,,,,,,,,,30.0,1.0,3.4,24.416184971098264,17.0,192.0,24.0,168.0,0.8
WBC,high,0.2,Gaussian_eb,,91,5,0.0248756218905472,0.0329670329670329,0.2,0.9767441860465116,0.1799163179916318,7.232635983263598,1.0,2.0,84.0,4.0,,,,,,,,,,40.0,0.0,1.0,4.558139534883721,5.0,196.0,24.0,168.0,0.8
WBC,high,0.2,Gaussian_eb,,165,9,0.0855614973262032,0.2363636363636363,0.2222222222222222,0.7628205128205128,0.0806006296924194,0.9420198595301524,2.0,37.0,119.0,7.0,,,,,,,,,,40.0,1.0,3.555555555555556,40.55769230769231,16.0,171.0,24.0,168.0,0.8
WBC,high,0.2,Gaussian_eb,,276,15,0.036144578313253,0.108695652173913,0.2,0.896551724137931,0.0675990675990676,1.8702408702408704,3.0,27.0,234.0,12.0,,,,,,,,,,50.0,0.0,3.0,41.37931034482759,15.0,400.0,24.0,168.0,0.8
WBC,high,0.2,Gaussian_eb,,294,16,0.0439560439560439,0.1292517006802721,0.1875,0.8741007194244604,0.0640848317196864,1.4579299216228674,3.0,35.0,243.0,13.0,,,,,,,,,,50.0,1.0,3.0,43.81294964028777,16.0,348.0,24.0,168.0,0.8
WBC,high,0.2,Gaussian_eb,,697,38,0.0608575380359612,0.1018651362984218,0.2105263157894736,0.9044006069802732,0.1248822338053312,2.0520421600285115,8.0,63.0,596.0,30.0,,,,,,,,,,60.0,0.0,9.263157894736842,64.91198786039453,44.0,679.0,24.0,168.0,0.8
WBC,high,0.2,Gaussian_eb,,441,24,0.0360902255639097,0.0430839002267573,0.2083333333333333,0.9664268585131894,0.1885342255176779,5.223969165385658,5.0,14.0,403.0,19.0,,,,,,,,,,60.0,1.0,5.0,21.520383693045563,24.0,641.0,24.0,168.0,0.8
WBC,high,0.2,Gaussian_eb,,697,38,0.0670391061452514,0.1606886657101865,0.2105263157894736,0.842185128983308,0.0874720704378027,1.3047917173638917,8.0,104.0,555.0,30.0,,,,,,,,,,70.0,0.0,10.105263157894736,105.42033383915025,48.0,668.0,24.0,168.0,0.8
WBC,high,0.2,Gaussian_eb,,587,32,0.06,0.1277683134582623,0.1875,0.8756756756756757,0.0878118242708718,1.46353040451453,6.0,69.0,486.0,26.0,,,,,,,,,,70.0,1.0,7.3125,75.96216216216216,39.0,611.0,24.0,168.0,0.8
WBC,high,0.2,Gaussian_eb,,220,12,0.0890688259109311,0.0681818181818181,0.1666666666666666,0.9375,0.2068155111633372,2.3219741480611047,2.0,13.0,195.0,10.0,,,,,,,,,,80.0,0.0,3.6666666666666665,14.0625,22.0,225.0,24.0,168.0,0.8
WBC,high,0.2,Gaussian_eb,,110,6,0.024390243902439,0.0363636363636363,0.1666666666666666,0.971153846153846,0.1262135922330097,5.174757281553398,1.0,3.0,101.0,5.0,,,,,,,,,,80.0,1.0,1.0,6.923076923076923,6.0,240.0,24.0,168.0,0.8
WBC,high,0.2,NORMA_q_age_set,,92,5,0.0583333333333333,0.2282608695652173,0.2,0.7701149425287356,0.0511377949449995,0.8766479133428499,1.0,20.0,67.0,4.0,,,,,,,,,,30.0,0.0,1.4,25.977011494252874,7.0,113.0,24.0,168.0,0.8
WBC,high,0.2,NORMA_q_age_set,,183,10,0.0813397129186602,0.081967213114754,0.2,0.9248554913294798,0.1907139614810972,2.344659879385254,2.0,13.0,160.0,8.0,,,,,,,,,,30.0,1.0,3.4,14.427745664739884,17.0,192.0,24.0,168.0,0.8
WBC,high,0.2,NORMA_q_age_set,,91,5,0.0248756218905472,0.0549450549450549,0.2,0.9534883720930232,0.0988505747126436,3.9737931034482754,1.0,4.0,82.0,4.0,,,,,,,,,,40.0,0.0,1.0,9.116279069767442,5.0,196.0,24.0,168.0,0.8
WBC,high,0.2,NORMA_q_age_set,,165,9,0.0855614973262032,0.1575757575757575,0.2222222222222222,0.8461538461538461,0.119061247853463,1.3915283342873497,2.0,24.0,132.0,7.0,,,,,,,,,,40.0,1.0,3.555555555555556,26.307692307692307,16.0,171.0,24.0,168.0,0.8
WBC,high,0.2,NORMA_q_age_set,,276,15,0.036144578313253,0.144927536231884,0.2,0.8582375478927203,0.0502470641083231,1.3901687736636077,3.0,37.0,224.0,12.0,,,,,,,,,,50.0,0.0,3.0,56.70498084291188,15.0,400.0,24.0,168.0,0.8
WBC,high,0.2,NORMA_q_age_set,,294,16,0.0439560439560439,0.0816326530612244,0.1875,0.9244604316546764,0.1024318349299926,2.330324244657332,3.0,21.0,257.0,13.0,,,,,,,,,,50.0,1.0,3.0,26.287769784172664,16.0,348.0,24.0,168.0,0.8
WBC,high,0.2,NORMA_q_age_set,,697,38,0.0608575380359612,0.0903873744619799,0.2105263157894736,0.9165402124430956,0.1404948766805686,2.308586269092072,8.0,55.0,604.0,30.0,,,,,,,,,,60.0,0.0,9.263157894736842,56.66919575113809,44.0,679.0,24.0,168.0,0.8
WBC,high,0.2,NORMA_q_age_set,,441,24,0.0360902255639097,0.0453514739229024,0.2083333333333333,0.9640287769784172,0.1782051282051282,4.937767094017094,5.0,15.0,402.0,19.0,,,,,,,,,,60.0,1.0,5.0,23.05755395683453,24.0,641.0,24.0,168.0,0.8
WBC,high,0.2,NORMA_q_age_set,,697,38,0.0670391061452514,0.0860832137733142,0.2105263157894736,0.921092564491654,0.1608723070976666,2.399678580873528,8.0,52.0,607.0,30.0,,,,,,,,,,70.0,0.0,10.105263157894736,52.71016691957512,48.0,668.0,24.0,168.0,0.8
WBC,high,0.2,NORMA_q_age_set,,587,32,0.06,0.1499148211243611,0.1875,0.8522522522522522,0.074933617365997,1.248893622766618,6.0,82.0,473.0,26.0,,,,,,,,,,70.0,1.0,7.3125,90.27387387387388,39.0,611.0,24.0,168.0,0.8
WBC,high,0.2,NORMA_q_age_set,,220,12,0.0890688259109311,0.0727272727272727,0.1666666666666666,0.9326923076923076,0.1949224740160163,2.188447776452547,2.0,14.0,194.0,10.0,,,,,,,,,,80.0,0.0,3.6666666666666665,15.14423076923077,22.0,225.0,24.0,168.0,0.8
WBC,high,0.2,NORMA_q_age_set,,110,6,0.024390243902439,0.0272727272727272,0.1666666666666666,0.9807692307692308,0.1780821917808219,7.301369863013699,1.0,2.0,102.0,5.0,,,,,,,,,,80.0,1.0,1.0,4.615384615384615,6.0,240.0,24.0,168.0,0.8
WBC,high,0.2,NORMA_334f7e21,,92,5,0.0583333333333333,0.2065217391304347,0.2,0.7931034482758621,0.0564987475647091,0.968549958252157,1.0,18.0,69.0,4.0,,,,,,,,,,30.0,0.0,1.4,23.379310344827587,7.0,113.0,24.0,168.0,0.8
WBC,high,0.2,NORMA_334f7e21,,183,10,0.0813397129186602,0.174863387978142,0.2,0.8265895953757225,0.0926561860054818,1.1391260514791597,2.0,30.0,143.0,8.0,,,,,,,,,,30.0,1.0,3.4,33.29479768786127,17.0,192.0,24.0,168.0,0.8
WBC,high,0.2,NORMA_334f7e21,,91,5,0.0248756218905472,0.0549450549450549,0.2,0.9534883720930232,0.0988505747126436,3.9737931034482754,1.0,4.0,82.0,4.0,,,,,,,,,,40.0,0.0,1.0,9.116279069767442,5.0,196.0,24.0,168.0,0.8
WBC,high,0.2,NORMA_334f7e21,,165,9,0.0855614973262032,0.1818181818181818,0.2222222222222222,0.8205128205128205,0.1038183179435986,1.21337659096581,2.0,28.0,128.0,7.0,,,,,,,,,,40.0,1.0,3.555555555555556,30.692307692307693,16.0,171.0,24.0,168.0,0.8
WBC,high,0.2,NORMA_334f7e21,,276,15,0.036144578313253,0.144927536231884,0.2,0.8582375478927203,0.0502470641083231,1.3901687736636077,3.0,37.0,224.0,12.0,,,,,,,,,,50.0,0.0,3.0,56.70498084291188,15.0,400.0,24.0,168.0,0.8
WBC,high,0.2,NORMA_334f7e21,,294,16,0.0439560439560439,0.0476190476190476,0.1875,0.960431654676259,0.1788931788931788,4.069819819819819,3.0,11.0,267.0,13.0,,,,,,,,,,50.0,1.0,3.0,13.76978417266187,16.0,348.0,24.0,168.0,0.8
WBC,high,0.2,NORMA_334f7e21,,697,38,0.0608575380359612,0.0803443328550932,0.2105263157894736,0.9271623672230652,0.1577515668523677,2.5921450644150417,8.0,48.0,611.0,30.0,,,,,,,,,,60.0,0.0,9.263157894736842,49.45675265553869,44.0,679.0,24.0,168.0,0.8
WBC,high,0.2,NORMA_334f7e21,,441,24,0.0360902255639097,0.0498866213151927,0.2083333333333333,0.9592326139088728,0.1606069942997997,4.450152133723617,5.0,17.0,400.0,19.0,,,,,,,,,,60.0,1.0,5.0,26.13189448441247,24.0,641.0,24.0,168.0,0.8
WBC,high,0.2,NORMA_334f7e21,,697,38,0.0670391061452514,0.1047345767575322,0.2105263157894736,0.9013657056145676,0.132976286063806,1.9835629337851075,8.0,65.0,594.0,30.0,,,,,,,,,,70.0,0.0,10.105263157894736,65.88770864946889,48.0,668.0,24.0,168.0,0.8
WBC,high,0.2,NORMA_334f7e21,,587,32,0.06,0.1124361158432708,0.1875,0.8918918918918919,0.0996707572583059,1.6611792876384317,6.0,60.0,495.0,26.0,,,,,,,,,,70.0,1.0,7.3125,66.05405405405405,39.0,611.0,24.0,168.0,0.8
WBC,high,0.2,NORMA_334f7e21,,220,12,0.0890688259109311,0.059090909090909,0.1666666666666666,0.9471153846153846,0.2355605889014722,2.6447029753938023,2.0,11.0,197.0,10.0,,,,,,,,,,80.0,0.0,3.6666666666666665,11.899038461538462,22.0,225.0,24.0,168.0,0.8
WBC,high,0.2,NORMA_334f7e21,,110,6,0.024390243902439,0.0181818181818181,0.1666666666666666,0.9903846153846154,0.3023255813953489,12.395348837209305,1.0,1.0,103.0,5.0,,,,,,,,,,80.0,1.0,1.0,2.3076923076923075,6.0,240.0,24.0,168.0,0.8
WBC,high,0.2,NORMA_q_age,,92,5,0.0583333333333333,0.1739130434782608,0.2,0.8275862068965517,0.0670409511228533,1.1492734478203437,1.0,15.0,72.0,4.0,,,,,,,,,,30.0,0.0,1.4,19.48275862068965,7.0,113.0,24.0,168.0,0.8
WBC,high,0.2,NORMA_q_age,,183,10,0.0813397129186602,0.1147540983606557,0.2,0.8901734104046243,0.1388508569000519,1.707048770124168,2.0,19.0,154.0,8.0,,,,,,,,,,30.0,1.0,3.4,21.08670520231214,17.0,192.0,24.0,168.0,0.8
WBC,high,0.2,NORMA_q_age,,91,5,0.0248756218905472,0.0549450549450549,0.2,0.9534883720930232,0.0988505747126436,3.9737931034482754,1.0,4.0,82.0,4.0,,,,,,,,,,40.0,0.0,1.0,9.116279069767442,5.0,196.0,24.0,168.0,0.8
WBC,high,0.2,NORMA_q_age,,165,9,0.0855614973262032,0.1575757575757575,0.2222222222222222,0.8461538461538461,0.119061247853463,1.3915283342873497,2.0,24.0,132.0,7.0,,,,,,,,,,40.0,1.0,3.555555555555556,26.307692307692307,16.0,171.0,24.0,168.0,0.8
WBC,high,0.2,NORMA_q_age,,276,15,0.036144578313253,0.1304347826086956,0.2,0.8735632183908046,0.0559965672602445,1.5492383608667668,3.0,33.0,228.0,12.0,,,,,,,,,,50.0,0.0,3.0,50.57471264367816,15.0,400.0,24.0,168.0,0.8
WBC,high,0.2,NORMA_q_age,,294,16,0.0439560439560439,0.0680272108843537,0.1875,0.9388489208633094,0.1235555555555555,2.8108888888888885,3.0,17.0,261.0,13.0,,,,,,,,,,50.0,1.0,3.0,21.280575539568343,16.0,348.0,24.0,168.0,0.8
WBC,high,0.2,NORMA_q_age,,697,38,0.0608575380359612,0.0846484935437589,0.2105263157894736,0.9226100151745068,0.1498627145690529,2.462516878032393,8.0,51.0,608.0,30.0,,,,,,,,,,60.0,0.0,9.263157894736842,52.54779969650986,44.0,679.0,24.0,168.0,0.8
WBC,high,0.2,NORMA_q_age,,441,24,0.0360902255639097,0.0453514739229024,0.2083333333333333,0.9640287769784172,0.1782051282051282,4.937767094017094,5.0,15.0,402.0,19.0,,,,,,,,,,60.0,1.0,5.0,23.05755395683453,24.0,641.0,24.0,168.0,0.8
WBC,high,0.2,NORMA_q_age,,697,38,0.0670391061452514,0.0774748923959827,0.2105263157894736,0.9301972685887708,0.1781181372825046,2.656928881130694,8.0,46.0,613.0,30.0,,,,,,,,,,70.0,0.0,10.105263157894736,46.628224582701066,48.0,668.0,24.0,168.0,0.8
WBC,high,0.2,NORMA_q_age,,587,32,0.06,0.1039182282793867,0.1875,0.9009009009009008,0.1077553661956639,1.795922769927732,6.0,55.0,500.0,26.0,,,,,,,,,,70.0,1.0,7.3125,60.549549549549546,39.0,611.0,24.0,168.0,0.8
WBC,high,0.2,NORMA_q_age,,220,12,0.0890688259109311,0.0727272727272727,0.1666666666666666,0.9326923076923076,0.1949224740160163,2.188447776452547,2.0,14.0,194.0,10.0,,,,,,,,,,80.0,0.0,3.6666666666666665,15.14423076923077,22.0,225.0,24.0,168.0,0.8
WBC,high,0.2,NORMA_q_age,,110,6,0.024390243902439,0.0272727272727272,0.1666666666666666,0.9807692307692308,0.1780821917808219,7.301369863013699,1.0,2.0,102.0,5.0,,,,,,,,,,80.0,1.0,1.0,4.615384615384615,6.0,240.0,24.0,168.0,0.8
WBC,high,0.2,NORMA_q_set,,92,5,0.0583333333333333,0.1739130434782608,0.2,0.8275862068965517,0.0670409511228533,1.1492734478203437,1.0,15.0,72.0,4.0,,,,,,,,,,30.0,0.0,1.4,19.48275862068965,7.0,113.0,24.0,168.0,0.8
WBC,high,0.2,NORMA_q_set,,183,10,0.0813397129186602,0.1256830601092896,0.2,0.8786127167630058,0.1273105060386996,1.5651703389463665,2.0,21.0,152.0,8.0,,,,,,,,,,30.0,1.0,3.4,23.30635838150289,17.0,192.0,24.0,168.0,0.8
WBC,high,0.2,NORMA_q_set,,91,5,0.0248756218905472,0.0659340659340659,0.2,0.9418604651162792,0.0806754221388367,3.243151969981238,1.0,5.0,81.0,4.0,,,,,,,,,,40.0,0.0,1.0,11.395348837209305,5.0,196.0,24.0,168.0,0.8
WBC,high,0.2,NORMA_q_set,,165,9,0.0855614973262032,0.103030303030303,0.2222222222222222,0.903846153846154,0.1777967731595255,2.077999786301955,2.0,15.0,141.0,7.0,,,,,,,,,,40.0,1.0,3.555555555555556,16.442307692307693,16.0,171.0,24.0,168.0,0.8
WBC,high,0.2,NORMA_q_set,,276,15,0.036144578313253,0.1485507246376811,0.2,0.8544061302681992,0.0489895513983607,1.355377588687981,3.0,38.0,223.0,12.0,,,,,,,,,,50.0,0.0,3.0,58.23754789272031,15.0,400.0,24.0,168.0,0.8
WBC,high,0.2,NORMA_q_set,,294,16,0.0439560439560439,0.064625850340136,0.1875,0.9424460431654677,0.1302717900656045,2.963683223992502,3.0,16.0,262.0,13.0,,,,,,,,,,50.0,1.0,3.0,20.028776978417262,16.0,348.0,24.0,168.0,0.8
WBC,high,0.2,NORMA_q_set,,697,38,0.0608575380359612,0.078909612625538,0.2105263157894736,0.928679817905918,0.1605690466005197,2.638441379367631,8.0,47.0,612.0,30.0,,,,,,,,,,60.0,0.0,9.263157894736842,48.42640364188164,44.0,679.0,24.0,168.0,0.8
WBC,high,0.2,NORMA_q_set,,441,24,0.0360902255639097,0.0408163265306122,0.2083333333333333,0.9688249400479616,0.2001343827990017,5.545390190055673,5.0,13.0,404.0,19.0,,,,,,,,,,60.0,1.0,5.0,19.983213429256597,24.0,641.0,24.0,168.0,0.8
WBC,high,0.2,NORMA_q_set,,697,38,0.0670391061452514,0.0760401721664275,0.2105263157894736,0.9317147192716236,0.1813584684979101,2.705263821760493,8.0,45.0,614.0,30.0,,,,,,,,,,70.0,0.0,10.105263157894736,45.61456752655539,48.0,668.0,24.0,168.0,0.8
WBC,high,0.2,NORMA_q_set,,587,32,0.06,0.110732538330494,0.1875,0.8936936936936937,0.1011891497680449,1.686485829467415,6.0,59.0,496.0,26.0,,,,,,,,,,70.0,1.0,7.3125,64.95315315315315,39.0,611.0,24.0,168.0,0.8
WBC,high,0.2,NORMA_q_set,,220,12,0.0890688259109311,0.0681818181818181,0.1666666666666666,0.9375,0.2068155111633372,2.3219741480611047,2.0,13.0,195.0,10.0,,,,,,,,,,80.0,0.0,3.6666666666666665,14.0625,22.0,225.0,24.0,168.0,0.8
WBC,high,0.2,NORMA_q_set,,110,6,0.024390243902439,0.0181818181818181,0.1666666666666666,0.9903846153846154,0.3023255813953489,12.395348837209305,1.0,1.0,103.0,5.0,,,,,,,,,,80.0,1.0,1.0,2.3076923076923075,6.0,240.0,24.0,168.0,0.8
WBC,high,0.2,NORMA_q_co,,92,5,0.0583333333333333,0.1630434782608695,0.2,0.8390804597701149,0.0714872637633525,1.2254959502289,1.0,14.0,73.0,4.0,,,,,,,,,,30.0,0.0,1.4,18.183908045977013,7.0,113.0,24.0,168.0,0.8
WBC,high,0.2,NORMA_q_co,,183,10,0.0813397129186602,0.1693989071038251,0.2,0.8323699421965318,0.0955459536727201,1.1746531951528545,2.0,29.0,144.0,8.0,,,,,,,,,,30.0,1.0,3.4,32.1849710982659,17.0,192.0,24.0,168.0,0.8
WBC,high,0.2,NORMA_q_co,,91,5,0.0248756218905472,0.0439560439560439,0.2,0.9651162790697676,0.1275964391691394,5.129376854599406,1.0,3.0,83.0,4.0,,,,,,,,,,40.0,0.0,1.0,6.837209302325581,5.0,196.0,24.0,168.0,0.8
WBC,high,0.2,NORMA_q_co,,165,9,0.0855614973262032,0.1696969696969697,0.2222222222222222,0.8333333333333334,0.1109185441941074,1.2963604852686308,2.0,26.0,130.0,7.0,,,,,,,,,,40.0,1.0,3.555555555555556,28.5,16.0,171.0,24.0,168.0,0.8
WBC,high,0.2,NORMA_q_co,,276,15,0.036144578313253,0.144927536231884,0.2,0.8582375478927203,0.0502470641083231,1.3901687736636077,3.0,37.0,224.0,12.0,,,,,,,,,,50.0,0.0,3.0,56.70498084291188,15.0,400.0,24.0,168.0,0.8
WBC,high,0.2,NORMA_q_co,,294,16,0.0439560439560439,0.064625850340136,0.1875,0.9424460431654677,0.1302717900656045,2.963683223992502,3.0,16.0,262.0,13.0,,,,,,,,,,50.0,1.0,3.0,20.028776978417262,16.0,348.0,24.0,168.0,0.8
WBC,high,0.2,NORMA_q_co,,697,38,0.0608575380359612,0.0889526542324246,0.2105263157894736,0.9180576631259484,0.1427252971187662,2.345236132201546,8.0,54.0,605.0,30.0,,,,,,,,,,60.0,0.0,9.263157894736842,55.63884673748103,44.0,679.0,24.0,168.0,0.8
WBC,high,0.2,NORMA_q_co,,441,24,0.0360902255639097,0.0430839002267573,0.2083333333333333,0.9664268585131894,0.1885342255176779,5.223969165385658,5.0,14.0,403.0,19.0,,,,,,,,,,60.0,1.0,5.0,21.520383693045563,24.0,641.0,24.0,168.0,0.8
WBC,high,0.2,NORMA_q_co,,697,38,0.0670391061452514,0.1248206599713055,0.2105263157894736,0.8801213960546282,0.1120514064874477,1.6714334801044282,8.0,79.0,580.0,30.0,,,,,,,,,,70.0,0.0,10.105263157894736,80.07890743550834,48.0,668.0,24.0,168.0,0.8
WBC,high,0.2,NORMA_q_co,,587,32,0.06,0.090289608177172,0.1875,0.9153153153153152,0.1238255782245469,2.063759637075783,6.0,47.0,508.0,26.0,,,,,,,,,,70.0,1.0,7.3125,51.74234234234234,39.0,611.0,24.0,168.0,0.8
WBC,high,0.2,NORMA_q_co,,220,12,0.0890688259109311,0.0863636363636363,0.1666666666666666,0.9182692307692308,0.1662428249654871,1.866453534839788,2.0,17.0,191.0,10.0,,,,,,,,,,80.0,0.0,3.6666666666666665,18.38942307692308,22.0,225.0,24.0,168.0,0.8
WBC,high,0.2,NORMA_q_co,,110,6,0.024390243902439,0.0181818181818181,0.1666666666666666,0.9903846153846154,0.3023255813953489,12.395348837209305,1.0,1.0,103.0,5.0,,,,,,,,,,80.0,1.0,1.0,2.3076923076923075,6.0,240.0,24.0,168.0,0.8
WBC,high,0.2,NORMA_q_age_set_co,,92,5,0.0583333333333333,0.2065217391304347,0.2,0.7931034482758621,0.0564987475647091,0.968549958252157,1.0,18.0,69.0,4.0,,,,,,,,,,30.0,0.0,1.4,23.379310344827587,7.0,113.0,24.0,168.0,0.8
WBC,high,0.2,NORMA_q_age_set_co,,183,10,0.0813397129186602,0.1256830601092896,0.2,0.8786127167630058,0.1273105060386996,1.5651703389463665,2.0,21.0,152.0,8.0,,,,,,,,,,30.0,1.0,3.4,23.30635838150289,17.0,192.0,24.0,168.0,0.8
WBC,high,0.2,NORMA_q_age_set_co,,91,5,0.0248756218905472,0.1648351648351648,0.2,0.8372093023255814,0.0303886925795053,1.221625441696113,1.0,14.0,72.0,4.0,,,,,,,,,,40.0,0.0,1.0,31.906976744186046,5.0,196.0,24.0,168.0,0.8
WBC,high,0.2,NORMA_q_age_set_co,,165,9,0.0855614973262032,0.1575757575757575,0.2222222222222222,0.8461538461538461,0.119061247853463,1.3915283342873497,2.0,24.0,132.0,7.0,,,,,,,,,,40.0,1.0,3.555555555555556,26.307692307692307,16.0,171.0,24.0,168.0,0.8
WBC,high,0.2,NORMA_q_age_set_co,,276,15,0.036144578313253,0.144927536231884,0.2,0.8582375478927203,0.0502470641083231,1.3901687736636077,3.0,37.0,224.0,12.0,,,,,,,,,,50.0,0.0,3.0,56.70498084291188,15.0,400.0,24.0,168.0,0.8
WBC,high,0.2,NORMA_q_age_set_co,,294,16,0.0439560439560439,0.0748299319727891,0.1875,0.9316546762589928,0.1120064464141821,2.548146655922643,3.0,19.0,259.0,13.0,,,,,,,,,,50.0,1.0,3.0,23.784172661870503,16.0,348.0,24.0,168.0,0.8
WBC,high,0.2,NORMA_q_age_set_co,,697,38,0.0608575380359612,0.1047345767575322,0.2105263157894736,0.9013657056145676,0.1215065963088327,1.99657429843832,8.0,65.0,594.0,30.0,,,,,,,,,,60.0,0.0,9.263157894736842,66.97268588770865,44.0,679.0,24.0,168.0,0.8
WBC,high,0.2,NORMA_q_age_set_co,,441,24,0.0360902255639097,0.0476190476190476,0.2083333333333333,0.9616306954436452,0.1689490316830078,4.681296086216676,5.0,16.0,401.0,19.0,,,,,,,,,,60.0,1.0,5.0,24.5947242206235,24.0,641.0,24.0,168.0,0.8
WBC,high,0.2,NORMA_q_age_set_co,,697,38,0.0670391061452514,0.1119081779053084,0.2105263157894736,0.8937784522003035,0.1246620583111979,1.8595423698087032,8.0,70.0,589.0,30.0,,,,,,,,,,70.0,0.0,10.105263157894736,70.95599393019727,48.0,668.0,24.0,168.0,0.8
WBC,high,0.2,NORMA_q_age_set_co,,587,32,0.06,0.1601362862010221,0.1875,0.8414414414414414,0.0701830801871548,1.169718003119248,6.0,88.0,467.0,26.0,,,,,,,,,,70.0,1.0,7.3125,96.87927927927927,39.0,611.0,24.0,168.0,0.8
WBC,high,0.2,NORMA_q_age_set_co,,220,12,0.0890688259109311,0.1,0.1666666666666666,0.903846153846154,0.1449201925513047,1.6270585254623766,2.0,20.0,188.0,10.0,,,,,,,,,,80.0,0.0,3.6666666666666665,21.634615384615383,22.0,225.0,24.0,168.0,0.8
WBC,high,0.2,NORMA_q_age_set_co,,110,6,0.024390243902439,0.0181818181818181,0.1666666666666666,0.9903846153846154,0.3023255813953489,12.395348837209305,1.0,1.0,103.0,5.0,,,,,,,,,,80.0,1.0,1.0,2.3076923076923075,6.0,240.0,24.0,168.0,0.8
WBC,low,0.2,PopRI,,194,11,0.0909090909090909,0.056701030927835,0.1818181818181818,0.9508196721311476,0.2699115044247788,2.9690265486725664,2.0,9.0,174.0,9.0,,,,,,,,,,30.0,1.0,3.4545454545454546,9.344262295081966,19.0,190.0,24.0,168.0,0.8
WBC,low,0.2,PopRI,,177,10,0.0696517412935323,0.0282485875706214,0.2,0.9820359281437124,0.4545984833754617,6.526735368461986,2.0,3.0,164.0,8.0,,,,,,,,,,40.0,0.0,2.8,3.3592814371257487,14.0,187.0,24.0,168.0,0.8
WBC,low,0.2,PopRI,,176,10,0.0748663101604278,0.0227272727272727,0.2,0.9879518072289156,0.5732609768130241,7.657128761716823,2.0,2.0,164.0,8.0,,,,,,,,,,40.0,1.0,2.8,2.0843373493975905,14.0,173.0,24.0,168.0,0.8
WBC,low,0.2,PopRI,,246,14,0.0337349397590361,0.0203252032520325,0.2142857142857142,0.9913793103448276,0.4646194926568758,13.772649246614534,3.0,2.0,230.0,11.0,,,,,,,,,,50.0,0.0,3.0,3.456896551724138,14.0,401.0,24.0,168.0,0.8
WBC,low,0.2,PopRI,,335,19,0.0934065934065934,0.0388059701492537,0.2105263157894736,0.971518987341772,0.4323280284892259,4.628453010884654,4.0,9.0,307.0,15.0,,,,,,,,,,50.0,1.0,7.157894736842105,9.39873417721519,34.0,330.0,24.0,168.0,0.8
WBC,low,0.2,PopRI,,493,28,0.0387275242047026,0.0527383367139959,0.2142857142857142,0.956989247311828,0.1671659676452966,4.316464093126766,6.0,20.0,445.0,22.0,,,,,,,,,,60.0,0.0,6.0,29.892473118279568,28.0,695.0,24.0,168.0,0.8
WBC,low,0.2,PopRI,,635,36,0.0736842105263157,0.0850393700787401,0.1944444444444444,0.9215358931552587,0.1646647629413117,2.2347360684892315,7.0,47.0,552.0,29.0,,,,,,,,,,60.0,1.0,9.52777777777778,48.3338898163606,49.0,616.0,24.0,168.0,0.8
WBC,low,0.2,PopRI,,582,33,0.0460893854748603,0.0446735395189003,0.2121212121212121,0.965391621129326,0.2284780023781213,4.957280294022268,7.0,19.0,530.0,26.0,,,,,,,,,,70.0,0.0,7.0,23.63752276867031,33.0,683.0,24.0,168.0,0.8
WBC,low,0.2,PopRI,,617,35,0.06,0.0275526742301458,0.2,0.9828178694158076,0.42626953125,7.1044921875,7.0,10.0,572.0,28.0,,,,,,,,,,70.0,1.0,7.8,10.49828178694158,39.0,611.0,24.0,168.0,0.8
WBC,low,0.2,PopRI,,194,11,0.0445344129554655,0.0670103092783505,0.1818181818181818,0.9398907103825136,0.1235651586765698,2.7745994721011606,2.0,11.0,172.0,9.0,,,,,,,,,,80.0,0.0,2.0,14.185792349726777,11.0,236.0,24.0,168.0,0.8
WBC,low,0.2,PopRI,,194,11,0.0447154471544715,0.056701030927835,0.1818181818181818,0.9508196721311476,0.1475211608222491,3.2991095965702977,2.0,9.0,174.0,9.0,,,,,,,,,,80.0,1.0,2.0,11.557377049180328,11.0,235.0,24.0,168.0,0.8
WBC,low,0.2,PerRI,,194,11,0.0909090909090909,0.0618556701030927,0.1818181818181818,0.9453551912568308,0.2496589358799454,2.7462482946794,2.0,10.0,173.0,9.0,,,,,,,,,,30.0,1.0,3.4545454545454546,10.382513661202186,19.0,190.0,24.0,168.0,0.8
WBC,low,0.2,PerRI,,177,10,0.0696517412935323,0.0790960451977401,0.2,0.9281437125748504,0.1724443133205487,2.475807641245021,2.0,12.0,155.0,8.0,,,,,,,,,,40.0,0.0,2.8,13.437125748502996,14.0,187.0,24.0,168.0,0.8
WBC,low,0.2,PerRI,,176,10,0.0748663101604278,0.1193181818181818,0.2,0.8855421686746988,0.1238872008102777,1.6547790393944242,2.0,19.0,147.0,8.0,,,,,,,,,,40.0,1.0,2.8,19.801204819277107,14.0,173.0,24.0,168.0,0.8
WBC,low,0.2,PerRI,,246,14,0.0337349397590361,0.1219512195121951,0.2142857142857142,0.8836206896551724,0.0604009372559229,1.7904563543720011,3.0,27.0,205.0,11.0,,,,,,,,,,50.0,0.0,3.0,46.668103448275865,14.0,401.0,24.0,168.0,0.8
WBC,low,0.2,PerRI,,335,19,0.0934065934065934,0.1611940298507462,0.2105263157894736,0.8417721518987342,0.1205579057215633,1.2906787553720307,4.0,50.0,266.0,15.0,,,,,,,,,,50.0,1.0,7.157894736842105,52.21518987341772,34.0,330.0,24.0,168.0,0.8
WBC,low,0.2,PerRI,,493,28,0.0387275242047026,0.1135902636916835,0.2142857142857142,0.8924731182795699,0.0743207245604688,1.919067280614963,6.0,50.0,415.0,22.0,,,,,,,,,,60.0,0.0,6.0,74.73118279569893,28.0,695.0,24.0,168.0,0.8
WBC,low,0.2,PerRI,,635,36,0.0736842105263157,0.1905511811023622,0.1944444444444444,0.8096828046744574,0.0751620346066483,1.0200561839473707,7.0,114.0,485.0,29.0,,,,,,,,,,60.0,1.0,9.52777777777778,117.23539232053422,49.0,616.0,24.0,168.0,0.8
WBC,low,0.2,PerRI,,582,33,0.0460893854748603,0.127147766323024,0.2121212121212121,0.8779599271402551,0.0774735908394484,1.6809421527589414,7.0,67.0,482.0,26.0,,,,,,,,,,70.0,0.0,7.0,83.35336976320583,33.0,683.0,24.0,168.0,0.8
WBC,low,0.2,PerRI,,617,35,0.06,0.1004862236628849,0.2,0.9054982817869416,0.119010292413605,1.9835048735600844,7.0,55.0,527.0,28.0,,,,,,,,,,70.0,1.0,7.8,57.74054982817869,39.0,611.0,24.0,168.0,0.8
WBC,low,0.2,PerRI,,194,11,0.0445344129554655,0.1958762886597938,0.1818181818181818,0.8032786885245902,0.0412999322951929,0.92737120699206,2.0,36.0,147.0,9.0,,,,,,,,,,80.0,0.0,2.0,46.42622950819672,11.0,236.0,24.0,168.0,0.8
WBC,low,0.2,PerRI,,194,11,0.0447154471544715,0.2268041237113402,0.1818181818181818,0.7704918032786885,0.0357561547479484,0.7996376425450282,2.0,42.0,141.0,9.0,,,,,,,,,,80.0,1.0,2.0,53.9344262295082,11.0,235.0,24.0,168.0,0.8
WBC,low,0.2,Cohen_m2,,194,11,0.0909090909090909,0.0463917525773195,0.1818181818181818,0.9617486338797814,0.3221830985915493,3.5440140845070425,2.0,7.0,176.0,9.0,,,,,,,,,,30.0,1.0,3.4545454545454546,7.26775956284153,19.0,190.0,24.0,168.0,0.8
WBC,low,0.2,Cohen_m2,,177,10,0.0696517412935323,0.1299435028248587,0.2,0.874251497005988,0.1064033131570563,1.5276475674691663,2.0,21.0,146.0,8.0,,,,,,,,,,40.0,0.0,2.8,23.51497005988024,14.0,187.0,24.0,168.0,0.8
WBC,low,0.2,Cohen_m2,,176,10,0.0748663101604278,0.034090909090909,0.2,0.9759036144578314,0.4017980636237897,5.366874135546334,2.0,4.0,162.0,8.0,,,,,,,,,,40.0,1.0,2.8,4.168674698795181,14.0,173.0,24.0,168.0,0.8
WBC,low,0.2,Cohen_m2,,246,14,0.0337349397590361,0.1829268292682926,0.2142857142857142,0.8189655172413793,0.0396852548751283,1.176384340941303,3.0,42.0,190.0,11.0,,,,,,,,,,50.0,0.0,3.0,72.59482758620689,14.0,401.0,24.0,168.0,0.8
WBC,low,0.2,Cohen_m2,,335,19,0.0934065934065934,0.1343283582089552,0.2105263157894736,0.870253164556962,0.1432313711897509,1.5334182092079214,4.0,41.0,275.0,15.0,,,,,,,,,,50.0,1.0,7.157894736842105,42.81645569620253,34.0,330.0,24.0,168.0,0.8
WBC,low,0.2,Cohen_m2,,493,28,0.0387275242047026,0.1298174442190669,0.2142857142857142,0.875268817204301,0.0647331786542923,1.6715031488233345,6.0,58.0,407.0,22.0,,,,,,,,,,60.0,0.0,6.0,86.68817204301075,28.0,695.0,24.0,168.0,0.8
WBC,low,0.2,Cohen_m2,,635,36,0.0736842105263157,0.1307086614173228,0.1944444444444444,0.8731218697829716,0.1086595167315146,1.4746648699276983,7.0,76.0,523.0,29.0,,,,,,,,,,60.0,1.0,9.52777777777778,78.15692821368948,49.0,616.0,24.0,168.0,0.8
WBC,low,0.2,Cohen_m2,,582,33,0.0460893854748603,0.1219931271477663,0.2121212121212121,0.8834244080145719,0.0808116917253706,1.7533688265262233,7.0,64.0,485.0,26.0,,,,,,,,,,70.0,0.0,7.0,79.62112932604735,33.0,683.0,24.0,168.0,0.8
WBC,low,0.2,Cohen_m2,,617,35,0.06,0.1150729335494327,0.2,0.8900343642611683,0.1040152508042416,1.733587513404027,7.0,64.0,518.0,28.0,,,,,,,,,,70.0,1.0,7.8,67.18900343642612,39.0,611.0,24.0,168.0,0.8
WBC,low,0.2,Cohen_m2,,194,11,0.0445344129554655,0.1185567010309278,0.1818181818181818,0.8852459016393442,0.068771138669673,1.5442246592190223,2.0,21.0,162.0,9.0,,,,,,,,,,80.0,0.0,2.0,27.081967213114755,11.0,236.0,24.0,168.0,0.8
WBC,low,0.2,Cohen_m2,,194,11,0.0447154471544715,0.1030927835051546,0.1818181818181818,0.9016393442622952,0.0796344647519582,1.780916211725611,2.0,18.0,165.0,9.0,,,,,,,,,,80.0,1.0,2.0,23.114754098360656,11.0,235.0,24.0,168.0,0.8
WBC,low,0.2,Cohen_m3,,194,11,0.0909090909090909,0.0309278350515463,0.1818181818181818,0.9781420765027322,0.4540942928039702,4.995037220843672,2.0,4.0,179.0,9.0,,,,,,,,,,30.0,1.0,3.4545454545454546,4.1530054644808745,19.0,190.0,24.0,168.0,0.8
WBC,low,0.2,Cohen_m3,,177,10,0.0696517412935323,0.096045197740113,0.2,0.9101796407185628,0.1428833343518914,2.051396443195013,2.0,15.0,152.0,8.0,,,,,,,,,,40.0,0.0,2.8,16.79640718562874,14.0,187.0,24.0,168.0,0.8
WBC,low,0.2,Cohen_m3,,176,10,0.0748663101604278,0.1136363636363636,0.2,0.891566265060241,0.1298759360679557,1.7347714317648373,2.0,18.0,148.0,8.0,,,,,,,,,,40.0,1.0,2.8,18.759036144578317,14.0,173.0,24.0,168.0,0.8
WBC,low,0.2,Cohen_m3,,246,14,0.0337349397590361,0.1382113821138211,0.2142857142857142,0.8663793103448276,0.0530204921154871,1.5716788734233695,3.0,31.0,201.0,11.0,,,,,,,,,,50.0,0.0,3.0,53.581896551724135,14.0,401.0,24.0,168.0,0.8
WBC,low,0.2,Cohen_m3,,335,19,0.0934065934065934,0.1074626865671641,0.2105263157894736,0.8987341772151899,0.1764087744647313,1.888611585445948,4.0,32.0,284.0,15.0,,,,,,,,,,50.0,1.0,7.157894736842105,33.41772151898734,34.0,330.0,24.0,168.0,0.8
WBC,low,0.2,Cohen_m3,,493,28,0.0387275242047026,0.1419878296146044,0.2142857142857142,0.8623655913978494,0.0590226359213031,1.5240487775393634,6.0,64.0,401.0,22.0,,,,,,,,,,60.0,0.0,6.0,95.65591397849462,28.0,695.0,24.0,168.0,0.8
WBC,low,0.2,Cohen_m3,,635,36,0.0736842105263157,0.1401574803149606,0.1944444444444444,0.8631051752921536,0.1015159428209748,1.377716366856088,7.0,82.0,517.0,29.0,,,,,,,,,,60.0,1.0,9.52777777777778,84.32721202003339,49.0,616.0,24.0,168.0,0.8
WBC,low,0.2,Cohen_m3,,582,33,0.0460893854748603,0.0927835051546391,0.2121212121212121,0.9143897996357012,0.1069163142666369,2.319760030754912,7.0,47.0,502.0,26.0,,,,,,,,,,70.0,0.0,7.0,58.47176684881603,33.0,683.0,24.0,168.0,0.8
WBC,low,0.2,Cohen_m3,,617,35,0.06,0.0842787682333873,0.2,0.922680412371134,0.1417092768444119,2.3618212807402,7.0,45.0,537.0,28.0,,,,,,,,,,70.0,1.0,7.8,47.24226804123711,39.0,611.0,24.0,168.0,0.8
WBC,low,0.2,Cohen_m3,,194,11,0.0445344129554655,0.1649484536082474,0.1818181818181818,0.8360655737704918,0.0491539081385979,1.1037286645666984,2.0,30.0,153.0,9.0,,,,,,,,,,80.0,0.0,2.0,38.68852459016394,11.0,236.0,24.0,168.0,0.8
WBC,low,0.2,Cohen_m3,,194,11,0.0447154471544715,0.2422680412371134,0.1818181818181818,0.7540983606557377,0.0334521524540718,0.7481117730637884,2.0,45.0,138.0,9.0,,,,,,,,,,80.0,1.0,2.0,57.78688524590164,11.0,235.0,24.0,168.0,0.8
WBC,low,0.2,Cohen_m4,,194,11,0.0909090909090909,0.0103092783505154,0.1818181818181818,1.0,1.0,11.0,2.0,0.0,183.0,9.0,,,,,,,,,,30.0,1.0,3.4545454545454546,0.0,19.0,190.0,24.0,168.0,0.8
WBC,low,0.2,Cohen_m4,,177,10,0.0696517412935323,0.0225988700564971,0.2,0.9880239520958084,0.5556083650190113,7.97694866920152,2.0,2.0,165.0,8.0,,,,,,,,,,40.0,0.0,2.8,2.2395209580838324,14.0,187.0,24.0,168.0,0.8
WBC,low,0.2,Cohen_m4,,176,10,0.0748663101604278,0.0795454545454545,0.2,0.927710843373494,0.1829345088161209,2.4434823677581865,2.0,12.0,154.0,8.0,,,,,,,,,,40.0,1.0,2.8,12.50602409638554,14.0,173.0,24.0,168.0,0.8
WBC,low,0.2,Cohen_m4,,246,14,0.0337349397590361,0.1504065040650406,0.2142857142857142,0.853448275862069,0.0485694347522679,1.4397368158708006,3.0,34.0,198.0,11.0,,,,,,,,,,50.0,0.0,3.0,58.76724137931034,14.0,401.0,24.0,168.0,0.8
WBC,low,0.2,Cohen_m4,,335,19,0.0934065934065934,0.0507462686567164,0.2105263157894736,0.9588607594936708,0.3452275757916552,3.695965811416544,4.0,13.0,303.0,15.0,,,,,,,,,,50.0,1.0,7.157894736842105,13.575949367088608,34.0,330.0,24.0,168.0,0.8
WBC,low,0.2,Cohen_m4,,493,28,0.0387275242047026,0.1054766734279918,0.2142857142857142,0.9010752688172043,0.0802646720368239,2.0725484958079896,6.0,46.0,419.0,22.0,,,,,,,,,,60.0,0.0,6.0,68.75268817204301,28.0,695.0,24.0,168.0,0.8
WBC,low,0.2,Cohen_m4,,635,36,0.0736842105263157,0.0818897637795275,0.1944444444444444,0.9248747913188649,0.1707336935972683,2.3171001273914995,7.0,45.0,554.0,29.0,,,,,,,,,,60.0,1.0,9.52777777777778,46.2771285475793,49.0,616.0,24.0,168.0,0.8
WBC,low,0.2,Cohen_m4,,582,33,0.0460893854748603,0.1030927835051546,0.2121212121212121,0.9034608378870674,0.0959742270615853,2.082349896245306,7.0,53.0,496.0,26.0,,,,,,,,,,70.0,0.0,7.0,65.93624772313296,33.0,683.0,24.0,168.0,0.8
WBC,low,0.2,Cohen_m4,,617,35,0.06,0.1280388978930308,0.2,0.8762886597938144,0.0935390549662488,1.5589842494374802,7.0,72.0,510.0,28.0,,,,,,,,,,70.0,1.0,7.8,75.58762886597938,39.0,611.0,24.0,168.0,0.8
WBC,low,0.2,Cohen_m4,,194,11,0.0445344129554655,0.0979381443298969,0.1818181818181818,0.907103825136612,0.0835998172681589,1.87719589683957,2.0,17.0,166.0,9.0,,,,,,,,,,80.0,0.0,2.0,21.92349726775956,11.0,236.0,24.0,168.0,0.8
WBC,low,0.2,Cohen_m4,,194,11,0.0447154471544715,0.1443298969072164,0.1818181818181818,0.8579234972677595,0.0565163681284743,1.2639115054186083,2.0,26.0,157.0,9.0,,,,,,,,,,80.0,1.0,2.0,33.387978142076506,11.0,235.0,24.0,168.0,0.8
WBC,low,0.2,Gaussian_mle,,194,11,0.0909090909090909,0.1082474226804123,0.1818181818181818,0.8961748633879781,0.1490228013029316,1.6392508143322475,2.0,19.0,164.0,9.0,,,,,,,,,,30.0,1.0,3.4545454545454546,19.726775956284158,19.0,190.0,24.0,168.0,0.8
WBC,low,0.2,Gaussian_mle,,177,10,0.0696517412935323,0.1468926553672316,0.2,0.8562874251497006,0.0943578981354427,1.3547098232302848,2.0,24.0,143.0,8.0,,,,,,,,,,40.0,0.0,2.8,26.87425149700599,14.0,187.0,24.0,168.0,0.8
WBC,low,0.2,Gaussian_mle,,176,10,0.0748663101604278,0.0511363636363636,0.2,0.9578313253012049,0.277360066833751,3.704738035565103,2.0,7.0,159.0,8.0,,,,,,,,,,40.0,1.0,2.8,7.295180722891566,14.0,173.0,24.0,168.0,0.8
WBC,low,0.2,Gaussian_mle,,246,14,0.0337349397590361,0.1341463414634146,0.2142857142857142,0.8706896551724138,0.0546911834040546,1.6212029366201923,3.0,30.0,202.0,11.0,,,,,,,,,,50.0,0.0,3.0,51.85344827586207,14.0,401.0,24.0,168.0,0.8
WBC,low,0.2,Gaussian_mle,,335,19,0.0934065934065934,0.1014925373134328,0.2105263157894736,0.9050632911392406,0.1859821011269019,1.9911024944174207,4.0,30.0,286.0,15.0,,,,,,,,,,50.0,1.0,7.157894736842105,31.329113924050635,34.0,330.0,24.0,168.0,0.8
WBC,low,0.2,Gaussian_mle,,493,28,0.0387275242047026,0.0811359026369168,0.2142857142857142,0.9268817204301076,0.1056018168054504,2.726789769655023,6.0,34.0,431.0,22.0,,,,,,,,,,60.0,0.0,6.0,50.81720430107527,28.0,695.0,24.0,168.0,0.8
WBC,low,0.2,Gaussian_mle,,635,36,0.0736842105263157,0.121259842519685,0.1944444444444444,0.8831385642737897,0.1168845649931703,1.5862905249073125,7.0,70.0,529.0,29.0,,,,,,,,,,60.0,1.0,9.52777777777778,71.98664440734558,49.0,616.0,24.0,168.0,0.8
WBC,low,0.2,Gaussian_mle,,582,33,0.0460893854748603,0.0824742268041237,0.2121212121212121,0.9253187613843352,0.120674496012058,2.6182708831707138,7.0,41.0,508.0,26.0,,,,,,,,,,70.0,0.0,7.0,51.00728597449909,33.0,683.0,24.0,168.0,0.8
WBC,low,0.2,Gaussian_mle,,617,35,0.06,0.0761750405186385,0.2,0.9312714776632304,0.1566481248878521,2.6108020814642026,7.0,40.0,542.0,28.0,,,,,,,,,,70.0,1.0,7.8,41.99312714776632,39.0,611.0,24.0,168.0,0.8
WBC,low,0.2,Gaussian_mle,,194,11,0.0445344129554655,0.1288659793814432,0.1818181818181818,0.8743169398907104,0.0631687953054884,1.418426585495968,2.0,23.0,160.0,9.0,,,,,,,,,,80.0,0.0,2.0,29.661202185792348,11.0,236.0,24.0,168.0,0.8
WBC,low,0.2,Gaussian_mle,,194,11,0.0447154471544715,0.1752577319587628,0.1818181818181818,0.825136612021858,0.0464113619071772,1.0379268208332373,2.0,32.0,151.0,9.0,,,,,,,,,,80.0,1.0,2.0,41.09289617486339,11.0,235.0,24.0,168.0,0.8
WBC,low,0.2,Gaussian_trunc,,194,11,0.0909090909090909,0.0618556701030927,0.1818181818181818,0.9453551912568308,0.2496589358799454,2.7462482946794,2.0,10.0,173.0,9.0,,,,,,,,,,30.0,1.0,3.4545454545454546,10.382513661202186,19.0,190.0,24.0,168.0,0.8
WBC,low,0.2,Gaussian_trunc,,177,10,0.0696517412935323,0.1525423728813559,0.2,0.8502994011976048,0.0909267685606502,1.3054486057636214,2.0,25.0,142.0,8.0,,,,,,,,,,40.0,0.0,2.8,27.994011976047904,14.0,187.0,24.0,168.0,0.8
WBC,low,0.2,Gaussian_trunc,,176,10,0.0748663101604278,0.1079545454545454,0.2,0.8975903614457831,0.1364730753420635,1.8228903634975635,2.0,17.0,149.0,8.0,,,,,,,,,,40.0,1.0,2.8,17.716867469879517,14.0,173.0,24.0,168.0,0.8
WBC,low,0.2,Gaussian_trunc,,246,14,0.0337349397590361,0.1341463414634146,0.2142857142857142,0.8706896551724138,0.0546911834040546,1.6212029366201923,3.0,30.0,202.0,11.0,,,,,,,,,,50.0,0.0,3.0,51.85344827586207,14.0,401.0,24.0,168.0,0.8
WBC,low,0.2,Gaussian_trunc,,335,19,0.0934065934065934,0.1074626865671641,0.2105263157894736,0.8987341772151899,0.1764087744647313,1.888611585445948,4.0,32.0,284.0,15.0,,,,,,,,,,50.0,1.0,7.157894736842105,33.41772151898734,34.0,330.0,24.0,168.0,0.8
WBC,low,0.2,Gaussian_trunc,,493,28,0.0387275242047026,0.1582150101419878,0.2142857142857142,0.8451612903225807,0.0528109028960817,1.3636529569238256,6.0,72.0,393.0,22.0,,,,,,,,,,60.0,0.0,6.0,107.61290322580643,28.0,695.0,24.0,168.0,0.8
WBC,low,0.2,Gaussian_trunc,,635,36,0.0736842105263157,0.1937007874015748,0.1944444444444444,0.8063439065108514,0.0739619845831684,1.0037697907715724,7.0,116.0,483.0,29.0,,,,,,,,,,60.0,1.0,9.52777777777778,119.29215358931552,49.0,616.0,24.0,168.0,0.8
WBC,low,0.2,Gaussian_trunc,,582,33,0.0460893854748603,0.1082474226804123,0.2121212121212121,0.8979963570127505,0.0913021786130051,1.9809806026336876,7.0,56.0,493.0,26.0,,,,,,,,,,70.0,0.0,7.0,69.66848816029145,33.0,683.0,24.0,168.0,0.8
WBC,low,0.2,Gaussian_trunc,,617,35,0.06,0.1215559157212317,0.2,0.8831615120274914,0.0984993794426266,1.6416563240437776,7.0,68.0,514.0,28.0,,,,,,,,,,70.0,1.0,7.8,71.38831615120274,39.0,611.0,24.0,168.0,0.8
WBC,low,0.2,Gaussian_trunc,,194,11,0.0445344129554655,0.1958762886597938,0.1818181818181818,0.8032786885245902,0.0412999322951929,0.92737120699206,2.0,36.0,147.0,9.0,,,,,,,,,,80.0,0.0,2.0,46.42622950819672,11.0,236.0,24.0,168.0,0.8
WBC,low,0.2,Gaussian_trunc,,194,11,0.0447154471544715,0.1752577319587628,0.1818181818181818,0.825136612021858,0.0464113619071772,1.0379268208332373,2.0,32.0,151.0,9.0,,,,,,,,,,80.0,1.0,2.0,41.09289617486339,11.0,235.0,24.0,168.0,0.8
WBC,low,0.2,Gaussian_eb,,194,11,0.0909090909090909,0.1185567010309278,0.1818181818181818,0.8852459016393442,0.1367713004484305,1.5044843049327354,2.0,21.0,162.0,9.0,,,,,,,,,,30.0,1.0,3.4545454545454546,21.80327868852459,19.0,190.0,24.0,168.0,0.8
WBC,low,0.2,Gaussian_eb,,177,10,0.0696517412935323,0.135593220338983,0.2,0.8682634730538922,0.1020604155753448,1.4652959664745937,2.0,22.0,145.0,8.0,,,,,,,,,,40.0,0.0,2.8,24.63473053892216,14.0,187.0,24.0,168.0,0.8
WBC,low,0.2,Gaussian_eb,,176,10,0.0748663101604278,0.0568181818181818,0.2,0.9518072289156626,0.2514063176114235,3.358070099524015,2.0,8.0,158.0,8.0,,,,,,,,,,40.0,1.0,2.8,8.337349397590362,14.0,173.0,24.0,168.0,0.8
WBC,low,0.2,Gaussian_eb,,246,14,0.0337349397590361,0.1707317073170731,0.2142857142857142,0.8318965517241379,0.0426078971533517,1.263019808474354,3.0,39.0,193.0,11.0,,,,,,,,,,50.0,0.0,3.0,67.40948275862068,14.0,401.0,24.0,168.0,0.8
WBC,low,0.2,Gaussian_eb,,335,19,0.0934065934065934,0.0985074626865671,0.2105263157894736,0.9082278481012658,0.1911692748414188,2.0466357659493077,4.0,29.0,287.0,15.0,,,,,,,,,,50.0,1.0,7.157894736842105,30.28481012658228,34.0,330.0,24.0,168.0,0.8
WBC,low,0.2,Gaussian_eb,,493,28,0.0387275242047026,0.0730223123732251,0.2142857142857142,0.935483870967742,0.1180203045685279,3.0474528643944887,6.0,30.0,435.0,22.0,,,,,,,,,,60.0,0.0,6.0,44.83870967741935,28.0,695.0,24.0,168.0,0.8
WBC,low,0.2,Gaussian_eb,,635,36,0.0736842105263157,0.137007874015748,0.1944444444444444,0.8664440734557596,0.1037904318029923,1.4085844316120386,7.0,80.0,519.0,29.0,,,,,,,,,,60.0,1.0,9.52777777777778,82.27045075125208,49.0,616.0,24.0,168.0,0.8
WBC,low,0.2,Gaussian_eb,,582,33,0.0460893854748603,0.0756013745704467,0.2121212121212121,0.9326047358834244,0.1319983513086487,2.863964228393713,7.0,37.0,512.0,26.0,,,,,,,,,,70.0,0.0,7.0,46.03096539162113,33.0,683.0,24.0,168.0,0.8
WBC,low,0.2,Gaussian_eb,,617,35,0.06,0.0826580226904376,0.2,0.9243986254295532,0.1444646698659606,2.4077444977660107,7.0,44.0,538.0,28.0,,,,,,,,,,70.0,1.0,7.8,46.19243986254296,39.0,611.0,24.0,168.0,0.8
WBC,low,0.2,Gaussian_eb,,194,11,0.0445344129554655,0.1185567010309278,0.1818181818181818,0.8852459016393442,0.068771138669673,1.5442246592190223,2.0,21.0,162.0,9.0,,,,,,,,,,80.0,0.0,2.0,27.081967213114755,11.0,236.0,24.0,168.0,0.8
WBC,low,0.2,Gaussian_eb,,194,11,0.0447154471544715,0.1546391752577319,0.1818181818181818,0.8469945355191257,0.0526921969478836,1.1783891317435804,2.0,28.0,155.0,9.0,,,,,,,,,,80.0,1.0,2.0,35.95628415300546,11.0,235.0,24.0,168.0,0.8
WBC,low,0.2,NORMA_q_age_set,,194,11,0.0909090909090909,0.0824742268041237,0.1818181818181818,0.9234972677595628,0.1920251836306401,2.112277019937041,2.0,14.0,169.0,9.0,,,,,,,,,,30.0,1.0,3.4545454545454546,14.53551912568306,19.0,190.0,24.0,168.0,0.8
WBC,low,0.2,NORMA_q_age_set,,177,10,0.0696517412935323,0.0508474576271186,0.2,0.9580838323353292,0.2631993695823483,3.7787909490037146,2.0,7.0,160.0,8.0,,,,,,,,,,40.0,0.0,2.8,7.838323353293413,14.0,187.0,24.0,168.0,0.8
WBC,low,0.2,NORMA_q_age_set,,176,10,0.0748663101604278,0.0681818181818181,0.2,0.9397590361445785,0.2117732823036267,2.828685985055586,2.0,10.0,156.0,8.0,,,,,,,,,,40.0,1.0,2.8,10.421686746987952,14.0,173.0,24.0,168.0,0.8
WBC,low,0.2,NORMA_q_age_set,,246,14,0.0337349397590361,0.056910569105691,0.2142857142857142,0.9525862068965516,0.1362835324065008,4.039833282049847,3.0,11.0,221.0,11.0,,,,,,,,,,50.0,0.0,3.0,19.01293103448276,14.0,401.0,24.0,168.0,0.8
WBC,low,0.2,NORMA_q_age_set,,335,19,0.0934065934065934,0.0835820895522388,0.2105263157894736,0.9240506329113924,0.2221487056488297,2.37829790753453,4.0,24.0,292.0,15.0,,,,,,,,,,50.0,1.0,7.157894736842105,25.063291139240505,34.0,330.0,24.0,168.0,0.8
WBC,low,0.2,NORMA_q_age_set,,493,28,0.0387275242047026,0.0608519269776876,0.2142857142857142,0.9483870967741936,0.1432973805855162,3.7001430772617216,6.0,24.0,441.0,22.0,,,,,,,,,,60.0,0.0,6.0,35.87096774193548,28.0,695.0,24.0,168.0,0.8
WBC,low,0.2,NORMA_q_age_set,,635,36,0.0736842105263157,0.121259842519685,0.1944444444444444,0.8831385642737897,0.1168845649931703,1.5862905249073125,7.0,70.0,529.0,29.0,,,,,,,,,,60.0,1.0,9.52777777777778,71.98664440734558,49.0,616.0,24.0,168.0,0.8
WBC,low,0.2,NORMA_q_age_set,,582,33,0.0460893854748603,0.070446735395189,0.2121212121212121,0.9380692167577414,0.1419915019397746,3.080785314814504,7.0,34.0,515.0,26.0,,,,,,,,,,70.0,0.0,7.0,42.29872495446266,33.0,683.0,24.0,168.0,0.8
WBC,low,0.2,NORMA_q_age_set,,617,35,0.06,0.0437601296596434,0.2,0.9656357388316152,0.2708656531182128,4.514427551970214,7.0,20.0,562.0,28.0,,,,,,,,,,70.0,1.0,7.8,20.99656357388316,39.0,611.0,24.0,168.0,0.8
WBC,low,0.2,NORMA_q_age_set,,194,11,0.0445344129554655,0.0463917525773195,0.1818181818181818,0.9617486338797814,0.1813676907829534,4.0725290566717725,2.0,7.0,176.0,9.0,,,,,,,,,,80.0,0.0,2.0,9.027322404371583,11.0,236.0,24.0,168.0,0.8
WBC,low,0.2,NORMA_q_age_set,,194,11,0.0447154471544715,0.0876288659793814,0.1818181818181818,0.918032786885246,0.0940632228218966,2.1035957103805982,2.0,15.0,168.0,9.0,,,,,,,,,,80.0,1.0,2.0,19.262295081967213,11.0,235.0,24.0,168.0,0.8
WBC,low,0.2,NORMA_334f7e21,,194,11,0.0909090909090909,0.0721649484536082,0.1818181818181818,0.9344262295081968,0.2170818505338078,2.387900355871886,2.0,12.0,171.0,9.0,,,,,,,,,,30.0,1.0,3.4545454545454546,12.459016393442624,19.0,190.0,24.0,168.0,0.8
WBC,low,0.2,NORMA_334f7e21,,177,10,0.0696517412935323,0.0564971751412429,0.2,0.9520958083832336,0.2381340395192503,3.4189244245263795,2.0,8.0,159.0,8.0,,,,,,,,,,40.0,0.0,2.8,8.95808383233533,14.0,187.0,24.0,168.0,0.8
WBC,low,0.2,NORMA_334f7e21,,176,10,0.0748663101604278,0.096590909090909,0.2,0.9096385542168676,0.1519053532910647,2.029021504673508,2.0,15.0,151.0,8.0,,,,,,,,,,40.0,1.0,2.8,15.632530120481928,14.0,173.0,24.0,168.0,0.8
WBC,low,0.2,NORMA_334f7e21,,246,14,0.0337349397590361,0.0528455284552845,0.2142857142857142,0.956896551724138,0.1478963025924352,4.3840689697043285,3.0,10.0,222.0,11.0,,,,,,,,,,50.0,0.0,3.0,17.28448275862069,14.0,401.0,24.0,168.0,0.8
WBC,low,0.2,NORMA_334f7e21,,335,19,0.0934065934065934,0.0686567164179104,0.2105263157894736,0.939873417721519,0.2651104832640371,2.8382416443561618,4.0,19.0,297.0,15.0,,,,,,,,,,50.0,1.0,7.157894736842105,19.84177215189873,34.0,330.0,24.0,168.0,0.8
WBC,low,0.2,NORMA_334f7e21,,493,28,0.0387275242047026,0.0385395537525354,0.2142857142857142,0.9720430107526882,0.2359408033826638,6.092328601630928,6.0,13.0,452.0,22.0,,,,,,,,,,60.0,0.0,6.0,19.43010752688172,28.0,695.0,24.0,168.0,0.8
WBC,low,0.2,NORMA_334f7e21,,635,36,0.0736842105263157,0.1133858267716535,0.1944444444444444,0.8914858096828047,0.1247540070811957,1.6930900961019424,7.0,65.0,534.0,29.0,,,,,,,,,,60.0,1.0,9.52777777777778,66.84474123539232,49.0,616.0,24.0,168.0,0.8
WBC,low,0.2,NORMA_334f7e21,,582,33,0.0460893854748603,0.0738831615120274,0.2121212121212121,0.9344262295081968,0.1351693573915796,2.93276545128397,7.0,36.0,513.0,26.0,,,,,,,,,,70.0,0.0,7.0,44.78688524590164,33.0,683.0,24.0,168.0,0.8
WBC,low,0.2,NORMA_334f7e21,,617,35,0.06,0.0486223662884927,0.2,0.9604810996563574,0.2441616557124877,4.069360928541463,7.0,23.0,559.0,28.0,,,,,,,,,,70.0,1.0,7.8,24.14604810996564,39.0,611.0,24.0,168.0,0.8
WBC,low,0.2,NORMA_334f7e21,,194,11,0.0445344129554655,0.0309278350515463,0.1818181818181818,0.9781420765027322,0.2793893129770992,6.273560027758501,2.0,4.0,179.0,9.0,,,,,,,,,,80.0,0.0,2.0,5.158469945355192,11.0,236.0,24.0,168.0,0.8
WBC,low,0.2,NORMA_334f7e21,,194,11,0.0447154471544715,0.0618556701030927,0.1818181818181818,0.9453551912568308,0.1347569955817378,3.013656446646137,2.0,10.0,173.0,9.0,,,,,,,,,,80.0,1.0,2.0,12.841530054644808,11.0,235.0,24.0,168.0,0.8
WBC,low,0.2,NORMA_q_age,,194,11,0.0909090909090909,0.0773195876288659,0.1818181818181818,0.9289617486338798,0.2037861915367483,2.241648106904232,2.0,13.0,170.0,9.0,,,,,,,,,,30.0,1.0,3.4545454545454546,13.497267759562842,19.0,190.0,24.0,168.0,0.8
WBC,low,0.2,NORMA_q_age,,177,10,0.0696517412935323,0.0564971751412429,0.2,0.9520958083832336,0.2381340395192503,3.4189244245263795,2.0,8.0,159.0,8.0,,,,,,,,,,40.0,0.0,2.8,8.95808383233533,14.0,187.0,24.0,168.0,0.8
WBC,low,0.2,NORMA_q_age,,176,10,0.0748663101604278,0.0738636363636363,0.2,0.933734939759036,0.1963003632063518,2.622011994256272,2.0,11.0,155.0,8.0,,,,,,,,,,40.0,1.0,2.8,11.463855421686748,14.0,173.0,24.0,168.0,0.8
WBC,low,0.2,NORMA_q_age,,246,14,0.0337349397590361,0.056910569105691,0.2142857142857142,0.9525862068965516,0.1362835324065008,4.039833282049847,3.0,11.0,221.0,11.0,,,,,,,,,,50.0,0.0,3.0,19.01293103448276,14.0,401.0,24.0,168.0,0.8
WBC,low,0.2,NORMA_q_age,,335,19,0.0934065934065934,0.0716417910447761,0.2105263157894736,0.9367088607594936,0.2552382762388939,2.732550957381099,4.0,20.0,296.0,15.0,,,,,,,,,,50.0,1.0,7.157894736842105,20.88607594936709,34.0,330.0,24.0,168.0,0.8
WBC,low,0.2,NORMA_q_age,,493,28,0.0387275242047026,0.0344827586206896,0.2142857142857142,0.9763440860215054,0.2673694298035458,6.903860633855842,6.0,11.0,454.0,22.0,,,,,,,,,,60.0,0.0,6.0,16.440860215053764,28.0,695.0,24.0,168.0,0.8
WBC,low,0.2,NORMA_q_age,,635,36,0.0736842105263157,0.089763779527559,0.1944444444444444,0.9165275459098498,0.1563293937182758,2.1216132004623147,7.0,50.0,549.0,29.0,,,,,,,,,,60.0,1.0,9.52777777777778,51.41903171953256,49.0,616.0,24.0,168.0,0.8
WBC,low,0.2,NORMA_q_age,,582,33,0.0460893854748603,0.0756013745704467,0.2121212121212121,0.9326047358834244,0.1319983513086487,2.863964228393713,7.0,37.0,512.0,26.0,,,,,,,,,,70.0,0.0,7.0,46.03096539162113,33.0,683.0,24.0,168.0,0.8
WBC,low,0.2,NORMA_q_age,,617,35,0.06,0.0421393841166936,0.2,0.9673539518900344,0.281114152310417,4.685235871840284,7.0,19.0,563.0,28.0,,,,,,,,,,70.0,1.0,7.8,19.946735395189,39.0,611.0,24.0,168.0,0.8
WBC,low,0.2,NORMA_q_age,,194,11,0.0445344129554655,0.0412371134020618,0.1818181818181818,0.9672131147540984,0.2053872053872054,4.611876339149067,2.0,6.0,177.0,9.0,,,,,,,,,,80.0,0.0,2.0,7.737704918032787,11.0,236.0,24.0,168.0,0.8
WBC,low,0.2,NORMA_q_age,,194,11,0.0447154471544715,0.0721649484536082,0.1818181818181818,0.9344262295081968,0.1148775894538606,2.569080636877247,2.0,12.0,171.0,9.0,,,,,,,,,,80.0,1.0,2.0,15.40983606557377,11.0,235.0,24.0,168.0,0.8
WBC,low,0.2,NORMA_q_set,,194,11,0.0909090909090909,0.0670103092783505,0.1818181818181818,0.9398907103825136,0.232233502538071,2.5545685279187813,2.0,11.0,172.0,9.0,,,,,,,,,,30.0,1.0,3.4545454545454546,11.420765027322403,19.0,190.0,24.0,168.0,0.8
WBC,low,0.2,NORMA_q_set,,177,10,0.0696517412935323,0.0621468926553672,0.2,0.9461077844311376,0.2174276945968566,3.121640472426299,2.0,9.0,158.0,8.0,,,,,,,,,,40.0,0.0,2.8,10.077844311377245,14.0,187.0,24.0,168.0,0.8
WBC,low,0.2,NORMA_q_set,,176,10,0.0748663101604278,0.0795454545454545,0.2,0.927710843373494,0.1829345088161209,2.4434823677581865,2.0,12.0,154.0,8.0,,,,,,,,,,40.0,1.0,2.8,12.50602409638554,14.0,173.0,24.0,168.0,0.8
WBC,low,0.2,NORMA_q_set,,246,14,0.0337349397590361,0.056910569105691,0.2142857142857142,0.9525862068965516,0.1362835324065008,4.039833282049847,3.0,11.0,221.0,11.0,,,,,,,,,,50.0,0.0,3.0,19.01293103448276,14.0,401.0,24.0,168.0,0.8
WBC,low,0.2,NORMA_q_set,,335,19,0.0934065934065934,0.1044776119402985,0.2105263157894736,0.9018987341772152,0.1810689878910957,1.938503282128201,4.0,31.0,285.0,15.0,,,,,,,,,,50.0,1.0,7.157894736842105,32.37341772151899,34.0,330.0,24.0,168.0,0.8
WBC,low,0.2,NORMA_q_set,,493,28,0.0387275242047026,0.0425963488843813,0.2142857142857142,0.967741935483871,0.2111237230419977,5.451516134263013,6.0,15.0,450.0,22.0,,,,,,,,,,60.0,0.0,6.0,22.41935483870968,28.0,695.0,24.0,168.0,0.8
WBC,low,0.2,NORMA_q_set,,635,36,0.0736842105263157,0.1070866141732283,0.1944444444444444,0.8981636060100167,0.1318559382566858,1.7894734477693075,7.0,61.0,538.0,29.0,,,,,,,,,,60.0,1.0,9.52777777777778,62.73121869782972,49.0,616.0,24.0,168.0,0.8
WBC,low,0.2,NORMA_q_set,,582,33,0.0460893854748603,0.0721649484536082,0.2121212121212121,0.936247723132969,0.1384964682139253,3.004953673974865,7.0,35.0,514.0,26.0,,,,,,,,,,70.0,0.0,7.0,43.54280510018215,33.0,683.0,24.0,168.0,0.8
WBC,low,0.2,NORMA_q_set,,617,35,0.06,0.0437601296596434,0.2,0.9656357388316152,0.2708656531182128,4.514427551970214,7.0,20.0,562.0,28.0,,,,,,,,,,70.0,1.0,7.8,20.99656357388316,39.0,611.0,24.0,168.0,0.8
WBC,low,0.2,NORMA_q_set,,194,11,0.0445344129554655,0.0309278350515463,0.1818181818181818,0.9781420765027322,0.2793893129770992,6.273560027758501,2.0,4.0,179.0,9.0,,,,,,,,,,80.0,0.0,2.0,5.158469945355192,11.0,236.0,24.0,168.0,0.8
WBC,low,0.2,NORMA_q_set,,194,11,0.0447154471544715,0.056701030927835,0.1818181818181818,0.9508196721311476,0.1475211608222491,3.2991095965702977,2.0,9.0,174.0,9.0,,,,,,,,,,80.0,1.0,2.0,11.557377049180328,11.0,235.0,24.0,168.0,0.8
WBC,low,0.2,NORMA_q_co,,194,11,0.0909090909090909,0.0876288659793814,0.1818181818181818,0.918032786885246,0.181547619047619,1.997023809523809,2.0,15.0,168.0,9.0,,,,,,,,,,30.0,1.0,3.4545454545454546,15.57377049180328,19.0,190.0,24.0,168.0,0.8
WBC,low,0.2,NORMA_q_co,,177,10,0.0696517412935323,0.0734463276836158,0.2,0.934131736526946,0.1852174601917135,2.659193535609601,2.0,11.0,156.0,8.0,,,,,,,,,,40.0,0.0,2.8,12.317365269461078,14.0,187.0,24.0,168.0,0.8
WBC,low,0.2,NORMA_q_co,,176,10,0.0748663101604278,0.0625,0.2,0.9457831325301204,0.229894153724404,3.070729053318825,2.0,9.0,157.0,8.0,,,,,,,,,,40.0,1.0,2.8,9.379518072289155,14.0,173.0,24.0,168.0,0.8
WBC,low,0.2,NORMA_q_co,,246,14,0.0337349397590361,0.048780487804878,0.2142857142857142,0.961206896551724,0.1616724738675958,4.792434046789448,3.0,9.0,223.0,11.0,,,,,,,,,,50.0,0.0,3.0,15.55603448275862,14.0,401.0,24.0,168.0,0.8
WBC,low,0.2,NORMA_q_co,,335,19,0.0934065934065934,0.0656716417910447,0.2105263157894736,0.9430379746835444,0.2757770990015144,2.952437177545625,4.0,18.0,298.0,15.0,,,,,,,,,,50.0,1.0,7.157894736842105,18.79746835443038,34.0,330.0,24.0,168.0,0.8
WBC,low,0.2,NORMA_q_co,,493,28,0.0387275242047026,0.0365111561866125,0.2142857142857142,0.9741935483870968,0.2506738544474394,6.472757027339238,6.0,12.0,453.0,22.0,,,,,,,,,,60.0,0.0,6.0,17.93548387096774,28.0,695.0,24.0,168.0,0.8
WBC,low,0.2,NORMA_q_co,,635,36,0.0736842105263157,0.0834645669291338,0.1944444444444444,0.9232053422370616,0.1676443205638597,2.275172921938097,7.0,46.0,553.0,29.0,,,,,,,,,,60.0,1.0,9.52777777777778,47.30550918196995,49.0,616.0,24.0,168.0,0.8
WBC,low,0.2,NORMA_q_co,,582,33,0.0460893854748603,0.0687285223367697,0.2121212121212121,0.9398907103825136,0.1456675005685694,3.160543345669568,7.0,33.0,516.0,26.0,,,,,,,,,,70.0,0.0,7.0,41.05464480874317,33.0,683.0,24.0,168.0,0.8
WBC,low,0.2,NORMA_q_co,,617,35,0.06,0.0356564019448946,0.2,0.9742268041237112,0.3312464428002276,5.520774046670461,7.0,15.0,567.0,28.0,,,,,,,,,,70.0,1.0,7.8,15.74742268041237,39.0,611.0,24.0,168.0,0.8
WBC,low,0.2,NORMA_q_co,,194,11,0.0445344129554655,0.0360824742268041,0.1818181818181818,0.9726775956284152,0.2367399741267788,5.31588850993767,2.0,5.0,178.0,9.0,,,,,,,,,,80.0,0.0,2.0,6.448087431693989,11.0,236.0,24.0,168.0,0.8
WBC,low,0.2,NORMA_q_co,,194,11,0.0447154471544715,0.0876288659793814,0.1818181818181818,0.918032786885246,0.0940632228218966,2.1035957103805982,2.0,15.0,168.0,9.0,,,,,,,,,,80.0,1.0,2.0,19.262295081967213,11.0,235.0,24.0,168.0,0.8
WBC,low,0.2,NORMA_q_age_set_co,,194,11,0.0909090909090909,0.0773195876288659,0.1818181818181818,0.9289617486338798,0.2037861915367483,2.241648106904232,2.0,13.0,170.0,9.0,,,,,,,,,,30.0,1.0,3.4545454545454546,13.497267759562842,19.0,190.0,24.0,168.0,0.8
WBC,low,0.2,NORMA_q_age_set_co,,177,10,0.0696517412935323,0.0621468926553672,0.2,0.9461077844311376,0.2174276945968566,3.121640472426299,2.0,9.0,158.0,8.0,,,,,,,,,,40.0,0.0,2.8,10.077844311377245,14.0,187.0,24.0,168.0,0.8
WBC,low,0.2,NORMA_q_age_set_co,,176,10,0.0748663101604278,0.0795454545454545,0.2,0.927710843373494,0.1829345088161209,2.4434823677581865,2.0,12.0,154.0,8.0,,,,,,,,,,40.0,1.0,2.8,12.50602409638554,14.0,173.0,24.0,168.0,0.8
WBC,low,0.2,NORMA_q_age_set_co,,246,14,0.0337349397590361,0.065040650406504,0.2142857142857142,0.9439655172413792,0.1177864274834997,3.491526243260885,3.0,13.0,219.0,11.0,,,,,,,,,,50.0,0.0,3.0,22.469827586206897,14.0,401.0,24.0,168.0,0.8
WBC,low,0.2,NORMA_q_age_set_co,,335,19,0.0934065934065934,0.0925373134328358,0.2105263157894736,0.9145569620253164,0.2024629474338801,2.167544496056834,4.0,27.0,289.0,15.0,,,,,,,,,,50.0,1.0,7.157894736842105,28.196202531645568,34.0,330.0,24.0,168.0,0.8
WBC,low,0.2,NORMA_q_age_set_co,,493,28,0.0387275242047026,0.050709939148073,0.2142857142857142,0.9591397849462364,0.1744295092216317,4.504019113115706,6.0,19.0,446.0,22.0,,,,,,,,,,60.0,0.0,6.0,28.397849462365592,28.0,695.0,24.0,168.0,0.8
WBC,low,0.2,NORMA_q_age_set_co,,635,36,0.0736842105263157,0.1181102362204724,0.1944444444444444,0.8864774624373957,0.1199101215401899,1.6273516494740068,7.0,68.0,531.0,29.0,,,,,,,,,,60.0,1.0,9.52777777777778,69.92988313856428,49.0,616.0,24.0,168.0,0.8
WBC,low,0.2,NORMA_q_age_set_co,,582,33,0.0460893854748603,0.070446735395189,0.2121212121212121,0.9380692167577414,0.1419915019397746,3.080785314814504,7.0,34.0,515.0,26.0,,,,,,,,,,70.0,0.0,7.0,42.29872495446266,33.0,683.0,24.0,168.0,0.8
WBC,low,0.2,NORMA_q_age_set_co,,617,35,0.06,0.0518638573743922,0.2,0.9570446735395188,0.2291037921532607,3.818396535887679,7.0,25.0,557.0,28.0,,,,,,,,,,70.0,1.0,7.8,26.245704467353956,39.0,611.0,24.0,168.0,0.8
WBC,low,0.2,NORMA_q_age_set_co,,194,11,0.0445344129554655,0.0412371134020618,0.1818181818181818,0.9672131147540984,0.2053872053872054,4.611876339149067,2.0,6.0,177.0,9.0,,,,,,,,,,80.0,0.0,2.0,7.737704918032787,11.0,236.0,24.0,168.0,0.8
WBC,low,0.2,NORMA_q_age_set_co,,194,11,0.0447154471544715,0.0824742268041237,0.1818181818181818,0.9234972677595628,0.1001094091903719,2.2388104237119557,2.0,14.0,169.0,9.0,,,,,,,,,,80.0,1.0,2.0,17.97814207650273,11.0,235.0,24.0,168.0,0.8
