subset,outcome,analyte,method,n,n_events,auc,auc_lo,auc_hi,auc_base,auc_adj,auc_gain,prevalence,ap,ap_lift,delta_vs_norma,p_vs_norma
all,mortality,A1C,Cohen_m2,269,16,0.5238,0.3843,0.6634,,,,0.0595,0.076,1.277,-0.0602,0.330653
all,mortality,A1C,Cohen_m3,269,16,0.5161,0.3567,0.6754,,,,0.0595,0.0829,1.395,-0.0679,0.310212
all,mortality,A1C,Cohen_m4,269,16,0.5146,0.3614,0.6677,,,,0.0595,0.0736,1.238,-0.0694,0.240813
all,mortality,A1C,Gaussian_eb,269,16,0.5897,0.4309,0.7485,,,,0.0595,0.1067,1.794,0.0057,0.897097
all,mortality,A1C,Gaussian_mle,264,14,0.5283,0.3629,0.6937,,,,0.053,0.0636,1.199,-0.0454,0.417439
all,mortality,A1C,Gaussian_trunc,264,14,0.5311,0.3617,0.7005,,,,0.053,0.0648,1.222,-0.0426,0.466355
all,mortality,A1C,NORMA_334f7e21,269,16,0.6094,0.4561,0.7628,,,,0.0595,0.1172,1.971,0.0254,0.226162
all,mortality,A1C,NORMA_q_age,269,16,0.5823,0.428,0.7365,,,,0.0595,0.1088,1.83,-0.0017,0.9258
all,mortality,A1C,NORMA_q_age_set,269,16,0.584,0.4318,0.7362,,,,0.0595,0.1207,2.03,,
all,mortality,A1C,NORMA_q_age_set_co,269,16,0.5894,0.4373,0.7415,,,,0.0595,0.1098,1.846,0.0054,0.773406
all,mortality,A1C,PerRI,266,16,0.6062,0.4779,0.7346,,,,0.0602,0.0819,1.362,0.0252,0.762158
all,mortality,A1C,PopRI,269,16,0.5112,0.36,0.6624,,,,0.0595,0.0669,1.126,-0.0728,0.180196
all,mortality,ALB,Cohen_m2,26021,807,0.8024,0.7878,0.817,0.5762,0.7852,0.209,0.031,0.0969,3.124,-0.0513,0.0
all,mortality,ALB,Cohen_m3,26021,807,0.8956,0.8831,0.908,0.5762,0.8994,0.3232,0.031,0.2531,8.161,0.0419,0.0
all,mortality,ALB,Cohen_m4,26021,807,0.8935,0.8813,0.9057,0.5762,0.8969,0.3207,0.031,0.2305,7.433,0.0398,0.0
all,mortality,ALB,Gaussian_eb,26021,807,0.8633,0.8513,0.8753,0.5762,0.8663,0.2901,0.031,0.1685,5.435,0.0096,0.012635
all,mortality,ALB,Gaussian_mle,25644,786,0.8251,0.8135,0.8367,0.6091,0.7929,0.1838,0.0307,0.1003,3.274,-0.0294,0.0
all,mortality,ALB,Gaussian_trunc,25644,786,0.6988,0.6843,0.7133,0.6091,0.6762,0.0671,0.0307,0.0558,1.82,-0.1557,0.0
all,mortality,ALB,NORMA_334f7e21,26021,807,0.8594,0.8476,0.8712,0.5762,0.8621,0.2859,0.031,0.15,4.838,0.0057,0.01696
all,mortality,ALB,NORMA_q_age,26021,807,0.8538,0.8418,0.8658,0.5762,0.8524,0.2762,0.031,0.1438,4.637,0.0001,0.953276
all,mortality,ALB,NORMA_q_age_set,26021,807,0.8537,0.8411,0.8663,0.5762,0.8531,0.2769,0.031,0.1517,4.892,,
all,mortality,ALB,NORMA_q_age_set_co,26021,807,0.8553,0.843,0.8676,0.5762,0.8549,0.2787,0.031,0.1571,5.066,0.0016,0.505155
all,mortality,ALB,PerRI,26013,807,0.5676,0.5493,0.5859,0.5869,0.5899,0.003,0.031,0.0363,1.17,-0.2861,0.0
all,mortality,ALB,PopRI,26021,807,0.9026,0.8914,0.9137,0.5762,0.9075,0.3313,0.031,0.2502,8.066,0.0489,0.0
all,mortality,ALP,Cohen_m2,23442,738,0.7641,0.7473,0.7809,0.5936,0.7812,0.1877,0.0315,0.0848,2.694,0.0548,0.0
all,mortality,ALP,Cohen_m3,23442,738,0.7584,0.743,0.7737,0.5936,0.7814,0.1878,0.0315,0.0776,2.466,0.049,0.0
all,mortality,ALP,Cohen_m4,23442,738,0.757,0.7399,0.7741,0.5936,0.7694,0.1758,0.0315,0.0861,2.735,0.0477,0.0
all,mortality,ALP,Gaussian_eb,23442,738,0.6932,0.6754,0.711,0.5936,0.6869,0.0933,0.0315,0.0575,1.828,-0.0162,0.051215
all,mortality,ALP,Gaussian_mle,23252,731,0.6372,0.6189,0.6555,0.5743,0.5989,0.0247,0.0314,0.0435,1.385,-0.0731,0.0
all,mortality,ALP,Gaussian_trunc,23252,731,0.5883,0.5686,0.608,0.5743,0.5855,0.0112,0.0314,0.0386,1.227,-0.122,0.0
all,mortality,ALP,NORMA_334f7e21,23442,738,0.7197,0.7016,0.7379,0.5936,0.6927,0.0991,0.0315,0.0657,2.086,0.0104,0.001308
all,mortality,ALP,NORMA_q_age,23442,738,0.7161,0.6978,0.7343,0.5936,0.6893,0.0957,0.0315,0.0655,2.081,0.0067,0.036351
all,mortality,ALP,NORMA_q_age_set,23442,738,0.7093,0.6903,0.7284,0.5936,0.6941,0.1005,0.0315,0.0651,2.069,,
all,mortality,ALP,NORMA_q_age_set_co,23442,738,0.7081,0.6901,0.7262,0.5936,0.6765,0.0829,0.0315,0.0625,1.986,-0.0012,0.790236
all,mortality,ALP,PerRI,23326,734,0.4897,0.4704,0.509,0.5828,0.5914,0.0086,0.0315,0.0333,1.059,-0.2235,0.0
all,mortality,ALP,PopRI,23442,738,0.7554,0.7365,0.7744,0.5936,0.7793,0.1858,0.0315,0.0908,2.883,0.0461,0.0
all,mortality,ALT,Cohen_m2,21694,734,0.6819,0.6625,0.7013,0.6028,0.6822,0.0794,0.0338,0.067,1.982,-0.0224,0.009526
all,mortality,ALT,Cohen_m3,21694,734,0.6703,0.6513,0.6893,0.6028,0.6866,0.0838,0.0338,0.0596,1.761,-0.034,0.001905
all,mortality,ALT,Cohen_m4,21694,734,0.6849,0.6664,0.7035,0.6028,0.6904,0.0876,0.0338,0.0627,1.854,-0.0194,0.041452
all,mortality,ALT,Gaussian_eb,21694,734,0.6842,0.6649,0.7035,0.6028,0.6937,0.0909,0.0338,0.0656,1.94,-0.0201,0.008743
all,mortality,ALT,Gaussian_mle,21401,729,0.6256,0.6063,0.6449,0.5939,0.6313,0.0375,0.0341,0.0485,1.424,-0.0799,0.0
all,mortality,ALT,Gaussian_trunc,21401,729,0.5843,0.5642,0.6044,0.5939,0.6109,0.017,0.0341,0.043,1.261,-0.1212,0.0
all,mortality,ALT,NORMA_334f7e21,21694,734,0.7106,0.6913,0.7299,0.6028,0.697,0.0942,0.0338,0.0783,2.313,0.0063,0.016381
all,mortality,ALT,NORMA_q_age,21694,734,0.7049,0.6856,0.7242,0.6028,0.6948,0.092,0.0338,0.0758,2.241,0.0006,0.825985
all,mortality,ALT,NORMA_q_age_set,21694,734,0.7043,0.6848,0.7237,0.6028,0.6936,0.0908,0.0338,0.076,2.248,,
all,mortality,ALT,NORMA_q_age_set_co,21694,734,0.7076,0.6882,0.7269,0.6028,0.6972,0.0943,0.0338,0.0765,2.26,0.0033,0.404183
all,mortality,ALT,PerRI,21635,728,0.5065,0.4863,0.5268,0.6079,0.6095,0.0017,0.0336,0.0346,1.028,-0.2004,0.0
all,mortality,ALT,PopRI,21694,734,0.6948,0.6746,0.7151,0.6028,0.7108,0.108,0.0338,0.0705,2.085,-0.0094,0.271442
all,mortality,AST,Cohen_m2,21748,685,0.7712,0.7535,0.7889,0.6043,0.7623,0.158,0.0315,0.0946,3.005,0.0237,0.00151
all,mortality,AST,Cohen_m3,21748,685,0.7094,0.6913,0.7275,0.6043,0.703,0.0987,0.0315,0.0636,2.019,-0.0381,5.6e-05
all,mortality,AST,Cohen_m4,21748,685,0.7281,0.7104,0.7459,0.6043,0.7186,0.1143,0.0315,0.0676,2.145,-0.0194,0.018002
all,mortality,AST,Gaussian_eb,21748,685,0.7413,0.7235,0.7591,0.6043,0.7279,0.1235,0.0315,0.071,2.255,-0.0062,0.352142
all,mortality,AST,Gaussian_mle,21668,679,0.7075,0.6898,0.7251,0.5912,0.6508,0.0597,0.0313,0.0564,1.8,-0.0398,0.0
all,mortality,AST,Gaussian_trunc,21668,679,0.632,0.6124,0.6517,0.5912,0.6152,0.0241,0.0313,0.0446,1.423,-0.1152,0.0
all,mortality,AST,NORMA_334f7e21,21748,685,0.7567,0.7387,0.7747,0.6043,0.7413,0.137,0.0315,0.0805,2.557,0.0092,0.000495
all,mortality,AST,NORMA_q_age,21748,685,0.75,0.732,0.768,0.6043,0.7341,0.1298,0.0315,0.0764,2.426,0.0025,0.309725
all,mortality,AST,NORMA_q_age_set,21748,685,0.7475,0.7295,0.7655,0.6043,0.7346,0.1302,0.0315,0.0762,2.419,,
all,mortality,AST,NORMA_q_age_set_co,21748,685,0.7544,0.7367,0.7721,0.6043,0.7347,0.1304,0.0315,0.0791,2.512,0.0069,0.02508
all,mortality,AST,PerRI,21716,684,0.5474,0.5275,0.5674,0.598,0.6017,0.0037,0.0315,0.0347,1.102,-0.2002,0.0
all,mortality,AST,PopRI,21748,685,0.7658,0.7465,0.785,0.6043,0.7506,0.1463,0.0315,0.097,3.08,0.0182,0.028675
all,mortality,BUN,Cohen_m2,25387,799,0.8251,0.8091,0.8411,0.5839,0.8317,0.2478,0.0315,0.1786,5.673,0.0229,0.000268
all,mortality,BUN,Cohen_m3,25387,799,0.833,0.817,0.8491,0.5839,0.8394,0.2555,0.0315,0.1843,5.857,0.0307,0.0
all,mortality,BUN,Cohen_m4,25387,799,0.8258,0.8098,0.8419,0.5839,0.8345,0.2506,0.0315,0.1616,5.135,0.0235,4.8e-05
all,mortality,BUN,Gaussian_eb,25387,799,0.8199,0.8028,0.8371,0.5839,0.8259,0.2421,0.0315,0.1756,5.58,0.0176,0.000682
all,mortality,BUN,Gaussian_mle,24998,793,0.7884,0.7715,0.8054,0.5965,0.8025,0.2059,0.0317,0.1081,3.409,-0.0154,0.005764
all,mortality,BUN,Gaussian_trunc,24998,793,0.6684,0.6484,0.6884,0.5965,0.6901,0.0936,0.0317,0.0661,2.083,-0.1354,0.0
all,mortality,BUN,NORMA_334f7e21,25387,799,0.812,0.7952,0.8289,0.5839,0.817,0.2332,0.0315,0.1456,4.627,0.0097,3e-06
all,mortality,BUN,NORMA_q_age,25387,799,0.8091,0.7922,0.826,0.5839,0.8122,0.2284,0.0315,0.1442,4.583,0.0068,0.001623
all,mortality,BUN,NORMA_q_age_set,25387,799,0.8023,0.7851,0.8195,0.5839,0.8088,0.2249,0.0315,0.1401,4.451,,
all,mortality,BUN,NORMA_q_age_set_co,25387,799,0.8036,0.7864,0.8207,0.5839,0.809,0.2251,0.0315,0.1377,4.376,0.0013,0.652365
all,mortality,BUN,PerRI,25324,795,0.5293,0.5101,0.5485,0.5876,0.5838,-0.0038,0.0314,0.0374,1.191,-0.2741,0.0
all,mortality,BUN,PopRI,25387,799,0.813,0.7957,0.8304,0.5839,0.817,0.2331,0.0315,0.1503,4.776,0.0108,0.029657
all,mortality,CA,Cohen_m2,25179,812,0.7841,0.7676,0.8005,0.5669,0.7851,0.2182,0.0322,0.1082,3.355,0.0098,0.19166
all,mortality,CA,Cohen_m3,25179,812,0.7976,0.782,0.8132,0.5669,0.7972,0.2303,0.0322,0.1216,3.77,0.0233,3.8e-05
all,mortality,CA,Cohen_m4,25179,812,0.796,0.7801,0.8118,0.5669,0.7993,0.2324,0.0322,0.1247,3.868,0.0217,4e-05
all,mortality,CA,Gaussian_eb,25179,812,0.76,0.7429,0.7771,0.5669,0.7621,0.1952,0.0322,0.0991,3.072,-0.0143,0.007785
all,mortality,CA,Gaussian_mle,24724,802,0.6879,0.6713,0.7044,0.6124,0.676,0.0636,0.0324,0.0548,1.689,-0.0862,0.0
all,mortality,CA,Gaussian_trunc,24724,802,0.5635,0.5448,0.5823,0.6124,0.6129,0.0005,0.0324,0.0365,1.124,-0.2105,0.0
all,mortality,CA,NORMA_334f7e21,25179,812,0.7763,0.7594,0.7932,0.5669,0.7763,0.2094,0.0322,0.1127,3.494,0.002,0.356773
all,mortality,CA,NORMA_q_age,25179,812,0.7857,0.7693,0.802,0.5669,0.7791,0.2122,0.0322,0.113,3.505,0.0114,0.0
all,mortality,CA,NORMA_q_age_set,25179,812,0.7743,0.7576,0.791,0.5669,0.7717,0.2048,0.0322,0.107,3.319,,
all,mortality,CA,NORMA_q_age_set_co,25179,812,0.762,0.745,0.779,0.5669,0.7581,0.1912,0.0322,0.1011,3.135,-0.0123,4e-06
all,mortality,CA,PerRI,25159,811,0.5721,0.554,0.5902,0.5768,0.5827,0.006,0.0322,0.0382,1.184,-0.2031,0.0
all,mortality,CA,PopRI,25179,812,0.7686,0.7509,0.7863,0.5669,0.7633,0.1964,0.0322,0.1172,3.634,-0.0057,0.274436
all,mortality,CL,Cohen_m2,26586,814,0.7858,0.7697,0.8019,0.5812,0.8013,0.2201,0.0306,0.1252,4.088,-0.0228,0.000917
all,mortality,CL,Cohen_m3,26586,814,0.7839,0.7673,0.8004,0.5812,0.7958,0.2146,0.0306,0.135,4.409,-0.0247,0.000245
all,mortality,CL,Cohen_m4,26586,814,0.7916,0.7752,0.8079,0.5812,0.8055,0.2243,0.0306,0.1369,4.47,-0.017,0.008165
all,mortality,CL,Gaussian_eb,26586,814,0.8121,0.7966,0.8276,0.5812,0.8205,0.2393,0.0306,0.1439,4.7,0.0036,0.466335
all,mortality,CL,Gaussian_mle,26083,803,0.7644,0.7496,0.7792,0.5695,0.7379,0.1684,0.0308,0.0738,2.398,-0.0468,0.0
all,mortality,CL,Gaussian_trunc,26083,803,0.6174,0.5986,0.6362,0.5695,0.6121,0.0425,0.0308,0.0435,1.412,-0.1939,0.0
all,mortality,CL,NORMA_334f7e21,26586,814,0.8181,0.8037,0.8325,0.5812,0.8154,0.2342,0.0306,0.1261,4.117,0.0095,0.0
all,mortality,CL,NORMA_q_age,26586,814,0.8095,0.7948,0.8241,0.5812,0.8059,0.2247,0.0306,0.1175,3.838,0.0009,0.656436
all,mortality,CL,NORMA_q_age_set,26586,814,0.8085,0.7938,0.8232,0.5812,0.8042,0.223,0.0306,0.1194,3.899,,
all,mortality,CL,NORMA_q_age_set_co,26586,814,0.8134,0.799,0.8277,0.5812,0.8102,0.229,0.0306,0.1187,3.877,0.0048,0.075345
all,mortality,CL,PerRI,26568,810,0.5363,0.5179,0.5547,0.579,0.5807,0.0017,0.0305,0.0466,1.529,-0.2752,0.0
all,mortality,CL,PopRI,26586,814,0.8121,0.7968,0.8273,0.5812,0.8209,0.2397,0.0306,0.1313,4.287,0.0035,0.471985
all,mortality,CO2,Cohen_m2,11015,749,0.7969,0.7805,0.8134,0.569,0.8042,0.2352,0.068,0.2463,3.622,0.0025,0.693655
all,mortality,CO2,Cohen_m3,11015,749,0.8257,0.8081,0.8433,0.569,0.8317,0.2627,0.068,0.3718,5.468,0.0313,0.0
all,mortality,CO2,Cohen_m4,11015,749,0.828,0.8107,0.8454,0.569,0.8327,0.2637,0.068,0.3736,5.495,0.0336,0.0
all,mortality,CO2,Gaussian_eb,11015,749,0.838,0.8215,0.8545,0.569,0.8441,0.2752,0.068,0.3743,5.505,0.0436,0.0
all,mortality,CO2,Gaussian_mle,10881,743,0.7598,0.7426,0.777,0.5753,0.7667,0.1914,0.0683,0.1597,2.339,-0.035,0.0
all,mortality,CO2,Gaussian_trunc,10881,743,0.626,0.6049,0.6471,0.5753,0.6486,0.0733,0.0683,0.1063,1.556,-0.1688,0.0
all,mortality,CO2,NORMA_334f7e21,11015,749,0.7971,0.7804,0.8138,0.569,0.7957,0.2267,0.068,0.2466,3.626,0.0027,0.224809
all,mortality,CO2,NORMA_q_age,11015,749,0.7899,0.7731,0.8066,0.569,0.7904,0.2215,0.068,0.231,3.397,-0.0045,0.04092
all,mortality,CO2,NORMA_q_age_set,11015,749,0.7944,0.7775,0.8113,0.569,0.7967,0.2277,0.068,0.2287,3.364,,
all,mortality,CO2,NORMA_q_age_set_co,11015,749,0.7919,0.7747,0.8091,0.569,0.7942,0.2253,0.068,0.2326,3.421,-0.0025,0.290617
all,mortality,CO2,PerRI,11000,749,0.517,0.497,0.537,0.5718,0.563,-0.0088,0.0681,0.0751,1.103,-0.278,0.0
all,mortality,CO2,PopRI,11015,749,0.8391,0.8228,0.8555,0.569,0.8452,0.2763,0.068,0.3416,5.024,0.0447,0.0
all,mortality,CRE,Cohen_m2,36501,746,0.8407,0.8257,0.8556,0.6273,0.8442,0.2169,0.0204,0.136,6.655,0.0253,0.001464
all,mortality,CRE,Cohen_m3,36501,746,0.8395,0.8242,0.8549,0.6273,0.8419,0.2146,0.0204,0.159,7.782,0.0241,0.003216
all,mortality,CRE,Cohen_m4,36501,746,0.8306,0.8143,0.847,0.6273,0.8441,0.2168,0.0204,0.1574,7.702,0.0152,0.04926
all,mortality,CRE,Gaussian_eb,36501,746,0.8343,0.8202,0.8484,0.6273,0.8352,0.2079,0.0204,0.1027,5.027,0.0189,0.000639
all,mortality,CRE,Gaussian_mle,35747,732,0.7643,0.7483,0.7803,0.6094,0.739,0.1296,0.0205,0.0568,2.774,-0.0532,0.0
all,mortality,CRE,Gaussian_trunc,35747,732,0.6285,0.6113,0.6456,0.6094,0.617,0.0076,0.0205,0.0279,1.365,-0.189,0.0
all,mortality,CRE,NORMA_334f7e21,36501,746,0.8185,0.8031,0.8339,0.6273,0.8255,0.1982,0.0204,0.1042,5.1,0.0031,0.38876
all,mortality,CRE,NORMA_q_age,36501,746,0.8111,0.7958,0.8264,0.6273,0.8165,0.1892,0.0204,0.0973,4.76,-0.0043,0.136517
all,mortality,CRE,NORMA_q_age_set,36501,746,0.8154,0.7999,0.8309,0.6273,0.8158,0.1885,0.0204,0.1,4.894,,
all,mortality,CRE,NORMA_q_age_set_co,36501,746,0.8076,0.7917,0.8234,0.6273,0.8186,0.1913,0.0204,0.0979,4.791,-0.0078,0.044492
all,mortality,CRE,PerRI,36318,742,0.6972,0.6769,0.7174,0.6264,0.7234,0.097,0.0204,0.0698,3.414,-0.1197,0.0
all,mortality,CRE,PopRI,36501,746,0.7963,0.7799,0.8127,0.6273,0.8073,0.18,0.0204,0.0901,4.41,-0.0191,0.006671
all,mortality,GLU,Cohen_m2,30550,827,0.698,0.6802,0.7158,0.5561,0.694,0.138,0.0271,0.06,2.215,0.0044,0.494955
all,mortality,GLU,Cohen_m3,30550,827,0.6815,0.6645,0.6985,0.5561,0.6728,0.1167,0.0271,0.0458,1.693,-0.0121,0.060588
all,mortality,GLU,Cohen_m4,30550,827,0.6745,0.6579,0.691,0.5561,0.6756,0.1196,0.0271,0.0433,1.6,-0.0191,0.003151
all,mortality,GLU,Gaussian_eb,30550,827,0.7153,0.6973,0.7333,0.5561,0.7081,0.1521,0.0271,0.076,2.808,0.0217,0.00025
all,mortality,GLU,Gaussian_mle,28673,801,0.7014,0.6833,0.7195,0.5857,0.6891,0.1034,0.0279,0.059,2.112,0.0079,0.194034
all,mortality,GLU,Gaussian_trunc,28673,801,0.6662,0.6476,0.6848,0.5857,0.6654,0.0798,0.0279,0.0494,1.769,-0.0273,0.000478
all,mortality,GLU,NORMA_334f7e21,30550,827,0.6941,0.6759,0.7123,0.5561,0.7158,0.1597,0.0271,0.0619,2.288,0.0005,0.848315
all,mortality,GLU,NORMA_q_age,30550,827,0.6934,0.6751,0.7117,0.5561,0.7135,0.1574,0.0271,0.0644,2.378,-0.0001,0.963432
all,mortality,GLU,NORMA_q_age_set,30550,827,0.6936,0.6755,0.7117,0.5561,0.7106,0.1545,0.0271,0.0599,2.213,,
all,mortality,GLU,NORMA_q_age_set_co,30550,827,0.6781,0.6596,0.6967,0.5561,0.6947,0.1386,0.0271,0.0588,2.174,-0.0154,2e-06
all,mortality,GLU,PerRI,30534,827,0.5408,0.5225,0.559,0.5546,0.5581,0.0036,0.0271,0.0331,1.22,-0.153,0.0
all,mortality,GLU,PopRI,30550,827,0.6971,0.6796,0.7147,0.5561,0.701,0.1449,0.0271,0.0546,2.016,0.0036,0.57095
all,mortality,HCT,Cohen_m2,37050,881,0.8596,0.8462,0.873,0.6273,0.8544,0.2271,0.0238,0.1901,7.994,0.1354,0.0
all,mortality,HCT,Cohen_m3,37050,881,0.8556,0.8421,0.869,0.6273,0.8513,0.224,0.0238,0.1629,6.851,0.1314,0.0
all,mortality,HCT,Cohen_m4,37050,881,0.8591,0.8462,0.8719,0.6273,0.859,0.2317,0.0238,0.1537,6.465,0.1349,0.0
all,mortality,HCT,Gaussian_eb,37050,881,0.842,0.8288,0.8552,0.6273,0.8572,0.2299,0.0238,0.1641,6.902,0.1178,0.0
all,mortality,HCT,Gaussian_mle,34365,831,0.8096,0.7957,0.8236,0.6039,0.8151,0.2112,0.0242,0.0959,3.967,0.0831,0.0
all,mortality,HCT,Gaussian_trunc,34365,831,0.6786,0.657,0.7002,0.6039,0.7018,0.0979,0.0242,0.0695,2.873,-0.048,0.000398
all,mortality,HCT,NORMA_334f7e21,37050,881,0.7342,0.7203,0.7482,0.6273,0.7434,0.1161,0.0238,0.0506,2.129,0.01,0.001142
all,mortality,HCT,NORMA_q_age,37050,881,0.7244,0.7107,0.7381,0.6273,0.7323,0.105,0.0238,0.047,1.978,0.0002,0.949772
all,mortality,HCT,NORMA_q_age_set,37050,881,0.7242,0.7101,0.7383,0.6273,0.7382,0.1109,0.0238,0.0488,2.053,,
all,mortality,HCT,NORMA_q_age_set_co,37050,881,0.7074,0.6923,0.7225,0.6273,0.7248,0.0975,0.0238,0.0473,1.99,-0.0168,2e-06
all,mortality,HCT,PerRI,36993,880,0.4868,0.4711,0.5025,0.6313,0.6526,0.0213,0.0238,0.0214,0.901,-0.2372,0.0
all,mortality,HCT,PopRI,37050,881,0.8348,0.8216,0.848,0.6273,0.8566,0.2293,0.0238,0.1568,6.595,0.1106,0.0
all,mortality,HGB,Cohen_m2,31437,849,0.8386,0.8249,0.8522,0.6278,0.8567,0.2289,0.027,0.1421,5.262,0.1281,0.0
all,mortality,HGB,Cohen_m3,31437,849,0.8483,0.8344,0.8622,0.6278,0.8591,0.2313,0.027,0.1645,6.091,0.1378,0.0
all,mortality,HGB,Cohen_m4,31437,849,0.8425,0.8287,0.8563,0.6278,0.8533,0.2254,0.027,0.1407,5.21,0.132,0.0
all,mortality,HGB,Gaussian_eb,31437,849,0.8188,0.8052,0.8324,0.6278,0.8296,0.2018,0.027,0.1284,4.754,0.1084,0.0
all,mortality,HGB,Gaussian_mle,29417,801,0.782,0.7679,0.796,0.6122,0.7435,0.1312,0.0272,0.0771,2.831,0.0719,0.0
all,mortality,HGB,Gaussian_trunc,29417,801,0.7415,0.7249,0.7581,0.6122,0.7012,0.089,0.0272,0.0668,2.455,0.0315,0.001979
all,mortality,HGB,NORMA_334f7e21,31437,849,0.7277,0.7136,0.7419,0.6278,0.7347,0.1068,0.027,0.053,1.962,0.0173,0.0
all,mortality,HGB,NORMA_q_age,31437,849,0.7246,0.7108,0.7385,0.6278,0.7223,0.0944,0.027,0.0512,1.897,0.0142,8e-06
all,mortality,HGB,NORMA_q_age_set,31437,849,0.7105,0.696,0.7249,0.6278,0.7222,0.0944,0.027,0.0505,1.869,,
all,mortality,HGB,NORMA_q_age_set_co,31437,849,0.6742,0.6584,0.69,0.6278,0.6963,0.0684,0.027,0.0457,1.692,-0.0362,0.0
all,mortality,HGB,PerRI,31390,849,0.5327,0.5171,0.5483,0.6303,0.6341,0.0038,0.027,0.0269,0.996,-0.1774,0.0
all,mortality,HGB,PopRI,31437,849,0.8353,0.8218,0.8488,0.6278,0.862,0.2342,0.027,0.1597,5.913,0.1248,0.0
all,mortality,K,Cohen_m2,34278,875,0.82,0.8052,0.8348,0.5777,0.8151,0.2374,0.0255,0.1316,5.155,0.0108,0.065994
all,mortality,K,Cohen_m3,34278,875,0.838,0.8237,0.8523,0.5777,0.8306,0.2529,0.0255,0.1507,5.904,0.0288,0.0
all,mortality,K,Cohen_m4,34278,875,0.8383,0.8238,0.8529,0.5777,0.8273,0.2495,0.0255,0.146,5.718,0.0291,0.0
all,mortality,K,Gaussian_eb,34278,875,0.8007,0.7863,0.815,0.5777,0.7997,0.222,0.0255,0.0933,3.655,-0.0086,0.096737
all,mortality,K,Gaussian_mle,34063,872,0.708,0.694,0.7221,0.5982,0.6788,0.0806,0.0256,0.0438,1.713,-0.1018,0.0
all,mortality,K,Gaussian_trunc,34063,872,0.5469,0.5283,0.5655,0.5982,0.5938,-0.0044,0.0256,0.0298,1.166,-0.2629,0.0
all,mortality,K,NORMA_334f7e21,34278,875,0.8162,0.802,0.8304,0.5777,0.8133,0.2356,0.0255,0.1154,4.52,0.007,0.000135
all,mortality,K,NORMA_q_age,34278,875,0.8054,0.7909,0.82,0.5777,0.7991,0.2213,0.0255,0.0986,3.864,-0.0038,0.06978
all,mortality,K,NORMA_q_age_set,34278,875,0.8092,0.795,0.8235,0.5777,0.8041,0.2264,0.0255,0.1047,4.101,,
all,mortality,K,NORMA_q_age_set_co,34278,875,0.7953,0.7807,0.8099,0.5777,0.7955,0.2178,0.0255,0.0918,3.595,-0.0139,0.0
all,mortality,K,PerRI,34267,875,0.6023,0.5867,0.6179,0.5744,0.5852,0.0108,0.0255,0.0317,1.241,-0.2068,0.0
all,mortality,K,PopRI,34278,875,0.8258,0.8119,0.8397,0.5777,0.8257,0.248,0.0255,0.1059,4.15,0.0166,0.00108
all,mortality,NA,Cohen_m2,33857,848,0.8209,0.8072,0.8345,0.6063,0.8197,0.2134,0.025,0.0931,3.719,0.0266,2e-06
all,mortality,NA,Cohen_m3,33857,848,0.8152,0.8011,0.8293,0.6063,0.8098,0.2035,0.025,0.1076,4.295,0.021,5.7e-05
all,mortality,NA,Cohen_m4,33857,848,0.8294,0.8157,0.8431,0.6063,0.8206,0.2143,0.025,0.1216,4.854,0.0352,0.0
all,mortality,NA,Gaussian_eb,33857,848,0.7924,0.7784,0.8064,0.6063,0.7878,0.1815,0.025,0.0772,3.084,-0.0019,0.699764
all,mortality,NA,Gaussian_mle,33286,839,0.7414,0.7265,0.7563,0.6042,0.7284,0.1242,0.0252,0.0548,2.175,-0.055,0.0
all,mortality,NA,Gaussian_trunc,33286,839,0.6388,0.6212,0.6564,0.6042,0.6648,0.0606,0.0252,0.0446,1.77,-0.1576,0.0
all,mortality,NA,NORMA_334f7e21,33857,848,0.7964,0.7813,0.8115,0.6063,0.7859,0.1795,0.025,0.0866,3.459,0.0022,0.197757
all,mortality,NA,NORMA_q_age,33857,848,0.79,0.7746,0.8055,0.6063,0.7786,0.1723,0.025,0.0839,3.348,-0.0042,0.013604
all,mortality,NA,NORMA_q_age_set,33857,848,0.7942,0.779,0.8094,0.6063,0.7855,0.1791,0.025,0.0851,3.397,,
all,mortality,NA,NORMA_q_age_set_co,33857,848,0.7901,0.7747,0.8054,0.6063,0.7807,0.1743,0.025,0.0822,3.281,-0.0041,0.027458
all,mortality,NA,PerRI,33831,848,0.5403,0.5247,0.556,0.606,0.604,-0.002,0.0251,0.0285,1.136,-0.2543,0.0
all,mortality,NA,PopRI,33857,848,0.7805,0.7661,0.795,0.6063,0.7813,0.1749,0.025,0.0766,3.057,-0.0137,0.006465
all,mortality,Overall,Cohen_m2,49990,906,0.7914,0.779,0.8037,0.607,0.7811,0.1741,0.0181,0.0584,3.22,-0.0022,0.638061
all,mortality,Overall,Cohen_m3,49990,906,0.7801,0.7681,0.792,0.607,0.7752,0.1682,0.0181,0.0451,2.491,-0.0135,0.004018
all,mortality,Overall,Cohen_m4,49990,906,0.7799,0.7685,0.7913,0.607,0.7753,0.1684,0.0181,0.0432,2.383,-0.0137,0.002761
all,mortality,Overall,Gaussian_eb,49990,906,0.8104,0.7984,0.8224,0.607,0.7987,0.1917,0.0181,0.0744,4.104,0.0168,0.000224
all,mortality,Overall,Gaussian_mle,49651,906,0.8026,0.7902,0.815,0.6166,0.8098,0.1932,0.0182,0.0569,3.116,0.0093,0.061412
all,mortality,Overall,Gaussian_trunc,49651,906,0.7729,0.7595,0.7863,0.6166,0.7798,0.1632,0.0182,0.0498,2.729,-0.0204,0.000636
all,mortality,Overall,NORMA_334f7e21,49990,906,0.8043,0.7916,0.8171,0.607,0.8093,0.2024,0.0181,0.0607,3.348,0.0108,2e-06
all,mortality,Overall,NORMA_q_age,49990,906,0.7983,0.7854,0.8112,0.607,0.8019,0.1949,0.0181,0.0608,3.354,0.0047,0.039924
all,mortality,Overall,NORMA_q_age_set,49990,906,0.7936,0.7808,0.8063,0.607,0.7976,0.1906,0.0181,0.0567,3.129,,
all,mortality,Overall,NORMA_q_age_set_co,49990,906,0.7946,0.782,0.8072,0.607,0.7956,0.1886,0.0181,0.0568,3.132,0.001,0.669561
all,mortality,Overall,PerRI,49965,906,0.6466,0.6314,0.6618,0.6063,0.6774,0.0711,0.0181,0.0286,1.579,-0.1469,0.0
all,mortality,Overall,PopRI,49990,906,0.7984,0.7865,0.8104,0.607,0.7899,0.1829,0.0181,0.0547,3.018,0.0049,0.316551
all,mortality,PLT,Cohen_m2,29222,813,0.6881,0.6738,0.7024,0.6061,0.7029,0.0968,0.0278,0.0457,1.642,-0.0651,0.0
all,mortality,PLT,Cohen_m3,29222,813,0.8089,0.7944,0.8235,0.6061,0.8283,0.2222,0.0278,0.1149,4.13,0.0557,0.0
all,mortality,PLT,Cohen_m4,29222,813,0.8552,0.8409,0.8695,0.6061,0.8727,0.2666,0.0278,0.2334,8.391,0.102,0.0
all,mortality,PLT,Gaussian_eb,29222,813,0.7207,0.7056,0.7358,0.6061,0.7311,0.125,0.0278,0.0529,1.903,-0.0325,1.1e-05
all,mortality,PLT,Gaussian_mle,28848,798,0.6651,0.6495,0.6806,0.5888,0.6206,0.0318,0.0277,0.0414,1.495,-0.0888,0.0
all,mortality,PLT,Gaussian_trunc,28848,798,0.5557,0.5371,0.5743,0.5888,0.5897,0.0009,0.0277,0.0313,1.13,-0.1981,0.0
all,mortality,PLT,NORMA_334f7e21,29222,813,0.7488,0.7341,0.7635,0.6061,0.7276,0.1215,0.0278,0.0587,2.111,-0.0044,0.152993
all,mortality,PLT,NORMA_q_age,29222,813,0.7481,0.7336,0.7625,0.6061,0.7215,0.1154,0.0278,0.057,2.05,-0.0051,0.082641
all,mortality,PLT,NORMA_q_age_set,29222,813,0.7532,0.7385,0.7679,0.6061,0.7311,0.1249,0.0278,0.06,2.155,,
all,mortality,PLT,NORMA_q_age_set_co,29222,813,0.7533,0.738,0.7686,0.6061,0.7372,0.1311,0.0278,0.0615,2.21,0.0001,0.981192
all,mortality,PLT,PerRI,29139,811,0.4289,0.4092,0.4487,0.6246,0.6318,0.0072,0.0278,0.0238,0.854,-0.3247,0.0
all,mortality,PLT,PopRI,29222,813,0.8537,0.8371,0.8702,0.6061,0.8703,0.2642,0.0278,0.2698,9.696,0.1005,0.0
all,mortality,TBIL,Cohen_m2,24126,722,0.7054,0.6851,0.7258,0.6134,0.7405,0.1271,0.0299,0.1079,3.605,-0.0583,0.0
all,mortality,TBIL,Cohen_m3,24126,722,0.7517,0.7319,0.7715,0.6134,0.7693,0.1559,0.0299,0.1146,3.828,-0.012,0.114128
all,mortality,TBIL,Cohen_m4,24126,722,0.758,0.7377,0.7783,0.6134,0.789,0.1756,0.0299,0.1383,4.622,-0.0058,0.379673
all,mortality,TBIL,Gaussian_eb,24126,722,0.7511,0.7304,0.7719,0.6134,0.7845,0.171,0.0299,0.1274,4.258,-0.0126,0.026602
all,mortality,TBIL,Gaussian_mle,23750,713,0.7438,0.7235,0.7641,0.5964,0.754,0.1577,0.03,0.0945,3.146,-0.0222,4.9e-05
all,mortality,TBIL,Gaussian_trunc,23750,713,0.6387,0.6189,0.6585,0.5964,0.6409,0.0445,0.03,0.0456,1.519,-0.1272,0.0
all,mortality,TBIL,NORMA_334f7e21,24126,722,0.7671,0.7484,0.7858,0.6134,0.7852,0.1718,0.0299,0.1178,3.935,0.0034,0.18903
all,mortality,TBIL,NORMA_q_age,24126,722,0.7639,0.745,0.7828,0.6134,0.7828,0.1694,0.0299,0.1154,3.857,0.0002,0.943769
all,mortality,TBIL,NORMA_q_age_set,24126,722,0.7637,0.745,0.7825,0.6134,0.7767,0.1633,0.0299,0.1103,3.685,,
all,mortality,TBIL,NORMA_q_age_set_co,24126,722,0.7614,0.7424,0.7804,0.6134,0.7807,0.1673,0.0299,0.1107,3.7,-0.0024,0.412135
all,mortality,TBIL,PerRI,24023,720,0.6532,0.6319,0.6745,0.6051,0.6776,0.0724,0.03,0.0585,1.953,-0.1098,0.0
all,mortality,TBIL,PopRI,24126,722,0.7547,0.7349,0.7745,0.6134,0.7853,0.1719,0.0299,0.1051,3.512,-0.009,0.232783
all,mortality,TP,Cohen_m2,24293,802,0.8194,0.8023,0.8365,0.602,0.8325,0.2305,0.033,0.1975,5.981,-0.0185,0.000778
all,mortality,TP,Cohen_m3,24293,802,0.8295,0.8131,0.8459,0.602,0.8424,0.2404,0.033,0.2027,6.139,-0.0083,0.095437
all,mortality,TP,Cohen_m4,24293,802,0.8113,0.7945,0.8282,0.602,0.8234,0.2214,0.033,0.1679,5.085,-0.0265,1e-06
all,mortality,TP,Gaussian_eb,24293,802,0.8167,0.8008,0.8327,0.602,0.8299,0.2278,0.033,0.1541,4.667,-0.0212,1.7e-05
all,mortality,TP,Gaussian_mle,24046,793,0.7842,0.7691,0.7993,0.5749,0.7248,0.1499,0.033,0.0913,2.77,-0.0535,0.0
all,mortality,TP,Gaussian_trunc,24046,793,0.6413,0.6225,0.66,0.5749,0.6111,0.0362,0.033,0.0515,1.56,-0.1965,0.0
all,mortality,TP,NORMA_334f7e21,24293,802,0.8364,0.8216,0.8512,0.602,0.8414,0.2394,0.033,0.1785,5.406,-0.0015,0.496316
all,mortality,TP,NORMA_q_age,24293,802,0.8376,0.823,0.8521,0.602,0.84,0.2379,0.033,0.1726,5.227,-0.0003,0.877214
all,mortality,TP,NORMA_q_age_set,24293,802,0.8379,0.8231,0.8526,0.602,0.8429,0.2409,0.033,0.179,5.422,,
all,mortality,TP,NORMA_q_age_set_co,24293,802,0.8374,0.8226,0.8522,0.602,0.8431,0.2411,0.033,0.1766,5.35,-0.0005,0.827606
all,mortality,TP,PerRI,24287,802,0.5292,0.5111,0.5473,0.6067,0.6068,0.0001,0.033,0.0333,1.009,-0.3086,0.0
all,mortality,TP,PopRI,24293,802,0.8512,0.8364,0.8661,0.602,0.8703,0.2683,0.033,0.2249,6.812,0.0134,0.004435
all,mortality,WBC,Cohen_m2,29418,798,0.7333,0.716,0.7507,0.6194,0.739,0.1196,0.0271,0.0974,3.59,-0.073,0.0
all,mortality,WBC,Cohen_m3,29418,798,0.7774,0.7595,0.7953,0.6194,0.7878,0.1684,0.0271,0.132,4.865,-0.0289,7.3e-05
all,mortality,WBC,Cohen_m4,29418,798,0.7939,0.7767,0.8111,0.6194,0.8072,0.1878,0.0271,0.133,4.903,-0.0124,0.042036
all,mortality,WBC,Gaussian_eb,29418,798,0.8143,0.7993,0.8293,0.6194,0.8236,0.2042,0.0271,0.1138,4.195,0.008,0.09766
all,mortality,WBC,Gaussian_mle,29128,797,0.7753,0.761,0.7896,0.6116,0.7354,0.1238,0.0274,0.069,2.521,-0.0315,0.0
all,mortality,WBC,Gaussian_trunc,29128,797,0.6839,0.6663,0.7015,0.6116,0.6611,0.0495,0.0274,0.0487,1.779,-0.1229,0.0
all,mortality,WBC,NORMA_334f7e21,29418,798,0.8101,0.795,0.8252,0.6194,0.8209,0.2015,0.0271,0.1121,4.133,0.0038,0.05546
all,mortality,WBC,NORMA_q_age,29418,798,0.8122,0.7971,0.8274,0.6194,0.8242,0.2048,0.0271,0.1142,4.211,0.006,0.001137
all,mortality,WBC,NORMA_q_age_set,29418,798,0.8063,0.7911,0.8215,0.6194,0.8136,0.1942,0.0271,0.1078,3.974,,
all,mortality,WBC,NORMA_q_age_set_co,29418,798,0.8149,0.8,0.8298,0.6194,0.8276,0.2082,0.0271,0.1122,4.135,0.0086,0.002444
all,mortality,WBC,PerRI,29410,797,0.6067,0.5875,0.6258,0.5927,0.6314,0.0386,0.0271,0.0439,1.621,-0.2007,0.0
all,mortality,WBC,PopRI,29418,798,0.823,0.8079,0.8381,0.6194,0.8354,0.216,0.0271,0.1176,4.334,0.0167,0.000753
all,periop_infection,A1C,Cohen_m2,269,44,0.5132,0.4253,0.6011,0.6109,0.6015,-0.0094,0.1636,0.1661,1.015,0.0404,0.344081
all,periop_infection,A1C,Cohen_m3,269,44,0.5261,0.431,0.6211,0.6109,0.5908,-0.02,0.1636,0.2361,1.443,0.0532,0.215365
all,periop_infection,A1C,Cohen_m4,269,44,0.4945,0.3984,0.5906,0.6109,0.6018,-0.009,0.1636,0.193,1.18,0.0217,0.600941
all,periop_infection,A1C,Gaussian_eb,269,44,0.4837,0.3922,0.5752,0.6109,0.637,0.0262,0.1636,0.1773,1.084,0.0109,0.753517
all,periop_infection,A1C,Gaussian_mle,264,43,0.4898,0.3924,0.5871,0.6034,0.5813,-0.0221,0.1629,0.1659,1.018,0.0046,0.902966
all,periop_infection,A1C,Gaussian_trunc,264,43,0.5298,0.4389,0.6207,0.6034,0.5866,-0.0169,0.1629,0.1739,1.068,0.0446,0.258692
all,periop_infection,A1C,NORMA_334f7e21,269,44,0.4692,0.3773,0.5611,0.6109,0.5617,-0.0491,0.1636,0.1551,0.948,-0.0036,0.747215
all,periop_infection,A1C,NORMA_q_age,269,44,0.4842,0.3887,0.5798,0.6109,0.5869,-0.0239,0.1636,0.1654,1.011,0.0114,0.38864
all,periop_infection,A1C,NORMA_q_age_set,269,44,0.4728,0.3782,0.5675,0.6109,0.5579,-0.053,0.1636,0.1624,0.993,,
all,periop_infection,A1C,NORMA_q_age_set_co,269,44,0.4639,0.3728,0.5551,0.6109,0.5469,-0.064,0.1636,0.1542,0.943,-0.0089,0.513631
all,periop_infection,A1C,PerRI,266,44,0.3927,0.2997,0.4856,0.5582,0.5849,0.0268,0.1654,0.1452,0.878,-0.0769,0.199078
all,periop_infection,A1C,PopRI,269,44,0.4821,0.3845,0.5798,0.6109,0.639,0.0281,0.1636,0.1642,1.004,0.0093,0.813006
all,periop_infection,ALB,Cohen_m2,26021,1626,0.6589,0.6453,0.6725,0.6054,0.6779,0.0725,0.0625,0.1036,1.658,-0.0691,0.0
all,periop_infection,ALB,Cohen_m3,26021,1626,0.7259,0.7126,0.7392,0.6054,0.7337,0.1283,0.0625,0.1601,2.562,-0.0021,0.602995
all,periop_infection,ALB,Cohen_m4,26021,1626,0.7295,0.7163,0.7427,0.6054,0.7385,0.1331,0.0625,0.1609,2.576,0.0015,0.67601
all,periop_infection,ALB,Gaussian_eb,26021,1626,0.7183,0.7055,0.7311,0.6054,0.7295,0.1241,0.0625,0.1457,2.331,-0.0097,0.009159
all,periop_infection,ALB,Gaussian_mle,25644,1596,0.7074,0.6951,0.7197,0.6054,0.6743,0.0689,0.0622,0.1182,1.899,-0.0208,3e-06
all,periop_infection,ALB,Gaussian_trunc,25644,1596,0.6195,0.6066,0.6325,0.6054,0.624,0.0186,0.0622,0.0844,1.355,-0.1087,0.0
all,periop_infection,ALB,NORMA_334f7e21,26021,1626,0.7277,0.7149,0.7405,0.6054,0.7314,0.126,0.0625,0.1514,2.423,-0.0002,0.902741
all,periop_infection,ALB,NORMA_q_age,26021,1626,0.7291,0.7162,0.7419,0.6054,0.7314,0.126,0.0625,0.1522,2.436,0.0011,0.584292
all,periop_infection,ALB,NORMA_q_age_set,26021,1626,0.728,0.7151,0.7409,0.6054,0.7311,0.1257,0.0625,0.1546,2.474,,
all,periop_infection,ALB,NORMA_q_age_set_co,26021,1626,0.7252,0.7124,0.738,0.6054,0.7306,0.1252,0.0625,0.1535,2.456,-0.0028,0.171004
all,periop_infection,ALB,PerRI,26013,1625,0.5649,0.5515,0.5784,0.6112,0.6146,0.0035,0.0625,0.0739,1.183,-0.1635,0.0
all,periop_infection,ALB,PopRI,26021,1626,0.7373,0.7243,0.7502,0.6054,0.7438,0.1384,0.0625,0.1642,2.628,0.0093,0.013751
all,periop_infection,ALP,Cohen_m2,23442,1516,0.6636,0.6501,0.6771,0.611,0.6731,0.0621,0.0647,0.107,1.654,0.0241,8e-05
all,periop_infection,ALP,Cohen_m3,23442,1516,0.6695,0.6561,0.6829,0.611,0.677,0.066,0.0647,0.1085,1.678,0.0301,7e-06
all,periop_infection,ALP,Cohen_m4,23442,1516,0.6688,0.6551,0.6826,0.611,0.6706,0.0596,0.0647,0.1104,1.707,0.0293,1.1e-05
all,periop_infection,ALP,Gaussian_eb,23442,1516,0.6061,0.5921,0.6201,0.611,0.6272,0.0162,0.0647,0.0863,1.334,-0.0334,0.0
all,periop_infection,ALP,Gaussian_mle,23252,1510,0.5615,0.5473,0.5757,0.6202,0.6246,0.0044,0.0649,0.0736,1.134,-0.0802,0.0
all,periop_infection,ALP,Gaussian_trunc,23252,1510,0.5347,0.5203,0.5492,0.6202,0.6238,0.0036,0.0649,0.069,1.063,-0.107,0.0
all,periop_infection,ALP,NORMA_334f7e21,23442,1516,0.6403,0.6262,0.6543,0.611,0.6404,0.0294,0.0647,0.0989,1.529,0.0008,0.726401
all,periop_infection,ALP,NORMA_q_age,23442,1516,0.6413,0.6274,0.6553,0.611,0.6413,0.0303,0.0647,0.0987,1.527,0.0019,0.40706
all,periop_infection,ALP,NORMA_q_age_set,23442,1516,0.6395,0.6253,0.6536,0.611,0.6434,0.0324,0.0647,0.0985,1.524,,
all,periop_infection,ALP,NORMA_q_age_set_co,23442,1516,0.642,0.6281,0.6559,0.611,0.6396,0.0286,0.0647,0.0983,1.521,0.0025,0.395774
all,periop_infection,ALP,PerRI,23326,1512,0.4604,0.4466,0.4742,0.6228,0.6419,0.0191,0.0648,0.0573,0.884,-0.1812,0.0
all,periop_infection,ALP,PopRI,23442,1516,0.6412,0.6263,0.656,0.611,0.666,0.055,0.0647,0.1068,1.651,0.0017,0.801945
all,periop_infection,ALT,Cohen_m2,21694,1533,0.6099,0.5955,0.6243,0.6029,0.6446,0.0417,0.0707,0.1008,1.426,-0.0286,8e-06
all,periop_infection,ALT,Cohen_m3,21694,1533,0.6286,0.6147,0.6426,0.6029,0.6547,0.0518,0.0707,0.1038,1.468,-0.0099,0.175956
all,periop_infection,ALT,Cohen_m4,21694,1533,0.6125,0.5984,0.6266,0.6029,0.6447,0.0417,0.0707,0.0998,1.412,-0.026,9e-05
all,periop_infection,ALT,Gaussian_eb,21694,1533,0.6081,0.5939,0.6223,0.6029,0.6367,0.0338,0.0707,0.0951,1.346,-0.0304,0.0
all,periop_infection,ALT,Gaussian_mle,21401,1526,0.5681,0.5542,0.5821,0.6061,0.6084,0.0023,0.0713,0.0807,1.132,-0.0718,0.0
all,periop_infection,ALT,Gaussian_trunc,21401,1526,0.5365,0.5225,0.5505,0.6061,0.6068,0.0007,0.0713,0.074,1.038,-0.1035,0.0
all,periop_infection,ALT,NORMA_334f7e21,21694,1533,0.6428,0.6287,0.6569,0.6029,0.653,0.05,0.0707,0.1123,1.589,0.0043,0.047917
all,periop_infection,ALT,NORMA_q_age,21694,1533,0.6388,0.6247,0.6529,0.6029,0.6503,0.0474,0.0707,0.1106,1.565,0.0003,0.903714
all,periop_infection,ALT,NORMA_q_age_set,21694,1533,0.6385,0.6243,0.6527,0.6029,0.6525,0.0495,0.0707,0.1119,1.583,,
all,periop_infection,ALT,NORMA_q_age_set_co,21694,1533,0.64,0.6258,0.6542,0.6029,0.6535,0.0506,0.0707,0.1102,1.559,0.0015,0.602789
all,periop_infection,ALT,PerRI,21635,1532,0.4931,0.4792,0.5069,0.5962,0.5986,0.0024,0.0708,0.0659,0.931,-0.1466,0.0
all,periop_infection,ALT,PopRI,21694,1533,0.6125,0.598,0.627,0.6029,0.6517,0.0488,0.0707,0.0989,1.4,-0.026,2.2e-05
all,periop_infection,AST,Cohen_m2,21748,1533,0.6539,0.64,0.6678,0.6103,0.6882,0.0779,0.0705,0.1147,1.627,0.004,0.503008
all,periop_infection,AST,Cohen_m3,21748,1533,0.63,0.6158,0.6442,0.6103,0.6646,0.0543,0.0705,0.1043,1.479,-0.0199,0.007887
all,periop_infection,AST,Cohen_m4,21748,1533,0.6359,0.622,0.6497,0.6103,0.6677,0.0573,0.0705,0.1045,1.482,-0.014,0.030483
all,periop_infection,AST,Gaussian_eb,21748,1533,0.6258,0.6117,0.6399,0.6103,0.6544,0.0441,0.0705,0.1004,1.425,-0.0241,6e-06
all,periop_infection,AST,Gaussian_mle,21668,1527,0.5963,0.5822,0.6104,0.6044,0.6173,0.0128,0.0705,0.0884,1.254,-0.0542,0.0
all,periop_infection,AST,Gaussian_trunc,21668,1527,0.5483,0.5337,0.5628,0.6044,0.6082,0.0038,0.0705,0.0784,1.112,-0.1022,0.0
all,periop_infection,AST,NORMA_334f7e21,21748,1533,0.6559,0.6419,0.6698,0.6103,0.6613,0.051,0.0705,0.116,1.645,0.006,0.0017
all,periop_infection,AST,NORMA_q_age,21748,1533,0.6511,0.637,0.6651,0.6103,0.6595,0.0492,0.0705,0.1132,1.605,0.0012,0.537372
all,periop_infection,AST,NORMA_q_age_set,21748,1533,0.6499,0.6358,0.664,0.6103,0.6614,0.0511,0.0705,0.1134,1.609,,
all,periop_infection,AST,NORMA_q_age_set_co,21748,1533,0.6567,0.6427,0.6707,0.6103,0.6648,0.0545,0.0705,0.1168,1.656,0.0068,0.005138
all,periop_infection,AST,PerRI,21716,1531,0.5104,0.4963,0.5244,0.604,0.603,-0.001,0.0705,0.0701,0.994,-0.1394,0.0
all,periop_infection,AST,PopRI,21748,1533,0.6433,0.6289,0.6576,0.6103,0.6818,0.0715,0.0705,0.1127,1.599,-0.0066,0.316821
all,periop_infection,BUN,Cohen_m2,25387,1590,0.7143,0.7008,0.7278,0.6199,0.7287,0.1088,0.0626,0.1475,2.355,0.0219,0.000109
all,periop_infection,BUN,Cohen_m3,25387,1590,0.7114,0.6977,0.7252,0.6199,0.7283,0.1084,0.0626,0.1539,2.457,0.019,0.000315
all,periop_infection,BUN,Cohen_m4,25387,1590,0.7147,0.7012,0.7283,0.6199,0.7355,0.1155,0.0626,0.1518,2.423,0.0223,3.8e-05
all,periop_infection,BUN,Gaussian_eb,25387,1590,0.6966,0.6826,0.7106,0.6199,0.7192,0.0993,0.0626,0.1461,2.333,0.0042,0.343507
all,periop_infection,BUN,Gaussian_mle,24998,1576,0.6645,0.6504,0.6786,0.6287,0.6851,0.0563,0.063,0.1162,1.844,-0.0284,0.0
all,periop_infection,BUN,Gaussian_trunc,24998,1576,0.5761,0.5612,0.5909,0.6287,0.645,0.0162,0.063,0.0871,1.382,-0.1169,0.0
all,periop_infection,BUN,NORMA_334f7e21,25387,1590,0.6994,0.6855,0.7133,0.6199,0.7145,0.0945,0.0626,0.1375,2.195,0.007,2e-05
all,periop_infection,BUN,NORMA_q_age,25387,1590,0.6998,0.686,0.7137,0.6199,0.7146,0.0947,0.0626,0.1387,2.214,0.0074,8e-06
all,periop_infection,BUN,NORMA_q_age_set,25387,1590,0.6924,0.6784,0.7065,0.6199,0.7106,0.0907,0.0626,0.1369,2.186,,
all,periop_infection,BUN,NORMA_q_age_set_co,25387,1590,0.6935,0.6795,0.7074,0.6199,0.7101,0.0902,0.0626,0.133,2.123,0.0011,0.61954
all,periop_infection,BUN,PerRI,25324,1586,0.5071,0.4934,0.5207,0.601,0.6009,-0.0002,0.0626,0.0686,1.095,-0.1858,0.0
all,periop_infection,BUN,PopRI,25387,1590,0.6904,0.6763,0.7046,0.6199,0.7238,0.1038,0.0626,0.1392,2.223,-0.002,0.655365
all,periop_infection,CA,Cohen_m2,25179,1618,0.6579,0.6441,0.6718,0.631,0.714,0.0831,0.0643,0.1114,1.734,-0.0317,0.0
all,periop_infection,CA,Cohen_m3,25179,1618,0.6796,0.6659,0.6933,0.631,0.7225,0.0915,0.0643,0.1252,1.948,-0.0101,0.017223
all,periop_infection,CA,Cohen_m4,25179,1618,0.6803,0.6666,0.694,0.631,0.7191,0.0881,0.0643,0.1275,1.984,-0.0094,0.016428
all,periop_infection,CA,Gaussian_eb,25179,1618,0.6649,0.6512,0.6786,0.631,0.7031,0.0721,0.0643,0.118,1.836,-0.0248,0.0
all,periop_infection,CA,Gaussian_mle,24724,1598,0.6268,0.6133,0.6402,0.6218,0.638,0.0162,0.0646,0.0903,1.397,-0.0631,0.0
all,periop_infection,CA,Gaussian_trunc,24724,1598,0.5499,0.5361,0.5638,0.6218,0.6215,-0.0003,0.0646,0.0712,1.102,-0.1399,0.0
all,periop_infection,CA,NORMA_334f7e21,25179,1618,0.6907,0.6769,0.7045,0.631,0.7232,0.0923,0.0643,0.1371,2.133,0.0011,0.518846
all,periop_infection,CA,NORMA_q_age,25179,1618,0.6935,0.6797,0.7072,0.631,0.7236,0.0926,0.0643,0.1386,2.156,0.0038,0.011356
all,periop_infection,CA,NORMA_q_age_set,25179,1618,0.6897,0.6758,0.7035,0.631,0.7188,0.0879,0.0643,0.1358,2.113,,
all,periop_infection,CA,NORMA_q_age_set_co,25179,1618,0.6849,0.6712,0.6986,0.631,0.7154,0.0844,0.0643,0.1308,2.036,-0.0048,0.012231
all,periop_infection,CA,PerRI,25159,1618,0.558,0.5446,0.5714,0.6118,0.6142,0.0024,0.0643,0.0721,1.121,-0.1316,0.0
all,periop_infection,CA,PopRI,25179,1618,0.6774,0.6639,0.691,0.631,0.7136,0.0827,0.0643,0.1211,1.885,-0.0122,0.000765
all,periop_infection,CL,Cohen_m2,26586,1615,0.6651,0.6508,0.6794,0.6126,0.691,0.0784,0.0607,0.1229,2.024,-0.0283,0.0
all,periop_infection,CL,Cohen_m3,26586,1615,0.6688,0.6546,0.683,0.6126,0.6884,0.0757,0.0607,0.1267,2.086,-0.0246,0.0
all,periop_infection,CL,Cohen_m4,26586,1615,0.6667,0.6524,0.681,0.6126,0.6851,0.0725,0.0607,0.1245,2.05,-0.0266,0.0
all,periop_infection,CL,Gaussian_eb,26586,1615,0.684,0.6701,0.698,0.6126,0.7006,0.088,0.0607,0.1327,2.185,-0.0093,0.003511
all,periop_infection,CL,Gaussian_mle,26083,1599,0.653,0.6394,0.6665,0.6102,0.6592,0.049,0.0613,0.0974,1.589,-0.0407,0.0
all,periop_infection,CL,Gaussian_trunc,26083,1599,0.5604,0.5463,0.5745,0.6102,0.6126,0.0024,0.0613,0.0723,1.179,-0.1333,0.0
all,periop_infection,CL,NORMA_334f7e21,26586,1615,0.6966,0.6828,0.7104,0.6126,0.7146,0.102,0.0607,0.1366,2.248,0.0033,0.019662
all,periop_infection,CL,NORMA_q_age,26586,1615,0.6913,0.6775,0.7052,0.6126,0.71,0.0973,0.0607,0.1304,2.147,-0.002,0.158517
all,periop_infection,CL,NORMA_q_age_set,26586,1615,0.6934,0.6795,0.7072,0.6126,0.7113,0.0986,0.0607,0.1365,2.247,,
all,periop_infection,CL,NORMA_q_age_set_co,26586,1615,0.6927,0.679,0.7064,0.6126,0.7069,0.0943,0.0607,0.1298,2.137,-0.0007,0.74889
all,periop_infection,CL,PerRI,26568,1614,0.5008,0.4875,0.5141,0.6367,0.6391,0.0024,0.0607,0.0612,1.007,-0.1931,0.0
all,periop_infection,CL,PopRI,26586,1615,0.6824,0.6687,0.6961,0.6126,0.6998,0.0871,0.0607,0.1196,1.969,-0.0109,0.000857
all,periop_infection,CO2,Cohen_m2,11015,1168,0.6282,0.6108,0.6457,0.5842,0.6582,0.0741,0.106,0.1791,1.689,0.0042,0.536626
all,periop_infection,CO2,Cohen_m3,11015,1168,0.6179,0.6001,0.6356,0.5842,0.6477,0.0635,0.106,0.1796,1.694,-0.0062,0.281678
all,periop_infection,CO2,Cohen_m4,11015,1168,0.6215,0.604,0.6391,0.5842,0.6504,0.0663,0.106,0.1772,1.672,-0.0025,0.653993
all,periop_infection,CO2,Gaussian_eb,11015,1168,0.6361,0.6186,0.6536,0.5842,0.6596,0.0754,0.106,0.1834,1.73,0.0121,0.009556
all,periop_infection,CO2,Gaussian_mle,10881,1158,0.5943,0.5772,0.6114,0.6191,0.6399,0.0208,0.1064,0.1343,1.262,-0.0312,0.0
all,periop_infection,CO2,Gaussian_trunc,10881,1158,0.528,0.5105,0.5454,0.6191,0.6232,0.004,0.1064,0.1144,1.075,-0.0976,0.0
all,periop_infection,CO2,NORMA_334f7e21,11015,1168,0.6316,0.6141,0.6492,0.5842,0.6473,0.0632,0.106,0.1703,1.606,0.0076,9.7e-05
all,periop_infection,CO2,NORMA_q_age,11015,1168,0.6278,0.6102,0.6454,0.5842,0.6431,0.059,0.106,0.1666,1.571,0.0037,0.040996
all,periop_infection,CO2,NORMA_q_age_set,11015,1168,0.624,0.6065,0.6416,0.5842,0.6398,0.0556,0.106,0.1617,1.525,,
all,periop_infection,CO2,NORMA_q_age_set_co,11015,1168,0.6146,0.597,0.6321,0.5842,0.6325,0.0483,0.106,0.1572,1.483,-0.0095,0.00013
all,periop_infection,CO2,PerRI,11000,1166,0.4728,0.4557,0.4898,0.6062,0.6061,-0.0001,0.106,0.1007,0.95,-0.1521,0.0
all,periop_infection,CO2,PopRI,11015,1168,0.6346,0.6172,0.652,0.5842,0.6579,0.0737,0.106,0.1697,1.6,0.0106,0.02317
all,periop_infection,CRE,Cohen_m2,36501,1666,0.718,0.7049,0.731,0.6312,0.7273,0.0961,0.0456,0.1215,2.662,0.0107,0.064938
all,periop_infection,CRE,Cohen_m3,36501,1666,0.718,0.7047,0.7313,0.6312,0.7282,0.097,0.0456,0.1276,2.795,0.0108,0.069666
all,periop_infection,CRE,Cohen_m4,36501,1666,0.6979,0.6842,0.7117,0.6312,0.724,0.0928,0.0456,0.1156,2.532,-0.0093,0.095787
all,periop_infection,CRE,Gaussian_eb,36501,1666,0.7222,0.7097,0.7348,0.6312,0.7208,0.0896,0.0456,0.1077,2.359,0.015,0.000166
all,periop_infection,CRE,Gaussian_mle,35747,1627,0.6636,0.6508,0.6763,0.6437,0.6821,0.0385,0.0455,0.0749,1.645,-0.046,0.0
all,periop_infection,CRE,Gaussian_trunc,35747,1627,0.5657,0.553,0.5783,0.6437,0.6397,-0.0039,0.0455,0.0501,1.1,-0.1439,0.0
all,periop_infection,CRE,NORMA_334f7e21,36501,1666,0.7103,0.6976,0.7231,0.6312,0.7084,0.0772,0.0456,0.1081,2.369,0.0031,0.116733
all,periop_infection,CRE,NORMA_q_age,36501,1666,0.7084,0.6956,0.7212,0.6312,0.7096,0.0784,0.0456,0.1074,2.352,0.0012,0.522714
all,periop_infection,CRE,NORMA_q_age_set,36501,1666,0.7072,0.6944,0.72,0.6312,0.7074,0.0761,0.0456,0.1061,2.324,,
all,periop_infection,CRE,NORMA_q_age_set_co,36501,1666,0.709,0.6963,0.7217,0.6312,0.7077,0.0764,0.0456,0.1052,2.306,0.0018,0.430765
all,periop_infection,CRE,PerRI,36318,1654,0.6177,0.6037,0.6317,0.6509,0.6786,0.0277,0.0455,0.0741,1.626,-0.0896,0.0
all,periop_infection,CRE,PopRI,36501,1666,0.702,0.6888,0.7152,0.6312,0.7222,0.0909,0.0456,0.1084,2.375,-0.0052,0.281074
all,periop_infection,GLU,Cohen_m2,30550,1600,0.6256,0.6116,0.6395,0.6082,0.6369,0.0287,0.0524,0.0856,1.634,-0.027,0.0
all,periop_infection,GLU,Cohen_m3,30550,1600,0.6108,0.5971,0.6244,0.6082,0.6334,0.0252,0.0524,0.0701,1.339,-0.0418,0.0
all,periop_infection,GLU,Cohen_m4,30550,1600,0.6088,0.5954,0.6223,0.6082,0.6336,0.0254,0.0524,0.0685,1.307,-0.0438,0.0
all,periop_infection,GLU,Gaussian_eb,30550,1600,0.6373,0.623,0.6515,0.6082,0.6445,0.0363,0.0524,0.1031,1.968,-0.0153,9.9e-05
all,periop_infection,GLU,Gaussian_mle,28673,1529,0.6334,0.619,0.6478,0.6161,0.6604,0.0443,0.0533,0.0841,1.577,-0.0229,0.0
all,periop_infection,GLU,Gaussian_trunc,28673,1529,0.6021,0.5877,0.6166,0.6161,0.6442,0.0281,0.0533,0.0724,1.357,-0.0541,0.0
all,periop_infection,GLU,NORMA_334f7e21,30550,1600,0.6512,0.6373,0.665,0.6082,0.6718,0.0636,0.0524,0.0881,1.683,-0.0014,0.483536
all,periop_infection,GLU,NORMA_q_age,30550,1600,0.6593,0.6455,0.6731,0.6082,0.6771,0.0689,0.0524,0.0935,1.785,0.0067,0.001809
all,periop_infection,GLU,NORMA_q_age_set,30550,1600,0.6526,0.6386,0.6666,0.6082,0.6734,0.0652,0.0524,0.0905,1.727,,
all,periop_infection,GLU,NORMA_q_age_set_co,30550,1600,0.6408,0.6269,0.6548,0.6082,0.6643,0.0561,0.0524,0.0865,1.652,-0.0117,0.0
all,periop_infection,GLU,PerRI,30534,1600,0.5014,0.4883,0.5144,0.6149,0.6163,0.0014,0.0524,0.0489,0.934,-0.1514,0.0
all,periop_infection,GLU,PopRI,30550,1600,0.6223,0.6085,0.6361,0.6082,0.6382,0.03,0.0524,0.0776,1.481,-0.0303,0.0
all,periop_infection,HCT,Cohen_m2,37050,1745,0.7025,0.6893,0.7157,0.6313,0.7335,0.1022,0.0471,0.1302,2.764,0.0457,0.0
all,periop_infection,HCT,Cohen_m3,37050,1745,0.6885,0.6752,0.7018,0.6313,0.7257,0.0944,0.0471,0.109,2.314,0.0317,0.0
all,periop_infection,HCT,Cohen_m4,37050,1745,0.6953,0.6821,0.7084,0.6313,0.7333,0.102,0.0471,0.1132,2.404,0.0385,0.0
all,periop_infection,HCT,Gaussian_eb,37050,1745,0.7168,0.7039,0.7297,0.6313,0.7372,0.1059,0.0471,0.1313,2.788,0.06,0.0
all,periop_infection,HCT,Gaussian_mle,34365,1643,0.6992,0.6862,0.7123,0.6214,0.7047,0.0833,0.0478,0.1015,2.123,0.0391,0.0
all,periop_infection,HCT,Gaussian_trunc,34365,1643,0.6274,0.6125,0.6423,0.6214,0.6563,0.0349,0.0478,0.0851,1.779,-0.0327,0.000292
all,periop_infection,HCT,NORMA_334f7e21,37050,1745,0.6666,0.6541,0.679,0.6313,0.6915,0.0602,0.0471,0.0802,1.703,0.0098,5e-06
all,periop_infection,HCT,NORMA_q_age,37050,1745,0.6607,0.6482,0.6732,0.6313,0.6839,0.0526,0.0471,0.0772,1.64,0.0039,0.068384
all,periop_infection,HCT,NORMA_q_age_set,37050,1745,0.6568,0.6442,0.6694,0.6313,0.6887,0.0574,0.0471,0.0789,1.675,,
all,periop_infection,HCT,NORMA_q_age_set_co,37050,1745,0.6474,0.6346,0.6602,0.6313,0.6801,0.0488,0.0471,0.076,1.613,-0.0094,0.000165
all,periop_infection,HCT,PerRI,36993,1743,0.4956,0.4836,0.5076,0.6281,0.6324,0.0043,0.0471,0.043,0.912,-0.162,0.0
all,periop_infection,HCT,PopRI,37050,1745,0.7157,0.7028,0.7286,0.6313,0.7363,0.105,0.0471,0.126,2.674,0.0589,0.0
all,periop_infection,HGB,Cohen_m2,31437,1720,0.6946,0.6815,0.7076,0.6173,0.7209,0.1036,0.0547,0.1188,2.171,0.0395,0.0
all,periop_infection,HGB,Cohen_m3,31437,1720,0.7011,0.6879,0.7142,0.6173,0.7199,0.1026,0.0547,0.1259,2.3,0.0461,0.0
all,periop_infection,HGB,Cohen_m4,31437,1720,0.6979,0.6847,0.7111,0.6173,0.7181,0.1008,0.0547,0.1244,2.273,0.0429,0.0
all,periop_infection,HGB,Gaussian_eb,31437,1720,0.7101,0.6977,0.7225,0.6173,0.7133,0.096,0.0547,0.1283,2.344,0.0551,0.0
all,periop_infection,HGB,Gaussian_mle,29417,1635,0.6844,0.6719,0.697,0.6205,0.6771,0.0566,0.0556,0.0967,1.739,0.0314,0.0
all,periop_infection,HGB,Gaussian_trunc,29417,1635,0.6507,0.6376,0.6639,0.6205,0.6536,0.0331,0.0556,0.0859,1.545,-0.0023,0.739202
all,periop_infection,HGB,NORMA_334f7e21,31437,1720,0.6664,0.6539,0.6788,0.6173,0.6869,0.0696,0.0547,0.0912,1.667,0.0113,0.0
all,periop_infection,HGB,NORMA_q_age,31437,1720,0.666,0.6536,0.6783,0.6173,0.6858,0.0685,0.0547,0.0908,1.659,0.011,1e-06
all,periop_infection,HGB,NORMA_q_age_set,31437,1720,0.655,0.6425,0.6675,0.6173,0.6814,0.0641,0.0547,0.0894,1.635,,
all,periop_infection,HGB,NORMA_q_age_set_co,31437,1720,0.6233,0.6104,0.6362,0.6173,0.6612,0.0439,0.0547,0.0803,1.468,-0.0317,0.0
all,periop_infection,HGB,PerRI,31390,1720,0.513,0.5009,0.5252,0.618,0.6228,0.0048,0.0548,0.0528,0.964,-0.1416,0.0
all,periop_infection,HGB,PopRI,31437,1720,0.7224,0.7097,0.7352,0.6173,0.7282,0.1109,0.0547,0.1442,2.635,0.0674,0.0
all,periop_infection,K,Cohen_m2,34278,1700,0.6967,0.6836,0.7098,0.6267,0.7146,0.0879,0.0496,0.1115,2.249,0.0081,0.115107
all,periop_infection,K,Cohen_m3,34278,1700,0.7084,0.6953,0.7215,0.6267,0.7242,0.0975,0.0496,0.1202,2.425,0.0197,2.8e-05
all,periop_infection,K,Cohen_m4,34278,1700,0.7087,0.6955,0.7219,0.6267,0.7223,0.0956,0.0496,0.1222,2.463,0.0201,5e-06
all,periop_infection,K,Gaussian_eb,34278,1700,0.6847,0.6719,0.6976,0.6267,0.7063,0.0796,0.0496,0.0948,1.912,-0.0039,0.346456
all,periop_infection,K,Gaussian_mle,34063,1697,0.6152,0.6029,0.6274,0.6307,0.6465,0.0158,0.0498,0.0632,1.269,-0.0745,0.0
all,periop_infection,K,Gaussian_trunc,34063,1697,0.513,0.4998,0.5263,0.6307,0.631,0.0003,0.0498,0.0508,1.019,-0.1766,0.0
all,periop_infection,K,NORMA_334f7e21,34278,1700,0.6914,0.6783,0.7045,0.6267,0.7142,0.0875,0.0496,0.1065,2.147,0.0027,0.080719
all,periop_infection,K,NORMA_q_age,34278,1700,0.6892,0.6761,0.7023,0.6267,0.7125,0.0858,0.0496,0.1017,2.05,0.0006,0.728655
all,periop_infection,K,NORMA_q_age_set,34278,1700,0.6886,0.6754,0.7019,0.6267,0.7135,0.0868,0.0496,0.1055,2.127,,
all,periop_infection,K,NORMA_q_age_set_co,34278,1700,0.6856,0.6724,0.6987,0.6267,0.7147,0.088,0.0496,0.0987,1.99,-0.0031,0.098594
all,periop_infection,K,PerRI,34267,1700,0.5474,0.535,0.5598,0.6221,0.6209,-0.0012,0.0496,0.052,1.048,-0.1412,0.0
all,periop_infection,K,PopRI,34278,1700,0.6931,0.6797,0.7064,0.6267,0.723,0.0963,0.0496,0.1061,2.14,0.0044,0.299924
all,periop_infection,NA,Cohen_m2,33857,1695,0.7044,0.6915,0.7173,0.6282,0.7271,0.0989,0.0501,0.1092,2.18,-0.0021,0.628954
all,periop_infection,NA,Cohen_m3,33857,1695,0.7121,0.6993,0.7249,0.6282,0.7291,0.1009,0.0501,0.1188,2.372,0.0056,0.14446
all,periop_infection,NA,Cohen_m4,33857,1695,0.707,0.6939,0.7201,0.6282,0.7298,0.1016,0.0501,0.1225,2.447,0.0005,0.911849
all,periop_infection,NA,Gaussian_eb,33857,1695,0.6969,0.6844,0.7094,0.6282,0.7205,0.0923,0.0501,0.0957,1.912,-0.0096,0.004969
all,periop_infection,NA,Gaussian_mle,33286,1663,0.6685,0.656,0.681,0.6327,0.6869,0.0542,0.05,0.0818,1.636,-0.0388,0.0
all,periop_infection,NA,Gaussian_trunc,33286,1663,0.5882,0.5748,0.6016,0.6327,0.6446,0.0119,0.05,0.0658,1.316,-0.1191,0.0
all,periop_infection,NA,NORMA_334f7e21,33857,1695,0.7067,0.6941,0.7193,0.6282,0.7208,0.0927,0.0501,0.1056,2.109,0.0002,0.881836
all,periop_infection,NA,NORMA_q_age,33857,1695,0.7052,0.6924,0.7179,0.6282,0.7208,0.0926,0.0501,0.1068,2.133,-0.0014,0.252471
all,periop_infection,NA,NORMA_q_age_set,33857,1695,0.7065,0.6939,0.7192,0.6282,0.7234,0.0952,0.0501,0.1059,2.116,,
all,periop_infection,NA,NORMA_q_age_set_co,33857,1695,0.7059,0.6933,0.7185,0.6282,0.7227,0.0946,0.0501,0.1055,2.108,-0.0006,0.651227
all,periop_infection,NA,PerRI,33831,1693,0.5173,0.5054,0.5293,0.6234,0.6194,-0.004,0.05,0.0486,0.971,-0.1892,0.0
all,periop_infection,NA,PopRI,33857,1695,0.6977,0.6851,0.7103,0.6282,0.7221,0.0939,0.0501,0.1004,2.006,-0.0089,0.019328
all,periop_infection,Overall,Cohen_m2,49990,1899,0.6943,0.6827,0.7059,0.6344,0.7021,0.0678,0.038,0.08,2.107,-0.0193,0.0
all,periop_infection,Overall,Cohen_m3,49990,1899,0.6842,0.6727,0.6957,0.6344,0.6985,0.0642,0.038,0.0667,1.755,-0.0294,0.0
all,periop_infection,Overall,Cohen_m4,49990,1899,0.6854,0.6741,0.6967,0.6344,0.6972,0.0629,0.038,0.0655,1.725,-0.0282,0.0
all,periop_infection,Overall,Gaussian_eb,49990,1899,0.704,0.6923,0.7157,0.6344,0.7104,0.076,0.038,0.0957,2.519,-0.0096,0.003066
all,periop_infection,Overall,Gaussian_mle,49651,1897,0.6938,0.6821,0.7055,0.6391,0.7059,0.0668,0.0382,0.074,1.936,-0.0201,0.0
all,periop_infection,Overall,Gaussian_trunc,49651,1897,0.6718,0.6603,0.6833,0.6391,0.6924,0.0533,0.0382,0.065,1.701,-0.0421,0.0
all,periop_infection,Overall,NORMA_334f7e21,49990,1899,0.7133,0.7017,0.7249,0.6344,0.7253,0.091,0.038,0.0811,2.134,-0.0004,0.807469
all,periop_infection,Overall,NORMA_q_age,49990,1899,0.7146,0.7029,0.7263,0.6344,0.7276,0.0933,0.038,0.0839,2.209,0.001,0.510801
all,periop_infection,Overall,NORMA_q_age_set,49990,1899,0.7136,0.702,0.7253,0.6344,0.7262,0.0918,0.038,0.0836,2.201,,
all,periop_infection,Overall,NORMA_q_age_set_co,49990,1899,0.7047,0.693,0.7163,0.6344,0.7191,0.0847,0.038,0.0783,2.061,-0.009,0.0
all,periop_infection,Overall,PerRI,49965,1898,0.5754,0.564,0.5868,0.6402,0.6557,0.0155,0.038,0.0459,1.209,-0.1385,0.0
all,periop_infection,Overall,PopRI,49990,1899,0.6961,0.6846,0.7076,0.6344,0.705,0.0706,0.038,0.0741,1.951,-0.0175,0.0
all,periop_infection,PLT,Cohen_m2,29222,1672,0.6112,0.5983,0.624,0.6256,0.6526,0.0271,0.0572,0.0758,1.325,-0.0431,0.0
all,periop_infection,PLT,Cohen_m3,29222,1672,0.6412,0.6275,0.655,0.6256,0.6793,0.0537,0.0572,0.0954,1.668,-0.013,0.041113
all,periop_infection,PLT,Cohen_m4,29222,1672,0.6713,0.6574,0.6851,0.6256,0.6978,0.0722,0.0572,0.1291,2.256,0.017,0.005105
all,periop_infection,PLT,Gaussian_eb,29222,1672,0.5755,0.5619,0.5891,0.6256,0.6347,0.0092,0.0572,0.0703,1.229,-0.0788,0.0
all,periop_infection,PLT,Gaussian_mle,28848,1657,0.5344,0.521,0.5479,0.6397,0.6401,0.0004,0.0574,0.0604,1.052,-0.1199,0.0
all,periop_infection,PLT,Gaussian_trunc,28848,1657,0.4844,0.4707,0.4982,0.6397,0.6414,0.0017,0.0574,0.0545,0.949,-0.17,0.0
all,periop_infection,PLT,NORMA_334f7e21,29222,1672,0.6447,0.6312,0.6581,0.6256,0.6662,0.0407,0.0572,0.0885,1.546,-0.0096,5e-05
all,periop_infection,PLT,NORMA_q_age,29222,1672,0.6437,0.6304,0.6571,0.6256,0.6631,0.0375,0.0572,0.0873,1.526,-0.0105,4e-06
all,periop_infection,PLT,NORMA_q_age_set,29222,1672,0.6543,0.6408,0.6678,0.6256,0.6729,0.0474,0.0572,0.0935,1.634,,
all,periop_infection,PLT,NORMA_q_age_set_co,29222,1672,0.64,0.6264,0.6536,0.6256,0.6624,0.0368,0.0572,0.0875,1.529,-0.0142,1e-06
all,periop_infection,PLT,PerRI,29139,1669,0.4392,0.4256,0.4528,0.6281,0.6415,0.0133,0.0573,0.0489,0.854,-0.2152,0.0
all,periop_infection,PLT,PopRI,29222,1672,0.6582,0.6441,0.6722,0.6256,0.6919,0.0663,0.0572,0.1272,2.224,0.0039,0.569009
all,periop_infection,TBIL,Cohen_m2,24126,1571,0.581,0.5662,0.5959,0.623,0.6315,0.0085,0.0651,0.0962,1.477,-0.043,0.0
all,periop_infection,TBIL,Cohen_m3,24126,1571,0.6078,0.5934,0.6223,0.623,0.6487,0.0257,0.0651,0.0985,1.512,-0.0162,0.007966
all,periop_infection,TBIL,Cohen_m4,24126,1571,0.597,0.582,0.612,0.623,0.6454,0.0223,0.0651,0.1023,1.571,-0.027,1e-06
all,periop_infection,TBIL,Gaussian_eb,24126,1571,0.5903,0.5753,0.6053,0.623,0.6428,0.0198,0.0651,0.0952,1.463,-0.0337,0.0
all,periop_infection,TBIL,Gaussian_mle,23750,1555,0.5874,0.5726,0.6023,0.634,0.6454,0.0114,0.0655,0.0877,1.34,-0.0365,0.0
all,periop_infection,TBIL,Gaussian_trunc,23750,1555,0.5661,0.5518,0.5803,0.634,0.6378,0.0038,0.0655,0.0761,1.163,-0.0579,0.0
all,periop_infection,TBIL,NORMA_334f7e21,24126,1571,0.6325,0.6184,0.6465,0.623,0.6586,0.0355,0.0651,0.1052,1.615,0.0085,2.9e-05
all,periop_infection,TBIL,NORMA_q_age,24126,1571,0.6287,0.6146,0.6429,0.623,0.6563,0.0332,0.0651,0.1045,1.605,0.0047,0.017576
all,periop_infection,TBIL,NORMA_q_age_set,24126,1571,0.624,0.6097,0.6383,0.623,0.6546,0.0316,0.0651,0.1028,1.578,,
all,periop_infection,TBIL,NORMA_q_age_set_co,24126,1571,0.6281,0.6139,0.6422,0.623,0.6588,0.0358,0.0651,0.1031,1.583,0.004,0.095093
all,periop_infection,TBIL,PerRI,24023,1566,0.5848,0.5705,0.5991,0.6131,0.6248,0.0117,0.0652,0.0832,1.277,-0.039,0.0
all,periop_infection,TBIL,PopRI,24126,1571,0.6365,0.6234,0.6496,0.623,0.666,0.043,0.0651,0.0975,1.497,0.0125,0.041371
all,periop_infection,TP,Cohen_m2,24293,1585,0.6553,0.6408,0.6697,0.6256,0.6816,0.056,0.0652,0.1254,1.922,-0.0381,0.0
all,periop_infection,TP,Cohen_m3,24293,1585,0.6635,0.649,0.678,0.6256,0.6891,0.0636,0.0652,0.1332,2.041,-0.0299,0.0
all,periop_infection,TP,Cohen_m4,24293,1585,0.6564,0.6419,0.671,0.6256,0.6805,0.0549,0.0652,0.1295,1.985,-0.037,0.0
all,periop_infection,TP,Gaussian_eb,24293,1585,0.6504,0.6362,0.6646,0.6256,0.6796,0.054,0.0652,0.1123,1.722,-0.043,0.0
all,periop_infection,TP,Gaussian_mle,24046,1568,0.6421,0.6284,0.6557,0.6163,0.6442,0.028,0.0652,0.0965,1.48,-0.0513,0.0
all,periop_infection,TP,Gaussian_trunc,24046,1568,0.5655,0.5513,0.5797,0.6163,0.6191,0.0028,0.0652,0.0755,1.158,-0.1279,0.0
all,periop_infection,TP,NORMA_334f7e21,24293,1585,0.6835,0.6696,0.6975,0.6256,0.6997,0.0742,0.0652,0.1379,2.114,-0.0099,3e-06
all,periop_infection,TP,NORMA_q_age,24293,1585,0.6919,0.6779,0.7058,0.6256,0.7061,0.0806,0.0652,0.1445,2.215,-0.0015,0.414652
all,periop_infection,TP,NORMA_q_age_set,24293,1585,0.6934,0.6795,0.7073,0.6256,0.7073,0.0817,0.0652,0.1471,2.255,,
all,periop_infection,TP,NORMA_q_age_set_co,24293,1585,0.6917,0.6777,0.7057,0.6256,0.7066,0.081,0.0652,0.1483,2.273,-0.0017,0.442608
all,periop_infection,TP,PerRI,24287,1584,0.5173,0.5041,0.5306,0.6226,0.6229,0.0004,0.0652,0.0634,0.973,-0.1762,0.0
all,periop_infection,TP,PopRI,24293,1585,0.6764,0.6626,0.6902,0.6256,0.693,0.0674,0.0652,0.1326,2.033,-0.017,8.6e-05
all,periop_infection,WBC,Cohen_m2,29418,1674,0.6503,0.6367,0.6638,0.6189,0.6852,0.0662,0.0569,0.1075,1.889,-0.0396,0.0
all,periop_infection,WBC,Cohen_m3,29418,1674,0.6626,0.6489,0.6763,0.6189,0.6951,0.0762,0.0569,0.1165,2.047,-0.0273,2e-06
all,periop_infection,WBC,Cohen_m4,29418,1674,0.6802,0.6666,0.6938,0.6189,0.7128,0.0938,0.0569,0.1275,2.24,-0.0096,0.053124
all,periop_infection,WBC,Gaussian_eb,29418,1674,0.6784,0.6649,0.692,0.6189,0.7096,0.0907,0.0569,0.1151,2.023,-0.0115,0.001309
all,periop_infection,WBC,Gaussian_mle,29128,1664,0.6504,0.6374,0.6635,0.631,0.6719,0.0409,0.0571,0.0876,1.533,-0.0395,0.0
all,periop_infection,WBC,Gaussian_trunc,29128,1664,0.5987,0.5856,0.6118,0.631,0.642,0.011,0.0571,0.0721,1.263,-0.0912,0.0
all,periop_infection,WBC,NORMA_334f7e21,29418,1674,0.6957,0.6824,0.709,0.6189,0.7229,0.104,0.0569,0.1283,2.255,0.0058,0.000262
all,periop_infection,WBC,NORMA_q_age,29418,1674,0.6951,0.6818,0.7085,0.6189,0.7213,0.1023,0.0569,0.1277,2.243,0.0052,0.000929
all,periop_infection,WBC,NORMA_q_age_set,29418,1674,0.6899,0.6766,0.7032,0.6189,0.7164,0.0975,0.0569,0.1248,2.193,,
all,periop_infection,WBC,NORMA_q_age_set_co,29418,1674,0.6946,0.6814,0.7079,0.6189,0.72,0.1011,0.0569,0.1246,2.189,0.0047,0.024018
all,periop_infection,WBC,PerRI,29410,1674,0.5446,0.5314,0.5577,0.6186,0.622,0.0034,0.0569,0.0634,1.114,-0.1453,0.0
all,periop_infection,WBC,PopRI,29418,1674,0.6779,0.6641,0.6916,0.6189,0.7152,0.0963,0.0569,0.1122,1.972,-0.012,0.002265
all,prolonged_los,A1C,Cohen_m2,269,182,0.4945,0.4179,0.5712,0.4679,0.4434,-0.0245,0.6766,0.6666,0.985,0.0218,0.560542
all,prolonged_los,A1C,Cohen_m3,269,182,0.4979,0.4214,0.5743,0.4679,0.4474,-0.0205,0.6766,0.6687,0.988,0.0251,0.504531
all,prolonged_los,A1C,Cohen_m4,269,182,0.4862,0.4101,0.5623,0.4679,0.4419,-0.026,0.6766,0.6642,0.982,0.0135,0.705119
all,prolonged_los,A1C,Gaussian_eb,269,182,0.49,0.4149,0.5651,0.4679,0.4325,-0.0354,0.6766,0.6638,0.981,0.0173,0.583634
all,prolonged_los,A1C,Gaussian_mle,264,179,0.4847,0.4088,0.5606,0.5247,0.5167,-0.008,0.678,0.6629,0.978,0.0045,0.887983
all,prolonged_los,A1C,Gaussian_trunc,264,179,0.4835,0.4084,0.5585,0.5247,0.4988,-0.0259,0.678,0.6647,0.98,0.0033,0.92275
all,prolonged_los,A1C,NORMA_334f7e21,269,182,0.4557,0.3805,0.5308,0.4679,0.4767,0.0088,0.6766,0.6402,0.946,-0.0171,0.195422
all,prolonged_los,A1C,NORMA_q_age,269,182,0.4682,0.3933,0.5431,0.4679,0.4748,0.0068,0.6766,0.6513,0.963,-0.0045,0.737195
all,prolonged_los,A1C,NORMA_q_age_set,269,182,0.4727,0.398,0.5474,0.4679,0.4489,-0.019,0.6766,0.6671,0.986,,
all,prolonged_los,A1C,NORMA_q_age_set_co,269,182,0.4544,0.3797,0.5291,0.4679,0.4744,0.0065,0.6766,0.6389,0.944,-0.0183,0.194452
all,prolonged_los,A1C,PerRI,266,181,0.4836,0.4066,0.5606,0.4502,0.4645,0.0143,0.6805,0.6569,0.965,0.0119,0.813062
all,prolonged_los,A1C,PopRI,269,182,0.4743,0.401,0.5476,0.4679,0.4307,-0.0372,0.6766,0.6639,0.981,0.0016,0.963282
all,prolonged_los,ALB,Cohen_m2,26021,20589,0.5871,0.5784,0.5959,0.5214,0.5874,0.066,0.7912,0.8244,1.042,-0.0046,0.300907
all,prolonged_los,ALB,Cohen_m3,26021,20589,0.5958,0.5871,0.6044,0.5214,0.588,0.0666,0.7912,0.8316,1.051,0.004,0.164937
all,prolonged_los,ALB,Cohen_m4,26021,20589,0.5957,0.587,0.6043,0.5214,0.5858,0.0644,0.7912,0.8293,1.048,0.0039,0.158617
all,prolonged_los,ALB,Gaussian_eb,26021,20589,0.595,0.5863,0.6037,0.5214,0.5861,0.0647,0.7912,0.828,1.047,0.0033,0.210955
all,prolonged_los,ALB,Gaussian_mle,25644,20257,0.58,0.5713,0.5888,0.5298,0.5769,0.0471,0.7899,0.8246,1.044,-0.0118,5.9e-05
all,prolonged_los,ALB,Gaussian_trunc,25644,20257,0.6032,0.5945,0.612,0.5298,0.602,0.0722,0.7899,0.8337,1.055,0.0114,0.005245
all,prolonged_los,ALB,NORMA_334f7e21,26021,20589,0.6016,0.5929,0.6104,0.5214,0.5979,0.0766,0.7912,0.8307,1.05,0.0099,0.0
all,prolonged_los,ALB,NORMA_q_age,26021,20589,0.5878,0.579,0.5967,0.5214,0.5825,0.0611,0.7912,0.8237,1.041,-0.0039,0.004706
all,prolonged_los,ALB,NORMA_q_age_set,26021,20589,0.5917,0.5829,0.6005,0.5214,0.589,0.0676,0.7912,0.8259,1.044,,
all,prolonged_los,ALB,NORMA_q_age_set_co,26021,20589,0.6023,0.5937,0.611,0.5214,0.5955,0.0741,0.7912,0.8329,1.053,0.0106,0.0
all,prolonged_los,ALB,PerRI,26013,20581,0.5459,0.5373,0.5544,0.5195,0.5406,0.0211,0.7912,0.8146,1.03,-0.046,0.0
all,prolonged_los,ALB,PopRI,26021,20589,0.6331,0.6245,0.6417,0.5214,0.626,0.1046,0.7912,0.8455,1.069,0.0414,0.0
all,prolonged_los,ALP,Cohen_m2,23442,18992,0.5835,0.5745,0.5925,0.522,0.5805,0.0586,0.8102,0.8523,1.052,0.0348,0.0
all,prolonged_los,ALP,Cohen_m3,23442,18992,0.5796,0.5704,0.5889,0.522,0.5774,0.0554,0.8102,0.8465,1.045,0.0309,0.0
all,prolonged_los,ALP,Cohen_m4,23442,18992,0.5785,0.5692,0.5878,0.522,0.5797,0.0577,0.8102,0.8443,1.042,0.0298,0.0
all,prolonged_los,ALP,Gaussian_eb,23442,18992,0.5675,0.5584,0.5766,0.522,0.5658,0.0438,0.8102,0.8447,1.043,0.0188,4e-06
all,prolonged_los,ALP,Gaussian_mle,23252,18843,0.5473,0.5381,0.5565,0.5224,0.5456,0.0233,0.8104,0.8358,1.031,-0.0015,0.71087
all,prolonged_los,ALP,Gaussian_trunc,23252,18843,0.5409,0.5316,0.5501,0.5224,0.5403,0.018,0.8104,0.8326,1.027,-0.008,0.076239
all,prolonged_los,ALP,NORMA_334f7e21,23442,18992,0.5408,0.5315,0.5501,0.522,0.5394,0.0174,0.8102,0.8295,1.024,-0.0079,1e-06
all,prolonged_los,ALP,NORMA_q_age,23442,18992,0.5352,0.5259,0.5446,0.522,0.5336,0.0116,0.8102,0.8263,1.02,-0.0135,0.0
all,prolonged_los,ALP,NORMA_q_age_set,23442,18992,0.5487,0.5395,0.558,0.522,0.5478,0.0259,0.8102,0.8336,1.029,,
all,prolonged_los,ALP,NORMA_q_age_set_co,23442,18992,0.535,0.5257,0.5444,0.522,0.5336,0.0116,0.8102,0.826,1.02,-0.0137,0.0
all,prolonged_los,ALP,PerRI,23326,18904,0.5227,0.5133,0.5321,0.5144,0.5236,0.0092,0.8104,0.8226,1.015,-0.0264,3e-06
all,prolonged_los,ALP,PopRI,23442,18992,0.5508,0.5417,0.5599,0.522,0.5574,0.0355,0.8102,0.8381,1.034,0.0021,0.680053
all,prolonged_los,ALT,Cohen_m2,21694,17448,0.567,0.5572,0.5768,0.5201,0.5565,0.0363,0.8043,0.8313,1.034,0.024,0.0
all,prolonged_los,ALT,Cohen_m3,21694,17448,0.5886,0.579,0.5982,0.5201,0.5813,0.0611,0.8043,0.8464,1.052,0.0455,0.0
all,prolonged_los,ALT,Cohen_m4,21694,17448,0.5824,0.5727,0.5921,0.5201,0.5733,0.0532,0.8043,0.8418,1.047,0.0393,0.0
all,prolonged_los,ALT,Gaussian_eb,21694,17448,0.5543,0.5445,0.5641,0.5201,0.5434,0.0232,0.8043,0.8249,1.026,0.0112,0.002844
all,prolonged_los,ALT,Gaussian_mle,21401,17221,0.5265,0.5166,0.5364,0.5268,0.5268,-0.0001,0.8047,0.8143,1.012,-0.0175,1.3e-05
all,prolonged_los,ALT,Gaussian_trunc,21401,17221,0.5213,0.5115,0.5311,0.5268,0.524,-0.0029,0.8047,0.8128,1.01,-0.0226,1e-06
all,prolonged_los,ALT,NORMA_334f7e21,21694,17448,0.5409,0.5313,0.5506,0.5201,0.534,0.0139,0.8043,0.8241,1.025,-0.0021,0.119185
all,prolonged_los,ALT,NORMA_q_age,21694,17448,0.538,0.5283,0.5476,0.5201,0.5322,0.012,0.8043,0.8213,1.021,-0.0051,0.000353
all,prolonged_los,ALT,NORMA_q_age_set,21694,17448,0.5431,0.5334,0.5527,0.5201,0.5359,0.0158,0.8043,0.8241,1.025,,
all,prolonged_los,ALT,NORMA_q_age_set_co,21694,17448,0.5465,0.5369,0.5562,0.5201,0.5376,0.0174,0.8043,0.8248,1.026,0.0035,0.057238
all,prolonged_los,ALT,PerRI,21635,17398,0.4896,0.4798,0.4995,0.5236,0.5233,-0.0002,0.8042,0.798,0.992,-0.0527,0.0
all,prolonged_los,ALT,PopRI,21694,17448,0.5496,0.54,0.5591,0.5201,0.548,0.0279,0.8043,0.8262,1.027,0.0065,0.12066
all,prolonged_los,AST,Cohen_m2,21748,17440,0.5705,0.5609,0.5802,0.5341,0.5844,0.0503,0.8019,0.8288,1.034,0.0411,0.0
all,prolonged_los,AST,Cohen_m3,21748,17440,0.616,0.6064,0.6255,0.5341,0.6352,0.1011,0.8019,0.8457,1.055,0.0865,0.0
all,prolonged_los,AST,Cohen_m4,21748,17440,0.5901,0.5805,0.5998,0.5341,0.6091,0.075,0.8019,0.8377,1.045,0.0607,0.0
all,prolonged_los,AST,Gaussian_eb,21748,17440,0.5421,0.5323,0.5518,0.5341,0.552,0.0179,0.8019,0.8154,1.017,0.0126,0.000563
all,prolonged_los,AST,Gaussian_mle,21668,17373,0.5066,0.4968,0.5165,0.527,0.5268,-0.0002,0.8018,0.7999,0.998,-0.0232,0.0
all,prolonged_los,AST,Gaussian_trunc,21668,17373,0.5101,0.5004,0.5198,0.527,0.5229,-0.0041,0.8018,0.8047,1.004,-0.0197,5e-06
all,prolonged_los,AST,NORMA_334f7e21,21748,17440,0.5259,0.5163,0.5356,0.5341,0.5429,0.0088,0.8019,0.8129,1.014,-0.0036,0.009211
all,prolonged_los,AST,NORMA_q_age,21748,17440,0.5211,0.5114,0.5307,0.5341,0.5377,0.0037,0.8019,0.8099,1.01,-0.0084,0.0
all,prolonged_los,AST,NORMA_q_age_set,21748,17440,0.5295,0.5198,0.5391,0.5341,0.5478,0.0137,0.8019,0.8161,1.018,,
all,prolonged_los,AST,NORMA_q_age_set_co,21748,17440,0.5311,0.5215,0.5407,0.5341,0.5452,0.0111,0.8019,0.8157,1.017,0.0016,0.352463
all,prolonged_los,AST,PerRI,21716,17416,0.4767,0.4669,0.4866,0.5204,0.5323,0.0119,0.802,0.79,0.985,-0.0534,0.0
all,prolonged_los,AST,PopRI,21748,17440,0.5599,0.5504,0.5694,0.5341,0.5778,0.0437,0.8019,0.8276,1.032,0.0304,0.0
all,prolonged_los,BUN,Cohen_m2,25387,20441,0.5342,0.5253,0.5431,0.5138,0.5336,0.0198,0.8052,0.8224,1.021,-0.0048,0.238577
all,prolonged_los,BUN,Cohen_m3,25387,20441,0.5378,0.5288,0.5469,0.5138,0.5401,0.0263,0.8052,0.8218,1.021,-0.0012,0.748906
all,prolonged_los,BUN,Cohen_m4,25387,20441,0.5385,0.5294,0.5475,0.5138,0.5397,0.0259,0.8052,0.8212,1.02,-0.0005,0.890235
all,prolonged_los,BUN,Gaussian_eb,25387,20441,0.5415,0.5324,0.5507,0.5138,0.5403,0.0265,0.8052,0.8208,1.019,0.0025,0.400639
all,prolonged_los,BUN,Gaussian_mle,24998,20121,0.5238,0.5146,0.5329,0.5019,0.5081,0.0062,0.8049,0.8136,1.011,-0.0164,0.0
all,prolonged_los,BUN,Gaussian_trunc,24998,20121,0.5204,0.5112,0.5295,0.5019,0.5056,0.0037,0.8049,0.8119,1.009,-0.0198,5e-06
all,prolonged_los,BUN,NORMA_334f7e21,25387,20441,0.5409,0.5318,0.55,0.5138,0.5406,0.0268,0.8052,0.8204,1.019,0.0019,0.066368
all,prolonged_los,BUN,NORMA_q_age,25387,20441,0.5366,0.5275,0.5458,0.5138,0.5359,0.0221,0.8052,0.8183,1.016,-0.0024,0.025664
all,prolonged_los,BUN,NORMA_q_age_set,25387,20441,0.539,0.5299,0.5481,0.5138,0.5402,0.0263,0.8052,0.8204,1.019,,
all,prolonged_los,BUN,NORMA_q_age_set_co,25387,20441,0.544,0.5349,0.5531,0.5138,0.5442,0.0304,0.8052,0.8216,1.02,0.005,0.000102
all,prolonged_los,BUN,PerRI,25324,20394,0.4909,0.4818,0.4999,0.5041,0.5122,0.0081,0.8053,0.8008,0.994,-0.0487,0.0
all,prolonged_los,BUN,PopRI,25387,20441,0.5467,0.5376,0.5557,0.5138,0.5487,0.0349,0.8052,0.8213,1.02,0.0077,0.013532
all,prolonged_los,CA,Cohen_m2,25179,19569,0.5323,0.5237,0.5409,0.5368,0.5435,0.0067,0.7772,0.7857,1.011,-0.0109,0.007004
all,prolonged_los,CA,Cohen_m3,25179,19569,0.5357,0.5271,0.5443,0.5368,0.5399,0.0031,0.7772,0.7922,1.019,-0.0075,0.016554
all,prolonged_los,CA,Cohen_m4,25179,19569,0.5382,0.5296,0.5468,0.5368,0.5417,0.0049,0.7772,0.7922,1.019,-0.005,0.082146
all,prolonged_los,CA,Gaussian_eb,25179,19569,0.5342,0.5255,0.5429,0.5368,0.5384,0.0016,0.7772,0.7876,1.013,-0.009,0.000293
all,prolonged_los,CA,Gaussian_mle,24724,19225,0.5312,0.5224,0.5401,0.5369,0.5385,0.0016,0.7776,0.7876,1.013,-0.0121,0.000206
all,prolonged_los,CA,Gaussian_trunc,24724,19225,0.5373,0.5284,0.5461,0.5369,0.5406,0.0037,0.7776,0.7892,1.015,-0.0061,0.183491
all,prolonged_los,CA,NORMA_334f7e21,25179,19569,0.5468,0.538,0.5555,0.5368,0.5485,0.0117,0.7772,0.7942,1.022,0.0036,0.000723
all,prolonged_los,CA,NORMA_q_age,25179,19569,0.537,0.5283,0.5458,0.5368,0.5417,0.0049,0.7772,0.7887,1.015,-0.0061,0.0
all,prolonged_los,CA,NORMA_q_age_set,25179,19569,0.5432,0.5345,0.5519,0.5368,0.546,0.0091,0.7772,0.7939,1.022,,
all,prolonged_los,CA,NORMA_q_age_set_co,25179,19569,0.5429,0.5342,0.5517,0.5368,0.5441,0.0073,0.7772,0.7925,1.02,-0.0003,0.81341
all,prolonged_los,CA,PerRI,25159,19560,0.5305,0.5218,0.5392,0.5507,0.5511,0.0004,0.7775,0.7866,1.012,-0.0126,0.022095
all,prolonged_los,CA,PopRI,25179,19569,0.5446,0.5359,0.5533,0.5368,0.5435,0.0066,0.7772,0.7948,1.023,0.0014,0.56939
all,prolonged_los,CL,Cohen_m2,26586,21335,0.5398,0.5312,0.5483,0.5116,0.5363,0.0247,0.8025,0.8269,1.03,0.0211,0.0
all,prolonged_los,CL,Cohen_m3,26586,21335,0.5286,0.52,0.5372,0.5116,0.5241,0.0125,0.8025,0.8202,1.022,0.0099,0.001809
all,prolonged_los,CL,Cohen_m4,26586,21335,0.5248,0.5162,0.5334,0.5116,0.5215,0.0099,0.8025,0.8185,1.02,0.0062,0.052454
all,prolonged_los,CL,Gaussian_eb,26586,21335,0.5166,0.508,0.5253,0.5116,0.5157,0.004,0.8025,0.8127,1.013,-0.002,0.375064
all,prolonged_los,CL,Gaussian_mle,26083,20944,0.5064,0.4976,0.5152,0.513,0.5141,0.0011,0.803,0.8051,1.003,-0.0141,1e-06
all,prolonged_los,CL,Gaussian_trunc,26083,20944,0.4847,0.4759,0.4936,0.513,0.5188,0.0059,0.803,0.7952,0.99,-0.0357,0.0
all,prolonged_los,CL,NORMA_334f7e21,26586,21335,0.5166,0.5081,0.5252,0.5116,0.516,0.0043,0.8025,0.8133,1.014,-0.002,0.012697
all,prolonged_los,CL,NORMA_q_age,26586,21335,0.5128,0.5042,0.5214,0.5116,0.5134,0.0017,0.8025,0.8109,1.01,-0.0058,0.0
all,prolonged_los,CL,NORMA_q_age_set,26586,21335,0.5186,0.51,0.5272,0.5116,0.517,0.0054,0.8025,0.8152,1.016,,
all,prolonged_los,CL,NORMA_q_age_set_co,26586,21335,0.5135,0.5049,0.5221,0.5116,0.5133,0.0017,0.8025,0.8118,1.012,-0.0051,8e-06
all,prolonged_los,CL,PerRI,26568,21327,0.4666,0.4577,0.4755,0.5023,0.5298,0.0275,0.8027,0.7805,0.972,-0.0522,0.0
all,prolonged_los,CL,PopRI,26586,21335,0.516,0.5074,0.5246,0.5116,0.5146,0.003,0.8025,0.8104,1.01,-0.0027,0.25758
all,prolonged_los,CO2,Cohen_m2,11015,9349,0.5473,0.5324,0.5621,0.5114,0.5468,0.0353,0.8488,0.8701,1.025,0.0063,0.32156
all,prolonged_los,CO2,Cohen_m3,11015,9349,0.5435,0.5283,0.5587,0.5114,0.5428,0.0314,0.8488,0.8645,1.019,0.0025,0.655339
all,prolonged_los,CO2,Cohen_m4,11015,9349,0.5409,0.5257,0.556,0.5114,0.5438,0.0324,0.8488,0.8643,1.018,-0.0002,0.975939
all,prolonged_los,CO2,Gaussian_eb,11015,9349,0.5346,0.5194,0.5498,0.5114,0.5381,0.0267,0.8488,0.8607,1.014,-0.0064,0.172606
all,prolonged_los,CO2,Gaussian_mle,10881,9245,0.5292,0.5136,0.5449,0.5126,0.5236,0.0109,0.8496,0.8535,1.005,-0.0115,0.023369
all,prolonged_los,CO2,Gaussian_trunc,10881,9245,0.505,0.4893,0.5207,0.5126,0.5118,-0.0009,0.8496,0.8459,0.996,-0.0358,2e-06
all,prolonged_los,CO2,NORMA_334f7e21,11015,9349,0.5454,0.5304,0.5604,0.5114,0.5444,0.033,0.8488,0.8653,1.019,0.0044,0.002332
all,prolonged_los,CO2,NORMA_q_age,11015,9349,0.5394,0.5244,0.5543,0.5114,0.5397,0.0283,0.8488,0.8638,1.018,-0.0016,0.240054
all,prolonged_los,CO2,NORMA_q_age_set,11015,9349,0.541,0.526,0.556,0.5114,0.5394,0.028,0.8488,0.8636,1.017,,
all,prolonged_los,CO2,NORMA_q_age_set_co,11015,9349,0.5436,0.5285,0.5587,0.5114,0.5403,0.0289,0.8488,0.8632,1.017,0.0026,0.139771
all,prolonged_los,CO2,PerRI,11000,9335,0.4911,0.475,0.5071,0.5034,0.5367,0.0333,0.8486,0.836,0.985,-0.05,0.0
all,prolonged_los,CO2,PopRI,11015,9349,0.5342,0.5189,0.5494,0.5114,0.5376,0.0261,0.8488,0.858,1.011,-0.0069,0.148447
all,prolonged_los,CRE,Cohen_m2,36501,26440,0.5778,0.5713,0.5844,0.5381,0.5855,0.0474,0.7244,0.7729,1.067,0.0127,1.9e-05
all,prolonged_los,CRE,Cohen_m3,36501,26440,0.5964,0.5899,0.6029,0.5381,0.6037,0.0656,0.7244,0.7843,1.083,0.0313,0.0
all,prolonged_los,CRE,Cohen_m4,36501,26440,0.5772,0.5707,0.5838,0.5381,0.5919,0.0538,0.7244,0.7731,1.067,0.0121,3.2e-05
all,prolonged_los,CRE,Gaussian_eb,36501,26440,0.5672,0.5606,0.5737,0.5381,0.5746,0.0365,0.7244,0.7646,1.056,0.002,0.353986
all,prolonged_los,CRE,Gaussian_mle,35747,25885,0.5452,0.5385,0.5519,0.532,0.5493,0.0174,0.7241,0.7511,1.037,-0.0208,0.0
all,prolonged_los,CRE,Gaussian_trunc,35747,25885,0.5407,0.534,0.5474,0.532,0.542,0.0101,0.7241,0.7427,1.026,-0.0252,0.0
all,prolonged_los,CRE,NORMA_334f7e21,36501,26440,0.5577,0.551,0.5643,0.5381,0.5642,0.0261,0.7244,0.7561,1.044,-0.0075,0.0
all,prolonged_los,CRE,NORMA_q_age,36501,26440,0.5559,0.5492,0.5625,0.5381,0.5626,0.0245,0.7244,0.7551,1.042,-0.0093,0.0
all,prolonged_los,CRE,NORMA_q_age_set,36501,26440,0.5651,0.5585,0.5718,0.5381,0.5696,0.0315,0.7244,0.7603,1.05,,
all,prolonged_los,CRE,NORMA_q_age_set_co,36501,26440,0.5618,0.5552,0.5684,0.5381,0.5686,0.0305,0.7244,0.7595,1.048,-0.0034,0.001533
all,prolonged_los,CRE,PerRI,36318,26323,0.5223,0.5156,0.5289,0.5353,0.5402,0.0049,0.7248,0.7377,1.018,-0.0428,0.0
all,prolonged_los,CRE,PopRI,36501,26440,0.5925,0.586,0.5989,0.5381,0.5956,0.0575,0.7244,0.78,1.077,0.0273,0.0
all,prolonged_los,GLU,Cohen_m2,30550,20398,0.4897,0.4829,0.4966,0.5136,0.5149,0.0013,0.6677,0.6653,0.996,-0.0489,0.0
all,prolonged_los,GLU,Cohen_m3,30550,20398,0.4843,0.4774,0.4913,0.5136,0.5175,0.0039,0.6677,0.655,0.981,-0.0543,0.0
all,prolonged_los,GLU,Cohen_m4,30550,20398,0.4778,0.4708,0.4847,0.5136,0.5302,0.0166,0.6677,0.6443,0.965,-0.0609,0.0
all,prolonged_los,GLU,Gaussian_eb,30550,20398,0.4971,0.4904,0.5039,0.5136,0.5137,0.0002,0.6677,0.6829,1.023,-0.0415,0.0
all,prolonged_los,GLU,Gaussian_mle,28673,19124,0.5049,0.4979,0.5119,0.5122,0.5139,0.0017,0.667,0.6792,1.018,-0.0373,0.0
all,prolonged_los,GLU,Gaussian_trunc,28673,19124,0.4941,0.4871,0.5012,0.5122,0.5139,0.0017,0.667,0.6697,1.004,-0.048,0.0
all,prolonged_los,GLU,NORMA_334f7e21,30550,20398,0.5287,0.5219,0.5355,0.5136,0.5348,0.0212,0.6677,0.689,1.032,-0.01,0.0
all,prolonged_los,GLU,NORMA_q_age,30550,20398,0.533,0.5262,0.5398,0.5136,0.5388,0.0252,0.6677,0.6946,1.04,-0.0057,0.0
all,prolonged_los,GLU,NORMA_q_age_set,30550,20398,0.5386,0.5319,0.5454,0.5136,0.5459,0.0323,0.6677,0.7033,1.053,,
all,prolonged_los,GLU,NORMA_q_age_set_co,30550,20398,0.5132,0.5064,0.52,0.5136,0.5227,0.0091,0.6677,0.6794,1.017,-0.0254,0.0
all,prolonged_los,GLU,PerRI,30534,20386,0.4709,0.4639,0.4779,0.5199,0.5447,0.0248,0.6676,0.6421,0.962,-0.0677,0.0
all,prolonged_los,GLU,PopRI,30550,20398,0.4891,0.4822,0.4959,0.5136,0.5148,0.0012,0.6677,0.6644,0.995,-0.0496,0.0
all,prolonged_los,HCT,Cohen_m2,37050,26434,0.6357,0.6294,0.642,0.5208,0.6279,0.1071,0.7135,0.7924,1.111,0.0764,0.0
all,prolonged_los,HCT,Cohen_m3,37050,26434,0.6206,0.6142,0.627,0.5208,0.6144,0.0936,0.7135,0.7757,1.087,0.0613,0.0
all,prolonged_los,HCT,Cohen_m4,37050,26434,0.61,0.6036,0.6163,0.5208,0.6017,0.0809,0.7135,0.7727,1.083,0.0506,0.0
all,prolonged_los,HCT,Gaussian_eb,37050,26434,0.6229,0.6166,0.6292,0.5208,0.6214,0.1006,0.7135,0.7876,1.104,0.0636,0.0
all,prolonged_los,HCT,Gaussian_mle,34365,24633,0.6045,0.5978,0.6112,0.5268,0.6168,0.09,0.7168,0.7762,1.083,0.0452,0.0
all,prolonged_los,HCT,Gaussian_trunc,34365,24633,0.5793,0.5726,0.5859,0.5268,0.5988,0.072,0.7168,0.7639,1.066,0.0199,0.0
all,prolonged_los,HCT,NORMA_334f7e21,37050,26434,0.5677,0.561,0.5744,0.5208,0.56,0.0392,0.7135,0.7384,1.035,0.0084,0.0
all,prolonged_los,HCT,NORMA_q_age,37050,26434,0.5481,0.5414,0.5548,0.5208,0.5408,0.02,0.7135,0.7261,1.018,-0.0112,0.0
all,prolonged_los,HCT,NORMA_q_age_set,37050,26434,0.5593,0.5526,0.566,0.5208,0.5525,0.0317,0.7135,0.7353,1.031,,
all,prolonged_los,HCT,NORMA_q_age_set_co,37050,26434,0.5562,0.5495,0.5629,0.5208,0.5485,0.0277,0.7135,0.7323,1.026,-0.0031,0.000926
all,prolonged_los,HCT,PerRI,36993,26417,0.4692,0.4624,0.4759,0.5254,0.5496,0.0242,0.7141,0.678,0.949,-0.0906,0.0
all,prolonged_los,HCT,PopRI,37050,26434,0.6215,0.6152,0.6278,0.5208,0.6238,0.103,0.7135,0.7868,1.103,0.0622,0.0
all,prolonged_los,HGB,Cohen_m2,31437,23596,0.5853,0.578,0.5926,0.5269,0.5935,0.0665,0.7506,0.7939,1.058,0.0491,0.0
all,prolonged_los,HGB,Cohen_m3,31437,23596,0.596,0.5888,0.6033,0.5269,0.6035,0.0766,0.7506,0.8008,1.067,0.0599,0.0
all,prolonged_los,HGB,Cohen_m4,31437,23596,0.5944,0.5871,0.6017,0.5269,0.6015,0.0745,0.7506,0.7976,1.063,0.0582,0.0
all,prolonged_los,HGB,Gaussian_eb,31437,23596,0.5964,0.589,0.6038,0.5269,0.6015,0.0746,0.7506,0.7969,1.062,0.0602,0.0
all,prolonged_los,HGB,Gaussian_mle,29417,22178,0.578,0.5702,0.5858,0.5309,0.5664,0.0355,0.7539,0.7873,1.044,0.0381,0.0
all,prolonged_los,HGB,Gaussian_trunc,29417,22178,0.5757,0.5679,0.5835,0.5309,0.5606,0.0297,0.7539,0.7854,1.042,0.0357,0.0
all,prolonged_los,HGB,NORMA_334f7e21,31437,23596,0.5367,0.529,0.5445,0.5269,0.543,0.016,0.7506,0.7568,1.008,0.0006,0.596622
all,prolonged_los,HGB,NORMA_q_age,31437,23596,0.5267,0.5189,0.5344,0.5269,0.5339,0.007,0.7506,0.7514,1.001,-0.0095,0.0
all,prolonged_los,HGB,NORMA_q_age_set,31437,23596,0.5361,0.5284,0.5439,0.5269,0.5416,0.0147,0.7506,0.7578,1.01,,
all,prolonged_los,HGB,NORMA_q_age_set_co,31437,23596,0.5281,0.5203,0.5359,0.5269,0.5355,0.0085,0.7506,0.7519,1.002,-0.008,0.0
all,prolonged_los,HGB,PerRI,31390,23578,0.4929,0.4853,0.5004,0.5324,0.5387,0.0063,0.7511,0.7353,0.979,-0.0424,0.0
all,prolonged_los,HGB,PopRI,31437,23596,0.6068,0.5995,0.6141,0.5269,0.6148,0.0879,0.7506,0.8049,1.072,0.0706,0.0
all,prolonged_los,K,Cohen_m2,34278,25327,0.5811,0.5742,0.5879,0.5119,0.5794,0.0675,0.7389,0.7865,1.064,0.0114,0.000159
all,prolonged_los,K,Cohen_m3,34278,25327,0.5833,0.5765,0.5901,0.5119,0.5802,0.0683,0.7389,0.7888,1.068,0.0136,3e-06
all,prolonged_los,K,Cohen_m4,34278,25327,0.5804,0.5736,0.5873,0.5119,0.5776,0.0657,0.7389,0.7869,1.065,0.0108,5.6e-05
all,prolonged_los,K,Gaussian_eb,34278,25327,0.575,0.5682,0.5819,0.5119,0.5717,0.0598,0.7389,0.7843,1.061,0.0053,0.019484
all,prolonged_los,K,Gaussian_mle,34063,25193,0.5522,0.5451,0.5593,0.516,0.5426,0.0266,0.7396,0.7583,1.025,-0.0191,0.0
all,prolonged_los,K,Gaussian_trunc,34063,25193,0.5171,0.51,0.5242,0.516,0.5221,0.0061,0.7396,0.7477,1.011,-0.0542,0.0
all,prolonged_los,K,NORMA_334f7e21,34278,25327,0.5688,0.5619,0.5756,0.5119,0.5689,0.057,0.7389,0.7783,1.053,-0.0009,0.221588
all,prolonged_los,K,NORMA_q_age,34278,25327,0.5616,0.5547,0.5685,0.5119,0.5627,0.0507,0.7389,0.7728,1.046,-0.0081,0.0
all,prolonged_los,K,NORMA_q_age_set,34278,25327,0.5697,0.5628,0.5766,0.5119,0.572,0.0601,0.7389,0.7785,1.054,,
all,prolonged_los,K,NORMA_q_age_set_co,34278,25327,0.558,0.5511,0.5649,0.5119,0.5585,0.0466,0.7389,0.7715,1.044,-0.0117,0.0
all,prolonged_los,K,PerRI,34267,25319,0.5307,0.5235,0.5379,0.5138,0.4972,-0.0166,0.7389,0.7408,1.003,-0.039,0.0
all,prolonged_los,K,PopRI,34278,25327,0.5628,0.5561,0.5696,0.5119,0.5607,0.0488,0.7389,0.7734,1.047,-0.0068,0.006799
all,prolonged_los,NA,Cohen_m2,33857,25093,0.5781,0.5712,0.5849,0.509,0.5833,0.0742,0.7411,0.79,1.066,-0.004,0.145643
all,prolonged_los,NA,Cohen_m3,33857,25093,0.5895,0.5828,0.5963,0.509,0.594,0.085,0.7411,0.799,1.078,0.0075,0.001852
all,prolonged_los,NA,Cohen_m4,33857,25093,0.5797,0.5729,0.5865,0.509,0.5808,0.0718,0.7411,0.7952,1.073,-0.0023,0.386918
all,prolonged_los,NA,Gaussian_eb,33857,25093,0.5765,0.5696,0.5833,0.509,0.5817,0.0726,0.7411,0.7866,1.061,-0.0055,0.006031
all,prolonged_los,NA,Gaussian_mle,33286,24689,0.5568,0.5497,0.5639,0.5107,0.5619,0.0513,0.7417,0.7724,1.041,-0.0253,0.0
all,prolonged_los,NA,Gaussian_trunc,33286,24689,0.5437,0.5367,0.5508,0.5107,0.5494,0.0387,0.7417,0.7684,1.036,-0.0384,0.0
all,prolonged_los,NA,NORMA_334f7e21,33857,25093,0.5796,0.5727,0.5864,0.509,0.5825,0.0735,0.7411,0.7874,1.062,-0.0025,4.8e-05
all,prolonged_los,NA,NORMA_q_age,33857,25093,0.5761,0.5692,0.583,0.509,0.5784,0.0694,0.7411,0.7842,1.058,-0.0059,0.0
all,prolonged_los,NA,NORMA_q_age_set,33857,25093,0.582,0.5752,0.5889,0.509,0.5849,0.0758,0.7411,0.7886,1.064,,
all,prolonged_los,NA,NORMA_q_age_set_co,33857,25093,0.5748,0.5679,0.5817,0.509,0.5774,0.0683,0.7411,0.7849,1.059,-0.0072,0.0
all,prolonged_los,NA,PerRI,33831,25080,0.4925,0.4852,0.4998,0.5208,0.5208,-0.0,0.7413,0.7269,0.981,-0.0899,0.0
all,prolonged_los,NA,PopRI,33857,25093,0.5828,0.5761,0.5896,0.509,0.5884,0.0793,0.7411,0.7871,1.062,0.0008,0.732923
all,prolonged_los,Overall,Cohen_m2,49990,31565,0.5722,0.5669,0.5775,0.5202,0.5715,0.0513,0.6314,0.669,1.059,-0.0177,0.0
all,prolonged_los,Overall,Cohen_m3,49990,31565,0.5661,0.5607,0.5714,0.5202,0.5659,0.0456,0.6314,0.6603,1.046,-0.0239,0.0
all,prolonged_los,Overall,Cohen_m4,49990,31565,0.5649,0.5595,0.5703,0.5202,0.5607,0.0405,0.6314,0.6537,1.035,-0.025,0.0
all,prolonged_los,Overall,Gaussian_eb,49990,31565,0.5754,0.5701,0.5806,0.5202,0.5744,0.0541,0.6314,0.682,1.08,-0.0146,0.0
all,prolonged_los,Overall,Gaussian_mle,49651,31473,0.5838,0.5786,0.5891,0.5231,0.5858,0.0627,0.6339,0.6882,1.086,-0.0067,2.8e-05
all,prolonged_los,Overall,Gaussian_trunc,49651,31473,0.5908,0.5855,0.596,0.5231,0.5938,0.0707,0.6339,0.6897,1.088,0.0002,0.92652
all,prolonged_los,Overall,NORMA_334f7e21,49990,31565,0.5867,0.5815,0.5919,0.5202,0.5868,0.0665,0.6314,0.6894,1.092,-0.0032,0.0
all,prolonged_los,Overall,NORMA_q_age,49990,31565,0.5822,0.5771,0.5874,0.5202,0.5821,0.0619,0.6314,0.6886,1.09,-0.0077,0.0
all,prolonged_los,Overall,NORMA_q_age_set,49990,31565,0.5899,0.5848,0.5951,0.5202,0.591,0.0708,0.6314,0.6977,1.105,,
all,prolonged_los,Overall,NORMA_q_age_set_co,49990,31565,0.5766,0.5714,0.5819,0.5202,0.5762,0.056,0.6314,0.6798,1.077,-0.0133,0.0
all,prolonged_los,Overall,PerRI,49965,31558,0.627,0.6218,0.6322,0.5144,0.6295,0.1152,0.6316,0.7153,1.132,0.0372,0.0
all,prolonged_los,Overall,PopRI,49990,31565,0.5701,0.5648,0.5754,0.5202,0.5705,0.0503,0.6314,0.6686,1.059,-0.0198,0.0
all,prolonged_los,PLT,Cohen_m2,29222,22443,0.606,0.5982,0.6138,0.528,0.5979,0.0699,0.768,0.8219,1.07,0.0874,0.0
all,prolonged_los,PLT,Cohen_m3,29222,22443,0.5939,0.5861,0.6017,0.528,0.5842,0.0562,0.768,0.8111,1.056,0.0752,0.0
all,prolonged_los,PLT,Cohen_m4,29222,22443,0.5897,0.5818,0.5975,0.528,0.579,0.051,0.768,0.8113,1.056,0.071,0.0
all,prolonged_los,PLT,Gaussian_eb,29222,22443,0.5619,0.5539,0.5698,0.528,0.5553,0.0273,0.768,0.7931,1.033,0.0432,0.0
all,prolonged_los,PLT,Gaussian_mle,28848,22145,0.5308,0.5227,0.5388,0.5216,0.5234,0.0018,0.7676,0.7772,1.012,0.012,0.002262
all,prolonged_los,PLT,Gaussian_trunc,28848,22145,0.5242,0.5162,0.5322,0.5216,0.5231,0.0015,0.7676,0.7765,1.011,0.0054,0.201509
all,prolonged_los,PLT,NORMA_334f7e21,29222,22443,0.5312,0.5232,0.5392,0.528,0.5281,0.0001,0.768,0.7748,1.009,0.0125,0.0
all,prolonged_los,PLT,NORMA_q_age,29222,22443,0.5207,0.5127,0.5288,0.528,0.5284,0.0004,0.768,0.7677,1.0,0.0021,0.136886
all,prolonged_los,PLT,NORMA_q_age_set,29222,22443,0.5186,0.5107,0.5266,0.528,0.5266,-0.0014,0.768,0.7698,1.002,,
all,prolonged_los,PLT,NORMA_q_age_set_co,29222,22443,0.527,0.519,0.535,0.528,0.527,-0.001,0.768,0.7714,1.004,0.0083,0.0
all,prolonged_los,PLT,PerRI,29139,22382,0.504,0.496,0.512,0.5296,0.5278,-0.0018,0.7681,0.7688,1.001,-0.0151,0.002964
all,prolonged_los,PLT,PopRI,29222,22443,0.5196,0.5118,0.5273,0.528,0.5366,0.0086,0.768,0.7841,1.021,0.0009,0.833234
all,prolonged_los,TBIL,Cohen_m2,24126,19088,0.5554,0.5466,0.5642,0.524,0.5498,0.0258,0.7912,0.8196,1.036,0.0217,0.0
all,prolonged_los,TBIL,Cohen_m3,24126,19088,0.5586,0.5496,0.5675,0.524,0.5505,0.0265,0.7912,0.8191,1.035,0.0249,0.0
all,prolonged_los,TBIL,Cohen_m4,24126,19088,0.5477,0.5388,0.5566,0.524,0.5449,0.0209,0.7912,0.8153,1.03,0.014,6.7e-05
all,prolonged_los,TBIL,Gaussian_eb,24126,19088,0.541,0.5321,0.55,0.524,0.5415,0.0176,0.7912,0.8128,1.027,0.0073,0.007956
all,prolonged_los,TBIL,Gaussian_mle,23750,18771,0.5294,0.5203,0.5384,0.5304,0.5389,0.0085,0.7904,0.8045,1.018,-0.0045,0.098919
all,prolonged_los,TBIL,Gaussian_trunc,23750,18771,0.5035,0.4943,0.5126,0.5304,0.5314,0.001,0.7904,0.7876,0.996,-0.0304,0.0
all,prolonged_los,TBIL,NORMA_334f7e21,24126,19088,0.5382,0.5293,0.547,0.524,0.5378,0.0138,0.7912,0.811,1.025,0.0045,0.000452
all,prolonged_los,TBIL,NORMA_q_age,24126,19088,0.5325,0.5236,0.5413,0.524,0.5356,0.0116,0.7912,0.8093,1.023,-0.0012,0.317548
all,prolonged_los,TBIL,NORMA_q_age_set,24126,19088,0.5337,0.5248,0.5426,0.524,0.5346,0.0106,0.7912,0.8091,1.023,,
all,prolonged_los,TBIL,NORMA_q_age_set_co,24126,19088,0.5342,0.5253,0.5431,0.524,0.5358,0.0119,0.7912,0.8096,1.023,0.0005,0.706718
all,prolonged_los,TBIL,PerRI,24023,19004,0.5248,0.5158,0.5338,0.5322,0.5421,0.0099,0.7911,0.8079,1.021,-0.0093,0.027207
all,prolonged_los,TBIL,PopRI,24126,19088,0.536,0.5273,0.5447,0.524,0.5443,0.0204,0.7912,0.8098,1.024,0.0024,0.566168
all,prolonged_los,TP,Cohen_m2,24293,19672,0.5551,0.5458,0.5643,0.5245,0.5637,0.0392,0.8098,0.8315,1.027,-0.0091,0.02577
all,prolonged_los,TP,Cohen_m3,24293,19672,0.5594,0.5502,0.5685,0.5245,0.5701,0.0455,0.8098,0.8356,1.032,-0.0048,0.200259
all,prolonged_los,TP,Cohen_m4,24293,19672,0.5562,0.547,0.5654,0.5245,0.5678,0.0433,0.8098,0.8331,1.029,-0.0079,0.040258
all,prolonged_los,TP,Gaussian_eb,24293,19672,0.5607,0.5515,0.5699,0.5245,0.5636,0.0391,0.8098,0.8337,1.03,-0.0035,0.270451
all,prolonged_los,TP,Gaussian_mle,24046,19453,0.5496,0.5404,0.5588,0.5278,0.548,0.0201,0.809,0.8307,1.027,-0.0137,8e-05
all,prolonged_los,TP,Gaussian_trunc,24046,19453,0.5765,0.5672,0.5859,0.5278,0.5634,0.0356,0.809,0.838,1.036,0.0133,0.006094
all,prolonged_los,TP,NORMA_334f7e21,24293,19672,0.5785,0.5692,0.5879,0.5245,0.5712,0.0466,0.8098,0.8387,1.036,0.0144,0.0
all,prolonged_los,TP,NORMA_q_age,24293,19672,0.565,0.5556,0.5744,0.5245,0.5572,0.0327,0.8098,0.8327,1.028,0.0009,0.553907
all,prolonged_los,TP,NORMA_q_age_set,24293,19672,0.5641,0.5548,0.5735,0.5245,0.5567,0.0321,0.8098,0.834,1.03,,
all,prolonged_los,TP,NORMA_q_age_set_co,24293,19672,0.5664,0.5571,0.5758,0.5245,0.5598,0.0352,0.8098,0.8348,1.031,0.0023,0.111475
all,prolonged_los,TP,PerRI,24287,19668,0.5344,0.5251,0.5437,0.5192,0.5266,0.0073,0.8098,0.8256,1.019,-0.0296,0.0
all,prolonged_los,TP,PopRI,24293,19672,0.5727,0.5635,0.5818,0.5245,0.574,0.0495,0.8098,0.8394,1.037,0.0086,0.008856
all,prolonged_los,WBC,Cohen_m2,29418,22598,0.5614,0.5535,0.5692,0.5265,0.5642,0.0377,0.7682,0.7964,1.037,0.0216,0.0
all,prolonged_los,WBC,Cohen_m3,29418,22598,0.5556,0.5477,0.5635,0.5265,0.5602,0.0338,0.7682,0.7926,1.032,0.0158,2.7e-05
all,prolonged_los,WBC,Cohen_m4,29418,22598,0.5403,0.5325,0.5481,0.5265,0.5475,0.021,0.7682,0.7884,1.026,0.0005,0.878867
all,prolonged_los,WBC,Gaussian_eb,29418,22598,0.554,0.5461,0.5619,0.5265,0.5626,0.0361,0.7682,0.7924,1.032,0.0142,0.0
all,prolonged_los,WBC,Gaussian_mle,29128,22381,0.5334,0.5253,0.5415,0.536,0.5406,0.0046,0.7684,0.7763,1.01,-0.0076,0.00346
all,prolonged_los,WBC,Gaussian_trunc,29128,22381,0.506,0.498,0.514,0.536,0.5341,-0.0019,0.7684,0.7665,0.998,-0.035,0.0
all,prolonged_los,WBC,NORMA_334f7e21,29418,22598,0.5464,0.5386,0.5542,0.5265,0.5561,0.0296,0.7682,0.7892,1.027,0.0066,0.0
all,prolonged_los,WBC,NORMA_q_age,29418,22598,0.5441,0.5362,0.5519,0.5265,0.5532,0.0268,0.7682,0.7875,1.025,0.0043,1.4e-05
all,prolonged_los,WBC,NORMA_q_age_set,29418,22598,0.5398,0.5319,0.5476,0.5265,0.5487,0.0222,0.7682,0.7848,1.022,,
all,prolonged_los,WBC,NORMA_q_age_set_co,29418,22598,0.5459,0.5381,0.5537,0.5265,0.5561,0.0297,0.7682,0.7889,1.027,0.0061,0.0
all,prolonged_los,WBC,PerRI,29410,22593,0.4877,0.4795,0.4959,0.5227,0.5389,0.0162,0.7682,0.7552,0.983,-0.0519,0.0
all,prolonged_los,WBC,PopRI,29418,22598,0.5485,0.5408,0.5563,0.5265,0.5609,0.0344,0.7682,0.7922,1.031,0.0087,0.000793
all,unplanned_icu,A1C,Cohen_m2,269,117,0.5218,0.4519,0.5916,0.5457,0.4559,-0.0898,0.4349,0.4562,1.049,0.016,0.63073
all,unplanned_icu,A1C,Cohen_m3,269,117,0.5264,0.4567,0.5962,0.5457,0.4583,-0.0874,0.4349,0.4669,1.073,0.0207,0.548832
all,unplanned_icu,A1C,Cohen_m4,269,117,0.5152,0.445,0.5855,0.5457,0.4381,-0.1076,0.4349,0.4602,1.058,0.0095,0.76709
all,unplanned_icu,A1C,Gaussian_eb,269,117,0.5128,0.4433,0.5824,0.5457,0.4316,-0.1141,0.4349,0.4514,1.038,0.0071,0.80513
all,unplanned_icu,A1C,Gaussian_mle,264,114,0.5168,0.4464,0.5873,0.5359,0.535,-0.0009,0.4318,0.4442,1.029,0.0077,0.795774
all,unplanned_icu,A1C,Gaussian_trunc,264,114,0.5057,0.4352,0.5763,0.5359,0.5306,-0.0053,0.4318,0.4398,1.018,-0.0035,0.912725
all,unplanned_icu,A1C,NORMA_334f7e21,269,117,0.5045,0.4344,0.5745,0.5457,0.548,0.0023,0.4349,0.4572,1.051,-0.0012,0.90869
all,unplanned_icu,A1C,NORMA_q_age,269,117,0.5082,0.4381,0.5782,0.5457,0.5696,0.0239,0.4349,0.4625,1.063,0.0024,0.829022
all,unplanned_icu,A1C,NORMA_q_age_set,269,117,0.5057,0.4359,0.5756,0.5457,0.4855,-0.0602,0.4349,0.4608,1.059,,
all,unplanned_icu,A1C,NORMA_q_age_set_co,269,117,0.4952,0.4254,0.565,0.5457,0.5309,-0.0148,0.4349,0.4475,1.029,-0.0106,0.337356
all,unplanned_icu,A1C,PerRI,266,116,0.5059,0.4356,0.5762,0.5348,0.4819,-0.0529,0.4361,0.4391,1.007,0.0034,0.940135
all,unplanned_icu,A1C,PopRI,269,117,0.5158,0.446,0.5856,0.5457,0.4466,-0.0991,0.4349,0.4505,1.036,0.0101,0.749837
all,unplanned_icu,ALB,Cohen_m2,26021,8151,0.5764,0.569,0.5838,0.565,0.5966,0.0316,0.3132,0.3676,1.174,0.043,0.0
all,unplanned_icu,ALB,Cohen_m3,26021,8151,0.5304,0.5229,0.538,0.565,0.5662,0.0011,0.3132,0.3396,1.084,-0.0029,0.216133
all,unplanned_icu,ALB,Cohen_m4,26021,8151,0.5355,0.5279,0.543,0.565,0.5679,0.0028,0.3132,0.344,1.098,0.0021,0.348824
all,unplanned_icu,ALB,Gaussian_eb,26021,8151,0.5301,0.5226,0.5377,0.565,0.5661,0.0011,0.3132,0.3369,1.076,-0.0032,0.148106
all,unplanned_icu,ALB,Gaussian_mle,25644,8023,0.5365,0.5289,0.5441,0.5646,0.5696,0.005,0.3129,0.3383,1.081,0.0029,0.270191
all,unplanned_icu,ALB,Gaussian_trunc,25644,8023,0.5293,0.5217,0.5369,0.5646,0.5672,0.0026,0.3129,0.3313,1.059,-0.0042,0.287236
all,unplanned_icu,ALB,NORMA_334f7e21,26021,8151,0.5345,0.5268,0.5421,0.565,0.5645,-0.0005,0.3132,0.3488,1.114,0.0011,0.284744
all,unplanned_icu,ALB,NORMA_q_age,26021,8151,0.5348,0.5271,0.5425,0.565,0.5661,0.001,0.3132,0.3478,1.11,0.0015,0.155007
all,unplanned_icu,ALB,NORMA_q_age_set,26021,8151,0.5334,0.5257,0.541,0.565,0.5658,0.0008,0.3132,0.3442,1.099,,
all,unplanned_icu,ALB,NORMA_q_age_set_co,26021,8151,0.5481,0.5405,0.5557,0.565,0.5714,0.0063,0.3132,0.3585,1.144,0.0148,0.0
all,unplanned_icu,ALB,PerRI,26013,8149,0.5384,0.531,0.5459,0.5653,0.5682,0.0029,0.3133,0.3335,1.065,0.0052,0.268694
all,unplanned_icu,ALB,PopRI,26021,8151,0.5313,0.5237,0.5389,0.565,0.5626,-0.0024,0.3132,0.3408,1.088,-0.0021,0.32651
all,unplanned_icu,ALP,Cohen_m2,23442,7907,0.5879,0.5802,0.5956,0.5591,0.5995,0.0404,0.3373,0.4111,1.219,0.0249,0.0
all,unplanned_icu,ALP,Cohen_m3,23442,7907,0.5799,0.5723,0.5876,0.5591,0.5924,0.0333,0.3373,0.3983,1.181,0.0169,1.2e-05
all,unplanned_icu,ALP,Cohen_m4,23442,7907,0.5749,0.5672,0.5826,0.5591,0.5932,0.034,0.3373,0.3959,1.174,0.0118,0.001839
all,unplanned_icu,ALP,Gaussian_eb,23442,7907,0.569,0.5613,0.5767,0.5591,0.5778,0.0186,0.3373,0.387,1.147,0.0059,0.090026
all,unplanned_icu,ALP,Gaussian_mle,23252,7848,0.5469,0.5392,0.5547,0.5651,0.5689,0.0038,0.3375,0.3654,1.083,-0.0167,3e-06
all,unplanned_icu,ALP,Gaussian_trunc,23252,7848,0.5414,0.5337,0.5492,0.5651,0.5672,0.0021,0.3375,0.3605,1.068,-0.0222,0.0
all,unplanned_icu,ALP,NORMA_334f7e21,23442,7907,0.5558,0.548,0.5636,0.5591,0.5764,0.0173,0.3373,0.3844,1.14,-0.0072,0.0
all,unplanned_icu,ALP,NORMA_q_age,23442,7907,0.5555,0.5477,0.5633,0.5591,0.5759,0.0168,0.3373,0.382,1.133,-0.0076,0.0
all,unplanned_icu,ALP,NORMA_q_age_set,23442,7907,0.5631,0.5553,0.5708,0.5591,0.5802,0.0211,0.3373,0.3874,1.149,,
all,unplanned_icu,ALP,NORMA_q_age_set_co,23442,7907,0.5661,0.5584,0.5738,0.5591,0.5795,0.0204,0.3373,0.3867,1.146,0.003,0.068364
all,unplanned_icu,ALP,PerRI,23326,7876,0.5144,0.5066,0.5221,0.5565,0.5568,0.0002,0.3376,0.3455,1.023,-0.0489,0.0
all,unplanned_icu,ALP,PopRI,23442,7907,0.5578,0.5501,0.5656,0.5591,0.585,0.0259,0.3373,0.3804,1.128,-0.0052,0.184049
all,unplanned_icu,ALT,Cohen_m2,21694,7768,0.5663,0.5583,0.5742,0.5548,0.5819,0.0272,0.3581,0.4049,1.131,0.0166,1.1e-05
all,unplanned_icu,ALT,Cohen_m3,21694,7768,0.5861,0.5782,0.594,0.5548,0.6041,0.0493,0.3581,0.436,1.218,0.0364,0.0
all,unplanned_icu,ALT,Cohen_m4,21694,7768,0.5835,0.5756,0.5914,0.5548,0.5979,0.0431,0.3581,0.4252,1.188,0.0338,0.0
all,unplanned_icu,ALT,Gaussian_eb,21694,7768,0.5544,0.5465,0.5624,0.5548,0.5752,0.0204,0.3581,0.3959,1.106,0.0048,0.1362
all,unplanned_icu,ALT,Gaussian_mle,21401,7680,0.5351,0.5271,0.5431,0.553,0.5597,0.0067,0.3589,0.3788,1.056,-0.0149,1.7e-05
all,unplanned_icu,ALT,Gaussian_trunc,21401,7680,0.5236,0.5156,0.5316,0.553,0.5568,0.0038,0.3589,0.3719,1.036,-0.0264,0.0
all,unplanned_icu,ALT,NORMA_334f7e21,21694,7768,0.5499,0.5419,0.5579,0.5548,0.5735,0.0188,0.3581,0.4016,1.122,0.0002,0.845107
all,unplanned_icu,ALT,NORMA_q_age,21694,7768,0.5456,0.5376,0.5536,0.5548,0.5698,0.015,0.3581,0.3982,1.112,-0.0041,0.000612
all,unplanned_icu,ALT,NORMA_q_age_set,21694,7768,0.5497,0.5417,0.5577,0.5548,0.5725,0.0177,0.3581,0.401,1.12,,
all,unplanned_icu,ALT,NORMA_q_age_set_co,21694,7768,0.5575,0.5495,0.5655,0.5548,0.5756,0.0208,0.3581,0.4052,1.132,0.0078,1e-06
all,unplanned_icu,ALT,PerRI,21635,7747,0.5083,0.5004,0.5162,0.5554,0.5527,-0.0027,0.3581,0.3605,1.007,-0.041,0.0
all,unplanned_icu,ALT,PopRI,21694,7768,0.5275,0.5195,0.5355,0.5548,0.5673,0.0125,0.3581,0.3835,1.071,-0.0222,0.0
all,unplanned_icu,AST,Cohen_m2,21748,7684,0.5715,0.5637,0.5793,0.5524,0.577,0.0246,0.3533,0.3942,1.116,0.0289,0.0
all,unplanned_icu,AST,Cohen_m3,21748,7684,0.5687,0.5609,0.5766,0.5524,0.5806,0.0282,0.3533,0.3957,1.12,0.0261,0.0
all,unplanned_icu,AST,Cohen_m4,21748,7684,0.5809,0.573,0.5887,0.5524,0.5873,0.035,0.3533,0.4021,1.138,0.0382,0.0
all,unplanned_icu,AST,Gaussian_eb,21748,7684,0.5426,0.5347,0.5505,0.5524,0.5565,0.0041,0.3533,0.3709,1.05,-0.0,0.990416
all,unplanned_icu,AST,Gaussian_mle,21668,7660,0.5121,0.5042,0.52,0.5603,0.5612,0.0009,0.3535,0.3501,0.99,-0.0308,0.0
all,unplanned_icu,AST,Gaussian_trunc,21668,7660,0.5084,0.5004,0.5163,0.5603,0.5603,-0.0,0.3535,0.3519,0.995,-0.0345,0.0
all,unplanned_icu,AST,NORMA_334f7e21,21748,7684,0.5345,0.5266,0.5425,0.5524,0.5569,0.0045,0.3533,0.3751,1.062,-0.0081,0.0
all,unplanned_icu,AST,NORMA_q_age,21748,7684,0.5312,0.5232,0.5391,0.5524,0.5545,0.0021,0.3533,0.3705,1.049,-0.0115,0.0
all,unplanned_icu,AST,NORMA_q_age_set,21748,7684,0.5426,0.5347,0.5506,0.5524,0.5579,0.0055,0.3533,0.3795,1.074,,
all,unplanned_icu,AST,NORMA_q_age_set_co,21748,7684,0.5453,0.5374,0.5533,0.5524,0.5611,0.0088,0.3533,0.3831,1.084,0.0027,0.068589
all,unplanned_icu,AST,PerRI,21716,7675,0.4754,0.4675,0.4833,0.5632,0.5731,0.0099,0.3534,0.3363,0.952,-0.0677,0.0
all,unplanned_icu,AST,PopRI,21748,7684,0.5497,0.5418,0.5577,0.5524,0.569,0.0166,0.3533,0.3883,1.099,0.0071,0.065345
all,unplanned_icu,BUN,Cohen_m2,25387,8366,0.5902,0.5828,0.5976,0.5536,0.5995,0.046,0.3295,0.4033,1.224,0.0121,0.00042
all,unplanned_icu,BUN,Cohen_m3,25387,8366,0.5853,0.5778,0.5927,0.5536,0.5951,0.0415,0.3295,0.4001,1.214,0.0071,0.023097
all,unplanned_icu,BUN,Cohen_m4,25387,8366,0.5919,0.5845,0.5993,0.5536,0.6012,0.0476,0.3295,0.4012,1.217,0.0137,1.6e-05
all,unplanned_icu,BUN,Gaussian_eb,25387,8366,0.5736,0.5661,0.5812,0.5536,0.5876,0.034,0.3295,0.3984,1.209,-0.0045,0.07439
all,unplanned_icu,BUN,Gaussian_mle,24998,8264,0.5693,0.5618,0.5769,0.5473,0.5804,0.033,0.3306,0.388,1.174,-0.0096,0.000288
all,unplanned_icu,BUN,Gaussian_trunc,24998,8264,0.5357,0.5282,0.5433,0.5473,0.5567,0.0094,0.3306,0.3589,1.086,-0.0431,0.0
all,unplanned_icu,BUN,NORMA_334f7e21,25387,8366,0.5821,0.5746,0.5896,0.5536,0.593,0.0394,0.3295,0.4022,1.22,0.0039,3e-06
all,unplanned_icu,BUN,NORMA_q_age,25387,8366,0.5826,0.5751,0.5901,0.5536,0.5933,0.0398,0.3295,0.4027,1.222,0.0045,0.0
all,unplanned_icu,BUN,NORMA_q_age_set,25387,8366,0.5782,0.5706,0.5857,0.5536,0.5913,0.0377,0.3295,0.4011,1.217,,
all,unplanned_icu,BUN,NORMA_q_age_set_co,25387,8366,0.581,0.5735,0.5885,0.5536,0.5924,0.0388,0.3295,0.4007,1.216,0.0029,0.01292
all,unplanned_icu,BUN,PerRI,25324,8352,0.5124,0.505,0.5199,0.548,0.548,-0.0,0.3298,0.3334,1.011,-0.066,0.0
all,unplanned_icu,BUN,PopRI,25387,8366,0.5583,0.5508,0.5658,0.5536,0.5818,0.0282,0.3295,0.3802,1.154,-0.0199,0.0
all,unplanned_icu,CA,Cohen_m2,25179,8219,0.5713,0.5639,0.5787,0.564,0.5927,0.0287,0.3264,0.3661,1.122,0.0304,0.0
all,unplanned_icu,CA,Cohen_m3,25179,8219,0.552,0.5446,0.5595,0.564,0.5823,0.0183,0.3264,0.3562,1.091,0.0112,2.4e-05
all,unplanned_icu,CA,Cohen_m4,25179,8219,0.5495,0.542,0.557,0.564,0.5799,0.0159,0.3264,0.3574,1.095,0.0086,0.000326
all,unplanned_icu,CA,Gaussian_eb,25179,8219,0.5269,0.5194,0.5344,0.564,0.5684,0.0044,0.3264,0.3392,1.039,-0.0139,0.0
all,unplanned_icu,CA,Gaussian_mle,24724,8106,0.5162,0.5086,0.5237,0.5633,0.5624,-0.001,0.3279,0.3327,1.015,-0.0243,0.0
all,unplanned_icu,CA,Gaussian_trunc,24724,8106,0.5111,0.5035,0.5187,0.5633,0.5626,-0.0007,0.3279,0.331,1.01,-0.0294,0.0
all,unplanned_icu,CA,NORMA_334f7e21,25179,8219,0.5404,0.5328,0.5479,0.564,0.5753,0.0113,0.3264,0.3551,1.088,-0.0005,0.556087
all,unplanned_icu,CA,NORMA_q_age,25179,8219,0.5376,0.53,0.5452,0.564,0.5743,0.0103,0.3264,0.3525,1.08,-0.0033,5.2e-05
all,unplanned_icu,CA,NORMA_q_age_set,25179,8219,0.5409,0.5333,0.5485,0.564,0.5753,0.0113,0.3264,0.3547,1.087,,
all,unplanned_icu,CA,NORMA_q_age_set_co,25179,8219,0.5479,0.5403,0.5554,0.564,0.5779,0.0138,0.3264,0.3574,1.095,0.007,0.0
all,unplanned_icu,CA,PerRI,25159,8218,0.5358,0.5284,0.5432,0.5678,0.5654,-0.0024,0.3266,0.3367,1.031,-0.0049,0.310908
all,unplanned_icu,CA,PopRI,25179,8219,0.5264,0.5189,0.534,0.564,0.5696,0.0056,0.3264,0.342,1.048,-0.0145,0.0
all,unplanned_icu,CL,Cohen_m2,26586,8694,0.6416,0.6346,0.6485,0.5349,0.651,0.1161,0.327,0.4428,1.354,0.0463,0.0
all,unplanned_icu,CL,Cohen_m3,26586,8694,0.6254,0.6183,0.6324,0.5349,0.6383,0.1034,0.327,0.4279,1.309,0.0301,0.0
all,unplanned_icu,CL,Cohen_m4,26586,8694,0.6242,0.6171,0.6313,0.5349,0.6363,0.1014,0.327,0.4265,1.304,0.029,0.0
all,unplanned_icu,CL,Gaussian_eb,26586,8694,0.6173,0.6103,0.6244,0.5349,0.63,0.0951,0.327,0.4194,1.282,0.0221,0.0
all,unplanned_icu,CL,Gaussian_mle,26083,8536,0.5932,0.586,0.6004,0.5378,0.5911,0.0533,0.3273,0.3843,1.174,-0.0045,0.073985
all,unplanned_icu,CL,Gaussian_trunc,26083,8536,0.5528,0.5455,0.5601,0.5378,0.5566,0.0188,0.3273,0.356,1.088,-0.0448,0.0
all,unplanned_icu,CL,NORMA_334f7e21,26586,8694,0.6008,0.5936,0.608,0.5349,0.6111,0.0762,0.327,0.4051,1.239,0.0055,0.0
all,unplanned_icu,CL,NORMA_q_age,26586,8694,0.5951,0.5879,0.6023,0.5349,0.6049,0.0701,0.327,0.3973,1.215,-0.0002,0.826197
all,unplanned_icu,CL,NORMA_q_age_set,26586,8694,0.5952,0.588,0.6024,0.5349,0.6049,0.07,0.327,0.4005,1.225,,
all,unplanned_icu,CL,NORMA_q_age_set_co,26586,8694,0.6013,0.5941,0.6085,0.5349,0.6125,0.0776,0.327,0.4021,1.23,0.0061,0.0
all,unplanned_icu,CL,PerRI,26568,8694,0.5032,0.496,0.5104,0.5336,0.5299,-0.0037,0.3272,0.319,0.975,-0.0922,0.0
all,unplanned_icu,CL,PopRI,26586,8694,0.6125,0.6055,0.6196,0.5349,0.6265,0.0916,0.327,0.4051,1.239,0.0173,0.0
all,unplanned_icu,CO2,Cohen_m2,11015,6820,0.5251,0.5139,0.5362,0.5228,0.5326,0.0098,0.6192,0.632,1.021,0.0063,0.170254
all,unplanned_icu,CO2,Cohen_m3,11015,6820,0.5213,0.51,0.5326,0.5228,0.5285,0.0057,0.6192,0.6188,0.999,0.0025,0.519779
all,unplanned_icu,CO2,Cohen_m4,11015,6820,0.5191,0.5078,0.5304,0.5228,0.5266,0.0038,0.6192,0.6202,1.002,0.0003,0.941097
all,unplanned_icu,CO2,Gaussian_eb,11015,6820,0.5149,0.5037,0.5262,0.5228,0.5269,0.0041,0.6192,0.6205,1.002,-0.0039,0.231155
all,unplanned_icu,CO2,Gaussian_mle,10881,6748,0.5122,0.5009,0.5236,0.5236,0.524,0.0005,0.6202,0.6171,0.995,-0.0074,0.04506
all,unplanned_icu,CO2,Gaussian_trunc,10881,6748,0.5015,0.4902,0.5128,0.5236,0.5256,0.002,0.6202,0.612,0.987,-0.0181,0.00103
all,unplanned_icu,CO2,NORMA_334f7e21,11015,6820,0.5189,0.5077,0.5301,0.5228,0.5258,0.003,0.6192,0.6246,1.009,0.0001,0.959611
all,unplanned_icu,CO2,NORMA_q_age,11015,6820,0.515,0.5038,0.5261,0.5228,0.5241,0.0013,0.6192,0.6238,1.008,-0.0039,0.000258
all,unplanned_icu,CO2,NORMA_q_age_set,11015,6820,0.5188,0.5076,0.53,0.5228,0.5278,0.005,0.6192,0.6263,1.012,,
all,unplanned_icu,CO2,NORMA_q_age_set_co,11015,6820,0.5216,0.5104,0.5329,0.5228,0.5281,0.0053,0.6192,0.6247,1.009,0.0028,0.041678
all,unplanned_icu,CO2,PerRI,11000,6815,0.5064,0.4951,0.5177,0.5039,0.5071,0.0032,0.6195,0.6104,0.985,-0.0133,0.061905
all,unplanned_icu,CO2,PopRI,11015,6820,0.5123,0.501,0.5235,0.5228,0.5257,0.0029,0.6192,0.6184,0.999,-0.0065,0.045483
all,unplanned_icu,CRE,Cohen_m2,36501,8245,0.6267,0.6198,0.6335,0.5916,0.6495,0.0579,0.2259,0.3208,1.42,0.0446,0.0
all,unplanned_icu,CRE,Cohen_m3,36501,8245,0.6523,0.6456,0.6589,0.5916,0.6744,0.0828,0.2259,0.3401,1.506,0.0702,0.0
all,unplanned_icu,CRE,Cohen_m4,36501,8245,0.5965,0.5895,0.6035,0.5916,0.6421,0.0504,0.2259,0.3009,1.332,0.0145,1e-06
all,unplanned_icu,CRE,Gaussian_eb,36501,8245,0.6107,0.6038,0.6176,0.5916,0.6314,0.0398,0.2259,0.2997,1.327,0.0287,0.0
all,unplanned_icu,CRE,Gaussian_mle,35747,8063,0.5662,0.5591,0.5732,0.5863,0.5989,0.0125,0.2256,0.2643,1.172,-0.0172,0.0
all,unplanned_icu,CRE,Gaussian_trunc,35747,8063,0.5377,0.5307,0.5447,0.5863,0.5874,0.001,0.2256,0.2371,1.051,-0.0456,0.0
all,unplanned_icu,CRE,NORMA_334f7e21,36501,8245,0.5867,0.5797,0.5937,0.5916,0.6186,0.027,0.2259,0.2857,1.265,0.0046,1e-06
all,unplanned_icu,CRE,NORMA_q_age,36501,8245,0.5831,0.5761,0.59,0.5916,0.6165,0.0248,0.2259,0.2812,1.245,0.001,0.282913
all,unplanned_icu,CRE,NORMA_q_age_set,36501,8245,0.5821,0.5751,0.5891,0.5916,0.6155,0.0239,0.2259,0.2818,1.248,,
all,unplanned_icu,CRE,NORMA_q_age_set_co,36501,8245,0.577,0.57,0.5841,0.5916,0.6144,0.0228,0.2259,0.2772,1.227,-0.005,2e-05
all,unplanned_icu,CRE,PerRI,36318,8197,0.543,0.5359,0.5501,0.5835,0.5944,0.0109,0.2257,0.2564,1.136,-0.0397,0.0
all,unplanned_icu,CRE,PopRI,36501,8245,0.5946,0.5876,0.6016,0.5916,0.6216,0.03,0.2259,0.2938,1.301,0.0125,5e-06
all,unplanned_icu,GLU,Cohen_m2,30550,9005,0.5576,0.5508,0.5644,0.5336,0.5661,0.0325,0.2948,0.322,1.092,-0.0281,0.0
all,unplanned_icu,GLU,Cohen_m3,30550,9005,0.5511,0.5443,0.5578,0.5336,0.5724,0.0388,0.2948,0.3092,1.049,-0.0347,0.0
all,unplanned_icu,GLU,Cohen_m4,30550,9005,0.5459,0.5391,0.5526,0.5336,0.5622,0.0286,0.2948,0.3033,1.029,-0.0398,0.0
all,unplanned_icu,GLU,Gaussian_eb,30550,9005,0.5674,0.5605,0.5742,0.5336,0.5696,0.036,0.2948,0.3432,1.164,-0.0183,0.0
all,unplanned_icu,GLU,Gaussian_mle,28673,8497,0.5678,0.5607,0.5749,0.5317,0.5751,0.0435,0.2963,0.3413,1.152,-0.0171,0.0
all,unplanned_icu,GLU,Gaussian_trunc,28673,8497,0.5559,0.5488,0.5631,0.5317,0.5655,0.0338,0.2963,0.3319,1.12,-0.0289,0.0
all,unplanned_icu,GLU,NORMA_334f7e21,30550,9005,0.5808,0.5739,0.5876,0.5336,0.587,0.0535,0.2948,0.345,1.17,-0.0049,0.0
all,unplanned_icu,GLU,NORMA_q_age,30550,9005,0.5837,0.5768,0.5906,0.5336,0.5896,0.0561,0.2948,0.3486,1.182,-0.002,0.034237
all,unplanned_icu,GLU,NORMA_q_age_set,30550,9005,0.5857,0.5788,0.5926,0.5336,0.595,0.0614,0.2948,0.3538,1.2,,
all,unplanned_icu,GLU,NORMA_q_age_set_co,30550,9005,0.5733,0.5664,0.5802,0.5336,0.5819,0.0483,0.2948,0.3412,1.158,-0.0124,0.0
all,unplanned_icu,GLU,PerRI,30534,9001,0.4925,0.4855,0.4994,0.5417,0.5372,-0.0045,0.2948,0.2829,0.96,-0.0934,0.0
all,unplanned_icu,GLU,PopRI,30550,9005,0.5601,0.5533,0.5669,0.5336,0.5662,0.0326,0.2948,0.3243,1.1,-0.0256,0.0
all,unplanned_icu,HCT,Cohen_m2,37050,10151,0.5859,0.5795,0.5923,0.5434,0.6057,0.0623,0.274,0.3384,1.235,0.0106,0.000532
all,unplanned_icu,HCT,Cohen_m3,37050,10151,0.5833,0.577,0.5897,0.5434,0.6031,0.0597,0.274,0.3273,1.195,0.008,0.008414
all,unplanned_icu,HCT,Cohen_m4,37050,10151,0.5818,0.5754,0.5882,0.5434,0.5979,0.0545,0.274,0.3257,1.189,0.0065,0.024521
all,unplanned_icu,HCT,Gaussian_eb,37050,10151,0.6073,0.6009,0.6138,0.5434,0.6107,0.0674,0.274,0.3634,1.326,0.032,0.0
all,unplanned_icu,HCT,Gaussian_mle,34365,9397,0.599,0.5922,0.6058,0.5562,0.6066,0.0505,0.2734,0.3512,1.285,0.0218,0.0
all,unplanned_icu,HCT,Gaussian_trunc,34365,9397,0.5608,0.5539,0.5677,0.5562,0.5784,0.0223,0.2734,0.3262,1.193,-0.0165,2.5e-05
all,unplanned_icu,HCT,NORMA_334f7e21,37050,10151,0.582,0.5757,0.5883,0.5434,0.5897,0.0463,0.274,0.3155,1.151,0.0066,0.0
all,unplanned_icu,HCT,NORMA_q_age,37050,10151,0.5674,0.5611,0.5737,0.5434,0.5765,0.0331,0.274,0.3032,1.107,-0.008,0.0
all,unplanned_icu,HCT,NORMA_q_age_set,37050,10151,0.5753,0.569,0.5817,0.5434,0.585,0.0416,0.274,0.3134,1.144,,
all,unplanned_icu,HCT,NORMA_q_age_set_co,37050,10151,0.5771,0.5708,0.5834,0.5434,0.5873,0.044,0.274,0.3127,1.141,0.0018,0.076549
all,unplanned_icu,HCT,PerRI,36993,10150,0.4806,0.4744,0.4869,0.5422,0.5597,0.0175,0.2744,0.2488,0.907,-0.0947,0.0
all,unplanned_icu,HCT,PopRI,37050,10151,0.6032,0.5968,0.6097,0.5434,0.6072,0.0638,0.274,0.3559,1.299,0.0279,0.0
all,unplanned_icu,HGB,Cohen_m2,31437,9195,0.5519,0.545,0.5587,0.5464,0.5721,0.0258,0.2925,0.3257,1.113,0.0016,0.60507
all,unplanned_icu,HGB,Cohen_m3,31437,9195,0.5578,0.5509,0.5646,0.5464,0.5751,0.0288,0.2925,0.3307,1.131,0.0075,0.019744
all,unplanned_icu,HGB,Cohen_m4,31437,9195,0.5583,0.5515,0.5651,0.5464,0.5753,0.0289,0.2925,0.3265,1.116,0.0081,0.011756
all,unplanned_icu,HGB,Gaussian_eb,31437,9195,0.5794,0.5725,0.5863,0.5464,0.5812,0.0349,0.2925,0.3549,1.213,0.0291,0.0
all,unplanned_icu,HGB,Gaussian_mle,29417,8594,0.5692,0.562,0.5764,0.5513,0.5702,0.0189,0.2921,0.3373,1.155,0.0166,0.0
all,unplanned_icu,HGB,Gaussian_trunc,29417,8594,0.5563,0.5491,0.5635,0.5513,0.564,0.0127,0.2921,0.3279,1.122,0.0037,0.283864
all,unplanned_icu,HGB,NORMA_334f7e21,31437,9195,0.5488,0.5419,0.5556,0.5464,0.563,0.0166,0.2925,0.3176,1.086,-0.0015,0.133309
all,unplanned_icu,HGB,NORMA_q_age,31437,9195,0.5449,0.538,0.5518,0.5464,0.5599,0.0136,0.2925,0.3146,1.076,-0.0054,0.0
all,unplanned_icu,HGB,NORMA_q_age_set,31437,9195,0.5502,0.5434,0.5571,0.5464,0.5647,0.0183,0.2925,0.3213,1.098,,
all,unplanned_icu,HGB,NORMA_q_age_set_co,31437,9195,0.5529,0.546,0.5598,0.5464,0.5675,0.0211,0.2925,0.3221,1.101,0.0027,0.026729
all,unplanned_icu,HGB,PerRI,31390,9193,0.5091,0.5023,0.5159,0.5424,0.5466,0.0043,0.2929,0.2852,0.974,-0.0406,0.0
all,unplanned_icu,HGB,PopRI,31437,9195,0.5705,0.5636,0.5774,0.5464,0.572,0.0257,0.2925,0.3452,1.18,0.0203,0.0
all,unplanned_icu,K,Cohen_m2,34278,10111,0.6166,0.6101,0.6231,0.5231,0.6284,0.1054,0.295,0.3848,1.304,0.0,0.993547
all,unplanned_icu,K,Cohen_m3,34278,10111,0.6145,0.608,0.621,0.5231,0.6255,0.1024,0.295,0.3861,1.309,-0.0021,0.415744
all,unplanned_icu,K,Cohen_m4,34278,10111,0.6187,0.6123,0.6252,0.5231,0.6303,0.1073,0.295,0.3872,1.313,0.0021,0.367455
all,unplanned_icu,K,Gaussian_eb,34278,10111,0.6114,0.6049,0.6178,0.5231,0.625,0.1019,0.295,0.3806,1.29,-0.0052,0.013645
all,unplanned_icu,K,Gaussian_mle,34063,10085,0.578,0.5716,0.5844,0.5199,0.563,0.0431,0.2961,0.3299,1.114,-0.0398,0.0
all,unplanned_icu,K,Gaussian_trunc,34063,10085,0.534,0.5275,0.5406,0.5199,0.5369,0.0169,0.2961,0.3146,1.062,-0.0837,0.0
all,unplanned_icu,K,NORMA_334f7e21,34278,10111,0.6235,0.6171,0.6299,0.5231,0.6311,0.108,0.295,0.3868,1.311,0.0069,0.0
all,unplanned_icu,K,NORMA_q_age,34278,10111,0.6148,0.6085,0.6212,0.5231,0.6242,0.1011,0.295,0.3744,1.269,-0.0017,0.017247
all,unplanned_icu,K,NORMA_q_age_set,34278,10111,0.6166,0.6102,0.623,0.5231,0.6259,0.1028,0.295,0.3784,1.283,,
all,unplanned_icu,K,NORMA_q_age_set_co,34278,10111,0.622,0.6157,0.6284,0.5231,0.6302,0.1071,0.295,0.3798,1.287,0.0055,0.0
all,unplanned_icu,K,PerRI,34267,10111,0.5386,0.5322,0.545,0.5269,0.5184,-0.0085,0.2951,0.2992,1.014,-0.0779,0.0
all,unplanned_icu,K,PopRI,34278,10111,0.6033,0.5969,0.6096,0.5231,0.6153,0.0922,0.295,0.3598,1.22,-0.0133,0.0
all,unplanned_icu,NA,Cohen_m2,33857,10086,0.6463,0.6399,0.6527,0.5182,0.6437,0.1255,0.2979,0.4185,1.405,0.0091,8.3e-05
all,unplanned_icu,NA,Cohen_m3,33857,10086,0.6559,0.6496,0.6622,0.5182,0.6556,0.1374,0.2979,0.4296,1.442,0.0188,0.0
all,unplanned_icu,NA,Cohen_m4,33857,10086,0.6517,0.6454,0.6581,0.5182,0.6514,0.1332,0.2979,0.4318,1.449,0.0146,0.0
all,unplanned_icu,NA,Gaussian_eb,33857,10086,0.6473,0.641,0.6536,0.5182,0.6448,0.1266,0.2979,0.4093,1.374,0.0102,0.0
all,unplanned_icu,NA,Gaussian_mle,33286,9962,0.6053,0.5988,0.6117,0.5173,0.5961,0.0788,0.2993,0.3613,1.207,-0.033,0.0
all,unplanned_icu,NA,Gaussian_trunc,33286,9962,0.5526,0.546,0.5593,0.5173,0.5506,0.0333,0.2993,0.3323,1.11,-0.0856,0.0
all,unplanned_icu,NA,NORMA_334f7e21,33857,10086,0.6446,0.6382,0.6509,0.5182,0.6362,0.118,0.2979,0.4062,1.364,0.0074,0.0
all,unplanned_icu,NA,NORMA_q_age,33857,10086,0.6423,0.6359,0.6486,0.5182,0.6341,0.1159,0.2979,0.4002,1.343,0.0051,0.0
all,unplanned_icu,NA,NORMA_q_age_set,33857,10086,0.6372,0.6308,0.6435,0.5182,0.6292,0.111,0.2979,0.398,1.336,,
all,unplanned_icu,NA,NORMA_q_age_set_co,33857,10086,0.6454,0.639,0.6517,0.5182,0.6374,0.1192,0.2979,0.4082,1.37,0.0082,0.0
all,unplanned_icu,NA,PerRI,33831,10083,0.4919,0.4855,0.4983,0.5171,0.5386,0.0215,0.298,0.2785,0.935,-0.1455,0.0
all,unplanned_icu,NA,PopRI,33857,10086,0.6334,0.6271,0.6398,0.5182,0.6311,0.1129,0.2979,0.3951,1.326,-0.0037,0.062988
all,unplanned_icu,Overall,Cohen_m2,49990,10243,0.7093,0.7045,0.7142,0.5705,0.7069,0.1363,0.2049,0.3159,1.542,0.0012,0.49803
all,unplanned_icu,Overall,Cohen_m3,49990,10243,0.7047,0.6998,0.7096,0.5705,0.7142,0.1437,0.2049,0.3039,1.483,-0.0034,0.051073
all,unplanned_icu,Overall,Cohen_m4,49990,10243,0.6973,0.6923,0.7022,0.5705,0.699,0.1285,0.2049,0.2967,1.448,-0.0109,0.0
all,unplanned_icu,Overall,Gaussian_eb,49990,10243,0.7007,0.6957,0.7058,0.5705,0.7006,0.13,0.2049,0.3288,1.605,-0.0074,1.3e-05
all,unplanned_icu,Overall,Gaussian_mle,49651,10237,0.6966,0.6915,0.7018,0.5659,0.6926,0.1267,0.2062,0.3226,1.564,-0.0114,0.0
all,unplanned_icu,Overall,Gaussian_trunc,49651,10237,0.683,0.6778,0.6882,0.5659,0.6812,0.1154,0.2062,0.3123,1.515,-0.025,0.0
all,unplanned_icu,Overall,NORMA_334f7e21,49990,10243,0.7062,0.7011,0.7113,0.5705,0.7067,0.1362,0.2049,0.325,1.586,-0.0019,0.006425
all,unplanned_icu,Overall,NORMA_q_age,49990,10243,0.7052,0.7001,0.7103,0.5705,0.7065,0.136,0.2049,0.327,1.596,-0.0029,2.6e-05
all,unplanned_icu,Overall,NORMA_q_age_set,49990,10243,0.7081,0.703,0.7132,0.5705,0.7099,0.1394,0.2049,0.3329,1.625,,
all,unplanned_icu,Overall,NORMA_q_age_set_co,49990,10243,0.7017,0.6967,0.7068,0.5705,0.7034,0.1328,0.2049,0.3205,1.564,-0.0064,0.0
all,unplanned_icu,Overall,PerRI,49965,10243,0.6561,0.6509,0.6613,0.5733,0.6619,0.0886,0.205,0.2854,1.392,-0.0519,0.0
all,unplanned_icu,Overall,PopRI,49990,10243,0.699,0.694,0.704,0.5705,0.6968,0.1263,0.2049,0.3128,1.526,-0.0091,0.0
all,unplanned_icu,PLT,Cohen_m2,29222,9018,0.554,0.5469,0.561,0.5563,0.5725,0.0162,0.3086,0.3536,1.146,-0.0018,0.637981
all,unplanned_icu,PLT,Cohen_m3,29222,9018,0.5645,0.5574,0.5716,0.5563,0.5794,0.0231,0.3086,0.3538,1.146,0.0087,0.013733
all,unplanned_icu,PLT,Cohen_m4,29222,9018,0.5835,0.5764,0.5905,0.5563,0.5928,0.0365,0.3086,0.3752,1.216,0.0277,0.0
all,unplanned_icu,PLT,Gaussian_eb,29222,9018,0.531,0.524,0.5381,0.5563,0.5597,0.0034,0.3086,0.3246,1.052,-0.0247,0.0
all,unplanned_icu,PLT,Gaussian_mle,28848,8870,0.5193,0.5122,0.5264,0.5484,0.549,0.0006,0.3075,0.3154,1.026,-0.0368,0.0
all,unplanned_icu,PLT,Gaussian_trunc,28848,8870,0.5163,0.5092,0.5235,0.5484,0.5486,0.0002,0.3075,0.316,1.028,-0.0398,0.0
all,unplanned_icu,PLT,NORMA_334f7e21,29222,9018,0.5612,0.5541,0.5682,0.5563,0.5725,0.0161,0.3086,0.3432,1.112,0.0054,2.1e-05
all,unplanned_icu,PLT,NORMA_q_age,29222,9018,0.5509,0.5438,0.5579,0.5563,0.565,0.0087,0.3086,0.3328,1.078,-0.0049,4.8e-05
all,unplanned_icu,PLT,NORMA_q_age_set,29222,9018,0.5558,0.5488,0.5628,0.5563,0.5687,0.0124,0.3086,0.3382,1.096,,
all,unplanned_icu,PLT,NORMA_q_age_set_co,29222,9018,0.5717,0.5647,0.5787,0.5563,0.5798,0.0235,0.3086,0.3492,1.131,0.0159,0.0
all,unplanned_icu,PLT,PerRI,29139,9000,0.4925,0.4854,0.4997,0.5516,0.5549,0.0033,0.3089,0.3072,0.995,-0.0644,0.0
all,unplanned_icu,PLT,PopRI,29222,9018,0.5766,0.5695,0.5837,0.5563,0.5928,0.0365,0.3086,0.3686,1.194,0.0208,0.0
all,unplanned_icu,TBIL,Cohen_m2,24126,7811,0.5598,0.5521,0.5674,0.5627,0.5808,0.0182,0.3238,0.3642,1.125,0.019,0.0
all,unplanned_icu,TBIL,Cohen_m3,24126,7811,0.5627,0.555,0.5703,0.5627,0.5749,0.0122,0.3238,0.3584,1.107,0.0219,0.0
all,unplanned_icu,TBIL,Cohen_m4,24126,7811,0.55,0.5424,0.5577,0.5627,0.5698,0.0071,0.3238,0.3521,1.088,0.0092,0.002521
all,unplanned_icu,TBIL,Gaussian_eb,24126,7811,0.5356,0.5279,0.5433,0.5627,0.5662,0.0035,0.3238,0.346,1.069,-0.0052,0.035891
all,unplanned_icu,TBIL,Gaussian_mle,23750,7700,0.5296,0.5218,0.5373,0.5639,0.5636,-0.0003,0.3242,0.3424,1.056,-0.0108,1.6e-05
all,unplanned_icu,TBIL,Gaussian_trunc,23750,7700,0.5072,0.4994,0.515,0.5639,0.5638,-0.0,0.3242,0.325,1.002,-0.0332,0.0
all,unplanned_icu,TBIL,NORMA_334f7e21,24126,7811,0.5433,0.5356,0.551,0.5627,0.5698,0.0071,0.3238,0.3549,1.096,0.0025,0.023479
all,unplanned_icu,TBIL,NORMA_q_age,24126,7811,0.5412,0.5334,0.5489,0.5627,0.5701,0.0074,0.3238,0.356,1.1,0.0004,0.731142
all,unplanned_icu,TBIL,NORMA_q_age_set,24126,7811,0.5408,0.5331,0.5485,0.5627,0.5679,0.0052,0.3238,0.3511,1.084,,
all,unplanned_icu,TBIL,NORMA_q_age_set_co,24126,7811,0.5428,0.535,0.5505,0.5627,0.5703,0.0076,0.3238,0.3564,1.101,0.002,0.129873
all,unplanned_icu,TBIL,PerRI,24023,7789,0.5322,0.5244,0.5399,0.5594,0.5652,0.0059,0.3242,0.3517,1.085,-0.0082,0.032543
all,unplanned_icu,TBIL,PopRI,24126,7811,0.5311,0.5234,0.5388,0.5627,0.5657,0.003,0.3238,0.3444,1.064,-0.0097,0.005214
all,unplanned_icu,TP,Cohen_m2,24293,8056,0.5651,0.5575,0.5727,0.5543,0.586,0.0317,0.3316,0.3803,1.147,0.0377,0.0
all,unplanned_icu,TP,Cohen_m3,24293,8056,0.5543,0.5467,0.5619,0.5543,0.5789,0.0246,0.3316,0.3717,1.121,0.0269,0.0
all,unplanned_icu,TP,Cohen_m4,24293,8056,0.5567,0.549,0.5643,0.5543,0.5796,0.0253,0.3316,0.3739,1.128,0.0293,0.0
all,unplanned_icu,TP,Gaussian_eb,24293,8056,0.5299,0.5222,0.5377,0.5543,0.5657,0.0114,0.3316,0.3582,1.08,0.0025,0.342173
all,unplanned_icu,TP,Gaussian_mle,24046,7967,0.5282,0.5204,0.536,0.5539,0.5574,0.0035,0.3313,0.355,1.071,0.0009,0.773416
all,unplanned_icu,TP,Gaussian_trunc,24046,7967,0.5226,0.5148,0.5303,0.5539,0.5564,0.0024,0.3313,0.3496,1.055,-0.0048,0.261789
all,unplanned_icu,TP,NORMA_334f7e21,24293,8056,0.5274,0.5195,0.5352,0.5543,0.5638,0.0095,0.3316,0.3638,1.097,-0.0001,0.960973
all,unplanned_icu,TP,NORMA_q_age,24293,8056,0.5235,0.5157,0.5314,0.5543,0.5613,0.007,0.3316,0.3581,1.08,-0.0039,0.000237
all,unplanned_icu,TP,NORMA_q_age_set,24293,8056,0.5274,0.5196,0.5352,0.5543,0.5628,0.0085,0.3316,0.3626,1.094,,
all,unplanned_icu,TP,NORMA_q_age_set_co,24293,8056,0.5336,0.5258,0.5413,0.5543,0.5666,0.0123,0.3316,0.3652,1.101,0.0061,2e-06
all,unplanned_icu,TP,PerRI,24287,8056,0.5182,0.5106,0.5258,0.5527,0.5539,0.0012,0.3317,0.3422,1.032,-0.0091,0.065493
all,unplanned_icu,TP,PopRI,24293,8056,0.5205,0.5128,0.5282,0.5543,0.5613,0.007,0.3316,0.3551,1.071,-0.0069,0.007507
all,unplanned_icu,WBC,Cohen_m2,29418,8915,0.6173,0.6105,0.6241,0.5469,0.6092,0.0623,0.303,0.3783,1.248,0.0422,0.0
all,unplanned_icu,WBC,Cohen_m3,29418,8915,0.6099,0.6031,0.6167,0.5469,0.6062,0.0593,0.303,0.3693,1.219,0.0349,0.0
all,unplanned_icu,WBC,Cohen_m4,29418,8915,0.5982,0.5913,0.6051,0.5469,0.6001,0.0532,0.303,0.366,1.208,0.0232,0.0
all,unplanned_icu,WBC,Gaussian_eb,29418,8915,0.5904,0.5834,0.5973,0.5469,0.5934,0.0464,0.303,0.3592,1.185,0.0153,0.0
all,unplanned_icu,WBC,Gaussian_mle,29128,8819,0.5618,0.5548,0.5688,0.5565,0.5691,0.0127,0.3028,0.3356,1.108,-0.0139,0.0
all,unplanned_icu,WBC,Gaussian_trunc,29128,8819,0.5289,0.5218,0.5361,0.5565,0.5567,0.0003,0.3028,0.3201,1.057,-0.0467,0.0
all,unplanned_icu,WBC,NORMA_334f7e21,29418,8915,0.5815,0.5745,0.5885,0.5469,0.5839,0.037,0.303,0.3529,1.164,0.0065,0.0
all,unplanned_icu,WBC,NORMA_q_age,29418,8915,0.5764,0.5694,0.5834,0.5469,0.5796,0.0327,0.303,0.3493,1.152,0.0014,0.112476
all,unplanned_icu,WBC,NORMA_q_age_set,29418,8915,0.575,0.5681,0.582,0.5469,0.5783,0.0314,0.303,0.3472,1.146,,
all,unplanned_icu,WBC,NORMA_q_age_set_co,29418,8915,0.5768,0.5698,0.5838,0.5469,0.5807,0.0337,0.303,0.3499,1.155,0.0017,0.126632
all,unplanned_icu,WBC,PerRI,29410,8914,0.4925,0.4855,0.4995,0.5497,0.5508,0.0012,0.3031,0.295,0.973,-0.0824,0.0
all,unplanned_icu,WBC,PopRI,29418,8915,0.5753,0.5683,0.5823,0.5469,0.5897,0.0427,0.303,0.3514,1.159,0.0003,0.910449
pop_normal,mortality,ALB,Cohen_m2,21785,297,0.3787,0.3464,0.411,0.5268,0.6022,0.0754,0.0136,0.0106,0.777,-0.1085,0.0
pop_normal,mortality,ALB,Cohen_m3,21785,297,0.4737,0.445,0.5025,0.5268,0.5388,0.0121,0.0136,0.0121,0.889,-0.0135,0.414257
pop_normal,mortality,ALB,Cohen_m4,21785,297,0.473,0.4439,0.5021,0.5268,0.5318,0.005,0.0136,0.0121,0.89,-0.0142,0.367011
pop_normal,mortality,ALB,Gaussian_eb,21785,297,0.4994,0.4672,0.5315,0.5268,0.5277,0.0009,0.0136,0.0137,1.003,0.0122,0.466273
pop_normal,mortality,ALB,Gaussian_mle,21528,290,0.5395,0.5079,0.571,0.5513,0.5468,-0.0045,0.0135,0.0145,1.077,0.0504,0.007715
pop_normal,mortality,ALB,Gaussian_trunc,21528,290,0.5543,0.52,0.5886,0.5513,0.5647,0.0133,0.0135,0.0165,1.223,0.0653,0.006139
pop_normal,mortality,ALB,NORMA_334f7e21,21785,297,0.506,0.4746,0.5375,0.5268,0.5286,0.0018,0.0136,0.0144,1.057,0.0188,0.038353
pop_normal,mortality,ALB,NORMA_q_age,21785,297,0.4909,0.4577,0.524,0.5268,0.5273,0.0006,0.0136,0.0151,1.108,0.0036,0.667899
pop_normal,mortality,ALB,NORMA_q_age_set,21785,297,0.4872,0.4546,0.5199,0.5268,0.5137,-0.0131,0.0136,0.0141,1.034,,
pop_normal,mortality,ALB,NORMA_q_age_set_co,21785,297,0.513,0.4804,0.5455,0.5268,0.5287,0.0019,0.0136,0.0144,1.059,0.0257,0.020979
pop_normal,mortality,ALB,PerRI,21783,297,0.5317,0.4982,0.5652,0.525,0.5278,0.0028,0.0136,0.0164,1.2,0.0445,0.045553
pop_normal,mortality,ALB,PopRI,21785,297,0.7148,0.6892,0.7403,0.5268,0.7124,0.1857,0.0136,0.0266,1.954,0.2275,0.0
pop_normal,mortality,ALP,Cohen_m2,23126,704,0.6991,0.6804,0.7179,0.5739,0.7042,0.1303,0.0304,0.0616,2.022,0.0683,0.0
pop_normal,mortality,ALP,Cohen_m3,23126,704,0.6891,0.6687,0.7094,0.5739,0.6898,0.1159,0.0304,0.0733,2.407,0.0582,0.0
pop_normal,mortality,ALP,Cohen_m4,23126,704,0.7008,0.6809,0.7206,0.5739,0.7005,0.1266,0.0304,0.0782,2.57,0.0699,0.0
pop_normal,mortality,ALP,Gaussian_eb,23126,704,0.606,0.5869,0.6251,0.5739,0.6003,0.0264,0.0304,0.0411,1.35,-0.0248,0.018847
pop_normal,mortality,ALP,Gaussian_mle,22964,699,0.5451,0.5258,0.5644,0.6199,0.6216,0.0017,0.0304,0.0321,1.053,-0.0856,0.0
pop_normal,mortality,ALP,Gaussian_trunc,22964,699,0.5283,0.5076,0.5491,0.6199,0.6206,0.0007,0.0304,0.0315,1.036,-0.1024,0.0
pop_normal,mortality,ALP,NORMA_334f7e21,23126,704,0.637,0.6157,0.6582,0.5739,0.6058,0.0319,0.0304,0.048,1.575,0.0061,0.110219
pop_normal,mortality,ALP,NORMA_q_age,23126,704,0.6329,0.6113,0.6546,0.5739,0.611,0.0371,0.0304,0.0483,1.586,0.0021,0.601136
pop_normal,mortality,ALP,NORMA_q_age_set,23126,704,0.6309,0.6098,0.652,0.5739,0.6071,0.0332,0.0304,0.0469,1.541,,
pop_normal,mortality,ALP,NORMA_q_age_set_co,23126,704,0.6192,0.5971,0.6412,0.5739,0.6013,0.0274,0.0304,0.0463,1.522,-0.0117,0.022445
pop_normal,mortality,ALP,PerRI,23032,704,0.4408,0.4205,0.4611,0.5915,0.6206,0.0292,0.0306,0.0317,1.037,-0.1913,0.0
pop_normal,mortality,ALP,PopRI,23126,704,0.7124,0.6921,0.7327,0.5739,0.7187,0.1448,0.0304,0.0711,2.337,0.0815,0.0
pop_normal,mortality,ALT,Cohen_m2,19579,647,0.6121,0.5904,0.6338,0.5813,0.6216,0.0403,0.033,0.0469,1.42,-0.0221,0.060093
pop_normal,mortality,ALT,Cohen_m3,19579,647,0.6162,0.5944,0.638,0.5813,0.6364,0.0551,0.033,0.0493,1.492,-0.0181,0.189509
pop_normal,mortality,ALT,Cohen_m4,19579,647,0.6257,0.6042,0.6473,0.5813,0.6488,0.0675,0.033,0.0515,1.557,-0.0085,0.510917
pop_normal,mortality,ALT,Gaussian_eb,19579,647,0.6009,0.5798,0.6219,0.5813,0.621,0.0397,0.033,0.0449,1.359,-0.0334,0.003482
pop_normal,mortality,ALT,Gaussian_mle,19357,644,0.5506,0.5298,0.5713,0.5868,0.5889,0.0021,0.0333,0.0366,1.1,-0.0841,0.0
pop_normal,mortality,ALT,Gaussian_trunc,19357,644,0.5338,0.5121,0.5555,0.5868,0.5867,-0.0001,0.0333,0.0359,1.078,-0.1009,0.0
pop_normal,mortality,ALT,NORMA_334f7e21,19579,647,0.6374,0.6145,0.6604,0.5813,0.6376,0.0563,0.033,0.0607,1.837,0.0032,0.466675
pop_normal,mortality,ALT,NORMA_q_age,19579,647,0.631,0.608,0.6539,0.5813,0.6283,0.047,0.033,0.058,1.755,-0.0033,0.458909
pop_normal,mortality,ALT,NORMA_q_age_set,19579,647,0.6342,0.6113,0.6571,0.5813,0.6322,0.0509,0.033,0.058,1.754,,
pop_normal,mortality,ALT,NORMA_q_age_set_co,19579,647,0.6427,0.6198,0.6656,0.5813,0.6325,0.0512,0.033,0.0602,1.821,0.0085,0.177542
pop_normal,mortality,ALT,PerRI,19553,646,0.4654,0.4435,0.4873,0.5976,0.6139,0.0163,0.033,0.0304,0.921,-0.1691,0.0
pop_normal,mortality,ALT,PopRI,19579,647,0.5391,0.517,0.5612,0.5813,0.5834,0.0021,0.033,0.0379,1.146,-0.0951,0.0
pop_normal,mortality,AST,Cohen_m2,21659,661,0.7087,0.69,0.7274,0.5835,0.724,0.1405,0.0305,0.0627,2.056,0.045,1.2e-05
pop_normal,mortality,AST,Cohen_m3,21659,661,0.5882,0.5671,0.6093,0.5835,0.6128,0.0293,0.0305,0.0411,1.346,-0.0755,0.0
pop_normal,mortality,AST,Cohen_m4,21659,661,0.6238,0.603,0.6446,0.5835,0.6391,0.0556,0.0305,0.0446,1.46,-0.0399,0.000173
pop_normal,mortality,AST,Gaussian_eb,21659,661,0.6513,0.6312,0.6714,0.5835,0.6447,0.0613,0.0305,0.0483,1.582,-0.0124,0.180772
pop_normal,mortality,AST,Gaussian_mle,21584,656,0.6152,0.5953,0.635,0.5866,0.5972,0.0106,0.0304,0.0394,1.298,-0.0494,0.0
pop_normal,mortality,AST,Gaussian_trunc,21584,656,0.5846,0.5637,0.6054,0.5866,0.6,0.0134,0.0304,0.0373,1.227,-0.08,0.0
pop_normal,mortality,AST,NORMA_334f7e21,21659,661,0.6737,0.6526,0.6948,0.5835,0.6495,0.0661,0.0305,0.0578,1.895,0.01,0.006931
pop_normal,mortality,AST,NORMA_q_age,21659,661,0.6596,0.6383,0.6809,0.5835,0.6405,0.0571,0.0305,0.0541,1.774,-0.0041,0.255908
pop_normal,mortality,AST,NORMA_q_age_set,21659,661,0.6637,0.6427,0.6847,0.5835,0.6398,0.0564,0.0305,0.0547,1.791,,
pop_normal,mortality,AST,NORMA_q_age_set_co,21659,661,0.6683,0.6471,0.6894,0.5835,0.646,0.0626,0.0305,0.057,1.868,0.0046,0.31441
pop_normal,mortality,AST,PerRI,21631,660,0.4923,0.4709,0.5136,0.5997,0.6004,0.0007,0.0305,0.0297,0.974,-0.1714,0.0
pop_normal,mortality,AST,PopRI,21659,661,0.7134,0.6923,0.7345,0.5835,0.7315,0.1481,0.0305,0.0741,2.427,0.0497,2.5e-05
pop_normal,mortality,BUN,Cohen_m2,22491,563,0.5814,0.5566,0.6062,0.5307,0.5623,0.0316,0.025,0.035,1.4,-0.0194,0.125643
pop_normal,mortality,BUN,Cohen_m3,22491,563,0.5774,0.5538,0.601,0.5307,0.5543,0.0236,0.025,0.0324,1.294,-0.0234,0.051383
pop_normal,mortality,BUN,Cohen_m4,22491,563,0.5587,0.5322,0.5851,0.5307,0.5383,0.0076,0.025,0.038,1.519,-0.0421,0.000986
pop_normal,mortality,BUN,Gaussian_eb,22491,563,0.5972,0.5734,0.621,0.5307,0.5903,0.0596,0.025,0.0408,1.631,-0.0036,0.7563
pop_normal,mortality,BUN,Gaussian_mle,22211,562,0.5635,0.5421,0.5848,0.5266,0.5289,0.0024,0.0253,0.0286,1.128,-0.0383,0.001298
pop_normal,mortality,BUN,Gaussian_trunc,22211,562,0.4939,0.471,0.5168,0.5266,0.5264,-0.0002,0.0253,0.0244,0.966,-0.1079,0.0
pop_normal,mortality,BUN,NORMA_334f7e21,22491,563,0.613,0.5885,0.6375,0.5307,0.5947,0.064,0.025,0.0396,1.584,0.0122,0.012225
pop_normal,mortality,BUN,NORMA_q_age,22491,563,0.6034,0.579,0.6278,0.5307,0.5794,0.0487,0.025,0.0392,1.567,0.0027,0.599132
pop_normal,mortality,BUN,NORMA_q_age_set,22491,563,0.6008,0.5764,0.6252,0.5307,0.5852,0.0545,0.025,0.0397,1.586,,
pop_normal,mortality,BUN,NORMA_q_age_set_co,22491,563,0.5747,0.5493,0.6001,0.5307,0.5676,0.0369,0.025,0.0371,1.481,-0.0261,0.00018
pop_normal,mortality,BUN,PerRI,22472,562,0.4292,0.407,0.4515,0.5235,0.5687,0.0452,0.025,0.0272,1.088,-0.1713,0.0
pop_normal,mortality,BUN,PopRI,22491,563,0.5819,0.5602,0.6035,0.5307,0.5801,0.0494,0.025,0.0311,1.241,-0.0189,0.101912
pop_normal,mortality,CA,Cohen_m2,21196,586,0.5897,0.5624,0.617,0.5958,0.6224,0.0266,0.0276,0.0638,2.308,-0.0449,4e-05
pop_normal,mortality,CA,Cohen_m3,21196,586,0.6242,0.599,0.6494,0.5958,0.6622,0.0664,0.0276,0.0661,2.392,-0.0104,0.311428
pop_normal,mortality,CA,Cohen_m4,21196,586,0.6354,0.6115,0.6593,0.5958,0.6651,0.0693,0.0276,0.0607,2.197,0.0008,0.931835
pop_normal,mortality,CA,Gaussian_eb,21196,586,0.6004,0.5772,0.6236,0.5958,0.6332,0.0374,0.0276,0.0508,1.838,-0.0342,0.000458
pop_normal,mortality,CA,Gaussian_mle,20858,581,0.5503,0.5283,0.5723,0.5845,0.5915,0.007,0.0279,0.0315,1.131,-0.0848,0.0
pop_normal,mortality,CA,Gaussian_trunc,20858,581,0.5394,0.5154,0.5634,0.5845,0.5905,0.006,0.0279,0.0308,1.106,-0.0957,0.0
pop_normal,mortality,CA,NORMA_334f7e21,21196,586,0.6512,0.6285,0.6739,0.5958,0.672,0.0762,0.0276,0.0514,1.859,0.0166,0.002461
pop_normal,mortality,CA,NORMA_q_age,21196,586,0.6586,0.635,0.6821,0.5958,0.6747,0.0789,0.0276,0.0564,2.041,0.024,1e-06
pop_normal,mortality,CA,NORMA_q_age_set,21196,586,0.6346,0.611,0.6582,0.5958,0.6671,0.0712,0.0276,0.0505,1.828,,
pop_normal,mortality,CA,NORMA_q_age_set_co,21196,586,0.6393,0.6167,0.6619,0.5958,0.6525,0.0567,0.0276,0.0449,1.625,0.0047,0.475572
pop_normal,mortality,CA,PerRI,21179,586,0.5379,0.5148,0.561,0.6082,0.6072,-0.001,0.0277,0.0323,1.168,-0.0968,0.0
pop_normal,mortality,CA,PopRI,21196,586,0.6756,0.6571,0.6941,0.5958,0.6781,0.0823,0.0276,0.0449,1.624,0.041,0.002394
pop_normal,mortality,CL,Cohen_m2,24545,667,0.6419,0.6192,0.6646,0.5644,0.6419,0.0774,0.0272,0.0598,2.202,0.0004,0.969887
pop_normal,mortality,CL,Cohen_m3,24545,667,0.6269,0.6044,0.6494,0.5644,0.6194,0.055,0.0272,0.0498,1.832,-0.0146,0.147805
pop_normal,mortality,CL,Cohen_m4,24545,667,0.6196,0.5969,0.6424,0.5644,0.6149,0.0504,0.0272,0.0458,1.685,-0.0219,0.030274
pop_normal,mortality,CL,Gaussian_eb,24545,667,0.6344,0.6146,0.6542,0.5644,0.628,0.0636,0.0272,0.0521,1.917,-0.0071,0.433919
pop_normal,mortality,CL,Gaussian_mle,24134,660,0.5791,0.5598,0.5983,0.6034,0.6145,0.0112,0.0273,0.0318,1.163,-0.0643,0.0
pop_normal,mortality,CL,Gaussian_trunc,24134,660,0.4547,0.434,0.4753,0.6034,0.6125,0.0092,0.0273,0.0235,0.858,-0.1888,0.0
pop_normal,mortality,CL,NORMA_334f7e21,24545,667,0.6533,0.6321,0.6745,0.5644,0.6488,0.0843,0.0272,0.0511,1.881,0.0118,0.002812
pop_normal,mortality,CL,NORMA_q_age,24545,667,0.6424,0.6211,0.6637,0.5644,0.6356,0.0711,0.0272,0.0467,1.72,0.0009,0.830206
pop_normal,mortality,CL,NORMA_q_age_set,24545,667,0.6415,0.6201,0.6629,0.5644,0.6413,0.0769,0.0272,0.0485,1.786,,
pop_normal,mortality,CL,NORMA_q_age_set_co,24545,667,0.6659,0.6455,0.6862,0.5644,0.6388,0.0743,0.0272,0.0492,1.809,0.0243,0.000169
pop_normal,mortality,CL,PerRI,24540,667,0.4851,0.4637,0.5066,0.5861,0.5785,-0.0076,0.0272,0.0367,1.349,-0.1564,0.0
pop_normal,mortality,CL,PopRI,24545,667,0.6353,0.6176,0.653,0.5644,0.6343,0.0699,0.0272,0.0376,1.385,-0.0062,0.507354
pop_normal,mortality,CO2,Cohen_m2,9378,557,0.6144,0.59,0.6389,0.5506,0.6018,0.0512,0.0594,0.0953,1.605,0.0418,0.001456
pop_normal,mortality,CO2,Cohen_m3,9378,557,0.5906,0.5664,0.6148,0.5506,0.5892,0.0387,0.0594,0.0867,1.46,0.0179,0.16361
pop_normal,mortality,CO2,Cohen_m4,9378,557,0.6033,0.579,0.6277,0.5506,0.6062,0.0557,0.0594,0.0859,1.447,0.0307,0.014561
pop_normal,mortality,CO2,Gaussian_eb,9378,557,0.6198,0.5946,0.6449,0.5506,0.6265,0.076,0.0594,0.123,2.072,0.0471,1.9e-05
pop_normal,mortality,CO2,Gaussian_mle,9288,555,0.5268,0.5046,0.5491,0.5907,0.5848,-0.0059,0.0598,0.0602,1.007,-0.0464,0.00015
pop_normal,mortality,CO2,Gaussian_trunc,9288,555,0.4959,0.4727,0.5191,0.5907,0.5863,-0.0044,0.0598,0.0587,0.982,-0.0773,0.0
pop_normal,mortality,CO2,NORMA_334f7e21,9378,557,0.6058,0.5814,0.6302,0.5506,0.5829,0.0324,0.0594,0.0846,1.424,0.0331,0.0
pop_normal,mortality,CO2,NORMA_q_age,9378,557,0.5854,0.5605,0.6103,0.5506,0.5715,0.021,0.0594,0.0783,1.318,0.0127,0.010884
pop_normal,mortality,CO2,NORMA_q_age_set,9378,557,0.5727,0.5477,0.5976,0.5506,0.5652,0.0146,0.0594,0.0777,1.308,,
pop_normal,mortality,CO2,NORMA_q_age_set_co,9378,557,0.5894,0.5656,0.6132,0.5506,0.573,0.0225,0.0594,0.0751,1.264,0.0167,0.032854
pop_normal,mortality,CO2,PerRI,9372,557,0.456,0.4333,0.4787,0.5539,0.5652,0.0113,0.0594,0.0548,0.921,-0.1171,0.0
pop_normal,mortality,CO2,PopRI,9378,557,0.615,0.5917,0.6384,0.5506,0.6204,0.0698,0.0594,0.0814,1.371,0.0424,0.000101
pop_normal,mortality,CRE,Cohen_m2,33932,647,0.7664,0.7445,0.7883,0.623,0.7931,0.1701,0.0191,0.0982,5.15,0.0735,0.0
pop_normal,mortality,CRE,Cohen_m3,33932,647,0.7685,0.7473,0.7897,0.623,0.7914,0.1684,0.0191,0.1126,5.903,0.0756,0.0
pop_normal,mortality,CRE,Cohen_m4,33932,647,0.7299,0.7069,0.7529,0.623,0.7669,0.1439,0.0191,0.1134,5.948,0.0369,0.001186
pop_normal,mortality,CRE,Gaussian_eb,33932,647,0.7173,0.6966,0.7379,0.623,0.7556,0.1326,0.0191,0.0577,3.025,0.0243,0.011896
pop_normal,mortality,CRE,Gaussian_mle,33385,637,0.6327,0.6114,0.6539,0.6127,0.6485,0.0358,0.0191,0.0327,1.712,-0.0637,0.0
pop_normal,mortality,CRE,Gaussian_trunc,33385,637,0.543,0.5218,0.5641,0.6127,0.6141,0.0014,0.0191,0.0205,1.075,-0.1534,0.0
pop_normal,mortality,CRE,NORMA_334f7e21,33932,647,0.6971,0.6738,0.7204,0.623,0.7188,0.0958,0.0191,0.0678,3.554,0.0042,0.463456
pop_normal,mortality,CRE,NORMA_q_age,33932,647,0.6886,0.6658,0.7114,0.623,0.7154,0.0924,0.0191,0.0579,3.039,-0.0043,0.39622
pop_normal,mortality,CRE,NORMA_q_age_set,33932,647,0.693,0.6701,0.7158,0.623,0.7156,0.0926,0.0191,0.0611,3.205,,
pop_normal,mortality,CRE,NORMA_q_age_set_co,33932,647,0.6839,0.6602,0.7077,0.623,0.7227,0.0997,0.0191,0.0613,3.213,-0.009,0.15345
pop_normal,mortality,CRE,PerRI,33886,645,0.6466,0.6228,0.6704,0.6328,0.7018,0.069,0.019,0.0575,3.018,-0.0482,0.000145
pop_normal,mortality,CRE,PopRI,33932,647,0.6078,0.5867,0.6289,0.623,0.6851,0.062,0.0191,0.027,1.416,-0.0852,0.0
pop_normal,mortality,GLU,Cohen_m2,16645,567,0.6414,0.6206,0.6623,0.6156,0.6568,0.0412,0.0341,0.0478,1.404,0.0783,0.0
pop_normal,mortality,GLU,Cohen_m3,16645,567,0.7297,0.7068,0.7526,0.6156,0.7348,0.1192,0.0341,0.0962,2.824,0.1665,0.0
pop_normal,mortality,GLU,Cohen_m4,16645,567,0.7574,0.7372,0.7776,0.6156,0.7623,0.1468,0.0341,0.1042,3.058,0.1943,0.0
pop_normal,mortality,GLU,Gaussian_eb,16645,567,0.6296,0.6062,0.653,0.6156,0.6448,0.0293,0.0341,0.0566,1.662,0.0665,0.0
pop_normal,mortality,GLU,Gaussian_mle,15537,554,0.5877,0.5646,0.6109,0.6162,0.6377,0.0215,0.0357,0.0464,1.301,0.0248,0.036599
pop_normal,mortality,GLU,Gaussian_trunc,15537,554,0.55,0.5266,0.5733,0.6162,0.6222,0.0059,0.0357,0.0429,1.204,-0.0129,0.322066
pop_normal,mortality,GLU,NORMA_334f7e21,16645,567,0.5389,0.5151,0.5627,0.6156,0.6157,0.0002,0.0341,0.0371,1.088,-0.0242,0.000925
pop_normal,mortality,GLU,NORMA_q_age,16645,567,0.5776,0.5542,0.6011,0.6156,0.6228,0.0072,0.0341,0.0413,1.212,0.0145,0.036262
pop_normal,mortality,GLU,NORMA_q_age_set,16645,567,0.5631,0.5393,0.587,0.6156,0.62,0.0045,0.0341,0.0398,1.169,,
pop_normal,mortality,GLU,NORMA_q_age_set_co,16645,567,0.5385,0.5154,0.5616,0.6156,0.617,0.0014,0.0341,0.0368,1.079,-0.0246,0.039179
pop_normal,mortality,GLU,PerRI,16632,567,0.4856,0.4648,0.5064,0.617,0.6286,0.0116,0.0341,0.0347,1.017,-0.0777,1e-06
pop_normal,mortality,GLU,PopRI,16645,567,0.5395,0.5191,0.5599,0.6156,0.6166,0.001,0.0341,0.037,1.085,-0.0236,0.013813
pop_normal,mortality,HCT,Cohen_m2,14388,199,0.6165,0.5771,0.6559,0.5625,0.5958,0.0333,0.0138,0.0198,1.43,0.0987,9.6e-05
pop_normal,mortality,HCT,Cohen_m3,14388,199,0.5744,0.5365,0.6122,0.5625,0.5609,-0.0016,0.0138,0.016,1.158,0.0566,0.021865
pop_normal,mortality,HCT,Cohen_m4,14388,199,0.5975,0.5543,0.6407,0.5625,0.6169,0.0544,0.0138,0.0334,2.412,0.0796,0.005688
pop_normal,mortality,HCT,Gaussian_eb,14388,199,0.5534,0.5126,0.5942,0.5625,0.5675,0.005,0.0138,0.0191,1.379,0.0356,0.134338
pop_normal,mortality,HCT,Gaussian_mle,13327,187,0.5141,0.4731,0.555,0.593,0.578,-0.015,0.014,0.0152,1.085,-0.0009,0.972691
pop_normal,mortality,HCT,Gaussian_trunc,13327,187,0.5248,0.482,0.5676,0.593,0.5759,-0.0171,0.014,0.0177,1.262,0.0099,0.736887
pop_normal,mortality,HCT,NORMA_334f7e21,14388,199,0.5266,0.4877,0.5656,0.5625,0.5454,-0.0171,0.0138,0.015,1.087,0.0088,0.491647
pop_normal,mortality,HCT,NORMA_q_age,14388,199,0.5288,0.4907,0.567,0.5625,0.5519,-0.0107,0.0138,0.0152,1.097,0.011,0.363987
pop_normal,mortality,HCT,NORMA_q_age_set,14388,199,0.5178,0.4789,0.5567,0.5625,0.5559,-0.0066,0.0138,0.0149,1.076,,
pop_normal,mortality,HCT,NORMA_q_age_set_co,14388,199,0.5355,0.4939,0.5772,0.5625,0.5497,-0.0128,0.0138,0.0167,1.205,0.0177,0.225193
pop_normal,mortality,HCT,PerRI,14332,198,0.5498,0.519,0.5805,0.5871,0.5963,0.0092,0.0138,0.0143,1.036,0.0343,0.210107
pop_normal,mortality,HCT,PopRI,14388,199,0.5569,0.5218,0.5921,0.5625,0.5677,0.0052,0.0138,0.016,1.157,0.0391,0.074766
pop_normal,mortality,HGB,Cohen_m2,11834,149,0.6147,0.5623,0.6671,0.5553,0.6656,0.1103,0.0126,0.0348,2.763,0.1185,0.000421
pop_normal,mortality,HGB,Cohen_m3,11834,149,0.582,0.5263,0.6377,0.5553,0.6382,0.0829,0.0126,0.0307,2.44,0.0857,0.011151
pop_normal,mortality,HGB,Cohen_m4,11834,149,0.6024,0.5466,0.6583,0.5553,0.6621,0.1067,0.0126,0.0351,2.788,0.1062,0.001912
pop_normal,mortality,HGB,Gaussian_eb,11834,149,0.5606,0.5148,0.6064,0.5553,0.5985,0.0432,0.0126,0.0193,1.534,0.0643,0.00501
pop_normal,mortality,HGB,Gaussian_mle,11072,141,0.539,0.495,0.583,0.5483,0.5484,0.0002,0.0127,0.0144,1.131,0.0508,0.04433
pop_normal,mortality,HGB,Gaussian_trunc,11072,141,0.5237,0.4754,0.5721,0.5483,0.5479,-0.0004,0.0127,0.0142,1.115,0.0355,0.211942
pop_normal,mortality,HGB,NORMA_334f7e21,11834,149,0.5173,0.4719,0.5626,0.5553,0.5576,0.0022,0.0126,0.0133,1.056,0.021,0.129341
pop_normal,mortality,HGB,NORMA_q_age,11834,149,0.5166,0.4714,0.5618,0.5553,0.5529,-0.0024,0.0126,0.0131,1.04,0.0203,0.19332
pop_normal,mortality,HGB,NORMA_q_age_set,11834,149,0.4963,0.4511,0.5414,0.5553,0.548,-0.0073,0.0126,0.0124,0.984,,
pop_normal,mortality,HGB,NORMA_q_age_set_co,11834,149,0.5375,0.4913,0.5837,0.5553,0.5503,-0.005,0.0126,0.014,1.112,0.0412,0.010821
pop_normal,mortality,HGB,PerRI,11791,149,0.5625,0.5245,0.6005,0.5504,0.5478,-0.0026,0.0126,0.0135,1.07,0.0665,0.029938
pop_normal,mortality,HGB,PopRI,11834,149,0.5765,0.5358,0.6171,0.5553,0.5934,0.0381,0.0126,0.0153,1.218,0.0802,0.000572
pop_normal,mortality,K,Cohen_m2,33851,863,0.7389,0.7218,0.756,0.5796,0.743,0.1634,0.0255,0.0693,2.718,-0.0045,0.540601
pop_normal,mortality,K,Cohen_m3,33851,863,0.7466,0.7309,0.7623,0.5796,0.7529,0.1734,0.0255,0.0602,2.362,0.0031,0.663517
pop_normal,mortality,K,Cohen_m4,33851,863,0.7475,0.7315,0.7636,0.5796,0.7466,0.167,0.0255,0.0633,2.481,0.0041,0.526832
pop_normal,mortality,K,Gaussian_eb,33851,863,0.705,0.6888,0.7212,0.5796,0.7059,0.1263,0.0255,0.0531,2.084,-0.0385,0.0
pop_normal,mortality,K,Gaussian_mle,33651,860,0.6146,0.5989,0.6303,0.5972,0.6168,0.0196,0.0256,0.0318,1.246,-0.1287,0.0
pop_normal,mortality,K,Gaussian_trunc,33651,860,0.5272,0.508,0.5464,0.5972,0.5938,-0.0035,0.0256,0.0281,1.1,-0.2161,0.0
pop_normal,mortality,K,NORMA_334f7e21,33851,863,0.747,0.7303,0.7637,0.5796,0.7422,0.1626,0.0255,0.0764,2.996,0.0036,0.186335
pop_normal,mortality,K,NORMA_q_age,33851,863,0.732,0.7153,0.7486,0.5796,0.7185,0.1389,0.0255,0.0629,2.466,-0.0115,0.00014
pop_normal,mortality,K,NORMA_q_age_set,33851,863,0.7434,0.7269,0.76,0.5796,0.7324,0.1528,0.0255,0.0711,2.788,,
pop_normal,mortality,K,NORMA_q_age_set_co,33851,863,0.726,0.7092,0.7427,0.5796,0.7146,0.1351,0.0255,0.0611,2.398,-0.0174,0.0
pop_normal,mortality,K,PerRI,33843,863,0.5388,0.5213,0.5564,0.5786,0.5811,0.0024,0.0255,0.0285,1.117,-0.2045,0.0
pop_normal,mortality,K,PopRI,33851,863,0.7316,0.7181,0.7451,0.5796,0.7588,0.1793,0.0255,0.0513,2.011,-0.0118,0.098453
pop_normal,mortality,NA,Cohen_m2,32768,795,0.7291,0.7092,0.7491,0.5769,0.7102,0.1333,0.0243,0.1027,4.233,0.0093,0.266405
pop_normal,mortality,NA,Cohen_m3,32768,795,0.7691,0.7523,0.7858,0.5769,0.7514,0.1745,0.0243,0.0758,3.126,0.0493,0.0
pop_normal,mortality,NA,Cohen_m4,32768,795,0.7476,0.7297,0.7655,0.5769,0.725,0.1481,0.0243,0.0789,3.251,0.0278,0.00099
pop_normal,mortality,NA,Gaussian_eb,32768,795,0.7097,0.6907,0.7287,0.5769,0.7018,0.1248,0.0243,0.0999,4.117,-0.0101,0.199013
pop_normal,mortality,NA,Gaussian_mle,32293,788,0.6419,0.6227,0.6611,0.5692,0.6286,0.0593,0.0244,0.0429,1.759,-0.0797,0.0
pop_normal,mortality,NA,Gaussian_trunc,32293,788,0.6386,0.6199,0.6574,0.5692,0.6258,0.0566,0.0244,0.0439,1.799,-0.083,0.0
pop_normal,mortality,NA,NORMA_334f7e21,32768,795,0.7313,0.7131,0.7494,0.5769,0.6793,0.1024,0.0243,0.0751,3.097,0.0115,0.000566
pop_normal,mortality,NA,NORMA_q_age,32768,795,0.718,0.6995,0.7365,0.5769,0.6683,0.0913,0.0243,0.0707,2.912,-0.0018,0.603159
pop_normal,mortality,NA,NORMA_q_age_set,32768,795,0.7198,0.7009,0.7387,0.5769,0.6891,0.1122,0.0243,0.0813,3.349,,
pop_normal,mortality,NA,NORMA_q_age_set_co,32768,795,0.732,0.7142,0.7499,0.5769,0.6781,0.1012,0.0243,0.0703,2.899,0.0122,0.002934
pop_normal,mortality,NA,PerRI,32744,795,0.5239,0.5067,0.5411,0.6011,0.6056,0.0045,0.0243,0.0256,1.053,-0.1963,0.0
pop_normal,mortality,NA,PopRI,32768,795,0.6909,0.6808,0.701,0.5769,0.7159,0.139,0.0243,0.0397,1.635,-0.0289,0.001816
pop_normal,mortality,Overall,Cohen_m2,46298,901,0.765,0.7511,0.7789,0.6304,0.7722,0.1418,0.0195,0.0552,2.835,0.0326,2e-06
pop_normal,mortality,Overall,Cohen_m3,46298,901,0.7744,0.7602,0.7886,0.6304,0.7784,0.1481,0.0195,0.0626,3.214,0.042,0.0
pop_normal,mortality,Overall,Cohen_m4,46298,901,0.7934,0.7797,0.8071,0.6304,0.7981,0.1677,0.0195,0.0794,4.08,0.061,0.0
pop_normal,mortality,Overall,Gaussian_eb,46298,901,0.7147,0.7011,0.7282,0.6304,0.7062,0.0758,0.0195,0.0357,1.835,-0.0177,0.003066
pop_normal,mortality,Overall,Gaussian_mle,46088,901,0.621,0.6062,0.6358,0.6314,0.647,0.0156,0.0195,0.0252,1.286,-0.1106,0.0
pop_normal,mortality,Overall,Gaussian_trunc,46088,901,0.6056,0.5895,0.6217,0.6314,0.653,0.0215,0.0195,0.0258,1.319,-0.126,0.0
pop_normal,mortality,Overall,NORMA_334f7e21,46298,901,0.7447,0.7309,0.7586,0.6304,0.7154,0.085,0.0195,0.0424,2.176,0.0124,3e-06
pop_normal,mortality,Overall,NORMA_q_age,46298,901,0.7353,0.7213,0.7493,0.6304,0.7037,0.0733,0.0195,0.0405,2.081,0.0029,0.255089
pop_normal,mortality,Overall,NORMA_q_age_set,46298,901,0.7324,0.7183,0.7465,0.6304,0.7027,0.0723,0.0195,0.04,2.053,,
pop_normal,mortality,Overall,NORMA_q_age_set_co,46298,901,0.7313,0.7172,0.7453,0.6304,0.7002,0.0699,0.0195,0.0394,2.023,-0.0011,0.699172
pop_normal,mortality,Overall,PerRI,46282,901,0.5694,0.5535,0.5853,0.6436,0.654,0.0105,0.0195,0.023,1.18,-0.163,0.0
pop_normal,mortality,Overall,PopRI,46298,901,0.654,0.643,0.665,0.6304,0.7093,0.0789,0.0195,0.0282,1.45,-0.0784,0.0
pop_normal,mortality,PLT,Cohen_m2,27556,487,0.4866,0.4599,0.5134,0.6261,0.631,0.0049,0.0177,0.0176,0.995,-0.0726,0.0
pop_normal,mortality,PLT,Cohen_m3,27556,487,0.5655,0.5417,0.5894,0.6261,0.6361,0.01,0.0177,0.0213,1.208,0.0063,0.624257
pop_normal,mortality,PLT,Cohen_m4,27556,487,0.6584,0.635,0.6818,0.6261,0.687,0.0609,0.0177,0.033,1.866,0.0992,0.0
pop_normal,mortality,PLT,Gaussian_eb,27556,487,0.4601,0.437,0.4831,0.6261,0.6417,0.0156,0.0177,0.0151,0.856,-0.0992,0.0
pop_normal,mortality,PLT,Gaussian_mle,27244,482,0.4309,0.4083,0.4535,0.6138,0.6417,0.0279,0.0177,0.0142,0.802,-0.1316,0.0
pop_normal,mortality,PLT,Gaussian_trunc,27244,482,0.4202,0.3953,0.4452,0.6138,0.6399,0.0261,0.0177,0.0142,0.801,-0.1422,0.0
pop_normal,mortality,PLT,NORMA_334f7e21,27556,487,0.5679,0.543,0.5928,0.6261,0.6323,0.0062,0.0177,0.021,1.188,0.0087,0.153233
pop_normal,mortality,PLT,NORMA_q_age,27556,487,0.5591,0.5339,0.5844,0.6261,0.6308,0.0047,0.0177,0.0205,1.158,-0.0001,0.98683
pop_normal,mortality,PLT,NORMA_q_age_set,27556,487,0.5592,0.5333,0.5851,0.6261,0.6314,0.0053,0.0177,0.0211,1.191,,
pop_normal,mortality,PLT,NORMA_q_age_set_co,27556,487,0.5444,0.5193,0.5696,0.6261,0.6301,0.004,0.0177,0.0196,1.108,-0.0148,0.026316
pop_normal,mortality,PLT,PerRI,27493,487,0.387,0.3616,0.4124,0.6288,0.6665,0.0377,0.0177,0.0139,0.786,-0.1727,0.0
pop_normal,mortality,PLT,PopRI,27556,487,0.6852,0.6605,0.7099,0.6261,0.699,0.0729,0.0177,0.0355,2.008,0.126,0.0
pop_normal,mortality,TBIL,Cohen_m2,23289,611,0.5847,0.5632,0.6062,0.6098,0.6176,0.0079,0.0262,0.0334,1.273,-0.046,0.000195
pop_normal,mortality,TBIL,Cohen_m3,23289,611,0.6065,0.5836,0.6293,0.6098,0.6439,0.0342,0.0262,0.0399,1.521,-0.0242,0.050956
pop_normal,mortality,TBIL,Cohen_m4,23289,611,0.5945,0.571,0.618,0.6098,0.6323,0.0226,0.0262,0.0473,1.804,-0.0362,0.000782
pop_normal,mortality,TBIL,Gaussian_eb,23289,611,0.6036,0.5798,0.6273,0.6098,0.651,0.0413,0.0262,0.0417,1.589,-0.0272,0.007604
pop_normal,mortality,TBIL,Gaussian_mle,22942,603,0.6011,0.5781,0.624,0.627,0.6321,0.0051,0.0263,0.0357,1.357,-0.0329,0.001013
pop_normal,mortality,TBIL,Gaussian_trunc,22942,603,0.5453,0.5231,0.5675,0.627,0.63,0.003,0.0263,0.0291,1.105,-0.0887,0.0
pop_normal,mortality,TBIL,NORMA_334f7e21,23289,611,0.6432,0.621,0.6655,0.6098,0.6681,0.0583,0.0262,0.0464,1.768,0.0125,0.003463
pop_normal,mortality,TBIL,NORMA_q_age,23289,611,0.6368,0.6144,0.6593,0.6098,0.6649,0.0552,0.0262,0.0455,1.736,0.0061,0.127887
pop_normal,mortality,TBIL,NORMA_q_age_set,23289,611,0.6307,0.6083,0.6532,0.6098,0.6544,0.0446,0.0262,0.0442,1.685,,
pop_normal,mortality,TBIL,NORMA_q_age_set_co,23289,611,0.617,0.5941,0.64,0.6098,0.6518,0.042,0.0262,0.0417,1.59,-0.0137,0.008863
pop_normal,mortality,TBIL,PerRI,23194,609,0.5771,0.553,0.6012,0.6192,0.6398,0.0206,0.0263,0.0354,1.35,-0.0526,2.8e-05
pop_normal,mortality,TBIL,PopRI,23289,611,0.5791,0.5579,0.6004,0.6098,0.6494,0.0396,0.0262,0.0319,1.217,-0.0516,1.8e-05
pop_normal,mortality,TP,Cohen_m2,21883,460,0.4508,0.4227,0.479,0.5663,0.5568,-0.0094,0.021,0.0225,1.071,-0.1116,0.0
pop_normal,mortality,TP,Cohen_m3,21883,460,0.4745,0.4468,0.5022,0.5663,0.5573,-0.0089,0.021,0.0229,1.088,-0.0879,0.0
pop_normal,mortality,TP,Cohen_m4,21883,460,0.4565,0.4278,0.4853,0.5663,0.5499,-0.0164,0.021,0.0219,1.044,-0.1059,0.0
pop_normal,mortality,TP,Gaussian_eb,21883,460,0.5346,0.5085,0.5607,0.5663,0.5836,0.0173,0.021,0.0269,1.281,-0.0279,0.030215
pop_normal,mortality,TP,Gaussian_mle,21698,458,0.5462,0.5211,0.5713,0.622,0.6198,-0.0022,0.0211,0.0236,1.117,-0.0157,0.233921
pop_normal,mortality,TP,Gaussian_trunc,21698,458,0.5237,0.4962,0.5512,0.622,0.6198,-0.0022,0.0211,0.0238,1.127,-0.0381,0.022927
pop_normal,mortality,TP,NORMA_334f7e21,21883,460,0.5867,0.5608,0.6125,0.5663,0.607,0.0407,0.021,0.0314,1.493,0.0242,0.000299
pop_normal,mortality,TP,NORMA_q_age,21883,460,0.5682,0.5413,0.5951,0.5663,0.5968,0.0305,0.021,0.0297,1.411,0.0057,0.3346
pop_normal,mortality,TP,NORMA_q_age_set,21883,460,0.5625,0.5357,0.5892,0.5663,0.5933,0.027,0.021,0.0298,1.42,,
pop_normal,mortality,TP,NORMA_q_age_set_co,21883,460,0.5818,0.5561,0.6075,0.5663,0.5965,0.0302,0.021,0.0299,1.423,0.0193,0.008326
pop_normal,mortality,TP,PerRI,21880,460,0.4544,0.4289,0.4798,0.5622,0.5707,0.0085,0.021,0.0182,0.865,-0.1081,0.0
pop_normal,mortality,TP,PopRI,21883,460,0.6882,0.665,0.7114,0.5663,0.6844,0.1181,0.021,0.0389,1.85,0.1257,0.0
pop_normal,mortality,WBC,Cohen_m2,27546,636,0.6198,0.5998,0.6398,0.5866,0.6223,0.0357,0.0231,0.0312,1.351,-0.0487,0.000152
pop_normal,mortality,WBC,Cohen_m3,27546,636,0.6121,0.5889,0.6352,0.5866,0.6462,0.0597,0.0231,0.0354,1.534,-0.0564,5e-06
pop_normal,mortality,WBC,Cohen_m4,27546,636,0.6552,0.6322,0.6782,0.5866,0.694,0.1074,0.0231,0.0511,2.213,-0.0133,0.237164
pop_normal,mortality,WBC,Gaussian_eb,27546,636,0.6337,0.6121,0.6552,0.5866,0.6478,0.0612,0.0231,0.0386,1.67,-0.0348,0.000567
pop_normal,mortality,WBC,Gaussian_mle,27305,636,0.6046,0.5851,0.624,0.6012,0.6062,0.005,0.0233,0.0289,1.242,-0.064,0.0
pop_normal,mortality,WBC,Gaussian_trunc,27305,636,0.5306,0.5103,0.551,0.6012,0.6027,0.0015,0.0233,0.0238,1.023,-0.1379,0.0
pop_normal,mortality,WBC,NORMA_334f7e21,27546,636,0.6763,0.6545,0.6981,0.5866,0.6935,0.107,0.0231,0.0561,2.43,0.0078,0.070537
pop_normal,mortality,WBC,NORMA_q_age,27546,636,0.6661,0.6441,0.6882,0.5866,0.6802,0.0936,0.0231,0.0511,2.214,-0.0023,0.604567
pop_normal,mortality,WBC,NORMA_q_age_set,27546,636,0.6685,0.6466,0.6904,0.5866,0.6833,0.0967,0.0231,0.0499,2.162,,
pop_normal,mortality,WBC,NORMA_q_age_set_co,27546,636,0.667,0.6447,0.6893,0.5866,0.6779,0.0913,0.0231,0.0488,2.115,-0.0015,0.823719
pop_normal,mortality,WBC,PerRI,27545,636,0.516,0.493,0.539,0.587,0.5911,0.0041,0.0231,0.0269,1.164,-0.1525,0.0
pop_normal,mortality,WBC,PopRI,27546,636,0.5883,0.5678,0.6088,0.5866,0.6292,0.0426,0.0231,0.0297,1.285,-0.0802,0.0
pop_normal,periop_infection,ALB,Cohen_m2,21785,1098,0.5072,0.489,0.5254,0.5908,0.592,0.0012,0.0504,0.0531,1.053,-0.0331,0.000566
pop_normal,periop_infection,ALB,Cohen_m3,21785,1098,0.4991,0.4823,0.5158,0.5908,0.5918,0.001,0.0504,0.0497,0.986,-0.0412,2e-06
pop_normal,periop_infection,ALB,Cohen_m4,21785,1098,0.5097,0.4929,0.5265,0.5908,0.5931,0.0023,0.0504,0.0512,1.017,-0.0306,0.000302
pop_normal,periop_infection,ALB,Gaussian_eb,21785,1098,0.5286,0.5113,0.546,0.5908,0.5983,0.0075,0.0504,0.0579,1.149,-0.0117,0.204855
pop_normal,periop_infection,ALB,Gaussian_mle,21528,1085,0.5503,0.5335,0.5671,0.5916,0.5926,0.001,0.0504,0.0597,1.185,0.0107,0.285402
pop_normal,periop_infection,ALB,Gaussian_trunc,21528,1085,0.5574,0.54,0.5749,0.5916,0.5974,0.0058,0.0504,0.0623,1.236,0.0178,0.12275
pop_normal,periop_infection,ALB,NORMA_334f7e21,21785,1098,0.5503,0.5331,0.5675,0.5908,0.6037,0.0129,0.0504,0.0593,1.177,0.01,0.027641
pop_normal,periop_infection,ALB,NORMA_q_age,21785,1098,0.5496,0.5321,0.5671,0.5908,0.6066,0.0157,0.0504,0.0604,1.198,0.0093,0.041009
pop_normal,periop_infection,ALB,NORMA_q_age_set,21785,1098,0.5403,0.5227,0.5579,0.5908,0.5999,0.009,0.0504,0.0589,1.168,,
pop_normal,periop_infection,ALB,NORMA_q_age_set_co,21785,1098,0.5433,0.5257,0.5608,0.5908,0.5998,0.009,0.0504,0.0587,1.164,0.003,0.560823
pop_normal,periop_infection,ALB,PerRI,21783,1098,0.5451,0.528,0.5622,0.5854,0.585,-0.0004,0.0504,0.0565,1.122,0.0048,0.680411
pop_normal,periop_infection,ALB,PopRI,21785,1098,0.6288,0.6128,0.6449,0.5908,0.6432,0.0524,0.0504,0.0732,1.453,0.0885,0.0
pop_normal,periop_infection,ALP,Cohen_m2,23126,1479,0.6444,0.6307,0.6581,0.629,0.6802,0.0513,0.064,0.099,1.548,0.0322,8e-06
pop_normal,periop_infection,ALP,Cohen_m3,23126,1479,0.6481,0.6337,0.6624,0.629,0.6907,0.0617,0.064,0.1146,1.791,0.0358,2e-06
pop_normal,periop_infection,ALP,Cohen_m4,23126,1479,0.6556,0.6412,0.6699,0.629,0.7001,0.0711,0.064,0.1111,1.737,0.0433,0.0
pop_normal,periop_infection,ALP,Gaussian_eb,23126,1479,0.5701,0.556,0.5842,0.629,0.6405,0.0115,0.064,0.0777,1.216,-0.0422,0.0
pop_normal,periop_infection,ALP,Gaussian_mle,22964,1475,0.5224,0.5082,0.5365,0.6118,0.6135,0.0017,0.0642,0.0655,1.02,-0.0923,0.0
pop_normal,periop_infection,ALP,Gaussian_trunc,22964,1475,0.5141,0.4995,0.5286,0.6118,0.612,0.0002,0.0642,0.0647,1.007,-0.1006,0.0
pop_normal,periop_infection,ALP,NORMA_334f7e21,23126,1479,0.612,0.5974,0.6265,0.629,0.6438,0.0149,0.064,0.089,1.392,-0.0003,0.902365
pop_normal,periop_infection,ALP,NORMA_q_age,23126,1479,0.613,0.5984,0.6276,0.629,0.6476,0.0186,0.064,0.0895,1.399,0.0007,0.78056
pop_normal,periop_infection,ALP,NORMA_q_age_set,23126,1479,0.6123,0.5977,0.6269,0.629,0.6453,0.0163,0.064,0.0889,1.391,,
pop_normal,periop_infection,ALP,NORMA_q_age_set_co,23126,1479,0.6125,0.5978,0.6273,0.629,0.6464,0.0174,0.064,0.0897,1.402,0.0003,0.937649
pop_normal,periop_infection,ALP,PerRI,23032,1477,0.4425,0.4285,0.4565,0.6041,0.6257,0.0216,0.0641,0.0547,0.853,-0.1711,0.0
pop_normal,periop_infection,ALP,PopRI,23126,1479,0.6287,0.6137,0.6437,0.629,0.6656,0.0366,0.064,0.1007,1.574,0.0164,0.053965
pop_normal,periop_infection,ALT,Cohen_m2,19579,1419,0.5865,0.5715,0.6015,0.6326,0.6347,0.0021,0.0725,0.0923,1.274,-0.0328,4.1e-05
pop_normal,periop_infection,ALT,Cohen_m3,19579,1419,0.6044,0.5898,0.6189,0.6326,0.6535,0.021,0.0725,0.0971,1.339,-0.015,0.103474
pop_normal,periop_infection,ALT,Cohen_m4,19579,1419,0.585,0.5704,0.5996,0.6326,0.6421,0.0095,0.0725,0.0911,1.257,-0.0344,3.8e-05
pop_normal,periop_infection,ALT,Gaussian_eb,19579,1419,0.5775,0.5627,0.5922,0.6326,0.6409,0.0083,0.0725,0.0889,1.226,-0.0419,0.0
pop_normal,periop_infection,ALT,Gaussian_mle,19357,1413,0.5418,0.5274,0.5561,0.6012,0.5977,-0.0036,0.073,0.0767,1.05,-0.0776,0.0
pop_normal,periop_infection,ALT,Gaussian_trunc,19357,1413,0.5196,0.505,0.5343,0.6012,0.6002,-0.001,0.073,0.0735,1.007,-0.0997,0.0
pop_normal,periop_infection,ALT,NORMA_334f7e21,19579,1419,0.6231,0.6079,0.6383,0.6326,0.6646,0.0321,0.0725,0.1091,1.506,0.0038,0.19894
pop_normal,periop_infection,ALT,NORMA_q_age,19579,1419,0.6191,0.6039,0.6343,0.6326,0.6649,0.0323,0.0725,0.1071,1.477,-0.0002,0.936558
pop_normal,periop_infection,ALT,NORMA_q_age_set,19579,1419,0.6193,0.604,0.6347,0.6326,0.663,0.0304,0.0725,0.1089,1.503,,
pop_normal,periop_infection,ALT,NORMA_q_age_set_co,19579,1419,0.621,0.6059,0.6362,0.6326,0.6634,0.0309,0.0725,0.1064,1.469,0.0017,0.681701
pop_normal,periop_infection,ALT,PerRI,19553,1419,0.4778,0.4633,0.4924,0.6043,0.6119,0.0076,0.0726,0.0659,0.907,-0.1424,0.0
pop_normal,periop_infection,ALT,PopRI,19579,1419,0.5764,0.5613,0.5914,0.6326,0.6526,0.02,0.0725,0.0895,1.234,-0.043,1.2e-05
pop_normal,periop_infection,AST,Cohen_m2,21659,1521,0.6425,0.6286,0.6563,0.6275,0.6823,0.0548,0.0702,0.1069,1.522,0.0153,0.032277
pop_normal,periop_infection,AST,Cohen_m3,21659,1521,0.5974,0.5831,0.6118,0.6275,0.6636,0.036,0.0702,0.0961,1.368,-0.0297,0.000501
pop_normal,periop_infection,AST,Cohen_m4,21659,1521,0.6105,0.5964,0.6246,0.6275,0.6611,0.0336,0.0702,0.0958,1.364,-0.0167,0.024945
pop_normal,periop_infection,AST,Gaussian_eb,21659,1521,0.5995,0.5854,0.6135,0.6275,0.6533,0.0258,0.0702,0.0909,1.295,-0.0277,9e-06
pop_normal,periop_infection,AST,Gaussian_mle,21584,1516,0.5662,0.5523,0.5801,0.6023,0.6072,0.0049,0.0702,0.0792,1.127,-0.0621,0.0
pop_normal,periop_infection,AST,Gaussian_trunc,21584,1516,0.5262,0.5116,0.5408,0.6023,0.6031,0.0008,0.0702,0.0743,1.057,-0.1021,0.0
pop_normal,periop_infection,AST,NORMA_334f7e21,21659,1521,0.6327,0.6182,0.6471,0.6275,0.6654,0.0379,0.0702,0.1077,1.534,0.0055,0.016767
pop_normal,periop_infection,AST,NORMA_q_age,21659,1521,0.6267,0.6122,0.6412,0.6275,0.6608,0.0332,0.0702,0.1045,1.488,-0.0005,0.840462
pop_normal,periop_infection,AST,NORMA_q_age_set,21659,1521,0.6272,0.6127,0.6417,0.6275,0.6619,0.0344,0.0702,0.1051,1.497,,
pop_normal,periop_infection,AST,NORMA_q_age_set_co,21659,1521,0.6315,0.6169,0.646,0.6275,0.667,0.0394,0.0702,0.1089,1.551,0.0043,0.146102
pop_normal,periop_infection,AST,PerRI,21631,1519,0.4926,0.4784,0.5069,0.6084,0.6062,-0.0021,0.0702,0.0678,0.966,-0.1345,0.0
pop_normal,periop_infection,AST,PopRI,21659,1521,0.6314,0.6168,0.6459,0.6275,0.6838,0.0562,0.0702,0.1075,1.531,0.0042,0.5992
pop_normal,periop_infection,BUN,Cohen_m2,22491,1321,0.5943,0.5778,0.6108,0.61,0.6354,0.0254,0.0587,0.0867,1.476,0.0014,0.86484
pop_normal,periop_infection,BUN,Cohen_m3,22491,1321,0.5944,0.5786,0.6101,0.61,0.6434,0.0334,0.0587,0.08,1.363,0.0015,0.853347
pop_normal,periop_infection,BUN,Cohen_m4,22491,1321,0.5882,0.5715,0.6048,0.61,0.6384,0.0284,0.0587,0.0886,1.509,-0.0047,0.577764
pop_normal,periop_infection,BUN,Gaussian_eb,22491,1321,0.5992,0.5838,0.6147,0.61,0.6431,0.0331,0.0587,0.0837,1.426,0.0064,0.382366
pop_normal,periop_infection,BUN,Gaussian_mle,22211,1314,0.5583,0.5436,0.5729,0.6132,0.6175,0.0044,0.0592,0.066,1.116,-0.0348,3e-06
pop_normal,periop_infection,BUN,Gaussian_trunc,22211,1314,0.495,0.4796,0.5105,0.6132,0.6089,-0.0043,0.0592,0.0594,1.004,-0.0981,0.0
pop_normal,periop_infection,BUN,NORMA_334f7e21,22491,1321,0.6063,0.5906,0.6219,0.61,0.6313,0.0213,0.0587,0.083,1.413,0.0134,2.5e-05
pop_normal,periop_infection,BUN,NORMA_q_age,22491,1321,0.6048,0.5891,0.6205,0.61,0.6342,0.0242,0.0587,0.0838,1.427,0.0119,9.8e-05
pop_normal,periop_infection,BUN,NORMA_q_age_set,22491,1321,0.5928,0.5769,0.6087,0.61,0.6287,0.0187,0.0587,0.0814,1.387,,
pop_normal,periop_infection,BUN,NORMA_q_age_set_co,22491,1321,0.5886,0.5726,0.6047,0.61,0.6262,0.0162,0.0587,0.0802,1.365,-0.0042,0.295922
pop_normal,periop_infection,BUN,PerRI,22472,1320,0.4494,0.4345,0.4643,0.6013,0.6123,0.011,0.0587,0.0564,0.96,-0.1436,0.0
pop_normal,periop_infection,BUN,PopRI,22491,1321,0.5911,0.5766,0.6056,0.61,0.65,0.0399,0.0587,0.0723,1.232,-0.0017,0.83078
pop_normal,periop_infection,CA,Cohen_m2,21196,1302,0.5503,0.5331,0.5675,0.6099,0.6198,0.0098,0.0614,0.0829,1.35,-0.0274,0.00071
pop_normal,periop_infection,CA,Cohen_m3,21196,1302,0.5518,0.5353,0.5683,0.6099,0.6214,0.0115,0.0614,0.0809,1.318,-0.0259,0.000306
pop_normal,periop_infection,CA,Cohen_m4,21196,1302,0.5581,0.542,0.5742,0.6099,0.6223,0.0124,0.0614,0.0806,1.312,-0.0195,0.004427
pop_normal,periop_infection,CA,Gaussian_eb,21196,1302,0.5614,0.5457,0.5772,0.6099,0.6278,0.0179,0.0614,0.0787,1.281,-0.0162,0.015558
pop_normal,periop_infection,CA,Gaussian_mle,20858,1292,0.537,0.5218,0.5523,0.6173,0.6182,0.0008,0.0619,0.0666,1.075,-0.0411,0.0
pop_normal,periop_infection,CA,Gaussian_trunc,20858,1292,0.5307,0.5146,0.5468,0.6173,0.6139,-0.0034,0.0619,0.0674,1.088,-0.0475,4e-06
pop_normal,periop_infection,CA,NORMA_334f7e21,21196,1302,0.5921,0.5759,0.6084,0.6099,0.6373,0.0273,0.0614,0.0848,1.381,0.0145,0.000144
pop_normal,periop_infection,CA,NORMA_q_age,21196,1302,0.594,0.5775,0.6106,0.6099,0.6404,0.0305,0.0614,0.088,1.433,0.0163,1e-06
pop_normal,periop_infection,CA,NORMA_q_age_set,21196,1302,0.5777,0.5612,0.5942,0.6099,0.6376,0.0276,0.0614,0.0837,1.363,,
pop_normal,periop_infection,CA,NORMA_q_age_set_co,21196,1302,0.5913,0.5753,0.6073,0.6099,0.6362,0.0263,0.0614,0.083,1.351,0.0136,0.000877
pop_normal,periop_infection,CA,PerRI,21179,1302,0.5379,0.5224,0.5535,0.5952,0.5986,0.0034,0.0615,0.067,1.09,-0.0399,9.3e-05
pop_normal,periop_infection,CA,PopRI,21196,1302,0.632,0.6172,0.6469,0.6099,0.665,0.055,0.0614,0.0888,1.445,0.0544,0.0
pop_normal,periop_infection,CL,Cohen_m2,24545,1463,0.5715,0.5558,0.5872,0.6233,0.6441,0.0208,0.0596,0.0857,1.438,-0.024,0.001475
pop_normal,periop_infection,CL,Cohen_m3,24545,1463,0.5788,0.5631,0.5946,0.6233,0.6523,0.029,0.0596,0.0877,1.472,-0.0167,0.01869
pop_normal,periop_infection,CL,Cohen_m4,24545,1463,0.567,0.5514,0.5826,0.6233,0.6462,0.0229,0.0596,0.0831,1.394,-0.0285,4.3e-05
pop_normal,periop_infection,CL,Gaussian_eb,24545,1463,0.5893,0.5744,0.6042,0.6233,0.6521,0.0288,0.0596,0.094,1.578,-0.0062,0.287386
pop_normal,periop_infection,CL,Gaussian_mle,24134,1452,0.5486,0.534,0.5631,0.6105,0.6157,0.0052,0.0602,0.0666,1.106,-0.0484,0.0
pop_normal,periop_infection,CL,Gaussian_trunc,24134,1452,0.4797,0.4649,0.4945,0.6105,0.61,-0.0005,0.0602,0.0558,0.927,-0.1172,0.0
pop_normal,periop_infection,CL,NORMA_334f7e21,24545,1463,0.6006,0.5853,0.6159,0.6233,0.6518,0.0285,0.0596,0.0884,1.484,0.0051,0.044666
pop_normal,periop_infection,CL,NORMA_q_age,24545,1463,0.5915,0.5764,0.6067,0.6233,0.6467,0.0234,0.0596,0.0832,1.396,-0.004,0.12859
pop_normal,periop_infection,CL,NORMA_q_age_set,24545,1463,0.5955,0.5804,0.6106,0.6233,0.6467,0.0234,0.0596,0.0858,1.44,,
pop_normal,periop_infection,CL,NORMA_q_age_set_co,24545,1463,0.6046,0.5896,0.6195,0.6233,0.6546,0.0313,0.0596,0.0846,1.419,0.0091,0.024089
pop_normal,periop_infection,CL,PerRI,24540,1463,0.4608,0.4462,0.4754,0.6231,0.6347,0.0116,0.0596,0.0565,0.949,-0.1348,0.0
pop_normal,periop_infection,CL,PopRI,24545,1463,0.5906,0.5769,0.6043,0.6233,0.6536,0.0303,0.0596,0.0732,1.228,-0.0049,0.417418
pop_normal,periop_infection,CO2,Cohen_m2,9378,973,0.5877,0.5683,0.6071,0.6223,0.6535,0.0312,0.1038,0.1423,1.372,0.0214,0.048593
pop_normal,periop_infection,CO2,Cohen_m3,9378,973,0.5518,0.5328,0.5708,0.6223,0.6389,0.0167,0.1038,0.1253,1.207,-0.0145,0.16486
pop_normal,periop_infection,CO2,Cohen_m4,9378,973,0.5637,0.5446,0.5828,0.6223,0.6411,0.0188,0.1038,0.1275,1.229,-0.0026,0.805344
pop_normal,periop_infection,CO2,Gaussian_eb,9378,973,0.5941,0.5747,0.6135,0.6223,0.6564,0.0341,0.1038,0.1551,1.495,0.0278,0.00142
pop_normal,periop_infection,CO2,Gaussian_mle,9288,966,0.5238,0.5057,0.5419,0.6253,0.6224,-0.0029,0.104,0.1053,1.013,-0.0426,4e-06
pop_normal,periop_infection,CO2,Gaussian_trunc,9288,966,0.4999,0.4811,0.5186,0.6253,0.6222,-0.003,0.104,0.1034,0.994,-0.0665,0.0
pop_normal,periop_infection,CO2,NORMA_334f7e21,9378,973,0.5806,0.5614,0.5998,0.6223,0.6433,0.0211,0.1038,0.1341,1.293,0.0143,8e-05
pop_normal,periop_infection,CO2,NORMA_q_age,9378,973,0.5703,0.551,0.5895,0.6223,0.6379,0.0156,0.1038,0.1283,1.237,0.004,0.249618
pop_normal,periop_infection,CO2,NORMA_q_age_set,9378,973,0.5663,0.5471,0.5855,0.6223,0.6356,0.0133,0.1038,0.1275,1.228,,
pop_normal,periop_infection,CO2,NORMA_q_age_set_co,9378,973,0.5676,0.5485,0.5867,0.6223,0.6353,0.013,0.1038,0.1245,1.2,0.0013,0.801892
pop_normal,periop_infection,CO2,PerRI,9372,973,0.4544,0.4357,0.4731,0.6198,0.6274,0.0076,0.1038,0.0934,0.899,-0.1123,0.0
pop_normal,periop_infection,CO2,PopRI,9378,973,0.597,0.578,0.616,0.6223,0.657,0.0348,0.1038,0.1378,1.328,0.0307,0.000723
pop_normal,periop_infection,CRE,Cohen_m2,33932,1483,0.6645,0.6493,0.6797,0.6487,0.7055,0.0568,0.0437,0.0986,2.257,0.0428,0.0
pop_normal,periop_infection,CRE,Cohen_m3,33932,1483,0.6558,0.6404,0.6711,0.6487,0.6898,0.0411,0.0437,0.0998,2.283,0.0341,7e-06
pop_normal,periop_infection,CRE,Cohen_m4,33932,1483,0.6188,0.6026,0.635,0.6487,0.6835,0.0349,0.0437,0.0927,2.121,-0.0029,0.702909
pop_normal,periop_infection,CRE,Gaussian_eb,33932,1483,0.6284,0.6136,0.6432,0.6487,0.6873,0.0386,0.0437,0.0735,1.681,0.0067,0.271955
pop_normal,periop_infection,CRE,Gaussian_mle,33385,1455,0.5669,0.5524,0.5814,0.6315,0.6415,0.01,0.0436,0.0522,1.197,-0.0598,0.0
pop_normal,periop_infection,CRE,Gaussian_trunc,33385,1455,0.5187,0.5045,0.5329,0.6315,0.6319,0.0004,0.0436,0.0432,0.99,-0.108,0.0
pop_normal,periop_infection,CRE,NORMA_334f7e21,33932,1483,0.6287,0.6139,0.6435,0.6487,0.6819,0.0333,0.0437,0.0777,1.777,0.007,0.031073
pop_normal,periop_infection,CRE,NORMA_q_age,33932,1483,0.6287,0.614,0.6434,0.6487,0.6815,0.0328,0.0437,0.0744,1.703,0.0071,0.017037
pop_normal,periop_infection,CRE,NORMA_q_age_set,33932,1483,0.6217,0.6068,0.6365,0.6487,0.6826,0.034,0.0437,0.0742,1.697,,
pop_normal,periop_infection,CRE,NORMA_q_age_set_co,33932,1483,0.6288,0.6138,0.6438,0.6487,0.6833,0.0346,0.0437,0.0741,1.696,0.0071,0.055647
pop_normal,periop_infection,CRE,PerRI,33886,1477,0.5803,0.5651,0.5955,0.6312,0.6493,0.018,0.0436,0.0635,1.456,-0.0407,0.0
pop_normal,periop_infection,CRE,PopRI,33932,1483,0.6061,0.5917,0.6205,0.6487,0.6744,0.0257,0.0437,0.0617,1.412,-0.0156,0.086607
pop_normal,periop_infection,GLU,Cohen_m2,16645,1159,0.5954,0.5793,0.6114,0.6099,0.6422,0.0322,0.0696,0.0864,1.24,0.025,0.009311
pop_normal,periop_infection,GLU,Cohen_m3,16645,1159,0.6678,0.6508,0.6848,0.6099,0.7038,0.0939,0.0696,0.1401,2.012,0.0975,0.0
pop_normal,periop_infection,GLU,Cohen_m4,16645,1159,0.6656,0.6491,0.682,0.6099,0.708,0.098,0.0696,0.1241,1.782,0.0952,0.0
pop_normal,periop_infection,GLU,Gaussian_eb,16645,1159,0.6039,0.5868,0.6209,0.6099,0.6479,0.0379,0.0696,0.101,1.45,0.0335,8e-06
pop_normal,periop_infection,GLU,Gaussian_mle,15537,1114,0.5783,0.5617,0.5949,0.6262,0.6319,0.0057,0.0717,0.0853,1.19,0.0045,0.587644
pop_normal,periop_infection,GLU,Gaussian_trunc,15537,1114,0.5468,0.53,0.5635,0.6262,0.6239,-0.0023,0.0717,0.0781,1.089,-0.027,0.003865
pop_normal,periop_infection,GLU,NORMA_334f7e21,16645,1159,0.5557,0.5395,0.5719,0.6099,0.6136,0.0037,0.0696,0.0765,1.099,-0.0146,0.00383
pop_normal,periop_infection,GLU,NORMA_q_age,16645,1159,0.5854,0.5691,0.6018,0.6099,0.6223,0.0124,0.0696,0.0844,1.212,0.0151,0.002342
pop_normal,periop_infection,GLU,NORMA_q_age_set,16645,1159,0.5704,0.5538,0.5869,0.6099,0.6185,0.0086,0.0696,0.0815,1.171,,
pop_normal,periop_infection,GLU,NORMA_q_age_set_co,16645,1159,0.5448,0.5287,0.5608,0.6099,0.6125,0.0026,0.0696,0.0744,1.069,-0.0256,0.001831
pop_normal,periop_infection,GLU,PerRI,16632,1159,0.481,0.4663,0.4958,0.6045,0.6215,0.0171,0.0697,0.0613,0.879,-0.0896,0.0
pop_normal,periop_infection,GLU,PopRI,16645,1159,0.5524,0.5375,0.5674,0.6099,0.6245,0.0146,0.0696,0.078,1.12,-0.0179,0.015484
pop_normal,periop_infection,HCT,Cohen_m2,14388,550,0.5387,0.5126,0.5648,0.5739,0.5792,0.0053,0.0382,0.0439,1.148,0.0276,0.078193
pop_normal,periop_infection,HCT,Cohen_m3,14388,550,0.5038,0.4791,0.5286,0.5739,0.5708,-0.0031,0.0382,0.0372,0.973,-0.0073,0.627471
pop_normal,periop_infection,HCT,Cohen_m4,14388,550,0.5791,0.5536,0.6046,0.5739,0.6023,0.0284,0.0382,0.0542,1.418,0.068,5.9e-05
pop_normal,periop_infection,HCT,Gaussian_eb,14388,550,0.5543,0.5301,0.5784,0.5739,0.5837,0.0098,0.0382,0.0458,1.197,0.0432,0.002128
pop_normal,periop_infection,HCT,Gaussian_mle,13327,515,0.5386,0.5136,0.5637,0.5864,0.6006,0.0142,0.0386,0.0444,1.148,0.0272,0.080235
pop_normal,periop_infection,HCT,Gaussian_trunc,13327,515,0.5213,0.4951,0.5475,0.5864,0.5917,0.0054,0.0386,0.0434,1.124,0.0098,0.588328
pop_normal,periop_infection,HCT,NORMA_334f7e21,14388,550,0.5166,0.4923,0.5409,0.5739,0.5724,-0.0015,0.0382,0.0399,1.044,0.0055,0.465861
pop_normal,periop_infection,HCT,NORMA_q_age,14388,550,0.5164,0.4918,0.5411,0.5739,0.5711,-0.0028,0.0382,0.0399,1.043,0.0053,0.450179
pop_normal,periop_infection,HCT,NORMA_q_age_set,14388,550,0.5111,0.4864,0.5357,0.5739,0.5692,-0.0047,0.0382,0.0399,1.043,,
pop_normal,periop_infection,HCT,NORMA_q_age_set_co,14388,550,0.5312,0.5065,0.5559,0.5739,0.5735,-0.0004,0.0382,0.0425,1.112,0.0201,0.023158
pop_normal,periop_infection,HCT,PerRI,14332,548,0.5226,0.5014,0.5439,0.6042,0.6044,0.0002,0.0382,0.0375,0.981,0.0096,0.557047
pop_normal,periop_infection,HCT,PopRI,14388,550,0.5412,0.5191,0.5633,0.5739,0.5765,0.0026,0.0382,0.0425,1.112,0.0301,0.040266
pop_normal,periop_infection,HGB,Cohen_m2,11834,449,0.5954,0.5671,0.6237,0.5849,0.6348,0.05,0.0379,0.0764,2.013,0.0853,5e-06
pop_normal,periop_infection,HGB,Cohen_m3,11834,449,0.5881,0.5599,0.6162,0.5849,0.6413,0.0564,0.0379,0.0653,1.72,0.078,2.4e-05
pop_normal,periop_infection,HGB,Cohen_m4,11834,449,0.594,0.5656,0.6223,0.5849,0.6427,0.0578,0.0379,0.071,1.872,0.0839,7e-06
pop_normal,periop_infection,HGB,Gaussian_eb,11834,449,0.5303,0.5025,0.558,0.5849,0.5832,-0.0017,0.0379,0.0437,1.152,0.0202,0.169241
pop_normal,periop_infection,HGB,Gaussian_mle,11072,432,0.5088,0.4806,0.537,0.599,0.5987,-0.0003,0.039,0.0403,1.034,0.0025,0.8757
pop_normal,periop_infection,HGB,Gaussian_trunc,11072,432,0.5112,0.4834,0.5391,0.599,0.5985,-0.0005,0.039,0.0402,1.03,0.005,0.7612
pop_normal,periop_infection,HGB,NORMA_334f7e21,11834,449,0.5129,0.4854,0.5405,0.5849,0.5876,0.0027,0.0379,0.0403,1.062,0.0028,0.715625
pop_normal,periop_infection,HGB,NORMA_q_age,11834,449,0.5083,0.481,0.5356,0.5849,0.5876,0.0028,0.0379,0.0394,1.039,-0.0018,0.814692
pop_normal,periop_infection,HGB,NORMA_q_age_set,11834,449,0.5101,0.4826,0.5375,0.5849,0.5897,0.0048,0.0379,0.0404,1.064,,
pop_normal,periop_infection,HGB,NORMA_q_age_set_co,11834,449,0.5138,0.4869,0.5407,0.5849,0.5875,0.0027,0.0379,0.0393,1.037,0.0037,0.70697
pop_normal,periop_infection,HGB,PerRI,11791,449,0.5101,0.4858,0.5344,0.5822,0.5846,0.0023,0.0381,0.0397,1.043,0.0003,0.98679
pop_normal,periop_infection,HGB,PopRI,11834,449,0.5333,0.5077,0.5588,0.5849,0.5835,-0.0013,0.0379,0.0414,1.092,0.0232,0.157282
pop_normal,periop_infection,K,Cohen_m2,33851,1682,0.6581,0.6448,0.6715,0.6179,0.6835,0.0656,0.0497,0.088,1.772,-0.001,0.863953
pop_normal,periop_infection,K,Cohen_m3,33851,1682,0.6631,0.6503,0.6759,0.6179,0.6914,0.0735,0.0497,0.0798,1.606,0.004,0.479059
pop_normal,periop_infection,K,Cohen_m4,33851,1682,0.6659,0.6529,0.679,0.6179,0.6888,0.0709,0.0497,0.0846,1.703,0.0068,0.194491
pop_normal,periop_infection,K,Gaussian_eb,33851,1682,0.6407,0.6279,0.6535,0.6179,0.6649,0.047,0.0497,0.0741,1.492,-0.0184,0.000271
pop_normal,periop_infection,K,Gaussian_mle,33651,1679,0.571,0.5587,0.5833,0.6206,0.6233,0.0026,0.0499,0.0554,1.109,-0.0892,0.0
pop_normal,periop_infection,K,Gaussian_trunc,33651,1679,0.5087,0.4952,0.5222,0.6206,0.6215,0.0009,0.0499,0.0505,1.012,-0.1515,0.0
pop_normal,periop_infection,K,NORMA_334f7e21,33851,1682,0.6637,0.6505,0.6769,0.6179,0.674,0.0561,0.0497,0.089,1.792,0.0046,0.025266
pop_normal,periop_infection,K,NORMA_q_age,33851,1682,0.6593,0.6462,0.6724,0.6179,0.668,0.0501,0.0497,0.0833,1.676,0.0002,0.936177
pop_normal,periop_infection,K,NORMA_q_age_set,33851,1682,0.6591,0.6457,0.6725,0.6179,0.6723,0.0544,0.0497,0.0883,1.777,,
pop_normal,periop_infection,K,NORMA_q_age_set_co,33851,1682,0.6578,0.6447,0.6709,0.6179,0.6703,0.0524,0.0497,0.0829,1.668,-0.0013,0.585726
pop_normal,periop_infection,K,PerRI,33843,1682,0.5211,0.5083,0.5339,0.6179,0.6205,0.0026,0.0497,0.049,0.987,-0.1379,0.0
pop_normal,periop_infection,K,PopRI,33851,1682,0.6523,0.6401,0.6646,0.6179,0.6875,0.0696,0.0497,0.0762,1.534,-0.0068,0.22576
pop_normal,periop_infection,NA,Cohen_m2,32768,1628,0.6089,0.5944,0.6233,0.6215,0.6602,0.0387,0.0497,0.0911,1.833,-0.0196,0.002589
pop_normal,periop_infection,NA,Cohen_m3,32768,1628,0.6569,0.6435,0.6703,0.6215,0.669,0.0474,0.0497,0.0834,1.679,0.0285,1.6e-05
pop_normal,periop_infection,NA,Cohen_m4,32768,1628,0.6235,0.6093,0.6376,0.6215,0.6622,0.0407,0.0497,0.0814,1.637,-0.005,0.443903
pop_normal,periop_infection,NA,Gaussian_eb,32768,1628,0.6089,0.595,0.6229,0.6215,0.6537,0.0322,0.0497,0.0827,1.664,-0.0195,0.000462
pop_normal,periop_infection,NA,Gaussian_mle,32293,1607,0.5778,0.5639,0.5918,0.6134,0.6301,0.0166,0.0498,0.063,1.265,-0.0533,0.0
pop_normal,periop_infection,NA,Gaussian_trunc,32293,1607,0.5825,0.5684,0.5966,0.6134,0.6329,0.0195,0.0498,0.0665,1.336,-0.0486,0.0
pop_normal,periop_infection,NA,NORMA_334f7e21,32768,1628,0.6362,0.6229,0.6495,0.6215,0.6527,0.0312,0.0497,0.079,1.591,0.0078,0.001219
pop_normal,periop_infection,NA,NORMA_q_age,32768,1628,0.6309,0.6175,0.6443,0.6215,0.6521,0.0306,0.0497,0.0786,1.583,0.0025,0.285789
pop_normal,periop_infection,NA,NORMA_q_age_set,32768,1628,0.6284,0.6148,0.6421,0.6215,0.6594,0.0379,0.0497,0.0823,1.656,,
pop_normal,periop_infection,NA,NORMA_q_age_set_co,32768,1628,0.6413,0.6282,0.6544,0.6215,0.6542,0.0327,0.0497,0.0795,1.6,0.0129,6e-06
pop_normal,periop_infection,NA,PerRI,32744,1626,0.4913,0.4785,0.5041,0.632,0.6363,0.0043,0.0497,0.0461,0.928,-0.137,0.0
pop_normal,periop_infection,NA,PopRI,32768,1628,0.6281,0.6177,0.6386,0.6215,0.6553,0.0338,0.0497,0.0677,1.362,-0.0003,0.959771
pop_normal,periop_infection,Overall,Cohen_m2,46298,1873,0.7013,0.6898,0.7129,0.638,0.7239,0.0859,0.0405,0.0852,2.106,-0.0011,0.833233
pop_normal,periop_infection,Overall,Cohen_m3,46298,1873,0.7162,0.7045,0.7279,0.638,0.7356,0.0976,0.0405,0.0983,2.429,0.0138,0.008233
pop_normal,periop_infection,Overall,Cohen_m4,46298,1873,0.7199,0.7082,0.7316,0.638,0.7481,0.1101,0.0405,0.099,2.446,0.0175,0.000672
pop_normal,periop_infection,Overall,Gaussian_eb,46298,1873,0.6755,0.6646,0.6865,0.638,0.6959,0.0579,0.0405,0.0692,1.709,-0.0268,0.0
pop_normal,periop_infection,Overall,Gaussian_mle,46088,1869,0.6077,0.5964,0.619,0.6509,0.6638,0.0129,0.0406,0.0519,1.279,-0.0952,0.0
pop_normal,periop_infection,Overall,Gaussian_trunc,46088,1869,0.6183,0.6069,0.6298,0.6509,0.6743,0.0234,0.0406,0.0538,1.327,-0.0845,0.0
pop_normal,periop_infection,Overall,NORMA_334f7e21,46298,1873,0.6998,0.6886,0.7111,0.638,0.6953,0.0573,0.0405,0.0756,1.869,-0.0026,0.165628
pop_normal,periop_infection,Overall,NORMA_q_age,46298,1873,0.6969,0.6857,0.7082,0.638,0.6942,0.0562,0.0405,0.0751,1.857,-0.0054,0.002064
pop_normal,periop_infection,Overall,NORMA_q_age_set,46298,1873,0.7024,0.691,0.7138,0.638,0.7,0.062,0.0405,0.0781,1.931,,
pop_normal,periop_infection,Overall,NORMA_q_age_set_co,46298,1873,0.6946,0.6835,0.7057,0.638,0.6909,0.0529,0.0405,0.0728,1.801,-0.0078,0.000309
pop_normal,periop_infection,Overall,PerRI,46282,1872,0.5418,0.5305,0.5532,0.6406,0.6436,0.003,0.0404,0.0437,1.082,-0.1609,0.0
pop_normal,periop_infection,Overall,PopRI,46298,1873,0.6736,0.6633,0.6839,0.638,0.6951,0.0571,0.0405,0.069,1.705,-0.0288,0.0
pop_normal,periop_infection,PLT,Cohen_m2,27556,1471,0.5434,0.5284,0.5584,0.6274,0.6276,0.0002,0.0534,0.0612,1.146,-0.0526,0.0
pop_normal,periop_infection,PLT,Cohen_m3,27556,1471,0.5642,0.5498,0.5786,0.6274,0.6295,0.0021,0.0534,0.0632,1.184,-0.0318,2.5e-05
pop_normal,periop_infection,PLT,Cohen_m4,27556,1471,0.6113,0.597,0.6255,0.6274,0.6536,0.0262,0.0534,0.0749,1.403,0.0152,0.046641
pop_normal,periop_infection,PLT,Gaussian_eb,27556,1471,0.4951,0.4811,0.5092,0.6274,0.6295,0.0021,0.0534,0.053,0.993,-0.1009,0.0
pop_normal,periop_infection,PLT,Gaussian_mle,27244,1462,0.4612,0.4473,0.4752,0.6212,0.6316,0.0105,0.0537,0.0469,0.875,-0.134,0.0
pop_normal,periop_infection,PLT,Gaussian_trunc,27244,1462,0.4501,0.4354,0.4648,0.6212,0.6309,0.0097,0.0537,0.0474,0.883,-0.1451,0.0
pop_normal,periop_infection,PLT,NORMA_334f7e21,27556,1471,0.5887,0.5739,0.6035,0.6274,0.6399,0.0125,0.0534,0.0699,1.31,-0.0073,0.017755
pop_normal,periop_infection,PLT,NORMA_q_age,27556,1471,0.5851,0.5703,0.6,0.6274,0.6377,0.0102,0.0534,0.0691,1.295,-0.0109,0.00023
pop_normal,periop_infection,PLT,NORMA_q_age_set,27556,1471,0.596,0.5811,0.611,0.6274,0.6449,0.0174,0.0534,0.0736,1.378,,
pop_normal,periop_infection,PLT,NORMA_q_age_set_co,27556,1471,0.5816,0.5668,0.5963,0.6274,0.6376,0.0102,0.0534,0.0677,1.269,-0.0145,0.00013
pop_normal,periop_infection,PLT,PerRI,27493,1468,0.4185,0.4041,0.433,0.6182,0.6462,0.0281,0.0534,0.0439,0.822,-0.1772,0.0
pop_normal,periop_infection,PLT,PopRI,27556,1471,0.6202,0.6059,0.6346,0.6274,0.662,0.0345,0.0534,0.0784,1.468,0.0242,0.010737
pop_normal,periop_infection,TBIL,Cohen_m2,23289,1505,0.5581,0.5434,0.5728,0.6158,0.6215,0.0057,0.0646,0.0758,1.173,-0.0538,0.0
pop_normal,periop_infection,TBIL,Cohen_m3,23289,1505,0.5883,0.5736,0.603,0.6158,0.6386,0.0228,0.0646,0.0894,1.384,-0.0236,0.002432
pop_normal,periop_infection,TBIL,Cohen_m4,23289,1505,0.5733,0.5583,0.5883,0.6158,0.6316,0.0157,0.0646,0.0889,1.375,-0.0386,0.0
pop_normal,periop_infection,TBIL,Gaussian_eb,23289,1505,0.5724,0.5575,0.5873,0.6158,0.6304,0.0146,0.0646,0.0838,1.297,-0.0395,0.0
pop_normal,periop_infection,TBIL,Gaussian_mle,22942,1490,0.5682,0.5534,0.5829,0.6202,0.6253,0.005,0.0649,0.0764,1.176,-0.0432,0.0
pop_normal,periop_infection,TBIL,Gaussian_trunc,22942,1490,0.5494,0.5348,0.5641,0.6202,0.6246,0.0044,0.0649,0.0725,1.116,-0.0619,0.0
pop_normal,periop_infection,TBIL,NORMA_334f7e21,23289,1505,0.6242,0.6099,0.6385,0.6158,0.6452,0.0293,0.0646,0.0946,1.465,0.0123,4e-06
pop_normal,periop_infection,TBIL,NORMA_q_age,23289,1505,0.6146,0.6003,0.629,0.6158,0.6415,0.0257,0.0646,0.092,1.423,0.0027,0.289944
pop_normal,periop_infection,TBIL,NORMA_q_age_set,23289,1505,0.6119,0.5975,0.6264,0.6158,0.6392,0.0234,0.0646,0.0914,1.414,,
pop_normal,periop_infection,TBIL,NORMA_q_age_set_co,23289,1505,0.6104,0.5958,0.6249,0.6158,0.6399,0.0241,0.0646,0.0918,1.421,-0.0016,0.63291
pop_normal,periop_infection,TBIL,PerRI,23194,1501,0.567,0.5524,0.5816,0.5999,0.606,0.0061,0.0647,0.0767,1.186,-0.0443,0.0
pop_normal,periop_infection,TBIL,PopRI,23289,1505,0.6344,0.6206,0.6481,0.6158,0.6851,0.0692,0.0646,0.0929,1.438,0.0224,0.006287
pop_normal,periop_infection,TP,Cohen_m2,21883,1323,0.5169,0.5003,0.5335,0.6166,0.6137,-0.0029,0.0605,0.0688,1.138,-0.0794,0.0
pop_normal,periop_infection,TP,Cohen_m3,21883,1323,0.5266,0.5105,0.5427,0.6166,0.6175,0.0009,0.0605,0.0693,1.146,-0.0696,0.0
pop_normal,periop_infection,TP,Cohen_m4,21883,1323,0.5172,0.5007,0.5338,0.6166,0.6141,-0.0025,0.0605,0.0664,1.098,-0.079,0.0
pop_normal,periop_infection,TP,Gaussian_eb,21883,1323,0.5368,0.521,0.5526,0.6166,0.6225,0.0059,0.0605,0.0704,1.164,-0.0595,0.0
pop_normal,periop_infection,TP,Gaussian_mle,21698,1313,0.5461,0.5308,0.5615,0.6062,0.6112,0.005,0.0605,0.067,1.107,-0.051,0.0
pop_normal,periop_infection,TP,Gaussian_trunc,21698,1313,0.5343,0.5183,0.5504,0.6062,0.6101,0.0039,0.0605,0.0669,1.105,-0.0628,0.0
pop_normal,periop_infection,TP,NORMA_334f7e21,21883,1323,0.5938,0.5783,0.6093,0.6166,0.6391,0.0225,0.0605,0.0799,1.322,-0.0025,0.54819
pop_normal,periop_infection,TP,NORMA_q_age,21883,1323,0.5934,0.5778,0.609,0.6166,0.6369,0.0203,0.0605,0.0822,1.36,-0.0029,0.394474
pop_normal,periop_infection,TP,NORMA_q_age_set,21883,1323,0.5963,0.5806,0.612,0.6166,0.6405,0.0239,0.0605,0.0834,1.379,,
pop_normal,periop_infection,TP,NORMA_q_age_set_co,21883,1323,0.6026,0.587,0.6182,0.6166,0.6481,0.0315,0.0605,0.085,1.405,0.0064,0.133424
pop_normal,periop_infection,TP,PerRI,21880,1322,0.4888,0.4738,0.5038,0.595,0.6003,0.0053,0.0604,0.0554,0.917,-0.1074,0.0
pop_normal,periop_infection,TP,PopRI,21883,1323,0.6269,0.612,0.6418,0.6166,0.6664,0.0498,0.0605,0.0872,1.443,0.0306,0.000941
pop_normal,periop_infection,WBC,Cohen_m2,27546,1531,0.5976,0.5837,0.6116,0.6127,0.6305,0.0178,0.0556,0.0741,1.334,-0.0387,4e-06
pop_normal,periop_infection,WBC,Cohen_m3,27546,1531,0.5944,0.58,0.6088,0.6127,0.6356,0.0229,0.0556,0.0742,1.335,-0.0419,0.0
pop_normal,periop_infection,WBC,Cohen_m4,27546,1531,0.6178,0.603,0.6327,0.6127,0.6585,0.0458,0.0556,0.0899,1.618,-0.0185,0.008788
pop_normal,periop_infection,WBC,Gaussian_eb,27546,1531,0.6067,0.5923,0.621,0.6127,0.6437,0.031,0.0556,0.079,1.421,-0.0297,1e-06
pop_normal,periop_infection,WBC,Gaussian_mle,27305,1525,0.5785,0.565,0.5919,0.6203,0.6252,0.005,0.0559,0.0642,1.15,-0.0583,0.0
pop_normal,periop_infection,WBC,Gaussian_trunc,27305,1525,0.5242,0.5105,0.5378,0.6203,0.6176,-0.0027,0.0559,0.0562,1.005,-0.1125,0.0
pop_normal,periop_infection,WBC,NORMA_334f7e21,27546,1531,0.6404,0.6259,0.6549,0.6127,0.6631,0.0504,0.0556,0.0953,1.714,0.0041,0.150867
pop_normal,periop_infection,WBC,NORMA_q_age,27546,1531,0.6363,0.6218,0.6507,0.6127,0.655,0.0423,0.0556,0.091,1.637,-0.0001,0.972962
pop_normal,periop_infection,WBC,NORMA_q_age_set,27546,1531,0.6364,0.622,0.6507,0.6127,0.6549,0.0422,0.0556,0.0906,1.631,,
pop_normal,periop_infection,WBC,NORMA_q_age_set_co,27546,1531,0.6368,0.6223,0.6514,0.6127,0.6588,0.0461,0.0556,0.0905,1.628,0.0005,0.904346
pop_normal,periop_infection,WBC,PerRI,27545,1531,0.5013,0.4874,0.5152,0.6097,0.6086,-0.0011,0.0556,0.0547,0.985,-0.135,0.0
pop_normal,periop_infection,WBC,PopRI,27546,1531,0.5914,0.5777,0.6051,0.6127,0.6414,0.0287,0.0556,0.0706,1.27,-0.0449,0.0
pop_normal,prolonged_los,ALB,Cohen_m2,21785,16936,0.5952,0.5865,0.604,0.5308,0.6034,0.0726,0.7774,0.8328,1.071,0.0756,0.0
pop_normal,prolonged_los,ALB,Cohen_m3,21785,16936,0.4973,0.488,0.5067,0.5308,0.5301,-0.0007,0.7774,0.7796,1.003,-0.0223,1.8e-05
pop_normal,prolonged_los,ALB,Cohen_m4,21785,16936,0.5064,0.497,0.5157,0.5308,0.532,0.0012,0.7774,0.7825,1.007,-0.0133,0.008482
pop_normal,prolonged_los,ALB,Gaussian_eb,21785,16936,0.5243,0.515,0.5335,0.5308,0.534,0.0031,0.7774,0.7914,1.018,0.0046,0.332308
pop_normal,prolonged_los,ALB,Gaussian_mle,21528,16711,0.5232,0.5139,0.5324,0.5298,0.5371,0.0074,0.7762,0.7894,1.017,0.0029,0.550957
pop_normal,prolonged_los,ALB,Gaussian_trunc,21528,16711,0.5831,0.5741,0.592,0.5298,0.5893,0.0595,0.7762,0.8225,1.06,0.0628,0.0
pop_normal,prolonged_los,ALB,NORMA_334f7e21,21785,16936,0.5379,0.5286,0.5472,0.5308,0.5445,0.0137,0.7774,0.7917,1.018,0.0183,0.0
pop_normal,prolonged_los,ALB,NORMA_q_age,21785,16936,0.5193,0.5099,0.5286,0.5308,0.533,0.0022,0.7774,0.7817,1.006,-0.0003,0.889857
pop_normal,prolonged_los,ALB,NORMA_q_age_set,21785,16936,0.5196,0.5102,0.529,0.5308,0.5337,0.0029,0.7774,0.7815,1.005,,
pop_normal,prolonged_los,ALB,NORMA_q_age_set_co,21785,16936,0.5286,0.5193,0.5379,0.5308,0.5389,0.0081,0.7774,0.7882,1.014,0.009,0.000229
pop_normal,prolonged_los,ALB,PerRI,21783,16934,0.5671,0.5582,0.576,0.531,0.5767,0.0457,0.7774,0.8165,1.05,0.0475,0.0
pop_normal,prolonged_los,ALB,PopRI,21785,16936,0.6118,0.6029,0.6208,0.5308,0.6149,0.0841,0.7774,0.8274,1.064,0.0922,0.0
pop_normal,prolonged_los,ALP,Cohen_m2,23126,18719,0.574,0.5649,0.5832,0.5265,0.5808,0.0543,0.8094,0.8484,1.048,0.0417,0.0
pop_normal,prolonged_los,ALP,Cohen_m3,23126,18719,0.566,0.5567,0.5754,0.5265,0.5676,0.0411,0.8094,0.8424,1.041,0.0337,0.0
pop_normal,prolonged_los,ALP,Cohen_m4,23126,18719,0.5709,0.5615,0.5803,0.5265,0.5754,0.0489,0.8094,0.8416,1.04,0.0385,0.0
pop_normal,prolonged_los,ALP,Gaussian_eb,23126,18719,0.5522,0.543,0.5614,0.5265,0.5554,0.0288,0.8094,0.8387,1.036,0.0198,1.2e-05
pop_normal,prolonged_los,ALP,Gaussian_mle,22964,18593,0.5292,0.5199,0.5385,0.5184,0.5344,0.016,0.8097,0.8284,1.023,-0.0032,0.473578
pop_normal,prolonged_los,ALP,Gaussian_trunc,22964,18593,0.5314,0.5221,0.5407,0.5184,0.536,0.0177,0.8097,0.8285,1.023,-0.001,0.83363
pop_normal,prolonged_los,ALP,NORMA_334f7e21,23126,18719,0.5247,0.5153,0.5342,0.5265,0.5333,0.0068,0.8094,0.8212,1.015,-0.0076,1.2e-05
pop_normal,prolonged_los,ALP,NORMA_q_age,23126,18719,0.5183,0.5089,0.5277,0.5265,0.5301,0.0036,0.8094,0.8182,1.011,-0.0141,0.0
pop_normal,prolonged_los,ALP,NORMA_q_age_set,23126,18719,0.5324,0.523,0.5418,0.5265,0.5382,0.0117,0.8094,0.8255,1.02,,
pop_normal,prolonged_los,ALP,NORMA_q_age_set_co,23126,18719,0.5181,0.5086,0.5275,0.5265,0.5312,0.0047,0.8094,0.818,1.011,-0.0143,0.0
pop_normal,prolonged_los,ALP,PerRI,23032,18649,0.5153,0.5059,0.5248,0.513,0.5151,0.0021,0.8097,0.8191,1.012,-0.0173,0.002713
pop_normal,prolonged_los,ALP,PopRI,23126,18719,0.5372,0.528,0.5464,0.5265,0.5446,0.0181,0.8094,0.8306,1.026,0.0048,0.391087
pop_normal,prolonged_los,ALT,Cohen_m2,19579,15719,0.5606,0.5505,0.5706,0.5228,0.5644,0.0416,0.8028,0.8322,1.037,0.0337,0.0
pop_normal,prolonged_los,ALT,Cohen_m3,19579,15719,0.5859,0.5761,0.5957,0.5228,0.588,0.0652,0.8028,0.85,1.059,0.059,0.0
pop_normal,prolonged_los,ALT,Cohen_m4,19579,15719,0.575,0.5651,0.5849,0.5228,0.58,0.0572,0.8028,0.8443,1.052,0.0481,0.0
pop_normal,prolonged_los,ALT,Gaussian_eb,19579,15719,0.5428,0.5325,0.553,0.5228,0.5504,0.0276,0.8028,0.8201,1.022,0.0159,0.001499
pop_normal,prolonged_los,ALT,Gaussian_mle,19357,15547,0.5123,0.502,0.5227,0.536,0.5369,0.0009,0.8032,0.8063,1.004,-0.0145,0.005344
pop_normal,prolonged_los,ALT,Gaussian_trunc,19357,15547,0.5117,0.5015,0.522,0.536,0.5367,0.0007,0.8032,0.8076,1.006,-0.0151,0.007108
pop_normal,prolonged_los,ALT,NORMA_334f7e21,19579,15719,0.5253,0.5153,0.5354,0.5228,0.5383,0.0155,0.8028,0.8175,1.018,-0.0016,0.417274
pop_normal,prolonged_los,ALT,NORMA_q_age,19579,15719,0.5238,0.5137,0.5339,0.5228,0.5341,0.0113,0.8028,0.8152,1.015,-0.0031,0.121401
pop_normal,prolonged_los,ALT,NORMA_q_age_set,19579,15719,0.5269,0.5169,0.537,0.5228,0.5396,0.0168,0.8028,0.8179,1.019,,
pop_normal,prolonged_los,ALT,NORMA_q_age_set_co,19579,15719,0.5333,0.5232,0.5433,0.5228,0.5413,0.0185,0.8028,0.8197,1.021,0.0063,0.012982
pop_normal,prolonged_los,ALT,PerRI,19553,15695,0.4818,0.4715,0.492,0.5228,0.5305,0.0078,0.8027,0.7955,0.991,-0.0447,0.0
pop_normal,prolonged_los,ALT,PopRI,19579,15719,0.5178,0.5078,0.5277,0.5228,0.5293,0.0065,0.8028,0.8117,1.011,-0.0092,0.152401
pop_normal,prolonged_los,AST,Cohen_m2,21659,17364,0.5681,0.5584,0.5777,0.5242,0.5676,0.0434,0.8017,0.8309,1.036,0.0467,0.0
pop_normal,prolonged_los,AST,Cohen_m3,21659,17364,0.6167,0.6075,0.6259,0.5242,0.6193,0.095,0.8017,0.8611,1.074,0.0953,0.0
pop_normal,prolonged_los,AST,Cohen_m4,21659,17364,0.5891,0.5796,0.5987,0.5242,0.5959,0.0717,0.8017,0.8452,1.054,0.0678,0.0
pop_normal,prolonged_los,AST,Gaussian_eb,21659,17364,0.5334,0.5236,0.5432,0.5242,0.5316,0.0074,0.8017,0.8129,1.014,0.012,0.003316
pop_normal,prolonged_los,AST,Gaussian_mle,21584,17302,0.496,0.4861,0.5059,0.5371,0.5385,0.0014,0.8016,0.795,0.992,-0.0264,0.0
pop_normal,prolonged_los,AST,Gaussian_trunc,21584,17302,0.5072,0.4975,0.5169,0.5371,0.5364,-0.0007,0.8016,0.8049,1.004,-0.0151,0.001315
pop_normal,prolonged_los,AST,NORMA_334f7e21,21659,17364,0.5187,0.5089,0.5284,0.5242,0.5267,0.0025,0.8017,0.8088,1.009,-0.0027,0.076632
pop_normal,prolonged_los,AST,NORMA_q_age,21659,17364,0.513,0.5032,0.5227,0.5242,0.5245,0.0003,0.8017,0.8053,1.004,-0.0084,0.0
pop_normal,prolonged_los,AST,NORMA_q_age_set,21659,17364,0.5214,0.5117,0.5311,0.5242,0.53,0.0057,0.8017,0.8116,1.012,,
pop_normal,prolonged_los,AST,NORMA_q_age_set_co,21659,17364,0.5234,0.5138,0.5331,0.5242,0.5312,0.007,0.8017,0.8122,1.013,0.0021,0.273165
pop_normal,prolonged_los,AST,PerRI,21631,17344,0.4734,0.4635,0.4832,0.5248,0.5425,0.0177,0.8018,0.7891,0.984,-0.0486,0.0
pop_normal,prolonged_los,AST,PopRI,21659,17364,0.554,0.5445,0.5634,0.5242,0.5564,0.0321,0.8017,0.825,1.029,0.0326,0.0
pop_normal,prolonged_los,BUN,Cohen_m2,22491,18107,0.531,0.5217,0.5403,0.5239,0.531,0.0071,0.8051,0.8248,1.024,-0.0015,0.767086
pop_normal,prolonged_los,BUN,Cohen_m3,22491,18107,0.5293,0.5198,0.5388,0.5239,0.53,0.0061,0.8051,0.82,1.019,-0.0032,0.529883
pop_normal,prolonged_los,BUN,Cohen_m4,22491,18107,0.5277,0.5182,0.5371,0.5239,0.5305,0.0066,0.8051,0.819,1.017,-0.0049,0.339015
pop_normal,prolonged_los,BUN,Gaussian_eb,22491,18107,0.5312,0.5217,0.5406,0.5239,0.5345,0.0106,0.8051,0.8215,1.02,-0.0014,0.750075
pop_normal,prolonged_los,BUN,Gaussian_mle,22211,17873,0.5093,0.4997,0.5188,0.5293,0.5295,0.0002,0.8047,0.809,1.005,-0.0232,0.0
pop_normal,prolonged_los,BUN,Gaussian_trunc,22211,17873,0.521,0.5115,0.5305,0.5293,0.5382,0.0089,0.8047,0.8149,1.013,-0.0115,0.034242
pop_normal,prolonged_los,BUN,NORMA_334f7e21,22491,18107,0.5345,0.525,0.544,0.5239,0.5369,0.0131,0.8051,0.8205,1.019,0.002,0.211107
pop_normal,prolonged_los,BUN,NORMA_q_age,22491,18107,0.5304,0.5209,0.5399,0.5239,0.5342,0.0103,0.8051,0.8181,1.016,-0.0021,0.198264
pop_normal,prolonged_los,BUN,NORMA_q_age_set,22491,18107,0.5325,0.523,0.542,0.5239,0.5362,0.0124,0.8051,0.8205,1.019,,
pop_normal,prolonged_los,BUN,NORMA_q_age_set_co,22491,18107,0.5346,0.5252,0.5441,0.5239,0.5335,0.0096,0.8051,0.8207,1.019,0.0021,0.286601
pop_normal,prolonged_los,BUN,PerRI,22472,18093,0.487,0.4774,0.4966,0.5285,0.533,0.0045,0.8051,0.7996,0.993,-0.0457,0.0
pop_normal,prolonged_los,BUN,PopRI,22491,18107,0.5387,0.5294,0.548,0.5239,0.5463,0.0224,0.8051,0.8217,1.021,0.0062,0.224357
pop_normal,prolonged_los,CA,Cohen_m2,21196,16415,0.541,0.532,0.55,0.5381,0.5605,0.0225,0.7744,0.8039,1.038,0.0004,0.931295
pop_normal,prolonged_los,CA,Cohen_m3,21196,16415,0.5184,0.5091,0.5277,0.5381,0.5443,0.0062,0.7744,0.787,1.016,-0.0222,1e-05
pop_normal,prolonged_los,CA,Cohen_m4,21196,16415,0.5228,0.5135,0.5321,0.5381,0.5473,0.0092,0.7744,0.7881,1.018,-0.0177,0.000192
pop_normal,prolonged_los,CA,Gaussian_eb,21196,16415,0.5388,0.5296,0.5481,0.5381,0.5552,0.0172,0.7744,0.7959,1.028,-0.0017,0.691066
pop_normal,prolonged_los,CA,Gaussian_mle,20858,16164,0.5367,0.5273,0.5461,0.5413,0.5503,0.009,0.775,0.7936,1.024,-0.004,0.411967
pop_normal,prolonged_los,CA,Gaussian_trunc,20858,16164,0.5488,0.5394,0.5582,0.5413,0.5603,0.019,0.775,0.7993,1.031,0.0081,0.156346
pop_normal,prolonged_los,CA,NORMA_334f7e21,21196,16415,0.5514,0.5421,0.5607,0.5381,0.5596,0.0215,0.7744,0.7982,1.031,0.0109,0.0
pop_normal,prolonged_los,CA,NORMA_q_age,21196,16415,0.5415,0.5322,0.5509,0.5381,0.5521,0.014,0.7744,0.7925,1.023,0.001,0.625355
pop_normal,prolonged_los,CA,NORMA_q_age_set,21196,16415,0.5405,0.5312,0.5499,0.5381,0.5521,0.014,0.7744,0.7937,1.025,,
pop_normal,prolonged_los,CA,NORMA_q_age_set_co,21196,16415,0.544,0.5347,0.5534,0.5381,0.5503,0.0122,0.7744,0.7925,1.023,0.0035,0.09676
pop_normal,prolonged_los,CA,PerRI,21179,16408,0.561,0.5516,0.5703,0.5337,0.5466,0.0129,0.7747,0.7997,1.032,0.0199,0.000855
pop_normal,prolonged_los,CA,PopRI,21196,16415,0.5644,0.5553,0.5735,0.5381,0.5672,0.0292,0.7744,0.8048,1.039,0.0239,3e-06
pop_normal,prolonged_los,CL,Cohen_m2,24545,19773,0.5372,0.5281,0.5462,0.5057,0.5399,0.0342,0.8056,0.8256,1.025,0.0159,0.001128
pop_normal,prolonged_los,CL,Cohen_m3,24545,19773,0.5424,0.5334,0.5514,0.5057,0.5444,0.0387,0.8056,0.831,1.031,0.0211,9e-06
pop_normal,prolonged_los,CL,Cohen_m4,24545,19773,0.5309,0.5218,0.54,0.5057,0.5343,0.0286,0.8056,0.8222,1.021,0.0097,0.041017
pop_normal,prolonged_los,CL,Gaussian_eb,24545,19773,0.5278,0.5186,0.5371,0.5057,0.5288,0.0231,0.8056,0.821,1.019,0.0066,0.076608
pop_normal,prolonged_los,CL,Gaussian_mle,24134,19450,0.5013,0.492,0.5107,0.5034,0.5022,-0.0012,0.8059,0.8046,0.998,-0.0199,2e-06
pop_normal,prolonged_los,CL,Gaussian_trunc,24134,19450,0.4801,0.4708,0.4894,0.5034,0.5111,0.0077,0.8059,0.7962,0.988,-0.0411,0.0
pop_normal,prolonged_los,CL,NORMA_334f7e21,24545,19773,0.5186,0.5095,0.5276,0.5057,0.5237,0.018,0.8056,0.8159,1.013,-0.0027,0.054257
pop_normal,prolonged_los,CL,NORMA_q_age,24545,19773,0.5125,0.5034,0.5216,0.5057,0.5153,0.0096,0.8056,0.8127,1.009,-0.0087,0.0
pop_normal,prolonged_los,CL,NORMA_q_age_set,24545,19773,0.5212,0.5122,0.5303,0.5057,0.5284,0.0227,0.8056,0.8185,1.016,,
pop_normal,prolonged_los,CL,NORMA_q_age_set_co,24545,19773,0.5117,0.5026,0.5209,0.5057,0.5082,0.0025,0.8056,0.8099,1.005,-0.0095,1.1e-05
pop_normal,prolonged_los,CL,PerRI,24540,19771,0.4589,0.4497,0.4682,0.5087,0.5335,0.0248,0.8057,0.7821,0.971,-0.0623,0.0
pop_normal,prolonged_los,CL,PopRI,24545,19773,0.5261,0.5173,0.535,0.5057,0.5272,0.0215,0.8056,0.8129,1.009,0.0049,0.213548
pop_normal,prolonged_los,CO2,Cohen_m2,9378,8028,0.5337,0.5172,0.5501,0.5158,0.5387,0.0228,0.856,0.8686,1.015,0.0017,0.861884
pop_normal,prolonged_los,CO2,Cohen_m3,9378,8028,0.5327,0.5158,0.5496,0.5158,0.5181,0.0023,0.856,0.8646,1.01,0.0008,0.937816
pop_normal,prolonged_los,CO2,Cohen_m4,9378,8028,0.5368,0.5201,0.5535,0.5158,0.5262,0.0104,0.856,0.8677,1.014,0.0048,0.605888
pop_normal,prolonged_los,CO2,Gaussian_eb,9378,8028,0.5392,0.5228,0.5556,0.5158,0.5397,0.0239,0.856,0.8756,1.023,0.0073,0.354711
pop_normal,prolonged_los,CO2,Gaussian_mle,9288,7959,0.5294,0.5122,0.5465,0.4884,0.5042,0.0158,0.8569,0.864,1.008,-0.0029,0.706788
pop_normal,prolonged_los,CO2,Gaussian_trunc,9288,7959,0.5075,0.4904,0.5247,0.4884,0.4868,-0.0016,0.8569,0.8577,1.001,-0.0247,0.010101
pop_normal,prolonged_los,CO2,NORMA_334f7e21,9378,8028,0.5397,0.5228,0.5567,0.5158,0.5359,0.0201,0.856,0.8651,1.011,0.0078,0.005408
pop_normal,prolonged_los,CO2,NORMA_q_age,9378,8028,0.5319,0.5149,0.5489,0.5158,0.5277,0.0119,0.856,0.8619,1.007,-0.0,0.988835
pop_normal,prolonged_los,CO2,NORMA_q_age_set,9378,8028,0.532,0.5151,0.5489,0.5158,0.5269,0.0111,0.856,0.863,1.008,,
pop_normal,prolonged_los,CO2,NORMA_q_age_set_co,9378,8028,0.5421,0.5253,0.5589,0.5158,0.5379,0.0221,0.856,0.8652,1.011,0.0101,0.003597
pop_normal,prolonged_los,CO2,PerRI,9372,8023,0.4731,0.4557,0.4904,0.5163,0.5284,0.0121,0.8561,0.8405,0.982,-0.059,0.0
pop_normal,prolonged_los,CO2,PopRI,9378,8028,0.5421,0.5259,0.5584,0.5158,0.5462,0.0304,0.856,0.8699,1.016,0.0102,0.222022
pop_normal,prolonged_los,CRE,Cohen_m2,33932,24516,0.5588,0.552,0.5656,0.5467,0.5682,0.0214,0.7225,0.7643,1.058,0.0183,0.0
pop_normal,prolonged_los,CRE,Cohen_m3,33932,24516,0.5735,0.5667,0.5802,0.5467,0.5792,0.0325,0.7225,0.771,1.067,0.033,0.0
pop_normal,prolonged_los,CRE,Cohen_m4,33932,24516,0.5524,0.5457,0.5591,0.5467,0.57,0.0233,0.7225,0.7621,1.055,0.0119,0.001267
pop_normal,prolonged_los,CRE,Gaussian_eb,33932,24516,0.535,0.5282,0.5418,0.5467,0.5546,0.0078,0.7225,0.7476,1.035,-0.0055,0.052025
pop_normal,prolonged_los,CRE,Gaussian_mle,33385,24112,0.5107,0.5037,0.5176,0.5455,0.5461,0.0006,0.7222,0.7295,1.01,-0.0306,0.0
pop_normal,prolonged_los,CRE,Gaussian_trunc,33385,24112,0.5254,0.5185,0.5323,0.5455,0.5526,0.0071,0.7222,0.7349,1.018,-0.0159,8e-06
pop_normal,prolonged_los,CRE,NORMA_334f7e21,33932,24516,0.5327,0.5257,0.5396,0.5467,0.5544,0.0076,0.7225,0.74,1.024,-0.0078,0.0
pop_normal,prolonged_los,CRE,NORMA_q_age,33932,24516,0.5312,0.5242,0.5381,0.5467,0.5533,0.0066,0.7225,0.7384,1.022,-0.0093,0.0
pop_normal,prolonged_los,CRE,NORMA_q_age_set,33932,24516,0.5405,0.5336,0.5474,0.5467,0.5573,0.0105,0.7225,0.7446,1.031,,
pop_normal,prolonged_los,CRE,NORMA_q_age_set_co,33932,24516,0.5336,0.5267,0.5406,0.5467,0.5546,0.0078,0.7225,0.7397,1.024,-0.0068,2e-06
pop_normal,prolonged_los,CRE,PerRI,33886,24489,0.5131,0.5062,0.5199,0.5417,0.5446,0.0029,0.7227,0.7335,1.015,-0.0272,0.0
pop_normal,prolonged_los,CRE,PopRI,33932,24516,0.5858,0.5791,0.5926,0.5467,0.6003,0.0535,0.7225,0.7724,1.069,0.0454,0.0
pop_normal,prolonged_los,GLU,Cohen_m2,16645,12405,0.55,0.54,0.56,0.4932,0.5513,0.0582,0.7453,0.7716,1.035,0.0104,0.090681
pop_normal,prolonged_los,GLU,Cohen_m3,16645,12405,0.5763,0.5665,0.586,0.4932,0.5835,0.0903,0.7453,0.7944,1.066,0.0367,0.0
pop_normal,prolonged_los,GLU,Cohen_m4,16645,12405,0.6244,0.6149,0.6339,0.4932,0.6323,0.1392,0.7453,0.8223,1.103,0.0848,0.0
pop_normal,prolonged_los,GLU,Gaussian_eb,16645,12405,0.5416,0.5316,0.5515,0.4932,0.5293,0.0361,0.7453,0.7736,1.038,0.002,0.651706
pop_normal,prolonged_los,GLU,Gaussian_mle,15537,11608,0.5341,0.5236,0.5445,0.5077,0.5316,0.0239,0.7471,0.7624,1.02,-0.0082,0.113656
pop_normal,prolonged_los,GLU,Gaussian_trunc,15537,11608,0.5224,0.512,0.5329,0.5077,0.521,0.0133,0.7471,0.7563,1.012,-0.0198,0.000439
pop_normal,prolonged_los,GLU,NORMA_334f7e21,16645,12405,0.5188,0.5087,0.529,0.4932,0.5037,0.0106,0.7453,0.7503,1.007,-0.0207,0.0
pop_normal,prolonged_los,GLU,NORMA_q_age,16645,12405,0.545,0.535,0.555,0.4932,0.5326,0.0394,0.7453,0.7663,1.028,0.0054,0.023001
pop_normal,prolonged_los,GLU,NORMA_q_age_set,16645,12405,0.5396,0.5295,0.5496,0.4932,0.5261,0.0329,0.7453,0.7634,1.024,,
pop_normal,prolonged_los,GLU,NORMA_q_age_set_co,16645,12405,0.5061,0.4959,0.5163,0.4932,0.4973,0.0041,0.7453,0.7445,0.999,-0.0335,0.0
pop_normal,prolonged_los,GLU,PerRI,16632,12394,0.4993,0.4889,0.5097,0.5007,0.5121,0.0114,0.7452,0.7332,0.984,-0.0401,0.0
pop_normal,prolonged_los,GLU,PopRI,16645,12405,0.5291,0.5199,0.5384,0.4932,0.5178,0.0246,0.7453,0.7571,1.016,-0.0104,0.032376
pop_normal,prolonged_los,HCT,Cohen_m2,14388,9744,0.5616,0.5517,0.5715,0.5163,0.5672,0.0509,0.6772,0.7235,1.068,0.0548,0.0
pop_normal,prolonged_los,HCT,Cohen_m3,14388,9744,0.5391,0.5289,0.5492,0.5163,0.5445,0.0282,0.6772,0.6913,1.021,0.0322,1e-06
pop_normal,prolonged_los,HCT,Cohen_m4,14388,9744,0.5538,0.544,0.5636,0.5163,0.5673,0.051,0.6772,0.7293,1.077,0.047,0.0
pop_normal,prolonged_los,HCT,Gaussian_eb,14388,9744,0.5379,0.5279,0.5479,0.5163,0.5384,0.0221,0.6772,0.7064,1.043,0.031,0.0
pop_normal,prolonged_los,HCT,Gaussian_mle,13327,9067,0.5303,0.5197,0.5408,0.5069,0.5205,0.0136,0.6803,0.6993,1.028,0.0215,0.000286
pop_normal,prolonged_los,HCT,Gaussian_trunc,13327,9067,0.5076,0.4969,0.5182,0.5069,0.5068,-0.0002,0.6803,0.6831,1.004,-0.0012,0.86562
pop_normal,prolonged_los,HCT,NORMA_334f7e21,14388,9744,0.5176,0.5074,0.5278,0.5163,0.5175,0.0012,0.6772,0.6783,1.002,0.0108,5e-06
pop_normal,prolonged_los,HCT,NORMA_q_age,14388,9744,0.4983,0.488,0.5085,0.5163,0.5257,0.0094,0.6772,0.6641,0.981,-0.0086,0.000389
pop_normal,prolonged_los,HCT,NORMA_q_age_set,14388,9744,0.5069,0.4967,0.5171,0.5163,0.5136,-0.0027,0.6772,0.6737,0.995,,
pop_normal,prolonged_los,HCT,NORMA_q_age_set_co,14388,9744,0.5196,0.5094,0.5298,0.5163,0.5143,-0.002,0.6772,0.6778,1.001,0.0127,2.2e-05
pop_normal,prolonged_los,HCT,PerRI,14332,9728,0.5212,0.5106,0.5319,0.4937,0.4997,0.006,0.6788,0.6662,0.982,0.0134,0.059437
pop_normal,prolonged_los,HCT,PopRI,14388,9744,0.5359,0.5266,0.5451,0.5163,0.5352,0.0189,0.6772,0.696,1.028,0.029,1e-06
pop_normal,prolonged_los,HGB,Cohen_m2,11834,8310,0.5446,0.5336,0.5556,0.5214,0.5659,0.0445,0.7022,0.7479,1.065,0.0391,0.0
pop_normal,prolonged_los,HGB,Cohen_m3,11834,8310,0.5351,0.5241,0.5461,0.5214,0.5516,0.0303,0.7022,0.738,1.051,0.0296,8.6e-05
pop_normal,prolonged_los,HGB,Cohen_m4,11834,8310,0.547,0.5361,0.5579,0.5214,0.566,0.0447,0.7022,0.7496,1.067,0.0415,0.0
pop_normal,prolonged_los,HGB,Gaussian_eb,11834,8310,0.5338,0.5224,0.5452,0.5214,0.5365,0.0152,0.7022,0.7223,1.029,0.0284,1e-06
pop_normal,prolonged_los,HGB,Gaussian_mle,11072,7788,0.5183,0.5064,0.5301,0.5155,0.5168,0.0013,0.7034,0.7139,1.015,0.0133,0.036245
pop_normal,prolonged_los,HGB,Gaussian_trunc,11072,7788,0.5236,0.5118,0.5354,0.5155,0.5205,0.0051,0.7034,0.7181,1.021,0.0187,0.005371
pop_normal,prolonged_los,HGB,NORMA_334f7e21,11834,8310,0.5068,0.4953,0.5183,0.5214,0.5055,-0.0159,0.7022,0.6974,0.993,0.0013,0.621824
pop_normal,prolonged_los,HGB,NORMA_q_age,11834,8310,0.501,0.4895,0.5126,0.5214,0.5069,-0.0144,0.7022,0.6918,0.985,-0.0044,0.114515
pop_normal,prolonged_los,HGB,NORMA_q_age_set,11834,8310,0.5055,0.4939,0.517,0.5214,0.5158,-0.0056,0.7022,0.6983,0.994,,
pop_normal,prolonged_los,HGB,NORMA_q_age_set_co,11834,8310,0.5073,0.4958,0.5188,0.5214,0.5059,-0.0154,0.7022,0.6966,0.992,0.0018,0.617179
pop_normal,prolonged_los,HGB,PerRI,11791,8294,0.5404,0.5287,0.5522,0.5152,0.5048,-0.0104,0.7034,0.7105,1.01,0.0353,3e-06
pop_normal,prolonged_los,HGB,PopRI,11834,8310,0.5374,0.5267,0.5482,0.5214,0.5459,0.0245,0.7022,0.7206,1.026,0.0319,3e-06
pop_normal,prolonged_los,K,Cohen_m2,33851,25059,0.5759,0.5689,0.5828,0.5042,0.5833,0.0791,0.7403,0.7821,1.057,0.0054,0.105298
pop_normal,prolonged_los,K,Cohen_m3,33851,25059,0.5777,0.5707,0.5846,0.5042,0.5883,0.084,0.7403,0.7791,1.052,0.0071,0.03113
pop_normal,prolonged_los,K,Cohen_m4,33851,25059,0.5766,0.5697,0.5836,0.5042,0.585,0.0808,0.7403,0.779,1.052,0.0061,0.047717
pop_normal,prolonged_los,K,Gaussian_eb,33851,25059,0.5746,0.5677,0.5815,0.5042,0.5848,0.0806,0.7403,0.7847,1.06,0.0041,0.123082
pop_normal,prolonged_los,K,Gaussian_mle,33651,24934,0.5486,0.5414,0.5558,0.5105,0.5328,0.0223,0.741,0.7578,1.023,-0.0229,0.0
pop_normal,prolonged_los,K,Gaussian_trunc,33651,24934,0.5194,0.5123,0.5265,0.5105,0.5202,0.0097,0.741,0.7504,1.013,-0.0521,0.0
pop_normal,prolonged_los,K,NORMA_334f7e21,33851,25059,0.5688,0.5618,0.5758,0.5042,0.5738,0.0695,0.7403,0.7767,1.049,-0.0017,0.068281
pop_normal,prolonged_los,K,NORMA_q_age,33851,25059,0.5618,0.5547,0.5688,0.5042,0.5666,0.0624,0.7403,0.7705,1.041,-0.0088,0.0
pop_normal,prolonged_los,K,NORMA_q_age_set,33851,25059,0.5705,0.5636,0.5775,0.5042,0.575,0.0708,0.7403,0.7778,1.051,,
pop_normal,prolonged_los,K,NORMA_q_age_set_co,33851,25059,0.5584,0.5514,0.5655,0.5042,0.5645,0.0603,0.7403,0.7695,1.039,-0.0121,0.0
pop_normal,prolonged_los,K,PerRI,33843,25052,0.5249,0.5177,0.5322,0.5088,0.4995,-0.0092,0.7402,0.7402,1.0,-0.0456,0.0
pop_normal,prolonged_los,K,PopRI,33851,25059,0.563,0.5563,0.5696,0.5042,0.5718,0.0676,0.7403,0.7716,1.042,-0.0075,0.017428
pop_normal,prolonged_los,NA,Cohen_m2,32768,24253,0.544,0.537,0.5511,0.5043,0.5496,0.0454,0.7401,0.7716,1.042,-0.0176,2e-06
pop_normal,prolonged_los,NA,Cohen_m3,32768,24253,0.5754,0.5683,0.5824,0.5043,0.5815,0.0773,0.7401,0.7793,1.053,0.0137,9.9e-05
pop_normal,prolonged_los,NA,Cohen_m4,32768,24253,0.5446,0.5374,0.5517,0.5043,0.5466,0.0424,0.7401,0.7665,1.036,-0.0171,4e-06
pop_normal,prolonged_los,NA,Gaussian_eb,32768,24253,0.5482,0.5411,0.5554,0.5043,0.5538,0.0496,0.7401,0.7707,1.041,-0.0134,4e-06
pop_normal,prolonged_los,NA,Gaussian_mle,32293,23924,0.5261,0.5188,0.5334,0.5104,0.5211,0.0106,0.7408,0.7504,1.013,-0.0367,0.0
pop_normal,prolonged_los,NA,Gaussian_trunc,32293,23924,0.5428,0.5357,0.5499,0.5104,0.5382,0.0278,0.7408,0.7694,1.039,-0.02,1e-06
pop_normal,prolonged_los,NA,NORMA_334f7e21,32768,24253,0.5611,0.554,0.5683,0.5043,0.5588,0.0546,0.7401,0.7678,1.037,-0.0005,0.591804
pop_normal,prolonged_los,NA,NORMA_q_age,32768,24253,0.5565,0.5493,0.5637,0.5043,0.5536,0.0494,0.7401,0.764,1.032,-0.0051,0.0
pop_normal,prolonged_los,NA,NORMA_q_age_set,32768,24253,0.5616,0.5545,0.5688,0.5043,0.5622,0.058,0.7401,0.7695,1.04,,
pop_normal,prolonged_los,NA,NORMA_q_age_set_co,32768,24253,0.5558,0.5486,0.563,0.5043,0.5527,0.0485,0.7401,0.7642,1.033,-0.0058,0.0
pop_normal,prolonged_los,NA,PerRI,32744,24242,0.4852,0.4778,0.4925,0.5085,0.5241,0.0156,0.7403,0.7238,0.978,-0.0769,0.0
pop_normal,prolonged_los,NA,PopRI,32768,24253,0.5697,0.5631,0.5763,0.5043,0.5675,0.0633,0.7401,0.7717,1.043,0.008,0.020736
pop_normal,prolonged_los,Overall,Cohen_m2,46298,30921,0.6807,0.6756,0.6858,0.5351,0.6818,0.1468,0.6679,0.7925,1.187,0.037,0.0
pop_normal,prolonged_los,Overall,Cohen_m3,46298,30921,0.6825,0.6774,0.6875,0.5351,0.6837,0.1487,0.6679,0.7983,1.195,0.0388,0.0
pop_normal,prolonged_los,Overall,Cohen_m4,46298,30921,0.6797,0.6746,0.6848,0.5351,0.6811,0.146,0.6679,0.7945,1.19,0.036,0.0
pop_normal,prolonged_los,Overall,Gaussian_eb,46298,30921,0.669,0.6638,0.6742,0.5351,0.6692,0.1342,0.6679,0.7777,1.165,0.0253,0.0
pop_normal,prolonged_los,Overall,Gaussian_mle,46088,30845,0.6401,0.6346,0.6455,0.5365,0.6374,0.1009,0.6693,0.7542,1.127,-0.0027,0.17148
pop_normal,prolonged_los,Overall,Gaussian_trunc,46088,30845,0.645,0.6395,0.6504,0.5365,0.6445,0.108,0.6693,0.7546,1.128,0.0022,0.390767
pop_normal,prolonged_los,Overall,NORMA_334f7e21,46298,30921,0.6422,0.6367,0.6476,0.5351,0.6377,0.1026,0.6679,0.7504,1.124,-0.0015,0.047939
pop_normal,prolonged_los,Overall,NORMA_q_age,46298,30921,0.6359,0.6304,0.6414,0.5351,0.6293,0.0943,0.6679,0.7449,1.115,-0.0078,0.0
pop_normal,prolonged_los,Overall,NORMA_q_age_set,46298,30921,0.6437,0.6383,0.6491,0.5351,0.6386,0.1035,0.6679,0.753,1.127,,
pop_normal,prolonged_los,Overall,NORMA_q_age_set_co,46298,30921,0.6362,0.6307,0.6416,0.5351,0.6298,0.0947,0.6679,0.7445,1.115,-0.0075,0.0
pop_normal,prolonged_los,Overall,PerRI,46282,30918,0.6123,0.6067,0.6179,0.5354,0.611,0.0756,0.668,0.7347,1.1,-0.0314,0.0
pop_normal,prolonged_los,Overall,PopRI,46298,30921,0.6381,0.633,0.6432,0.5351,0.6414,0.1063,0.6679,0.746,1.117,-0.0056,0.027084
pop_normal,prolonged_los,PLT,Cohen_m2,27556,21183,0.5944,0.5865,0.6023,0.5305,0.6009,0.0704,0.7687,0.8202,1.067,0.0808,0.0
pop_normal,prolonged_los,PLT,Cohen_m3,27556,21183,0.5871,0.579,0.5953,0.5305,0.5972,0.0667,0.7687,0.8056,1.048,0.0735,0.0
pop_normal,prolonged_los,PLT,Cohen_m4,27556,21183,0.5874,0.5792,0.5955,0.5305,0.5985,0.068,0.7687,0.8034,1.045,0.0738,0.0
pop_normal,prolonged_los,PLT,Gaussian_eb,27556,21183,0.5543,0.5461,0.5625,0.5305,0.5614,0.0309,0.7687,0.7908,1.029,0.0407,0.0
pop_normal,prolonged_los,PLT,Gaussian_mle,27244,20933,0.5253,0.517,0.5336,0.5227,0.5238,0.0011,0.7684,0.7755,1.009,0.0117,0.005539
pop_normal,prolonged_los,PLT,Gaussian_trunc,27244,20933,0.5229,0.5147,0.5312,0.5227,0.5257,0.003,0.7684,0.7775,1.012,0.0093,0.035864
pop_normal,prolonged_los,PLT,NORMA_334f7e21,27556,21183,0.5279,0.5196,0.5362,0.5305,0.5318,0.0013,0.7687,0.7732,1.006,0.0143,0.0
pop_normal,prolonged_los,PLT,NORMA_q_age,27556,21183,0.5174,0.5091,0.5257,0.5305,0.5317,0.0013,0.7687,0.7663,0.997,0.0038,0.018776
pop_normal,prolonged_los,PLT,NORMA_q_age_set,27556,21183,0.5136,0.5054,0.5218,0.5305,0.5315,0.001,0.7687,0.7673,0.998,,
pop_normal,prolonged_los,PLT,NORMA_q_age_set_co,27556,21183,0.5231,0.5148,0.5314,0.5305,0.5312,0.0008,0.7687,0.7692,1.001,0.0095,0.0
pop_normal,prolonged_los,PLT,PerRI,27493,21135,0.5027,0.4945,0.5108,0.5322,0.5276,-0.0045,0.7687,0.7693,1.001,-0.0113,0.02564
pop_normal,prolonged_los,PLT,PopRI,27556,21183,0.5196,0.5115,0.5277,0.5305,0.5307,0.0003,0.7687,0.7792,1.014,0.006,0.262504
pop_normal,prolonged_los,TBIL,Cohen_m2,23289,18404,0.558,0.5491,0.5669,0.5315,0.5628,0.0313,0.7902,0.8201,1.038,0.0366,0.0
pop_normal,prolonged_los,TBIL,Cohen_m3,23289,18404,0.5476,0.5386,0.5566,0.5315,0.5496,0.0181,0.7902,0.8172,1.034,0.0262,0.0
pop_normal,prolonged_los,TBIL,Cohen_m4,23289,18404,0.5355,0.5264,0.5445,0.5315,0.5435,0.012,0.7902,0.8091,1.024,0.014,0.001338
pop_normal,prolonged_los,TBIL,Gaussian_eb,23289,18404,0.5287,0.5195,0.5379,0.5315,0.5377,0.0062,0.7902,0.8011,1.014,0.0073,0.036794
pop_normal,prolonged_los,TBIL,Gaussian_mle,22942,18107,0.5154,0.5061,0.5247,0.5289,0.5296,0.0007,0.7893,0.7924,1.004,-0.0054,0.115776
pop_normal,prolonged_los,TBIL,Gaussian_trunc,22942,18107,0.4959,0.4866,0.5052,0.5289,0.5302,0.0013,0.7893,0.7816,0.99,-0.025,3e-06
pop_normal,prolonged_los,TBIL,NORMA_334f7e21,23289,18404,0.5272,0.5181,0.5362,0.5315,0.5384,0.0069,0.7902,0.8042,1.018,0.0057,0.000442
pop_normal,prolonged_los,TBIL,NORMA_q_age,23289,18404,0.5203,0.5113,0.5294,0.5315,0.5349,0.0034,0.7902,0.8008,1.013,-0.0011,0.493827
pop_normal,prolonged_los,TBIL,NORMA_q_age_set,23289,18404,0.5214,0.5123,0.5305,0.5315,0.5345,0.003,0.7902,0.8,1.012,,
pop_normal,prolonged_los,TBIL,NORMA_q_age_set_co,23289,18404,0.5231,0.514,0.5322,0.5315,0.5346,0.0031,0.7902,0.802,1.015,0.0016,0.352385
pop_normal,prolonged_los,TBIL,PerRI,23194,18328,0.5226,0.5134,0.5318,0.5375,0.5416,0.0041,0.7902,0.8053,1.019,0.0009,0.830833
pop_normal,prolonged_los,TBIL,PopRI,23289,18404,0.5127,0.5038,0.5217,0.5315,0.5371,0.0056,0.7902,0.7937,1.004,-0.0087,0.102382
pop_normal,prolonged_los,TP,Cohen_m2,21883,17648,0.5176,0.5084,0.5268,0.5322,0.5273,-0.0049,0.8065,0.8273,1.026,-0.0097,0.064131
pop_normal,prolonged_los,TP,Cohen_m3,21883,17648,0.5153,0.5061,0.5246,0.5322,0.5324,0.0003,0.8065,0.8277,1.026,-0.012,0.022027
pop_normal,prolonged_los,TP,Cohen_m4,21883,17648,0.5233,0.5142,0.5325,0.5322,0.536,0.0039,0.8065,0.8317,1.031,-0.004,0.433336
pop_normal,prolonged_los,TP,Gaussian_eb,21883,17648,0.5181,0.5086,0.5276,0.5322,0.5349,0.0028,0.8065,0.8218,1.019,-0.0092,0.052719
pop_normal,prolonged_los,TP,Gaussian_mle,21698,17486,0.516,0.5065,0.5255,0.5223,0.5308,0.0085,0.8059,0.8181,1.015,-0.0111,0.022689
pop_normal,prolonged_los,TP,Gaussian_trunc,21698,17486,0.5653,0.5558,0.5748,0.5223,0.5649,0.0426,0.8059,0.8372,1.039,0.0382,0.0
pop_normal,prolonged_los,TP,NORMA_334f7e21,21883,17648,0.5484,0.5386,0.5581,0.5322,0.5529,0.0207,0.8065,0.8273,1.026,0.021,0.0
pop_normal,prolonged_los,TP,NORMA_q_age,21883,17648,0.5321,0.5223,0.5418,0.5322,0.5398,0.0076,0.8065,0.8204,1.017,0.0047,0.035001
pop_normal,prolonged_los,TP,NORMA_q_age_set,21883,17648,0.5273,0.5176,0.5371,0.5322,0.538,0.0058,0.8065,0.8191,1.016,,
pop_normal,prolonged_los,TP,NORMA_q_age_set_co,21883,17648,0.5288,0.5189,0.5387,0.5322,0.5376,0.0054,0.8065,0.814,1.009,0.0015,0.538393
pop_normal,prolonged_los,TP,PerRI,21880,17647,0.5497,0.5401,0.5593,0.5298,0.548,0.0182,0.8065,0.8306,1.03,0.0226,0.000142
pop_normal,prolonged_los,TP,PopRI,21883,17648,0.5483,0.5389,0.5578,0.5322,0.5626,0.0304,0.8065,0.8269,1.025,0.021,0.00015
pop_normal,prolonged_los,WBC,Cohen_m2,27546,21152,0.5622,0.5542,0.5702,0.5204,0.5653,0.0448,0.7679,0.8043,1.047,0.0279,0.0
pop_normal,prolonged_los,WBC,Cohen_m3,27546,21152,0.5496,0.5416,0.5577,0.5204,0.5541,0.0337,0.7679,0.7942,1.034,0.0153,0.001361
pop_normal,prolonged_los,WBC,Cohen_m4,27546,21152,0.5283,0.5202,0.5363,0.5204,0.5365,0.016,0.7679,0.7849,1.022,-0.006,0.168613
pop_normal,prolonged_los,WBC,Gaussian_eb,27546,21152,0.5548,0.5467,0.5629,0.5204,0.5591,0.0387,0.7679,0.7953,1.036,0.0205,0.0
pop_normal,prolonged_los,WBC,Gaussian_mle,27305,20970,0.5317,0.5234,0.54,0.5225,0.5219,-0.0005,0.768,0.7758,1.01,-0.0031,0.393279
pop_normal,prolonged_los,WBC,Gaussian_trunc,27305,20970,0.5046,0.4963,0.5129,0.5225,0.5225,0.0,0.768,0.7648,0.996,-0.0302,0.0
pop_normal,prolonged_los,WBC,NORMA_334f7e21,27546,21152,0.5421,0.5341,0.5502,0.5204,0.5459,0.0255,0.7679,0.7887,1.027,0.0078,0.0
pop_normal,prolonged_los,WBC,NORMA_q_age,27546,21152,0.538,0.5299,0.5461,0.5204,0.5427,0.0223,0.7679,0.7856,1.023,0.0037,0.024475
pop_normal,prolonged_los,WBC,NORMA_q_age_set,27546,21152,0.5343,0.5262,0.5424,0.5204,0.5375,0.0171,0.7679,0.7828,1.019,,
pop_normal,prolonged_los,WBC,NORMA_q_age_set_co,27546,21152,0.5417,0.5337,0.5497,0.5204,0.548,0.0276,0.7679,0.7891,1.028,0.0074,0.000222
pop_normal,prolonged_los,WBC,PerRI,27545,21151,0.4914,0.483,0.4997,0.5223,0.5318,0.0096,0.7679,0.757,0.986,-0.0429,0.0
pop_normal,prolonged_los,WBC,PopRI,27546,21152,0.5431,0.5351,0.5512,0.5204,0.5468,0.0263,0.7679,0.7882,1.026,0.0088,0.043609
pop_normal,unplanned_icu,ALB,Cohen_m2,21785,7019,0.574,0.5658,0.5821,0.5564,0.5942,0.0379,0.3222,0.3836,1.19,0.0477,0.0
pop_normal,unplanned_icu,ALB,Cohen_m3,21785,7019,0.5309,0.5227,0.539,0.5564,0.5673,0.0109,0.3222,0.3532,1.096,0.0046,0.300256
pop_normal,unplanned_icu,ALB,Cohen_m4,21785,7019,0.5365,0.5283,0.5447,0.5564,0.5681,0.0118,0.3222,0.3534,1.097,0.0102,0.016767
pop_normal,unplanned_icu,ALB,Gaussian_eb,21785,7019,0.5339,0.5258,0.5421,0.5564,0.5698,0.0134,0.3222,0.3513,1.09,0.0077,0.072757
pop_normal,unplanned_icu,ALB,Gaussian_mle,21528,6922,0.5393,0.5311,0.5474,0.5621,0.5676,0.0055,0.3215,0.3491,1.086,0.0139,0.002553
pop_normal,unplanned_icu,ALB,Gaussian_trunc,21528,6922,0.5336,0.5254,0.5418,0.5621,0.5629,0.0008,0.3215,0.347,1.079,0.0082,0.111984
pop_normal,unplanned_icu,ALB,NORMA_334f7e21,21785,7019,0.5336,0.5255,0.5418,0.5564,0.5622,0.0058,0.3222,0.3472,1.078,0.0074,0.000301
pop_normal,unplanned_icu,ALB,NORMA_q_age,21785,7019,0.5286,0.5204,0.5368,0.5564,0.5611,0.0047,0.3222,0.345,1.071,0.0023,0.250264
pop_normal,unplanned_icu,ALB,NORMA_q_age_set,21785,7019,0.5263,0.5181,0.5344,0.5564,0.5591,0.0028,0.3222,0.3393,1.053,,
pop_normal,unplanned_icu,ALB,NORMA_q_age_set_co,21785,7019,0.5506,0.5425,0.5588,0.5564,0.5704,0.0141,0.3222,0.3611,1.121,0.0243,0.0
pop_normal,unplanned_icu,ALB,PerRI,21783,7018,0.544,0.5359,0.5521,0.565,0.5694,0.0044,0.3222,0.3472,1.078,0.0178,0.00068
pop_normal,unplanned_icu,ALB,PopRI,21785,7019,0.538,0.5299,0.5461,0.5564,0.5613,0.005,0.3222,0.346,1.074,0.0118,0.014649
pop_normal,unplanned_icu,ALP,Cohen_m2,23126,7807,0.5879,0.5801,0.5957,0.5497,0.5979,0.0481,0.3376,0.4162,1.233,0.034,0.0
pop_normal,unplanned_icu,ALP,Cohen_m3,23126,7807,0.5777,0.57,0.5855,0.5497,0.5889,0.0391,0.3376,0.4027,1.193,0.0238,0.0
pop_normal,unplanned_icu,ALP,Cohen_m4,23126,7807,0.5704,0.5627,0.5782,0.5497,0.5815,0.0317,0.3376,0.3924,1.162,0.0165,7e-05
pop_normal,unplanned_icu,ALP,Gaussian_eb,23126,7807,0.5617,0.5539,0.5695,0.5497,0.5691,0.0194,0.3376,0.3854,1.142,0.0078,0.048311
pop_normal,unplanned_icu,ALP,Gaussian_mle,22964,7756,0.5371,0.5293,0.5449,0.5543,0.5575,0.0032,0.3377,0.3595,1.064,-0.0171,1.8e-05
pop_normal,unplanned_icu,ALP,Gaussian_trunc,22964,7756,0.5372,0.5294,0.5451,0.5543,0.5575,0.0033,0.3377,0.3586,1.062,-0.0169,6e-05
pop_normal,unplanned_icu,ALP,NORMA_334f7e21,23126,7807,0.5457,0.5378,0.5536,0.5497,0.5619,0.0122,0.3376,0.3774,1.118,-0.0082,0.0
pop_normal,unplanned_icu,ALP,NORMA_q_age,23126,7807,0.5449,0.5371,0.5528,0.5497,0.5617,0.012,0.3376,0.3758,1.113,-0.009,0.0
pop_normal,unplanned_icu,ALP,NORMA_q_age_set,23126,7807,0.5539,0.5461,0.5617,0.5497,0.5646,0.0149,0.3376,0.381,1.129,,
pop_normal,unplanned_icu,ALP,NORMA_q_age_set_co,23126,7807,0.5573,0.5495,0.5652,0.5497,0.5652,0.0155,0.3376,0.3822,1.132,0.0034,0.062709
pop_normal,unplanned_icu,ALP,PerRI,23032,7778,0.5099,0.5021,0.5178,0.552,0.553,0.001,0.3377,0.3444,1.02,-0.0444,0.0
pop_normal,unplanned_icu,ALP,PopRI,23126,7807,0.5523,0.5446,0.5601,0.5497,0.5723,0.0226,0.3376,0.3749,1.111,-0.0016,0.729009
pop_normal,unplanned_icu,ALT,Cohen_m2,19579,7214,0.5573,0.549,0.5655,0.5571,0.5799,0.0228,0.3685,0.4099,1.113,0.0086,0.061052
pop_normal,unplanned_icu,ALT,Cohen_m3,19579,7214,0.595,0.5868,0.6033,0.5571,0.6058,0.0488,0.3685,0.4642,1.26,0.0464,0.0
pop_normal,unplanned_icu,ALT,Cohen_m4,19579,7214,0.5828,0.5746,0.5911,0.5571,0.5993,0.0422,0.3685,0.4436,1.204,0.0342,0.0
pop_normal,unplanned_icu,ALT,Gaussian_eb,19579,7214,0.5489,0.5406,0.5572,0.5571,0.5744,0.0173,0.3685,0.3976,1.079,0.0002,0.956961
pop_normal,unplanned_icu,ALT,Gaussian_mle,19357,7139,0.5373,0.5289,0.5456,0.5492,0.5516,0.0024,0.3688,0.3878,1.052,-0.0113,0.010549
pop_normal,unplanned_icu,ALT,Gaussian_trunc,19357,7139,0.5223,0.514,0.5307,0.5492,0.5507,0.0016,0.3688,0.3796,1.029,-0.0262,0.0
pop_normal,unplanned_icu,ALT,NORMA_334f7e21,19579,7214,0.5508,0.5425,0.5592,0.5571,0.5692,0.0122,0.3685,0.4068,1.104,0.0022,0.160523
pop_normal,unplanned_icu,ALT,NORMA_q_age,19579,7214,0.5456,0.5372,0.5539,0.5571,0.566,0.0089,0.3685,0.4026,1.093,-0.0031,0.053801
pop_normal,unplanned_icu,ALT,NORMA_q_age_set,19579,7214,0.5487,0.5403,0.557,0.5571,0.5676,0.0105,0.3685,0.4043,1.097,,
pop_normal,unplanned_icu,ALT,NORMA_q_age_set_co,19579,7214,0.5604,0.5521,0.5688,0.5571,0.5764,0.0194,0.3685,0.4149,1.126,0.0118,0.0
pop_normal,unplanned_icu,ALT,PerRI,19553,7204,0.499,0.4908,0.5073,0.547,0.5477,0.0007,0.3684,0.3668,0.995,-0.0497,0.0
pop_normal,unplanned_icu,ALT,PopRI,19579,7214,0.5081,0.4998,0.5164,0.5571,0.5556,-0.0014,0.3685,0.3745,1.016,-0.0405,0.0
pop_normal,unplanned_icu,AST,Cohen_m2,21659,7648,0.5705,0.5626,0.5783,0.5568,0.5822,0.0253,0.3531,0.3936,1.115,0.0299,0.0
pop_normal,unplanned_icu,AST,Cohen_m3,21659,7648,0.5648,0.5568,0.5727,0.5568,0.5772,0.0204,0.3531,0.4033,1.142,0.0242,0.0
pop_normal,unplanned_icu,AST,Cohen_m4,21659,7648,0.5812,0.5734,0.5891,0.5568,0.5932,0.0364,0.3531,0.4119,1.167,0.0407,0.0
pop_normal,unplanned_icu,AST,Gaussian_eb,21659,7648,0.538,0.5302,0.5459,0.5568,0.5614,0.0046,0.3531,0.3667,1.039,-0.0025,0.454866
pop_normal,unplanned_icu,AST,Gaussian_mle,21584,7627,0.5055,0.4976,0.5134,0.5657,0.5674,0.0017,0.3534,0.344,0.974,-0.0348,0.0
pop_normal,unplanned_icu,AST,Gaussian_trunc,21584,7627,0.5079,0.4999,0.5159,0.5657,0.5657,-0.0,0.3534,0.3525,0.997,-0.0324,0.0
pop_normal,unplanned_icu,AST,NORMA_334f7e21,21659,7648,0.532,0.524,0.54,0.5568,0.5599,0.0031,0.3531,0.3708,1.05,-0.0086,0.0
pop_normal,unplanned_icu,AST,NORMA_q_age,21659,7648,0.5286,0.5206,0.5365,0.5568,0.5584,0.0016,0.3531,0.3664,1.038,-0.012,0.0
pop_normal,unplanned_icu,AST,NORMA_q_age_set,21659,7648,0.5406,0.5326,0.5485,0.5568,0.5621,0.0053,0.3531,0.3755,1.063,,
pop_normal,unplanned_icu,AST,NORMA_q_age_set_co,21659,7648,0.5434,0.5354,0.5513,0.5568,0.5655,0.0087,0.3531,0.38,1.076,0.0028,0.090522
pop_normal,unplanned_icu,AST,PerRI,21631,7642,0.4733,0.4653,0.4812,0.5545,0.5672,0.0127,0.3533,0.3353,0.949,-0.0676,0.0
pop_normal,unplanned_icu,AST,PopRI,21659,7648,0.5459,0.538,0.5539,0.5568,0.5716,0.0147,0.3531,0.3851,1.091,0.0054,0.222061
pop_normal,unplanned_icu,BUN,Cohen_m2,22491,7551,0.5564,0.5485,0.5643,0.5447,0.5756,0.0308,0.3357,0.3776,1.125,-0.0048,0.264385
pop_normal,unplanned_icu,BUN,Cohen_m3,22491,7551,0.5526,0.5447,0.5605,0.5447,0.572,0.0273,0.3357,0.3701,1.102,-0.0086,0.042341
pop_normal,unplanned_icu,BUN,Cohen_m4,22491,7551,0.5624,0.5545,0.5703,0.5447,0.5771,0.0324,0.3357,0.3888,1.158,0.0012,0.782172
pop_normal,unplanned_icu,BUN,Gaussian_eb,22491,7551,0.5526,0.5447,0.5606,0.5447,0.5738,0.0291,0.3357,0.3799,1.132,-0.0086,0.017726
pop_normal,unplanned_icu,BUN,Gaussian_mle,22211,7471,0.549,0.5411,0.557,0.5417,0.5558,0.0141,0.3364,0.3642,1.083,-0.0127,0.000764
pop_normal,unplanned_icu,BUN,Gaussian_trunc,22211,7471,0.5154,0.5075,0.5234,0.5417,0.5433,0.0016,0.3364,0.3408,1.013,-0.0463,0.0
pop_normal,unplanned_icu,BUN,NORMA_334f7e21,22491,7551,0.5666,0.5587,0.5745,0.5447,0.5776,0.0329,0.3357,0.3871,1.153,0.0054,6.3e-05
pop_normal,unplanned_icu,BUN,NORMA_q_age,22491,7551,0.5668,0.5589,0.5747,0.5447,0.5767,0.0319,0.3357,0.3872,1.153,0.0056,6.6e-05
pop_normal,unplanned_icu,BUN,NORMA_q_age_set,22491,7551,0.5612,0.5533,0.5691,0.5447,0.5741,0.0294,0.3357,0.3833,1.142,,
pop_normal,unplanned_icu,BUN,NORMA_q_age_set_co,22491,7551,0.5643,0.5564,0.5722,0.5447,0.577,0.0322,0.3357,0.3858,1.149,0.0031,0.093569
pop_normal,unplanned_icu,BUN,PerRI,22472,7547,0.4973,0.4895,0.5052,0.5381,0.5417,0.0036,0.3358,0.3297,0.982,-0.0642,0.0
pop_normal,unplanned_icu,BUN,PopRI,22491,7551,0.5348,0.5271,0.5426,0.5447,0.5628,0.018,0.3357,0.3538,1.054,-0.0264,0.0
pop_normal,unplanned_icu,CA,Cohen_m2,21196,7233,0.5893,0.5812,0.5973,0.5608,0.6017,0.0409,0.3412,0.4151,1.216,0.0407,0.0
pop_normal,unplanned_icu,CA,Cohen_m3,21196,7233,0.5702,0.5622,0.5783,0.5608,0.5886,0.0278,0.3412,0.3978,1.166,0.0216,0.0
pop_normal,unplanned_icu,CA,Cohen_m4,21196,7233,0.5657,0.5576,0.5737,0.5608,0.5855,0.0247,0.3412,0.3845,1.127,0.017,1.8e-05
pop_normal,unplanned_icu,CA,Gaussian_eb,21196,7233,0.5459,0.5377,0.554,0.5608,0.5704,0.0096,0.3412,0.377,1.105,-0.0027,0.447822
pop_normal,unplanned_icu,CA,Gaussian_mle,20858,7145,0.5327,0.5245,0.5409,0.5573,0.5615,0.0043,0.3426,0.365,1.066,-0.0162,0.000154
pop_normal,unplanned_icu,CA,Gaussian_trunc,20858,7145,0.5342,0.526,0.5425,0.5573,0.5643,0.007,0.3426,0.368,1.074,-0.0146,0.004141
pop_normal,unplanned_icu,CA,NORMA_334f7e21,21196,7233,0.5511,0.5429,0.5593,0.5608,0.5757,0.0149,0.3412,0.3817,1.119,0.0025,0.160779
pop_normal,unplanned_icu,CA,NORMA_q_age,21196,7233,0.5473,0.5391,0.5555,0.5608,0.5746,0.0138,0.3412,0.3788,1.11,-0.0013,0.419878
pop_normal,unplanned_icu,CA,NORMA_q_age_set,21196,7233,0.5486,0.5404,0.5568,0.5608,0.5748,0.014,0.3412,0.3806,1.115,,
pop_normal,unplanned_icu,CA,NORMA_q_age_set_co,21196,7233,0.5637,0.5555,0.5718,0.5608,0.5829,0.0222,0.3412,0.3905,1.144,0.0151,0.0
pop_normal,unplanned_icu,CA,PerRI,21179,7232,0.5436,0.5355,0.5516,0.565,0.5665,0.0015,0.3415,0.3583,1.049,-0.0052,0.321659
pop_normal,unplanned_icu,CA,PopRI,21196,7233,0.5431,0.535,0.5512,0.5608,0.5691,0.0083,0.3412,0.3702,1.085,-0.0055,0.209823
pop_normal,unplanned_icu,CL,Cohen_m2,24545,8007,0.6015,0.594,0.6091,0.5383,0.6132,0.0749,0.3262,0.4113,1.261,0.0479,0.0
pop_normal,unplanned_icu,CL,Cohen_m3,24545,8007,0.5754,0.5678,0.583,0.5383,0.5841,0.0458,0.3262,0.3849,1.18,0.0217,0.0
pop_normal,unplanned_icu,CL,Cohen_m4,24545,8007,0.5649,0.5573,0.5725,0.5383,0.5765,0.0382,0.3262,0.3748,1.149,0.0112,0.004575
pop_normal,unplanned_icu,CL,Gaussian_eb,24545,8007,0.5738,0.5663,0.5814,0.5383,0.5853,0.047,0.3262,0.3849,1.18,0.0202,0.0
pop_normal,unplanned_icu,CL,Gaussian_mle,24134,7872,0.5442,0.5365,0.5518,0.5296,0.5523,0.0228,0.3262,0.3495,1.071,-0.0098,0.00806
pop_normal,unplanned_icu,CL,Gaussian_trunc,24134,7872,0.5194,0.5117,0.5271,0.5296,0.5386,0.0091,0.3262,0.3353,1.028,-0.0346,0.0
pop_normal,unplanned_icu,CL,NORMA_334f7e21,24545,8007,0.5619,0.5542,0.5696,0.5383,0.5762,0.0379,0.3262,0.3815,1.169,0.0083,0.0
pop_normal,unplanned_icu,CL,NORMA_q_age,24545,8007,0.5535,0.5457,0.5612,0.5383,0.5695,0.0312,0.3262,0.372,1.14,-0.0002,0.89464
pop_normal,unplanned_icu,CL,NORMA_q_age_set,24545,8007,0.5536,0.5459,0.5614,0.5383,0.5717,0.0334,0.3262,0.3745,1.148,,
pop_normal,unplanned_icu,CL,NORMA_q_age_set_co,24545,8007,0.5625,0.5548,0.5702,0.5383,0.5773,0.039,0.3262,0.3761,1.153,0.0089,4e-06
pop_normal,unplanned_icu,CL,PerRI,24540,8007,0.4836,0.476,0.4911,0.542,0.5434,0.0014,0.3263,0.3108,0.953,-0.0701,0.0
pop_normal,unplanned_icu,CL,PopRI,24545,8007,0.5669,0.5596,0.5741,0.5383,0.5799,0.0416,0.3262,0.3626,1.112,0.0132,5.2e-05
pop_normal,unplanned_icu,CO2,Cohen_m2,9378,5961,0.5242,0.512,0.5364,0.5019,0.523,0.0211,0.6356,0.647,1.018,0.0103,0.137764
pop_normal,unplanned_icu,CO2,Cohen_m3,9378,5961,0.5273,0.5152,0.5395,0.5019,0.5297,0.0277,0.6356,0.6493,1.022,0.0135,0.049047
pop_normal,unplanned_icu,CO2,Cohen_m4,9378,5961,0.5251,0.513,0.5372,0.5019,0.5248,0.0228,0.6356,0.6517,1.025,0.0112,0.095042
pop_normal,unplanned_icu,CO2,Gaussian_eb,9378,5961,0.5291,0.517,0.5412,0.5019,0.5226,0.0206,0.6356,0.6578,1.035,0.0152,0.006994
pop_normal,unplanned_icu,CO2,Gaussian_mle,9288,5909,0.5227,0.5104,0.535,0.515,0.5163,0.0013,0.6362,0.6489,1.02,0.0093,0.105733
pop_normal,unplanned_icu,CO2,Gaussian_trunc,9288,5909,0.5059,0.4936,0.5181,0.515,0.5146,-0.0004,0.6362,0.6411,1.008,-0.0075,0.281356
pop_normal,unplanned_icu,CO2,NORMA_334f7e21,9378,5961,0.5145,0.5023,0.5267,0.5019,0.5006,-0.0013,0.6356,0.64,1.007,0.0006,0.761835
pop_normal,unplanned_icu,CO2,NORMA_q_age,9378,5961,0.5127,0.5004,0.5249,0.5019,0.4987,-0.0033,0.6356,0.6376,1.003,-0.0012,0.535906
pop_normal,unplanned_icu,CO2,NORMA_q_age_set,9378,5961,0.5139,0.5016,0.5261,0.5019,0.503,0.0011,0.6356,0.6397,1.006,,
pop_normal,unplanned_icu,CO2,NORMA_q_age_set_co,9378,5961,0.5233,0.5111,0.5355,0.5019,0.509,0.0071,0.6356,0.6453,1.015,0.0094,0.000912
pop_normal,unplanned_icu,CO2,PerRI,9372,5960,0.4941,0.4819,0.5063,0.5048,0.5079,0.0031,0.6359,0.6269,0.986,-0.0204,0.011621
pop_normal,unplanned_icu,CO2,PopRI,9378,5961,0.5221,0.5101,0.534,0.5019,0.5131,0.0111,0.6356,0.6475,1.019,0.0082,0.164679
pop_normal,unplanned_icu,CRE,Cohen_m2,33932,7555,0.6091,0.6018,0.6165,0.5938,0.6385,0.0447,0.2227,0.3138,1.409,0.0647,0.0
pop_normal,unplanned_icu,CRE,Cohen_m3,33932,7555,0.633,0.6258,0.6403,0.5938,0.6564,0.0626,0.2227,0.3331,1.496,0.0886,0.0
pop_normal,unplanned_icu,CRE,Cohen_m4,33932,7555,0.5608,0.5533,0.5684,0.5938,0.6238,0.03,0.2227,0.2857,1.283,0.0164,2.6e-05
pop_normal,unplanned_icu,CRE,Gaussian_eb,33932,7555,0.568,0.5606,0.5753,0.5938,0.6126,0.0188,0.2227,0.2695,1.211,0.0235,0.0
pop_normal,unplanned_icu,CRE,Gaussian_mle,33385,7423,0.5201,0.5127,0.5275,0.5826,0.5851,0.0025,0.2223,0.2335,1.05,-0.025,0.0
pop_normal,unplanned_icu,CRE,Gaussian_trunc,33385,7423,0.512,0.5046,0.5194,0.5826,0.5821,-0.0005,0.2223,0.224,1.007,-0.0331,0.0
pop_normal,unplanned_icu,CRE,NORMA_334f7e21,33932,7555,0.5497,0.5423,0.5571,0.5938,0.6048,0.011,0.2227,0.2582,1.16,0.0053,0.000162
pop_normal,unplanned_icu,CRE,NORMA_q_age,33932,7555,0.5448,0.5374,0.5521,0.5938,0.6025,0.0087,0.2227,0.2514,1.129,0.0004,0.794781
pop_normal,unplanned_icu,CRE,NORMA_q_age_set,33932,7555,0.5444,0.5371,0.5518,0.5938,0.603,0.0092,0.2227,0.2523,1.133,,
pop_normal,unplanned_icu,CRE,NORMA_q_age_set_co,33932,7555,0.5363,0.5289,0.5437,0.5938,0.6016,0.0078,0.2227,0.2474,1.111,-0.0082,1e-06
pop_normal,unplanned_icu,CRE,PerRI,33886,7541,0.5276,0.5201,0.535,0.589,0.5955,0.0065,0.2225,0.2462,1.106,-0.0171,1.3e-05
pop_normal,unplanned_icu,CRE,PopRI,33932,7555,0.5524,0.5451,0.5597,0.5938,0.6078,0.014,0.2227,0.2556,1.148,0.008,0.066479
pop_normal,unplanned_icu,GLU,Cohen_m2,16645,5442,0.5299,0.5208,0.5391,0.5419,0.5474,0.0054,0.3269,0.3335,1.02,-0.0179,0.00112
pop_normal,unplanned_icu,GLU,Cohen_m3,16645,5442,0.5686,0.5592,0.578,0.5419,0.5926,0.0507,0.3269,0.3956,1.21,0.0208,0.000849
pop_normal,unplanned_icu,GLU,Cohen_m4,16645,5442,0.6039,0.5947,0.6131,0.5419,0.6236,0.0817,0.3269,0.4219,1.29,0.0561,0.0
pop_normal,unplanned_icu,GLU,Gaussian_eb,16645,5442,0.5569,0.5476,0.5661,0.5419,0.5752,0.0333,0.3269,0.371,1.135,0.009,0.026452
pop_normal,unplanned_icu,GLU,Gaussian_mle,15537,5148,0.543,0.5335,0.5526,0.5547,0.5629,0.0082,0.3313,0.3551,1.072,-0.0077,0.109594
pop_normal,unplanned_icu,GLU,Gaussian_trunc,15537,5148,0.5245,0.515,0.5341,0.5547,0.5589,0.0042,0.3313,0.3447,1.04,-0.0262,1e-06
pop_normal,unplanned_icu,GLU,NORMA_334f7e21,16645,5442,0.5289,0.5197,0.5381,0.5419,0.5463,0.0044,0.3269,0.3339,1.021,-0.0189,0.0
pop_normal,unplanned_icu,GLU,NORMA_q_age,16645,5442,0.5634,0.5543,0.5726,0.5419,0.5708,0.0289,0.3269,0.3603,1.102,0.0156,0.0
pop_normal,unplanned_icu,GLU,NORMA_q_age_set,16645,5442,0.5478,0.5386,0.557,0.5419,0.5592,0.0173,0.3269,0.3507,1.073,,
pop_normal,unplanned_icu,GLU,NORMA_q_age_set_co,16645,5442,0.508,0.4988,0.5172,0.5419,0.5422,0.0003,0.3269,0.3243,0.992,-0.0398,0.0
pop_normal,unplanned_icu,GLU,PerRI,16632,5439,0.4973,0.4883,0.5064,0.546,0.5508,0.0048,0.327,0.3095,0.946,-0.0506,0.0
pop_normal,unplanned_icu,GLU,PopRI,16645,5442,0.5463,0.5379,0.5546,0.5419,0.5682,0.0262,0.3269,0.351,1.073,-0.0016,0.712394
pop_normal,unplanned_icu,HCT,Cohen_m2,14388,4339,0.5574,0.5471,0.5677,0.5456,0.5747,0.0291,0.3016,0.3407,1.13,0.0539,0.0
pop_normal,unplanned_icu,HCT,Cohen_m3,14388,4339,0.5212,0.5109,0.5314,0.5456,0.5502,0.0046,0.3016,0.3066,1.017,0.0177,0.005127
pop_normal,unplanned_icu,HCT,Cohen_m4,14388,4339,0.5712,0.561,0.5814,0.5456,0.5783,0.0327,0.3016,0.3579,1.187,0.0677,0.0
pop_normal,unplanned_icu,HCT,Gaussian_eb,14388,4339,0.5343,0.5241,0.5446,0.5456,0.5493,0.0037,0.3016,0.3281,1.088,0.0308,0.0
pop_normal,unplanned_icu,HCT,Gaussian_mle,13327,4024,0.5316,0.5211,0.5422,0.5477,0.5507,0.0031,0.3019,0.3194,1.058,0.0256,3.1e-05
pop_normal,unplanned_icu,HCT,Gaussian_trunc,13327,4024,0.5243,0.5138,0.5348,0.5477,0.5517,0.004,0.3019,0.3163,1.048,0.0183,0.009593
pop_normal,unplanned_icu,HCT,NORMA_334f7e21,14388,4339,0.5212,0.5111,0.5313,0.5456,0.5432,-0.0024,0.3016,0.3031,1.005,0.0177,0.0
pop_normal,unplanned_icu,HCT,NORMA_q_age,14388,4339,0.5013,0.4911,0.5114,0.5456,0.5443,-0.0012,0.3016,0.2917,0.967,-0.0022,0.36555
pop_normal,unplanned_icu,HCT,NORMA_q_age_set,14388,4339,0.5035,0.4934,0.5136,0.5456,0.5449,-0.0007,0.3016,0.2936,0.973,,
pop_normal,unplanned_icu,HCT,NORMA_q_age_set_co,14388,4339,0.5282,0.5181,0.5383,0.5456,0.5475,0.002,0.3016,0.3097,1.027,0.0247,0.0
pop_normal,unplanned_icu,HCT,PerRI,14332,4338,0.5106,0.5009,0.5202,0.536,0.5492,0.0132,0.3027,0.2855,0.943,0.0072,0.312167
pop_normal,unplanned_icu,HCT,PopRI,14388,4339,0.5446,0.5355,0.5538,0.5456,0.5592,0.0136,0.3016,0.3252,1.078,0.0411,0.0
pop_normal,unplanned_icu,HGB,Cohen_m2,11834,3542,0.5789,0.5675,0.5903,0.5481,0.5977,0.0495,0.2993,0.3716,1.241,0.0792,0.0
pop_normal,unplanned_icu,HGB,Cohen_m3,11834,3542,0.5668,0.5554,0.5782,0.5481,0.5913,0.0431,0.2993,0.3544,1.184,0.0671,0.0
pop_normal,unplanned_icu,HGB,Cohen_m4,11834,3542,0.5745,0.5631,0.586,0.5481,0.6008,0.0526,0.2993,0.365,1.219,0.0748,0.0
pop_normal,unplanned_icu,HGB,Gaussian_eb,11834,3542,0.5234,0.512,0.5348,0.5481,0.5536,0.0054,0.2993,0.3168,1.058,0.0237,5.9e-05
pop_normal,unplanned_icu,HGB,Gaussian_mle,11072,3312,0.5222,0.5105,0.5339,0.5518,0.5528,0.001,0.2991,0.3112,1.04,0.021,0.001316
pop_normal,unplanned_icu,HGB,Gaussian_trunc,11072,3312,0.5124,0.5007,0.5241,0.5518,0.5525,0.0008,0.2991,0.3062,1.024,0.0112,0.102068
pop_normal,unplanned_icu,HGB,NORMA_334f7e21,11834,3542,0.5052,0.494,0.5164,0.5481,0.5447,-0.0034,0.2993,0.293,0.979,0.0055,0.045698
pop_normal,unplanned_icu,HGB,NORMA_q_age,11834,3542,0.4975,0.4863,0.5088,0.5481,0.5456,-0.0025,0.2993,0.2896,0.968,-0.0022,0.435437
pop_normal,unplanned_icu,HGB,NORMA_q_age_set,11834,3542,0.4997,0.4884,0.511,0.5481,0.5451,-0.0031,0.2993,0.2932,0.98,,
pop_normal,unplanned_icu,HGB,NORMA_q_age_set_co,11834,3542,0.5117,0.5004,0.523,0.5481,0.5454,-0.0028,0.2993,0.2991,0.999,0.012,0.001877
pop_normal,unplanned_icu,HGB,PerRI,11791,3540,0.5219,0.511,0.5329,0.5424,0.5403,-0.0021,0.3002,0.2954,0.984,0.0223,0.003313
pop_normal,unplanned_icu,HGB,PopRI,11834,3542,0.5335,0.523,0.544,0.5481,0.5562,0.008,0.2993,0.3174,1.061,0.0338,1e-06
pop_normal,unplanned_icu,K,Cohen_m2,33851,10051,0.6122,0.6057,0.6187,0.5156,0.6185,0.1029,0.2969,0.3768,1.269,-0.0073,0.014272
pop_normal,unplanned_icu,K,Cohen_m3,33851,10051,0.6126,0.6061,0.6191,0.5156,0.6171,0.1015,0.2969,0.3735,1.258,-0.0069,0.018993
pop_normal,unplanned_icu,K,Cohen_m4,33851,10051,0.617,0.6106,0.6234,0.5156,0.6219,0.1063,0.2969,0.3743,1.261,-0.0025,0.360469
pop_normal,unplanned_icu,K,Gaussian_eb,33851,10051,0.6139,0.6074,0.6204,0.5156,0.6201,0.1045,0.2969,0.3884,1.308,-0.0056,0.023677
pop_normal,unplanned_icu,K,Gaussian_mle,33651,10025,0.5763,0.5698,0.5827,0.5273,0.5694,0.042,0.2979,0.331,1.111,-0.0439,0.0
pop_normal,unplanned_icu,K,Gaussian_trunc,33651,10025,0.5377,0.5311,0.5443,0.5273,0.5514,0.0241,0.2979,0.3188,1.07,-0.0825,0.0
pop_normal,unplanned_icu,K,NORMA_334f7e21,33851,10051,0.6272,0.6208,0.6336,0.5156,0.6292,0.1136,0.2969,0.3906,1.316,0.0077,0.0
pop_normal,unplanned_icu,K,NORMA_q_age,33851,10051,0.6176,0.6112,0.624,0.5156,0.6213,0.1057,0.2969,0.3755,1.265,-0.0019,0.043403
pop_normal,unplanned_icu,K,NORMA_q_age_set,33851,10051,0.6195,0.6131,0.6259,0.5156,0.6219,0.1063,0.2969,0.3818,1.286,,
pop_normal,unplanned_icu,K,NORMA_q_age_set_co,33851,10051,0.6283,0.6219,0.6346,0.5156,0.6313,0.1157,0.2969,0.386,1.3,0.0088,0.0
pop_normal,unplanned_icu,K,PerRI,33843,10051,0.5336,0.5271,0.54,0.5113,0.5076,-0.0037,0.297,0.299,1.007,-0.0859,0.0
pop_normal,unplanned_icu,K,PopRI,33851,10051,0.6079,0.6017,0.614,0.5156,0.6176,0.102,0.2969,0.3598,1.212,-0.0116,4e-05
pop_normal,unplanned_icu,NA,Cohen_m2,32768,9761,0.5978,0.5911,0.6045,0.5181,0.5971,0.079,0.2979,0.381,1.279,-0.0027,0.424071
pop_normal,unplanned_icu,NA,Cohen_m3,32768,9761,0.6345,0.628,0.641,0.5181,0.6305,0.1124,0.2979,0.3979,1.336,0.034,0.0
pop_normal,unplanned_icu,NA,Cohen_m4,32768,9761,0.6038,0.5971,0.6104,0.5181,0.6016,0.0835,0.2979,0.3775,1.267,0.0033,0.314304
pop_normal,unplanned_icu,NA,Gaussian_eb,32768,9761,0.6068,0.6002,0.6134,0.5181,0.6063,0.0882,0.2979,0.3875,1.301,0.0064,0.016772
pop_normal,unplanned_icu,NA,Gaussian_mle,32293,9660,0.5585,0.5519,0.5652,0.5226,0.5482,0.0255,0.2991,0.3267,1.092,-0.043,0.0
pop_normal,unplanned_icu,NA,Gaussian_trunc,32293,9660,0.5483,0.5415,0.5551,0.5226,0.548,0.0254,0.2991,0.3327,1.112,-0.0532,0.0
pop_normal,unplanned_icu,NA,NORMA_334f7e21,32768,9761,0.6153,0.6088,0.6219,0.5181,0.598,0.0799,0.2979,0.3762,1.263,0.0149,0.0
pop_normal,unplanned_icu,NA,NORMA_q_age,32768,9761,0.6116,0.6051,0.6181,0.5181,0.5932,0.0751,0.2979,0.3692,1.239,0.0111,0.0
pop_normal,unplanned_icu,NA,NORMA_q_age_set,32768,9761,0.6005,0.5939,0.607,0.5181,0.586,0.0679,0.2979,0.3636,1.221,,
pop_normal,unplanned_icu,NA,NORMA_q_age_set_co,32768,9761,0.6182,0.6117,0.6247,0.5181,0.6023,0.0842,0.2979,0.3756,1.261,0.0178,0.0
pop_normal,unplanned_icu,NA,PerRI,32744,9758,0.4779,0.4713,0.4844,0.5217,0.551,0.0293,0.298,0.2733,0.917,-0.1229,0.0
pop_normal,unplanned_icu,NA,PopRI,32768,9761,0.6026,0.5968,0.6084,0.5181,0.6014,0.0833,0.2979,0.355,1.192,0.0022,0.48863
pop_normal,unplanned_icu,Overall,Cohen_m2,46298,10197,0.7517,0.7469,0.7565,0.5719,0.7516,0.1797,0.2202,0.4031,1.83,0.0698,0.0
pop_normal,unplanned_icu,Overall,Cohen_m3,46298,10197,0.7417,0.7368,0.7466,0.5719,0.7409,0.1691,0.2202,0.3963,1.799,0.0597,0.0
pop_normal,unplanned_icu,Overall,Cohen_m4,46298,10197,0.728,0.7229,0.7332,0.5719,0.7297,0.1578,0.2202,0.3927,1.783,0.0461,0.0
pop_normal,unplanned_icu,Overall,Gaussian_eb,46298,10197,0.6878,0.6825,0.6931,0.5719,0.6809,0.109,0.2202,0.3287,1.493,0.0059,0.006642
pop_normal,unplanned_icu,Overall,Gaussian_mle,46088,10194,0.6584,0.653,0.6639,0.5659,0.6347,0.0688,0.2212,0.3079,1.392,-0.0225,0.0
pop_normal,unplanned_icu,Overall,Gaussian_trunc,46088,10194,0.6558,0.6504,0.6613,0.5659,0.6417,0.0758,0.2212,0.3035,1.372,-0.0251,0.0
pop_normal,unplanned_icu,Overall,NORMA_334f7e21,46298,10197,0.6854,0.6801,0.6907,0.5719,0.6614,0.0896,0.2202,0.3249,1.475,0.0035,8.3e-05
pop_normal,unplanned_icu,Overall,NORMA_q_age,46298,10197,0.6771,0.6717,0.6824,0.5719,0.6519,0.0801,0.2202,0.3163,1.436,-0.0049,0.0
pop_normal,unplanned_icu,Overall,NORMA_q_age_set,46298,10197,0.6819,0.6766,0.6873,0.5719,0.6594,0.0875,0.2202,0.323,1.466,,
pop_normal,unplanned_icu,Overall,NORMA_q_age_set_co,46298,10197,0.6858,0.6804,0.6911,0.5719,0.6622,0.0904,0.2202,0.3239,1.471,0.0038,0.000455
pop_normal,unplanned_icu,Overall,PerRI,46282,10197,0.6359,0.6304,0.6413,0.5709,0.6355,0.0646,0.2203,0.2905,1.318,-0.0461,0.0
pop_normal,unplanned_icu,Overall,PopRI,46298,10197,0.6755,0.6711,0.68,0.5719,0.6855,0.1136,0.2202,0.3084,1.4,-0.0064,0.018621
pop_normal,unplanned_icu,PLT,Cohen_m2,27556,8452,0.5319,0.5244,0.5393,0.5484,0.5603,0.0119,0.3067,0.344,1.122,-0.0029,0.454566
pop_normal,unplanned_icu,PLT,Cohen_m3,27556,8452,0.5342,0.527,0.5415,0.5484,0.557,0.0085,0.3067,0.3243,1.057,-0.0005,0.89377
pop_normal,unplanned_icu,PLT,Cohen_m4,27556,8452,0.5591,0.5519,0.5663,0.5484,0.5702,0.0217,0.3067,0.3349,1.092,0.0243,0.0
pop_normal,unplanned_icu,PLT,Gaussian_eb,27556,8452,0.5023,0.4949,0.5096,0.5484,0.5472,-0.0012,0.3067,0.3063,0.999,-0.0325,0.0
pop_normal,unplanned_icu,PLT,Gaussian_mle,27244,8325,0.4943,0.487,0.5017,0.5492,0.552,0.0028,0.3056,0.298,0.975,-0.0406,0.0
pop_normal,unplanned_icu,PLT,Gaussian_trunc,27244,8325,0.5018,0.4944,0.5092,0.5492,0.5492,0.0,0.3056,0.3054,1.0,-0.0332,0.0
pop_normal,unplanned_icu,PLT,NORMA_334f7e21,27556,8452,0.5407,0.5334,0.5479,0.5484,0.5553,0.0068,0.3067,0.3276,1.068,0.0059,5.7e-05
pop_normal,unplanned_icu,PLT,NORMA_q_age,27556,8452,0.5293,0.5221,0.5366,0.5484,0.5496,0.0012,0.3067,0.3178,1.036,-0.0054,0.000118
pop_normal,unplanned_icu,PLT,NORMA_q_age_set,27556,8452,0.5348,0.5275,0.5421,0.5484,0.5529,0.0045,0.3067,0.3234,1.054,,
pop_normal,unplanned_icu,PLT,NORMA_q_age_set_co,27556,8452,0.5501,0.5429,0.5574,0.5484,0.559,0.0105,0.3067,0.3319,1.082,0.0154,0.0
pop_normal,unplanned_icu,PLT,PerRI,27493,8435,0.4894,0.482,0.4968,0.544,0.5448,0.0008,0.3068,0.3038,0.99,-0.0464,0.0
pop_normal,unplanned_icu,PLT,PopRI,27556,8452,0.5695,0.5622,0.5768,0.5484,0.5804,0.0319,0.3067,0.3556,1.159,0.0347,0.0
pop_normal,unplanned_icu,TBIL,Cohen_m2,23289,7530,0.5668,0.5589,0.5746,0.5673,0.586,0.0187,0.3233,0.3764,1.164,0.0252,0.0
pop_normal,unplanned_icu,TBIL,Cohen_m3,23289,7530,0.5657,0.5579,0.5736,0.5673,0.5899,0.0226,0.3233,0.3808,1.178,0.0241,0.0
pop_normal,unplanned_icu,TBIL,Cohen_m4,23289,7530,0.5491,0.5412,0.5569,0.5673,0.5804,0.0131,0.3233,0.359,1.11,0.0074,0.055095
pop_normal,unplanned_icu,TBIL,Gaussian_eb,23289,7530,0.5342,0.5264,0.542,0.5673,0.5724,0.0051,0.3233,0.3392,1.049,-0.0074,0.019986
pop_normal,unplanned_icu,TBIL,Gaussian_mle,22942,7423,0.5268,0.519,0.5347,0.5703,0.5724,0.0021,0.3236,0.3352,1.036,-0.0142,1.1e-05
pop_normal,unplanned_icu,TBIL,Gaussian_trunc,22942,7423,0.5044,0.4965,0.5123,0.5703,0.57,-0.0004,0.3236,0.3219,0.995,-0.0366,0.0
pop_normal,unplanned_icu,TBIL,NORMA_334f7e21,23289,7530,0.5433,0.5354,0.5511,0.5673,0.5753,0.008,0.3233,0.3504,1.084,0.0017,0.252293
pop_normal,unplanned_icu,TBIL,NORMA_q_age,23289,7530,0.541,0.5331,0.5488,0.5673,0.5742,0.0069,0.3233,0.3492,1.08,-0.0006,0.645195
pop_normal,unplanned_icu,TBIL,NORMA_q_age_set,23289,7530,0.5416,0.5337,0.5495,0.5673,0.5727,0.0053,0.3233,0.347,1.073,,
pop_normal,unplanned_icu,TBIL,NORMA_q_age_set_co,23289,7530,0.5441,0.5362,0.5519,0.5673,0.5756,0.0083,0.3233,0.352,1.089,0.0024,0.158795
pop_normal,unplanned_icu,TBIL,PerRI,23194,7513,0.5347,0.5269,0.5426,0.5658,0.5713,0.0055,0.3239,0.3522,1.087,-0.0064,0.111168
pop_normal,unplanned_icu,TBIL,PopRI,23289,7530,0.5226,0.5149,0.5303,0.5673,0.5734,0.0061,0.3233,0.3334,1.031,-0.019,3e-05
pop_normal,unplanned_icu,TP,Cohen_m2,21883,7423,0.5633,0.5552,0.5714,0.5647,0.5855,0.0208,0.3392,0.4004,1.18,0.0276,0.0
pop_normal,unplanned_icu,TP,Cohen_m3,21883,7423,0.5622,0.5541,0.5703,0.5647,0.5877,0.023,0.3392,0.4038,1.19,0.0265,0.0
pop_normal,unplanned_icu,TP,Cohen_m4,21883,7423,0.5609,0.5529,0.569,0.5647,0.5857,0.0209,0.3392,0.3955,1.166,0.0252,0.0
pop_normal,unplanned_icu,TP,Gaussian_eb,21883,7423,0.5337,0.5257,0.5418,0.5647,0.5696,0.0048,0.3392,0.3658,1.078,-0.002,0.628557
pop_normal,unplanned_icu,TP,Gaussian_mle,21698,7360,0.5324,0.5244,0.5405,0.5573,0.5638,0.0066,0.3392,0.3644,1.074,-0.0033,0.446627
pop_normal,unplanned_icu,TP,Gaussian_trunc,21698,7360,0.5254,0.5173,0.5335,0.5573,0.5624,0.0052,0.3392,0.3626,1.069,-0.0103,0.041319
pop_normal,unplanned_icu,TP,NORMA_334f7e21,21883,7423,0.5359,0.5278,0.544,0.5647,0.5724,0.0077,0.3392,0.3728,1.099,0.0001,0.939822
pop_normal,unplanned_icu,TP,NORMA_q_age,21883,7423,0.53,0.5219,0.5381,0.5647,0.5706,0.0059,0.3392,0.3667,1.081,-0.0057,0.000864
pop_normal,unplanned_icu,TP,NORMA_q_age_set,21883,7423,0.5357,0.5276,0.5438,0.5647,0.5722,0.0075,0.3392,0.3732,1.1,,
pop_normal,unplanned_icu,TP,NORMA_q_age_set_co,21883,7423,0.5426,0.5346,0.5507,0.5647,0.5725,0.0078,0.3392,0.3692,1.089,0.0069,0.001571
pop_normal,unplanned_icu,TP,PerRI,21880,7423,0.5209,0.5129,0.5289,0.562,0.5629,0.0009,0.3393,0.351,1.035,-0.0148,0.003443
pop_normal,unplanned_icu,TP,PopRI,21883,7423,0.5293,0.5213,0.5372,0.5647,0.5708,0.0061,0.3392,0.3572,1.053,-0.0065,0.162717
pop_normal,unplanned_icu,WBC,Cohen_m2,27546,8420,0.6136,0.6065,0.6208,0.5531,0.6174,0.0643,0.3057,0.3974,1.3,0.0506,0.0
pop_normal,unplanned_icu,WBC,Cohen_m3,27546,8420,0.6012,0.594,0.6085,0.5531,0.6046,0.0515,0.3057,0.3891,1.273,0.0382,0.0
pop_normal,unplanned_icu,WBC,Cohen_m4,27546,8420,0.5803,0.573,0.5876,0.5531,0.5928,0.0397,0.3057,0.3697,1.209,0.0173,6e-06
pop_normal,unplanned_icu,WBC,Gaussian_eb,27546,8420,0.5797,0.5724,0.5869,0.5531,0.5914,0.0382,0.3057,0.3589,1.174,0.0167,0.0
pop_normal,unplanned_icu,WBC,Gaussian_mle,27305,8336,0.5499,0.5427,0.5572,0.5546,0.5634,0.0088,0.3053,0.3291,1.078,-0.0141,3.2e-05
pop_normal,unplanned_icu,WBC,Gaussian_trunc,27305,8336,0.5171,0.5098,0.5244,0.5546,0.5569,0.0023,0.3053,0.3125,1.024,-0.0469,0.0
pop_normal,unplanned_icu,WBC,NORMA_334f7e21,27546,8420,0.5717,0.5644,0.579,0.5531,0.5848,0.0317,0.3057,0.3569,1.168,0.0087,0.0
pop_normal,unplanned_icu,WBC,NORMA_q_age,27546,8420,0.5652,0.5579,0.5725,0.5531,0.5792,0.0261,0.3057,0.3513,1.149,0.0022,0.144495
pop_normal,unplanned_icu,WBC,NORMA_q_age_set,27546,8420,0.563,0.5557,0.5703,0.5531,0.5787,0.0256,0.3057,0.3472,1.136,,
pop_normal,unplanned_icu,WBC,NORMA_q_age_set_co,27546,8420,0.5698,0.5625,0.5772,0.5531,0.584,0.0309,0.3057,0.3566,1.167,0.0068,0.00062
pop_normal,unplanned_icu,WBC,PerRI,27545,8419,0.4888,0.4816,0.496,0.5583,0.5614,0.003,0.3056,0.2971,0.972,-0.0741,0.0
pop_normal,unplanned_icu,WBC,PopRI,27546,8420,0.5557,0.5485,0.5629,0.5531,0.5818,0.0287,0.3057,0.3388,1.108,-0.0073,0.057683
