analyte,landmark_h,subset,outcome,method,score,n,n_events,prevalence,auc,auc_lo,auc_hi,auprc,auprc_lo,auprc_hi,auprc_norm,auprc_norm_lo,auprc_norm_hi,flag_rate_05,ppv_at_05,ppv_at_05_lo,ppv_at_05_hi,npv_at_05,lift_at_05,lift_at_05_lo,lift_at_05_hi,rr_at_05,rr_at_05_lo,rr_at_05_hi,sens_at_05,spec_at_05,npv_at_05_lo,npv_at_05_hi,sens_at_05_lo,sens_at_05_hi,spec_at_05_lo,spec_at_05_hi,flag_rate_10,ppv_at_10,ppv_at_10_lo,ppv_at_10_hi,npv_at_10,lift_at_10,lift_at_10_lo,lift_at_10_hi,rr_at_10,rr_at_10_lo,rr_at_10_hi,sens_at_10,spec_at_10,npv_at_10_lo,npv_at_10_hi,sens_at_10_lo,sens_at_10_hi,spec_at_10_lo,spec_at_10_hi,flag_rate_20,ppv_at_20,ppv_at_20_lo,ppv_at_20_hi,npv_at_20,lift_at_20,lift_at_20_lo,lift_at_20_hi,rr_at_20,rr_at_20_lo,rr_at_20_hi,sens_at_20,spec_at_20,npv_at_20_lo,npv_at_20_hi,sens_at_20_lo,sens_at_20_hi,spec_at_20_lo,spec_at_20_hi,flag_rate_native,ppv_at_native,npv_at_native,sens_at_native,spec_at_native,lift_at_native,rr_at_native,rr_at_native_lo,rr_at_native_hi,ppv_at_native_lo,ppv_at_native_hi,npv_at_native_lo,npv_at_native_hi,sens_at_native_lo,sens_at_native_hi,spec_at_native_lo,spec_at_native_hi,flag_rate_pop,ppv_at_pop,ppv_at_pop_lo,ppv_at_pop_hi,npv_at_pop,lift_at_pop,lift_at_pop_lo,lift_at_pop_hi,rr_at_pop,rr_at_pop_lo,rr_at_pop_hi,sens_at_pop,spec_at_pop,npv_at_pop_lo,npv_at_pop_hi,sens_at_pop_lo,sens_at_pop_hi,spec_at_pop_lo,spec_at_pop_hi
all,0.0,all,mortality,PopRI,any,49990,906,0.0181236247249449,0.7984381821998887,0.7865174770823464,0.810358887317431,0.0572682866429329,0.0518205540874269,0.0630509980229655,3.159869370066465,2.859282007539151,3.478939725351049,0.05,0.0712,0.0617635560942703,0.081952244457969,0.9846704569383028,3.928573951434879,3.407903056459795,4.521846247741582,4.644626373626374,3.9623428132132994,5.444393675036718,0.1964679911699779,0.9526933420259148,0.9835255961690152,0.9857369113304834,0.1718999113492146,0.2235992612540165,0.9507795317596324,0.954536296997442,0.1,0.0680136027205441,0.0613607313564004,0.0753299046213607,0.9874197061634548,3.752759381898455,3.385676556850393,4.156448048589208,5.406360424028269,4.741267373999787,6.164751052594916,0.3752759381898454,0.9050810854861054,0.986347407497071,0.9884087743315588,0.3443356920161171,0.4072694225444833,0.9024562695068252,0.9076424984129278,0.2,0.0497099419883976,0.0456198133744546,0.054145973758187,0.9897729545909182,2.7428256070640176,2.517146214778132,2.9875907595714897,4.860635696821515,4.272356561070849,5.529917514958974,0.5485651214128036,0.8064338684703773,0.9887387571702282,0.9907130666413752,0.5160235254087112,0.5806966069747718,0.802914635871172,0.8099051382213195,0.874874974994999,0.0205327540871155,0.9987210231814548,0.9911699779249448,0.1272716160052155,1.1329275682283753,16.054047101863496,8.007838968392548,32.18501637784402,0.0192451498799775,0.021904581895269,0.9974780478528452,0.9993517808490028,0.9826731628317538,0.995519085137563,0.1243523225859679,0.1302492486511752,,,,,,,,,,,,,,,,,,,
all,0.0,all,mortality,PopRI,toward,49990,906,0.0181236247249449,0.7984381821998887,0.7865174770823464,0.810358887317431,0.0572682866429329,0.0518205540874269,0.0630509980229655,3.159869370066465,2.859282007539151,3.478939725351049,0.05,0.0712,0.0617635560942703,0.081952244457969,0.9846704569383028,3.928573951434879,3.407903056459795,4.521846247741582,4.644626373626374,3.9623428132132994,5.444393675036718,0.1964679911699779,0.9526933420259148,0.9835255961690152,0.9857369113304834,0.1718999113492146,0.2235992612540165,0.9507795317596324,0.954536296997442,0.1,0.0680136027205441,0.0613607313564004,0.0753299046213607,0.9874197061634548,3.752759381898455,3.385676556850393,4.156448048589208,5.406360424028269,4.741267373999787,6.164751052594916,0.3752759381898454,0.9050810854861054,0.986347407497071,0.9884087743315588,0.3443356920161171,0.4072694225444833,0.9024562695068252,0.9076424984129278,0.2,0.0497099419883976,0.0456198133744546,0.054145973758187,0.9897729545909182,2.7428256070640176,2.517146214778132,2.9875907595714897,4.860635696821515,4.272356561070849,5.529917514958974,0.5485651214128036,0.8064338684703773,0.9887387571702282,0.9907130666413752,0.5160235254087112,0.5806966069747718,0.802914635871172,0.8099051382213195,0.874874974994999,0.0205327540871155,0.9987210231814548,0.9911699779249448,0.1272716160052155,1.1329275682283753,16.054047101863496,8.007838968392548,32.18501637784402,0.0192451498799775,0.021904581895269,0.9974780478528452,0.9993517808490028,0.9826731628317538,0.995519085137563,0.1243523225859679,0.1302492486511752,,,,,,,,,,,,,,,,,,,
all,0.0,pop_normal,mortality,PopRI,any,46298,901,0.0194608838394747,0.6539742477128098,0.6429881080399072,0.6649603873857123,0.0284419531965965,0.0261997827960406,0.0314148557477082,1.4614933952231175,1.3462791830089782,1.6142563722612593,0.05,0.0259179265658747,0.0201885844547242,0.0332180820463425,0.9808789759679876,1.3317959646469126,1.037392988995364,1.7069153857731023,1.355467496012923,1.0466525590651516,1.755398309433815,0.0665926748057713,0.950327114126484,0.9795564426737996,0.982117513930532,0.0520839108070972,0.0847815913979295,0.948290071749699,0.952287947491248,0.1,0.0282937365010799,0.0238946336656119,0.0334749579060982,0.981520591341077,1.453877261406213,1.227828800721978,1.720114984613247,1.531095340944153,1.2753843746551468,1.8380756340179865,0.1453940066592675,0.9008965350133268,0.980182350581251,0.9827700522710384,0.1238820849178096,0.1699169623408486,0.8981138388568747,0.90361138731162,0.2,0.0288336933045356,0.0256158138509259,0.0324423463835928,0.9828824450564284,1.4816230106696904,1.3162718642288207,1.6670541097309428,1.6844516287277458,1.4626807403363793,1.939847303158604,0.2963374028856825,0.8019032094631804,0.9815104814869156,0.9841542493940674,0.2674355192420644,0.3269686284010147,0.7982113101932419,0.805544017549405,0.0,,0.9805391161605252,0.0,1.0,,,,,,,0.9792403541481552,0.981758138836193,-4.336808689942019e-19,0.0042456049766058,0.9999153848284608,1.0,0.874874974994999,0.0218738427354647,0.0204940335941233,0.0233443367432797,0.9974106680476436,1.1239902008507738,1.0530885320096817,1.1995517231302602,8.447678064436488,5.074860642217362,14.062113171482206,0.9833518312985572,0.1272771328501883,0.9957318898288754,0.998430172491406,0.9727139063823396,0.9898855143339492,0.1242427533353219,0.1303745883837355
all,0.0,pop_normal,mortality,PopRI,toward,46298,901,0.0194608838394747,0.6539742477128098,0.6429881080399072,0.6649603873857123,0.0284419531965965,0.0261997827960406,0.0314148557477082,1.4614933952231175,1.3462791830089782,1.6142563722612593,0.05,0.0259179265658747,0.0201885844547242,0.0332180820463425,0.9808789759679876,1.3317959646469126,1.037392988995364,1.7069153857731023,1.355467496012923,1.0466525590651516,1.755398309433815,0.0665926748057713,0.950327114126484,0.9795564426737996,0.982117513930532,0.0520839108070972,0.0847815913979295,0.948290071749699,0.952287947491248,0.1,0.0282937365010799,0.0238946336656119,0.0334749579060982,0.981520591341077,1.453877261406213,1.227828800721978,1.720114984613247,1.531095340944153,1.2753843746551468,1.8380756340179865,0.1453940066592675,0.9008965350133268,0.980182350581251,0.9827700522710384,0.1238820849178096,0.1699169623408486,0.8981138388568747,0.90361138731162,0.2,0.0288336933045356,0.0256158138509259,0.0324423463835928,0.9828824450564284,1.4816230106696904,1.3162718642288207,1.6670541097309428,1.6844516287277458,1.4626807403363793,1.939847303158604,0.2963374028856825,0.8019032094631804,0.9815104814869156,0.9841542493940674,0.2674355192420644,0.3269686284010147,0.7982113101932419,0.805544017549405,0.0,,0.9805391161605252,0.0,1.0,,,,,,,0.9792403541481552,0.981758138836193,-4.336808689942019e-19,0.0042456049766058,0.9999153848284608,1.0,0.874874974994999,0.0218738427354647,0.0204940335941233,0.0233443367432797,0.9974106680476436,1.1239902008507738,1.0530885320096817,1.1995517231302602,8.447678064436488,5.074860642217362,14.062113171482206,0.9833518312985572,0.1272771328501883,0.9957318898288754,0.998430172491406,0.9727139063823396,0.9898855143339492,0.1242427533353219,0.1303745883837355
all,0.0,all,prolonged_los,PopRI,any,49990,31565,0.6314262852570514,0.5701171672848407,0.5648205560508818,0.5754137785187997,0.6685831582991613,0.661682803381987,0.6745453093017101,1.058845939596866,1.0479177361338676,1.0682882943764451,0.05,0.6764,0.6578017330715685,0.6944569721116985,0.3709412507896399,1.071225597972438,1.0417712224377542,1.099822716168662,1.0752572805784293,1.045589104841169,1.105767279023579,0.0535719942974813,0.9560922659430122,0.3666072194481614,0.3752961602944449,0.0511417954063076,0.056110844487834,0.9530374638404052,0.9589569178357606,0.1,0.6777355471094219,0.6646479225105113,0.6905502112860893,0.3737191882821009,1.07334072548709,1.0526136431585764,1.0936355159889626,1.0821592078645703,1.0603015429952345,1.1044674591889545,0.107334072548709,0.9125644504748982,0.3692597054533145,0.3782002344878897,0.1039669200549208,0.1107967917690822,0.9083992077802624,0.9165576902159742,0.2,0.6545309061812362,0.6451520104614912,0.663791094576285,0.3743498699739948,1.036591161096151,1.021737652557261,1.0512566709288291,1.04616122457136,1.0294187020105394,1.0631760484427673,0.2073182322192301,0.8125373134328359,0.3696189217866074,0.3791049555476802,0.2028817773927333,0.2118259197056612,0.8068368876860532,0.8181074387115432,0.874874974994999,0.6491825768835029,0.4927258193445243,0.8994772691271978,0.1672727272727272,1.0281209256583657,1.2797469329991524,1.2476787603219597,1.3126393304139603,0.644696995205859,0.6536419530300266,0.4803442247439375,0.5051163435503615,0.8961112356871486,0.9027460781016474,0.1619531010413201,0.1727310714028122,,,,,,,,,,,,,,,,,,,
all,0.0,all,prolonged_los,PopRI,toward,49990,31565,0.6314262852570514,0.5701171672848407,0.5648205560508818,0.5754137785187997,0.6685831582991613,0.661682803381987,0.6745453093017101,1.058845939596866,1.0479177361338676,1.0682882943764451,0.05,0.6764,0.6578017330715685,0.6944569721116985,0.3709412507896399,1.071225597972438,1.0417712224377542,1.099822716168662,1.0752572805784293,1.045589104841169,1.105767279023579,0.0535719942974813,0.9560922659430122,0.3666072194481614,0.3752961602944449,0.0511417954063076,0.056110844487834,0.9530374638404052,0.9589569178357606,0.1,0.6777355471094219,0.6646479225105113,0.6905502112860893,0.3737191882821009,1.07334072548709,1.0526136431585764,1.0936355159889626,1.0821592078645703,1.0603015429952345,1.1044674591889545,0.107334072548709,0.9125644504748982,0.3692597054533145,0.3782002344878897,0.1039669200549208,0.1107967917690822,0.9083992077802624,0.9165576902159742,0.2,0.6545309061812362,0.6451520104614912,0.663791094576285,0.3743498699739948,1.036591161096151,1.021737652557261,1.0512566709288291,1.04616122457136,1.0294187020105394,1.0631760484427673,0.2073182322192301,0.8125373134328359,0.3696189217866074,0.3791049555476802,0.2028817773927333,0.2118259197056612,0.8068368876860532,0.8181074387115432,0.874874974994999,0.6491825768835029,0.4927258193445243,0.8994772691271978,0.1672727272727272,1.0281209256583657,1.2797469329991524,1.2476787603219597,1.3126393304139603,0.644696995205859,0.6536419530300266,0.4803442247439375,0.5051163435503615,0.8961112356871486,0.9027460781016474,0.1619531010413201,0.1727310714028122,,,,,,,,,,,,,,,,,,,
all,0.0,pop_normal,prolonged_los,PopRI,any,46298,30921,0.6678690224199749,0.6380660954581076,0.6329698820243485,0.6431623088918667,0.7502797677286065,0.7449357348844976,0.7563280313246683,1.1233935735034126,1.1153919554245488,1.1324496359842662,0.05,0.7904967602591793,0.7734444796723268,0.8065865151140355,0.3385853625264307,1.183610459120969,1.1580780867329448,1.2077016421444848,1.1951606684706433,1.1691407510643352,1.221759674494994,0.0591830794605607,0.9684593873967614,0.3341769593308465,0.3430219600841814,0.0566072819625452,0.0618683968263802,0.9655777902090756,0.9711069748170462,0.1,0.7898488120950324,0.7778753720637146,0.8013416646170386,0.3456849380819813,1.1826402866134929,1.1647124600047172,1.1998485297512904,1.2071383620296292,1.187484375874532,1.227117640188253,0.1182691374793829,0.9367236782207192,0.3411328000023281,0.350265527831592,0.1147170444450123,0.1219160705973619,0.9327654321009952,0.940463767528757,0.2,0.7630669546436285,0.7542984377901933,0.7716172903025669,0.3559317457746098,1.142539822971143,1.1294107264580826,1.1553422368755293,1.1847610088489084,1.1687069904168523,1.201035554333451,0.2285178357750396,0.8573193730896794,0.3510707158281843,0.3608226582852668,0.2238716599940194,0.2332314606247132,0.851702020034518,0.8627582342080067,0.0,,0.3321309775800251,0.0,1.0,,,,,,,0.3278548829442421,0.3364349279387877,0.0,0.0001242237567354,0.999750234733579,1.0,0.874874974994999,0.7008517466979385,0.6963736584907455,0.7052917399095878,0.5627481443121009,1.0493850188745888,1.0426799793281116,1.0560330188006242,1.6028559686621229,1.555641334933117,1.6515035944234857,0.9180815626920216,0.212004942446511,0.549936718760112,0.575476402757647,0.9149726197306118,0.9210866343287524,0.2056169454762748,0.2185368017413025
all,0.0,pop_normal,prolonged_los,PopRI,toward,46298,30921,0.6678690224199749,0.6380660954581076,0.6329698820243485,0.6431623088918667,0.7502797677286065,0.7449357348844976,0.7563280313246683,1.1233935735034126,1.1153919554245488,1.1324496359842662,0.05,0.7904967602591793,0.7734444796723268,0.8065865151140355,0.3385853625264307,1.183610459120969,1.1580780867329448,1.2077016421444848,1.1951606684706433,1.1691407510643352,1.221759674494994,0.0591830794605607,0.9684593873967614,0.3341769593308465,0.3430219600841814,0.0566072819625452,0.0618683968263802,0.9655777902090756,0.9711069748170462,0.1,0.7898488120950324,0.7778753720637146,0.8013416646170386,0.3456849380819813,1.1826402866134929,1.1647124600047172,1.1998485297512904,1.2071383620296292,1.187484375874532,1.227117640188253,0.1182691374793829,0.9367236782207192,0.3411328000023281,0.350265527831592,0.1147170444450123,0.1219160705973619,0.9327654321009952,0.940463767528757,0.2,0.7630669546436285,0.7542984377901933,0.7716172903025669,0.3559317457746098,1.142539822971143,1.1294107264580826,1.1553422368755293,1.1847610088489084,1.1687069904168523,1.201035554333451,0.2285178357750396,0.8573193730896794,0.3510707158281843,0.3608226582852668,0.2238716599940194,0.2332314606247132,0.851702020034518,0.8627582342080067,0.0,,0.3321309775800251,0.0,1.0,,,,,,,0.3278548829442421,0.3364349279387877,0.0,0.0001242237567354,0.999750234733579,1.0,0.874874974994999,0.7008517466979385,0.6963736584907455,0.7052917399095878,0.5627481443121009,1.0493850188745888,1.0426799793281116,1.0560330188006242,1.6028559686621229,1.555641334933117,1.6515035944234857,0.9180815626920216,0.212004942446511,0.549936718760112,0.575476402757647,0.9149726197306118,0.9210866343287524,0.2056169454762748,0.2185368017413025
all,0.0,all,unplanned_icu,PopRI,any,49990,10243,0.2049009801960392,0.6989996127046083,0.6939960033636258,0.7040032220455908,0.3145971426427398,0.3092290034691986,0.3217968168628647,1.5353618237538385,1.509163124419139,1.570499157959056,0.05,0.3364,0.318142400072733,0.3551596171155746,0.802021478205938,1.6417686224738846,1.552664119851208,1.7333231728602536,1.6991742182514356,1.6034954044277836,1.800562082060153,0.082104852094113,0.9582610008302512,0.7984132010786507,0.8055808965476823,0.0769437408592784,0.0875793059300854,0.9562501590821816,0.960183268078264,0.1,0.3318663732746549,0.3189463297619699,0.3450446308952695,0.8092062857015848,1.6196426828077717,1.5565876232354658,1.683957932095531,1.739398881640261,1.6650318403701467,1.817087455083623,0.1619642682807771,0.9159685007673536,0.8055491235590309,0.8128106485976068,0.1549563861801521,0.1692256134713307,0.9132006334094982,0.9186559680869592,0.2,0.3205641128225645,0.3114864233929204,0.329779641048652,0.8240148029605922,1.564483061603046,1.5201802504551492,1.6094585820581973,1.8215402102870133,1.7579129344945912,1.887470461468788,0.3128966123206092,0.8290940196744409,0.8202514433730326,0.8277159193139925,0.3039886304930422,0.3219448864259663,0.8253615529752569,0.8327628777789338,0.874874974994999,0.2330398993940779,0.9918465227817744,0.9950209899443524,0.1560872518680655,1.1373293537742808,28.58165824921485,21.73455007919711,37.585833858912295,0.2291011906562787,0.2370255025572882,0.9892963369445074,0.9937929299255792,0.9934599737122076,0.9962108337295704,0.1525524110916777,0.1596885654616338,,,,,,,,,,,,,,,,,,,
all,0.0,all,unplanned_icu,PopRI,toward,49990,10243,0.2049009801960392,0.6989996127046083,0.6939960033636258,0.7040032220455908,0.3145971426427398,0.3092290034691986,0.3217968168628647,1.5353618237538385,1.509163124419139,1.570499157959056,0.05,0.3364,0.318142400072733,0.3551596171155746,0.802021478205938,1.6417686224738846,1.552664119851208,1.7333231728602536,1.6991742182514356,1.6034954044277836,1.800562082060153,0.082104852094113,0.9582610008302512,0.7984132010786507,0.8055808965476823,0.0769437408592784,0.0875793059300854,0.9562501590821816,0.960183268078264,0.1,0.3318663732746549,0.3189463297619699,0.3450446308952695,0.8092062857015848,1.6196426828077717,1.5565876232354658,1.683957932095531,1.739398881640261,1.6650318403701467,1.817087455083623,0.1619642682807771,0.9159685007673536,0.8055491235590309,0.8128106485976068,0.1549563861801521,0.1692256134713307,0.9132006334094982,0.9186559680869592,0.2,0.3205641128225645,0.3114864233929204,0.329779641048652,0.8240148029605922,1.564483061603046,1.5201802504551492,1.6094585820581973,1.8215402102870133,1.7579129344945912,1.887470461468788,0.3128966123206092,0.8290940196744409,0.8202514433730326,0.8277159193139925,0.3039886304930422,0.3219448864259663,0.8253615529752569,0.8327628777789338,0.874874974994999,0.2330398993940779,0.9918465227817744,0.9950209899443524,0.1560872518680655,1.1373293537742808,28.58165824921485,21.73455007919711,37.585833858912295,0.2291011906562787,0.2370255025572882,0.9892963369445074,0.9937929299255792,0.9934599737122076,0.9962108337295704,0.1525524110916777,0.1596885654616338,,,,,,,,,,,,,,,,,,,
all,0.0,pop_normal,unplanned_icu,PopRI,any,46298,10197,0.2202470949069074,0.6755341954026712,0.671071484853286,0.6799969059520564,0.3146776675076053,0.3078920894287918,0.3237152666436749,1.4287483230623823,1.397939389661097,1.469782231545441,0.05,0.3360691144708423,0.317112454534866,0.3555689394853206,0.7858490780528841,1.5258730863755083,1.4398031205310606,1.61440921450342,1.5693096784978295,1.477934184868409,1.6663345988212832,0.0762969500833578,0.9574250020775048,0.7819902781898913,0.7896579485379853,0.0713022582394616,0.0816107719952202,0.9552931763422836,0.9594594866357476,0.1,0.3311015118790497,0.3176905961315571,0.3447924719128922,0.7920706537390804,1.503318407078184,1.4424280886239906,1.565480226009913,1.5923750919871007,1.5222656683717524,1.665713473189684,0.1503383348043542,0.914212902689676,0.7881471365116126,0.7959403207607341,0.1435329759719794,0.1574070562700661,0.9112797567037908,0.9170579031406992,0.2,0.3183585313174946,0.3089472588240285,0.3279204527309704,0.8042820886656947,1.4454607514893951,1.402730233307333,1.4888752692496292,1.6266192968598931,1.5687010486786668,1.6866759534237794,0.2891046386192017,0.8251571978615551,0.8002099627485494,0.8082911005463166,0.2803860169177767,0.2979821051791294,0.8212044376722355,0.8290407637912712,0.0,,0.7797529050930926,0.0,1.0,,,,,,,0.775954852680057,0.7835045360799788,0.0,0.000376596378087,0.99989359875768,0.9999999999999998,0.874874974994999,0.2461918281693618,0.2420206699488183,0.2504111254842062,0.9611600207146556,1.1177982995572338,1.0988597604482095,1.13695540724407,6.338618935933835,5.570186027512884,7.213060715840886,0.9779346866725508,0.1542339547380959,0.955871119799994,0.9658376948759152,0.9748983445075956,0.98061105189358,0.1505450295572337,0.1579964597924937
all,0.0,pop_normal,unplanned_icu,PopRI,toward,46298,10197,0.2202470949069074,0.6755341954026712,0.671071484853286,0.6799969059520564,0.3146776675076053,0.3078920894287918,0.3237152666436749,1.4287483230623823,1.397939389661097,1.469782231545441,0.05,0.3360691144708423,0.317112454534866,0.3555689394853206,0.7858490780528841,1.5258730863755083,1.4398031205310606,1.61440921450342,1.5693096784978295,1.477934184868409,1.6663345988212832,0.0762969500833578,0.9574250020775048,0.7819902781898913,0.7896579485379853,0.0713022582394616,0.0816107719952202,0.9552931763422836,0.9594594866357476,0.1,0.3311015118790497,0.3176905961315571,0.3447924719128922,0.7920706537390804,1.503318407078184,1.4424280886239906,1.565480226009913,1.5923750919871007,1.5222656683717524,1.665713473189684,0.1503383348043542,0.914212902689676,0.7881471365116126,0.7959403207607341,0.1435329759719794,0.1574070562700661,0.9112797567037908,0.9170579031406992,0.2,0.3183585313174946,0.3089472588240285,0.3279204527309704,0.8042820886656947,1.4454607514893951,1.402730233307333,1.4888752692496292,1.6266192968598931,1.5687010486786668,1.6866759534237794,0.2891046386192017,0.8251571978615551,0.8002099627485494,0.8082911005463166,0.2803860169177767,0.2979821051791294,0.8212044376722355,0.8290407637912712,0.0,,0.7797529050930926,0.0,1.0,,,,,,,0.775954852680057,0.7835045360799788,0.0,0.000376596378087,0.99989359875768,0.9999999999999998,0.874874974994999,0.2461918281693618,0.2420206699488183,0.2504111254842062,0.9611600207146556,1.1177982995572338,1.0988597604482095,1.13695540724407,6.338618935933835,5.570186027512884,7.213060715840886,0.9779346866725508,0.1542339547380959,0.955871119799994,0.9658376948759152,0.9748983445075956,0.98061105189358,0.1505450295572337,0.1579964597924937
all,0.0,all,periop_infection,PopRI,any,49990,1899,0.0379875975195039,0.696113144895819,0.6845811625782816,0.7076451272133564,0.0755864712680015,0.0701161587753451,0.0803645836478797,1.9897670872498128,1.845764495618484,2.1155479392087977,0.05,0.0952,0.0843082952309294,0.1073338597680129,0.965024215624342,2.506081095313323,2.21936370647402,2.825497445920468,2.721883202889825,2.390657855841305,3.098999780362369,0.1253291205897841,0.952964172090412,0.9633338683091932,0.9666393347849948,0.1111897371804794,0.1409813316042265,0.9510354782875649,0.954820504404766,0.1,0.0942188437687537,0.0864292300321476,0.1026316428925517,0.9682603187304129,2.480252764612954,2.2751960027946616,2.701714496155167,2.968487394957983,2.686097876303144,3.28056452885187,0.2480252764612954,0.905845168534653,0.9666000062289593,0.969840672339848,0.2291227307370321,0.267945233301593,0.9032024623640814,0.9084230405256088,0.2,0.0773154630926185,0.0722407864332027,0.082714836939197,0.9718443688737748,2.035281727224855,1.9016940041052155,2.1774169028912365,2.7460035523978683,2.512449462233876,3.001268532214476,0.407056345444971,0.8081761660185898,0.970177240813024,0.9734208556450836,0.3851687986333624,0.4293191755627031,0.8046325301681971,0.8116705704121361,0.874874974994999,0.0418429175717388,0.988968824940048,0.9636650868878356,0.128631136803144,1.101488914908492,3.793151440742416,2.987086436772533,4.816733012906084,0.0400062124556904,0.0437601029283914,0.9860636714560782,0.9912737323216434,0.9542693040281252,0.9711887057189814,0.1256685200433467,0.1316530801176151,,,,,,,,,,,,,,,,,,,
all,0.0,all,periop_infection,PopRI,toward,49990,1899,0.0379875975195039,0.696113144895819,0.6845811625782816,0.7076451272133564,0.0755864712680015,0.0701161587753451,0.0803645836478797,1.9897670872498128,1.845764495618484,2.1155479392087977,0.05,0.0952,0.0843082952309294,0.1073338597680129,0.965024215624342,2.506081095313323,2.21936370647402,2.825497445920468,2.721883202889825,2.390657855841305,3.098999780362369,0.1253291205897841,0.952964172090412,0.9633338683091932,0.9666393347849948,0.1111897371804794,0.1409813316042265,0.9510354782875649,0.954820504404766,0.1,0.0942188437687537,0.0864292300321476,0.1026316428925517,0.9682603187304129,2.480252764612954,2.2751960027946616,2.701714496155167,2.968487394957983,2.686097876303144,3.28056452885187,0.2480252764612954,0.905845168534653,0.9666000062289593,0.969840672339848,0.2291227307370321,0.267945233301593,0.9032024623640814,0.9084230405256088,0.2,0.0773154630926185,0.0722407864332027,0.082714836939197,0.9718443688737748,2.035281727224855,1.9016940041052155,2.1774169028912365,2.7460035523978683,2.512449462233876,3.001268532214476,0.407056345444971,0.8081761660185898,0.970177240813024,0.9734208556450836,0.3851687986333624,0.4293191755627031,0.8046325301681971,0.8116705704121361,0.874874974994999,0.0418429175717388,0.988968824940048,0.9636650868878356,0.128631136803144,1.101488914908492,3.793151440742416,2.987086436772533,4.816733012906084,0.0400062124556904,0.0437601029283914,0.9860636714560782,0.9912737323216434,0.9542693040281252,0.9711887057189814,0.1256685200433467,0.1316530801176151,,,,,,,,,,,,,,,,,,,
all,0.0,pop_normal,periop_infection,PopRI,any,46298,1873,0.0404553112445462,0.673619107051273,0.6633298047361698,0.6839084093663763,0.0753840433208454,0.0699603108273308,0.0804527270516871,1.8633905166409528,1.7293232625113513,1.9886814506348156,0.05,0.1036717062634989,0.0919034403395909,0.1167531578515058,0.9628720187345112,2.5626228812533225,2.2717274323771397,2.8859784848953645,2.7922796427357457,2.454613641631349,3.1763962649758,0.1281366791243993,0.9532920652785594,0.9610641594869616,0.96459902793316,0.1137568913656622,0.144038758517631,0.9512903307305892,0.955215410801056,0.1,0.1053995680345572,0.0968792865396875,0.1145741217943392,0.9667610636459634,2.605333262607544,2.3947235495005086,2.832115691849609,3.170966932031719,2.8732004651895435,3.499592668823867,0.2605445808862787,0.906764209341587,0.9649963499944436,0.9684397187393174,0.2411704883199365,0.2808989287262329,0.9040250868232954,0.9094329890226436,0.2,0.076889848812095,0.0716371955654806,0.0824934191030603,0.96865381500081,1.9006119702628803,1.770773561287039,2.0391245689447333,2.452925254351745,2.240739394732067,2.685203963290888,0.3801388147357181,0.8075858187957231,0.9668300029383462,0.97038041912663,0.3584213527138187,0.4023469508020453,0.8038935991992583,0.8112248467428479,0.0,,0.9595446887554538,0.0,1.0,,,,,,,0.9577115161080968,0.9613016058235372,0.0,0.0020468429514776,0.9999135336447754,1.0,0.874874974994999,0.0450561659054437,0.043078868620194,0.0471197511300186,0.99171413775246,1.1137268388095225,1.0648507524707658,1.1647358450707983,5.4377160227132455,4.088126276948413,7.232838112266922,0.97437266417512,0.1293190770962296,0.9890320553548452,0.9937444966213204,0.966186878216994,0.9806165174451652,0.126230749852489,0.1324715071966797
all,0.0,pop_normal,periop_infection,PopRI,toward,46298,1873,0.0404553112445462,0.673619107051273,0.6633298047361698,0.6839084093663763,0.0753840433208454,0.0699603108273308,0.0804527270516871,1.8633905166409528,1.7293232625113513,1.9886814506348156,0.05,0.1036717062634989,0.0919034403395909,0.1167531578515058,0.9628720187345112,2.5626228812533225,2.2717274323771397,2.8859784848953645,2.7922796427357457,2.454613641631349,3.1763962649758,0.1281366791243993,0.9532920652785594,0.9610641594869616,0.96459902793316,0.1137568913656622,0.144038758517631,0.9512903307305892,0.955215410801056,0.1,0.1053995680345572,0.0968792865396875,0.1145741217943392,0.9667610636459634,2.605333262607544,2.3947235495005086,2.832115691849609,3.170966932031719,2.8732004651895435,3.499592668823867,0.2605445808862787,0.906764209341587,0.9649963499944436,0.9684397187393174,0.2411704883199365,0.2808989287262329,0.9040250868232954,0.9094329890226436,0.2,0.076889848812095,0.0716371955654806,0.0824934191030603,0.96865381500081,1.9006119702628803,1.770773561287039,2.0391245689447333,2.452925254351745,2.240739394732067,2.685203963290888,0.3801388147357181,0.8075858187957231,0.9668300029383462,0.97038041912663,0.3584213527138187,0.4023469508020453,0.8038935991992583,0.8112248467428479,0.0,,0.9595446887554538,0.0,1.0,,,,,,,0.9577115161080968,0.9613016058235372,0.0,0.0020468429514776,0.9999135336447754,1.0,0.874874974994999,0.0450561659054437,0.043078868620194,0.0471197511300186,0.99171413775246,1.1137268388095225,1.0648507524707658,1.1647358450707983,5.4377160227132455,4.088126276948413,7.232838112266922,0.97437266417512,0.1293190770962296,0.9890320553548452,0.9937444966213204,0.966186878216994,0.9806165174451652,0.126230749852489,0.1324715071966797
all,24.0,all,mortality,PopRI,any,32049,586,0.0182845018565321,0.4440924921943636,0.4202575005846843,0.467927483804043,0.0157639840597319,0.014668817962404,0.0175015609273551,0.8621500428845524,0.8022541755581699,0.9571800787727062,0.05,0.0106117353308364,0.0066358959539682,0.0169290683613166,0.9813117876966532,0.5803677570272654,0.3629246235985125,0.9258698155492104,0.5678304140913489,0.3514358664404007,0.917468619332948,0.0290102389078498,0.9496233671296443,0.9797288039986456,0.9827733292757268,0.0181899905793072,0.0459655386339594,0.9471511685625637,0.951985781998118,0.1,0.0102964118564742,0.0073409903724831,0.014424371931471,0.980827901816669,0.5631223610719174,0.4014870314807379,0.7888851468118001,0.5370519052226828,0.3787100638080663,0.7615977933173956,0.0563139931740614,0.8991831675301147,0.9791801238420194,0.9823476183236198,0.040376437538039,0.0780309450541687,0.8958073271715061,0.9024615400795368,0.2,0.0124804992199688,0.0100398792958048,0.0155051232499393,0.9802644408908304,0.6825725588750513,0.5490923064014508,0.8479926536472792,0.6323864021754546,0.5003321587195582,0.7992941382777903,0.136518771331058,0.7988113021644472,0.9784885416169548,0.981896441613609,0.1110767837705955,0.1666954181222517,0.7943451853239034,0.8032044588068885,0.76729383132079,0.0163881094709446,0.9754625905068384,0.6877133105802048,0.2312239773702444,0.896284164563661,0.6678826253240724,0.5619038121972003,0.7938497506637806,0.01487509361316,0.0180522011899909,0.971698913973154,0.978736699669462,0.649071008322569,0.7239104836576509,0.226598177833477,0.2359154034469524,,,,,,,,,,,,,,,,,,,
all,24.0,all,mortality,PopRI,toward,32049,586,0.0182845018565321,0.4440924921943636,0.4202575005846843,0.467927483804043,0.0157639840597319,0.014668817962404,0.0175015609273551,0.8621500428845524,0.8022541755581699,0.9571800787727062,0.05,0.0106117353308364,0.0066358959539682,0.0169290683613166,0.9813117876966532,0.5803677570272654,0.3629246235985125,0.9258698155492104,0.5678304140913489,0.3514358664404007,0.917468619332948,0.0290102389078498,0.9496233671296443,0.9797288039986456,0.9827733292757268,0.0181899905793072,0.0459655386339594,0.9471511685625637,0.951985781998118,0.1,0.0102964118564742,0.0073409903724831,0.014424371931471,0.980827901816669,0.5631223610719174,0.4014870314807379,0.7888851468118001,0.5370519052226828,0.3787100638080663,0.7615977933173956,0.0563139931740614,0.8991831675301147,0.9791801238420194,0.9823476183236198,0.040376437538039,0.0780309450541687,0.8958073271715061,0.9024615400795368,0.2,0.0124804992199688,0.0100398792958048,0.0155051232499393,0.9802644408908304,0.6825725588750513,0.5490923064014508,0.8479926536472792,0.6323864021754546,0.5003321587195582,0.7992941382777903,0.136518771331058,0.7988113021644472,0.9784885416169548,0.981896441613609,0.1110767837705955,0.1666954181222517,0.7943451853239034,0.8032044588068885,0.76729383132079,0.0163881094709446,0.9754625905068384,0.6877133105802048,0.2312239773702444,0.896284164563661,0.6678826253240724,0.5619038121972003,0.7938497506637806,0.01487509361316,0.0180522011899909,0.971698913973154,0.978736699669462,0.649071008322569,0.7239104836576509,0.226598177833477,0.2359154034469524,,,,,,,,,,,,,,,,,,,
all,24.0,pop_normal,mortality,PopRI,any,24206,392,0.0161943319838056,0.4737404725054547,0.4446336459398415,0.5028472990710678,0.0151729309491916,0.0131674534383693,0.0175383533362108,0.9369284861125872,0.8130902498193068,1.0829933185110203,0.05,0.0132231404958677,0.0081554582630861,0.0213719528917136,0.9836493303183164,0.8165289256198347,0.5035995477455673,1.3197180910633186,0.8087216458589767,0.4920050111670494,1.3293171525417462,0.0408163265306122,0.9498614260519024,0.9819275482497318,0.9852095471640036,0.0252774346151261,0.0652678744175778,0.9470163789570268,0.952561356080056,0.1,0.01363073110285,0.0097221557052033,0.0190803854587225,0.9835207711728252,0.8416976456009914,0.6003431147963069,1.1782138020761188,0.8271461756980184,0.5805254548451019,1.178537117126777,0.0841836734693877,0.8997228521038045,0.9817429353264734,0.9851281075104252,0.0605695178914382,0.1158687341770658,0.8958431370699795,0.9034736238576776,0.2,0.0144598223507539,0.0114613304600519,0.0182283089287775,0.983372063000258,0.8928940301590581,0.7077371559082087,1.1255980763520166,0.8696101236718967,0.6728307489972674,1.123940557591435,0.1785714285714285,0.7996556647350298,0.9814727712570857,0.9850796115142209,0.1438321727823429,0.2195495435405498,0.7945238129505432,0.8046908530836787,0.0,,0.9838056680161944,0.0,1.0,,,,,,,0.9821370489244248,0.9853207472471952,0.0,0.0097048920578332,0.9998387091465082,1.0000000000000002,0.76729383132079,0.0154525386313465,0.0137761790704517,0.0173293022832784,0.9813598437777384,0.9541942604856511,0.8506790576003984,1.0700844159924432,0.8289919058130979,0.6642529825798974,1.0345871195557204,0.7321428571428571,0.2321323591164861,0.977485749745969,0.984577828552914,0.6862058532561328,0.7735740182884445,0.2268135244014598,0.2375376030323543
all,24.0,pop_normal,mortality,PopRI,toward,24206,392,0.0161943319838056,0.4737404725054547,0.4446336459398415,0.5028472990710678,0.0151729309491916,0.0131674534383693,0.0175383533362108,0.9369284861125872,0.8130902498193068,1.0829933185110203,0.05,0.0132231404958677,0.0081554582630861,0.0213719528917136,0.9836493303183164,0.8165289256198347,0.5035995477455673,1.3197180910633186,0.8087216458589767,0.4920050111670494,1.3293171525417462,0.0408163265306122,0.9498614260519024,0.9819275482497318,0.9852095471640036,0.0252774346151261,0.0652678744175778,0.9470163789570268,0.952561356080056,0.1,0.01363073110285,0.0097221557052033,0.0190803854587225,0.9835207711728252,0.8416976456009914,0.6003431147963069,1.1782138020761188,0.8271461756980184,0.5805254548451019,1.178537117126777,0.0841836734693877,0.8997228521038045,0.9817429353264734,0.9851281075104252,0.0605695178914382,0.1158687341770658,0.8958431370699795,0.9034736238576776,0.2,0.0144598223507539,0.0114613304600519,0.0182283089287775,0.983372063000258,0.8928940301590581,0.7077371559082087,1.1255980763520166,0.8696101236718967,0.6728307489972674,1.123940557591435,0.1785714285714285,0.7996556647350298,0.9814727712570857,0.9850796115142209,0.1438321727823429,0.2195495435405498,0.7945238129505432,0.8046908530836787,0.0,,0.9838056680161944,0.0,1.0,,,,,,,0.9821370489244248,0.9853207472471952,0.0,0.0097048920578332,0.9998387091465082,1.0000000000000002,0.76729383132079,0.0154525386313465,0.0137761790704517,0.0173293022832784,0.9813598437777384,0.9541942604856511,0.8506790576003984,1.0700844159924432,0.8289919058130979,0.6642529825798974,1.0345871195557204,0.7321428571428571,0.2321323591164861,0.977485749745969,0.984577828552914,0.6862058532561328,0.7735740182884445,0.2268135244014598,0.2375376030323543
all,24.0,all,prolonged_los,PopRI,any,32068,22988,0.7168516901584133,0.3888791911351565,0.3819099887542275,0.3958483935160855,0.6355191543483871,0.6309264445684154,0.6428895288605316,0.8865420324362311,0.8801352542378609,0.896823621519903,0.05,0.3998752339363693,0.3761608190994738,0.4240684007564225,0.2664697193500738,0.5578214286528402,0.5247400881713037,0.5915706227360779,0.5451380051851028,0.5132106458509573,0.5790515982076814,0.0278841134504959,0.8940528634361233,0.2615347414960329,0.2714635855555606,0.0258333640879158,0.0300926301134359,0.8875548422192181,0.900217590976887,0.1,0.4552541315871531,0.4380821354213805,0.4725331998228121,0.2540799002113579,0.6350743645265715,0.6111196240948683,0.6591784692847548,0.6103255988357871,0.5873017877441288,0.6342520053021684,0.0635113972507395,0.8075991189427313,0.2490902212573368,0.2591350378066174,0.0604310486309913,0.0667376075761738,0.7993616888141111,0.8155763787981645,0.2,0.5612722170252572,0.5490947240577544,0.5733763571855095,0.2442504092928978,0.7829683946218005,0.7659809296626096,0.7998535332445154,0.7426695613557844,0.7259804463993575,0.7597423320420732,0.156603445275796,0.6900881057268723,0.2390313844704688,0.2495460179249064,0.1519627662344826,0.16135887738714,0.6804971102763412,0.6995183228417353,0.7674317076213047,0.6934173100365705,0.2058192544918208,0.7423438315642944,0.1690528634361233,0.9673093047786996,0.8731227922088034,0.8607857522864182,0.8856366502925513,0.6876268438677317,0.6991474010758126,0.1967959440355791,0.2151454726784931,0.7366500248277439,0.7479566540909208,0.1614839503307264,0.1769016947910468,,,,,,,,,,,,,,,,,,,
all,24.0,all,prolonged_los,PopRI,toward,32068,22988,0.7168516901584133,0.3888791911351565,0.3819099887542275,0.3958483935160855,0.6355191543483871,0.6309264445684154,0.6428895288605316,0.8865420324362311,0.8801352542378609,0.896823621519903,0.05,0.3998752339363693,0.3761608190994738,0.4240684007564225,0.2664697193500738,0.5578214286528402,0.5247400881713037,0.5915706227360779,0.5451380051851028,0.5132106458509573,0.5790515982076814,0.0278841134504959,0.8940528634361233,0.2615347414960329,0.2714635855555606,0.0258333640879158,0.0300926301134359,0.8875548422192181,0.900217590976887,0.1,0.4552541315871531,0.4380821354213805,0.4725331998228121,0.2540799002113579,0.6350743645265715,0.6111196240948683,0.6591784692847548,0.6103255988357871,0.5873017877441288,0.6342520053021684,0.0635113972507395,0.8075991189427313,0.2490902212573368,0.2591350378066174,0.0604310486309913,0.0667376075761738,0.7993616888141111,0.8155763787981645,0.2,0.5612722170252572,0.5490947240577544,0.5733763571855095,0.2442504092928978,0.7829683946218005,0.7659809296626096,0.7998535332445154,0.7426695613557844,0.7259804463993575,0.7597423320420732,0.156603445275796,0.6900881057268723,0.2390313844704688,0.2495460179249064,0.1519627662344826,0.16135887738714,0.6804971102763412,0.6995183228417353,0.7674317076213047,0.6934173100365705,0.2058192544918208,0.7423438315642944,0.1690528634361233,0.9673093047786996,0.8731227922088034,0.8607857522864182,0.8856366502925513,0.6876268438677317,0.6991474010758126,0.1967959440355791,0.2151454726784931,0.7366500248277439,0.7479566540909208,0.1614839503307264,0.1769016947910468,,,,,,,,,,,,,,,,,,,
all,24.0,pop_normal,prolonged_los,PopRI,any,24225,18551,0.7657791537667699,0.4754625128448211,0.4669277639260191,0.483997261763623,0.7510250148544984,0.7449824967713894,0.7578675761518564,0.9807331672066316,0.9728424874285434,0.9896685910343768,0.05,0.7258464079273328,0.7000369817449117,0.7502274807166964,0.2321195793864604,0.9478534435900834,0.914149958642148,0.9796916996583456,0.9452596894544838,0.9124413390039002,0.979258438118363,0.0473828904102204,0.9414874867818118,0.2267099622780559,0.2376186131692613,0.0444181505621736,0.0505350502239758,0.9350763289048684,0.9473012280879156,0.1,0.7308009909165979,0.7127810391381676,0.7480899427099464,0.2303352749621611,0.954323432966125,0.930791907343114,0.9769003752977442,0.9495056316640595,0.9258411199248414,0.9737750086483008,0.0954126462185327,0.8850898836799436,0.2247941370632346,0.2359714237780015,0.0912683542474848,0.0997244699650377,0.8765298444071744,0.8931288230695652,0.2,0.7325077399380805,0.7198627212545895,0.7447843400146424,0.2259029927760578,0.956552207428171,0.9400395893694372,0.972583722540818,0.9462738301559792,0.9288000604502076,0.9640763386729672,0.1913104414856342,0.7715897074374339,0.2200700534694656,0.2318445762910252,0.1857143662418218,0.1970343390880042,0.7604845850809668,0.7823273172447339,0.0,,0.2342208462332301,0.0,1.0,,,,,,,0.2289300326772878,0.2395959409293082,0.0,0.0002070403015458,0.99932340486568,1.0,0.7674317076213047,0.7583777096444516,0.7521713225203064,0.764477337718886,0.2097976570820021,0.990334753713376,0.9822300839876243,0.9983000111174608,0.9597259694826684,0.9447645510301262,0.9749243189693696,0.7600129373079618,0.2083186464575255,0.1993651304742768,0.2206256688415464,0.7538137273413199,0.7661044809607116,0.1979507535443053,0.2190812397399031
all,24.0,pop_normal,prolonged_los,PopRI,toward,24225,18551,0.7657791537667699,0.4754625128448211,0.4669277639260191,0.483997261763623,0.7510250148544984,0.7449824967713894,0.7578675761518564,0.9807331672066316,0.9728424874285434,0.9896685910343768,0.05,0.7258464079273328,0.7000369817449117,0.7502274807166964,0.2321195793864604,0.9478534435900834,0.914149958642148,0.9796916996583456,0.9452596894544838,0.9124413390039002,0.979258438118363,0.0473828904102204,0.9414874867818118,0.2267099622780559,0.2376186131692613,0.0444181505621736,0.0505350502239758,0.9350763289048684,0.9473012280879156,0.1,0.7308009909165979,0.7127810391381676,0.7480899427099464,0.2303352749621611,0.954323432966125,0.930791907343114,0.9769003752977442,0.9495056316640595,0.9258411199248414,0.9737750086483008,0.0954126462185327,0.8850898836799436,0.2247941370632346,0.2359714237780015,0.0912683542474848,0.0997244699650377,0.8765298444071744,0.8931288230695652,0.2,0.7325077399380805,0.7198627212545895,0.7447843400146424,0.2259029927760578,0.956552207428171,0.9400395893694372,0.972583722540818,0.9462738301559792,0.9288000604502076,0.9640763386729672,0.1913104414856342,0.7715897074374339,0.2200700534694656,0.2318445762910252,0.1857143662418218,0.1970343390880042,0.7604845850809668,0.7823273172447339,0.0,,0.2342208462332301,0.0,1.0,,,,,,,0.2289300326772878,0.2395959409293082,0.0,0.0002070403015458,0.99932340486568,1.0,0.7674317076213047,0.7583777096444516,0.7521713225203064,0.764477337718886,0.2097976570820021,0.990334753713376,0.9822300839876243,0.9983000111174608,0.9597259694826684,0.9447645510301262,0.9749243189693696,0.7600129373079618,0.2083186464575255,0.1993651304742768,0.2206256688415464,0.7538137273413199,0.7661044809607116,0.1979507535443053,0.2190812397399031
all,24.0,all,unplanned_icu,PopRI,any,23451,193,0.0082299262291586,0.2937163077655156,0.2570825690493533,0.3303500464816779,0.0052940650541222,0.0044517694913916,0.0061263083849071,0.6432700496591708,0.5409245924488321,0.7443940825619604,0.05,0.0025575447570332,0.0008701531590624,0.0074925695726968,0.9914714067690098,0.3107615652703974,0.1057303716744797,0.9104054354886686,0.2998788531430879,0.0960035982842047,0.9367078752214778,0.0155440414507772,0.9496947286955026,0.990176280195808,0.9925970647147851,0.0053001192636627,0.0446974422274041,0.9468106044021872,0.9524303224210788,0.1,0.0021321961620469,0.0009110665330935,0.0049818808670206,0.9910925803089168,0.2590784051614613,0.1107016645988381,0.6053372446243606,0.2393730435966066,0.0985861005562366,0.5812122974477268,0.0259067357512953,0.8993894573910053,0.9897325676188432,0.9922738534999206,0.0111152895526936,0.0592031797139653,0.8954572236522286,0.9031897759903106,0.2,0.0023454157782515,0.0013101609048059,0.0041952656097999,0.9902990245722508,0.2849862456776075,0.1591947325316243,0.5097573772819612,0.2417711286581222,0.1316667799537466,0.4439485698150771,0.0569948186528497,0.7988219107403904,0.9887926530253776,0.9916046448660152,0.0321193323739777,0.0991618602194577,0.7936206395716717,0.8039244834249529,0.7642318024817705,0.0053565450284566,0.9824561403508772,0.4974093264248704,0.2335540459196835,0.6508618521364601,0.3053230666220288,0.2306299597802672,0.4042067002062409,0.0043887605079674,0.0065363388190286,0.9786455747926563,0.9855967414883664,0.4276106093054451,0.5673091637506568,0.2281607557121234,0.2390353410921811,,,,,,,,,,,,,,,,,,,
all,24.0,all,unplanned_icu,PopRI,toward,23451,193,0.0082299262291586,0.2937163077655156,0.2570825690493533,0.3303500464816779,0.0052940650541222,0.0044517694913916,0.0061263083849071,0.6432700496591708,0.5409245924488321,0.7443940825619604,0.05,0.0025575447570332,0.0008701531590624,0.0074925695726968,0.9914714067690098,0.3107615652703974,0.1057303716744797,0.9104054354886686,0.2998788531430879,0.0960035982842047,0.9367078752214778,0.0155440414507772,0.9496947286955026,0.990176280195808,0.9925970647147851,0.0053001192636627,0.0446974422274041,0.9468106044021872,0.9524303224210788,0.1,0.0021321961620469,0.0009110665330935,0.0049818808670206,0.9910925803089168,0.2590784051614613,0.1107016645988381,0.6053372446243606,0.2393730435966066,0.0985861005562366,0.5812122974477268,0.0259067357512953,0.8993894573910053,0.9897325676188432,0.9922738534999206,0.0111152895526936,0.0592031797139653,0.8954572236522286,0.9031897759903106,0.2,0.0023454157782515,0.0013101609048059,0.0041952656097999,0.9902990245722508,0.2849862456776075,0.1591947325316243,0.5097573772819612,0.2417711286581222,0.1316667799537466,0.4439485698150771,0.0569948186528497,0.7988219107403904,0.9887926530253776,0.9916046448660152,0.0321193323739777,0.0991618602194577,0.7936206395716717,0.8039244834249529,0.7642318024817705,0.0053565450284566,0.9824561403508772,0.4974093264248704,0.2335540459196835,0.6508618521364601,0.3053230666220288,0.2306299597802672,0.4042067002062409,0.0043887605079674,0.0065363388190286,0.9786455747926563,0.9855967414883664,0.4276106093054451,0.5673091637506568,0.2281607557121234,0.2390353410921811,,,,,,,,,,,,,,,,,,,
all,24.0,pop_normal,unplanned_icu,PopRI,any,17172,132,0.0076869322152341,0.3662403080096741,0.3195971473794665,0.4128834686398818,0.0059772037988646,0.0047095540412375,0.0106425483854391,0.777579876015934,0.6126701666373537,1.3844987945057647,0.05,0.0046565774155995,0.001812268090112,0.0119116877321385,0.9921534972108136,0.6057783892475395,0.2357596033591183,1.5496022858809335,0.593458963911525,0.2198930699261382,1.6016582149007337,0.0303030303030303,0.949823943661972,0.9906788418444632,0.993396409581646,0.0118458688521193,0.0753262492619193,0.946443491865933,0.9530016191470678,0.1,0.0023296447291788,0.0009063001349011,0.0059749839995595,0.991717890650275,0.3030656006777149,0.1179014084585072,0.7772911003063373,0.2812864006988934,0.1041079592606541,0.759999905675236,0.0303030303030303,0.8994718309859155,0.9901618094050773,0.9930295831504946,0.0118458688521193,0.0753262492619193,0.8948663906323923,0.9038971932770008,0.2,0.0032032615026208,0.0017896011081046,0.0057272082760158,0.9911923132916,0.4167152009318579,0.232810835063435,0.7450577311798834,0.3636893101074813,0.1964079362133943,0.6734448558267342,0.0833333333333333,0.7991197183098592,0.9894867501599416,0.9926232459267548,0.0471674792941011,0.1430658512909331,0.7930367642073594,0.80506783211792,0.0,,0.992313067784766,0.0,1.0,,,,,,,0.9908921577652282,0.993513753383836,0.0,0.0282799967020411,0.9997746048050578,1.0000000000000002,0.7642318024817705,0.0063247732987883,0.0051053843152938,0.0078331126343455,0.9878982464806124,0.8227955082332893,0.6641640868350496,1.0190167436134985,0.5226327976896771,0.3677983415262804,0.7426489202954216,0.6287878787878788,0.2347417840375587,0.9840378311585062,0.990833725627725,0.5438180062250781,0.7064735097759112,0.2284381503694416,0.2411649935602696
all,24.0,pop_normal,unplanned_icu,PopRI,toward,17172,132,0.0076869322152341,0.3662403080096741,0.3195971473794665,0.4128834686398818,0.0059772037988646,0.0047095540412375,0.0106425483854391,0.777579876015934,0.6126701666373537,1.3844987945057647,0.05,0.0046565774155995,0.001812268090112,0.0119116877321385,0.9921534972108136,0.6057783892475395,0.2357596033591183,1.5496022858809335,0.593458963911525,0.2198930699261382,1.6016582149007337,0.0303030303030303,0.949823943661972,0.9906788418444632,0.993396409581646,0.0118458688521193,0.0753262492619193,0.946443491865933,0.9530016191470678,0.1,0.0023296447291788,0.0009063001349011,0.0059749839995595,0.991717890650275,0.3030656006777149,0.1179014084585072,0.7772911003063373,0.2812864006988934,0.1041079592606541,0.759999905675236,0.0303030303030303,0.8994718309859155,0.9901618094050773,0.9930295831504946,0.0118458688521193,0.0753262492619193,0.8948663906323923,0.9038971932770008,0.2,0.0032032615026208,0.0017896011081046,0.0057272082760158,0.9911923132916,0.4167152009318579,0.232810835063435,0.7450577311798834,0.3636893101074813,0.1964079362133943,0.6734448558267342,0.0833333333333333,0.7991197183098592,0.9894867501599416,0.9926232459267548,0.0471674792941011,0.1430658512909331,0.7930367642073594,0.80506783211792,0.0,,0.992313067784766,0.0,1.0,,,,,,,0.9908921577652282,0.993513753383836,0.0,0.0282799967020411,0.9997746048050578,1.0000000000000002,0.7642318024817705,0.0063247732987883,0.0051053843152938,0.0078331126343455,0.9878982464806124,0.8227955082332893,0.6641640868350496,1.0190167436134985,0.5226327976896771,0.3677983415262804,0.7426489202954216,0.6287878787878788,0.2347417840375587,0.9840378311585062,0.990833725627725,0.5438180062250781,0.7064735097759112,0.2284381503694416,0.2411649935602696
all,24.0,all,periop_infection,PopRI,any,31525,537,0.0170340999206978,0.4231510653850748,0.3994827133116703,0.4468194174584793,0.0140789001340805,0.0128941035506224,0.0158991937341807,0.8265127127130144,0.756958313656186,0.933374455251486,0.05,0.0095177664974619,0.0057762802528196,0.0156446014355723,0.9825703696283682,0.5587478376768852,0.3391009962199998,0.91842841760972,0.546068177840014,0.3276545689682152,0.9100756805818866,0.0279329608938547,0.949625661546405,0.9810251354035976,0.9839918197823836,0.0169993810914435,0.0455727287462612,0.947134210133881,0.9520056460791168,0.1,0.0072969543147208,0.0048672863962352,0.010926155201087,0.9818841856694746,0.4283733422189453,0.2857378093879238,0.6414283849427724,0.4027947174544233,0.2656870416053735,0.6106567464820888,0.0428305400372439,0.8990254291983993,0.9802657879397556,0.9833721103667284,0.0287071470925791,0.0634484859060659,0.8956211297121243,0.902330806128952,0.2,0.0118953211736716,0.0095007902123194,0.0148842886585782,0.9816812053925456,0.6983240223463687,0.5577512317381191,0.8737936684575006,0.6493506493506492,0.5095548891347281,0.8274992052929205,0.1396648044692737,0.7989544339744418,0.979951272828544,0.9832644175205422,0.1128978712288805,0.1715506623158763,0.7944551094196142,0.8033796446144927,0.7682157018239493,0.0156495168882649,0.978376898864103,0.7057728119180633,0.2307022073060539,0.9187169830587556,0.7237406322946317,0.60225360063571,0.8697341157966255,0.0141613808021154,0.0172912895844335,0.9747819207288996,0.9814691352370788,0.6658777750509476,0.7427446386095401,0.2260451167284629,0.2354260596084734,,,,,,,,,,,,,,,,,,,
all,24.0,all,periop_infection,PopRI,toward,31525,537,0.0170340999206978,0.4231510653850748,0.3994827133116703,0.4468194174584793,0.0140789001340805,0.0128941035506224,0.0158991937341807,0.8265127127130144,0.756958313656186,0.933374455251486,0.05,0.0095177664974619,0.0057762802528196,0.0156446014355723,0.9825703696283682,0.5587478376768852,0.3391009962199998,0.91842841760972,0.546068177840014,0.3276545689682152,0.9100756805818866,0.0279329608938547,0.949625661546405,0.9810251354035976,0.9839918197823836,0.0169993810914435,0.0455727287462612,0.947134210133881,0.9520056460791168,0.1,0.0072969543147208,0.0048672863962352,0.010926155201087,0.9818841856694746,0.4283733422189453,0.2857378093879238,0.6414283849427724,0.4027947174544233,0.2656870416053735,0.6106567464820888,0.0428305400372439,0.8990254291983993,0.9802657879397556,0.9833721103667284,0.0287071470925791,0.0634484859060659,0.8956211297121243,0.902330806128952,0.2,0.0118953211736716,0.0095007902123194,0.0148842886585782,0.9816812053925456,0.6983240223463687,0.5577512317381191,0.8737936684575006,0.6493506493506492,0.5095548891347281,0.8274992052929205,0.1396648044692737,0.7989544339744418,0.979951272828544,0.9832644175205422,0.1128978712288805,0.1715506623158763,0.7944551094196142,0.8033796446144927,0.7682157018239493,0.0156495168882649,0.978376898864103,0.7057728119180633,0.2307022073060539,0.9187169830587556,0.7237406322946317,0.60225360063571,0.8697341157966255,0.0141613808021154,0.0172912895844335,0.9747819207288996,0.9814691352370788,0.6658777750509476,0.7427446386095401,0.2260451167284629,0.2354260596084734,,,,,,,,,,,,,,,,,,,
all,24.0,pop_normal,periop_infection,PopRI,any,23836,401,0.0168232924987414,0.4575075539229588,0.4300418728960204,0.4849732349498971,0.0146388468246973,0.0131429927028305,0.0166160619292526,0.8701534985373723,0.7812378405602715,0.9876819255502904,0.05,0.0100671140939597,0.0057680327410309,0.017513980528954,0.982821056350468,0.5984033205576662,0.3428599212349451,1.0410554610677,0.5860147340453062,0.3309082895295923,1.03778986318649,0.0299251870324189,0.949647962449328,0.9810448751905616,0.9844334421781012,0.0171996452318613,0.0515719434586289,0.946773812714649,0.9523747185847816,0.1,0.0113255033557046,0.0077951653960644,0.0164282169254429,0.9825657281372366,0.6732037356273745,0.4633555171585848,0.9765161561966544,0.6496114919427197,0.440580341152308,0.9578164322092688,0.0673316708229426,0.8994239385534457,0.9807258742356112,0.9842327783301312,0.0466833994387669,0.096191245854602,0.8955074133544181,0.9032095334762648,0.2,0.0102790014684287,0.007784162496741,0.0135625114318169,0.9815407205411923,0.6109982019986744,0.4627014894571584,0.8061746196727887,0.556847383526899,0.413694358841411,0.7495364679594811,0.1221945137157107,0.7986771922338383,0.979530932690168,0.983356527141722,0.0936752542585287,0.1578838740523958,0.7934944283937239,0.8037620503564887,0.0,,0.9831767075012586,0.0,1.0,,,,,,,0.9814644073354836,0.9847332875351068,-8.673617379884035e-19,0.0094891434081872,0.9998361011151676,1.0,0.7682157018239493,0.0160559226694336,0.014334243356671,0.0179806197978101,0.980633484162896,0.9543864657072846,0.8520474430164876,1.0687931508743225,0.8290558200805707,0.6658414842342293,1.0322780557897435,0.7331670822942643,0.2311926605504587,0.9766516029623884,0.9839474491066744,0.6878119018263087,0.7740971509983021,0.2258391481999248,0.2366342873473337
all,24.0,pop_normal,periop_infection,PopRI,toward,23836,401,0.0168232924987414,0.4575075539229588,0.4300418728960204,0.4849732349498971,0.0146388468246973,0.0131429927028305,0.0166160619292526,0.8701534985373723,0.7812378405602715,0.9876819255502904,0.05,0.0100671140939597,0.0057680327410309,0.017513980528954,0.982821056350468,0.5984033205576662,0.3428599212349451,1.0410554610677,0.5860147340453062,0.3309082895295923,1.03778986318649,0.0299251870324189,0.949647962449328,0.9810448751905616,0.9844334421781012,0.0171996452318613,0.0515719434586289,0.946773812714649,0.9523747185847816,0.1,0.0113255033557046,0.0077951653960644,0.0164282169254429,0.9825657281372366,0.6732037356273745,0.4633555171585848,0.9765161561966544,0.6496114919427197,0.440580341152308,0.9578164322092688,0.0673316708229426,0.8994239385534457,0.9807258742356112,0.9842327783301312,0.0466833994387669,0.096191245854602,0.8955074133544181,0.9032095334762648,0.2,0.0102790014684287,0.007784162496741,0.0135625114318169,0.9815407205411923,0.6109982019986744,0.4627014894571584,0.8061746196727887,0.556847383526899,0.413694358841411,0.7495364679594811,0.1221945137157107,0.7986771922338383,0.979530932690168,0.983356527141722,0.0936752542585287,0.1578838740523958,0.7934944283937239,0.8037620503564887,0.0,,0.9831767075012586,0.0,1.0,,,,,,,0.9814644073354836,0.9847332875351068,-8.673617379884035e-19,0.0094891434081872,0.9998361011151676,1.0,0.7682157018239493,0.0160559226694336,0.014334243356671,0.0179806197978101,0.980633484162896,0.9543864657072846,0.8520474430164876,1.0687931508743225,0.8290558200805707,0.6658414842342293,1.0322780557897435,0.7331670822942643,0.2311926605504587,0.9766516029623884,0.9839474491066744,0.6878119018263087,0.7740971509983021,0.2258391481999248,0.2366342873473337
all,0.0,all,mortality,PerRI,any,49965,906,0.0181326928850195,0.6465711511844975,0.6313779159311297,0.6617643864378653,0.0286265469074095,0.0251654341512638,0.0332601819009654,1.5787256249765096,1.3878486946665534,1.834265991922448,0.05,0.0300240192153723,0.0240196951147777,0.0374716479023021,0.9824931004698,1.655794834543131,1.324662324955705,2.0665241583206715,1.714982093978432,1.358714688737331,2.1646660678997325,0.0827814569536423,0.9506104894107096,0.981273598803474,0.983634510177682,0.066551543309004,0.102534592123801,0.9486575454935676,0.9524928681017184,0.1,0.0298238590872698,0.0254562594707087,0.0349139730582577,0.9831661811470124,1.6447562023128437,1.4038874221346171,1.9254709314082212,1.771663301579176,1.4898943466615555,2.106720426985709,0.1644591611479028,0.901200595201696,0.9819351822640544,0.9843146354926248,0.1417470924147918,0.1900047202084164,0.8985286072804273,0.90380975544498,0.2,0.0326228359851896,0.0293153735552925,0.0362895070902105,0.9854898428900232,1.7991169977924943,1.616713730342373,2.0013302668458834,2.2482758620689656,1.9665328889101692,2.570383836683878,0.3598233995584989,0.802951548135918,0.9842700125036444,0.9866163640323284,0.3292230660274742,0.3916074609565635,0.7994080046136295,0.8064476496989003,0.9244671269888922,0.019549262843411,0.9992050874403816,0.9966887417218544,0.0768666299761511,1.078122426016593,24.592972657011103,7.920559390738232,76.3600491166981,0.0183260679353498,0.020852367087144,0.997665287710816,0.9997296268880388,0.9903099035699158,0.9988732685338878,0.0745424127873513,0.0792571094971467,0.874874974994999,0.0204515819092718,0.0191662449840112,0.0218211990860562,0.9980806142034548,1.1278844261553724,1.0569993715520132,1.2034174529081656,10.65527417473063,6.0320319230334,18.82199384674126,0.9867549668874172,0.1271937870727083,0.9966478313320652,0.9989016723510202,0.9769921390954666,0.9924073695662612,0.1242745337282292,0.1301714215586329
all,0.0,all,mortality,PerRI,toward,49965,906,0.0181326928850195,0.6382358143618305,0.6238258172523349,0.6526458114713262,0.0262462689779551,0.023685663913066,0.0297363087305223,1.4474556616815994,1.3062408360003834,1.6399278871087724,0.05,0.021617293835068,0.0166059368953119,0.0280977725641518,0.9820506878462932,1.1921722808710544,0.9158009238126502,1.5495642452183738,1.2043522141656988,0.9174618477615673,1.580953212719067,0.0596026490066225,0.9501824333965224,0.9808166856765042,0.983206669662534,0.0459664239221007,0.0769578301458601,0.9482216677367434,0.9520727008633828,0.1,0.0348278622898318,0.0300906158780507,0.0402799334609523,0.983722119682448,1.920722008070032,1.6594675743342209,2.221398317192586,2.1395821575293024,1.8183122333830144,2.5176159103877405,0.1920529801324503,0.9017101856947756,0.9825105276283068,0.9848510722222128,0.1677240338898656,0.2189823994057762,0.8990442306223567,0.9043132332877648,0.2,0.0237166016211347,0.0209111175396615,0.0268881393776431,0.9832632842990092,1.3079470198675496,1.1532273596790186,1.4828541766047918,1.4170403587443947,1.223897473357124,1.640663063714425,0.2615894039735099,0.801137405980554,0.9819584305403986,0.9844752567493772,0.2340200123200537,0.2911720650701206,0.7975818371298087,0.8046458169651389,0.8920044030821576,0.020238282214095,0.9992587101556708,0.9955849889624724,0.1099084775474428,1.116121159853484,27.301442706814157,10.228473950112372,72.8719433132317,0.0189716996233175,0.0215875632619996,0.9980953518414816,0.9997116949430018,0.9887031702521052,0.998281817024801,0.1071711935633314,0.1127068495380285,0.874874974994999,0.0205430878685974,0.0192548417917262,0.0219155981148931,0.99872040946897,1.1329308889122198,1.0618853974874194,1.2086234655746544,16.0544231693089,8.00802850372986,32.18576247314731,0.9911699779249448,0.1272753215516011,0.9974768387032804,0.9993514697372656,0.9826731628317538,0.995519085137563,0.1243552548665733,0.1302537566098431
all,0.0,pop_normal,mortality,PerRI,any,46282,901,0.0194676115984616,0.5693778249078263,0.5534615582573515,0.585294091558301,0.0229707043804616,0.0208288657244067,0.0252089722196609,1.1799446616387623,1.0699240437924442,1.2949185929748586,0.05,0.0216076058772687,0.0164282777116893,0.0283727130031205,0.9806450145560408,1.1099258770385731,0.8438774129327469,1.4574316350837115,1.116384506711815,0.8419479750945936,1.4802747957035682,0.0554938956714761,0.9501112800511228,0.979314619596659,0.9818914264107478,0.0423447362192287,0.0724174497810612,0.9480697805823618,0.952076580179642,0.1,0.0218236819360414,0.0179938593286581,0.0264466932152802,0.9807941614250733,1.121025135808959,0.924297222473872,1.358497064805329,1.13630455920484,0.9259352436845952,1.3944690625789895,0.1120976692563818,0.9002445957559331,0.9794310845396828,0.982068562623986,0.0931221139154303,0.1343669847290174,0.8974534303742209,0.90296800372857,0.2,0.0251728608470181,0.0221730872749513,0.0285666143631414,0.9819586236698536,1.293063646749938,1.1389731689892335,1.467391837907783,1.3952849486851708,1.2040883790695769,1.616841522490008,0.2586015538290788,0.8011722967761838,0.9805520082617492,0.9832652390688468,0.2310774152992341,0.2881754572477398,0.7974747206587016,0.8048188874344464,0.8430707402445875,0.0225531151490299,0.9971086327963652,0.97669256381798,0.1595822040060818,1.1584942012512816,7.800155967971648,5.063656571985689,12.01551334687468,0.0211262193979574,0.0240740153281574,0.9955836342050522,0.9981080405935288,0.964631596331326,0.9847058346621204,0.1562415890454362,0.1629804482966528,0.874874974994999,0.0219061025906991,0.020525033431719,0.0233778818472481,0.99758245553445,1.1252588680385558,1.0543169781207804,1.2008602970636413,9.061302864481348,5.34831575407393,15.351974972553746,0.9844617092119868,0.1272999713536502,0.9959458356468032,0.9985593463412602,0.9740877279520772,0.9907220243846856,0.1242648256473244,0.1303982114491849
all,0.0,pop_normal,mortality,PerRI,toward,46282,901,0.0194676115984616,0.579244453930455,0.5645705149960815,0.5939183928648285,0.022811105441523,0.0211306025156495,0.0261845648111187,1.1717464839562386,1.0854234690669151,1.3450322181888985,0.05,0.0216076058772687,0.0164282777116893,0.0283727130031205,0.9806450145560408,1.1099258770385731,0.8438774129327469,1.4574316350837115,1.116384506711815,0.8419479750945936,1.4802747957035682,0.0554938956714761,0.9501112800511228,0.979314619596659,0.9818914264107478,0.0423447362192287,0.0724174497810612,0.9480697805823618,0.952076580179642,0.1,0.0259291270527225,0.0217285897383902,0.0309160430141633,0.9812503000912276,1.3319110524462878,1.1161404997471438,1.5880758077486197,1.382908909416268,1.143880658680469,1.6718851195097535,0.1331853496115427,0.9006632731759988,0.9799026133140925,0.9825092270535564,0.1125488323399661,0.1569365670934816,0.8978772237000963,0.903381494364924,0.2,0.0173941227312013,0.0149239823537166,0.0202646973316896,0.9800140441851672,0.8934903310160515,0.7666057173082295,1.040944197453117,0.8703172814127871,0.7350506661607187,1.030476136130904,0.1786903440621531,0.7995857297106719,0.9785379041311808,0.9813905877044417,0.1550555710004118,0.2050534248724569,0.7958773197747827,0.8032434227772857,0.7675122077697593,0.0242948032205393,0.9964684014869888,0.957824639289678,0.2362662788391617,1.24796013612986,6.879265332973784,4.97462428871164,9.51313883720679,0.0227443860741109,0.0259481014812014,0.9951565905764816,0.9974258346424106,0.942641329519874,0.9691204639255202,0.2323803772236373,0.2401968279373034,0.874874974994999,0.0219801931293373,0.0205967634822501,0.0234543188165876,0.998100500777068,1.1290647041198587,1.0580015621370706,1.204786663117991,11.571572582908434,6.389054993227312,20.957918218493912,0.9877913429522752,0.1273660783147132,0.9966015803517418,0.9989390052615044,0.978271263839467,0.9931694833587166,0.1243302471609922,0.1304649926663954
all,0.0,all,prolonged_los,PerRI,any,49965,31558,0.6316021214850396,0.6269967877428017,0.6218419019498019,0.6321516735358014,0.7152663516700418,0.7094255866197181,0.7224662758817563,1.1324635040621598,1.123215965379752,1.1438629657909865,0.05,0.7598078462770216,0.7426640787026578,0.7761537393398593,0.375144837466029,1.2029849495922231,1.1758416468844126,1.2288649973419123,1.2159743438715906,1.1881781259661293,1.2444208260034022,0.0601432283414665,0.9674037051121857,0.3707994923291595,0.379510390527436,0.057573214947853,0.0628203174751726,0.9647392060436064,0.9698731475817708,0.1,0.755804643714972,0.7436981302745176,0.7675180650545506,0.3821966243412128,1.19664677809806,1.1774788351342376,1.215192348071824,1.223374091973889,1.2023224747328682,1.24479430466062,0.1196527029596298,0.933720867061444,0.377715609561042,0.3866977647541803,0.1161180375106842,0.1232799575670174,0.9300357396512312,0.9372249943719216,0.2,0.7391173821675172,0.7304169699375852,0.7476340176863457,0.3952766936855799,1.170226250079219,1.1564511028243691,1.1837104282178297,1.2222406089690552,1.2051407501933515,1.2395830992963863,0.2340452500158438,0.8583690987124464,0.3904939808751562,0.4000795339048303,0.2294063313983867,0.2387489108483141,0.8532571915596445,0.8633314515146624,0.9244671269888922,0.6411422138511831,0.4851616322204558,0.9384308257811016,0.0994730265659803,1.015104592023397,1.245327182230759,1.206452393083142,1.2854546103054785,0.636756270000953,0.645504682702476,0.4692394825711384,0.5011139594577705,0.9357250211996568,0.9410299017450172,0.0952324438458802,0.1038807569325133,0.874874974994999,0.6594605723697756,0.6550042181314313,0.6638889015398672,0.5631797824696098,1.0441075954894428,1.0370519601665809,1.051118859415662,1.5096841810530344,1.4666184708195984,1.5540144706128671,0.9134609290829584,0.1912859238333242,0.550849898928389,0.5754320708708465,0.9103083085788332,0.9165128994713336,0.1856685370219261,0.1970321429947875
all,0.0,all,prolonged_los,PerRI,toward,49965,31558,0.6316021214850396,0.615255591926339,0.6100263798707148,0.6204848039819633,0.7022731474272519,0.6976360295321791,0.7075082580069657,1.1118916855061358,1.104549851561421,1.1201803064616909,0.05,0.734187349879904,0.7165132066613206,0.7511422995865572,0.3737965323277224,1.1624206520295772,1.1344376186967766,1.1892650040827153,1.1724421658171646,1.143953430443663,1.2016403776619826,0.0581152164268965,0.9639267669908188,0.369454441930836,0.3781590488735907,0.0555872582693791,0.0607507440099302,0.9611346209519648,0.9665253074241504,0.1,0.7323859087269816,0.7199344224908447,0.7444802901672524,0.3795948319953746,1.1595684748572035,1.1398543450077652,1.1787172095255327,1.1804961442898898,1.1591419112265382,1.2022437746286807,0.1159452436783066,0.9273645895583202,0.3751199368448467,0.3840902972712026,0.1124595154336901,0.1195244636000301,0.9235253272618318,0.9310255043525146,0.2,0.6924847393175223,0.6833643327519816,0.7014572092838551,0.3836185329730812,1.0963939413144053,1.081953827427364,1.1105998308469427,1.123467813945937,1.10653880921305,1.140655816554777,0.219278788262881,0.8330526430162438,0.3788628500019954,0.388396584005768,0.2147480345984714,0.2238778787892949,0.8275957215553138,0.8383705751728054,0.8920044030821576,0.6485673898898338,0.508524833209785,0.9159642562900056,0.1490737219536046,1.0268606893924055,1.3196341009975652,1.2832120286300406,1.3570899599303243,0.6441223653428652,0.6529868052781975,0.4951843991146092,0.5218531376901739,0.9128523286298214,0.9189749244414948,0.1440016573984759,0.1542922348264183,0.874874974994999,0.6574016882849496,0.6529390677779406,0.6618366455709396,0.5487843889955214,1.0408478152974685,1.0337822587465872,1.0478695733554722,1.456956878822228,1.41649772497561,1.4985716597490184,0.9106090373280944,0.1863964796001521,0.5364231725399933,0.5610856902163783,0.9074110035645532,0.9137071152210122,0.1808362506480209,0.1920875813619183
all,0.0,pop_normal,prolonged_los,PerRI,any,46282,30918,0.668035089235556,0.6122625318638536,0.606661503383771,0.6178635603439362,0.7347143576982326,0.7292987543785482,0.7412152968130202,1.0998140210553593,1.0917072562956196,1.1095454546574874,0.05,0.7739844425237684,0.7564968408124583,0.7905638383987527,0.3375409388646288,1.158598485312279,1.1324208159157187,1.1834166365473533,1.1683506014654803,1.141777514245172,1.1955421357611675,0.0579274209198525,0.9659593855766728,0.3331352189826699,0.3419750452187731,0.0553779627028486,0.0605867216256552,0.96297354105613,0.9687122722593844,0.1,0.7685825410544511,0.7562120392453889,0.7805075238761133,0.3431363134392855,1.150512231227185,1.1319944886588746,1.1683630642355352,1.1700792063551078,1.150050145143233,1.1904570900028764,0.1150462513746038,0.9302915907315804,0.3385916609823967,0.3477098971857057,0.1115372785732975,0.1186508742565132,0.9261563318490444,0.9342117240007763,0.2,0.7514044943820225,0.7424964328351047,0.7601039572190837,0.3528061362285961,1.124797943236586,1.1114632222160008,1.1378204071419118,1.161019188289812,1.144965437095697,1.1772980318046666,0.2249498673911637,0.8502343139807342,0.3479543371763066,0.3576884760513903,0.2203298617448517,0.2296382151888325,0.8445041879479915,0.8557893392835751,0.8430707402445875,0.7052974192060278,0.5321492496213686,0.89009638398344,0.2515620932048945,1.055779001089766,1.5075265319874571,1.4697871138941507,1.5462349772715438,0.7007536620295612,0.7098007554119407,0.5206598589441261,0.5436046490368928,0.8865614184602016,0.8935344216271494,0.2447635049768535,0.2584848887338155,0.874874974994999,0.6964510631992294,0.691954060009644,0.7009107931769901,0.5306510101882231,1.0425366487802166,1.0358049616846607,1.0492125405853372,1.4838661173608303,1.4427047235388113,1.5262018750798607,0.9120900446341936,0.2000130174433741,0.5177811301479397,0.5434802510087083,0.9088822565831712,0.9151954400052492,0.1937631495588824,0.2064128647488132
all,0.0,pop_normal,prolonged_los,PerRI,toward,46282,30918,0.668035089235556,0.6152067390038729,0.6095597391955134,0.6208537388122324,0.7303981743880478,0.7256436959587306,0.7368192016819869,1.093353008183829,1.0862358993583665,1.1029648195952428,0.05,0.7644770959377701,0.7467583907614058,0.7813191103068294,0.3370405749636099,1.1443666781225137,1.1178430636269934,1.1695779501656212,1.1531280302649107,1.1262584596341203,1.1806386383233956,0.0572158613105634,0.9645274668055194,0.3326365081925525,0.3414731156354385,0.0546815506368588,0.0598601912754339,0.9614845318911244,0.9673381597743076,0.1,0.7420051858254105,0.7292023591218957,0.7544065794912036,0.3401834157583905,1.110727861128522,1.0915629595989254,1.1292918465622577,1.1245628005520174,1.1041319710116662,1.145371681635722,0.1110679862863057,0.9222858630564956,0.3356485020150011,0.344747805411546,0.1076136821529514,0.1146189289862247,0.9179461398501624,0.9264144631378332,0.2,0.7033275713050994,0.69393879211491,0.7125476428150352,0.340787554691298,1.0528302818792483,1.0387759614678267,1.0666320591488925,1.0669209544060394,1.050907287185154,1.0831786370039125,0.2105569571123617,0.8212705024733142,0.3359764055669865,0.3456317382820545,0.2060484572887539,0.2151373753170246,0.8151321957307786,0.8272481890332081,0.7675122077697593,0.723579753392264,0.5153345724907064,0.8313280289798822,0.3609086175475137,1.0831463272689297,1.4929469120806826,1.4626287403308555,1.5238935355441308,0.7189048812800245,0.7282062717461153,0.5058876613856174,0.5247705378208816,0.8271128686530267,0.8354608636954373,0.3533500218320046,0.3685367524304266,0.874874974994999,0.6961547010446766,0.6916564938831795,0.7006156912239725,0.5285788292177517,1.0420930161637143,1.0353595268096678,1.0487707943989877,1.4767149720694952,1.435909322015117,1.518680236488675,0.9117019212109452,0.1992319708409268,0.5157071593156897,0.5414126073402272,0.9084878964595868,0.9148136497199912,0.1929915751004606,0.2056227364890081
all,0.0,all,unplanned_icu,PerRI,any,49965,10243,0.2050035024517162,0.6560818768248563,0.6509060378548143,0.6612577157948983,0.2854151248936045,0.2787473237060609,0.2923838990726992,1.3922451152307866,1.359719811478408,1.4262385548342689,0.05,0.3182546036829463,0.3002789469156328,0.3367884037911425,0.8009564539574863,1.5524349578266536,1.4647503253577656,1.642842194222829,1.5989194827496205,1.5055550177395396,1.6980737881998769,0.077613980279215,0.9571270328785056,0.7973401422233956,0.8045240556087322,0.0725892281576457,0.0829554423093984,0.9550903060501106,0.9590753487814788,0.1,0.3142514011208967,0.301525684938573,0.3272625550728705,0.8071338032867086,1.5329074740804067,1.4708318703461682,1.5963754333902151,1.6293752169959188,1.557497915699681,1.7045695990982064,0.153275407595431,0.9137505664367354,0.8034609270981777,0.8107542084648817,0.1464287972818748,0.160381996006859,0.9109496148834386,0.9164714963158772,0.2,0.2970079055338737,0.2881281323050353,0.3060436909236131,0.8179975983188231,1.448794298545348,1.4054790716217018,1.49287054739806,1.631890034364261,1.573193280345768,1.6927767983296251,0.2897588597090696,0.823145863753084,0.8141844777615814,0.8217496009846181,0.2810535287964151,0.2986218318532508,0.8193624611962991,0.8268667680920743,0.9244671269888922,0.2216016107033837,0.998145204027557,0.9993166064629504,0.094834096973969,1.080964998417902,119.47492554208148,56.984891402118336,250.49197220643097,0.2178372431479958,0.2254122819245179,0.9961760525245372,0.9991012507906682,0.998589895486502,0.9996689240896688,0.0919918612652983,0.0977546940348667,0.874874974994999,0.2328826664836547,0.2289439175051296,0.2368683611202318,0.9899232245681382,1.1359935986386616,1.1167805172453191,1.155435679329531,23.110832235806495,18.06585218425902,29.56464833122953,0.9938494581665528,0.1558078646593827,0.9871291557843962,0.9921155872410664,0.992139197836405,0.9951894244778112,0.1522745542253216,0.1594077437779004
all,0.0,all,unplanned_icu,PerRI,toward,49965,10243,0.2050035024517162,0.6537509313176739,0.648646022189947,0.6588558404454008,0.2755615946043272,0.2701861342278324,0.2815080495488612,1.344179935019546,1.317958625079923,1.3731865367283855,0.05,0.2990392313851081,0.2814045489639938,0.3172910678968018,0.7999452251037563,1.458703035844667,1.372681664452402,1.547734863561818,1.49478677297356,1.4039731936345945,1.591474471725735,0.0729278531680171,0.9559186345098434,0.7963221572106756,0.8035197465823256,0.0680508246467973,0.0781251053100003,0.9538554308774038,0.9578936609278658,0.1,0.2934347477982386,0.2809709955846185,0.3062159264970729,0.8048210989792969,1.431364558599921,1.370566806051495,1.4937107065729034,1.5034142843498908,1.4344681672091162,1.5756742199339409,0.1431221321878356,0.9111323699713004,0.801131883307676,0.8084582387450076,0.1364739173721177,0.1500379381444151,0.9082941086113976,0.9138911160308916,0.2,0.2586810767537276,0.2501889182859144,0.2673587039550942,0.8084158911237866,1.261837352338182,1.2204128968227776,1.3041665179260258,1.3502219900757375,1.2988068948540137,1.4036724240588536,0.2523674704676364,0.8135038517698001,0.8045282083813824,0.8122442975412948,0.2440492964284094,0.2608713222332471,0.8096431021506414,0.8173039679902212,0.8920044030821576,0.2288361865870896,0.9918458117123796,0.995704383481402,0.1347364181058355,1.1162550095503208,28.06363779145309,20.899132244294112,37.68423286114646,0.2249595594210992,0.2327595553503494,0.9890717997258676,0.993919997663152,0.9942386695993932,0.9967984125001292,0.1314138980990586,0.1381295821327106,0.874874974994999,0.2321277423192185,0.2281935404293549,0.2361090225444532,0.9846449136276392,1.1323111046548624,1.1131202038028625,1.1517316519997665,15.117319218539109,12.386537962631945,18.45013845229859,0.9906277457776044,0.1549770907809274,0.981285755199256,0.9874088485771568,0.988569076128948,0.992318537084474,0.151451630741592,0.1585692801810352
all,0.0,pop_normal,unplanned_icu,PerRI,any,46282,10197,0.2203232358152197,0.6358741385532228,0.6304487066697937,0.641299570436652,0.2904861896143657,0.2845594798762617,0.297049742036391,1.3184546266286234,1.2915545599326417,1.3482451859300038,0.05,0.3128781331028522,0.2943093431939892,0.3320671960828966,0.7845478529839883,1.4200868643979805,1.3358071022559783,1.5071819132204198,1.452193154889286,1.3635805383328572,1.5465642841204243,0.07100127488477,0.9559373700983788,0.7806800591290508,0.7883659277918154,0.0661762087515014,0.0761494597502033,0.9537707991240928,0.9580068734515768,0.1,0.3197925669835782,0.3065094014400444,0.3333746567712727,0.7907283814279541,1.4514699995227978,1.391180554814959,1.5131161973804104,1.528122012749107,1.4594512129453665,1.6000239440246344,0.1451407276649995,0.91276153526396,0.7867950807823133,0.7946080613334318,0.1384374068186056,0.1521113259447772,0.9098058632784448,0.915629331626786,0.2,0.301210025929127,0.2919474984733526,0.3106374960691025,0.799897369416086,1.3671278238748512,1.325087194698804,1.4099170925831328,1.5052776920032205,1.450431550686369,1.562197767257819,0.2734137491419044,0.8207565470417071,0.7957911752148312,0.8039413388988668,0.2648491432803944,0.2821490181262094,0.8167649606947123,0.8246798453364128,0.8430707402445875,0.2563879135805633,0.97342695855707,0.9810728645680102,0.1959262851600388,1.1636898515578733,9.648421846298609,8.386100638020169,11.10075446770573,0.2520795286004774,0.2607442632988803,0.9694703194608146,0.976883045390292,0.9782410711774808,0.9835423173617548,0.1918634313125622,0.2000538753377015,0.874874974994999,0.2485243634387888,0.2443389660403553,0.2527574740158517,0.9768606458297358,1.1279988809134085,1.109002258142564,1.1472120635874916,10.740332751298704,9.077540901491355,12.70770893355797,0.9868588800627636,0.1567687404738811,0.972660595702687,0.9804284412780648,0.98445799135389,0.9888930701898948,0.1530538776878394,0.1605566761072704
all,0.0,pop_normal,unplanned_icu,PerRI,toward,46282,10197,0.2203232358152197,0.6421495322797669,0.6368147546771841,0.6474843098823497,0.2865064778871378,0.2812501137909742,0.2925916749984619,1.3003915670856636,1.2765340557491291,1.3280109740393071,0.05,0.3055315471045808,0.2870981881951139,0.3246095316076542,0.7841612081513828,1.386742283327862,1.303077213498702,1.4733331707232966,1.41555437967273,1.3278495897474951,1.5090520924073116,0.0693341178778072,0.9554662602189276,0.7802909496421924,0.7879818151719153,0.0645640742796521,0.074428535898708,0.9532889781987488,0.9575465749158182,0.1,0.3029386343993085,0.2898670374555595,0.3163371125309168,0.7888558121668987,1.3749736076560557,1.3156444275294894,1.4357864315147488,1.434747683600773,1.3682145454256591,1.5045161758292616,0.1374914190448171,0.910599972287654,0.7849098962021143,0.7927484527604493,0.1309437577837114,0.1443121191431492,0.907612181171963,0.9135003479705628,0.2,0.2616681071737251,0.2528137068208223,0.270720259462143,0.7900124237022633,1.187655519879803,1.1474672922507894,1.2287413012088757,1.2461123262012022,1.197832440677547,1.2963381828532223,0.237520839462587,0.8106138284605792,0.7858337008914704,0.7941309727894454,0.2293605634231499,0.2458788129043875,0.8065381223008352,0.8146234059206745,0.7675122077697593,0.2732391194189516,0.954368029739777,0.951848582916544,0.2845780795344326,1.2401738673088083,5.98788783085116,5.483141537131261,6.539098148762064,0.2686296280804066,0.2778976525006113,0.9502600938009582,0.9581516390510004,0.9475203606168844,0.9558364761366632,0.2799456139621221,0.2892564077508718,0.874874974994999,0.2473636116667901,0.2431849228518173,0.2515902338930852,0.9687446036953894,1.1227304771170328,1.1037643031703257,1.1419142105560234,7.91426892354907,6.850169498456499,9.143664636089342,0.9822496812788076,0.1554662602189275,0.9639428411271352,0.97292487239242,0.9794992093836484,0.98463692620736,0.1517642657861897,0.1592416047929313
all,0.0,all,periop_infection,PerRI,any,49965,1898,0.0379865906134294,0.5754173195594146,0.5639892008895564,0.5868454382292727,0.045929332625639,0.0433206216103685,0.0492678404767455,1.2090933111907558,1.140418787545871,1.296979794215275,0.05,0.0496397117694155,0.0417921113535594,0.0588703766312914,0.9626266669475636,1.306769335384008,1.1001806342363525,1.54976731737749,1.3282120623217852,1.112126904970683,1.5862823519619775,0.0653319283456269,0.9506106060290844,0.9608825294880486,0.964295927849434,0.0550692104217929,0.0773506504120429,0.9486372438132048,0.9525119468013404,0.1,0.0442353883106485,0.0388753039658507,0.050295840976021,0.9627076430429852,1.1645000932252654,1.0233954492380035,1.3240419886021555,1.186178400084409,1.0341228941213618,1.360591864685749,0.1164383561643835,0.9006594961199992,0.9609164631623568,0.9644197735409964,0.1027766339684767,0.1316496189855022,0.897953302184586,0.9033016523365348,0.2,0.0484339037326128,0.0443954379534283,0.0528194263893257,0.9646252376663664,1.2750263435194944,1.1687134127202556,1.390475574047766,1.3691654879773694,1.2378026166728917,1.5144693574062005,0.2550052687038988,0.802171968294256,0.9627691841286666,0.9663919920553016,0.2359045404155696,0.2750957447816834,0.7985865669334602,0.8057090732743453,0.9244671269888922,0.0400727414431382,0.9875463698993112,0.9752370916754478,0.0775376037614163,1.0549180854617513,3.2177558767319963,2.413528623077064,4.289964818831443,0.03832202248288,0.0418999562412552,0.9834796161906546,0.990621574288057,0.9672271508787657,0.9813271346095738,0.0751803129660292,0.0799624170501642,0.874874974994999,0.0416809644728112,0.0398472979436116,0.0435951802065025,0.9878438899552144,1.0972546838166577,1.048983267519786,1.1476465642876177,3.428807761631792,2.7299397825854794,4.306586812362516,0.9599578503688092,0.1284873197828031,0.9848123087912528,0.9902763187724632,0.9501683412012152,0.9678891878800712,0.1255254089329381,0.1315086097932911
all,0.0,all,periop_infection,PerRI,toward,49965,1898,0.0379865906134294,0.5759130163917888,0.5651453664469221,0.5866806663366555,0.0449830483232394,0.0424503945984631,0.048657203586132,1.1841823021447089,1.1175099926829366,1.2809047298108998,0.05,0.0368294635708566,0.0301261533318802,0.0449551787556508,0.9619525143784102,0.969538539155877,0.7930733673484703,1.183448633575391,0.9679867925348032,0.7881073192190161,1.1889223810918863,0.0484720758693361,0.9499448686208832,0.960193718602778,0.9636365427086204,0.0396889567916388,0.0590793107654489,0.947959234479094,0.9518585877243768,0.1,0.0466373098478783,0.0411304222693614,0.0528408747413278,0.9629744935399942,1.2277308675180398,1.0827616168011829,1.3910402036092968,1.2595995114409846,1.101697120159106,1.440133499662079,0.1227608008429926,0.9009091476480746,0.961189323742551,0.9646805683658454,0.1087542921238354,0.138291308308924,0.8982059252947466,0.9035482923805273,0.2,0.0364254978484939,0.0329267530526605,0.0402805287352192,0.9616231361953368,0.958904109589041,0.8667993763309726,1.0603881023473298,0.9491525423728812,0.8484571406409462,1.0617985347054164,0.1917808219178082,0.799675453013502,0.9596950613249308,0.9634624889091083,0.1746980466210192,0.2101087637884281,0.7960734337467911,0.8032295749194852,0.8920044030821576,0.0413067378671273,0.98943661971831,0.969968387776607,0.1110741256995443,1.087403138846691,3.910371184754725,3.0088380248300344,5.082029234001004,0.0394984046941777,0.0431941378427557,0.9863394308033164,0.9918374105321776,0.9612898272823112,0.9767483353070442,0.1082960174838736,0.1139143962401914,0.874874974994999,0.0418182234117996,0.0399815978802876,0.0437353740246544,0.9888035828534868,1.100868036233178,1.052518723966581,1.1513371776300616,3.7349647538653095,2.9461700163889675,4.7349479612565615,0.9631190727081138,0.1286121455468408,0.9858787960655676,0.9911280386343392,0.9536615870834726,0.970705615737204,0.1256489864748297,0.1316346638284759
all,0.0,pop_normal,periop_infection,PerRI,any,46282,1872,0.0404476902467481,0.5418464514325525,0.5304511734174278,0.5532417294476772,0.0437458511792153,0.0411400848679438,0.0469942023975897,1.0815413911733158,1.0171182734285138,1.1618513223104965,0.05,0.0496974935177182,0.0415650703231792,0.0593225830867862,0.9600391193595342,1.2286855742452114,1.027625312338346,1.4666494606958558,1.24365361126183,1.0346733054087591,1.4948431516685934,0.0614316239316239,0.9504841251970276,0.9581677297970228,0.9618301262854936,0.05142629632031,0.0732332698178969,0.948427153936358,0.9524631667063852,0.1,0.0427830596369922,0.0373219359151116,0.0490026050622827,0.9598117827819658,1.057738016089356,0.9227210673200844,1.211505645028082,1.0645672437988494,0.92167232134809,1.229616416072738,0.1057692307692307,0.90024769196127,0.9578828667665908,0.9616558930139928,0.0926356519195446,0.1205175268989653,0.8974258417878742,0.9030003028399752,0.2,0.0420267934312878,0.0381254763542739,0.0463081061813063,0.9599470642251392,1.039040626916059,0.9425872311049722,1.1448887661769336,1.0492812229176416,0.9406370557016164,1.1704738592786117,0.2077991452991453,0.8003377617653682,0.9579015805713728,0.9618971149758422,0.1900267542180413,0.226768352575624,0.7965939316424576,0.804029636123858,0.8430707402445875,0.0455931725569594,0.987195373812474,0.9503205128205128,0.1614501238459806,1.127213254423716,3.560679701948348,2.894968577049688,4.379474112561108,0.0435676950972003,0.0477081180921703,0.984339974555633,0.9895356635207492,0.9395222336392122,0.959274338523384,0.1580572773833134,0.1649015364293607,0.874874974994999,0.0444543231829295,0.0424896508046097,0.0465054275216134,0.9875669141771716,1.0990571504018938,1.0504839842622578,1.149767199014591,3.575485910449235,2.8296509985722627,4.517906802736939,0.9615384615384616,0.1287773024093672,0.9843723973296186,0.9901149812382444,0.95183936993173,0.9693471524270876,0.1256940803356565,0.1319247427116162
all,0.0,pop_normal,periop_infection,PerRI,toward,46282,1872,0.0404476902467481,0.5617052735100472,0.551008407099019,0.5724021399210754,0.045262427277499,0.0427346879428619,0.0486566339187726,1.119036142765604,1.0565421086386415,1.2029520999084595,0.05,0.0419187554019014,0.0344840579241968,0.0508719042778794,0.959629730713246,1.036369571319874,0.8525593850682033,1.257720872750437,1.0383570915553826,0.8500905194056106,1.2683184025358007,0.0518162393162393,0.950078811078586,0.9577494183112492,0.96142973201117,0.0426613472327423,0.0628068330229892,0.9480140681257514,0.9520656943958496,0.1,0.0417026793431287,0.036313051735283,0.0478525207661599,0.9596917462908724,1.0310274601275031,0.8977781305621646,1.1830717767625083,1.0345940472654476,0.8941921585061791,1.197041186790616,0.1030982905982905,0.9001351047061472,0.95776014582826,0.9615385631091709,0.0901259395218279,0.1176962987737723,0.8973118665147897,0.9028891230794092,0.2,0.0333837510803802,0.0299133309442107,0.0372413383106066,0.9577864203532652,0.8253561792212398,0.7395559736965621,0.920728429322382,0.7908296657083562,0.7014866025615838,0.8915516816438207,0.1650641025641025,0.7985363656834047,0.9556903273960152,0.9597875287123402,0.1489359706529492,0.1825640877741589,0.7947801643513906,0.8022409228765156,0.7675122077697593,0.0487303642812904,0.9868959107806692,0.9246794871794872,0.2391128124296329,1.2047749570869046,3.718714323877202,3.1364311129864384,4.409099299312196,0.0465397264629071,0.0510185985170702,0.9845667398894432,0.9888775367338768,0.911835233810083,0.9357843093325792,0.235168347989016,0.2431024080358355,0.874874974994999,0.0446025042602059,0.0426346318573162,0.0466567805086478,0.9886030046624072,1.1027206742365667,1.0540683929595684,1.1535091428959623,3.913531851073527,3.0659591758967624,4.995412747101332,0.9647435897435898,0.1289124071155145,0.9855269537670842,0.9910312320511442,0.9553916440265529,0.9721920069597564,0.1258277815425715,0.1320612275450819
all,24.0,all,mortality,PerRI,any,31998,585,0.0182823926495405,0.4201393021181007,0.3949931030805942,0.4452855011556072,0.0184189392020648,0.0154266191178161,0.0240093142150808,1.0074687463037133,0.8437965103109054,1.3132479252207836,0.05,0.024375,0.0178814853484254,0.0331469952696106,0.9820382919928944,1.33325,0.9780713985964418,1.8130556489521377,1.3570535714285716,0.984484089701436,1.8706187484305008,0.0666666666666666,0.950307197657021,0.980483193050581,0.9834715694793312,0.049148466656742,0.0898389961855571,0.947848505196632,0.9526557644623526,0.1,0.0184375,0.0143209386695985,0.0237089065012738,0.9817348426974096,1.0084839743589742,0.7833186248714764,1.2968163935517272,1.0094355988593156,0.7731984247700893,1.3178508848455723,0.1008547008547008,0.9000095501862286,0.9801227373135376,0.9832184401478368,0.0789965763462268,0.1279208697037805,0.8966430314607037,0.9032782438848104,0.2,0.015625,0.0128641368779138,0.0189670064782865,0.9810532072818188,0.8546474358974359,0.703635302255535,1.037446621012331,0.8246778350515463,0.6661286719187833,1.0209642075100842,0.1709401709401709,0.7994460891987394,0.9793093955141832,0.9826526533409272,0.1426043883544877,0.2035695232713213,0.7949815528864528,0.8038373939551036,0.8817738608663042,0.016976785397838,0.97197991012424,0.8188034188034188,0.1170534492089262,0.9285866310427716,0.605879048679446,0.4922817053362445,0.7456897496891062,0.0155338210741113,0.0185512634107174,0.9662230335977116,0.97677917700439,0.785542552023142,0.8479045413887365,0.1135450117590855,0.1206555388144004,0.76729383132079,0.0155588139459107,0.0140847801033869,0.017184423066583,0.972737040021488,0.8510272284465833,0.7704013568344856,0.9399438791188456,0.5706942297598583,0.4823176399094598,0.6752643422752203,0.652991452991453,0.2305733295132588,0.9687872425275784,0.9761992924881462,0.6135317724425077,0.6904549024119863,0.2259485497331702,0.2352639993984393
all,24.0,all,mortality,PerRI,toward,31998,585,0.0182823926495405,0.4343987368722351,0.4110838899980355,0.4577135837464347,0.0162288365855381,0.0148978206108716,0.0195808350552023,0.8876757488274354,0.8148725878746537,1.071021470250196,0.05,0.0175,0.0121350502573579,0.0251763650345262,0.9816764260806632,0.9572051282051284,0.6637561335639992,1.3770826126064457,0.9550538599640936,0.6555734942531459,1.3913434320151166,0.0478632478632478,0.9499570241619713,0.9801067008007496,0.983124421356008,0.0333197069390188,0.0683062651390408,0.9474903701033291,0.9523136382028398,0.1,0.0115625,0.0084002549647619,0.0158960772883681,0.980970900756997,0.6324391025641025,0.4594724074571867,0.8694746685012023,0.6076220346715329,0.4364352976757117,0.8459548047204623,0.0632478632478632,0.899309203196129,0.979327531890654,0.9824859654795975,0.0462314376426538,0.0859630268788745,0.8959324709583845,0.9025882816814988,0.2,0.0134375,0.0108942654188071,0.0165645024557761,0.9805062895538714,0.7349967948717948,0.5958883843948586,0.9060358112477328,0.6893248997995992,0.5492296570813834,0.8651550610154293,0.147008547008547,0.7990004138414032,0.9787391245587282,0.9821292529723632,0.1206166343993223,0.178006288981091,0.7945322513275489,0.8033954537922424,0.7694230889430589,0.0168562144597887,0.976958525345622,0.7094017094017094,0.2294591411199185,0.9219917098877292,0.7315597075548333,0.6131480893389996,0.8728390661620756,0.0153218962278349,0.0185412845684547,0.9732786369711832,0.9801419837042862,0.6713368808688495,0.744734266278363,0.2248424005005115,0.2341420443266857,0.76729383132079,0.0164141414141414,0.0148987394903397,0.0180808509953718,0.9755573462261616,0.897811447811448,0.8149228482254557,0.9889761882904392,0.6715367965367965,0.5647915370516629,0.7984568456124942,0.6888888888888889,0.231241842549263,0.9717969800717172,0.9788272587040442,0.6502433755095005,0.7250697817130871,0.2266122613283571,0.2359371503858999
all,24.0,pop_normal,mortality,PerRI,any,24183,391,0.0161683827482115,0.4450701905861026,0.4154838094855632,0.4746565716866419,0.0191241918306275,0.0146557176991898,0.0303592561668724,1.1828141458825232,0.9064430207660052,1.877692818116308,0.05,0.0239867659222497,0.0167522294218763,0.0342367867860109,0.9842430573692,1.483560000761552,1.0361103941412706,2.117514615974687,1.5222982328667591,1.0475015597134731,2.21230401835692,0.0741687979539642,0.9504034969737728,0.9825498316098704,0.9857743646888802,0.0521343122550733,0.1044895085378724,0.9475712489039544,0.9530903187877722,0.1,0.0153019023986765,0.0111218004515337,0.0210196905526673,0.983735354927636,0.9464089660030588,0.6878734023515128,1.3000490451026954,0.9408076432406668,0.6723051225587361,1.3165436226506353,0.0946291560102301,0.8999243443174176,0.9819674716053624,0.9853325063594732,0.0694334871773905,0.127712912796675,0.8960461817025716,0.9036733793824208,0.2,0.01281786231135,0.0100121301661187,0.0163968314491507,0.9829939005479168,0.7927733101672054,0.6192412885095906,1.0141293476593694,0.7537214719616332,0.5756474152193989,0.9868819737156124,0.1585677749360614,0.7993022864828514,0.9810737113202772,0.984722308425952,0.125707127702191,0.1980723322128737,0.7941647397831002,0.8043431944771446,0.5842947525120953,0.0138004246284501,0.9805033323386054,0.4987212276214833,0.4142989240080699,0.8535439099483604,0.7078350448459639,0.5815075417706258,0.8616061095037664,0.0120047063669613,0.0158604424825913,0.9776112813060732,0.9830282896701664,0.4494147880270114,0.5480525507741686,0.4080538091663339,0.4205717100084112,0.76729383132079,0.0144435462139585,0.0128245570198464,0.0162635515827939,0.9781449893390192,0.8933204043277709,0.7931873718950033,1.0058861072294267,0.6608803096923451,0.534965830248273,0.8164311794200989,0.6854219948849105,0.2313802958977807,0.9739862996288224,0.9816513731352696,0.63778006596982,0.7294558078590777,0.2260652177788621,0.2367821059316806
all,24.0,pop_normal,mortality,PerRI,toward,24183,391,0.0161683827482115,0.4777289256248097,0.4495622370869389,0.5058956141626806,0.015779085761793,0.0138170534072187,0.0210806939614174,0.9759223298655778,0.8545723850301039,1.3038220513272611,0.05,0.0124069478908188,0.0075329655043843,0.0203697713410536,0.9836336728475668,0.7673586210835613,0.4659071733824235,1.259852123633504,0.7580777150097673,0.4539427795721671,1.26597855028349,0.0383631713554987,0.9498150638870207,0.9819102579257386,0.9851953730922768,0.0233839678789641,0.0623253393470221,0.9469674616096354,0.9525174299018292,0.1,0.010339123242349,0.0070129176332314,0.0152187592856884,0.983184011026878,0.6394655175696344,0.4337426780676124,0.941266638889522,0.6148388452724782,0.4109114175900269,0.9199715302950232,0.0639386189258312,0.8994199731002017,0.9813885007395172,0.9848089840177792,0.0436799697683053,0.0926825614340807,0.8955333692517183,0.9031776122501924,0.2,0.0146785197436427,0.0116539776848178,0.0184733456302023,0.9834591129949344,0.9078533068043804,0.7207880878566509,1.142559890985127,0.8874082592516023,0.6875402643961933,1.1453778918381543,0.1815856777493606,0.7996805648957633,0.9815634575191352,0.9851628024002228,0.1465324433734832,0.2228349181203411,0.7945465516264566,0.8047178173210995,0.4229417359301989,0.0151544779037935,0.9830884987459692,0.3964194373401534,0.5766223940820444,0.9372908929602004,0.8961048268959255,0.7329159514669746,1.095628849636738,0.0129623334484018,0.0177106980809369,0.980812381339592,0.985098715466607,0.3491675426336337,0.4456869002619478,0.570332099879655,0.5828879484501339,0.76729383132079,0.0158447857720291,0.0141455933315545,0.0177444142861623,0.9827647476901208,0.979985816687928,0.8748922852608257,1.0974761398523365,0.9193242713915444,0.7322223036661608,1.1542356900875326,0.7519181585677749,0.2324731002017485,0.979020425221416,0.9858504617722806,0.7067949324564538,0.7921393237110828,0.2271490282504281,0.2378835512234577
all,24.0,all,prolonged_los,PerRI,any,32017,22948,0.7167442296280101,0.4855380941225053,0.4784863365439428,0.4925898517010679,0.7075941260778338,0.7000453635778202,0.7145414399698423,0.9872337953039046,0.9767017781798444,0.9969266726300524,0.05,0.7026858213616489,0.6798324644710867,0.7245688172504239,0.2825157811678064,0.9803857391727346,0.9485007850344598,1.0109168477386623,0.9793746021415898,0.9479294282634092,1.0118628905499738,0.0490238800766951,0.9475135075532032,0.2774837006115689,0.2876027921464998,0.0463049251148951,0.0518938006901835,0.9427312934103296,0.9519167515858488,0.1,0.6964397251717677,0.6802860259564405,0.71212263203839,0.2809994794377928,0.971671199268977,0.9491335930384938,0.9935519570321218,0.968622004094241,0.945670657503261,0.9921303779189202,0.0971762245075823,0.8928217002977175,0.2758389750921428,0.2862183700580523,0.0934110254853895,0.1010762700351581,0.8862878804928046,0.8990228649301067,0.2,0.6971732000624707,0.6858030813973952,0.7083068650698314,0.2783633950183493,0.9726945418511472,0.956830976865104,0.9882282072050198,0.9661001053018896,0.9490125898707288,0.9834952912389284,0.1945267561443263,0.7861947292976073,0.2729080751198475,0.2838851872758415,0.1894565384889761,0.1996992319133431,0.7776362498137048,0.7945108490621315,0.8818440203641815,0.7080824537791316,0.218609569125033,0.8711870315495904,0.0911897673392876,0.9879151090572798,0.9061826531280294,0.8896218117745404,0.9230517844342888,0.7027511831842403,0.7133571074720824,0.2057279866412786,0.2320620703814391,0.8667905192271337,0.875459287864599,0.0854366224793714,0.0972891070208548,0.7674317076213047,0.7158438809979244,0.7101710871307743,0.721449192366775,0.2802847166263765,0.9987438355373256,0.990829165795102,1.0065643538437787,0.9946209251559144,0.978621441600226,1.0108819842945267,0.7664720237057696,0.2301246002866909,0.2701982680040101,0.2905977628807271,0.7609537434489728,0.7719011016280342,0.2215769546840345,0.2389007858289267
all,24.0,all,prolonged_los,PerRI,toward,32017,22948,0.7167442296280101,0.4745013190085124,0.4674280170746427,0.4815746209423822,0.6978003837277569,0.6917286536188896,0.7046832617351101,0.9735695871453544,0.9650983224209512,0.9831725636645032,0.05,0.6664584634603373,0.6429890101699676,0.6891309946953101,0.2806088900578642,0.9298414077309404,0.89709687722729,0.961474074305375,0.9264202104387196,0.8942367822047417,0.9597619147283276,0.0464964267038521,0.9411180946080052,0.2755874564412302,0.2856857357242411,0.0438472052770561,0.0492974598551744,0.9360837930009523,0.9457788419644814,0.1,0.6555277951280449,0.6388906795838549,0.6717921688762809,0.2764532361617213,0.9145909628993644,0.8913788952517119,0.9372829819989492,0.9059922977895638,0.8826487146409238,0.9299532532463244,0.0914676660275405,0.878376888300805,0.2713192380374956,0.2816468326042891,0.0878059120952604,0.0952661774228199,0.8714891398889697,0.8849442139127763,0.2,0.6796813993440575,0.6681475834794468,0.6909997380338555,0.2739907862887483,0.948290019295742,0.9321980643307236,0.964081340972196,0.9361883933533388,0.9191002330040968,0.9535942614058712,0.1896461565278019,0.7738449663689492,0.268562923231911,0.2794864331197965,0.1846261000686908,0.1947701048964043,0.765119991754806,0.7823380394754537,0.7695599212918137,0.7026665043224157,0.2362428842504743,0.7544448317936203,0.1921931855772411,0.9803587880813484,0.920013037957548,0.9062545906315412,0.9339803613265336,0.6969278315031548,0.7083419893278975,0.2266890197712445,0.2460712735409284,0.7488336146660053,0.7599708727264138,0.18421459185484,0.200432440889565,0.7674317076213047,0.7116519474176876,0.705955028321643,0.7172826946022762,0.2664517861939296,0.9928952588666596,0.984946929657227,1.0007512651682533,0.9701502014778656,0.954908692439773,0.9856349836158864,0.7619836151298588,0.2187672290219428,0.2565321317790583,0.2766123044731165,0.7564299466252777,0.7674495838085678,0.2103786834375947,0.2273939323655952
all,24.0,pop_normal,prolonged_los,PerRI,any,24202,18534,0.7658044789686803,0.4870348284740801,0.4782200169345451,0.4958496400136151,0.7560557750600326,0.7498369458936421,0.7629048883872314,0.9872699831662302,0.979149334440376,0.9962136672465616,0.05,0.7603305785123967,0.7354775472434756,0.7835358067229727,0.2339074460681976,0.9928520913541072,0.9603985970857124,1.0231538574678636,0.9924787476528344,0.9608076849390323,1.0251937822552308,0.0496385022121506,0.9488355681016232,0.2284803734205101,0.2394234235859886,0.0466037811308252,0.0528598802697555,0.942789304347482,0.9542738294325588,0.1,0.7272727272727273,0.7091785261949319,0.7446465092364263,0.2299146083922504,0.94968460912132,0.926056905739168,0.9723715774544076,0.9444053025786662,0.9206690784697048,0.9687534820015689,0.0949606129275925,0.8835568101623148,0.2243744782344732,0.2355499894069329,0.0908235248841926,0.0992655737301789,0.8749452531546594,0.8916487927721523,0.2,0.7241735537190083,0.7114081414999462,0.7365833865467182,0.2237888647866956,0.945637657661996,0.928968373830889,0.9618426201145824,0.9329595014377162,0.915436335652094,0.9508180934317944,0.1891119024495521,0.7644671841919548,0.2179732800340265,0.2297140334881495,0.1835387215567564,0.1948139341267401,0.75324329766289,0.7753328177208683,0.5845384678952152,0.7664522513607125,0.2351069119840875,0.5850329124851624,0.4170783345095272,1.0008458717725242,1.0020384068953274,0.987960940243062,1.01631646352972,0.7594085369568331,0.7733512955042976,0.2269201206367643,0.2434960354343283,0.5779223753062355,0.5921082068948769,0.4043019738776903,0.4299670226330725,0.7674317076213047,0.767673504549615,0.761544835825475,0.7736914661301815,0.2403624089536329,1.002440604138868,0.9944376883915046,1.010298956689471,1.0105786148526152,0.9938524865236986,1.0275862370376814,0.7692888745009172,0.2387085391672547,0.2293789865671198,0.2516999772013624,0.7631681666034082,0.7752979728418656,0.2277897119173559,0.2499813175133672
all,24.0,pop_normal,prolonged_los,PerRI,toward,24202,18534,0.7658044789686803,0.5034665876419763,0.4946534508585632,0.5122797244253893,0.758470908953831,0.7519103097107744,0.7665337454030373,0.9904237044621028,0.9818567667864552,1.0009522880244042,0.05,0.7099173553719008,0.6837150058282163,0.734791000227269,0.2312543493389005,0.9270216809491066,0.8928062248329821,0.9595020927754592,0.9234749552877364,0.8901896311649212,0.9580048600742368,0.0463472536959102,0.9380733944954128,0.2258494213955756,0.2367490685853259,0.0434133536296599,0.0494691748303954,0.9314970187107644,0.9440563465313117,0.1,0.6917355371900826,0.6730453211487165,0.7098179814697384,0.2259663942704985,0.9032795657210736,0.8788735762620716,0.9268919168841376,0.8936763624599277,0.8693930696854222,0.9186379195644968,0.0903204920686306,0.8683839096683134,0.220460955041897,0.2315684767703676,0.0862781878430739,0.0945325921994094,0.8593324479094332,0.8769363505704116,0.2,0.7386363636363636,0.72607197208274,0.7508222351927416,0.2274041937816341,0.9645234311388406,0.9481166433768464,0.9804359413043452,0.956045007869996,0.9385969449169436,0.9738174218690036,0.1928887450091723,0.7768172194777699,0.2215544703100616,0.2333620668571121,0.1872720534509701,0.1986327220003423,0.7657917372133861,0.7874677191155778,0.4231881662672506,0.7714313610622925,0.238323782234957,0.4262976151936981,0.5869795342272407,1.0073476745672605,1.0128074673591274,0.9986828681778126,1.0271318339625035,0.7631980418443467,0.7794611380516219,0.2313286102764602,0.2454629339644884,0.4191937529285547,0.4334320241737806,0.5741062927523477,0.5997349513331713,0.7674317076213047,0.7710655252247887,0.7649673402090744,0.7770516001903529,0.2515544501687689,1.0068699601537894,0.9989068505309172,1.0146866746415732,1.0302226065725932,1.012803608297997,1.0479411905698357,0.7726880328045753,0.2498235709244883,0.2403910971184103,0.2630566831280642,0.7665981699889716,0.7786648772473365,0.2387251553542853,0.2612608809271228
all,24.0,all,unplanned_icu,PerRI,any,23410,189,0.0080734728748398,0.3758315828424781,0.3332347912891812,0.418428374395775,0.0068416605851427,0.0053653291443795,0.010302197622611,0.8474247317364678,0.6645627262959026,1.276055271668381,0.05,0.0085470085470085,0.0046490743794475,0.0156616728286936,0.9919514388489208,1.0586532808755034,0.5758456678458526,1.9398929149191504,1.0619300004774868,0.5632244661281992,2.002212960786815,0.0529100529100529,0.9500452176908832,0.99068917086718,0.9930437828866358,0.0289900396391361,0.0946430353820211,0.9471679665139652,0.9527735857246517,0.1,0.0076890217855617,0.0048691869261599,0.0121219821148532,0.9918838103374626,0.9523809523809524,0.6031093436053173,1.5014582079826215,0.9473684210526316,0.5839912827451571,1.5368498669857913,0.0952380952380952,0.8999612419792429,0.9905793877271518,0.9930088911312628,0.0610927596775582,0.1455099650457379,0.8960355091665831,0.903754660338814,0.2,0.0051260145237078,0.0034471345290657,0.0076163209663142,0.9911896625373772,0.634920634920635,0.4269704726213185,0.9433760519651616,0.5818181818181818,0.3796176199236,0.8917194011235362,0.1269841269841269,0.7994057103483916,0.9897468814832078,0.9924309733626286,0.0868372097531846,0.1819927522467158,0.7942057655707194,0.8045066062716789,0.8786416061512174,0.0065632748310564,0.9809926082365364,0.7142857142857143,0.1200206709444037,0.8129431946827056,0.3453011813894696,0.252465542165553,0.472273977851508,0.005548158552534,0.007762671585778,0.9752833355375368,0.9854028411550428,0.6461128149042502,0.7739210367128283,0.1159033616006974,0.1242636843609851,0.7642318024817705,0.0059806606673746,0.004952045159898,0.0072213847518816,0.985142235912303,0.7407791863663532,0.6133723661016586,0.8944582912251308,0.4025276368687894,0.3023802882244532,0.5358434552549279,0.5661375661375662,0.2341415098402308,0.9815961735653262,0.988013383949414,0.49485682669569,0.634783250963902,0.2287391130059144,0.2396318574983579
all,24.0,all,unplanned_icu,PerRI,toward,23410,189,0.0080734728748398,0.3610134185690794,0.3209209654694006,0.4011058716687582,0.0066352939803444,0.0052358700688422,0.0128053128849796,0.8218636617982185,0.6485276101142671,1.5860972203035657,0.05,0.0076923076923076,0.0040521268432049,0.0145548129687764,0.991906474820144,0.9527879527879528,0.5019062931186673,1.8027945587251724,0.9504273504273504,0.4878610060636776,1.851576857369186,0.0476190476190476,0.9500021532233754,0.9906409748766584,0.993002066350537,0.025251619558505,0.0880102492498848,0.9471237658706996,0.9527316716794106,0.1,0.0038445108927808,0.0020239207649271,0.0072908235657772,0.9914566424604868,0.4761904761904762,0.2506877518886012,0.903059151718762,0.4499999999999999,0.2307058001146219,0.8777412613787411,0.0476190476190476,0.8995736617716722,0.990121182845058,0.9926129160056636,0.025251619558505,0.0880102492498848,0.8956413595496027,0.9033737777592348,0.2,0.003630926954293,0.0022682504547982,0.005807481341172,0.9908158906450236,0.4497354497354497,0.2809510219408775,0.7193287735282389,0.3953488372093023,0.2404447156751168,0.6500484015374959,0.0899470899470899,0.7991042590758365,0.9893454339796316,0.9920850303907268,0.056916320417334,0.1393151980931948,0.7939014682760032,0.8042081007468486,0.7608714224690303,0.0055019088255108,0.9837441943551268,0.5185185185185185,0.2371560225657809,0.681479818016984,0.3384580835737359,0.254843927347093,0.4495059997265919,0.0045171111467688,0.0066999620898948,0.9800842946394966,0.986740615225859,0.4476261559573646,0.5886730657873211,0.2317289826653116,0.2426700160344254,0.7642318024817705,0.0058688726175171,0.00485077709662,0.0070991247119547,0.9847798514223592,0.7269328464342718,0.6008290573115108,0.8793148651156674,0.3855989044771113,0.2898822280459098,0.5129204233603462,0.5555555555555556,0.2340553809052151,0.9811961922168912,0.9876891004556344,0.484306167631033,0.6245914976030243,0.2286536937866086,0.2395450473406504
all,24.0,pop_normal,unplanned_icu,PerRI,any,17154,131,0.0076367028098402,0.4044301535461901,0.3544584786384545,0.4544018284539257,0.0064092244937676,0.0053541498675593,0.008483911370921,0.8392659310388535,0.7011075330390284,1.1109390508151162,0.05,0.0081585081585081,0.0039574474841943,0.016744268469178,0.9923907707412862,1.0683286179469385,0.518214153770003,2.192604437559388,1.0721858786374916,0.502262382941468,2.288808792761249,0.0534351145038167,0.9500088116078248,0.9909356223649788,0.9936138225817746,0.0261218045764589,0.1061934453167491,0.9466323025859084,0.9531822584422508,0.1,0.0069970845481049,0.0040071086494452,0.012190777182501,0.9922922469071832,0.9162441857877284,0.5247171127678202,1.596340395333002,0.907798221329348,0.5024398687646001,1.6401915171959194,0.0916030534351145,0.8999588791634847,0.9907850020105282,0.9935545640962692,0.0531775966392135,0.1532987430067117,0.8953607155530355,0.9043765651414652,0.2,0.0046633634508889,0.0028725358469582,0.0075621811426112,0.9916199081833418,0.6106514247064818,0.376148701669631,0.990241643666818,0.5564811881439053,0.330298218721264,0.9375506593917834,0.1221374045801526,0.7993890618574869,0.9899511366228212,0.9930135098112134,0.0765949351003242,0.1892102763477748,0.79330599867595,0.8053370285781475,0.5978780459368077,0.0058502340093603,0.9897071614960858,0.4580152671755725,0.401045644128532,0.7660680473020447,0.5683790731910967,0.4036065335692079,0.8004200724520101,0.0045480041420705,0.0075225135937977,0.9870378455915916,0.9918313304265888,0.3751064516059543,0.5433163496660566,0.3937061571539196,0.4084297833131602,0.7642318024817705,0.0063310450038138,0.0051104496384155,0.007840873488745,0.9881305637982196,0.829028595384911,0.6691958251708413,1.026735449052914,0.5333905415713196,0.3745011501500916,0.7596918453353808,0.6335877862595419,0.2347412324502144,0.9842989838035902,0.9910356241514248,0.5483663262475594,0.7111974878869508,0.2284344876010205,0.2411676727902524
all,24.0,pop_normal,unplanned_icu,PerRI,toward,17154,131,0.0076367028098402,0.4264448234158276,0.380083385757808,0.4728062610738472,0.0063888681149655,0.0053952977754311,0.0084780017557466,0.8366003331612186,0.7064957102270629,1.1101652070082235,0.05,0.0046620046620046,0.0018143819801474,0.0119254978307133,0.992206676485027,0.6104734959696791,0.2375870876904589,1.5616029754813483,0.5982049446616375,0.2216258207432675,1.614654621999876,0.0305343511450381,0.9498325794513306,0.9907357182170456,0.9934456249930628,0.0119367762191669,0.0758818198224107,0.9464506534775784,0.9530115227606736,0.1,0.0034985422740524,0.0016043476739296,0.0076120920491955,0.9919036207008226,0.4581220928938642,0.2100838167831211,0.9967773054343516,0.4321119533527697,0.1907683195148396,0.9787827491756116,0.0458015267175572,0.8996064148504964,0.9903625419160892,0.9931999651292464,0.0211575962930584,0.0963254356496061,0.8950012854023838,0.9040312257123024,0.2,0.0043719032352083,0.002651246343614,0.0072012021652196,0.9915470378197188,0.5724857106623267,0.347171601361492,0.9429726865815118,0.5172036904893517,0.302458535572523,0.8844176176065114,0.1145038167938931,0.7993303178053223,0.9898717551251824,0.992947191368671,0.0706296912014245,0.180343302296131,0.7932466084902097,0.8052789571672521,0.4209513816019587,0.0058163689239717,0.9910399677841538,0.3206106870229007,0.5782764495094872,0.7616335307008502,0.6491459833911392,0.450334739613602,0.935727295021504,0.0043060760443918,0.0078521974324965,0.9889876152166568,0.9927126465647126,0.2467800903091795,0.4046627878530492,0.5708410431624321,0.5856765343547042,0.7642318024817705,0.0067124332570556,0.0054519331801948,0.0082619430038822,0.9893669634025716,0.8789700770346044,0.7139119219317728,1.0818730556381446,0.6312809323612367,0.4391212783801938,0.9075297308135344,0.6717557251908397,0.235034952711038,0.9857088379514204,0.992096222404696,0.5874525817271932,0.7462723221600345,0.2287253832890373,0.2414640850854144
all,24.0,all,periop_infection,PerRI,any,31476,535,0.0169970771381369,0.4264807274139778,0.4024943755505414,0.4504670792774141,0.0146487983453277,0.0131887666200827,0.0182902314095606,0.8618421994720328,0.7759432114649047,1.0760809791538903,0.05,0.0120711562897077,0.0077413028721609,0.0187769483895626,0.9827436291886832,0.7101901221959648,0.4554490639329708,1.104716313102566,0.6995188282458162,0.4437886455727928,1.1026117859298352,0.0355140186915887,0.9497430593710612,0.9812043612174342,0.9841588740375804,0.0228515752163316,0.0547994450463949,0.9472523485493716,0.952122104865184,0.1,0.0117534942820838,0.0085392034899679,0.016157976723657,0.982420220276758,0.6915009084539657,0.5023924655144498,0.950632664212763,0.6685802932186178,0.4797259608111074,0.9317811521488608,0.0691588785046729,0.899453799166155,0.9808231190333946,0.9838864958897668,0.0505880785124778,0.0938729282100914,0.896053153011896,0.9027552661593304,0.2,0.0117553613979348,0.0093747293554794,0.01473154440762,0.9816925459671976,0.6916107576848559,0.5515494975571446,0.8667104519144844,0.6421079292004294,0.5031373673343857,0.8194632708884984,0.1383177570093458,0.798939917908277,0.9799617160104496,0.9832764248242342,0.1116325307734386,0.1701601147832518,0.79443703058701,0.8033685823523692,0.8826407421527513,0.0164135051472176,0.978613968597726,0.8523364485981308,0.1168352671212953,0.9656663327361156,0.7674871900483784,0.6059179605234484,0.972139176035467,0.0149848670843177,0.0179758620951071,0.9734274487176215,0.9828060470600236,0.819764487006878,0.8798845378642529,0.1133034518676076,0.1204622171736583,0.7682157018239493,0.0151778329197684,0.0137120136933934,0.0167976800187915,0.9769736842105264,0.8929672317432341,0.8067277439500065,0.9882687406943628,0.659151601087085,0.5501900031770838,0.7896923439298225,0.685981308411215,0.23037393749394,0.973272780026238,0.9801725659659272,0.6454443856477791,0.7238663728385738,0.2257157172236161,0.2350991023940096
all,24.0,all,periop_infection,PerRI,toward,31476,535,0.0169970771381369,0.4383226502535576,0.4148638323490408,0.4617814681580745,0.0145513916677895,0.0126583231387518,0.0174205545521415,0.856111409598774,0.7447352880660788,1.024914719781698,0.05,0.0095298602287166,0.0057836303319207,0.0156644034884576,0.9826098588723162,0.5606764122599722,0.3402720529486704,0.9215939517807334,0.5480036164597791,0.3288078319406004,0.9133236330795422,0.02803738317757,0.9496137810671924,0.9810650048642718,0.9840307241253446,0.0170631997434978,0.0457411568614858,0.9471201244902584,0.9519958044146742,0.1,0.0101651842439644,0.0072097145853327,0.0143147173531251,0.9822437164642756,0.5980548397439703,0.4241737874540794,0.8421869970223661,0.5724837758708233,0.4012373152422049,0.8168175321317706,0.0598130841121495,0.8992922012863191,0.9806391221669928,0.9837175329965744,0.0426838261519249,0.0832188509984657,0.8958891854694405,0.9025960780647572,0.2,0.0108022239872915,0.008530363388487,0.0136707981711242,0.9814542710773996,0.6355342097644622,0.5018723701233959,0.8043028845501042,0.5824642445909792,0.4523108920492759,0.7500694813910864,0.1271028037383177,0.798746000452474,0.9797129516653992,0.9830487120807808,0.1015114653920568,0.1580111846780194,0.7942415267272718,0.803176299447673,0.7707459651798195,0.0157873042044517,0.9789356984478936,0.7158878504672898,0.2283054846320416,0.9288246488585497,0.7494814943376579,0.6222458472809733,0.9027340444442766,0.0142936305175804,0.0174343049302012,0.9753586729972205,0.9820030508389368,0.6762379670474684,0.7524594460698558,0.2236623564951989,0.2330160709684595,0.7682157018239493,0.0157981803143093,0.0143016254487081,0.0174485659683577,0.979029605263158,0.9294645300433664,0.8414167525673595,1.0265627334953786,0.7533563632235359,0.6256877577051441,0.9070751393490564,0.7140186915887851,0.2308587311334475,0.9754808527400334,0.9820741714676152,0.6743075816241761,0.7506781655787125,0.2261969967871397,0.2355872897415721
all,24.0,pop_normal,periop_infection,PerRI,any,23814,401,0.0168388342991517,0.4240567270160139,0.3961444323334643,0.4519690216985635,0.014253764375143,0.0131802942472654,0.0174603495045891,0.846481657929321,0.7827319880408444,1.036909633671537,0.05,0.0125944584382871,0.0076470286770452,0.0206760561569612,0.9829377182513372,0.7479412300483049,0.4541305259729568,1.2278793050420798,0.7381462001279022,0.4421435817866221,1.2323141965819815,0.0374064837905236,0.9497714944688848,0.9811663043003614,0.9845451452375183,0.0227975057719957,0.0607946942390703,0.9468991933234192,0.9524962230080471,0.1,0.0113397732045359,0.0078050013938102,0.0164488526147746,0.9825502729435917,0.6734298231741102,0.463511978035403,0.9768403395716808,0.6498539013176956,0.4407459907896362,0.958171150465198,0.0673316708229426,0.8994575663093154,0.9807088048705472,0.984218789687039,0.0466833994387669,0.096191245854602,0.8955397368534679,0.9032443314471864,0.2,0.0111274406886416,0.008517584828378,0.014525261822956,0.981733242349483,0.6608201310706019,0.5058298381620819,0.8626049502540526,0.6091634268945729,0.4570689502715237,0.8118689323470736,0.1321695760598503,0.7988297099901764,0.9797322101732272,0.9835400324047432,0.1024847549763213,0.1688351884287042,0.7936459192278729,0.8039154530111572,0.5860838162425464,0.0138998352081392,0.978999695647763,0.4837905236907731,0.4121641822918891,0.825463031537728,0.6618873219643909,0.5450851095138755,0.8037182071766745,0.0120869210434558,0.0159802694044323,0.9759768317880678,0.981649340809614,0.4352635790557951,0.5326250964162906,0.4058740115283053,0.4184831724909093,0.7682157018239493,0.0149229255493604,0.0132650337880636,0.0167844994858498,0.9768115942028984,0.8862208205298495,0.7877643756332889,0.996773243780621,0.6435511643161692,0.5228044530838415,0.7921854885698133,0.6807980049875312,0.2302994063127322,0.972497207055868,0.9804627764454692,0.6336395782232125,0.7245251953573681,0.2249508572353587,0.2357364457013447
all,24.0,pop_normal,periop_infection,PerRI,toward,23814,401,0.0168388342991517,0.4580939697908519,0.4308668080661402,0.4853211315155636,0.0155100177603351,0.0136643160737667,0.0215323702323133,0.9210861918818494,0.8114763665353641,1.278732829706509,0.05,0.0117548278757346,0.0070148136537991,0.0196344091385776,0.9828935154488796,0.6980784813784179,0.4165854672109073,1.1660194993169275,0.6871562558985674,0.4044516519049939,1.167466414827387,0.0349127182044887,0.9497287831546576,0.981119965508328,0.984503093434198,0.0209085462724193,0.0577434499651214,0.9468553633441112,0.952454644372728,0.1,0.0121797564048719,0.0084936259964669,0.0174374882544753,0.9826435869920216,0.7233135137795997,0.5044070061841994,1.035551983272009,0.7017438683484395,0.4820580727001513,1.0215459187444025,0.0723192019950124,0.8995429889377696,0.980806705820516,0.9843074833891484,0.0508219317205073,0.1019331211199122,0.8956265987997095,0.9033282867301992,0.2,0.0121771992441738,0.0094320776045088,0.0157085941560128,0.981995695764002,0.7231616528697153,0.560138394198938,0.9328789556890008,0.6763493376115332,0.5129901646948999,0.8917294286911455,0.1446384039900249,0.7990432665613121,0.9800080471356026,0.983788996446224,0.1135815682904466,0.1824393939822052,0.7938614804817159,0.8041269348304498,0.42395229696817,0.0138668779714738,0.9809739029012976,0.3491271820448878,0.5747661555546064,0.8235058154929633,0.7288346054125605,0.5945089043201124,0.8935103884682256,0.0117636655255735,0.0163399039403079,0.9785494055330688,0.9831290910325816,0.3041009211255572,0.3970167505761651,0.5684217248196355,0.5810860550852344,0.7682157018239493,0.0163988192850114,0.0146573224034414,0.0183433786191316,0.9817028985507248,0.9738690335492852,0.8704475703629774,1.0893496719102274,0.8962523015174589,0.7167739067935253,1.1206716376838377,0.7481296758104738,0.231452611796865,0.9778176457129544,0.9849181430902584,0.7034242353608042,0.7881260401049581,0.226094442087904,0.2368988934437332
all,0.0,all,mortality,Cohen_m2,any,49990,906,0.0181236247249449,0.7913737620222341,0.7789991307774067,0.8037483932670615,0.0596444719935522,0.05236544266478,0.0678119262435947,3.2909791997325377,2.889347106856901,3.741631559511373,0.05,0.072,0.0625104504289738,0.0828028952714889,0.9847125710675932,3.97271523178808,3.449114146737752,4.568782267794408,4.709752066115702,4.020757520922084,5.516812294414154,0.1986754966887417,0.9527340885013448,0.9835692010819708,0.9857775278631984,0.1739897362936774,0.2259058059633484,0.9508210436857972,0.9545762716445227,0.1,0.0680136027205441,0.0613607313564004,0.0753299046213607,0.9874197061634548,3.752759381898455,3.385676556850393,4.156448048589208,5.406360424028269,4.741267373999787,6.164751052594916,0.3752759381898454,0.9050810854861054,0.986347407497071,0.9884087743315588,0.3443356920161171,0.4072694225444833,0.9024562695068252,0.9076424984129278,0.2,0.0492098419683936,0.0451402463060736,0.0536257249526593,0.9896479295859172,2.7152317880794707,2.49068533426117,2.958885199098723,4.753623188405798,4.178860982365131,5.407438417479972,0.543046357615894,0.8063320022818026,0.988607805326361,0.99059399249254,0.5104952117542485,0.5752339964947477,0.8028120789766411,0.8098039786827365,0.8883576715343069,0.0202436443063343,0.9987457444902348,0.9922737306843268,0.1135604270230625,1.1169754733704766,16.13996841052168,7.676248288822748,33.93566368507714,0.0189746842250985,0.0215955998433723,0.9974130458770748,0.9993923066686444,0.9841379403142454,0.9962524924819688,0.1107837344593473,0.116397604880698,0.874874974994999,0.0205556190693952,0.019267289003165,0.0219281687201597,0.998880895283773,1.134189180219721,1.063103506918565,1.2099218038860784,18.36791389700959,8.735442035194197,38.62200213437256,0.9922737306843268,0.1272919892429304,0.997691576380456,0.9994578002709678,0.9841379403142454,0.9962524924819688,0.1243724927017697,0.1302698218219961
all,0.0,all,mortality,Cohen_m2,toward,49990,906,0.0181236247249449,0.7915856909172059,0.7792577494425896,0.8039136323918221,0.0596499751635336,0.0522118141455569,0.0673841421448477,3.2912828459437637,2.880870407435313,3.7180278872195776,0.05,0.072,0.0625104504289738,0.0828028952714889,0.9847125710675932,3.97271523178808,3.449114146737752,4.568782267794408,4.709752066115702,4.020757520922084,5.516812294414154,0.1986754966887417,0.9527340885013448,0.9835692010819708,0.9857775278631984,0.1739897362936774,0.2259058059633484,0.9508210436857972,0.9545762716445227,0.1,0.0680136027205441,0.0613607313564004,0.0753299046213607,0.9874197061634548,3.752759381898455,3.385676556850393,4.156448048589208,5.406360424028269,4.741267373999787,6.164751052594916,0.3752759381898454,0.9050810854861054,0.986347407497071,0.9884087743315588,0.3443356920161171,0.4072694225444833,0.9024562695068252,0.9076424984129278,0.2,0.0492098419683936,0.0451402463060736,0.0536257249526593,0.9896479295859172,2.7152317880794707,2.49068533426117,2.958885199098723,4.753623188405798,4.178860982365131,5.407438417479972,0.543046357615894,0.8063320022818026,0.988607805326361,0.99059399249254,0.5104952117542485,0.5752339964947477,0.8028120789766411,0.8098039786827365,0.8850370074014803,0.0203195985805664,0.9987819732034104,0.9922737306843268,0.1169423844837421,1.1211663720116063,16.68239043464503,7.934122469123244,35.076613916282234,0.0190459221041514,0.0216765686961863,0.9974877038627766,0.9994098632689626,0.9841379403142454,0.9962524924819688,0.1141293828742615,0.1198153420451572,0.874874974994999,0.0205784840516748,0.0192894285544549,0.0219517551169479,0.9990407673860912,1.1354507922110666,1.0643250920940446,1.2112232210775158,21.45306962387104,9.616454338211254,47.85903204031291,0.9933774834437086,0.1273123624806454,0.997908615326761,0.9995603092742388,0.9856271655418998,0.9969614520812118,0.1243926628423587,0.1302903949680298
all,0.0,pop_normal,mortality,Cohen_m2,any,46298,901,0.0194608838394747,0.7649931250254721,0.7511178598829568,0.7788683901679875,0.054950527493127,0.0495725402222202,0.0625853397027302,2.823639868897665,2.5472913065575504,3.215955668764713,0.05,0.0734341252699784,0.0635001770576742,0.0847814476984108,0.9833799422504148,3.773421899832919,3.262964703014652,4.356505511144314,4.4184037370033655,3.759193961835596,5.1932121038076655,0.1886792452830188,0.9527501817300704,0.9821422454512214,0.9845332068731392,0.164473326413374,0.2155286540437579,0.9507597933314036,0.9546639510601544,0.1,0.0626349892008639,0.0560114899336623,0.0699836670868106,0.9853364692329846,3.218506914563372,2.878157559321531,3.5961196656883017,4.271480736532894,3.726738105990969,4.895849175245428,0.3218645948945616,0.9043989690948742,0.9841367530654822,0.9864467020223294,0.2921700953391196,0.3530716795748543,0.901659732631578,0.90706976898189,0.2,0.0512958963282937,0.0469858323306928,0.05597810435838,0.9884982990442248,2.6358461800303483,2.414372991394472,2.8764420372744497,4.459853070909257,3.920918424729823,5.07286489018687,0.5271920088790233,0.8064850100226887,0.9873605834413962,0.9895346905775928,0.4945454180574963,0.5596077066441089,0.8028250289538862,0.8100931245280968,0.7071795757916108,0.0263889313093674,0.997270782621524,0.9589345172031076,0.2978170363680419,1.3559986035084293,9.66904707462418,6.962162147696448,13.42836741632502,0.0247074519742892,0.0281815380277268,0.9962405960419248,0.9980192292479744,0.9439099539220028,0.9700621711438652,0.2936275789189208,0.302040709309463,0.874874974994999,0.0219972842858906,0.0206135423117946,0.0234716877136425,0.9982737786984291,1.1303332606749883,1.0592295027208327,1.2060956689969162,12.743026786816442,6.836785750528921,23.75161919867953,0.9889012208657048,0.1273872722867149,0.9968250708956234,0.999062068749524,0.9796906603277168,0.9939604184909404,0.1243517509593556,0.1304858509938204
all,0.0,pop_normal,mortality,Cohen_m2,toward,46298,901,0.0194608838394747,0.7668326736498574,0.7530170371140016,0.7806483101857132,0.0554511187939103,0.0486126177080934,0.0617555956370202,2.849362816781865,2.497965565648513,3.1733191640430207,0.05,0.0734341252699784,0.0635001770576742,0.0847814476984108,0.9833799422504148,3.773421899832919,3.262964703014652,4.356505511144314,4.4184037370033655,3.759193961835596,5.1932121038076655,0.1886792452830188,0.9527501817300704,0.9821422454512214,0.9845332068731392,0.164473326413374,0.2155286540437579,0.9507597933314036,0.9546639510601544,0.1,0.0626349892008639,0.0560114899336623,0.0699836670868106,0.9853364692329846,3.218506914563372,2.878157559321531,3.5961196656883017,4.271480736532894,3.726738105990969,4.895849175245428,0.3218645948945616,0.9043989690948742,0.9841367530654822,0.9864467020223294,0.2921700953391196,0.3530716795748543,0.901659732631578,0.90706976898189,0.2,0.0516198704103671,0.0472962947376278,0.0563153214195396,0.9885792969382796,2.652493629588434,2.43032614180099,2.89376997900316,4.519850497066617,3.973462130719701,5.141372396100602,0.5305216426193119,0.8065510936846048,0.98744535433319,0.9896118986733669,0.497873404292726,0.5629107152703002,0.8028915786517035,0.8101587309707508,0.6888202514147479,0.0269354990436173,0.9970847504685224,0.95338512763596,0.3164306011410445,1.384084056294556,9.239517493366543,6.782699831939072,12.586239347970784,0.0252148026362476,0.0287701527240574,0.996062052342084,0.9978424257974856,0.9375898304643886,0.9653306364991108,0.3121679689357156,0.3207242988587209,0.874874974994999,0.0220960375262313,0.0207091577417787,0.0235735600340858,0.9989642672190576,1.1354077085343597,1.0641427137945287,1.2113303911854658,21.333724231576348,9.563148642706151,47.59183471816841,0.9933407325194228,0.1274753838359363,0.9977419643790478,0.9995252371259924,0.9855478344982962,0.996944570802256,0.1244389496004431,0.1305748605400279
all,0.0,all,prolonged_los,Cohen_m2,any,49990,31565,0.6314262852570514,0.572200490856777,0.5668667381540891,0.577534243559465,0.6690341335791548,0.6640828143282688,0.6746892925654127,1.059560156427117,1.0517186722087806,1.0685163229952472,0.05,0.6724,0.6537496532242104,0.6905213262179395,0.370730680143188,1.064890733407255,1.035353878177674,1.0935897702402917,1.068540891446928,1.038808987667181,1.0991237563878342,0.0532551877079043,0.955549525101764,0.3663971722035692,0.3750851003106844,0.0508319658418807,0.055787137977247,0.9524774666829362,0.9584316595857492,0.1,0.6805361072214443,0.6674760885043289,0.6933188645079751,0.3740303616278811,1.077776017741169,1.0570926552932491,1.0980202767861136,1.0871711110322055,1.0653325816605743,1.1094573140912145,0.1077776017741169,0.9133242876526458,0.3695701027739546,0.3785121307236736,0.1044041991222575,0.1112464632067649,0.9091749490288316,0.9173013065378776,0.2,0.654630926185237,0.6452526290326194,0.6638904391799386,0.374374874974995,1.0367495643909392,1.0218970038124708,1.051414004581186,1.0463629096722622,1.029619825888103,1.0633782598284889,0.2073499128781878,0.8125915875169607,0.3696438607730637,0.3791300217597644,0.2029132019378375,0.2118578487680585,0.8068917778855517,0.8181610740527928,0.8883576715343069,0.6467157558152626,0.4902347249596846,0.9098685252653256,0.1484938941655359,1.0242141813149053,1.268654001126531,1.2353141800601324,1.3028936286443424,0.6422575468294424,0.6511485837073615,0.4771303805238084,0.503352503717707,0.906659220751123,0.9129780762981294,0.1434326522597071,0.1537016830856029,0.874874974994999,0.6483365725391563,0.6438485946029989,0.6527984935539953,0.486810551558753,1.0267810949226177,1.019673411823346,1.033847511255005,1.263347433405739,1.2320264298857744,1.2954646903482774,0.8983050847457628,0.1652645861601085,0.4744355854446923,0.4992017087153005,0.8949220885902955,0.9015911417209492,0.1599713595432177,0.1706973678932371
all,0.0,all,prolonged_los,Cohen_m2,toward,49990,31565,0.6314262852570514,0.5724243170765414,0.5670898431447597,0.5777587910083231,0.6690866726853338,0.6640684533867881,0.6745589557802005,1.059643363457622,1.051695928553953,1.0683099065247024,0.05,0.6724,0.6537496532242104,0.6905213262179395,0.370730680143188,1.064890733407255,1.035353878177674,1.0935897702402917,1.068540891446928,1.038808987667181,1.0991237563878342,0.0532551877079043,0.955549525101764,0.3663971722035692,0.3750851003106844,0.0508319658418807,0.055787137977247,0.9524774666829362,0.9584316595857492,0.1,0.6805361072214443,0.6674760885043289,0.6933188645079751,0.3740303616278811,1.077776017741169,1.0570926552932491,1.0980202767861136,1.0871711110322055,1.0653325816605743,1.1094573140912145,0.1077776017741169,0.9133242876526458,0.3695701027739546,0.3785121307236736,0.1044041991222575,0.1112464632067649,0.9091749490288316,0.9173013065378776,0.2,0.654630926185237,0.6452526290326194,0.6638904391799386,0.374374874974995,1.0367495643909392,1.0218970038124708,1.051414004581186,1.0463629096722622,1.029619825888103,1.0633782598284889,0.2073499128781878,0.8125915875169607,0.3696438607730637,0.3791300217597644,0.2029132019378375,0.2118578487680585,0.8068917778855517,0.8181610740527928,0.8850370074014803,0.6478086929005719,0.4946928832434313,0.9079993663868208,0.1543012211668928,1.02594508341833,1.2820098340563313,1.2484976565319423,1.3164215455418378,0.643345148381991,0.6522465713216816,0.4817742443459633,0.5076186125186736,0.9047609883331482,0.9111384458735224,0.1491572426117733,0.1595893255935772,0.874874974994999,0.6485880873442323,0.6441008201992926,0.6530492533865613,0.4885691446842526,1.0271794229791915,1.0200728655714444,1.034244643649428,1.2681833342726394,1.2366425340511062,1.300528588530988,0.8986535719942975,0.1658616010854816,0.4761920268249562,0.5009602947803709,0.8952756043835719,0.901934515610188,0.160560496460243,0.1713020119244402
all,0.0,pop_normal,prolonged_los,Cohen_m2,any,46298,30921,0.6678690224199749,0.6806813614516619,0.6755631107500798,0.685799612153244,0.7924660307529426,0.7863296496399181,0.7975406196116651,1.1865590469842415,1.177371046183142,1.1941572266996825,0.05,0.8548596112311015,0.8399225460061471,0.8686208922347401,0.341973035036264,1.2799809281969388,1.2576156668604703,1.300585688324569,1.299125502065425,1.275839582531816,1.3228364233437286,0.0640018110669124,0.9781491838460038,0.3375536645432562,0.3464200081652658,0.0613274875541246,0.0667844572456184,0.9757161934014348,0.9803433241739884,0.1,0.8533477321814255,0.8428648372282753,0.863244754433209,0.3527407122972065,1.2777171923461608,1.2620211582417995,1.292535999506766,1.3184016798122222,1.3002201785824816,1.336837420279603,0.1277772387697681,0.955843142355466,0.3481664973154483,0.3573420780483051,0.1241023350377916,0.1315446203212296,0.9524804714531612,0.9589781056899778,0.2,0.8389848812095032,0.8313583485854922,0.84633026819742,0.3749122522814407,1.2562117017637715,1.244792497746228,1.2672099465413198,1.3421873717276078,1.3262978866091086,1.3582672181064843,0.2512531936224572,0.9030370033166416,0.3699952287264184,0.3798552214736601,0.2464497839725984,0.2561184037978443,0.8982587459886796,0.907613931355582,0.7071795757916108,0.7460981643810513,0.5210592313933761,0.7900132595970376,0.4593873967613969,1.1171324606097446,1.5578088425248593,1.5290088596230669,1.5871512938433143,0.7413549222153393,0.7507836624464963,0.5126451764147139,0.529461354790547,0.7854375123883076,0.7945169537325473,0.4515216619659337,0.4672734187921959,0.874874974994999,0.693148993951364,0.6886394826179915,0.697621871249012,0.50889003970309,1.0378516905003152,1.0310996011205256,1.0445489277541722,1.411392661497452,1.3737913621729403,1.4500231256207987,0.9079913327512048,0.191714898874943,0.4960146460765785,0.5217536503695416,0.9047187562181592,0.9111625448521106,0.18557019154404,0.1980136040266782
all,0.0,pop_normal,prolonged_los,Cohen_m2,toward,46298,30921,0.6678690224199749,0.6799207260515917,0.6747998327805047,0.6850416193226787,0.7919259131077286,0.7862539953050639,0.7969346886606355,1.185750329066383,1.1772577689801058,1.1932499665473335,0.05,0.854427645788337,0.8394736493012284,0.8682072893191587,0.341950298979151,1.279334146525288,1.2569435340172783,1.2999664008569711,1.298424183557628,1.2751164279064324,1.3221579798915462,0.0639694705863329,0.9780841516550692,0.3375310012530026,0.34639720331261,0.0612957930798978,0.0667514787935981,0.9756478240219628,0.9802816616571562,0.1,0.8533477321814255,0.8428648372282753,0.863244754433209,0.3527407122972065,1.2777171923461608,1.2620211582417995,1.292535999506766,1.3184016798122222,1.3002201785824816,1.336837420279603,0.1277772387697681,0.955843142355466,0.3481664973154483,0.3573420780483051,0.1241023350377916,0.1315446203212296,0.9524804714531612,0.9589781056899778,0.2,0.8397408207343412,0.8321281932497018,0.8470716756254308,0.3751012473675684,1.2573435696891604,1.245945185830817,1.26832005556438,1.3438030036015782,1.3279164261462733,1.359879640715966,0.251479576986514,0.9034922286531832,0.3701837073415212,0.380044693829548,0.2466746932566371,0.2563462049975352,0.8987236677238548,0.9080592328945354,0.6888202514147479,0.7500235176068484,0.5139862566807801,0.773551954982051,0.4815633738700657,1.1230098903063248,1.5432146269868416,1.5157635489389163,1.5711628549276515,0.7452412375319866,0.7547455691120071,0.5058221277824816,0.5221429287482903,0.7688530674652136,0.778182879195868,0.4736713692808057,0.4894645881170001,0.874874974994999,0.6954203184792,0.6909199184510821,0.6998836536757493,0.5247712756775419,1.041252543738883,1.034514096712532,1.0479354936088692,1.46333814200872,1.4231925979771014,1.5046161151352375,0.9109666569645224,0.1976978604409182,0.5118991196923209,0.5376105995313335,0.9077410266123,0.9140901836727028,0.1914787782020334,0.2040679518286561
all,0.0,all,unplanned_icu,Cohen_m2,any,49990,10243,0.2049009801960392,0.7093122923215689,0.7044543979565355,0.7141701866866023,0.315856765227413,0.309111390890901,0.3241426110356196,1.541509293538844,1.5085891272709309,1.5819475862218713,0.05,0.3116,0.293745314205789,0.3300328033875922,0.8007159401979365,1.5207345504246803,1.4335964324072432,1.6106941170893034,1.563597210481826,1.4710826429265838,1.661929904741973,0.0760519379088157,0.9567011346768308,0.797098900361324,0.8042843324492222,0.0710757878578232,0.0813459691058054,0.9546556854858564,0.9586583108648522,0.1,0.3294658931786357,0.3165716161815986,0.3426220708621807,0.808939565690916,1.6079273650297763,1.5449980565184145,1.6721348552572894,1.7244067007910655,1.6503744435766283,1.801759886252784,0.1607927365029776,0.9156665911892722,0.8052804884928056,0.8125458891868972,0.1538061622024473,0.1680336523214738,0.9128943091675294,0.9183585315270436,0.2,0.3194638927785557,0.310394942055912,0.3286715274630612,0.8237397479495899,1.5591135409547985,1.5148533782461238,1.6040505377212175,1.8124556674705632,1.7490651853349055,1.8781435786895295,0.3118227081909597,0.8288172692278662,0.8199741231062763,0.8274431823968038,0.3029235442603691,0.3208629696250412,0.8250824528137649,0.8324885305386983,0.8883576715343069,0.2300659776171496,0.9953413366780148,0.9974616811481012,0.139758975520165,1.122815407700997,49.384546964665866,33.64179138161233,72.49416213425206,0.2261749508472846,0.2340037016260577,0.9931824565005092,0.9968187639459222,0.9962832133891084,0.9982671464017564,0.1363849587941676,0.1432026210572236,0.874874974994999,0.23354292900423,0.2296012034417321,0.237531460629554,0.9953637090327738,1.1397843425677496,1.1205471209657512,1.1592499967657337,50.37279382487789,35.02059566714019,72.45503137185398,0.9971687982036512,0.1566407527612147,0.9933494123107932,0.9967699094499622,0.995936858803784,0.9980279547051903,0.1531007110281231,0.1602471603286434
all,0.0,all,unplanned_icu,Cohen_m2,toward,49990,10243,0.2049009801960392,0.7093106012093905,0.7044517277210198,0.7141694746977612,0.3158617963387979,0.3090216244238062,0.3239078078249352,1.5415338474056923,1.5081510304545616,1.5808016511928646,0.05,0.3116,0.293745314205789,0.3300328033875922,0.8007159401979365,1.5207345504246803,1.4335964324072432,1.6106941170893034,1.563597210481826,1.4710826429265838,1.661929904741973,0.0760519379088157,0.9567011346768308,0.797098900361324,0.8042843324492222,0.0710757878578232,0.0813459691058054,0.9546556854858564,0.9586583108648522,0.1,0.3294658931786357,0.3165716161815986,0.3426220708621807,0.808939565690916,1.6079273650297763,1.5449980565184145,1.6721348552572894,1.7244067007910655,1.6503744435766283,1.801759886252784,0.1607927365029776,0.9156665911892722,0.8052804884928056,0.8125458891868972,0.1538061622024473,0.1680336523214738,0.9128943091675294,0.9183585315270436,0.2,0.3194638927785557,0.310394942055912,0.3286715274630612,0.8237397479495899,1.5591135409547985,1.5148533782461238,1.6040505377212175,1.8124556674705632,1.7490651853349055,1.8781435786895295,0.3118227081909597,0.8288172692278662,0.8199741231062763,0.8274431823968038,0.3029235442603691,0.3208629696250412,0.8250824528137649,0.8324885305386983,0.8850370074014803,0.2308839816468141,0.995127892813642,0.9972664258518013,0.143885073087277,1.1268075995825677,47.38893723300861,32.73667023259848,68.59926058814006,0.2269807577802298,0.2348339359040307,0.992967352451804,0.9966269357998494,0.9960519965018936,0.9981079991010444,0.1404690174596694,0.1473699600174766,0.874874974994999,0.2335200640219503,0.2295784754179096,0.2375084627052984,0.9952038369304556,1.1396727521680463,1.1204361989789422,1.1591377575551955,48.68893334857666,34.05789769453095,69.6053600220549,0.9970711705555012,0.1566155936297079,0.9931614702538024,0.9966383035573768,0.9958220141180176,0.9979476172969932,0.1530757879631088,0.1602217699935005
all,0.0,pop_normal,unplanned_icu,Cohen_m2,any,46298,10197,0.2202470949069074,0.7516942383897364,0.746861556319357,0.7565269204601157,0.4029296428521435,0.3948800971647738,0.4133232759574797,1.8294436211403888,1.7928958260796997,1.8766344052446209,0.05,0.4699784017278617,0.4497135714074662,0.4903427049677721,0.7928972557579065,2.1338687891729475,2.0418592653744114,2.226329955339601,2.2693006963658515,2.165184057975137,2.3784239642621983,0.1066980484456212,0.9660120218276502,0.7890845824882611,0.7966587685415161,0.1008531114354015,0.1128392176367408,0.9640927026070992,0.9678321725320844,0.1,0.4723542116630669,0.4580026832457254,0.4867515785313711,0.8077661514831526,2.1446558097064505,2.079494775807649,2.210024966445564,2.4571854296600093,2.3697015320935817,2.547899030304973,0.2144748455428067,0.932328744356112,0.8039541840429683,0.8115213748773746,0.2066162711958684,0.2225484753677876,0.9296913799262648,0.9348741081549792,0.2,0.4396328293736501,0.4295503746898877,0.4497653510884978,0.8346023003401911,1.9960891178132047,1.9503111942132412,2.042094363508412,2.65803472646772,2.5731990473599944,2.7456673491142887,0.3992350691379817,0.8562643694080496,0.8307837604941547,0.8383514371467745,0.389768978947424,0.408777054744541,0.8526075062029004,0.8598454186702003,0.7071795757916108,0.2940960874744204,0.9581028251087998,0.9442973423555948,0.3597961275310933,1.3353006431196155,7.019472989244222,6.465361564290873,7.621074329217894,0.2891850156967067,0.29905547223407,0.954598371349106,0.9613477304031628,0.9396761561450304,0.9485838870263096,0.3548603898335158,0.3647617009610882,0.874874974994999,0.2506851006048636,0.2464880446755793,0.2549294434018877,0.9925772484032452,1.1381993515547686,1.1191432276542093,1.1574701746220064,33.772529948929645,25.062841187081677,45.5089576890927,0.9957830734529765,0.1592753663333425,0.9900171751161104,0.9944844541849212,0.9943250478372136,0.9968676788491804,0.1555368144179051,0.1630864252974021
all,0.0,pop_normal,unplanned_icu,Cohen_m2,toward,46298,10197,0.2202470949069074,0.7509710146364914,0.7461068435642292,0.7558351857087536,0.4031571422523937,0.394930349878845,0.4091026871469153,1.8304765491812616,1.793123991241617,1.8574714337087264,0.05,0.4695464362850972,0.4492833850563946,0.4899103916983436,0.7928745197007935,2.1319075127123104,2.0399060666216497,2.2243670996224294,2.266966071034844,2.16288284330271,2.3760580389900943,0.1065999803863881,0.96598432176394,0.7890616948666536,0.7966361880202142,0.1007575039033979,0.11273876291443,0.9640642711457112,0.9678052097606944,0.1,0.4723542116630669,0.4580026832457254,0.4867515785313711,0.8077661514831526,2.1446558097064505,2.079494775807649,2.210024966445564,2.4571854296600093,2.3697015320935817,2.547899030304973,0.2144748455428067,0.932328744356112,0.8039541840429683,0.8115213748773746,0.2066162711958684,0.2225484753677876,0.9296913799262648,0.9348741081549792,0.2,0.4403887688984881,0.4303041411433266,0.4505228367272795,0.8347912954263189,1.99952135161932,1.9537335615037497,2.045533617220711,2.665651123134859,2.5806082581350887,2.7534965401549027,0.3999215455526135,0.8564582698540206,0.8309744699575136,0.8385386786544063,0.3904524666330252,0.4094660028391406,0.8528034179463048,0.8600372665562411,0.6888202514147479,0.2984541093098366,0.952870132574443,0.93341178778072,0.3802664746128916,1.3550876093779365,6.332589621247152,5.873094807325144,6.828034047928329,0.2934564883200973,0.3035002810152926,0.9492873001597204,0.9562115153986992,0.9284077301628956,0.938089402779547,0.3752717108178581,0.385286717999622,0.874874974994999,0.2499691396123935,0.2457761695273324,0.2542095323595366,0.9875712066286898,1.1349486344782382,1.115911061760953,1.1542015229167233,20.11210035798049,15.977066397047787,25.31732489289907,0.9929390997352162,0.1584720644857483,0.9843777829394872,0.9901183978773216,0.9911179804121358,0.994388940899141,0.154741329205642,0.1622754777591059
all,0.0,all,periop_infection,Cohen_m2,any,49990,1899,0.0379875975195039,0.6942880767481265,0.682692576928119,0.705883576568134,0.0801645366258618,0.0746110590843214,0.0895011681542975,2.110281825132613,1.9640899650475128,2.3560628731086544,0.05,0.0976,0.0865764360820501,0.1098583543615626,0.9651505580122132,2.5692596103212217,2.279071110975084,2.891953204072941,2.800618731117825,2.4635190941757945,3.183845944458636,0.1284886782517114,0.953088935559668,0.9634630785314284,0.9667627888997712,0.1141843160258263,0.1442931105765771,0.9511626186412554,0.9549428710584964,0.1,0.0970194038807761,0.0891210780661576,0.1055366140742451,0.968571492076193,2.553975776724592,2.346057236717862,2.7781860650718877,3.086987270155587,2.7962592589079347,3.407942370059184,0.2553975776724592,0.9061362832962508,0.9669188509543188,0.9701441211709124,0.2362910757863755,0.2754917231602104,0.9034971727332288,0.9087105131737768,0.2,0.0776155231046209,0.0725314443958417,0.0830240685009031,0.9719193838767752,2.043180621379673,1.909345395128031,2.1855572324171395,2.764024933214604,2.5290817900927407,3.0207934995854147,0.4086361242759347,0.8082385477532179,0.9702543461915136,0.9734937658622154,0.3867321047828631,0.4309090483220512,0.8046953433198902,0.8117325107641535,0.8883576715343069,0.0413654889774595,0.9888908797706504,0.9673512374934176,0.1147615978041629,1.0889209025714597,3.723561193277445,2.895419361273824,4.788566432042493,0.0395527075143107,0.0432576119226693,0.98578516064739,0.991324020031969,0.9583670658815984,0.9744483613194886,0.1119435780118824,0.1176411598241186,0.874874974994999,0.0416142677489424,0.0397824919871698,0.0435265639161304,0.9873701039168664,1.0954698497997026,1.047249486276263,1.1458098631739666,3.2949018325270294,2.6344850060464897,4.120872983172483,0.95839915745129,0.128423197687717,0.9842882201857436,0.9898537040962196,0.9484543137972146,0.9664930995870628,0.1254626600167827,0.1314430951318109
all,0.0,all,periop_infection,Cohen_m2,toward,49990,1899,0.0379875975195039,0.694448405580569,0.6828697709084263,0.7060270402527117,0.0801720904912328,0.0748180464391712,0.0895579578985704,2.110480675964576,1.969538779091191,2.35755782798817,0.05,0.0976,0.0865764360820501,0.1098583543615626,0.9651505580122132,2.5692596103212217,2.279071110975084,2.891953204072941,2.800618731117825,2.4635190941757945,3.183845944458636,0.1284886782517114,0.953088935559668,0.9634630785314284,0.9667627888997712,0.1141843160258263,0.1442931105765771,0.9511626186412554,0.9549428710584964,0.1,0.0970194038807761,0.0891210780661576,0.1055366140742451,0.968571492076193,2.553975776724592,2.346057236717862,2.7781860650718877,3.086987270155587,2.7962592589079347,3.407942370059184,0.2553975776724592,0.9061362832962508,0.9669188509543188,0.9701441211709124,0.2362910757863755,0.2754917231602104,0.9034971727332288,0.9087105131737768,0.2,0.0776155231046209,0.0725314443958417,0.0830240685009031,0.9719193838767752,2.043180621379673,1.909345395128031,2.1855572324171395,2.764024933214604,2.5290817900927407,3.0207934995854147,0.4086361242759347,0.8082385477532179,0.9702543461915136,0.9734937658622154,0.3867321047828631,0.4309090483220512,0.8046953433198902,0.8117325107641535,0.8850370074014803,0.0414980900933481,0.9890377588306942,0.966824644549763,0.1181925932087085,1.092411544900722,3.785547996293199,2.949280352740145,4.858939103203685,0.0396791305298549,0.0433966657773779,0.9860001201768182,0.9914220366080252,0.9577801373177308,0.9739842302470731,0.1153376433958907,0.1211085371441861,0.874874974994999,0.041705727678061,0.0398719783372861,0.0436199813583268,0.988009592326139,1.0978774758432184,1.049605159073688,1.1482690195380505,3.478257688350292,2.7652445691678564,4.375119901314422,0.9605055292259084,0.1285063733338878,0.9849969341260136,0.9904231819542528,0.9507752752334582,0.968376376695951,0.1255450037181948,0.1315270894353462
all,0.0,pop_normal,periop_infection,Cohen_m2,any,46298,1873,0.0404553112445462,0.7013253108699552,0.6897769923263213,0.7128736294135891,0.0852331274279705,0.0797618130561062,0.0923506598102721,2.106846414127165,1.971603000999257,2.282782086436721,0.05,0.1123110151187904,0.1000855103349713,0.1258210802661288,0.9633267398767704,2.7761747880244325,2.4739770194813144,3.1101251330278865,3.062476985722109,2.704957020204387,3.46725113117284,0.1388147357180993,0.95374226223973,0.96152927637411,0.9650432739041984,0.1238939866307358,0.1552140638302087,0.9517495041862252,0.95565655341398,0.1,0.0974082073434125,0.0891979819046174,0.1062859552243512,0.965873092061054,2.4077977488442674,2.2048521976614945,2.6272435424330034,2.854293378048744,2.578859520651828,3.1591448168195257,0.2407901761879338,0.9059313449634216,0.9640864316759454,0.967573857606782,0.2219696294215193,0.2606718465559953,0.9031814946402644,0.9086109964788378,0.2,0.0865010799136069,0.080945646775815,0.0923994587795304,0.9710567525244344,2.1381884665457407,2.0008657524968942,2.2839883302587825,2.9886445875374745,2.735071695278937,3.2657266301409,0.4276561665776828,0.8095891952729319,0.9692999167267596,0.9727158819693827,0.4054207615143317,0.4501877245720806,0.8059114130837748,0.8132134393634247,0.7071795757916108,0.0520448367490302,0.987534115217231,0.9097704217832354,0.3013618458075408,1.2864772300088645,4.174981371636706,3.569099999664422,4.883715630033448,0.0496909732194451,0.0545038077991321,0.9855234473815772,0.9892685596277812,0.8959422621521381,0.9219211100152306,0.2971122695426126,0.305645773106872,0.874874974994999,0.0445377113936551,0.0425715700017862,0.046590239058683,0.988089073019161,1.1009113518971936,1.0523110239950355,1.151647030399845,3.739231334832522,2.944783235908866,4.748006849841395,0.9631607047517352,0.1288463702870005,0.9849541998908748,0.9905770273208536,0.9536380068353594,0.970787368220266,0.1257629458575943,0.1319939793195861
all,0.0,pop_normal,periop_infection,Cohen_m2,toward,46298,1873,0.0404553112445462,0.7013529884887906,0.6897825263263296,0.7129234506512515,0.0852440268659253,0.0800631649730452,0.0938732534600187,2.107115833336152,1.979052008500826,2.320418520390788,0.05,0.1114470842332613,0.0992661817432179,0.1249154096168818,0.9632812677625446,2.7548195973473217,2.4537243365443158,3.087738192441216,3.0351561026820644,2.6796231718755488,3.437861212851172,0.1377469300587293,0.9536972425436128,0.9614827614357592,0.9649988525567308,0.1228788287668956,0.1540979816362838,0.9517035845658018,0.9556124414275476,0.1,0.0971922246220302,0.088990614793465,0.1060617150056372,0.9658490928290294,2.4024589511749896,2.199726366101359,2.62170063071596,2.8459631873160616,2.57111750952532,3.150189142873337,0.2402562733582488,0.905908835115363,0.9640618437282716,0.9675504515152386,0.2214514483765038,0.2601244075721283,0.9031586957543256,0.9085887795613488,0.2,0.0863930885529157,0.080840933628468,0.0922882787708458,0.9710297532264162,2.135519067711102,1.99827738661549,2.281240112403963,2.9821316065451016,2.729070449607253,3.258658610310004,0.4271222637479979,0.8095666854248734,0.9692721482485522,0.9726896574517344,0.4048914895560238,0.4496513765015061,0.8058887401649577,0.8131910964788138,0.6888202514147479,0.0528362233859082,0.9869507878114804,0.8996262680192205,0.3200675295441755,1.3060392260121625,4.048997182557342,3.4870204712546227,4.70154342927004,0.0504343629558639,0.0553458018216278,0.9849635392908284,0.9886784164989012,0.8851885808779344,0.9124280107406658,0.3157451823240138,0.324420992974151,0.874874974994999,0.0446858412541661,0.0427165049171278,0.0467415357689824,0.9891248058001036,1.1045729195864304,1.0558936170065063,1.1553868782874268,4.108969498180707,3.201079268172762,5.274355591518017,0.9663641217298452,0.1289814293753517,0.9861110976504782,0.9914902223510894,0.957197189203888,0.9736219060250328,0.125896602735502,0.1321304172622464
all,24.0,all,mortality,Cohen_m2,any,32049,586,0.0182845018565321,0.4578472313597888,0.4346713928937964,0.4810230698257812,0.0160616546609128,0.0144196478159445,0.0181288709335559,0.8784299833235439,0.7886267796129828,0.9914883695384564,0.05,0.0106117353308364,0.0066358959539682,0.0169290683613166,0.9813117876966532,0.5803677570272654,0.3629246235985125,0.9258698155492104,0.5678304140913489,0.3514358664404007,0.917468619332948,0.0290102389078498,0.9496233671296443,0.9797288039986456,0.9827733292757268,0.0181899905793072,0.0459655386339594,0.9471511685625637,0.951985781998118,0.1,0.0106084243369734,0.0076014290774528,0.01478721110971,0.9808625710719734,0.5801866750437936,0.4157307175823975,0.8087292301281531,0.5543286079269257,0.3928198687678377,0.7822420147179734,0.0580204778156996,0.8992149508947017,0.9792161906393974,0.9823808808032024,0.0418138617212326,0.0799842617071589,0.8958395721980269,0.9024928540217052,0.2,0.0110764430577223,0.0087911938793088,0.013947378273767,0.9799134131596396,0.6057831460016081,0.4808002946040432,0.7627978264436204,0.5514348030231889,0.4309154727609502,0.705661228725271,0.1211604095563139,0.7985252518831644,0.9781228158134744,0.9815602171308934,0.0971780252151272,0.1500775091520656,0.7940568162493375,0.8029207971632522,0.8312895878186527,0.0170782974251182,0.9757721472165712,0.7764505119453925,0.167689031560881,0.9340313211222088,0.7049034670046893,0.5816865770351822,0.8542210142235717,0.0155906741441626,0.0187051688514663,0.9713235560542844,0.9795451590823776,0.7409791708968777,0.8083208445649005,0.1636015451886783,0.1718576576821937,0.76729383132079,0.0170794192997438,0.0155337840401355,0.0187759144618462,0.9777420219898096,0.9340926777090262,0.8495601445431833,1.0268759088527468,0.7673392116716224,0.6423387467235847,0.9166650288063772,0.7167235494880546,0.2317642945682229,0.9741397911716588,0.9808523383852056,0.6789208432716589,0.7517032429236858,0.2271346291440493,0.2364594546040951
all,24.0,all,mortality,Cohen_m2,toward,32049,586,0.0182845018565321,0.4536748783093072,0.4301131623690041,0.4772365942496103,0.0159844384898343,0.0147591399114862,0.0179608482763762,0.874206943960241,0.8071939846812701,0.9822990211767636,0.05,0.0106117353308364,0.0066358959539682,0.0169290683613166,0.9813117876966532,0.5803677570272654,0.3629246235985125,0.9258698155492104,0.5678304140913489,0.3514358664404007,0.917468619332948,0.0290102389078498,0.9496233671296443,0.9797288039986456,0.9827733292757268,0.0181899905793072,0.0459655386339594,0.9471511685625637,0.951985781998118,0.1,0.0106084243369734,0.0076014290774528,0.01478721110971,0.9808625710719734,0.5801866750437936,0.4157307175823975,0.8087292301281531,0.5543286079269257,0.3928198687678377,0.7822420147179734,0.0580204778156996,0.8992149508947017,0.9792161906393974,0.9823808808032024,0.0418138617212326,0.0799842617071589,0.8958395721980269,0.9024928540217052,0.2,0.0110764430577223,0.0087911938793088,0.013947378273767,0.9799134131596396,0.6057831460016081,0.4808002946040432,0.7627978264436204,0.5514348030231889,0.4309154727609502,0.705661228725271,0.1211604095563139,0.7985252518831644,0.9781228158134744,0.9815602171308934,0.0971780252151272,0.1500775091520656,0.7940568162493375,0.8029207971632522,0.8196199569409341,0.0166362113598294,0.9742259124718908,0.7457337883959044,0.1790039093538442,0.9098531362989318,0.6454626702763359,0.537119863355551,0.7756593772523944,0.0151586160987183,0.0182551663595315,0.9698153695865288,0.9780066070774478,0.7089550658455983,0.7793116145648713,0.1748071570509787,0.1832790386732212,0.76729383132079,0.0168354275954617,0.0153012247884567,0.0185205665257023,0.9769375167605256,0.9207484965988972,0.8368412171420659,1.0129106426318015,0.7299919709706614,0.6122421648136258,0.8703880724122436,0.7064846416382252,0.2315735943807011,0.9732773312260448,0.9801066162434376,0.668365408278416,0.7419142328998257,0.2269452921606008,0.2362674377754089
all,24.0,pop_normal,mortality,Cohen_m2,any,24206,392,0.0161943319838056,0.5323616660067907,0.5031028953370728,0.5616204366765086,0.0200913650995089,0.0171787445969188,0.0254665316176285,1.2406417948946773,1.06078747885974,1.5725583273885635,0.05,0.0289256198347107,0.0208708451671721,0.0399621333697308,0.9844755609671249,1.7861570247933884,1.2887746890728795,2.4676617355808808,1.8632312429103872,1.3231274825736767,2.623806632603954,0.0892857142857142,0.9506592760561016,0.982794859938788,0.9859944207665192,0.0648986171083783,0.1216446870819846,0.947835075218755,0.9533381024549096,0.1,0.0231309376290788,0.0178557770202238,0.0299170754415616,0.9845765434932292,1.4283353985956218,1.1025942309988248,1.8473794085164328,1.499724631694892,1.1337303349409011,1.983870327532185,0.1428571428571428,0.9006886705299404,0.9828526100323264,0.9861296051580396,0.1116768553900527,0.180969496079828,0.8968251727517178,0.9044229134728544,0.2,0.0190043379467052,0.0155220399905356,0.0232494236626827,0.9845081332300544,1.173517868209048,0.9584859694155736,1.4356519111706572,1.2267300144598223,0.9732642364267846,1.5462055134189674,0.2346938775510204,0.8005794910556815,0.9826701184790696,0.9861539540973722,0.195438620715371,0.279098668947969,0.7954562933151096,0.8056057273509444,0.3629678592084607,0.017300250398361,0.9844357976653696,0.3877551020408163,0.6374401612496851,1.0682904620987934,1.111541088094696,0.9087074672264968,1.3596494307389515,0.0147772115287659,0.0202452170892878,0.9823579013197604,0.9862723781820726,0.3408325686252212,0.4368562846938842,0.6313125488584843,0.6435234379590618,0.76729383132079,0.0169062617778495,0.0151495517632267,0.0188627746378337,0.98615302680632,1.0439616647822108,0.9354848213792536,1.164776333886236,1.2209355460849567,0.9545198073184956,1.5617105022487745,0.8010204081632653,0.2332661459645586,0.9827531488702564,0.988890262220096,0.7586609182234506,0.837537156966221,0.2279380214367953,0.2386803139542671
all,24.0,pop_normal,mortality,Cohen_m2,toward,24206,392,0.0161943319838056,0.5107968987544628,0.4800237000010265,0.541570097507899,0.0195796191578204,0.0168368622104888,0.0252591845911212,1.2090414829954148,1.0396762414976846,1.5597546485017373,0.05,0.028099173553719,0.0201766764721918,0.0390086406235477,0.9844320751435032,1.7351239669421488,1.245909772157849,2.408783558504076,1.8049402096126324,1.2758001305628033,2.5535419555407564,0.086734693877551,0.9506172839506172,0.9827491837399333,0.9859531398447648,0.0627306158895728,0.1187601622398607,0.9477919810274068,0.9532972259811744,0.1,0.0231309376290788,0.0178557770202238,0.0299170754415616,0.9845765434932292,1.4283353985956218,1.1025942309988248,1.8473794085164328,1.499724631694892,1.1337303349409011,1.983870327532185,0.1428571428571428,0.9006886705299404,0.9828526100323264,0.9861296051580396,0.1116768553900527,0.180969496079828,0.8968251727517178,0.9044229134728544,0.2,0.0192109068374302,0.0157081281596652,0.0234761456873889,0.984559772785954,1.18627349721132,0.9699769138593274,1.449651996196267,1.2442114077151756,0.9880018159449928,1.566861519994177,0.2372448979591837,0.8006214831611657,0.9827245985283042,0.9862027326756436,0.1978104172410916,0.2817793984831778,0.7954986797935469,0.8056473115375903,0.3327274229529868,0.0168860193692575,0.9841505695889052,0.3469387755102041,0.6675065087763501,1.0427116960516514,1.0654022845790911,0.8668440883626614,1.3094419668136017,0.0142936569787886,0.0199390338201965,0.9821061300694292,0.9859647626286028,0.3015086996135602,0.3953397367306744,0.6614963589590256,0.6734626240581426,0.76729383132079,0.0157755882194583,0.0140810433670864,0.0176704035527172,0.9824249955618676,0.9741425725515532,0.8695044279175864,1.0911474193802884,0.8976150347495849,0.7161222262922832,1.125105074283296,0.7474489795918368,0.2323843117493911,0.9786501675544904,0.9855422624758304,0.702178529475365,0.787916498434789,0.2270634079555489,0.2377915434687649
all,24.0,all,prolonged_los,Cohen_m2,any,32068,22988,0.7168516901584133,0.427335297136449,0.4199076012786156,0.4347629929942824,0.6468976267273067,0.6409152321816428,0.6530248103375399,0.90241487271147,0.8940694999826397,0.910962224547774,0.05,0.3980037429819089,0.3743126417868244,0.4221825447953503,0.2663712456917774,0.5552107199383964,0.522161901723503,0.5889398749998823,0.5425138268431255,0.5106212580353632,0.5763983533478145,0.0277536105794327,0.8937224669603524,0.261436864388442,0.2713645401782482,0.0257077223321896,0.0299573097372727,0.8872159024461437,0.899896017250915,0.1,0.4540068599937636,0.4368402823472782,0.4712834942974495,0.253941304875091,0.6333344347607454,0.6093872531021628,0.6574351442113543,0.6085404043414459,0.5855292191004122,0.6324559247188382,0.0633373934226552,0.80715859030837,0.2489525477606405,0.2589955575218775,0.0602611010377639,0.0665596056602154,0.7989142891683885,0.8151430937784916,0.2,0.5369504209541628,0.5247287723013749,0.5491278339445629,0.2381694862399626,0.7490397641881892,0.7319907025474375,0.7660271175802263,0.7048161123187726,0.6882846743599982,0.7217446075580087,0.1498172959805115,0.6729074889867841,0.2329963750097528,0.243421002202522,0.1452621926626814,0.1544894201006911,0.6631861555362749,0.6824825756313843,0.8313895472121742,0.7052248602828101,0.2258183835768448,0.817904993909866,0.1344713656387665,0.9837807038258723,0.9109294838865633,0.89615291098989,0.9259497061692878,0.699722587299569,0.7106679998322142,0.2148703326549745,0.2371557625092231,0.8128630977237127,0.8228406555589302,0.1276084511029645,0.1416434477852767,0.7674317076213047,0.7125558715969118,0.7068686419848755,0.7181767519856455,0.2689729149906141,0.9940073816934822,0.9860737607086736,1.00184844626221,0.9747325184097154,0.959366354013588,0.9903448025569276,0.7628327823212111,0.2209251101321586,0.2590298530037683,0.2791538575697715,0.757290609648048,0.768287123977257,0.2125106579374337,0.2295756065346373
all,24.0,all,prolonged_los,Cohen_m2,toward,32068,22988,0.7168516901584133,0.424291854244582,0.4169192200039726,0.4316644884851915,0.6461857569568359,0.6401026148958193,0.6531320732098482,0.9014218224330874,0.8929359080598197,0.9111118550414744,0.05,0.3980037429819089,0.3743126417868244,0.4221825447953503,0.2663712456917774,0.5552107199383964,0.522161901723503,0.5889398749998823,0.5425138268431255,0.5106212580353632,0.5763983533478145,0.0277536105794327,0.8937224669603524,0.261436864388442,0.2713645401782482,0.0257077223321896,0.0299573097372727,0.8872159024461437,0.899896017250915,0.1,0.4540068599937636,0.4368402823472782,0.4712834942974495,0.253941304875091,0.6333344347607454,0.6093872531021628,0.6574351442113543,0.6085404043414459,0.5855292191004122,0.6324559247188382,0.0633373934226552,0.80715859030837,0.2489525477606405,0.2589955575218775,0.0602611010377639,0.0665596056602154,0.7989142891683885,0.8151430937784916,0.2,0.5369504209541628,0.5247287723013749,0.5491278339445629,0.2381694862399626,0.7490397641881892,0.7319907025474375,0.7660271175802263,0.7048161123187726,0.6882846743599982,0.7217446075580087,0.1498172959805115,0.6729074889867841,0.2329963750097528,0.243421002202522,0.1452621926626814,0.1544894201006911,0.6631861555362749,0.6824825756313843,0.8197268304852189,0.7042264237075361,0.2257394914374675,0.8052897163737602,0.1437224669603524,0.9823878960959312,0.9095471303514892,0.8951347225103562,0.9241915898542946,0.6986796706820821,0.7097134938790708,0.2151465621172056,0.2366966828214284,0.8001199880564862,0.8103574258101787,0.136657319960745,0.1510889569007978,0.7674317076213047,0.710646078829744,0.7049480048274744,0.7162783997496963,0.2626709573612228,0.9913432423835143,0.9833944935969832,0.9992002663638968,0.96381132131519,0.9487804122091932,0.9790803553083004,0.7607882373412215,0.2157488986784141,0.2528068959476851,0.2727793882746977,0.755230166371974,0.7662591605203963,0.2074091752248284,0.2243290444288476
all,24.0,pop_normal,prolonged_los,Cohen_m2,any,24225,18551,0.7657791537667699,0.558137873191923,0.5496566258819018,0.5666191205019442,0.797221330426857,0.7898793939168298,0.803804540016571,1.041059065796486,1.0314715280920277,1.0496558127271538,0.05,0.8199834847233691,0.7973429087906153,0.8406003424118459,0.237073085947684,1.0707832417348724,1.0412178300605173,1.0977059616692884,1.0747864174406891,1.0457841075573793,1.104593036714904,0.053528111692092,0.9615791328868524,0.2316225682557038,0.2426113668670402,0.0503805189536977,0.0568605797792604,0.9562574255687708,0.9662762358141038,0.1,0.8183319570602807,0.8024759057594645,0.8331797776124422,0.2400587075173141,1.068626578609525,1.0479208030307277,1.0880157464644178,1.076835757123864,1.05530880239993,1.0988018342910415,0.1068406015848202,0.9224532957349312,0.2344352892151021,0.2457737108814547,0.1024763755934239,0.1113676272570234,0.9152046559329556,0.9291302758481635,0.2,0.8134158926728586,0.8021992133526522,0.8241359509059617,0.2461300309597523,1.0622068891164895,1.0475594816165166,1.0762057792408453,1.0789869952087612,1.0621755906889436,1.096064479390366,0.2124413778232979,0.8406767712372224,0.2401160312279026,0.2522446574809857,0.206615044064789,0.218386784029502,0.8309238850279985,0.8499686569548563,0.3631785345717234,0.8057513071152534,0.257016918389836,0.3821357339226995,0.6988015509340852,1.052198017080859,1.0844813658058816,1.0695808861432428,1.0995894261172148,0.7973516692674211,0.813884052129792,0.2501821877870999,0.2639726331657637,0.3751683935838054,0.3891518795679738,0.6867327876718806,0.7106012978721753,0.7674317076213047,0.7802162336614491,0.7742060306740141,0.786110654142489,0.2818601348952786,1.0188527982560835,1.0110043174533982,1.0265500833702657,1.0864404993694028,1.067005363387722,1.106229639673449,0.7818985499433992,0.2798731053930208,0.2702637002599093,0.2937538485836055,0.7758979088210316,0.7877824623441956,0.2683436016326936,0.2917004827249961
all,24.0,pop_normal,prolonged_los,Cohen_m2,toward,24225,18551,0.7657791537667699,0.539561009179184,0.5312422510725847,0.5478797672857834,0.7921710343869446,0.7855045773522046,0.7984421210670483,1.0344640886218388,1.0257586322223684,1.0426532468788337,0.05,0.8208092485549133,0.798204655151848,0.8413849012150068,0.2371165377596245,1.071861573297546,1.0423431497522246,1.0987304852532769,1.075930059021631,1.0469712249779477,1.1056898836266236,0.053582017141933,0.9617553753965457,0.2316656658806357,0.2426551583620681,0.0504328761028562,0.0569160112085827,0.956444543077172,0.9664413648354404,0.1,0.8199834847233691,0.8041792005623748,0.8347743073665849,0.2402421685089208,1.0707832417348724,1.0501450667685586,1.0900979783276117,1.0792695392347489,1.0577949454736482,1.1011800947852093,0.1070562233841841,0.9231582657737046,0.2346172369753049,0.2459586204656919,0.1026880083439683,0.1115871488204021,0.9159381536315966,0.9298057642684732,0.2,0.8132094943240454,0.8019883121514948,0.8239343824566361,0.246078431372549,1.061937361867285,1.0472840742747,1.0759425591618783,1.0786393812880708,1.0618256385640623,1.0957193654119115,0.2123874723734569,0.8405005287275291,0.2400648699437213,0.2521926400433598,0.2065616949985756,0.2183323445172345,0.8307435005542106,0.8497967948989066,0.3329205366357069,0.8048357098574086,0.2537128712871287,0.3499002749177942,0.7225942897426859,1.0510023756830211,1.0784531568238576,1.0634477512246936,1.0936702909230216,0.7960415860254257,0.8133395672742003,0.2470629191371326,0.2604798917253543,0.3430686671375614,0.3567940360827128,0.7107969078932816,0.7340904591653554,0.7674317076213047,0.7701576031413049,0.7640541879716541,0.7761493919286983,0.2486687965921192,1.0057176398090728,0.9977474369906378,1.0135420742532864,1.0250573909988452,1.0078278597740842,1.0425814732655785,0.7718182308231362,0.2469157560803666,0.2375557163780235,0.2601243887175152,0.7657232418222456,0.777800665167076,0.2358691005391682,0.258304882757583
all,24.0,all,unplanned_icu,Cohen_m2,any,23451,193,0.0082299262291586,0.3463221970088179,0.3090061559821045,0.3836382380355313,0.0108792348351461,0.0050920692356139,0.0232331416013938,1.3219115861088693,0.6187259877947292,2.823007273027389,0.05,0.0017050298380221,0.0004676954841237,0.0061955631906205,0.9914265194362152,0.2071743768469316,0.0568286362600348,0.7528090797059201,0.1988725378610356,0.0494387911596587,0.799984898246489,0.0103626943005181,0.9496517327371228,0.9901282629864406,0.9925553227365634,0.0028463803033692,0.0369907272999016,0.9467664796219633,0.9523884694857634,0.1,0.0021321961620469,0.0009110665330935,0.0049818808670206,0.9910925803089168,0.2590784051614613,0.1107016645988381,0.6053372446243606,0.2393730435966066,0.0985861005562366,0.5812122974477268,0.0259067357512953,0.8993894573910053,0.9897325676188432,0.9922738534999206,0.0111152895526936,0.0592031797139653,0.8954572236522286,0.9031897759903106,0.2,0.003411513859275,0.0021010360116798,0.0055348416029376,0.9905655348862,0.4145254482583382,0.2552922047145248,0.6725262716605686,0.3616011949935552,0.2169952835265523,0.6025726554778661,0.082901554404145,0.79903689053229,0.9890782670501816,0.991851942347376,0.0516709624127365,0.1304124996196793,0.7938376439218733,0.8041373676524468,0.8208178755703381,0.0063899423346667,0.9833412660637793,0.6373056994818653,0.1776593000257975,0.7764276564262675,0.3835791098609947,0.2865750602989041,0.5134184857827131,0.0053585824969752,0.0076182863305333,0.9790065267023896,0.986793041212864,0.5674077532244536,0.7018442748021424,0.1728002953849151,0.1826247712185819,0.7642318024817705,0.0060819105010601,0.0050446666612002,0.0073308527119041,0.9848073792729246,0.7389993946132724,0.6129662065896702,0.8907555800355641,0.4003200376233519,0.3016601508808151,0.5312472729819676,0.5647668393782384,0.2341129933786224,0.9812301332498466,0.98771139581905,0.4942295937145469,0.6327760798829041,0.2287150948245951,0.2395987122817176
all,24.0,all,unplanned_icu,Cohen_m2,toward,23451,193,0.0082299262291586,0.336910203497866,0.2986653203591315,0.3751550866366006,0.0108037034474432,0.0050873389471953,0.0246577120507065,1.3127339354714618,0.6181512209879751,2.9961036544099486,0.05,0.0017050298380221,0.0004676954841237,0.0061955631906205,0.9914265194362152,0.2071743768469316,0.0568286362600348,0.7528090797059201,0.1988725378610356,0.0494387911596587,0.799984898246489,0.0103626943005181,0.9496517327371228,0.9901282629864406,0.9925553227365634,0.0028463803033692,0.0369907272999016,0.9467664796219633,0.9523884694857634,0.1,0.0021321961620469,0.0009110665330935,0.0049818808670206,0.9910925803089168,0.2590784051614613,0.1107016645988381,0.6053372446243606,0.2393730435966066,0.0985861005562366,0.5812122974477268,0.0259067357512953,0.8993894573910053,0.9897325676188432,0.9922738534999206,0.0111152895526936,0.0592031797139653,0.8954572236522286,0.9031897759903106,0.2,0.003411513859275,0.0021010360116798,0.0055348416029376,0.9905655348862,0.4145254482583382,0.2552922047145248,0.6725262716605686,0.3616011949935552,0.2169952835265523,0.6025726554778661,0.082901554404145,0.79903689053229,0.9890782670501816,0.991851942347376,0.0516709624127365,0.1304124996196793,0.7938376439218733,0.8041373676524468,0.8101999914715791,0.006,0.9822511795102224,0.5906735751295337,0.1879783300369765,0.7290466321243523,0.3380506329113924,0.2542029224494306,0.4495551400850898,0.0049973249881055,0.0072023978300429,0.977935717112623,0.9857349103682732,0.5201891611214713,0.6576187819149599,0.1830088085565969,0.19305090977628,0.7642318024817705,0.0059145184689208,0.0048929166605995,0.0071478903941721,0.984264785675529,0.7186599617340079,0.5945274021125351,0.8685242364442064,0.3758778461455579,0.2835325298568275,0.4982996317719399,0.5492227979274611,0.2339840055034826,0.9806321066809656,0.9872249886676522,0.4787446236115389,0.6177796883225237,0.228587169239764,0.2394687047199314
all,24.0,pop_normal,unplanned_icu,Cohen_m2,any,17172,132,0.0076869322152341,0.4603219696969697,0.4118705134079169,0.5087734259860225,0.0068082822753855,0.0057315986278727,0.0086636379695715,0.88569563055243,0.7456288760441695,1.1270605394960778,0.05,0.0034924330616996,0.0011884164608494,0.0102176168133923,0.9920921964077728,0.4543337919356545,0.1546021777705068,1.3292190599967622,0.4416438801202046,0.1408749894351715,1.384556035316605,0.0227272727272727,0.9497652582159624,0.990612339560968,0.9933403391241028,0.0077588436424278,0.0646902441186114,0.9463830061309808,0.9529447604448364,0.1,0.0052417006406523,0.0027600950170873,0.0099322992160599,0.9920414105467488,0.6818976015248583,0.3590632699501855,1.2921018343801602,0.6586218162705798,0.3353499706288621,1.2935223940950706,0.0681818181818181,0.8997652582159624,0.9905130914732064,0.9933251800826648,0.03628192294568,0.1245053469333554,0.8951656074161974,0.904184698679114,0.2,0.005824111822947,0.0037734119654696,0.0089792407454638,0.9918474304847869,0.757664001694287,0.4908865929624657,1.168117591523521,0.7143897162825527,0.4445694589701734,1.1479705958940063,0.1515151515151515,0.7996478873239437,0.9902001583988196,0.993219705791727,0.1002740451855264,0.2224665585765022,0.7935707405311774,0.8055899557287551,0.3350803633822501,0.0059089329162321,0.9914170607812226,0.2575757575757575,0.6643192488262911,0.7686984548298417,0.6884509799748888,0.4666689241382564,1.0156338408510932,0.0042316537152121,0.0082455217597088,0.9895519813716654,0.9929515756729358,0.1905735497594382,0.3382894789445816,0.6571924788903428,0.6713719452239953,0.7642318024817705,0.006934390002286,0.0056517620622326,0.0085056114829771,0.9898740429735736,0.9021010993883052,0.7352428646413609,1.1065027301945738,0.6848132955916163,0.4744566135868515,0.9884344245381742,0.6893939393939394,0.2352112676056338,0.9862925567110729,0.9925268474324298,0.6060360765197472,0.7620396823052373,0.2289031234771758,0.241638775950005
all,24.0,pop_normal,unplanned_icu,Cohen_m2,toward,17172,132,0.0076869322152341,0.4398852077109119,0.3891882267362198,0.490582188685604,0.0065885355359879,0.0056667111633069,0.0082477846706548,0.8571085774544311,0.7371876067902096,1.0729618057915509,0.05,0.0034924330616996,0.0011884164608494,0.0102176168133923,0.9920921964077728,0.4543337919356545,0.1546021777705068,1.3292190599967622,0.4416438801202046,0.1408749894351715,1.384556035316605,0.0227272727272727,0.9497652582159624,0.990612339560968,0.9933403391241028,0.0077588436424278,0.0646902441186114,0.9463830061309808,0.9529447604448364,0.1,0.0052417006406523,0.0027600950170873,0.0099322992160599,0.9920414105467488,0.6818976015248583,0.3590632699501855,1.2921018343801602,0.6586218162705798,0.3353499706288621,1.2935223940950706,0.0681818181818181,0.8997652582159624,0.9905130914732064,0.9933251800826648,0.03628192294568,0.1245053469333554,0.8951656074161974,0.904184698679114,0.2,0.0061153174140943,0.0040033136749581,0.0093310994056212,0.9919202212840296,0.7955472017790014,0.5207947153513685,1.2138912044949146,0.7568669426561098,0.4754561023474538,1.204837977801327,0.1590909090909091,0.799706572769953,0.9902795713155944,0.9932858337753796,0.1064720940297223,0.2309915400853057,0.7936300722403918,0.8056479684567243,0.3045073375262054,0.0055459934978007,0.9913757012475928,0.2196969696969697,0.6948356807511737,0.7214833359411673,0.6430660227595542,0.4264540017964328,0.9697034331622738,0.0038643172636615,0.0079536594165422,0.9895520847851772,0.9928833063394528,0.1575462484293127,0.2977016285097103,0.6878784081302753,0.7017051233195828,0.7642318024817705,0.0071629962660976,0.0058573799966248,0.0087570722719239,0.9906149666584342,0.931840696071436,0.7619918886518302,1.1392154928293745,0.763236102142883,0.5244966474560612,1.1106445588159104,0.7121212121212122,0.2353873239436619,0.9871451530419824,0.9931546938604972,0.6297449765987901,0.7824998732851924,0.2290774911882747,0.2418164415504572
all,24.0,all,periop_infection,Cohen_m2,any,31525,537,0.0170340999206978,0.4693999407231345,0.4459702699182252,0.4928296115280438,0.0152990004849,0.0137865785037632,0.0172204425919934,0.8981396467159657,0.8093517454956005,1.0109393905262476,0.05,0.0095177664974619,0.0057762802528196,0.0156446014355723,0.9825703696283682,0.5587478376768852,0.3391009962199998,0.91842841760972,0.546068177840014,0.3276545689682152,0.9100756805818866,0.0279329608938547,0.949625661546405,0.9810251354035976,0.9839918197823836,0.0169993810914435,0.0455727287462612,0.947134210133881,0.9520056460791168,0.1,0.008248730964467,0.0056353816435884,0.0120592960614015,0.9819899199943608,0.4842481259866338,0.330829434476959,0.707950294852296,0.4580063476611005,0.3093767732821916,0.678039958437745,0.0484171322160148,0.8991222408674325,0.9803759553003994,0.9834733830276547,0.0332523361251748,0.0699971180588227,0.8957193570011608,0.9024261781773616,0.2,0.0115781126090404,0.009219021229696,0.014532026823246,0.9816019032513876,0.6797020484171322,0.5412097658587864,0.8531138651821804,0.6293103448275862,0.4924461703862369,0.8042127930376608,0.1359404096834264,0.7988898928617529,0.9798684754586554,0.9831886347636036,0.1095261510203303,0.1675265017341915,0.7943900404811078,0.8033156473280348,0.8317208564631245,0.0167048054919908,0.9813383600377004,0.8156424581005587,0.1680005163289015,0.980668516080096,0.8951413447980955,0.7211666086858421,1.1110858676985682,0.0152227798821033,0.0183284294876176,0.9773330997189072,0.9846470053194496,0.7806421799256092,0.8461587170468131,0.1638790141757765,0.1722043246084537,0.7682157018239493,0.016640515319184,0.0151043664794815,0.0183299864229005,0.9816614205556315,0.9768943118012626,0.8867135070123929,1.0760760185883451,0.9074048166961048,0.7476209882502587,1.1013381302875784,0.750465549348231,0.2314767006583193,0.9783222834040334,0.9844943641348766,0.7121717912308968,0.7852011919124119,0.2268140140438709,0.2362059569926357
all,24.0,all,periop_infection,Cohen_m2,toward,31525,537,0.0170340999206978,0.466794829451612,0.443108205100828,0.4904814538023961,0.0152508366094184,0.0138377628899653,0.0171995148543649,0.8953121491842012,0.8123565644434944,1.0097108115155595,0.05,0.0095177664974619,0.0057762802528196,0.0156446014355723,0.9825703696283682,0.5587478376768852,0.3391009962199998,0.91842841760972,0.546068177840014,0.3276545689682152,0.9100756805818866,0.0279329608938547,0.949625661546405,0.9810251354035976,0.9839918197823836,0.0169993810914435,0.0455727287462612,0.947134210133881,0.9520056460791168,0.1,0.008248730964467,0.0056353816435884,0.0120592960614015,0.9819899199943608,0.4842481259866338,0.330829434476959,0.707950294852296,0.4580063476611005,0.3093767732821916,0.678039958437745,0.0484171322160148,0.8991222408674325,0.9803759553003994,0.9834733830276547,0.0332523361251748,0.0699971180588227,0.8957193570011608,0.9024261781773616,0.2,0.0115781126090404,0.009219021229696,0.014532026823246,0.9816019032513876,0.6797020484171322,0.5412097658587864,0.8531138651821804,0.6293103448275862,0.4924461703862369,0.8042127930376608,0.1359404096834264,0.7988898928617529,0.9798684754586554,0.9831886347636036,0.1095261510203303,0.1675265017341915,0.7943900404811078,0.8033156473280348,0.8202696272799366,0.0165126261649715,0.9805859512883868,0.7951582867783985,0.1792952110494385,0.9693864801689552,0.8505503622793542,0.6911059836906193,1.0467799958991446,0.0150296433254302,0.0181392409475182,0.9766541354907042,0.983866525262852,0.7589832802091316,0.8271402724169976,0.1750639694886672,0.1836059586642954,0.7682157018239493,0.0165166405153191,0.0149864100274554,0.0182002325604475,0.9812508553441904,0.9696221457084494,0.8797887823380476,1.0684587178177096,0.8809276806236298,0.7268530877464424,1.067662216163883,0.74487895716946,0.2313798889892862,0.9778784754782612,0.9841174731140324,0.7063586106326585,0.7799205513252974,0.2267179006611995,0.2361084710378607
all,24.0,pop_normal,periop_infection,Cohen_m2,any,23836,401,0.0168232924987414,0.5100198618027153,0.4804084956581573,0.5396312279472733,0.0195702093117809,0.0166067260177225,0.0253012327827704,1.163280571460376,0.9871269859312592,1.5039406100002874,0.05,0.0268456375838926,0.0190793022746531,0.0376519571162226,0.983704292527822,1.5957421881537766,1.1341003716175388,2.238084912275022,1.647405467343264,1.1534242204046117,2.3529458856694103,0.0798004987531172,0.9505013868145936,0.9819712396440125,0.985273250444615,0.0570912179948101,0.1104844461661851,0.947649664502012,0.9532054357773464,0.1,0.0218120805369127,0.0166722458874806,0.0284905488305609,0.983731120641432,1.2965405278749436,0.9910215784887478,1.6935180097886575,1.3407242168419835,1.0049620999592863,1.7886658867029648,0.1296758104738154,0.9004907190100278,0.9819495166566676,0.9853395035978442,0.1002764487332103,0.16610329089829,0.8965922176768383,0.9042579403787544,0.2,0.0197189007761694,0.0161414690653719,0.0240698009964972,0.9839005716083696,1.172118999752559,0.9594714629481452,1.4307425849189708,1.224819931272887,0.9742765689612062,1.5397926131415087,0.2344139650872818,0.8005973970556859,0.9820142520907786,0.9855919592458688,0.1955903283510508,0.2782779697685099,0.795432717202066,0.8056635417529839,0.3623510656150361,0.017946046080815,0.9838147246529376,0.3865336658354115,0.6380627266908471,1.0667380408536375,1.1087884324484092,0.9084741920135212,1.3532710106013697,0.0153529929281293,0.0209677284238278,0.981682842447349,0.9857020969576632,0.3401627496675466,0.4350579786370545,0.6318877732155371,0.6441924235122739,0.7682157018239493,0.0164928185243842,0.0147468987093531,0.0184415728742612,0.9820814479638008,0.9803561654544216,0.8765762534567139,1.0961928454635714,0.9204325489618482,0.7349893663699087,1.1526644002656556,0.7531172069825436,0.2315340302965649,0.9782337297864628,0.9852592377096576,0.7086427693370626,0.7927879136757502,0.2261776785364702,0.2369783846027593
all,24.0,pop_normal,periop_infection,Cohen_m2,toward,23836,401,0.0168232924987414,0.495973688565018,0.4656182486863132,0.5263291284437228,0.0191811471680328,0.0164927985224759,0.0244045324308143,1.1401541743073096,0.98035497651306,1.4506394888301497,0.05,0.0260067114093959,0.0183810930275643,0.0366777040572669,0.9836601307189542,1.5458752447739712,1.0925978389152695,2.180173949897795,1.5916107382550335,1.108411367672689,2.28545539680606,0.0773067331670823,0.9504587155963304,0.9819248926128308,0.985231288839798,0.0549937389928992,0.1076417213945707,0.9476058665401994,0.9531639052901628,0.1,0.0205536912751677,0.0155819983548032,0.0270680668756542,0.9835912735409286,1.2217401128052354,0.926215742606211,1.608963695880535,1.2526073444173278,0.9318197730448476,1.6838290028566656,0.1221945137157107,0.9003627053552379,0.9818025660122696,0.98520681011959,0.0936752542585287,0.1578838740523958,0.8964620340308198,0.9041321386777836,0.2,0.0192993496958254,0.0157633844483962,0.0236094591186591,0.9837956893387172,1.1471802976301642,0.9369975853166396,1.4033792208288245,1.1910009687692422,0.9457120389164824,1.49991038417408,0.2294264339152119,0.8005120546191594,0.9819036872840208,0.9854928017635264,0.1909552165162157,0.2730326740562945,0.7953465671200328,0.8055790349370247,0.3321027017956033,0.0179383527033855,0.9837311557788944,0.3541147132169576,0.6682739492212503,1.0662807357553563,1.1026199808413049,0.9001548027158348,1.350624157625341,0.015239644810313,0.0211047184405882,0.9816460567037452,0.9855828561987794,0.3088916436801799,0.4021064355685929,0.6622185586743016,0.6742741799429516,0.7682157018239493,0.0158920867238272,0.0141795861661337,0.0178076738274225,0.9800904977375564,0.944647828302108,0.842854403630831,1.058513000873925,0.7982161740831393,0.6423144934719893,0.9919580938051958,0.7256857855361596,0.2310646468956688,0.9760596806957472,0.9834541530881684,0.68002926445897,0.767059177045065,0.2257122006061693,0.2365052495940999
all,0.0,all,mortality,Cohen_m3,any,49990,906,0.0181236247249449,0.7800683353472706,0.7681158943990516,0.7920207762954896,0.0451500828490593,0.0415697724174701,0.0492263542878958,2.4912280812632197,2.293678723122887,2.7161428817350037,0.05,0.034,0.02758033053456,0.0418496206252896,0.9827121499263004,1.8760044150110375,1.5217888779499529,2.3091197958700125,1.9666991473812423,1.5788266910043909,2.449860746811602,0.0938189845474613,0.9507986309184256,0.9815002028174796,0.9838460074583384,0.0765101595368659,0.1145578241649124,0.948849643070764,0.9526770600303964,0.1,0.0664132826565313,0.0598381446024725,0.0736543089663152,0.987241892823009,3.664459161147904,3.301665395891394,4.063994376629249,5.2055749128919855,4.562102268225708,5.939807698407725,0.3664459161147902,0.904918099584386,0.986162456623421,0.9882381288872524,0.3356956846916232,0.3983239512537985,0.90229130513484,0.9074815164919312,0.2,0.0484096819363872,0.0443731908528172,0.0527930750076618,0.9894478895779156,2.6710816777041946,2.448361822000369,2.912942405775958,4.587677725118483,4.033713712075958,5.217719553705394,0.5342163355408388,0.8061690163800831,0.9883983586650438,0.990403397565534,0.5016581953717447,0.5664855342620727,0.8026479887187101,0.8096421226476855,0.8881976395279055,0.0202698137429337,0.9989264626945786,0.9933774834437086,0.1137437861624969,1.118419413917502,18.88133150154276,8.464037885357937,42.11992953007378,0.0189999122992708,0.0216227210669069,0.9976596171565314,0.9995079049846284,0.9856271655418998,0.9969614520812118,0.1109651050078314,0.1165829239118185,0.874874974994999,0.0205556190693952,0.019267289003165,0.0219281687201597,0.998880895283773,1.134189180219721,1.063103506918565,1.2099218038860784,18.36791389700959,8.735442035194197,38.62200213437256,0.9922737306843268,0.1272919892429304,0.997691576380456,0.9994578002709678,0.9841379403142454,0.9962524924819688,0.1243724927017697,0.1302698218219961
all,0.0,all,mortality,Cohen_m3,toward,49990,906,0.0181236247249449,0.780159767559797,0.7682297725733587,0.7920897625462353,0.045152025819527,0.041623289605869,0.0489948856379996,2.4913352877683828,2.296631619643924,2.7033712285249463,0.05,0.034,0.02758033053456,0.0418496206252896,0.9827121499263004,1.8760044150110375,1.5217888779499529,2.3091197958700125,1.9666991473812423,1.5788266910043909,2.449860746811602,0.0938189845474613,0.9507986309184256,0.9815002028174796,0.9838460074583384,0.0765101595368659,0.1145578241649124,0.948849643070764,0.9526770600303964,0.1,0.0664132826565313,0.0598381446024725,0.0736543089663152,0.987241892823009,3.664459161147904,3.301665395891394,4.063994376629249,5.2055749128919855,4.562102268225708,5.939807698407725,0.3664459161147902,0.904918099584386,0.986162456623421,0.9882381288872524,0.3356956846916232,0.3983239512537985,0.90229130513484,0.9074815164919312,0.2,0.0484096819363872,0.0443731908528172,0.0527930750076618,0.9894478895779156,2.6710816777041946,2.448361822000369,2.912942405775958,4.587677725118483,4.033713712075958,5.217719553705394,0.5342163355408388,0.8061690163800831,0.9883983586650438,0.990403397565534,0.5016581953717447,0.5664855342620727,0.8026479887187101,0.8096421226476855,0.8863172634526906,0.0203128173877716,0.9989442196023228,0.9933774834437086,0.115658870507701,1.1207922088462543,19.23962353578441,8.624591299858903,42.91949623221745,0.0190402470870897,0.0216685621989879,0.9976982952856194,0.999516045975442,0.9856271655418998,0.9969614520812118,0.1128595575251801,0.1185183403370065,0.874874974994999,0.0205556190693952,0.019267289003165,0.0219281687201597,0.998880895283773,1.134189180219721,1.063103506918565,1.2099218038860784,18.36791389700959,8.735442035194197,38.62200213437256,0.9922737306843268,0.1272919892429304,0.997691576380456,0.9994578002709678,0.9841379403142454,0.9962524924819688,0.1243724927017697,0.1302698218219961
all,0.0,pop_normal,mortality,Cohen_m3,any,46298,901,0.0194608838394747,0.7744045704370056,0.760201753681831,0.7886073871921803,0.062553842907563,0.0557148876666526,0.0698887644196506,3.214337201924921,2.8629166139741216,3.591243080023292,0.05,0.0842332613390928,0.073596503835795,0.0962476114327942,0.9839483436782394,4.328336885102466,3.7817657431627514,4.94569579813042,5.24763673297071,4.503357767743606,6.114924174683369,0.2164261931187569,0.9533008789127034,0.9827308508478808,0.9850813050492137,0.1907704221305478,0.2444898488384261,0.9513212871181712,0.9552037584439796,0.1,0.0723542116630669,0.0652408444865805,0.0801766423778819,0.9864164346740903,3.717930401305965,3.352409121020764,4.119887002010186,5.326599455082462,4.66953193331965,6.076125436134275,0.3718091009988901,0.905390224023614,0.985259285695206,0.987483901157376,0.3408584315504904,0.4038482662847992,0.9026634865611686,0.9080483571593672,0.2,0.055291576673866,0.0508182054445932,0.0601337780176455,0.9894972730709002,2.8411647245800804,2.611299973000864,3.089981858669206,5.264497215544093,4.623440421510441,5.994438860621732,0.5682574916759157,0.8073000418529859,0.9884070978131656,0.9904859170524885,0.5356922486149324,0.6002431460441991,0.8036458199621908,0.8109022592522703,0.7070067821504169,0.0262426297620138,0.9969037965352008,0.95338512763596,0.2978831200299579,1.3484808798243264,8.475744588612336,6.222152016064857,11.545562716229608,0.0245656556161252,0.0280307927840771,0.9958177710681232,0.9977084559607192,0.9375898304643886,0.9653306364991108,0.2936933883077118,0.3021070560611431,0.874874974994999,0.0220219725959758,0.0206374454669521,0.0234971564960918,0.9984464008285864,1.1316018726398311,1.060457769399502,1.207404385633808,14.174809694276426,7.3553124968994466,27.31702153425172,0.9900110987791344,0.1274093001740203,0.9970497319514848,0.9991824231586358,0.9811253141582952,0.994736096280836,0.1243735505744925,0.1305081034255073
all,0.0,pop_normal,mortality,Cohen_m3,toward,46298,901,0.0194608838394747,0.7738756811072873,0.7596978636969625,0.7880534985176122,0.0624872173217811,0.0556764751454917,0.070224024677205,3.2109136376957,2.860942781671453,3.608470471148991,0.05,0.0842332613390928,0.073596503835795,0.0962476114327942,0.9839483436782394,4.328336885102466,3.7817657431627514,4.94569579813042,5.24763673297071,4.503357767743606,6.114924174683369,0.2164261931187569,0.9533008789127034,0.9827308508478808,0.9850813050492137,0.1907704221305478,0.2444898488384261,0.9513212871181712,0.9552037584439796,0.1,0.0719222462203023,0.0648297658901479,0.0797245063145817,0.9863684362100412,3.695733801895183,3.3312857948746624,4.096653932688683,5.27615520335838,4.624520824395574,6.019610417380727,0.369589345172031,0.9053461682490032,0.985209358613508,0.9874378401606398,0.3386866498563157,0.4015993847380266,0.902618873371443,0.9080048662554452,0.2,0.0549676025917926,0.0505072098297753,0.0597970941643689,0.9894162751768454,2.824517275021994,2.595319423639224,3.072681315895618,5.1935971040684095,4.561724814090787,5.91299387373588,0.564927857935627,0.8072339581910699,0.9883221605488028,0.9904088753292836,0.5323477211744684,0.596956678623242,0.803579268414174,0.8108366546598158,0.7007430126571342,0.0264463828869093,0.9968964272825694,0.9522752497225304,0.3042491794611979,1.3589507601533064,8.521270579026256,6.277153243082658,11.56767239369152,0.0247555955330916,0.0282493046418455,0.9958224230696116,0.9976949571997464,0.9363323173484204,0.9643778179946056,0.3000335153312781,0.3084979705696352,0.874874974994999,0.0220219725959758,0.0206374454669521,0.0234971564960918,0.9984464008285864,1.1316018726398311,1.060457769399502,1.207404385633808,14.174809694276426,7.3553124968994466,27.31702153425172,0.9900110987791344,0.1274093001740203,0.9970497319514848,0.9991824231586358,0.9811253141582952,0.994736096280836,0.1243735505744925,0.1305081034255073
all,0.0,all,prolonged_los,Cohen_m3,any,49990,31565,0.6314262852570514,0.5660819428626205,0.5607274361104045,0.5714364496148364,0.6603286560788288,0.6555092760798418,0.6668062682357101,1.045773151192164,1.0381406212967303,1.0560318501220705,0.05,0.5912,0.571803156040882,0.6103169908565893,0.3664560960202148,0.9362929827340408,0.9055738878657912,0.9665688697266244,0.9331634260644132,0.9025947009432452,0.9647674408394612,0.0468240139394899,0.9445318860244232,0.3621334048396534,0.3708003909390396,0.0445480163747376,0.0492103051216076,0.9411331836027892,0.9477452578940436,0.1,0.6777355471094219,0.6646479225105113,0.6905502112860893,0.3737191882821009,1.07334072548709,1.0526136431585764,1.0936355159889626,1.0821592078645703,1.0603015429952345,1.1044674591889545,0.107334072548709,0.9125644504748982,0.3692597054533145,0.3782002344878897,0.1039669200549208,0.1107967917690822,0.9083992077802624,0.9165576902159742,0.2,0.6484296859371874,0.6390151357697054,0.6577302156063851,0.3728245649129826,1.0269285601140503,1.0120185850507706,1.041657959073759,1.0338888445897456,1.0171811514722926,1.050870969659563,0.20538571202281,0.8092265943012211,0.3680976691883254,0.3775758910349954,0.2009649589591678,0.2098781680816419,0.80348892135503,0.8148353470569356,0.8881976395279055,0.6468548005675547,0.4911433172302737,0.9099002059242832,0.1489823609226594,1.0244343887334726,1.2711925036469982,1.2377525284422473,1.3055359162643163,0.6423965739634466,0.6512876174468881,0.4780472762710091,0.5042515251111004,0.906691397684,0.913009252972754,0.1439140574070641,0.1541970078049782,0.874874974994999,0.6480164627872413,0.6435275821764528,0.6524793427074471,0.4845723421262989,1.0262741319415238,1.0191650192618684,1.0333420669078184,1.2572403767785962,1.226196311223258,1.2890703964241428,0.8978615555203548,0.1645047489823609,0.4722003363257523,0.4969632865401786,0.8944721769271611,0.9011541028790642,0.159221585233512,0.1699277846324703
all,0.0,all,prolonged_los,Cohen_m3,toward,49990,31565,0.6314262852570514,0.5662359925384957,0.5608809139999285,0.5715910710770629,0.6603656657120108,0.6555559449170084,0.6664964155957276,1.0458317639456178,1.0382145314874467,1.055541131494707,0.05,0.5912,0.571803156040882,0.6103169908565893,0.3664560960202148,0.9362929827340408,0.9055738878657912,0.9665688697266244,0.9331634260644132,0.9025947009432452,0.9647674408394612,0.0468240139394899,0.9445318860244232,0.3621334048396534,0.3708003909390396,0.0445480163747376,0.0492103051216076,0.9411331836027892,0.9477452578940436,0.1,0.6777355471094219,0.6646479225105113,0.6905502112860893,0.3737191882821009,1.07334072548709,1.0526136431585764,1.0936355159889626,1.0821592078645703,1.0603015429952345,1.1044674591889545,0.107334072548709,0.9125644504748982,0.3692597054533145,0.3782002344878897,0.1039669200549208,0.1107967917690822,0.9083992077802624,0.9165576902159742,0.2,0.6484296859371874,0.6390151357697054,0.6577302156063851,0.3728245649129826,1.0269285601140503,1.0120185850507706,1.041657959073759,1.0338888445897456,1.0171811514722926,1.050870969659563,0.20538571202281,0.8092265943012211,0.3680976691883254,0.3775758910349954,0.2009649589591678,0.2098781680816419,0.80348892135503,0.8148353470569356,0.8863172634526906,0.6475500485250638,0.4942811895125814,0.908949786155552,0.1524559023066485,1.0255354641459826,1.2804547410466032,1.24683605815096,1.3149798910212576,0.6430890158779506,0.6519854969925069,0.4812904765081899,0.5072796289084969,0.9057261407164222,0.9120739017152898,0.1473379283085825,0.1577187715113346,0.874874974994999,0.6480164627872413,0.6435275821764528,0.6524793427074471,0.4845723421262989,1.0262741319415238,1.0191650192618684,1.0333420669078184,1.2572403767785962,1.226196311223258,1.2890703964241428,0.8978615555203548,0.1645047489823609,0.4722003363257523,0.4969632865401786,0.8944721769271611,0.9011541028790642,0.159221585233512,0.1699277846324703
all,0.0,pop_normal,prolonged_los,Cohen_m3,any,46298,30921,0.6678690224199749,0.6824530401531328,0.677365231944892,0.6875408483613736,0.798271438996451,0.7938543678780903,0.8033662504494897,1.195251482250176,1.1886378035645622,1.2028799412473878,0.05,0.8760259179265659,0.8619749293741723,0.888830990271223,0.3430871018347998,1.311673230107828,1.290634690992058,1.330846259421658,1.3335495776888573,1.3114027320982955,1.3560704371178889,0.0655864946153099,0.9813357612017948,0.338664179613184,0.3475374320978964,0.0628807573950056,0.0684001607908453,0.9790733159424329,0.983357764551888,0.1,0.858963282937365,0.8486396318433622,0.8686917503946496,0.3533646923298454,1.2861253540776212,1.2706677557350663,1.3006917842169234,1.3283581529629649,1.3103351361565083,1.3466290675215635,0.1286180912648362,0.9575339793197633,0.3487885779043953,0.3579678424790032,0.1249326623370681,0.1323957891043775,0.954230788270606,0.9606086181764376,0.2,0.8416846652267819,0.8341080649643007,0.8489778807193993,0.375587234731897,1.260254087211589,1.248909646897487,1.271174215631666,1.3479619765066608,1.332082995891655,1.364030241142369,0.2520617056369457,0.9046628080900044,0.3706683703160938,0.3805319047803798,0.2472530394392837,0.2569319714873364,0.8999193271267263,0.9092041476251363,0.7070067821504169,0.7451501542785568,0.5186140803538518,0.7888166618155946,0.457501463224296,1.1157130054910458,1.5479267753121937,1.5194308777536167,1.5769570941396531,0.7404006491319618,0.749842123707798,0.5102015670884291,0.5270160536110416,0.7842315978689977,0.7933299699807145,0.4496386845971989,0.4653854711681136,0.874874974994999,0.6928033576101715,0.6882924710169648,0.6972776757235432,0.5064733298808908,1.037334169355316,1.030580020799568,1.044033563941936,1.403780990078952,1.3665484256249996,1.4420279817056434,0.9075385660230912,0.1908044482018599,0.4935985825302315,0.5193394974062636,0.904258936138672,0.9107169439641384,0.1846712599382123,0.1970920890842494
all,0.0,pop_normal,prolonged_los,Cohen_m3,toward,46298,30921,0.6678690224199749,0.6823630748544872,0.6772717688898895,0.6874543808190849,0.79791406778249,0.7934150996420134,0.8026131426434003,1.1947163904852276,1.187980087423626,1.2017523132532633,0.05,0.8760259179265659,0.8619749293741723,0.888830990271223,0.3430871018347998,1.311673230107828,1.290634690992058,1.330846259421658,1.3335495776888573,1.3114027320982955,1.3560704371178889,0.0655864946153099,0.9813357612017948,0.338664179613184,0.3475374320978964,0.0628807573950056,0.0684001607908453,0.9790733159424329,0.983357764551888,0.1,0.8578833693304536,0.847528685290702,0.8676446602979777,0.3532446961697226,1.2845083998984943,1.269004335939618,1.2991239766655598,1.3264419545534654,1.3083880623263031,1.344744964786161,0.1284563888619385,0.9572088183650908,0.3486689463571426,0.3578475038301704,0.1247729799203043,0.1322321068899059,0.9538940844869964,0.9602951624785272,0.2,0.8410367170626349,0.8334480641161228,0.8483425226313881,0.3754252389437875,1.2592839147041128,1.2479214279113953,1.2702228942397726,1.3465749330638426,1.3306934009465483,1.362646007762631,0.2518676627534685,0.9042726149443976,0.3705068154028218,0.3803695017185169,0.247060256095651,0.2567367172734866,0.89952075043865,0.9088225329353884,0.7007430126571342,0.7465709089788244,0.5164200649584988,0.7833187801170726,0.4653053261364375,1.1178403008926494,1.5438417826718824,1.515788213928096,1.57241455503002,0.7418086571757906,0.7512747744023388,0.5080954169452461,0.5247356098557241,0.7786916580217912,0.7878755123659144,0.4574310515906274,0.4731969317311695,0.874874974994999,0.6949265522774966,0.6904241605998745,0.6993919727748205,0.5213188330744002,1.0405132278174554,1.0337717986951585,1.0471993000073945,1.4517524404412323,1.4121785407635186,1.4924353312914471,0.9103198473529316,0.196397216622228,0.5084448670542597,0.5341645428699308,0.9070839221449354,0.9134538296151256,0.1901941097829586,0.2027519823216501
all,0.0,all,unplanned_icu,Cohen_m3,any,49990,10243,0.2049009801960392,0.7047019115617302,0.6998466261915985,0.7095571969318619,0.3038798914237967,0.2976437099648019,0.3095340364177695,1.4830572851972663,1.452622186970658,1.5106518090915062,0.05,0.214,0.1983681800082128,0.2305094295019094,0.7955780164245104,1.044406912037489,0.9681172819106278,1.1249796329981891,1.0468541409147094,0.9690846791412884,1.130864635401481,0.0522307917602265,0.9505623065891764,0.7919270707428622,0.7991811456958772,0.0480873938339389,0.0567099322026029,0.9483872260517764,0.9526503006606142,0.1,0.3260652130426085,0.3132080966220809,0.3391894528026301,0.8085617123424685,1.5913306648442842,1.5285827150383509,1.6553822850340214,1.703239289446186,1.6296817023956711,1.78011698410099,0.1591330664844284,0.9152388859536568,0.804899926776871,0.812170808727174,0.1521769077593303,0.1663448111672118,0.9124603676752726,0.9179371452166306,0.2,0.3147629525905181,0.3057320007094086,0.3239361995948233,0.8225645129025805,1.5361710436395588,1.492096330710079,1.580940214560697,1.773957158962796,1.7115690697367365,1.8386193449496,0.3072342087279117,0.8276347900470475,0.8187892468980061,0.8262778142736732,0.2983733555435886,0.3162395999255386,0.8238899735272214,0.8313162800178608,0.8881976395279055,0.2301074300128375,0.9953480050098408,0.9974616811481012,0.1399602485722192,1.1230177122270577,49.46424716699035,33.69604227507424,72.61124994513088,0.2262158040276909,0.234045754477677,0.9931922024499144,0.9968233202496736,0.9962832133891084,0.9982671464017564,0.1365841581841378,0.1434059288685096,0.874874974994999,0.2337258488624671,0.2297830282143623,0.237715443441549,0.996642685851319,1.1406770657653746,1.1214344997008665,1.1601479076093957,69.61691355403485,45.407712670273405,106.73329194057334,0.997949819388851,0.1568420258132689,0.9948726963546092,0.9978030090027528,0.9968676465899918,0.9986586236706904,0.1533000967138214,0.1604502818442013
all,0.0,all,unplanned_icu,Cohen_m3,toward,49990,10243,0.2049009801960392,0.7046472199868307,0.6997897602149245,0.7095046797587369,0.3038687887182001,0.2977910847395303,0.3095906263992965,1.4830030994848018,1.4533414357247996,1.5109279911843048,0.05,0.214,0.1983681800082128,0.2305094295019094,0.7955780164245104,1.044406912037489,0.9681172819106278,1.1249796329981891,1.0468541409147094,0.9690846791412884,1.130864635401481,0.0522307917602265,0.9505623065891764,0.7919270707428622,0.7991811456958772,0.0480873938339389,0.0567099322026029,0.9483872260517764,0.9526503006606142,0.1,0.3260652130426085,0.3132080966220809,0.3391894528026301,0.8085617123424685,1.5913306648442842,1.5285827150383509,1.6553822850340214,1.703239289446186,1.6296817023956711,1.78011698410099,0.1591330664844284,0.9152388859536568,0.804899926776871,0.812170808727174,0.1521769077593303,0.1663448111672118,0.9124603676752726,0.9179371452166306,0.2,0.3147629525905181,0.3057320007094086,0.3239361995948233,0.8225645129025805,1.5361710436395588,1.492096330710079,1.580940214560697,1.773957158962796,1.7115690697367365,1.8386193449496,0.3072342087279117,0.8276347900470475,0.8187892468980061,0.8262778142736732,0.2983733555435886,0.3162395999255386,0.8238899735272214,0.8313162800178608,0.8863172634526906,0.2305956169454036,0.9954249516100652,0.9974616811481012,0.1423252069338566,1.125400262725835,50.40288042695112,34.33495793472877,73.99019856564155,0.226696936946691,0.2345410098405801,0.9933046646173808,0.9968758953616416,0.9962832133891084,0.9982671464017564,0.1389249284058062,0.1457946182616032,0.874874974994999,0.2337029838801874,0.2297603000612107,0.2376924456466225,0.9964828137490008,1.1405654753656715,1.1213235770828789,1.1600356690300362,66.44600746229877,43.768165020885625,100.8740463661898,0.997852191740701,0.1568168666817621,0.9946800546082856,0.9976761027995008,0.9967499385031904,0.9985811496635282,0.1532751733898476,0.1604248917680181
all,0.0,pop_normal,unplanned_icu,Cohen_m3,any,46298,10197,0.2202470949069074,0.7416784242530403,0.7367624157437374,0.7465944327623433,0.3962904441140804,0.3855686616777355,0.4048103639645256,1.7992993019117087,1.750618603349593,1.8379827626585865,0.05,0.4622030237580993,0.4419725522976861,0.4825587309085491,0.7924880067298729,2.0985658128814837,2.0067122905048813,2.19098794975032,2.2273557131535537,2.123847596646166,2.335908414874978,0.1049328233794253,0.9655134206808677,0.7886726080736075,0.7962523163838011,0.0991324200271141,0.1110307884673693,0.9635809867538168,0.9673467921953642,0.1,0.4498920086393088,0.4356095131334815,0.464257586337506,0.8052702313525967,2.0426694337533315,1.9778218337799285,2.1078942563748018,2.3103401794408085,2.2256173724862465,2.398288138259746,0.2042757673825635,0.9294479377302568,0.8014399011568814,0.809044277684881,0.1965623624776069,0.2122119096373526,0.9267604088040342,0.9320440790683068,0.2,0.4214902807775378,0.4114671472461879,0.4315785283189039,0.8300664182731249,1.9137155064664555,1.8682069219578317,1.9595197316964417,2.480323644651803,2.4002811853477724,2.563035289270682,0.3827596351868196,0.851610758704745,0.8262072596781563,0.8338571146589985,0.3733711519786754,0.3922364229884723,0.8479062893068346,0.8552404044595768,0.7070067821504169,0.2921822014480799,0.9533357906376704,0.9379229185054428,0.3582172238996149,1.3266109211182902,6.261376876213593,5.792071313110903,6.768708164424429,0.2872801776502577,0.2971329992152832,0.9496561748310024,0.9567587102834348,0.9330724925358328,0.9424435041050716,0.353286440521636,0.363178179004627,0.874874974994999,0.2503641525737563,0.2461689263318633,0.2546067265567148,0.9903331607112033,1.1367421335549448,1.1176943170846927,1.156004925578384,25.89927742606733,19.94590567297289,33.62958705361327,0.994508188682946,0.1589152655051106,0.987468542603991,0.9925478856523892,0.9928757499508016,0.9957681674295056,0.1551802133876032,0.1627229013015912
all,0.0,pop_normal,unplanned_icu,Cohen_m3,toward,46298,10197,0.2202470949069074,0.7416727807419725,0.7367510516237247,0.7465945098602204,0.3962503384208744,0.3883313849948587,0.4029883740551152,1.799117207826777,1.7631623479937208,1.829710281651832,0.05,0.4617710583153347,0.441542640831596,0.4821261427541392,0.79246527067276,2.0966045364208465,2.004760339827521,2.1890238459577462,2.225030286797039,2.121556421135172,2.3335508440143826,0.1048347553201922,0.9654857206171574,0.7886497207782606,0.7962297355362389,0.0990368413326083,0.1109303049075606,0.963552561206029,0.9673198235103742,0.1,0.4496760259179265,0.4353943366826688,0.4640411554584522,0.8052462321205721,2.041688795523013,1.976844856304227,2.106911583349556,2.308946475409509,2.2242501489968127,2.3968679191549125,0.2041776993233303,0.9294202376665466,0.8014157265342392,0.809020458268306,0.1964657269666601,0.212112482893985,0.9267322326907608,0.9320168609488024,0.2,0.4219222462203024,0.4118975395192927,0.4320117086699251,0.8301744154651979,1.9156767829270924,1.870161055669728,1.961486524271864,2.4844445398263213,2.4042918032577623,2.5672693568681093,0.3831519074237521,0.8517215589595856,0.8263162123683937,0.8339641339521843,0.3737614442787744,0.3926303797056309,0.848018208403813,0.85535006229371,0.7007430126571342,0.2937767777332552,0.9519307109346806,0.9346866725507502,0.3653361402731226,1.3338508635377315,6.111527410652029,5.664279444392472,6.594089796916295,0.2888449250490918,0.29875746272846,0.9482417668899874,0.955369109216714,0.9297253608537156,0.9393205813948142,0.3603834778385817,0.3703174595116044,0.874874974994999,0.2501666460930749,0.2459725473452103,0.2544081300425133,0.9889521836699464,1.1358453840165914,1.1168026867694958,1.1551032269008807,22.643990325268486,17.737284926694446,28.90804877803865,0.9937236442090812,0.1586936649954295,0.9859178826847742,0.9913384218518204,0.9919938866960342,0.9950815326497578,0.1549607699990019,0.1624991908279693
all,0.0,all,periop_infection,Cohen_m3,any,49990,1899,0.0379875975195039,0.6842380639416393,0.6727435576941936,0.6957325701890851,0.066687954535486,0.0622280718914722,0.0699941214626448,1.755519140194285,1.6381154891283296,1.8425519388718363,0.05,0.06,0.0513482807211066,0.0700018877560047,0.9631711939355654,1.5794628751974722,1.351711718403433,1.8427563817391648,1.6291595197255575,1.3857371997150707,1.9153420585506011,0.0789889415481832,0.9511343078746544,0.9614394341464768,0.9648280253382072,0.0676900421294833,0.0919877786623261,0.9491711668170334,0.9530253797664572,0.1,0.0938187637527505,0.0860448557089738,0.1022164716134822,0.9682158653953012,2.4697209057398632,2.265077586567458,2.690785369119525,2.951748251748252,2.67053706137669,3.26257136353214,0.2469720905739863,0.9058035807115676,0.9665544603820866,0.9697973191072315,0.2280992931622249,0.2668665516038344,0.9031603615038946,0.908381972383322,0.2,0.0760152030406081,0.0709815372421081,0.081374564858129,0.971519303860772,2.001053185887309,1.868545048305942,2.142135069646063,2.66900790166813,2.4413706594508646,2.917870398577339,0.4002106371774618,0.8079058451685347,0.969843152510538,0.973104876366544,0.3783972037920107,0.4224269951323769,0.8043603414892992,0.8114021605749555,0.8881976395279055,0.0413729420508547,0.9889067811773126,0.9673512374934176,0.1149279490965045,1.0891171001170232,3.729570534229468,2.900086599919771,4.796303796644375,0.0395598405497341,0.0432653980386634,0.985805471660592,0.9913364520441664,0.9583670658815984,0.9744483613194886,0.1121081202766671,0.1178092935692285,0.874874974994999,0.0416142677489424,0.0397824919871698,0.0435265639161304,0.9873701039168664,1.0954698497997026,1.047249486276263,1.1458098631739666,3.2949018325270294,2.6344850060464897,4.120872983172483,0.95839915745129,0.128423197687717,0.9842882201857436,0.9898537040962196,0.9484543137972146,0.9664930995870628,0.1254626600167827,0.1314430951318109
all,0.0,all,periop_infection,Cohen_m3,toward,49990,1899,0.0379875975195039,0.6844078754109413,0.6729316588197833,0.6958840920020992,0.0666946537958313,0.0622474252308108,0.0700656552971754,1.7556954940777292,1.6386249538116031,1.8444350228045288,0.05,0.06,0.0513482807211066,0.0700018877560047,0.9631711939355654,1.5794628751974722,1.351711718403433,1.8427563817391648,1.6291595197255575,1.3857371997150707,1.9153420585506011,0.0789889415481832,0.9511343078746544,0.9614394341464768,0.9648280253382072,0.0676900421294833,0.0919877786623261,0.9491711668170334,0.9530253797664572,0.1,0.0938187637527505,0.0860448557089738,0.1022164716134822,0.9682158653953012,2.4697209057398632,2.265077586567458,2.690785369119525,2.951748251748252,2.67053706137669,3.26257136353214,0.2469720905739863,0.9058035807115676,0.9665544603820866,0.9697973191072315,0.2280992931622249,0.2668665516038344,0.9031603615038946,0.908381972383322,0.2,0.0760152030406081,0.0709815372421081,0.081374564858129,0.971519303860772,2.001053185887309,1.868545048305942,2.142135069646063,2.66900790166813,2.4413706594508646,2.917870398577339,0.4002106371774618,0.8079058451685347,0.969843152510538,0.973104876366544,0.3783972037920107,0.4224269951323769,0.8043603414892992,0.8114021605749555,0.8863172634526906,0.0414381474710542,0.9889143058243886,0.966824644549763,0.1168617828699756,1.0908335924581365,3.737984001238114,2.9122669288071945,4.797817210812803,0.0396217622985545,0.043334044164846,0.985842733333406,0.9913253312738444,0.9577801373177308,0.9739842302470731,0.1140210630014591,0.119763709459461,0.874874974994999,0.0416371327312221,0.0398048633444953,0.0435499185068831,0.9875299760191848,1.0960717563105815,1.0478383984156514,1.146424658324955,3.338977759407621,2.6660271432533724,4.181792562026884,0.9589257503949448,0.1284439915992597,0.9844652258608436,0.9899962463706954,0.9490339598525,0.9669645131680604,0.1254832459034601,0.1314640937463704
all,0.0,pop_normal,periop_infection,Cohen_m3,any,46298,1873,0.0404553112445462,0.7161887390068445,0.7044524892521415,0.7279249887615475,0.0982745250080148,0.0909485912492451,0.1082956025878423,2.4292119374378376,2.248124867943168,2.6769192784900824,0.05,0.1421166306695464,0.1284851077974906,0.156933956618121,0.9648955278175658,3.512928866384762,3.1759762524336472,3.87919291164216,4.048391040633848,3.621484079178844,4.525622551294124,0.1756540309663641,0.9552954417557682,0.9631344959947428,0.9665753561443112,0.159089365117028,0.1935464673368136,0.9533340471624449,0.9571781008742936,0.1,0.1174946004319654,0.1085347215233233,0.1270886972832236,0.9681050206393396,2.9043059320870985,2.682829971749506,3.141458893122631,3.683796095409433,3.349848488179614,4.051035060373203,0.2904431393486385,0.9080247608328644,0.9663741523690812,0.9697495825608384,0.2703291995690291,0.3114149390945639,0.9053019999881804,0.9106769608497272,0.2,0.0952483801295896,0.0894358961055515,0.1013965550883463,0.9732436956639128,2.35440977215149,2.210733111529538,2.5063842538602548,3.5598481364679526,3.2605358660595423,3.8866368214588864,0.4709022957821676,0.8114124929656725,0.9715505193952853,0.974838711965177,0.4483790892920308,0.4935446191338692,0.8077479843635972,0.8150231481612716,0.7070067821504169,0.051904805547918,0.987172871360118,0.9071009076348104,0.3014293753517164,1.283015850110789,4.046486708376481,3.466438438502966,4.723595982318645,0.0495537377201838,0.0543610394463464,0.985136510354125,0.9889333763486574,0.8931078698546391,0.9194274021683168,0.2971795214905595,0.3057135685692092,0.874874974994999,0.0446117763239106,0.0426440367011747,0.0466658881721151,0.9886069394096324,1.102742135741812,1.0541023017570672,1.1535169730873396,3.915697276430519,3.0676613766858534,4.998167423944961,0.9647624132407902,0.1289138998311761,0.9855319417962678,0.9910343318103804,0.9554153311168032,0.9722069040254698,0.1258297741557252,0.1320621984317392
all,0.0,pop_normal,periop_infection,Cohen_m3,toward,46298,1873,0.0404553112445462,0.7161990084490049,0.7044726794231272,0.7279253374748825,0.0982722126327616,0.0906581285535341,0.1083389568730348,2.429154778682113,2.24094502710706,2.6779909371637847,0.05,0.1429805615550756,0.1293117453640476,0.1578323182925644,0.9649409999317918,3.534284057061874,3.196409603237947,3.90139918436153,4.078284071904599,3.6493286036142942,4.557660539168226,0.1767218366257341,0.9553404614518852,0.9631810375625556,0.9666197508623172,0.1601140387774277,0.194653033734179,0.9533799852647764,0.9572221943788178,0.1,0.1177105831533477,0.1087431535297093,0.1273118726067041,0.968129019871364,2.9096447297563763,2.687982126064327,3.1469754820849896,3.693346821410913,3.358723981121215,4.061307454824704,0.2909770421783235,0.908047270680923,0.9663987630956108,0.9697729658735258,0.2708509018185631,0.3119588568739126,0.90532480339108,0.9106991732502558,0.2,0.0951403887688984,0.0893309803561702,0.101285577681696,0.9732166963658944,2.351740373316851,2.2081397376027607,2.503641044050808,3.552227539538773,3.253536818304599,3.8783395416539417,0.4703683929524827,0.811389983117614,0.9715227172113834,0.974812521153223,0.4478476974150713,0.4930103909819463,0.8077253098600514,0.8150008068613894,0.7007430126571342,0.052183830102025,0.9870083002526164,0.9038974906567004,0.3078221722003376,1.2899129557199986,4.016705367019765,3.449037429665505,4.677804266974884,0.049816355549421,0.0546573445964815,0.9849831531080891,0.9887634549778276,0.8897109035666821,0.9164306482829784,0.3035465330613914,0.3121310451719335,0.874874974994999,0.0446364646339958,0.0426681926048295,0.0466911042060671,0.9887795615397894,1.1033523970233516,1.0546994026793373,1.1541402789815784,3.97813907114981,3.110896817473232,5.087147339802391,0.9652963160704752,0.1289364096792346,0.985724831959746,0.9911864571118756,0.9560087654272938,0.972679089743862,0.1258520503176995,0.1320849380731929
all,24.0,all,mortality,Cohen_m3,any,32049,586,0.0182845018565321,0.4508310807461259,0.4278302185368136,0.4738319429554382,0.0156456547933251,0.0138631255906642,0.0175034716447075,0.8556784820328961,0.7581899523126234,0.9572845780567112,0.05,0.0106117353308364,0.0066358959539682,0.0169290683613166,0.9813117876966532,0.5803677570272654,0.3629246235985125,0.9258698155492104,0.5678304140913489,0.3514358664404007,0.917468619332948,0.0290102389078498,0.9496233671296443,0.9797288039986456,0.9827733292757268,0.0181899905793072,0.0459655386339594,0.9471511685625637,0.951985781998118,0.1,0.009984399375975,0.0070813361363895,0.0140607482843559,0.9807932325613646,0.546058047100041,0.3872862488654404,0.7689981600090847,0.519837573286325,0.3646877336528296,0.7409931227834117,0.0546075085324232,0.8991513841655278,0.9791440583858972,0.9823143545027816,0.0389436117793459,0.076073029976678,0.8957750822471746,0.9024302260351792,0.2,0.0109204368174727,0.0086530551601852,0.0137736913937053,0.9798744100783962,0.5972509890156699,0.4732453324723144,0.7532986953530084,0.5426144952774855,0.4233733320358909,0.6954393869576092,0.1194539249146757,0.7984934685185774,0.9780821880825492,0.9815228503855744,0.0956416410287729,0.1482231525022361,0.794024775457316,0.8028892789865847,0.8357827077287903,0.0170611513477189,0.9754892646779404,0.7798634812286689,0.1631757937895305,0.9330935828379606,0.6960685235894951,0.57380139830246,0.8443886525293298,0.0155781201322941,0.0186826871432516,0.9709519743359292,0.9793329174671588,0.7445528433494027,0.8115286537847429,0.1591337536724269,0.1673000756445897,0.76729383132079,0.0167134317433207,0.0151849776903345,0.0183928600299132,0.9765352641458837,0.9140764060438328,0.8304835324189965,1.00592623054384,0.7122787082382057,0.5979228506988562,0.8485057187837921,0.7013651877133106,0.2314782442869402,0.9728465085246588,0.979733347901133,0.663096062829541,0.7370113558401492,0.2268506241705469,0.2361714288593955
all,24.0,all,mortality,Cohen_m3,toward,32049,586,0.0182845018565321,0.4475991030799598,0.4243119181307553,0.4708862880291644,0.0155816287005851,0.0141748095497624,0.017253636664861,0.85217682290965,0.7752362990790757,0.9436208216247997,0.05,0.0106117353308364,0.0066358959539682,0.0169290683613166,0.9813117876966532,0.5803677570272654,0.3629246235985125,0.9258698155492104,0.5678304140913489,0.3514358664404007,0.917468619332948,0.0290102389078498,0.9496233671296443,0.9797288039986456,0.9827733292757268,0.0181899905793072,0.0459655386339594,0.9471511685625637,0.951985781998118,0.1,0.009984399375975,0.0070813361363895,0.0140607482843559,0.9807932325613646,0.546058047100041,0.3872862488654404,0.7689981600090847,0.519837573286325,0.3646877336528296,0.7409931227834117,0.0546075085324232,0.8991513841655278,0.9791440583858972,0.9823143545027816,0.0389436117793459,0.076073029976678,0.8957750822471746,0.9024302260351792,0.2,0.0109204368174727,0.0086530551601852,0.0137736913937053,0.9798744100783962,0.5972509890156699,0.4732453324723144,0.7532986953530084,0.5426144952774855,0.4233733320358909,0.6954393869576092,0.1194539249146757,0.7984934685185774,0.9780821880825492,0.9815228503855744,0.0956416410287729,0.1482231525022361,0.794024775457316,0.8028892789865847,0.8303535211707074,0.0170223959116188,0.9755379805039543,0.773037542662116,0.1685789657693163,0.9309740043881768,0.6958704253494099,0.5748321253277534,0.8423948967707239,0.0155364825824679,0.0186477304765698,0.97108371623766,0.97932072119349,0.7374087134497317,0.8051098203396788,0.1644826466158536,0.1727562073783139,0.76729383132079,0.0166727664592737,0.0151462335339076,0.018350286321703,0.976401179941003,0.9118523758588112,0.8283645708672488,1.0035978264919103,0.7065084787117238,0.5932519104861221,0.8413866380683673,0.6996587030716723,0.2314464609223532,0.9727029596112832,0.9796088664666114,0.6613408339254816,0.7353758439080249,0.2268190682482194,0.2361394258130338
all,24.0,pop_normal,mortality,Cohen_m3,any,24206,392,0.0161943319838056,0.5230337946466065,0.4915929050990311,0.5544746841941819,0.0206023361362415,0.0174920286206775,0.0245825271171819,1.2721942564129138,1.0801327673268364,1.5179710494859866,0.05,0.0305785123966942,0.022264987564132,0.0418633138550975,0.9845625326143678,1.888223140495868,1.374862982085156,2.585059630552275,1.9807985100686765,1.4188884124666614,2.765237000328578,0.0943877551020408,0.9507432602670698,0.9828862220120844,0.9860769729344409,0.0692543131910055,0.1273940431212163,0.9479212652534368,0.9534198537503944,0.1,0.0289136720363486,0.0229488463483959,0.0363711521207824,0.9852191875143448,1.785419248244527,1.417091262013447,2.2459186434583165,1.956162563080294,1.5157963356029724,2.5244631375063213,0.1785714285714285,0.9012765600067189,0.9835290165229612,0.98673826009995,0.1438321727823429,0.2195495435405498,0.8974229876811528,0.9050006878545852,0.2,0.0216897335261309,0.0179496336049294,0.0261883625681549,0.985179447456752,1.339341045238587,1.1083898751043957,1.6171313885835654,1.463490208130753,1.1729355887901665,1.826019782982094,0.2678571428571428,0.8011253884269758,0.9833787551675748,0.9867876795664468,0.2264259817115554,0.3137941467438671,0.7960073243859691,0.8061463149261676,0.3903577625382137,0.0172505026986982,0.98448194077387,0.4158163265306122,0.6100613084740069,1.0652185416446185,1.1116404730335827,0.9108715147652504,1.3566617478479428,0.0148145628547603,0.020078817776943,0.9823578781986582,0.9863538245270184,0.3680729145003298,0.4651937254889992,0.6038492662287464,0.616237846954507,0.76729383132079,0.0161524794055887,0.0144369619115241,0.0180681115020317,0.9836676726433516,0.9974156032951058,0.8914823980366176,1.1157058852504622,0.9889882227356682,0.7844697447815872,1.246826549036864,0.7653061224489796,0.2326782564877803,0.980012746381134,0.9866633440025304,0.7209013310520309,0.8045613792846289,0.2273549421487263,0.2380878039311703
all,24.0,pop_normal,mortality,Cohen_m3,toward,24206,392,0.0161943319838056,0.4942349231201677,0.4613139440598384,0.5271559021804969,0.0195106259310633,0.0167355166871689,0.0243299735472727,1.2047811512431603,1.0334181554326836,1.5023758665440892,0.05,0.0305785123966942,0.022264987564132,0.0418633138550975,0.9845625326143678,1.888223140495868,1.374862982085156,2.585059630552275,1.9807985100686765,1.4188884124666614,2.765237000328578,0.0943877551020408,0.9507432602670698,0.9828862220120844,0.9860769729344409,0.0692543131910055,0.1273940431212163,0.9479212652534368,0.9534198537503944,0.1,0.0272614622057001,0.0214856093262507,0.0345352045693867,0.9850355749368832,1.6833952912019827,1.326736375895985,2.132548882159634,1.8217513931017704,1.4029755628263774,2.365528114817885,0.1683673469387755,0.901108591584782,0.9833356803872342,0.9865644358263788,0.1345826255942451,0.2085889864849299,0.8972521792136008,0.904835613661804,0.2,0.0204503201817806,0.0168269989732591,0.0248341360368101,0.984869610121353,1.2628072712249534,1.0390671865987524,1.5335079002730247,1.351605632492088,1.0785646976270895,1.6937674576253938,0.2525510204081632,0.8008734357940707,0.9830515843839656,0.986495298585019,0.212083501565211,0.2978214705246349,0.7957530005078415,0.8058968148137953,0.3793687515492027,0.0166612218229336,0.9840910603740932,0.3903061224489796,0.6208112874779541,1.028830447566155,1.047286759188003,0.8563608643638619,1.2807796357967187,0.0142380970969148,0.0194885756259499,0.9819628777285576,0.985971728037168,0.3433021988744554,0.4394391805055794,0.6146299031643866,0.626953700280184,0.76729383132079,0.0148602810531416,0.0132177824848925,0.0167034286643697,0.9794070655068348,0.9176223550314974,0.8161980684421166,1.0314367200248316,0.7216203721754048,0.5821220073242324,0.8945478009535693,0.7040816326530612,0.2316704459561602,0.9753584925806577,0.9828021908772564,0.6570905584674703,0.7471115264068834,0.2263554115086819,0.2370720386092162
all,24.0,all,prolonged_los,Cohen_m3,any,32068,22988,0.7168516901584133,0.4221920156197181,0.4147436712500556,0.4296403599893806,0.643805831830053,0.6379018602783781,0.6504552444029175,0.8981018537987707,0.8898658802595716,0.907377709131406,0.05,0.3930131004366812,0.3693859515451535,0.4171518129737636,0.2661086492696537,0.5482488300332127,0.5152892245584646,0.5819220610075975,0.5355194608106044,0.5037220012199018,0.5693241355596159,0.0274056029232643,0.89284140969163,0.2611758603087661,0.2711004176315151,0.0253727384508053,0.0295963946002852,0.8863121564321101,0.899038393934158,0.1,0.461178671655753,0.4439824220542987,0.4784678165373528,0.2547382280586258,0.6433390309142462,0.6193504572140792,0.6674571924795472,0.6188143401672178,0.5957323567329711,0.6427906479624588,0.0643379154341395,0.8096916299559471,0.2497441795281823,0.2597975599975943,0.0612383912871818,0.0675830250886164,0.8014870601352697,0.8176342596376334,0.2,0.5305581540380417,0.5183297558184509,0.5427499691781897,0.236571294924768,0.7401226241383297,0.7230641469282271,0.7571300683663733,0.6949675202293553,0.678481913001568,0.7118536911869353,0.1480337567426483,0.6683920704845815,0.2314104920023708,0.2418109811553713,0.1435016802850813,0.1526834500091357,0.6586389444440338,0.6780027689033236,0.8358800049893975,0.7052042529378847,0.223826714801444,0.8222985905689926,0.1297356828193832,0.9837519568127756,0.908565479366484,0.8937473185971377,0.923629322426582,0.6997167488723633,0.7106329471025646,0.2127695179323178,0.235286789665769,0.8173032802458926,0.8271861981436943,0.1229805183546767,0.1368040203805649,0.7674317076213047,0.7132466477041853,0.7075633707506336,0.7188633598089716,0.2712523464735854,0.9949710065502791,0.987042899479351,1.0028062564100446,0.9787292545681352,0.9632398298636774,0.9944677577162332,0.763572298590569,0.2227973568281938,0.2612813487159249,0.2814588777718633,0.758035919501654,0.7690205995376908,0.2143563524041918,0.2314728218958092
all,24.0,all,prolonged_los,Cohen_m3,toward,32068,22988,0.7168516901584133,0.4208299014847049,0.4134072909794518,0.4282525119899581,0.6434851302979396,0.6365873594716212,0.6495606566773664,0.8976544787886866,0.8880321665014768,0.906129769372272,0.05,0.3930131004366812,0.3693859515451535,0.4171518129737636,0.2661086492696537,0.5482488300332127,0.5152892245584646,0.5819220610075975,0.5355194608106044,0.5037220012199018,0.5693241355596159,0.0274056029232643,0.89284140969163,0.2611758603087661,0.2711004176315151,0.0253727384508053,0.0295963946002852,0.8863121564321101,0.899038393934158,0.1,0.461178671655753,0.4439824220542987,0.4784678165373528,0.2547382280586258,0.6433390309142462,0.6193504572140792,0.6674571924795472,0.6188143401672178,0.5957323567329711,0.6427906479624588,0.0643379154341395,0.8096916299559471,0.2497441795281823,0.2597975599975943,0.0612383912871818,0.0675830250886164,0.8014870601352697,0.8176342596376334,0.2,0.5305581540380417,0.5183297558184509,0.5427499691781897,0.236571294924768,0.7401226241383297,0.7230641469282271,0.7571300683663733,0.6949675202293553,0.678481913001568,0.7118536911869353,0.1480337567426483,0.6683920704845815,0.2314104920023708,0.2418109811553713,0.1435016802850813,0.1526834500091357,0.6586389444440338,0.6780027689033236,0.8304540351752526,0.7047801434418535,0.224020599595365,0.8164694623281712,0.1341409691629956,0.983160328862596,0.9082459445113432,0.8935967655097774,0.923135274835858,0.6992724195081488,0.7102287956220361,0.2131349618600917,0.2352959573565235,0.8114125816808141,0.8214205881510449,0.1272854764260061,0.1413059089631886,0.7674317076213047,0.7124339699309223,0.706746044460518,0.7180555842295764,0.2685706623759721,0.9938373302481652,0.9859027385488036,1.001679418612931,0.974029797936722,0.9586852741141954,0.9896199231236358,0.7627022794501479,0.2205947136563876,0.2586325652190498,0.2787470543107991,0.7571590867652277,0.7681576847281876,0.2121849732639274,0.229240777709097
all,24.0,pop_normal,prolonged_los,Cohen_m3,any,24225,18551,0.7657791537667699,0.5662966729848972,0.5578695104973083,0.5747238354724861,0.8038450628142284,0.7983444615547722,0.8108199637640462,1.049708729808349,1.0425257172747753,1.0588169706314494,0.05,0.847233691164327,0.8258751504810152,0.8663961711464297,0.2385069957417224,1.1063681833031007,1.0784769295672791,1.1313916902604852,1.112595501766381,1.0851411047048118,1.140744503349653,0.0553069915368443,0.9673951357067324,0.233044831634745,0.2440564444466752,0.0521087805293722,0.0586893412934516,0.9624484529129984,0.9717093439512184,0.1,0.8303055326176714,0.8148358089448903,0.8447291024656486,0.2413887997064624,1.0842623862682923,1.0640611003013296,1.103097542301242,1.0945073475007914,1.073371711462928,1.116059162860277,0.1084038596302086,0.927564328516038,0.2357544428714234,0.2471142729723235,0.1040108405526375,0.1129590310737523,0.9205264655036632,0.9340236156398471,0.2,0.823735810113519,0.8127508670799141,0.8342077797028556,0.2487100103199174,1.0756832515767345,1.0613384591133048,1.0893581727832289,1.0964285714285713,1.079738708002218,1.1133764153636587,0.2151366503153468,0.8494888967218893,0.2426742443600901,0.254845380439155,0.2092826911710522,0.2211085658472776,0.8399484735523027,0.8585563949174341,0.3905882352941176,0.811139294018178,0.2632933685565264,0.4137243275295132,0.6850546351780049,1.059233971084597,1.1010343322536191,1.086059312940702,1.1162158331101777,0.8031271327557697,0.818898910866173,0.256251064387018,0.2704588313837878,0.4066556329589464,0.4208287471825686,0.6728466174907113,0.6970122387338089,0.7674317076213047,0.7796783389812275,0.7736630240330098,0.7855780936756778,0.2800851970181043,1.018150383365869,1.0102952270605177,1.0258546342134276,1.0830147341765868,1.0637045750058092,1.1026754439193582,0.7813594954449895,0.2781106802960874,0.2685125321897145,0.2919575597688818,0.7753536799056059,0.7872488054748136,0.2666049419626334,0.2899166770976799
all,24.0,pop_normal,prolonged_los,Cohen_m3,toward,24225,18551,0.7657791537667699,0.5559764157101647,0.547630458005493,0.5643223734148363,0.8005655283404367,0.7934502943002432,0.8075762107908295,1.0454261184867166,1.0361346223612415,1.0545810849230686,0.05,0.8398018166804294,0.8180733918086153,0.8593811833392887,0.2381159294342574,1.0966631992390383,1.0682889287134767,1.1222311016330262,1.1022698191561198,1.0743691622459686,1.1308950376819364,0.0548218424882755,0.9658089531194924,0.2326569330935664,0.2436623409082148,0.051637340211673,0.0581906844048237,0.960756504393165,0.970231073703413,0.1,0.8274153592072667,0.8118500050606225,0.8419437133750742,0.2410677429711507,1.0804882257989346,1.0601620598670467,1.0994602154337323,1.090236119948996,1.069003509617166,1.111890453631075,0.1080265214813217,0.9263306309481848,0.2354360195985627,0.2467906958924142,0.1036404254796741,0.1125749260973503,0.919241035086957,0.93284332034839,0.2,0.8210526315789474,0.8100061724298043,0.8315903688966849,0.2480392156862745,1.0721793973370708,1.057754273468385,1.085940201957964,1.0918822479928636,1.0751599027264196,1.108864681856828,0.2144358794674141,0.8471977440958759,0.2420090809294372,0.2541692204863151,0.2085890664957061,0.2204009390023736,0.8376010506973242,0.8563246128858233,0.3796078431372549,0.8089386689865159,0.260629449730521,0.4010026413670422,0.6903419104688051,1.0563602639317744,1.0940910057773892,1.0791616705319758,1.109226876389056,0.8007750310451016,0.8168442984007445,0.2536729194028419,0.2677083209875312,0.393971088336724,0.4080751872833276,0.6781859776733183,0.7022402744433311,0.7674317076213047,0.7753213920714324,0.7692652049376153,0.7812638191977662,0.2657082002129925,1.0124608227551315,1.0045522931170143,1.0202207978042093,1.0558764135679115,1.037548456723446,1.0745281278233354,0.7769931540078702,0.263835037010927,0.2543365506856517,0.2773991405051046,0.7709459676850028,0.7829256428384737,0.2525301849426145,0.27545946520895
all,24.0,all,unplanned_icu,Cohen_m3,any,23451,193,0.0082299262291586,0.352813695616239,0.3169830951213034,0.3886442961111746,0.0109237624043034,0.0051970418707588,0.023808688250969,1.3273220318306738,0.6314809788143357,2.892940664111266,0.05,0.000852514919011,0.0001505017996716,0.0048132928180577,0.9913816321034205,0.1035871884234658,0.0182871383632084,0.5848524864055534,0.0989183716965046,0.0138748078733306,0.7052237658653054,0.005181347150259,0.9496087367787428,0.9900802541540455,0.9925135723813696,0.0009151977360702,0.0287614559794045,0.9467223554091267,0.9523466159830608,0.1,0.0021321961620469,0.0009110665330935,0.0049818808670206,0.9910925803089168,0.2590784051614613,0.1107016645988381,0.6053372446243606,0.2393730435966066,0.0985861005562366,0.5812122974477268,0.0259067357512953,0.8993894573910053,0.9897325676188432,0.9922738534999206,0.0111152895526936,0.0592031797139653,0.8954572236522286,0.9031897759903106,0.2,0.0031982942430703,0.0019391973455006,0.0052705900491144,0.9905122328234104,0.388617607742192,0.2356275489602861,0.6404176541025058,0.3370966196305791,0.199214119247651,0.5704120340240552,0.077720207253886,0.79899389457391,0.9890211222946724,0.991802504801652,0.0476622114192362,0.1242607967253835,0.7937942428673763,0.8040947909914047,0.8232484755447529,0.0067336579301771,0.984800965018094,0.6735751295336787,0.1755095021068019,0.8181917726455143,0.4430319384219726,0.3285335363255583,0.5974345896530657,0.0056741042798676,0.0079894775073593,0.9806022551155108,0.9881018766594888,0.6045938920015972,0.7357813132395712,0.1706742792632161,0.1804519015633269,0.7642318024817705,0.0064724919093851,0.0053995730796338,0.0077569417029134,0.9860734310001807,0.786458071331556,0.656090094769392,0.9425287040156596,0.4647585424284453,0.3489709893235158,0.6189640668381416,0.6010362694300518,0.2344139650872818,0.9826296810321278,0.9888421933840854,0.5306267869189346,0.667502063893089,0.2290135905923158,0.2399020605227705
all,24.0,all,unplanned_icu,Cohen_m3,toward,23451,193,0.0082299262291586,0.3350218343724395,0.2974307920076084,0.3726128767372705,0.0107805174967734,0.0049796016938681,0.0240077699750087,1.309916662263391,0.6050603073725502,2.9171306408493747,0.05,0.000852514919011,0.0001505017996716,0.0048132928180577,0.9913816321034205,0.1035871884234658,0.0182871383632084,0.5848524864055534,0.0989183716965046,0.0138748078733306,0.7052237658653054,0.005181347150259,0.9496087367787428,0.9900802541540455,0.9925135723813696,0.0009151977360702,0.0287614559794045,0.9467223554091267,0.9523466159830608,0.1,0.0021321961620469,0.0009110665330935,0.0049818808670206,0.9910925803089168,0.2590784051614613,0.1107016645988381,0.6053372446243606,0.2393730435966066,0.0985861005562366,0.5812122974477268,0.0259067357512953,0.8993894573910053,0.9897325676188432,0.9922738534999206,0.0111152895526936,0.0592031797139653,0.8954572236522286,0.9031897759903106,0.2,0.0031982942430703,0.0019391973455006,0.0052705900491144,0.9905122328234104,0.388617607742192,0.2356275489602861,0.6404176541025058,0.3370966196305791,0.199214119247651,0.5704120340240552,0.077720207253886,0.79899389457391,0.9890211222946724,0.991802504801652,0.0476622114192362,0.1242607967253835,0.7937942428673763,0.8040947909914047,0.8177902861285233,0.0062050265929711,0.9826819564708636,0.616580310880829,0.1805400292372517,0.7539589566412723,0.3582983598887239,0.2685672608992722,0.478009546916064,0.0051882291474495,0.0074196113844,0.978314667263132,0.98618212401387,0.5463420100128062,0.6822682024626054,0.1756495730653327,0.1855360004792829,0.7642318024817705,0.0062493025331994,0.0051966320576079,0.007513599633829,0.98534997287032,0.7593388274925367,0.63143118333142,0.9129607513623074,0.4265727618032048,0.3210182213657815,0.5668348679344153,0.5803108808290155,0.2342419812537621,0.9818292021188996,0.9881967606702756,0.5097824397294922,0.6477045955313468,0.2288430211132635,0.2397287191396664
all,24.0,pop_normal,unplanned_icu,Cohen_m3,any,17172,132,0.0076869322152341,0.5383313771517997,0.4861689956023585,0.5904937587012409,0.0100640537199497,0.0079512749932002,0.0148212022817953,1.3092418975680045,1.0343885922972316,1.9281036786590169,0.05,0.0128055878928987,0.0071651703785623,0.0227842432797499,0.9925826028320972,1.6658905704307334,0.9321235283384288,2.9640229212111016,1.7264260768335271,0.9348575021115813,3.188236701356713,0.0833333333333333,0.9502347417840376,0.9911449527928456,0.993788307820532,0.0471674792941011,0.1430658512909331,0.9468669268561604,0.953399595217126,0.1,0.0133954571927781,0.0089424892737288,0.0200210132357409,0.9929472662568748,1.7426272038968604,1.16333655915509,2.6045518127586607,1.8993283570127115,1.2147376246719688,2.9697344796797345,0.1742424242424242,0.9005868544600939,0.9914998946200216,0.994149638136689,0.1190044689938695,0.2479052258271572,0.8960034779829632,0.90498965023292,0.2,0.0107746068724519,0.0078271273285741,0.0148154516663393,0.9930848740719171,1.4016784031344312,1.0182381097445112,1.9273555758665155,1.5581215706709992,1.067697007974154,2.273812524394589,0.2803030303030303,0.8006455399061033,0.9915546250696234,0.9943394344281952,0.210729404453103,0.3623027153099148,0.7945794070447821,0.8065761446472731,0.3530747728860936,0.0085766122381659,0.9927986317400306,0.3939393939393939,0.6472417840375587,1.1157392829832218,1.190969816922316,0.8411679055412616,1.6862377837719322,0.0065466191000204,0.0112289562504221,0.9910469678440932,0.9942095843594402,0.3147142289379889,0.4791633461200196,0.6400348038585372,0.6543823890353467,0.7642318024817705,0.0078488150575325,0.0064763715268341,0.0095093169117312,0.9928377377130156,1.0210594861208289,0.8425170595363395,1.237075681880675,1.0958569713086002,0.7268895615781404,1.6521113591979426,0.7803030303030303,0.2359154929577464,0.9897326799125524,0.9950084952668572,0.7022983714902896,0.8424537515706872,0.2296006034553529,0.2423494292180322
all,24.0,pop_normal,unplanned_icu,Cohen_m3,toward,17172,132,0.0076869322152341,0.4771684716887182,0.4208720624199732,0.5334648809574631,0.0088880737440273,0.0071245835680309,0.0123653800058028,1.156257593427558,0.9268435532593052,1.608623526209449,0.05,0.0116414435389988,0.0063354378814921,0.0212960532288112,0.9925213020290564,1.5144459731188489,0.824182873492299,2.770422924584449,1.5566136758335083,0.8199319373133432,2.9551796015306584,0.0757575757575757,0.9501760563380282,0.9910782999894946,0.9937323878828443,0.0416676145435595,0.1338426856884753,0.946806432395281,0.953342745240822,0.1,0.0110658124635993,0.0070955609684427,0.0172190534620777,0.992688450339696,1.4395616032191454,0.9230679768946944,2.2400423185666547,1.513470191371037,0.9333079204654268,2.4542725610068747,0.1439393939393939,0.9003521126760563,0.9912174367815844,0.9939145927748864,0.0941249177951213,0.2138926556139079,0.8957640767952949,0.9047596736718534,0.2,0.0096097845078625,0.0068508817551945,0.0134646557611354,0.9927937108749454,1.2501456027955735,0.8912374356075858,1.7516293085622547,1.3335274703940982,0.9008932553378308,1.973924772728852,0.25,0.8004107981220657,0.9912350274557225,0.9940768684403852,0.1839093248348889,0.3302306735161315,0.7943420684914014,0.806344105451919,0.3422431865828092,0.007656967840735,0.9922974767596282,0.3409090909090909,0.6577464788732394,0.9961019072810804,0.9940856524264668,0.6945822397481372,1.4227347429996022,0.0057275915411392,0.0102295803031083,0.990509386692056,0.9937508050783992,0.2655678618398708,0.4252485007471421,0.650587628003749,0.6648342191460157,0.7642318024817705,0.0068581879143488,0.0055833074096745,0.0084217065610889,0.9896270684119536,0.8921879004939282,0.7263375366585743,1.095587462628937,0.6611619729809168,0.4591748934105865,0.952001428625889,0.6818181818181818,0.2351525821596244,0.9860092842643666,0.9923166389594772,0.5981807494570484,0.7551719790149365,0.2288450012454771,0.24157955374452
all,24.0,all,periop_infection,Cohen_m3,any,31525,537,0.0170340999206978,0.4515395098577235,0.4287161416291138,0.4743628780863331,0.0146160051979383,0.0133435551791435,0.0165018792224735,0.8580438805679848,0.7833437188500918,0.9687555726042428,0.05,0.0095177664974619,0.0057762802528196,0.0156446014355723,0.9825703696283682,0.5587478376768852,0.3391009962199998,0.91842841760972,0.546068177840014,0.3276545689682152,0.9100756805818866,0.0279329608938547,0.949625661546405,0.9810251354035976,0.9839918197823836,0.0169993810914435,0.0455727287462612,0.947134210133881,0.9520056460791168,0.1,0.0072969543147208,0.0048672863962352,0.010926155201087,0.9818841856694746,0.4283733422189453,0.2857378093879238,0.6414283849427724,0.4027947174544233,0.2656870416053735,0.6106567464820888,0.0428305400372439,0.8990254291983993,0.9802657879397556,0.9833721103667284,0.0287071470925791,0.0634484859060659,0.8956211297121243,0.902330806128952,0.2,0.0109436954797779,0.0086569959329367,0.0138259904840941,0.981443298969072,0.6424581005586592,0.5082156364726862,0.8116654562589741,0.5897435897435898,0.4587229111225281,0.7581864633544679,0.1284916201117318,0.7987608106363754,0.979702904578846,0.9830370453897582,0.1028043339497019,0.1594565572243497,0.7942599031440216,0.8031876522151926,0.8365741475019826,0.0164562241686573,0.9800077639751552,0.8081936685288641,0.162934038982832,0.966075357387193,0.823130746766239,0.6653925883584125,1.0182623583823094,0.0149896873204567,0.0180636104633081,0.975812631574681,0.9834875920784272,0.7727498518841601,0.839259283507792,0.1588639389138018,0.1670877012107398,0.7682157018239493,0.0167230985217606,0.015183016906764,0.0184164762052708,0.9819351306965924,0.981742422529805,0.891330741128002,1.081153468102724,0.9257248552917064,0.7619548636005523,1.124694583161172,0.7541899441340782,0.2315412417710081,0.978618374411673,0.9847454057583148,0.7160516944566322,0.7887171694769115,0.2268780898254456,0.2362709474360251
all,24.0,all,periop_infection,Cohen_m3,toward,31525,537,0.0170340999206978,0.4500090321501276,0.4270274783243894,0.4729905859758659,0.0145874776994851,0.0131293268767143,0.0164370436858339,0.8563691517248992,0.770767280797803,0.964949352320138,0.05,0.0095177664974619,0.0057762802528196,0.0156446014355723,0.9825703696283682,0.5587478376768852,0.3391009962199998,0.91842841760972,0.546068177840014,0.3276545689682152,0.9100756805818866,0.0279329608938547,0.949625661546405,0.9810251354035976,0.9839918197823836,0.0169993810914435,0.0455727287462612,0.947134210133881,0.9520056460791168,0.1,0.0072969543147208,0.0048672863962352,0.010926155201087,0.9818841856694746,0.4283733422189453,0.2857378093879238,0.6414283849427724,0.4027947174544233,0.2656870416053735,0.6106567464820888,0.0428305400372439,0.8990254291983993,0.9802657879397556,0.9833721103667284,0.0287071470925791,0.0634484859060659,0.8956211297121243,0.902330806128952,0.2,0.0109436954797779,0.0086569959329367,0.0138259904840941,0.981443298969072,0.6424581005586592,0.5082156364726862,0.8116654562589741,0.5897435897435898,0.4587229111225281,0.7581864633544679,0.1284916201117318,0.7987608106363754,0.979702904578846,0.9830370453897582,0.1028043339497019,0.1594565572243497,0.7942599031440216,0.8031876522151926,0.8311816019032514,0.0163721711254436,0.979706877113867,0.7988826815642458,0.1682586807796566,0.9611409585281396,0.8067842104593621,0.654658917487994,0.9942593690530052,0.0149049844075829,0.0179811456020706,0.9755581772385472,0.9831635391564728,0.7629109275353244,0.8306085058810401,0.164134596436338,0.1724650072477489,0.7682157018239493,0.0165992237178957,0.015065045094263,0.0182867377032927,0.9815245654851512,0.9744702564369916,0.884405114705106,1.0735370690806387,0.8984483533826999,0.7406026810204075,1.089935891919681,0.7486033519553073,0.2314444301019749,0.978174304092491,0.98436877713088,0.7102331810043723,0.7834418617438186,0.226781976211016,0.2361734617130084
all,24.0,pop_normal,periop_infection,Cohen_m3,any,23836,401,0.0168232924987414,0.5175241967622016,0.4892919284084507,0.5457564651159525,0.0181976622453886,0.015896212733562,0.023248768841544,1.0816944570600582,0.9448930840827566,1.3819392870499876,0.05,0.0134228187919463,0.008278855313481,0.021693007180682,0.9829977035859389,0.7978710940768883,0.4921067213270207,1.2894626412936074,0.789470931752811,0.4804332790228606,1.2972963766171464,0.0399002493765586,0.9498186473223812,0.9812300529125147,0.9846014990001408,0.024706709831097,0.0638256939534942,0.9469489650850564,0.9525408800103596,0.1,0.0146812080536912,0.0105750505774428,0.0203489437109554,0.9829386537385792,0.8726715091465966,0.6285957744736368,1.2095696316566955,0.8604952873436755,0.6099150545583857,1.2140250252993108,0.0872817955112219,0.8997653082995519,0.9811172102437636,0.9845871599823848,0.0634262480795322,0.1189700274020388,0.8958545360899164,0.9035450383327376,0.2,0.0186700230753094,0.0151971477891125,0.022918056035722,0.9836383659342388,1.109772244446572,0.9033396875343812,1.362281256028605,1.14108548084319,0.9035651124317448,1.4410428829936626,0.2219451371571072,0.8003840409643695,0.9817378762065178,0.9853440294073788,0.1840176550423843,0.2651496242095502,0.795217342681629,0.8054522740284392,0.3898724618224534,0.0177552996879371,0.9837722615691398,0.4114713216957606,0.6104971196927672,1.0553998088819705,1.0941327261087717,0.8983232334204312,1.33262324495835,0.0152626923253799,0.0206464491189574,0.9815872547487752,0.985701754571296,0.3643674362033343,0.4602553298365192,0.6042361007881559,0.6167219178879889,0.7682157018239493,0.0169297143793348,0.0151598870871862,0.0189021929255614,0.983529411764706,1.0063258652015583,0.9011248593769856,1.1235727445727757,1.0278755158881858,0.8152634195737156,1.2959346032167625,0.773067331670823,0.2318754000426712,0.9798217020710988,0.9865651808520798,0.7295929720627438,0.8113593411382712,0.2265162138412793,0.2373224768899213
all,24.0,pop_normal,periop_infection,Cohen_m3,toward,23836,401,0.0168232924987414,0.5103967199560305,0.4812793405754933,0.5395140993365677,0.0180710025282429,0.015479807412731,0.0243394673698192,1.0741656265915211,0.9201413702988976,1.4467719307406757,0.05,0.0134228187919463,0.008278855313481,0.021693007180682,0.9829977035859389,0.7978710940768883,0.4921067213270207,1.2894626412936074,0.789470931752811,0.4804332790228606,1.2972963766171464,0.0399002493765586,0.9498186473223812,0.9812300529125147,0.9846014990001408,0.024706709831097,0.0638256939534942,0.9469489650850564,0.9525408800103596,0.1,0.0146812080536912,0.0105750505774428,0.0203489437109554,0.9829386537385792,0.8726715091465966,0.6285957744736368,1.2095696316566955,0.8604952873436755,0.6099150545583857,1.2140250252993108,0.0872817955112219,0.8997653082995519,0.9811172102437636,0.9845871599823848,0.0634262480795322,0.1189700274020388,0.8958545360899164,0.9035450383327376,0.2,0.0192993496958254,0.0157633844483962,0.0236094591186591,0.9837956893387172,1.1471802976301642,0.9369975853166396,1.4033792208288245,1.1910009687692422,0.9457120389164824,1.49991038417408,0.2294264339152119,0.8005120546191594,0.9819036872840208,0.9854928017635264,0.1909552165162157,0.2730326740562945,0.7953465671200328,0.8055790349370247,0.379048498070146,0.0178195904814609,0.9837848794000406,0.4014962593516209,0.6213356091316407,1.059221343431681,1.0989489946504334,0.9015929084318698,1.3395057586951495,0.0152894630118057,0.0207595811488972,0.9816209452748662,0.985697745929503,0.3546702540389807,0.4501916969067717,0.6151058799136999,0.6275255648075271,0.7682157018239493,0.0166566544699907,0.0149017310170241,0.0186143437275152,0.9826244343891404,0.9900948028595978,0.885779702049345,1.106462586256994,0.9586251661114448,0.7636491681265561,1.203382714809557,0.7605985037406484,0.2316620439513548,0.978828496643475,0.9857496891377924,0.7164845839172465,0.7997667104161423,0.2263046286939673,0.2371074197922514
all,0.0,all,mortality,Cohen_m4,any,49990,906,0.0181236247249449,0.7798953989403757,0.7684513116924987,0.7913394861882528,0.0431856870030735,0.0397511269539705,0.0479519474296993,2.3828393965603185,2.193332049038616,2.645825443720389,0.05,0.0236,0.0183402066545758,0.0303216575783692,0.9821646662455252,1.302167770419426,1.0119502545940895,1.673045984925695,1.323216056670602,1.0194260973105376,1.7175357166646463,0.065121412803532,0.9502689267378372,0.9809346892839688,0.983316642198132,0.0508198648785066,0.0830953133239409,0.948310246462178,0.9521571311867916,0.1,0.0654130826165233,0.0588871066109689,0.0726064829522105,0.9871307594852304,3.609271523178808,3.2491903526295105,4.006178899316784,5.082901554404145,4.452585722014762,5.802445999865788,0.3609271523178808,0.9048162333958112,0.9860468885686248,0.9881314492433256,0.3303013924634209,0.3927273193475141,0.9021882035844264,0.9073809016092312,0.2,0.0468093618723744,0.0428400366466452,0.0511268184173261,0.9890478095619124,2.5827814569536423,2.363767584951211,2.8210040316579845,4.273972602739726,3.758782897509115,4.859775705874083,0.5165562913907285,0.8058430445766441,0.9879797376307722,0.9900219354231584,0.4840146158475782,0.5489581565558819,0.8023198110548743,0.8093184077255579,0.8928785757151431,0.0201411448414921,0.9986928104575163,0.9922737306843268,0.1089560752994865,1.111319901353411,15.407975803741458,7.328250078437059,32.39596299630037,0.0188785500175444,0.0214863325693728,0.9973039695320376,0.999366654208735,0.9841379403142454,0.9962524924819688,0.1062300947940004,0.1117432617693078,0.874874974994999,0.0205784840516748,0.0192894285544549,0.0219517551169479,0.9990407673860912,1.1354507922110666,1.0643250920940446,1.2112232210775158,21.45306962387104,9.616454338211254,47.85903204031291,0.9933774834437086,0.1273123624806454,0.997908615326761,0.9995603092742388,0.9856271655418998,0.9969614520812118,0.1243926628423587,0.1302903949680298
all,0.0,all,mortality,Cohen_m4,toward,49990,906,0.0181236247249449,0.7799824574280284,0.7685563318872968,0.79140858296876,0.0431886189261586,0.0396920537609544,0.047736036838102,2.3830011701089093,2.190072591070763,2.633912231276736,0.05,0.0236,0.0183402066545758,0.0303216575783692,0.9821646662455252,1.302167770419426,1.0119502545940895,1.673045984925695,1.323216056670602,1.0194260973105376,1.7175357166646463,0.065121412803532,0.9502689267378372,0.9809346892839688,0.983316642198132,0.0508198648785066,0.0830953133239409,0.948310246462178,0.9521571311867916,0.1,0.0654130826165233,0.0588871066109689,0.0726064829522105,0.9871307594852304,3.609271523178808,3.2491903526295105,4.006178899316784,5.082901554404145,4.452585722014762,5.802445999865788,0.3609271523178808,0.9048162333958112,0.9860468885686248,0.9881314492433256,0.3303013924634209,0.3927273193475141,0.9021882035844264,0.9073809016092312,0.2,0.0468093618723744,0.0428400366466452,0.0511268184173261,0.9890478095619124,2.5827814569536423,2.363767584951211,2.8210040316579845,4.273972602739726,3.758782897509115,4.859775705874083,0.5165562913907285,0.8058430445766441,0.9879797376307722,0.9900219354231584,0.4840146158475782,0.5489581565558819,0.8023198110548743,0.8093184077255579,0.8902380476095219,0.020200885333573,0.9987242573355204,0.9922737306843268,0.1116453426778583,1.1146161786151385,15.834608260759309,7.531076324662298,33.29335781004053,0.0189345805269584,0.0215500176881618,0.9973687682540282,0.9993818937938443,0.9841379403142454,0.9962524924819688,0.1088895598805394,0.1144619105169693,0.874874974994999,0.0205784840516748,0.0192894285544549,0.0219517551169479,0.9990407673860912,1.1354507922110666,1.0643250920940446,1.2112232210775158,21.45306962387104,9.616454338211254,47.85903204031291,0.9933774834437086,0.1273123624806454,0.997908615326761,0.9995603092742388,0.9856271655418998,0.9969614520812118,0.1243926628423587,0.1302903949680298
all,0.0,pop_normal,mortality,Cohen_m4,any,46298,901,0.0194608838394747,0.7933958731376564,0.779694926506222,0.8070968197690908,0.0794089821802773,0.0699247945639685,0.0905007652916674,4.080440684775228,3.593094493587807,4.650393375664397,0.05,0.1028077753779697,0.0910866533614014,0.115844945588695,0.9849259941340972,5.282790659766087,4.680499308908061,5.95270731505594,6.8202026914769895,5.916839122062853,7.861488844505354,0.2641509433962264,0.9542480780668328,0.9837441517889356,0.9860231342532614,0.2364078213819633,0.293896709267379,0.9522872307112442,0.9561320528643272,0.1,0.0807775377969762,0.0732715226166728,0.0889786501125805,0.9873524047230487,4.150764089816211,3.7650665417388662,4.572179292910383,6.386790218072877,5.613859171768504,7.266140464442963,0.4150943396226415,0.9062493116285216,0.9862335985456394,0.98838135583641,0.3833467987115538,0.4475628323222094,0.9035334794723976,0.9088963940742638,0.2,0.0569114470842332,0.0523738458215589,0.0618165349811525,0.989902262541174,2.9244019723705126,2.691236752326898,3.1764505400193133,5.636059297074416,4.946289244372761,6.422019180596281,0.5849056603773585,0.8076304601625658,0.988832023434794,0.9908708863686968,0.5524371676777905,0.6166532012884461,0.8039785801582577,0.8112302797585593,0.7214566503952654,0.0261660978384527,0.9979063275434245,0.9700332963374028,0.283476881732273,1.3445482771639146,12.497703619432858,8.525828011537493,18.31993274410639,0.0245079058439669,0.0279332695940439,0.9969554411843607,0.9985606587962776,0.9567507130077184,0.9793247282628864,0.2793494607182858,0.2876409450278489,0.874874974994999,0.0220713492161461,0.0206852531827116,0.023548092655546,0.9987916450889004,1.1341390965695168,1.0629143749757883,1.210021746688645,18.265618001304954,8.686979503851964,38.406076683116005,0.9922308546059934,0.1274533559486309,0.9975076357673368,0.99941455027273,0.9840504048908932,0.9962316687891852,0.1244171498950429,0.1305526081986044
all,0.0,pop_normal,mortality,Cohen_m4,toward,46298,901,0.0194608838394747,0.7923839838727506,0.7785335530308185,0.8062344147146826,0.0802898954229968,0.0703207336628091,0.0940854898247656,4.125706524188579,3.6134398747177983,4.834594903337405,0.05,0.1041036717062635,0.0923119339712991,0.1172071638402978,0.9849942023054362,5.349380457998432,4.743460509437521,6.0227050737825865,6.937563322206951,6.022361757344541,7.99184552321765,0.2674805771365149,0.9543141617287486,0.9838148918580002,0.9860887986129246,0.2396088655269785,0.2973266599837848,0.9523546304828414,0.9561968092332012,0.1,0.0816414686825054,0.0740966685364836,0.0898799335122354,0.9874484016511472,4.195157288637774,3.8074667701466383,4.618491855437821,6.504467910253604,5.718469810674637,7.398500682217922,0.4195338512763596,0.906337423177743,0.9863336103818144,0.9884733201571037,0.3877191651358424,0.4520317923798155,0.9036227133741258,0.9089833683598304,0.2,0.0573434125269978,0.0527888660146776,0.0622650874121598,0.990010259733247,2.946598571781294,2.7125626179218054,3.1994994639380434,5.740230576148503,5.036629449626582,6.542122543835961,0.5893451720310766,0.8077185717117871,0.9889454062393804,0.9909734755475336,0.5569087995814825,0.621022895866649,0.8040673169025189,0.8113177512015929,0.7110458335133267,0.0265188335358444,0.9979070115114368,0.9689234184239732,0.294072295526136,1.3626736459961457,12.670319822947404,8.701547376879804,18.449247870824014,0.0248376322220435,0.0283105277423756,0.9969766615216116,0.9985514876084752,0.9554520401325444,0.9784130695175868,0.2898985524010774,0.298280887867272,0.874874974994999,0.0220219725959758,0.0206374454669521,0.0234971564960918,0.9984464008285864,1.1316018726398311,1.060457769399502,1.207404385633808,14.174809694276426,7.3553124968994466,27.31702153425172,0.9900110987791344,0.1274093001740203,0.9970497319514848,0.9991824231586358,0.9811253141582952,0.994736096280836,0.1243735505744925,0.1305081034255073
all,0.0,all,prolonged_los,Cohen_m4,any,49990,31565,0.6314262852570514,0.5648834974931657,0.5595021730448696,0.5702648219414618,0.6537158503352688,0.6474872060825053,0.6602026532046562,1.035300343996835,1.0254359395553443,1.0455735984064871,0.05,0.5544,0.5348476608389111,0.5737854092402824,0.3645188460728574,0.8780122287343578,0.8470468736048525,0.9087132142538166,0.872409821398986,0.8417318979039506,0.9042058384251218,0.0439093933153809,0.939538670284939,0.3602011778336207,0.3688584314442271,0.041703971202522,0.0462258184036952,0.9360046792530584,0.9428894124949548,0.1,0.6721344268853771,0.658993182415501,0.685011312949693,0.3730968415905403,1.0644701409789323,1.0436581399952762,1.0848634732886158,1.0721503279560365,1.0502564323354393,1.0945006289369694,0.1064470140978932,0.9110447761194028,0.3686389167385742,0.3775764360897821,0.1030924168751881,0.109897393938776,0.9068480013540317,0.9150701815012596,0.2,0.6374274854970994,0.627952860897583,0.6467965412525171,0.3700740148029606,1.0095041976873118,0.99449908177634,1.0243421225158666,1.0119085423944107,0.9952666143248262,1.028828741397519,0.2019008395374623,0.8032564450474898,0.3653545542972464,0.3748184340866259,0.1975087970108779,0.2063654332047788,0.7974532444464554,0.8089332144832259,0.8928785757151431,0.646308950375266,0.4926237161531279,0.913923649611912,0.1431750339213025,1.0235699169732158,1.2738257008684393,1.2395584344673385,1.3090402768226463,0.6418609520283011,0.6507317661483284,0.4792432331875797,0.506014774811761,0.9107788457755338,0.916967713033897,0.1381919413241203,0.1483068910278816,0.874874974994999,0.6539613581799474,0.6494896025744612,0.6584060688097575,0.5261390887290168,1.035689158733267,1.028607167200929,1.042728318701086,1.380070275106468,1.3433218310329922,1.417824024171364,0.9060985268493584,0.1786160108548168,0.5137526038532849,0.5384934859023658,0.902830991539126,0.9092672262174608,0.1731524055077035,0.1842136049527695
all,0.0,all,prolonged_los,Cohen_m4,toward,49990,31565,0.6314262852570514,0.5648236111609628,0.5594422271770686,0.570204995144857,0.653679961141277,0.6471365460825349,0.6593272533671791,1.035243505701012,1.0248805936532843,1.044187213553787,0.05,0.5544,0.5348476608389111,0.5737854092402824,0.3645188460728574,0.8780122287343578,0.8470468736048525,0.9087132142538166,0.872409821398986,0.8417318979039506,0.9042058384251218,0.0439093933153809,0.939538670284939,0.3602011778336207,0.3688584314442271,0.041703971202522,0.0462258184036952,0.9360046792530584,0.9428894124949548,0.1,0.6721344268853771,0.658993182415501,0.685011312949693,0.3730968415905403,1.0644701409789323,1.0436581399952762,1.0848634732886158,1.0721503279560365,1.0502564323354393,1.0945006289369694,0.1064470140978932,0.9110447761194028,0.3686389167385742,0.3775764360897821,0.1030924168751881,0.109897393938776,0.9068480013540317,0.9150701815012596,0.2,0.6374274854970994,0.627952860897583,0.6467965412525171,0.3700740148029606,1.0095041976873118,0.99449908177634,1.0243421225158666,1.0119085423944107,0.9952666143248262,1.028828741397519,0.2019008395374623,0.8032564450474898,0.3653545542972464,0.3748184340866259,0.1975087970108779,0.2063654332047788,0.7974532444464554,0.8089332144832259,0.8902380476095219,0.6471473833224727,0.4960816475305267,0.912402977981942,0.1477340569877883,1.024897756765101,1.2842306301231132,1.2498516273706697,1.3195552777860162,0.6426950936813751,0.6515742709639023,0.4828594617260193,0.5093093161895555,0.9092337524966936,0.9154718331526702,0.1426838378902671,0.1529311398845703,0.874874974994999,0.6544186578255402,0.6499482512678367,0.6588619390779451,0.5293365307753797,1.036413391563401,1.0293335365398115,1.0434502878031515,1.390417358933001,1.353175645758122,1.4286840278884152,0.9067321400285124,0.1797014925373134,0.5169524819890379,0.5416845667581296,0.903474278667244,0.9098910112393708,0.1742245525157928,0.185311968759641
all,0.0,pop_normal,prolonged_los,Cohen_m4,any,46298,30921,0.6678690224199749,0.6796946728855874,0.6745548885148017,0.684834457256373,0.7945662721089619,0.7890944084329504,0.7990307926765616,1.189703737463236,1.181510718334748,1.196388462188786,0.05,0.8812095032397408,0.867393878229006,0.8937620368623913,0.3433599345201555,1.3194346101676375,1.298748480781557,1.338229513361631,1.3419977695022167,1.3201519691994037,1.364205072875892,0.0659745803822644,0.982116147493009,0.3389361466206735,0.3478110828053191,0.0632612208704061,0.0687957724304099,0.9798977844861032,0.984093678763866,0.1,0.8671706263498921,0.8570894599505994,0.8766430008223369,0.3542766631467793,1.2984142058389865,1.2833196797255215,1.3125971880622411,1.3429445350013864,1.3251625180380833,1.3609651643031606,0.1298470295268587,0.9600052025752748,0.3496977879983068,0.3588824058753422,0.1261463119178473,0.1336397107209881,0.9567914399061912,0.962989178600406,0.2,0.8368250539956803,0.829159113830907,0.8442116398313749,0.3743722663210757,1.2529777934055175,1.241499584494141,1.264037725200123,1.3375766593255658,1.3216790101742104,1.3536655313431345,0.2506063840108664,0.9017363594979516,0.3694567228147273,0.3793138674682352,0.2458071956651608,0.2554675335803399,0.8969305714638491,0.906341467954332,0.7214566503952654,0.7404646428357583,0.5201612903225806,0.7998771061737977,0.4362359367887104,1.108697391223115,1.5431532052375467,1.5140211470560518,1.572845808306767,0.73573585403311,0.7451381258039971,0.5115338297153679,0.5287767427803439,0.7953804432867166,0.8042992653395031,0.4284143848817761,0.4440893407921168,0.874874974994999,0.7020861622021972,0.6976132487741936,0.706520746506481,0.5713792508199551,1.0512333086781582,1.0445360173263354,1.0578732098495216,1.6380125403291697,1.5889636329135162,1.6885755134344569,0.9196985867209988,0.2152565519932366,0.5585921601000894,0.5840717346663296,0.9166170893146904,0.922675811057029,0.208831849386357,0.2218234926464221
all,0.0,pop_normal,prolonged_los,Cohen_m4,toward,46298,30921,0.6678690224199749,0.6781430491026987,0.6729881526581611,0.6832979455472363,0.7929714245935437,0.788716771014439,0.797704253373067,1.1873157729643895,1.1809452819904434,1.1944022354602457,0.05,0.8803455723542116,0.8664901742304653,0.8929407416199316,0.3433144624059295,1.318141046824336,1.2973953651732506,1.3369997883483586,1.340589250038268,1.3186926306117115,1.3628494583188009,0.0659098994211054,0.98198608311114,0.3388908186732679,0.347765474466906,0.0631978083812393,0.0687298390670825,0.979760303381028,0.9839710960763334,0.1,0.8652267818574514,0.8550871012456301,0.8747608935585082,0.3540606700585581,1.2955036883165578,1.2803215488978423,1.309779109665658,1.3394861432820466,1.3216460197341728,1.3575670801819462,0.1295559652016429,0.959419912856864,0.3494824471156162,0.3586658004050788,0.1258588585355225,0.133345107767089,0.9561846907785198,0.9624256406613412,0.2,0.833585313174946,0.8258611410833384,0.8410328178979983,0.3735622873805281,1.2481269308681366,1.2365615313177585,1.2592780764865796,1.330675494757937,1.3147659969388803,1.346777507535126,0.2496361695934801,0.8997853937699161,0.3686489762272401,0.3785018241800484,0.2448433400667362,0.2544912013913517,0.8949387830082732,0.9044322995207866,0.7110458335133267,0.7425880923450789,0.5159964120197339,0.7905953882474693,0.4489172140209403,1.1118768312600649,1.5342615443077168,1.5059625203385243,1.563092344298419,0.7378370154017132,0.7472825582509554,0.5075245027423472,0.5244591369384572,0.7860241948284954,0.795094383964807,0.4410693284044176,0.4567906170487623,0.874874974994999,0.7028021231946673,0.698332228897152,0.7072335525741206,0.5763852925945107,1.0523053167642284,1.0456125459551873,1.0589404940680005,1.6590597798152842,1.6089027395477595,1.7107804501435702,0.9206364606578054,0.2171424855303375,0.563614125598531,0.5890552176521109,0.9175710472843772,0.9235973679485078,0.2106967698779546,0.2237294971476416
all,0.0,all,unplanned_icu,Cohen_m4,any,49990,10243,0.2049009801960392,0.6972803705884315,0.6923457490644571,0.7022149921124059,0.2966852809125322,0.2900134436539048,0.3041828672422189,1.4479446639478166,1.4153833884856688,1.4845359302390435,0.05,0.2024,0.1871119464301151,0.2186012584307673,0.7949673615498,0.9877942009177,0.9131822905439284,1.0668629218933965,0.9871599055150456,0.911439672443923,1.069170794862926,0.0493995899638777,0.94983269177548,0.7913124467405913,0.7985745587359251,0.0453692561095179,0.0537677892020832,0.9476428422757234,0.9519355958321128,0.1,0.3206641328265653,0.3078676358031183,0.3337360479913077,0.8079615923184637,1.5649711998437958,1.5025190973150333,1.6287674547579296,1.6697916666666668,1.5969890113572045,1.7459132093212617,0.1564971199843795,0.9145595894029738,0.8042955163523664,0.8115750815785749,0.1495898291753506,0.1636619732141777,0.9117712091733442,0.9172678419143188,0.2,0.3077615523104621,0.2987892013774367,0.316881576692074,0.8208141628325665,1.5020013667870742,1.4582126502839077,1.5465107896941113,1.7175551214066425,1.656632660474193,1.7807179982952783,0.3004002733574148,0.8258736508415729,0.8170246499957114,0.8245420472781371,0.2915984059369033,0.309351802954781,0.8221140586003942,0.829570256933695,0.8928785757151431,0.228923490534334,0.9953314659197012,0.9975593087962512,0.1340981709311394,1.1172396067374168,49.03541167245436,33.1515134486505,72.52976856128878,0.2250491829890933,0.2328444555411682,0.9931170216904468,0.9968357322778736,0.9963993274295692,0.9983462144552588,0.1307834703015516,0.137483594514505,0.874874974994999,0.2324454098548073,0.2285102765706892,0.2364275419928457,0.9876898481215028,1.1344280033819996,1.115222954775823,1.1538624254829992,18.882416086257404,15.113601685304138,23.591043662427804,0.9924826710924534,0.1554331144488892,0.9846423452857636,0.9901386748953512,0.990615421310609,0.9939806516881188,0.1519044405634255,0.1590283875858028
all,0.0,all,unplanned_icu,Cohen_m4,toward,49990,10243,0.2049009801960392,0.6969349121085033,0.691992470619869,0.7018773535971377,0.2965744253652939,0.2899325136873116,0.3038078563897782,1.447403643855418,1.4149884173805245,1.4827057249755946,0.05,0.2024,0.1871119464301151,0.2186012584307673,0.7949673615498,0.9877942009177,0.9131822905439284,1.0668629218933965,0.9871599055150456,0.911439672443923,1.069170794862926,0.0493995899638777,0.94983269177548,0.7913124467405913,0.7985745587359251,0.0453692561095179,0.0537677892020832,0.9476428422757234,0.9519355958321128,0.1,0.3206641328265653,0.3078676358031183,0.3337360479913077,0.8079615923184637,1.5649711998437958,1.5025190973150333,1.6287674547579296,1.6697916666666668,1.5969890113572045,1.7459132093212617,0.1564971199843795,0.9145595894029738,0.8042955163523664,0.8115750815785749,0.1495898291753506,0.1636619732141777,0.9117712091733442,0.9172678419143188,0.2,0.3077615523104621,0.2987892013774367,0.316881576692074,0.8208141628325665,1.5020013667870742,1.4582126502839077,1.5465107896941113,1.7175551214066425,1.656632660474193,1.7807179982952783,0.3004002733574148,0.8258736508415729,0.8170246499957114,0.8245420472781371,0.2915984059369033,0.309351802954781,0.8221140586003942,0.829570256933695,0.8902380476095219,0.2295126171269352,0.9947147803900128,0.9971687982036512,0.1373185397640073,1.1201147837718926,43.42537000605151,30.194056987661597,62.45476588101659,0.2256290264952662,0.2334429018978731,0.9924198145842432,0.9963175039353802,0.995936858803784,0.9980279547051903,0.1339698574714129,0.1407373225647451,0.874874974994999,0.2323082199611295,0.2283739133407984,0.2362895495342676,0.986730615507594,1.1337584609837807,1.114557446832619,1.1531889662421204,17.50708332357669,14.128890713570824,21.69299577101727,0.9918969052035536,0.1552821596598485,0.9835812939304684,0.9892824385531912,0.989966841489251,0.993458138945696,0.1517549120381342,0.1588760357101519
all,0.0,pop_normal,unplanned_icu,Cohen_m4,any,46298,10197,0.2202470949069074,0.7280414997970088,0.7229329324913489,0.7331500671026687,0.3926786226281307,0.3819490125371488,0.400226945955861,1.7829003501458467,1.7341841112528116,1.81717241775664,0.05,0.4920086393088553,0.4716732497161269,0.5123705073046201,0.7940567946706683,2.2338938886654294,2.1415640007215107,2.3263439979591354,2.389050119532058,2.2832906551973813,2.4997082437333176,0.1116995194665097,0.9674247250768676,0.7902518753014754,0.7978103510166789,0.1057311541382047,0.1179603499039714,0.9655431565266585,0.9692068244841988,0.1,0.4565874730021598,0.44228133298965,0.470965593707197,0.8060142075453586,2.073069218893204,2.0081142644655112,2.138350991218575,2.353716049122108,2.2681717866867293,2.442486619581669,0.2073158772187898,0.9303066397052712,0.8021893255154516,0.8097826685420416,0.199558414345713,0.2152937876529926,0.9276339270492064,0.93288778203925,0.2,0.4095032397408207,0.3995269197045383,0.4195546155410558,0.827069496193099,1.8592900846837812,1.813994050061853,1.9049268991193296,2.368022013039893,2.290969493234796,2.447666051774356,0.3718740806119447,0.8485360516329188,0.8231840445722786,0.8308871072248826,0.362543146796647,0.3813015179416036,0.8448008131296658,0.8521971207983978,0.7214566503952654,0.2867193581222681,0.9519230769230768,0.9391978032754732,0.3400459821057588,1.3018076730749015,5.9637626489431765,5.512735327775854,6.451691006047127,0.2818942489309898,0.2915935209445639,0.9480942836547328,0.9554827029029934,0.9343920363401236,0.943672769606868,0.3351764592986418,0.3449495435253118,0.874874974994999,0.2480434514257499,0.2438615472445117,0.2522731435090248,0.9741066804764372,1.1262053264792948,1.1072179968938318,1.1454096301050145,9.579438094062462,8.172407365623727,11.22871512548144,0.9852897911150338,0.1563114595163569,0.9696919936912628,0.9778929808576364,0.9827635907754544,0.9874504746993,0.1526019183909484,0.1600941384171223
all,0.0,pop_normal,unplanned_icu,Cohen_m4,toward,46298,10197,0.2202470949069074,0.7261029422001485,0.720980987847709,0.7312248965525879,0.3898996648594865,0.3809060683601248,0.3997903076636272,1.7702828953284797,1.7294487744372915,1.8151899249005208,0.05,0.4855291576673866,0.4652104183363563,0.5058958443768882,0.7937157538139736,2.204474741755876,2.1122204519110155,2.2969467297206205,2.353689952792314,2.248401297352665,2.4639090897155587,0.1102284985780131,0.9670092241212156,0.7899085489689013,0.7974716552056127,0.1042960226260712,0.1164545476013892,0.965116459565504,0.9688026079536842,0.1,0.4511879049676026,0.4369006290505457,0.4655561143996404,0.8054142267447442,2.048553263135242,1.9836839583977803,2.1137900347626317,2.318709623111749,2.2338279105235714,2.406816698360122,0.2048641757379621,0.9296141381125176,0.8015849493603119,0.8091871937167533,0.1971421904712722,0.2128084551695737,0.9269294679590738,0.9322073853099349,0.2,0.4071274298056155,0.3971611157652859,0.4171707700476149,0.8264755116366974,1.8485030641502784,1.803252460302168,1.894103394298762,2.34622463748878,2.2697491065168847,2.4252768879847144,0.3697165833088163,0.8479266502312955,0.822584899250486,0.8302984066378475,0.3603976572844157,0.3791336378589182,0.8441853765836372,0.8515938842233123,0.7110458335133267,0.2891859052247874,0.9493945283300942,0.933607923899186,0.3518185091825711,1.3130066725602831,5.714518523038708,5.2998752077113975,6.161602051051681,0.2843130210228478,0.2941079855950432,0.9455494633464814,0.9529815729198572,0.9286104091808473,0.938278848270224,0.3469084026713466,0.356760149083219,0.874874974994999,0.2477225033946426,0.2435424544019292,0.2519504011627186,0.9718625927843948,1.124748108479471,1.1057692021085144,1.1439442652771938,8.80402737524641,7.56034553038948,10.25229570692586,0.9840149063450034,0.1559513586881249,0.9672814055027856,0.9758183680014616,0.981391946904967,0.9862733092637004,0.1522453742403848,0.1597305575415732
all,0.0,all,periop_infection,Cohen_m4,any,49990,1899,0.0379875975195039,0.6854049483968808,0.6740755968730902,0.6967342999206715,0.0655288787827804,0.0622427896656817,0.0699154459914599,1.7250071881786182,1.6385029254278212,1.8404808557730823,0.05,0.0532,0.0450678437248065,0.0627031909924056,0.9628132238365972,1.400457082675092,1.186383100475554,1.6506227054820204,1.4306160815402036,1.205046911154497,1.6984088783735716,0.0700368615060558,0.9507808113784284,0.9610735996679528,0.9644779775285316,0.0594050652478384,0.0824047417271614,0.9488111029996033,0.9526785070628612,0.1,0.0936187237447489,0.0858526852559536,0.1020088692653807,0.9681936387277456,2.464454976303317,2.2600188182965364,2.6853203657590234,2.943396226415094,2.662773018179389,3.2535936358549047,0.2464454976303317,0.905782786800025,0.96653168777553,0.9697756421740436,0.2275876324122672,0.2663271527175092,0.9031393111319332,0.9083614382540468,0.2,0.0751150230046009,0.0701100089316051,0.0804464245955964,0.9712942588517705,1.977356503422854,1.845602604787226,2.117702351518624,2.6167247386759582,2.3930889707962706,2.861259418917645,0.3954713006845708,0.8077186999646504,0.9696118935760636,0.9728860885141544,0.3737117909041314,0.4176528712937098,0.8041719047375376,0.8112163368155857,0.8928785757151431,0.0411784474067435,0.988608776844071,0.967877830437072,0.1100829677070553,1.0839971489537188,3.614927637100196,2.8054641254513677,4.657946506219665,0.0393741788337341,0.043061687960802,0.9853956923189277,0.991121322104488,0.9589545369347772,0.9749119499025928,0.1073166224028195,0.1129116026548964,0.874874974994999,0.0417285926603406,0.0398943503080856,0.0436433353356054,0.9881694644284572,1.0984793823540973,1.0501940873624016,1.148883798539715,3.5271938796004187,2.799942739309202,4.443339676067842,0.9610321221695628,0.1285271672454305,0.9851744080912642,0.990565255938578,0.9513565309762811,0.968846180589411,0.1255655897079895,0.1315480879467883
all,0.0,all,periop_infection,Cohen_m4,toward,49990,1899,0.0379875975195039,0.6854161830220745,0.6740878906985487,0.6967444753456004,0.0655297385953819,0.0623373446057876,0.0698384668322877,1.7250298222133449,1.6409920257205486,1.838454427038475,0.05,0.0532,0.0450678437248065,0.0627031909924056,0.9628132238365972,1.400457082675092,1.186383100475554,1.6506227054820204,1.4306160815402036,1.205046911154497,1.6984088783735716,0.0700368615060558,0.9507808113784284,0.9610735996679528,0.9644779775285316,0.0594050652478384,0.0824047417271614,0.9488111029996033,0.9526785070628612,0.1,0.0936187237447489,0.0858526852559536,0.1020088692653807,0.9681936387277456,2.464454976303317,2.2600188182965364,2.6853203657590234,2.943396226415094,2.662773018179389,3.2535936358549047,0.2464454976303317,0.905782786800025,0.96653168777553,0.9697756421740436,0.2275876324122672,0.2663271527175092,0.9031393111319332,0.9083614382540468,0.2,0.0751150230046009,0.0701100089316051,0.0804464245955964,0.9712942588517705,1.977356503422854,1.845602604787226,2.117702351518624,2.6167247386759582,2.3930889707962706,2.861259418917645,0.3954713006845708,0.8077186999646504,0.9696118935760636,0.9728860885141544,0.3737117909041314,0.4176528712937098,0.8041719047375376,0.8112163368155857,0.8902380476095219,0.0412556456868076,0.9885183160196828,0.966824644549763,0.1127861762076064,1.086029345910223,3.593170283865293,2.799575699594578,4.611724801984201,0.0394470994813618,0.0431433847645479,0.9853379381962902,0.9910151221433124,0.9577801373177308,0.9739842302470731,0.1099897855625431,0.1156444246559598,0.874874974994999,0.0416828626957814,0.0398496065196742,0.0435966272278606,0.9878497202238208,1.0972755693323395,1.0490162348175431,1.1476542365038185,3.4306092916067463,2.7313790195145504,4.308841807590023,0.9599789362822538,0.1284855794223451,0.984819580628122,0.9902809875025684,0.9501944332275328,0.9679061590655934,0.1255244177541714,0.1315060908981327
all,0.0,pop_normal,periop_infection,Cohen_m4,any,46298,1873,0.0404553112445462,0.719881730157638,0.7082058376747269,0.7315576226405491,0.0989639216374574,0.0913461652942317,0.1082001974096066,2.4462528798563814,2.2579523549345115,2.674560992883059,0.05,0.1451403887688984,0.1313791077652598,0.1600774539938529,0.9650546802173569,3.587672033754651,3.2475119761430853,3.956895870265565,4.153357006650919,3.719267942650832,4.63811015788269,0.1793913507741591,0.9554530106921778,0.9632973948788014,0.9667307342606184,0.1626767317584295,0.1974184408975901,0.95349483285966,0.9573324258010744,0.1,0.1198704103671706,0.1108280200927199,0.1295430793423578,0.96836901219161,2.963032706449154,2.739517177924585,3.20212786299652,3.7896511829888206,3.44821527415456,4.164895445006616,0.2963160704751735,0.908272369161508,0.96664488442136,0.9700067849399476,0.2760698024728278,0.3173961565084734,0.9055528401069172,0.9109212945686984,0.2,0.0952483801295896,0.0894358961055515,0.1013965550883463,0.9732436956639128,2.35440977215149,2.210733111529538,2.5063842538602548,3.5598481364679526,3.2605358660595423,3.8866368214588864,0.4709022957821676,0.8114124929656725,0.9715505193952853,0.974838711965177,0.4483790892920308,0.4935446191338692,0.8077479843635972,0.8150231481612716,0.7214566503952654,0.0514639841925633,0.9880583126550868,0.9177789642285104,0.2868204839617332,1.2721193487171898,4.309607403553874,3.659181672477965,5.075647408396939,0.0491456847976948,0.053885444943398,0.986032830363171,0.9897931053599466,0.9044664079335052,0.9293812646671022,0.2826332752129215,0.2910445584220657,0.874874974994999,0.0446117763239106,0.0426440367011747,0.0466658881721151,0.9886069394096324,1.102742135741812,1.0541023017570672,1.1535169730873396,3.915697276430519,3.0676613766858534,4.998167423944961,0.9647624132407902,0.1289138998311761,0.9855319417962678,0.9910343318103804,0.9554153311168032,0.9722069040254698,0.1258297741557252,0.1320621984317392
all,0.0,pop_normal,periop_infection,Cohen_m4,toward,46298,1873,0.0404553112445462,0.7210599398315247,0.7093435236753938,0.7327763559876557,0.1001687923041977,0.0911225311385112,0.107738178858804,2.4760356359315243,2.2524244242663083,2.663140525790128,0.05,0.145572354211663,0.1317927106808412,0.1605263506987716,0.9650774162744696,3.5983496290932067,3.257735674907416,3.96799198326307,4.1684302443304535,3.733312294090332,4.654261238566616,0.1799252536038441,0.9554755205402364,0.9633206669258028,0.9667529303565264,0.1631894416830756,0.1979713510018264,0.9535178027803892,0.9573544716837732,0.1,0.1226781857451403,0.1135398046200068,0.1324421901033345,0.9686810022079292,3.0324370761497645,2.806548784995769,3.273789918528662,3.9170533667651415,3.5665907675065007,4.301953343756634,0.3032568072610785,0.908564997186269,0.9669648807013792,0.9703107111697512,0.2828594147795345,0.3244596045772402,0.9058492951601838,0.9112100449599962,0.2,0.0956803455723542,0.089855582499316,0.1018404413187077,0.9733516928559858,2.365087367490045,2.2211071855597098,2.5173565147749764,3.5904849435753343,3.2886707608903043,3.9199977946564593,0.4730379071009076,0.8115025323579066,0.9716617325475856,0.9749434707963,0.4505049154620124,0.495681273079418,0.8078386825745525,0.8151125131640282,0.7110458335133267,0.0517010935601458,0.9872178203019883,0.9087026161238656,0.2972875633089477,1.2779803682048214,4.0447791207463775,3.460739280512468,4.727382449105847,0.0493610383377449,0.0541457650724622,0.985169520335572,0.9889863835872482,0.8948081047995919,0.920924027310012,0.2930549391342461,0.3015552430947679,0.874874974994999,0.0445623997037402,0.0425957253995196,0.0466154555985565,0.9882616951493182,1.101521613178733,1.0529081124116175,1.1522703487997716,3.7963232571142265,2.98465078005119,4.828729166183786,0.9636946075814202,0.1288688801350591,0.9851466291133087,0.990729613563393,0.9542299622934814,0.9712610327910266,0.1257852219256656,0.1320167190549427
all,24.0,all,mortality,Cohen_m4,any,32049,586,0.0182845018565321,0.4761807004684737,0.4522614104854729,0.5000999904514746,0.0167590004559787,0.0154592802538037,0.0187862160077699,0.9165686102622228,0.8454854485565806,1.0274393120017375,0.05,0.0106117353308364,0.0066358959539682,0.0169290683613166,0.9813117876966532,0.5803677570272654,0.3629246235985125,0.9258698155492104,0.5678304140913489,0.3514358664404007,0.917468619332948,0.0290102389078498,0.9496233671296443,0.9797288039986456,0.9827733292757268,0.0181899905793072,0.0459655386339594,0.9471511685625637,0.951985781998118,0.1,0.0096723868954758,0.0068225019653401,0.0136963045721965,0.98075856330606,0.5289937331281647,0.3731303165310369,0.7490663229254756,0.5026852749785667,0.3507542127482209,0.720426088970927,0.0529010238907849,0.8991196008009408,0.9791079942674782,0.98228108934424,0.037515582389239,0.0741103185306011,0.8957428374249892,0.9023989118886756,0.2,0.0117004680187207,0.0093449965506588,0.0146408779991585,0.9800694254846132,0.6399117739453606,0.5110883864369721,0.8007261075000544,0.5870612515302961,0.4614243159845919,0.7469066997757137,0.1279863481228668,0.7986523853415123,0.97828534359515,0.9817096672541938,0.1033398556665581,0.15747864204537,0.7941849798498233,0.803046869437523,0.8300102967331274,0.017067027555355,0.9757709251101322,0.7747440273037542,0.16896036614436,0.9334149592518336,0.7044027736482907,0.5815740684380489,0.8531729567241874,0.0155788156177063,0.018694705484558,0.9713403657204344,0.9795309875485236,0.739193543528048,0.8067157310975465,0.164860274287971,0.173141287330466,0.76729383132079,0.0167540970273677,0.0152237242907067,0.0184354312941781,0.9766693483507642,0.9163004362288544,0.8326026276328686,1.0082545009336448,0.7181152622420033,0.6026443155918018,0.8557112653729916,0.7030716723549488,0.2315100276515272,0.9729900866014386,0.97985780017225,0.6648518995193263,0.7386462599865479,0.2268821801300565,0.236203431868575
all,24.0,all,mortality,Cohen_m4,toward,32049,586,0.0182845018565321,0.4684984280251607,0.4440508629333606,0.4929459931169607,0.0165831246993111,0.015191987672061,0.0182592737619343,0.9069497670447516,0.8308669162148213,0.9986202470925472,0.05,0.0106117353308364,0.0066358959539682,0.0169290683613166,0.9813117876966532,0.5803677570272654,0.3629246235985125,0.9258698155492104,0.5678304140913489,0.3514358664404007,0.917468619332948,0.0290102389078498,0.9496233671296443,0.9797288039986456,0.9827733292757268,0.0181899905793072,0.0459655386339594,0.9471511685625637,0.951985781998118,0.1,0.0096723868954758,0.0068225019653401,0.0136963045721965,0.98075856330606,0.5289937331281647,0.3731303165310369,0.7490663229254756,0.5026852749785667,0.3507542127482209,0.720426088970927,0.0529010238907849,0.8991196008009408,0.9791079942674782,0.98228108934424,0.037515582389239,0.0741103185306011,0.8957428374249892,0.9023989118886756,0.2,0.0117004680187207,0.0093449965506588,0.0146408779991585,0.9800694254846132,0.6399117739453606,0.5110883864369721,0.8007261075000544,0.5870612515302961,0.4614243159845919,0.7469066997757137,0.1279863481228668,0.7986523853415123,0.97828534359515,0.9817096672541938,0.1033398556665581,0.15747864204537,0.7941849798498233,0.803046869437523,0.819931979156916,0.0166679351548824,0.974354531277075,0.7474402730375427,0.1787178590725614,0.91158814638025,0.649936849856935,0.5406181089853459,0.7813610047113796,0.0151891565541332,0.018288010434043,0.9699496970639482,0.9781282554118392,0.7107279209005906,0.7809295003460628,0.1745237897495362,0.1829903752564615,0.76729383132079,0.0164694400390386,0.0149525497199096,0.0181373808125154,0.9757307589165995,0.900732224933704,0.8177717849375187,0.9919537844032552,0.6786137227135383,0.5706272011986324,0.807035808471429,0.6911262798634812,0.2312875440994183,0.9719856441803492,0.9789860301580608,0.6525737048385731,0.7271892688140142,0.2266612891945016,0.235979410023306
all,24.0,pop_normal,mortality,Cohen_m4,any,24206,392,0.0161943319838056,0.5268625212745718,0.4961254320457842,0.5575996105033594,0.0228802264065257,0.0191694299391544,0.0305115262520193,1.4128539806029623,1.1837122987427862,1.8840867460621955,0.05,0.0347107438016528,0.0257809548810281,0.0465856537440181,0.9847799617324752,2.1433884297520662,1.5919739639034878,2.876664118693121,2.280595041322314,1.6646813088142358,3.124390064912014,0.1071428571428571,0.9509532207944906,0.9831146842648766,0.9862832962846936,0.0802482000668143,0.1416627865500546,0.9481367500079204,0.953624222321327,0.1,0.0251961999173895,0.0196652960557292,0.0322315371229823,0.9848060592150564,1.555865344898802,1.2143320314412789,1.9902974173441592,1.6583057861037171,1.2661043169617243,2.171999608076688,0.1556122448979592,0.9008986310573612,0.9830940976440474,0.986347068057942,0.1230885595671958,0.1948204222073321,0.8970386733608677,0.9046292661891208,0.2,0.021896302416856,0.0181370829685427,0.0264137233983775,0.9852310870126516,1.352096674240859,1.1199648733075116,1.6310474198498128,1.4825940430154434,1.189049071237945,1.8486075550241203,0.2704081632653061,0.80116738053246,0.9834333020079682,0.9868363913535596,0.2288228651081892,0.3164497894081628,0.7960497120069022,0.8061878979703178,0.3726348839130794,0.0181818181818181,0.9849861714737258,0.4183673469387755,0.6281179138321995,1.1227272727272726,1.211004784688995,0.9924946896103553,1.4776226048276262,0.0156225838372554,0.021151288611924,0.98292570218666,0.9868013290682284,0.3705573369978628,0.4677618290523957,0.6219591977696804,0.6342353013993794,0.76729383132079,0.016260162601626,0.0145386999091047,0.0181816953598089,0.9840227232380614,1.0040650406504066,0.8977647193872189,1.1227196884682051,1.0177055103884374,0.8057865846270593,1.2853583388390015,0.7704081632653061,0.2327622406987486,0.9804029272183932,0.986982780409084,0.7262690334587871,0.8092987289997318,0.2274382383004464,0.2381724491096168
all,24.0,pop_normal,mortality,Cohen_m4,toward,24206,392,0.0161943319838056,0.4895498574839358,0.4573991053997679,0.5217006095681038,0.0211582228676986,0.016599842056018,0.0297659992385975,1.3065202620803913,1.025040246959117,1.838050452983399,0.05,0.0330578512396694,0.0243696361709993,0.0447016495717202,0.9846929900852324,2.041322314049587,1.5048250335592106,2.7603268610537275,2.1596543951915854,1.565273368763892,2.9797396414874244,0.1020408163265306,0.9508692365835224,0.983023289512344,0.9862007767960084,0.0758337006043033,0.1359722338907067,0.9480505544454406,0.9535424765536404,0.1,0.0239570425444031,0.0185782052862218,0.0308442394623341,0.98466834978196,1.4793473771168937,1.1472041764241987,1.9046317867991307,1.5625873408078514,1.186147566319927,2.0584953061349403,0.1479591836734693,0.9007726547409088,0.9829491937959124,0.986216601599103,0.1162311178356811,0.1865202857560585,0.8969105723670957,0.9045054551876428,0.2,0.0200371824003305,0.0164536072365068,0.0243819073858907,0.9847663310095534,1.237296013220409,1.0160102468542962,1.5055827810787532,1.31532215994034,1.047963990880105,1.6508891521903966,0.2474489795918367,0.8007894515831023,0.9829425688253352,0.986397796888637,0.2073178895751768,0.2924820303928104,0.7956682265850957,0.8058136474063745,0.3542097000743617,0.0167949615115465,0.9841351074718526,0.3673469387755102,0.6460065507684555,1.0370888733379986,1.058624348179417,0.8635684543399965,1.297737897819354,0.0142833342881043,0.0197393970246305,0.9820539704993264,0.9859783482726932,0.3211253233710617,0.4161433214606083,0.6399097085989661,0.6520562938955671,0.76729383132079,0.0153986970333279,0.0137253875329203,0.0172724328931309,0.9811823184803836,0.9508695418080008,0.8475426801578306,1.0665727311508388,0.8183100036673239,0.656136139123444,1.0205675654393922,0.7295918367346939,0.2320903670110019,0.9772919740539148,0.9844167956230618,0.6835502105918372,0.7711771348918108,0.22677187740268,0.2374952793660508
all,24.0,all,prolonged_los,Cohen_m4,any,32068,22988,0.7168516901584133,0.4221270731942887,0.4146907632501131,0.4295633831384644,0.6422825809764633,0.6362596022998472,0.6493503119994871,0.8959769360863592,0.8875749489538673,0.905836340925681,0.05,0.3923892701185277,0.3687702981694588,0.4165227885915512,0.2660758247168882,0.5473785937950648,0.5144303950625634,0.5810445791088336,0.5346455169802294,0.5028601855175825,0.5684399701138443,0.0273621019662432,0.8927312775330396,0.2611432349564387,0.2710674021555412,0.0253308717411559,0.0295512739326382,0.8861991976787539,0.8989311815211652,0.1,0.4434050514499532,0.4262889349265785,0.4606565936226966,0.252763244516822,0.6185450317512224,0.5946682427886515,0.6426107379629649,0.5933929884956459,0.5704944597487622,0.6172106192772852,0.0618583608839394,0.8034140969162996,0.2477823501946029,0.2578099479457064,0.0588168222750843,0.0650463135948148,0.7951120434014608,0.8114595198895594,0.2,0.5282195198004366,0.5159891545570426,0.5404161016898551,0.2359865907850627,0.7368602558274057,0.7197990346413452,0.7538743496167685,0.6913746714775715,0.6749062874325797,0.7082449004573392,0.1473812423873325,0.6667400881057268,0.2308303162935834,0.241221923673476,0.1428576475310394,0.1520226721037305,0.6569755820450457,0.6763635638070792,0.8301110140950481,0.7039819684447783,0.2202643171806167,0.8152079345745606,0.13215859030837,0.982046883769234,0.9028469312822864,0.8884091734256844,0.9175193207232544,0.6984689222764582,0.7094361487933756,0.2094587139621009,0.2314641477732802,0.810137980543758,0.8201725553465032,0.1253479273227031,0.1392803770722128,0.7674317076213047,0.7104835432750914,0.7047845519960099,0.7161168322072591,0.2621346205417001,0.9911165071230916,0.9831664787457824,0.998974881469566,0.9628904716964624,0.9478877259691124,0.9781306742166296,0.7606142335131373,0.2153083700440528,0.2522774036883915,0.2722367591424033,0.7550548175510723,0.7660865598321123,0.2069750970890001,0.2238824378992806
all,24.0,all,prolonged_los,Cohen_m4,toward,32068,22988,0.7168516901584133,0.420207809054178,0.4128025703761309,0.4276130477322251,0.6417840492916856,0.6364701484799362,0.6500206715442748,0.8952814900246118,0.8878686584937617,0.9067714849087264,0.05,0.3923892701185277,0.3687702981694588,0.4165227885915512,0.2660758247168882,0.5473785937950648,0.5144303950625634,0.5810445791088336,0.5346455169802294,0.5028601855175825,0.5684399701138443,0.0273621019662432,0.8927312775330396,0.2611432349564387,0.2710674021555412,0.0253308717411559,0.0295512739326382,0.8861991976787539,0.8989311815211652,0.1,0.4434050514499532,0.4262889349265785,0.4606565936226966,0.252763244516822,0.6185450317512224,0.5946682427886515,0.6426107379629649,0.5933929884956459,0.5704944597487622,0.6172106192772852,0.0618583608839394,0.8034140969162996,0.2477823501946029,0.2578099479457064,0.0588168222750843,0.0650463135948148,0.7951120434014608,0.8114595198895594,0.2,0.5282195198004366,0.5159891545570426,0.5404161016898551,0.2359865907850627,0.7368602558274057,0.7197990346413452,0.7538743496167685,0.6913746714775715,0.6749062874325797,0.7082449004573392,0.1473812423873325,0.6667400881057268,0.2308303162935834,0.241221923673476,0.1428576475310394,0.1520226721037305,0.6569755820450457,0.6763635638070792,0.8200386678308594,0.7036544092482032,0.2230116097730029,0.8049417087175917,0.1417400881057268,0.9815899423947878,0.9056176618580244,0.8913384933998244,0.9201255814061494,0.698105712221782,0.7091436132142528,0.2124579305698617,0.2339338111534091,0.7997685742833862,0.8100129405649068,0.1347173905410159,0.149065805326248,0.7674317076213047,0.7099959366111337,0.7042941988053225,0.7156321242762399,0.2605256100831322,0.9904363013418234,0.98248244159079,0.9982987193879616,0.960135937487912,0.9452173394110436,0.975289999472709,0.7600922220288846,0.2139867841409691,0.2506890420701919,0.2706087565858395,0.7545287786385027,0.765568750217124,0.2056729489499552,0.2225425320421395
all,24.0,pop_normal,prolonged_los,Cohen_m4,any,24225,18551,0.7657791537667699,0.5502322836565953,0.5417689591257887,0.5586956081874018,0.7955459811939456,0.787539215523018,0.8027194217919369,1.0388712950473469,1.028415583852359,1.0482388007605885,0.05,0.8133773740710157,0.7904549103106877,0.834317899576626,0.2367254714521595,1.0621565892334837,1.0322230716552427,1.089501973868997,1.0656419723824635,1.036299059572337,1.095815732740149,0.0530968680933642,0.9601691928093056,0.231277790110632,0.2422610320524329,0.0499616948223522,0.0564170952827597,0.95476148759077,0.9649542015542036,0.1,0.8117258464079273,0.7956673966432238,0.8267969885004723,0.2393248635508875,1.0599999261081363,1.039029846567953,1.0796807205230954,1.0671123683588808,1.0453809733263693,1.0892955159506112,0.1059781143873645,0.919633415579838,0.2337075125147484,0.2450340582040483,0.1016299014383087,0.1104894841564462,0.9122723284588512,0.9264266588464656,0.2,0.81671826625387,0.805574325461814,0.8273603532045299,0.2469556243550051,1.066519325103768,1.0519669039034254,1.080416395686472,1.084555296697273,1.0677817935705662,1.101592290369366,0.2133038650207536,0.8434966513923158,0.2409346276978445,0.2530769205599579,0.2074686498604379,0.2192577954895455,0.8338105999426443,0.8527178865160127,0.3729205366357069,0.8008634049147665,0.2550852478441182,0.3900059295994825,0.6829397250616849,1.0458151034478045,1.0751074570572834,1.060300301383371,1.0901213955255282,0.7925011417242696,0.8089698997686463,0.2482157628980725,0.2620785727796353,0.3830104639635171,0.3970469416464557,0.6707113823033574,0.6949205155643111,0.7674317076213047,0.7786025496207842,0.7725770545059304,0.7845129289871261,0.2765353212637558,1.01674555358544,1.0088771034125472,1.0244636787619603,1.076213632130397,1.0571509306324751,1.0956200750732432,0.7802813864481699,0.2745858301022206,0.2650108779455246,0.2883643002432347,0.7742652664300604,0.7861814473807436,0.2631282969459578,0.2863483915196027
all,24.0,pop_normal,prolonged_los,Cohen_m4,toward,24225,18551,0.7657791537667699,0.542368686029674,0.533964942312246,0.550772429747102,0.7922969334397995,0.7852777038894477,0.7976266133849076,1.0346284950988702,1.025462367350648,1.0415883084065218,0.05,0.8125516102394715,0.7895946441904486,0.8335318605324716,0.236682019640219,1.06107825767081,1.0310996849503324,1.0884755172982117,1.0644995023652983,1.0351149006494569,1.0947182673392062,0.0530429626435232,0.9599929502996124,0.2312346931995216,0.2422172398435834,0.0499093459584182,0.0563616555682129,0.9545746179388516,0.9647888246763844,0.1,0.8080099091659785,0.7918408133593855,0.823203466530942,0.2389120763197725,1.0551474340761051,1.0340328663485048,1.0749880856402387,1.0616512022144045,1.03980825891742,1.0839529937343988,0.1054929653387957,0.9180472329925978,0.2332981482231129,0.2446179934706938,0.1011537999562514,0.1099954884321764,0.9106240298898386,0.9249047386478394,0.2,0.8171310629514964,0.8059963069357835,0.8277633110315264,0.2470588235294117,1.0670583796021778,1.052517952429484,1.08094260200198,1.085252192982456,1.0684834926794968,1.1022840600182446,0.2134116759204355,0.8438491364117024,0.2410369543612324,0.2531809513401843,0.2075753533245853,0.2193666691823597,0.8341715145104522,0.85306146500768,0.3544685242518059,0.8003959473622918,0.2532293132114081,0.3704921567570481,0.6979203383856186,1.0452046695515886,1.0718095414327384,1.0569515006470742,1.0868764483545057,0.791808242412596,0.8087149938673047,0.2464746988525132,0.2601051401863888,0.3635699949143402,0.3774679452855912,0.6858422722324526,0.7097305806629153,0.7674317076213047,0.7742993921790113,0.7682337542691965,0.7802516923613357,0.2623358182463614,1.0111262344637244,1.003205363439776,1.0188991023369822,1.0496638054707772,1.0315587318796011,1.0680866444781254,0.7759689504608916,0.2604864293267536,0.251013555818966,0.2739819672904451,0.7699121982523675,0.7819114292799744,0.2492309097151894,0.2720660563713599
all,24.0,all,unplanned_icu,Cohen_m4,any,23451,193,0.0082299262291586,0.3611987986082676,0.3212423005175229,0.4011552966990123,0.0110683282129349,0.0052753721252878,0.0248326972576215,1.3448879011478576,0.6409987135239602,3.017365717038766,0.05,0.000852514919011,0.0001505017996716,0.0048132928180577,0.9913816321034205,0.1035871884234658,0.0182871383632084,0.5848524864055534,0.0989183716965046,0.0138748078733306,0.7052237658653054,0.005181347150259,0.9496087367787428,0.9900802541540455,0.9925135723813696,0.0009151977360702,0.0287614559794045,0.9467223554091267,0.9523466159830608,0.1,0.0017057569296375,0.0006635185613326,0.0043779452819508,0.991045200416943,0.2072627241291691,0.0806226620819218,0.531954377238491,0.1904852156451303,0.0708225850614251,0.5123311631155767,0.0207253886010362,0.8993464614326253,0.9896818690424072,0.9922298095369336,0.0080883734737952,0.0520696419050677,0.8954135015258058,0.903147520401194,0.2,0.0029850746268656,0.0017790066521432,0.0050046905224695,0.9904589307606204,0.3627097672260459,0.216163134711975,0.6081087950385152,0.3128658384057367,0.1817777851727382,0.5384873225752376,0.0725388601036269,0.7989508986155301,0.9889639886050348,0.9917530561900568,0.0436981251932999,0.1180644290635238,0.7937508419051298,0.8040522142381121,0.8200929597884952,0.0063955906821963,0.9834083906138896,0.6373056994818653,0.178390231318256,0.7771139745501884,0.3854713869740908,0.2879870635841465,0.5159543915843758,0.0053633214239889,0.0076250159305876,0.9790909101357294,0.9868463393220764,0.5674077532244536,0.7018442748021424,0.1735232016076437,0.1833634861600178,0.7642318024817705,0.0061935051891529,0.0051459535273579,0.0074527073913014,0.985169108337855,0.7525590165327819,0.6252733480314634,0.9055618706394328,0.4176084169613039,0.3144211369937765,0.5546598793718446,0.5751295336787565,0.2341989852953822,0.981629393279522,0.9880350916028936,0.5045905632670429,0.6427360181060002,0.2288003789388615,0.2396853835985293
all,24.0,all,unplanned_icu,Cohen_m4,toward,23451,193,0.0082299262291586,0.3443617595282831,0.3033118036254868,0.3854117154310793,0.0109261050092578,0.0050964210090803,0.0232620020891447,1.327606676539404,0.6192547620929674,2.8265140465934437,0.05,0.000852514919011,0.0001505017996716,0.0048132928180577,0.9913816321034205,0.1035871884234658,0.0182871383632084,0.5848524864055534,0.0989183716965046,0.0138748078733306,0.7052237658653054,0.005181347150259,0.9496087367787428,0.9900802541540455,0.9925135723813696,0.0009151977360702,0.0287614559794045,0.9467223554091267,0.9523466159830608,0.1,0.0017057569296375,0.0006635185613326,0.0043779452819508,0.991045200416943,0.2072627241291691,0.0806226620819218,0.531954377238491,0.1904852156451303,0.0708225850614251,0.5123311631155767,0.0207253886010362,0.8993464614326253,0.9896818690424072,0.9922298095369336,0.0080883734737952,0.0520696419050677,0.8954135015258058,0.903147520401194,0.2,0.0029850746268656,0.0017790066521432,0.0050046905224695,0.9904589307606204,0.3627097672260459,0.216163134711975,0.6081087950385152,0.3128658384057367,0.1817777851727382,0.5384873225752376,0.0725388601036269,0.7989508986155301,0.9889639886050348,0.9917530561900568,0.0436981251932999,0.1180644290635238,0.7937508419051298,0.8040522142381121,0.8094750756897361,0.0057946583785492,0.9814234556848702,0.5699481865284974,0.1885372774959154,0.7040960291987458,0.3119341401850355,0.2350249645387576,0.4140109456199124,0.004810383468575,0.0069789180232538,0.977030806823292,0.9849889570252306,0.499406292685573,0.637759834799674,0.1835619367931554,0.1936154918417296,0.7642318024817705,0.005802923780828,0.0047918741112698,0.0070257913979467,0.9839030566105986,0.7051003398144984,0.5822499470641971,0.8536882594468822,0.3604984897100919,0.2720741511151482,0.4776608161804223,0.538860103626943,0.2338980135867228,0.9802339754616272,0.9869001640734718,0.4684586581545727,0.6077447460038979,0.2285018859077636,0.2393820326208536
all,24.0,pop_normal,unplanned_icu,Cohen_m4,any,17172,132,0.0076869322152341,0.4824594981505192,0.4285245524632975,0.5363944438377409,0.0118008921404935,0.0078556322784686,0.0202213772146146,1.5351887866405751,1.0219463445898709,2.630617344919416,0.05,0.0186263096623981,0.011497084536228,0.0300419418621283,0.9928891068472996,2.423113556990158,1.495666179212935,3.908183527700509,2.6194050820922485,1.56012841035313,4.397896313251338,0.1212121212121212,0.9505281690140844,0.991478560716236,0.9940675636023334,0.0760035161122655,0.1878449662377656,0.9471694180262952,0.95368382623291,0.1,0.0110658124635993,0.0070955609684427,0.0172190534620777,0.992688450339696,1.4395616032191454,0.9230679768946944,2.2400423185666547,1.513470191371037,0.9333079204654268,2.4542725610068747,0.1439393939393939,0.9003521126760563,0.9912174367815844,0.9939145927748864,0.0941249177951213,0.2138926556139079,0.8957640767952949,0.9047596736718534,0.2,0.0081537565521258,0.0056473642846348,0.0117593713834657,0.9924297568787304,1.060729602372002,0.7346707537556819,1.5297873136126765,1.0770798799336947,0.7107982715331568,1.6321101418208313,0.2121212121212121,0.8001173708920187,0.9908363385993016,0.993747852794667,0.1510338418338256,0.2894910047521981,0.7940453998521984,0.8060540519052035,0.3423014209177731,0.0074855392990813,0.9922082521692934,0.3333333333333333,0.6576291079812207,0.9738006124532154,0.960700918679823,0.6699142428651575,1.377708064848577,0.0055810297685473,0.0100333995625655,0.990410919940155,0.9936708536970325,0.2586321887372849,0.4174611434967287,0.6504696980941699,0.6647174601812275,0.7642318024817705,0.0073154004419721,0.0059946636527469,0.0089245077646944,0.9911089157816744,0.95166709386019,0.7798512442800761,1.160997328297975,0.8227793441540298,0.5618649050270529,1.2048551940327017,0.7272727272727273,0.2355046948356807,0.9877160447647552,0.993570763977042,0.6456752127166784,0.796015697873303,0.229193737175238,0.2419348844378612
all,24.0,pop_normal,unplanned_icu,Cohen_m4,toward,17172,132,0.0076869322152341,0.4384491926305306,0.3828664335713275,0.4940319516897337,0.0097104886330889,0.0067594853732301,0.015725176214055,1.263246293995484,0.8793475971902157,2.045702469301164,0.05,0.0151338766006984,0.0088652614012803,0.0257199973530495,0.992705204438178,1.9687797650545031,1.1532899150211078,3.345937837473988,2.0746128486318858,1.1751210943213315,3.662616978375501,0.0984848484848484,0.9503521126760563,0.9912783263289306,0.9939000797665236,0.0584608230284046,0.1612185682626284,0.9469879195447364,0.9535132914029176,0.1,0.0093185789167152,0.0057439851640244,0.015083963207284,0.9924943384018116,1.2122624027108595,0.747240251792638,1.9622864863294105,1.241539975498564,0.7378860133382262,2.088969682170179,0.1212121212121212,0.9001760563380282,0.9910058713410856,0.9937380308152054,0.0760035161122655,0.1878449662377656,0.8955845309522694,0.904587186203328,0.2,0.0075713453698311,0.0051721507429106,0.0110710641858981,0.9922841752802446,0.9849632022025732,0.6728497921004691,1.4402448045472966,0.9812749310447136,0.640045291906925,1.504425549991909,0.1969696969696969,0.8,0.990677101337303,0.99361600825581,0.1381111992983935,0.2729675865816314,0.7939267338111413,0.8059380290718934,0.3228511530398323,0.0068542568542568,0.9919160646714826,0.2878787878787879,0.6768779342723005,0.8916765053128689,0.8478861563967947,0.5824988752487742,1.2341842443941142,0.0049979404987944,0.0093935302310115,0.9901181630895484,0.9933890401034526,0.2175001267148075,0.3702550234012099,0.6698167622320175,0.6838593714396308,0.7642318024817705,0.0066295816505372,0.0053782072685032,0.0081697279789214,0.9888861447270932,0.8624483038107972,0.6996558728389188,1.0628073398033226,0.5965150245116716,0.4169379024798503,0.8534368603855983,0.6590909090909091,0.2349765258215962,0.9851620279632306,0.9916834525016364,0.5747514992528577,0.7344321381601291,0.2286706355669982,0.2414018861114478
all,24.0,all,periop_infection,Cohen_m4,any,31525,537,0.0170340999206978,0.4573905763725683,0.4339509264598921,0.4808302262852444,0.0146623846340507,0.013292131826937,0.0161813398655863,0.8607666212075438,0.7803248712182327,0.9499380619415456,0.05,0.0088832487309644,0.0052988575792099,0.0148560744089083,0.9825369795318708,0.5214979818317594,0.311073529207812,0.8721373291263214,0.5086891323970456,0.2999040867368898,0.862824632482841,0.0260707635009311,0.9495933909900608,0.980990357277477,0.9839598262803996,0.0155920476856957,0.0432821217568914,0.9471012054013788,0.9519741176991368,0.1,0.0072969543147208,0.0048672863962352,0.010926155201087,0.9818841856694746,0.4283733422189453,0.2857378093879238,0.6414283849427724,0.4027947174544233,0.2656870416053735,0.6106567464820888,0.0428305400372439,0.8990254291983993,0.9802657879397556,0.9833721103667284,0.0287071470925791,0.0634484859060659,0.8956211297121243,0.902330806128952,0.2,0.011736716891356,0.0093598447885276,0.0147082186733921,0.9816415543219666,0.6890130353817505,0.5494769217101217,0.8634573439081715,0.6393088552915767,0.500979830944397,0.8158328683287629,0.1378026070763501,0.7989221634180973,0.9799098731441852,0.9832265271414872,0.1112111356946702,0.169539457454969,0.7944225749278573,0.8033476459937674,0.8306740681998414,0.0161148661549623,0.9784563506931436,0.7858472998137802,0.1685491157867561,0.9460356713876894,0.7480100481320802,0.6099349360092339,0.9173421607351347,0.0146592007005883,0.0177124814678838,0.9742035863839572,0.9820209486153584,0.7491831797416955,0.8184506709088462,0.1644221307134403,0.1727582709829855,0.7682157018239493,0.0163101825088776,0.0147898677417552,0.0179839243220158,0.9805665799917886,0.9575018688870937,0.8682506155657974,1.0557601755149908,0.8392852365659811,0.6940642319343231,1.014891239034876,0.7355679702048417,0.2312185362075642,0.9771396411361096,0.9834884758784894,0.6966873529034129,0.7711021070789553,0.2265577124629658,0.235945993673684
all,24.0,all,periop_infection,Cohen_m4,toward,31525,537,0.0170340999206978,0.4538454724709919,0.4300613840299994,0.4776295609119845,0.0145976964641371,0.0133676609795848,0.0161941878963836,0.8569690522009751,0.784758868494251,0.9506923155186114,0.05,0.0088832487309644,0.0052988575792099,0.0148560744089083,0.9825369795318708,0.5214979818317594,0.311073529207812,0.8721373291263214,0.5086891323970456,0.2999040867368898,0.862824632482841,0.0260707635009311,0.9495933909900608,0.980990357277477,0.9839598262803996,0.0155920476856957,0.0432821217568914,0.9471012054013788,0.9519741176991368,0.1,0.0072969543147208,0.0048672863962352,0.010926155201087,0.9818841856694746,0.4283733422189453,0.2857378093879238,0.6414283849427724,0.4027947174544233,0.2656870416053735,0.6106567464820888,0.0428305400372439,0.8990254291983993,0.9802657879397556,0.9833721103667284,0.0287071470925791,0.0634484859060659,0.8956211297121243,0.902330806128952,0.2,0.011736716891356,0.0093598447885276,0.0147082186733921,0.9816415543219666,0.6890130353817505,0.5494769217101217,0.8634573439081715,0.6393088552915767,0.500979830944397,0.8158328683287629,0.1378026070763501,0.7989221634180973,0.9799098731441852,0.9832265271414872,0.1112111356946702,0.169539457454969,0.7944225749278573,0.8033476459937674,0.8207137192704202,0.0158852858191937,0.9777070063694268,0.7653631284916201,0.1783270943591067,0.9325579803539722,0.7125685353181198,0.5848599855794108,0.8681632015265799,0.0144320376246505,0.0174822745145867,0.973521223840616,0.9812438459590755,0.7277133637230265,0.7992431425812222,0.1741050057505718,0.182628929027928,0.7682157018239493,0.016227599306301,0.0147112691827084,0.0178973826714098,0.980292869850828,0.9526537581585516,0.8636364264150541,1.0506796810357464,0.8234379731329314,0.6815452708269829,0.9948716902906954,0.7318435754189944,0.2311539950948754,0.976844393156228,0.9832365912272936,0.6928247924839889,0.7675687867081441,0.2264936374543141,0.2358810024573715
all,24.0,pop_normal,periop_infection,Cohen_m4,any,23836,401,0.0168232924987414,0.5093857526016408,0.4806289677815079,0.5381425374217736,0.0207879704567954,0.0169565973508802,0.0288148977457416,1.2356659945341055,1.0079238265725234,1.712797762263085,0.05,0.0184563758389261,0.0122194106789921,0.0277872256514382,0.9832626744391452,1.0970727543557215,0.7263388352729583,1.6517114978246448,1.102707584423864,0.7202928492828918,1.6881522813345995,0.054862842892768,0.9500746746319608,0.9815079075643676,0.9848534961642774,0.0365062543775409,0.0816673720482018,0.947211710435374,0.9527901053540206,0.1,0.0163590604026845,0.0119899560195453,0.0222843442522984,0.9831251165392504,0.9724053959062076,0.7126997298800083,1.3246125426378708,0.969432496570136,0.6986200795922523,1.345222378885414,0.0972568578553615,0.8999359931726051,0.9813129578466392,0.9847642712097124,0.0719626949305318,0.1301943956451401,0.8960281026147058,0.903712785603934,0.2,0.0186700230753094,0.0151971477891125,0.022918056035722,0.9836383659342388,1.109772244446572,0.9033396875343812,1.362281256028605,1.14108548084319,0.9035651124317448,1.4410428829936626,0.2219451371571072,0.8003840409643695,0.9817378762065178,0.9853440294073788,0.1840176550423843,0.2651496242095502,0.795217342681629,0.8054522740284392,0.3719164289310287,0.0172588832487309,0.9834346403045888,0.3815461346633416,0.6282483464902923,1.025892122485664,1.0418658915998036,0.8532021113508013,1.2722478315958452,0.0147494376870915,0.0201865341088192,0.981262546581122,0.9853586963440788,0.3353372532725678,0.4300030674849827,0.6220402908113534,0.6344143626472885,0.7682157018239493,0.0168204904155971,0.01505660947229,0.0187870684331743,0.9831674208144796,0.9998334402647742,0.8949858937194639,1.116729583972928,0.9992818230771444,0.7940058936774451,1.2576281484606149,0.7680798004987531,0.2317900576061446,0.9794241218151016,0.9862392822513124,0.7243436861173626,0.8067282195366018,0.2264315795497217,0.2372364542834861
all,24.0,pop_normal,periop_infection,Cohen_m4,toward,23836,401,0.0168232924987414,0.4946585956699887,0.465122481308045,0.5241947100319324,0.0205037148743744,0.0162248691324143,0.028388105858191,1.2187694457495983,0.964428879402068,1.6874286564484848,0.05,0.0184563758389261,0.0122194106789921,0.0277872256514382,0.9832626744391452,1.0970727543557215,0.7263388352729583,1.6517114978246448,1.102707584423864,0.7202928492828918,1.6881522813345995,0.054862842892768,0.9500746746319608,0.9815079075643676,0.9848534961642774,0.0365062543775409,0.0816673720482018,0.947211710435374,0.9527901053540206,0.1,0.0163590604026845,0.0119899560195453,0.0222843442522984,0.9831251165392504,0.9724053959062076,0.7126997298800083,1.3246125426378708,0.969432496570136,0.6986200795922523,1.345222378885414,0.0972568578553615,0.8999359931726051,0.9813129578466392,0.9847642712097124,0.0719626949305318,0.1301943956451401,0.8960281026147058,0.903712785603934,0.2,0.0174113698342773,0.0140680776162244,0.0215318467241686,0.9833237191252818,1.0349561380793872,0.8362261797015608,1.2798830386964697,1.0440799099680322,0.8217178025488646,1.3266146297640056,0.2069825436408977,0.8001280136547898,0.9814063819001732,0.9850463568464224,0.1701993277304851,0.2493267288802979,0.7949588962673738,0.805198749748716,0.3536247692565867,0.0167279629849329,0.9831245537742584,0.3516209476309227,0.6463409430339236,0.9943334805707288,0.9912604834956242,0.8089319326530202,1.2146848288179146,0.0142019476857523,0.0196942896157997,0.9809669146546308,0.9850413272313928,0.3064955943115379,0.3995622811637096,0.6401960681283441,0.6524378477047661,0.7682157018239493,0.016547430506253,0.0147985043097122,0.0184991683275438,0.982262443438914,0.9836023779228136,0.879643762409731,1.0996163996392387,0.932903607622941,0.7443630614442567,1.1691997980491853,0.7556109725685786,0.2315767015148282,0.9784318924219242,0.9854228145025788,0.7112548200695442,0.7951160667167939,0.2262199951780268,0.2370213964101991
all,0.0,all,mortality,Gaussian_mle,any,49651,906,0.0182473666190006,0.8025937906802917,0.7902355181770481,0.8149520631835353,0.0573920989068562,0.0532661068701076,0.0630688785639558,3.1452263828083,2.919112000229265,3.456327692692024,0.05,0.0728956906967378,0.0633166282039388,0.0837943096217755,0.9846294097693352,3.99486085958469,3.469904974562656,4.592131641314323,4.742543363839627,4.050311436273841,5.55308348796777,0.1997792494481236,0.952774643553185,0.9834790535097524,0.9857008311271874,0.1750351134142822,0.2270586136696409,0.9508555977237354,0.9546223285455936,0.1,0.0704934541792547,0.0637002529962242,0.0779507909815109,0.987557624311865,3.863212465181213,3.4909285447191283,4.27189263026821,5.665594412687373,4.972533412007628,6.455252763422785,0.3863134657836644,0.9053236229356856,0.986487115948294,0.9885443104329532,0.3551513029908818,0.418435659838692,0.9026925431215072,0.9078908205660516,0.2,0.0546827794561933,0.0503806058853661,0.0593293778131861,0.9908612572694544,2.9967490979905693,2.760979539530146,3.251393971084441,5.983621715645885,5.248676788733662,6.821477160262958,0.5993377483443708,0.8074264027079701,0.9898768033441584,0.9917507734917927,0.5670737112006317,0.6307629232201291,0.8039016433737838,0.8109027092285148,0.9151880123260356,0.0198723591549295,0.9992875801472334,0.9966887417218544,0.0863268027489999,1.0890535368668968,27.89416813380282,8.983348755654912,86.61409425823143,0.0186291339033191,0.0211967596892683,0.9979073246515492,0.999757688429844,0.9903099035699158,0.9988732685338878,0.0838660743895306,0.0888527292507183,0.874874974994999,0.020650122012984,0.0193545293447939,0.0220304933380382,0.9985514244326412,1.131676830095662,1.060675205848082,1.2073245306036815,14.255467562963306,7.397012395882773,27.47303161906444,0.9900662251655628,0.1272745922658734,0.997249000157874,0.999237704602305,0.9812288691850372,0.9947651939573824,0.1243452368451726,0.1302626921358516
all,0.0,all,mortality,Gaussian_mle,toward,49651,906,0.0182473666190006,0.8035000816294737,0.7911885961918474,0.8158115670671,0.0579769039717584,0.0526354120908154,0.0632051030703706,3.177275120421391,2.884548394835628,3.4637931264315385,0.05,0.0757148610551751,0.0659522274572279,0.086788341141914,0.984777815468114,4.149358240894595,3.614342213552788,4.756211838893126,4.973981290042484,4.257997780804366,5.810357625179183,0.2075055187637969,0.9529182480254385,0.983632732604352,0.9858439392582958,0.182361251352785,0.2351197695194195,0.9510019136559236,0.9547631989247208,0.1,0.0704934541792547,0.0637002529962242,0.0779507909815109,0.987557624311865,3.863212465181213,3.4909285447191283,4.27189263026821,5.665594412687373,4.972533412007628,6.455252763422785,0.3863134657836644,0.9053236229356856,0.986487115948294,0.9885443104329532,0.3551513029908818,0.418435659838692,0.9026925431215072,0.9078908205660516,0.2,0.0546827794561933,0.0503806058853661,0.0593293778131861,0.9908612572694544,2.9967490979905693,2.760979539530146,3.251393971084441,5.983621715645885,5.248676788733662,6.821477160262958,0.5993377483443708,0.8074264027079701,0.9898768033441584,0.9917507734917927,0.5670737112006317,0.6307629232201291,0.8039016433737838,0.8109027092285148,0.9016736823024712,0.020170207062923,0.9993854977468252,0.9966887417218544,0.1000923171607344,1.1053763254759272,32.82365029373003,10.57031515861587,101.92619637522358,0.0189085221229669,0.0215142327284919,0.998194693866659,0.9997909960500996,0.9903099035699158,0.9988732685338878,0.097459405515824,0.1027882573947957,0.874874974994999,0.0207191859662047,0.0194214012750333,0.0221017370994687,0.999034282955094,1.1354617024371187,1.0643399500073731,1.211228861728169,21.45471706800497,9.61722129400478,47.86256553700085,0.9933774834437086,0.1273361370396963,0.9978944885878492,0.9995573364674972,0.9856271655418998,0.9969614520812118,0.1244061659562358,0.130324842872495
all,0.0,pop_normal,mortality,Gaussian_mle,any,46088,901,0.0195495573685124,0.6209853137855768,0.606212583001948,0.6357580445692055,0.0251528804488962,0.0231001649643818,0.0270477214445297,1.2866214807200091,1.181620868899477,1.3835464882746813,0.05,0.0208333333333333,0.0157494016386341,0.0275124929385326,0.980517997441988,1.06566777654458,0.8056142316552388,1.4073205044962205,1.069363032434545,0.8019931547637227,1.4258691465695934,0.053274139844617,0.9500741363666542,0.9791805892838504,0.9817710918787124,0.0404151342915949,0.0699263884677477,0.9480274716608348,0.9520442809307346,0.1,0.0210457799956606,0.0172832528830162,0.025606058555729,0.9806166976060176,1.076534859533861,0.8840738722224778,1.3098024713833951,1.0857685428358317,0.8814621292464235,1.3374293568569993,0.1076581576026637,0.9001482727333082,0.9792447042397164,0.9818996740663252,0.089059609255215,0.129588162907338,0.8973498716016672,0.9028786419562655,0.2,0.0241917986548058,0.0212478414381311,0.0275321766441573,0.9816110659072416,1.2374601735878916,1.086870717203761,1.4083273664549634,1.3155628560511656,1.1327992075181414,1.527813240630099,0.2475027746947835,0.8009383229689955,0.9801886338006202,0.9829331473592794,0.2204345483868292,0.2767150079554079,0.7972311567402801,0.8045943246422131,0.7493924665856622,0.0244658057791418,0.9951515151515152,0.9378468368479468,0.2543651935291123,1.2514762006094209,5.046072441947999,3.85347874457448,6.607755946555448,0.0228885972808832,0.0261487881490817,0.9937096215519992,0.9962641374789362,0.9201470617436968,0.9518287625331712,0.2503706760007974,0.2584014730888093,0.874874974994999,0.0219240594231293,0.0205396011593907,0.0233996067754025,0.9970521935148258,1.121460655597322,1.0506427727347376,1.196937932369314,7.43741474665807,4.606177384838406,12.008903151641755,0.981132075471698,0.1272489875406643,0.995283941378178,0.9981586788455344,0.9699917452598462,0.9881870122154952,0.1242079310710485,0.1303534179258243
all,0.0,pop_normal,mortality,Gaussian_mle,toward,46088,901,0.0195495573685124,0.6430700961575706,0.6285996893231834,0.6575405029919578,0.0269436584438472,0.0243679986340728,0.0289460681758491,1.3782234521199044,1.2464731643142628,1.48065082140792,0.05,0.0221354166666666,0.0168758302540311,0.0289858961313498,0.980586515622145,1.1322720125786163,0.8632333681995432,1.4826881031094932,1.1402083333333335,0.8622286911683219,1.507807681093485,0.0566037735849056,0.9501405271427624,0.9792513334171092,0.981837372083278,0.0433119993715396,0.0736605182492241,0.948095121920441,0.9521094009358008,0.1,0.0227815144282924,0.0188547917480356,0.0275030974975001,0.9808095662865548,1.165321239701602,0.96446131196833,1.4068399083959902,1.1871286896622404,0.9707604932175256,1.4517221659363522,0.1165371809100998,0.9003253148029301,0.9794440381681592,0.9820860417769912,0.0971947065139477,0.1391357186123948,0.8975290782923853,0.9030534893046742,0.2,0.0270123671078325,0.0238946520470037,0.0305241529777973,0.9823162462706808,1.381738041360471,1.2222605144753718,1.5613730992682842,1.527524501941387,1.3223747795970795,1.7645006090801545,0.2763596004439512,0.8015137096952664,0.9809197883810752,0.9836122065711406,0.2481550377176873,0.3064631407568656,0.7978104984114501,0.8051656585982038,0.6906353063704218,0.0259503612943763,0.9947397952026932,0.9167591564927858,0.3138734591807378,1.327414263413117,4.933336684469578,3.898022140360749,6.243630735273583,0.0242601104224794,0.0277550255704068,0.9934118737195012,0.9958011883579796,0.8969032878229489,0.933076235664919,0.3096105677479041,0.3181679952430538,0.874874974994999,0.0220232633119218,0.0206356401362649,0.0235019566745307,0.9977457950407492,1.126535138201835,1.0555553635962005,1.2021733398621235,9.769858424604092,5.654359524268054,16.880803781072512,0.9855715871254164,0.1273375085754752,0.9961467701726664,0.9986821296536604,0.975471169938194,0.9915489140190422,0.1242955320495618,0.1304428439668741
all,0.0,all,prolonged_los,Gaussian_mle,any,49651,31473,0.6338845139070713,0.5838459398686414,0.5785982773323994,0.5890936024048834,0.6899476558598978,0.6842192419155998,0.6945161241246525,1.0884437791471988,1.07940677979066,1.0956508778608052,0.05,0.7595650422875554,0.7423630009543366,0.7759651466848215,0.372731512890095,1.198270387780619,1.1711328872488729,1.2241427731086352,1.2109089774096533,1.1831418498844146,1.2393277709807495,0.0599243796269818,0.9671581032016724,0.3683783202504209,0.3771054346174409,0.057355472482072,0.0626007050780043,0.964466920941368,0.9696518759136216,0.1,0.7224572004028197,0.7098331570250132,0.7347372635736229,0.3759566754688269,1.1397300053125028,1.1198146372906597,1.1591027189557384,1.1577035952521122,1.1362756250799462,1.1795356556780554,0.1139707050487719,0.924194080756959,0.3714764820977348,0.3804581947081011,0.1105069035456301,0.1175287326600049,0.920255983848894,0.927952923658033,0.2,0.691742195367573,0.6825868896971554,0.700749200542093,0.3805795423075955,1.091274798786114,1.076831622671924,1.1054840198301863,1.116757102186448,1.09988252392665,1.1338905729963606,0.218250563975471,0.831609638023985,0.3758164386354839,0.3853657431457016,0.2137215946673824,0.2228483056621347,0.8260996652372549,0.8369794807168051,0.9151880123260356,0.6454225352112676,0.4906198052719069,0.9318463444857495,0.1136538673121355,1.0182020873693212,1.2670742637644046,1.2291153339316372,1.306205484198608,0.6410118099572937,0.6498086738461706,0.4755359280325823,0.5057207815908588,0.9290090895840336,0.9345781897699404,0.1091212711695031,0.1183497238478552,0.874874974994999,0.6529075924305907,0.6484174287810508,0.6573707125761977,0.499114759375503,1.0300103222371957,1.022926754882215,1.0370512264519045,1.303507349540893,1.2703684486913085,1.3375107135709436,0.9011215962888826,0.1705908240730553,0.4866861831513078,0.5115444296408854,0.8977746403831128,0.9043706421982248,0.165192347820054,0.1761285005586932
all,0.0,all,prolonged_los,Gaussian_mle,toward,49651,31473,0.6338845139070713,0.5828954598687693,0.5776479300153019,0.5881429897222368,0.689792097657341,0.683530941334404,0.6953325201107874,1.0881983745046433,1.0783209343943854,1.096938803292368,0.05,0.7635924285138945,0.7464811579710792,0.7798893193444042,0.3729435210312076,1.2046238893064969,1.17762958645258,1.2303334475508854,1.217741071377874,1.190093070803936,1.2460313846872522,0.0602421122867219,0.9677082187259324,0.3685898080427749,0.3773179285760982,0.0576666706321453,0.0629248946918673,0.9650379583407622,0.9701808370974292,0.1,0.7224572004028197,0.7098331570250132,0.7347372635736229,0.3759566754688269,1.1397300053125028,1.1198146372906597,1.1591027189557384,1.1577035952521122,1.1362756250799462,1.1795356556780554,0.1139707050487719,0.924194080756959,0.3714764820977348,0.3804581947081011,0.1105069035456301,0.1175287326600049,0.920255983848894,0.927952923658033,0.2,0.6910372608257804,0.6818764863907875,0.7000502799872871,0.3804033131089348,1.090162712078951,1.0757109085816092,1.1043814206351092,1.1153017365105369,1.098430182457056,1.1324324325110668,0.2180281511136529,0.8312245571570029,0.3756406530218394,0.3851891044465956,0.2135008856594616,0.2226242432353,0.8257097121423269,0.8365994348034917,0.9016736823024712,0.6480153677768098,0.4956984842277755,0.9217742191719888,0.1331279568709429,1.0222924737230763,1.284976046095201,1.2487001182434003,1.322305824204789,0.6435787704684723,0.6524265650517105,0.4816821146016645,0.5097216181759187,0.9187557739829684,0.9246897132542262,0.1282668847176365,0.1381440601450664,0.874874974994999,0.6528615497951102,0.6483712511802074,0.6573248130492612,0.4987928536938677,1.0299376865528236,1.0228539062799378,1.036978816531912,1.302578294437065,1.2694823252507106,1.3365370902690503,0.9010580497569344,0.1704808009682033,0.4863644931192723,0.5112227061428095,0.8977101586567912,0.9043080463717588,0.1650837485022038,0.176017100159903
all,0.0,pop_normal,prolonged_los,Gaussian_mle,any,46088,30845,0.669263148758896,0.6400691123994455,0.6346120828597742,0.6455261419391168,0.7541896878709589,0.7489994358062559,0.7597088682096423,1.1268955854951128,1.1191404116530628,1.1351422375764628,0.05,0.7921006944444444,0.7750507818335152,0.8081781538092082,0.3372008039466472,1.183541475297635,1.1580658269782151,1.2075641028613644,1.1950839698675244,1.169125416787298,1.2216188909475765,0.0591668017506889,0.9685757396837892,0.33278699249185,0.3416431808373601,0.0565882406741775,0.0618551565650886,0.9656858906547172,0.9712294636702076,0.1,0.7821653287047082,0.7700160250440257,0.7938446546723558,0.3432821427710407,1.168696244750935,1.1505429911567209,1.1861472668030324,1.1910218674501685,1.171239055692004,1.2111388207647955,0.1168746960609499,0.9341337007150824,0.3387274678881549,0.3478658439837106,0.113336933172906,0.1205078799820877,0.930085462893294,0.9379631695526546,0.2,0.7776090258190497,0.7690049621416573,0.7859817988541073,0.357824789802007,1.1618883054611238,1.149032280602519,1.174398740333542,1.2108985421273115,1.1948842846550305,1.2271274282842968,0.2323877451775004,0.8655120383126681,0.3529467637944399,0.362732440077825,0.2277077711524743,0.237134370602372,0.8600035880728369,0.8708362994485235,0.7493924665856622,0.7297758990097863,0.5116883116883116,0.8171502674663641,0.3877189529620153,1.0904169762866929,1.4944878782913178,1.4652742104245502,1.5242839889419395,0.7250671023809099,0.7344335861984739,0.5025696868546504,0.5207991639005823,0.8127970426723296,0.8214245029431791,0.3800132649085415,0.3954812217659971,0.874874974994999,0.6998338334862727,0.6953412490379278,0.7042883430594657,0.5444771978498353,1.0456781234467607,1.038965391008592,1.0523339651458796,1.5363310687915244,1.4925182257464549,1.5814300369790404,0.9148322256443508,0.2059961949747425,0.5315981984109344,0.557296981106729,0.9116652318155264,0.9178959015269976,0.199650258945718,0.2124902856245096
all,0.0,pop_normal,prolonged_los,Gaussian_mle,toward,46088,30845,0.669263148758896,0.6390982663761634,0.6336466703942442,0.6445498623580826,0.7539902663790338,0.7482890123377102,0.7596784711743404,1.1265976137745797,1.1180789107025575,1.1350968189166153,0.05,0.7834201388888888,0.7661359302238983,0.7997607933640637,0.3367440160789329,1.1705711577601268,1.1447454288266825,1.194987046346668,1.1811731184955616,1.1549128406736549,1.2080304995507145,0.058518398443832,0.9672636620087908,0.3323317202414766,0.3411849575022375,0.0559534778457884,0.0611932742708291,0.9643188992819118,0.9699729608761948,0.1,0.7763072249945758,0.7640490964024212,0.7881051332160421,0.3426312109742279,1.159943179949749,1.1416273222562745,1.177571385302673,1.180931066327429,1.1610438646960977,1.2011589103761156,0.1159993515966931,0.9323623958538344,0.3380786685061882,0.347212900333686,0.1124733764617693,0.1196209657776488,0.9282658287721872,0.936241086548557,0.2,0.7778259926231287,0.7692247949335866,0.7861957189039097,0.3578790344453485,1.1622124930463529,1.1493607504911376,1.1747183755176978,1.2113387264208977,1.1953247444137691,1.2275672506442088,0.2324525855081861,0.865643246080168,0.3530008386223279,0.3627868432339614,0.2277721450856348,0.2371996611814764,0.8601369940108365,0.8709652429272059,0.6906353063704218,0.7405278039585297,0.4898302707252069,0.7641757172961582,0.4581775241094273,1.1064822638625618,1.4515322283256415,1.426567038115638,1.476934314037622,0.7356833427787499,0.7453142129796477,0.4816285794868628,0.4980374406433844,0.7594054420744445,0.7688801970206716,0.4502792377092175,0.4660968857234547,0.874874974994999,0.6979241586270182,0.6934236762727324,0.7023869299616143,0.5311253684758106,1.0428247243573354,1.0361001910214844,1.0494929106199022,1.4885091060658335,1.4471048043166683,1.53109806023148,0.9123358729129518,0.2009446959259988,0.5182291532017385,0.5439801439655931,0.909128194466752,0.915440855153575,0.1946590768185604,0.2073810152094173
all,0.0,all,unplanned_icu,Gaussian_mle,any,49651,10237,0.2061791303297013,0.6966349711561968,0.6915082276285209,0.7017617146838726,0.3246894979702776,0.3194496962993813,0.332199718637393,1.574793226894818,1.5493793954244977,1.6112189342644525,0.05,0.3991139750302054,0.3800215923574104,0.4185180492506437,0.8039772727272727,1.935763209360626,1.8431622625903863,2.0298759073306347,2.036059698704816,1.933648373421645,2.143895008870873,0.096805704796327,0.96214543055767,0.8003699024355553,0.8075351321645778,0.0912279282500091,0.1026859782008044,0.96021581644012,0.9639849647614568,0.1,0.3722054380664653,0.3588629691782785,0.3857455126054837,0.8122678243745245,1.8052527308232944,1.7405397365117423,1.8709241424611576,1.9826406252757265,1.9030887418380853,2.065517893399508,0.1805216371983979,0.920916425635561,0.8086203644439559,0.8158615983652387,0.1731911120436876,0.1880918512627656,0.9182109120269898,0.9235398955565488,0.2,0.3317220543806646,0.3225279208654023,0.341046340274417,0.8252058105284359,1.6089021902954364,1.564309250648441,1.6541263886846809,1.8977865075694047,1.8322265560136244,1.9656922974353497,0.3217739572140276,0.8316334297457756,0.8214394095092044,0.8289093133413357,0.3127926020809251,0.3308890265852189,0.827906911225191,0.8352953073356547,0.9151880123260356,0.2248019366197183,0.9947755877463784,0.9978509328904952,0.1062820317653625,1.0903234302144802,43.02913432298335,28.35341351290269,65.30100510623828,0.2209869537419268,0.2286634472928307,0.992101957563497,0.9965472955899312,0.9967480348804438,0.9985803178205686,0.1032775962572944,0.1093632095244204,0.874874974994999,0.2335973111100879,0.2296418871066876,0.2375998515584614,0.9855142443264124,1.1329823282140252,1.113797922900669,1.1523952554194754,16.12600104363307,13.12641375610596,19.8110401280235,0.9912083618247534,0.1553508905465063,0.982228999748442,0.9881994570422212,0.9892067017148176,0.9928414924492246,0.1518082626432944,0.1589606963552114
all,0.0,all,unplanned_icu,Gaussian_mle,toward,49651,10237,0.2061791303297013,0.6967726355908431,0.6916478636500029,0.7018974075316834,0.3251919027291904,0.3192164846819692,0.3339819155324181,1.577229966045427,1.5482482837691174,1.6198628590505122,0.05,0.4023358840112767,0.3832129108732709,0.4217605944758433,0.8041468792401628,1.9513899557530427,1.858640640594781,2.04560274263164,2.054273541572191,1.951527810620465,2.1624287189952165,0.0975871837452378,0.9623484041203634,0.800540667519372,0.8077035524815703,0.0919885473482769,0.1034877306951213,0.9604236279956224,0.9641830607683816,0.1,0.3720040281973816,0.3586631956340542,0.3855427778467667,0.8122454460009847,1.8042758624624595,1.739570804574233,1.8699408481849973,1.9813315857006195,1.9018073633071608,2.064181119621049,0.1804239523297841,0.9208910539402244,0.8085978221065937,0.8158393878028727,0.1730950349655791,0.187992631891801,0.9181851522665712,0.923514916871664,0.2,0.3315206445115811,0.3223280048550324,0.3408435923244515,0.8251554593288185,1.6079253219346012,1.5633396277285545,1.6531430304289678,1.8960880519286556,1.830572477793728,1.9639484064567647,0.3215785874767998,0.8315826863551022,0.8213886393086874,0.8288593908810667,0.3125987495808369,0.3306922861871608,0.8278557289308633,0.8352450127393757,0.9016736823024712,0.2276575308807433,0.990782466202376,0.9956041809123768,0.1227228903435327,1.1041734947503945,24.69831257243976,18.45628609292307,33.05142978683227,0.2237966895933536,0.2315651072330511,0.9876892554729766,0.9931038999989484,0.9941235476183424,0.9967129867539888,0.1195202275643091,0.125999090774014,0.874874974994999,0.2337354390165293,0.2297791853575201,0.2377387846909687,0.9864799613713182,1.1336522694744258,1.1144638402057472,1.1530691021482162,17.288074792972576,13.970285009065108,21.39380333711708,0.9917944710364364,0.1555031207185264,0.9832928436738728,0.9890658537071252,0.9898530346357024,0.9933669382227782,0.1519590489261877,0.1591143407441386
all,0.0,pop_normal,unplanned_icu,Gaussian_mle,any,46088,10194,0.2211855580628363,0.658441553962341,0.6529814786066744,0.6639016293180077,0.3079545227167553,0.3012831125035883,0.3168010430399136,1.3922903710976866,1.362128319508081,1.4322862930766662,0.05,0.3467881944444444,0.3276232078173174,0.3664632494161425,0.7854238991412388,1.5678609285418437,1.4812142830963826,1.6568136393065702,1.6161547956951097,1.5238082338950785,1.7140977883888684,0.0783794388856189,0.9580709867944504,0.7815535493242555,0.7892441672729472,0.073319350436101,0.0837571823078474,0.9559480110118314,0.9600959218356524,0.1,0.3371664135387285,0.323658777778129,0.3509452667223368,0.7917018250198896,1.524359983046196,1.4632907347693165,1.5866554299292777,1.6186719522190882,1.5480406605380628,1.6925258849403018,0.1524426133019423,0.91488828216415,0.7877668006156006,0.7955828221836244,0.1455957786321562,0.159551302687483,0.9119568484616096,0.9177309175014556,0.2,0.3156866999349099,0.3062767382554794,0.3252502226934052,0.8024410089503662,1.427248246674527,1.384704955142097,1.4704858017945517,1.597936384761138,1.5407827360522643,1.657210085495716,0.2854620364920541,0.8242603220593971,0.7983453952543376,0.8064736046732426,0.2767767381069413,0.2943089708532762,0.8202882545626491,0.8281629882552479,0.7493924665856622,0.2728009728415079,0.9331601731601732,0.9242691779478124,0.3002730261325012,1.233357978842399,4.081413518548467,3.8043982512733914,4.378599507508056,0.2681290392326992,0.2775234427125598,0.9284599186577562,0.9375723800713522,0.9189719007613728,0.929246804655664,0.2955525392665725,0.305036260478981,0.874874974994999,0.2467200714267999,0.2425363789071937,0.2509520220491041,0.9573435061557136,1.115443854416162,1.0965290004978168,1.1345768876004625,5.783880698855103,5.112151439641956,6.543874205129493,0.9758681577398468,0.1538140079121858,0.9518162720799308,0.9622618408940936,0.9727050383555804,0.9786727512347188,0.1501187754357828,0.1575833344314577
all,0.0,pop_normal,unplanned_icu,Gaussian_mle,toward,46088,10194,0.2211855580628363,0.66580291965337,0.6604312065909171,0.6711746327158229,0.3104100636761279,0.3028719207699513,0.3167973547873172,1.4033920948308205,1.3693114660040726,1.4322696181516454,0.05,0.3346354166666667,0.3156570222009747,0.3541643381558193,0.7847843961264389,1.512917116277549,1.4271140709435477,1.601209144293251,1.5548845466765715,1.4639066602825193,1.6515164655559542,0.0756327251324308,0.957290912130161,0.7809099452165511,0.7886088775609572,0.0706581872660859,0.0809269873849892,0.9551496806011832,0.9593342698767756,0.1,0.3278368409633326,0.3144326197331976,0.3415278190557692,0.7906651558620025,1.482180137955471,1.4215784361647643,1.5440782935689907,1.5660882559389695,1.4966176637138426,1.6387835616638249,0.1482244457524033,0.9136903103582772,0.7867230815476124,0.7945533949414042,0.141459257307491,0.1552546669409499,0.9107406682625828,0.9165514104901408,0.2,0.3166630505532653,0.3072448075784807,0.3262340411581967,0.8026851098454028,1.4316624165096028,1.389081684488623,1.4749337344417277,1.6048613984740745,1.5475327163705612,1.664313833928298,0.2863449087698646,0.8245110603443473,0.7985913642391849,0.8067157866165047,0.2776511618474213,0.2951996264997913,0.8205411770505381,0.8284114886718491,0.6906353063704218,0.2860194784794219,0.9235516902791416,0.8930743574651756,0.3668579706914804,1.2931200435706884,3.741344701063852,3.5247546201290745,3.971243868223081,0.2810809964684779,0.291009605377075,0.919075142248507,0.927800060740706,0.8869267290959675,0.8989258379805793,0.3618865523164769,0.3718578853992437,0.874874974994999,0.2476873093425262,0.2434979929671213,0.2519246995302002,0.9641061210334664,1.1198168248948743,1.100876545013605,1.138974450848329,6.900544507141782,6.030082993347614,7.896659888027454,0.9796939376103592,0.1549005404803031,0.9589875913331108,0.9686067477664064,0.9767697387619628,0.9822567281719816,0.151194440248684,0.1586805022046806
all,0.0,all,periop_infection,Gaussian_mle,any,49651,1897,0.0382066826448611,0.6938121514918235,0.6820899451517086,0.7055343578319384,0.0746310100354892,0.070492761129955,0.0791138342261758,1.9533496464270297,1.8450374711984168,2.070680539358913,0.05,0.1010873942811115,0.0898397662227028,0.1135674793372878,0.965103459972863,2.645804013416695,2.351414988256941,2.972450667672999,2.896774127248767,2.5524795175259585,3.28750937536662,0.13231418028466,0.953260459856766,0.9634090258782848,0.966722139490506,0.1178067859483251,0.1483077603663178,0.951330513267256,0.9551174866775322,0.1,0.0990936555891238,0.0910899318368821,0.1077172911585137,0.9685583851765652,2.593621029865888,2.384136112616256,2.8193311667429453,3.1516719527797785,2.8563157135642188,3.477569391495552,0.2593568792830785,0.9063324538258576,0.966899648941263,0.9701365655706272,0.240134030110158,0.2795524077287445,0.9036863679189272,0.9089131696615148,0.2,0.0812688821752265,0.076054916433877,0.0868067100289406,0.9725585962085548,2.1270855397375725,1.990618163341292,2.27202949902316,2.9615424485157567,2.711185543951909,3.235017866603186,0.4254085397996837,0.8089584118607865,0.9709057278549084,0.9741200667853904,0.4033325484650724,0.4477860297478625,0.8054076466738677,0.8124594723460171,0.9151880123260356,0.040625,0.9878888625029684,0.9731154454401688,0.0871131214139129,1.0632956642066422,3.3543504901960786,2.544247917236241,4.422394191561765,0.0388482808395921,0.0424793857897185,0.9841121067981502,0.9907762496231208,0.9648253043331488,0.9794932543515938,0.0846169108348871,0.0896757565288741,0.874874974994999,0.0418987982872139,0.0400547536703486,0.0438238634829352,0.9876066312570416,1.0966353367203272,1.0483703608257666,1.1470208992046484,3.3807432955644203,2.695575620296516,4.240068482755653,0.959409594095941,0.1284918540855216,0.9845387064990272,0.990071938237361,0.9495611790132448,0.967401076021578,0.1255203040306168,0.1315231717365124
all,0.0,all,periop_infection,Gaussian_mle,toward,49651,1897,0.0382066826448611,0.6945194477522288,0.6828359090496448,0.7062029864548129,0.0749476862883024,0.0699211251619341,0.0806223025536105,1.9616381507119165,1.8300757962125416,2.1101623321504053,0.05,0.1026983487716472,0.0913651453926685,0.1152590320378521,0.965188263229308,2.6879682208018214,2.3913393958309896,3.0167244068062185,2.9501070127046622,2.6018912547332804,3.3449251080638964,0.1344227727991565,0.95334422247351,0.963495762415978,0.9668049956532172,0.1198092161393426,0.150513992275288,0.951415882737502,0.9551996289651876,0.1,0.0990936555891238,0.0910899318368821,0.1077172911585137,0.9685583851765652,2.593621029865888,2.384136112616256,2.8193311667429453,3.1516719527797785,2.8563157135642188,3.477569391495552,0.2593568792830785,0.9063324538258576,0.966899648941263,0.9701365655706272,0.240134030110158,0.2795524077287445,0.9036863679189272,0.9089131696615148,0.2,0.0816717019133937,0.0764454709508086,0.0872214834326798,0.9726592986077892,2.137628714655727,2.000840315328729,2.282885542391138,2.9871838597623515,2.7348219051649814,3.2628330916803856,0.4275171323141802,0.8090421744775307,0.971009286510866,0.9742178934510044,0.4054228134062143,0.4499044269067082,0.8054919930345135,0.8125426377432727,0.9016736823024712,0.0411445419821751,0.9887341253584596,0.971006852925672,0.1010805377559995,1.076893860810216,3.652139162854167,2.797544321735685,4.767795942041675,0.0393436456873631,0.0430241797222262,0.98536556919135,0.991334125698472,0.962452159204094,0.977657737380661,0.0984089266337387,0.1038163263601067,0.874874974994999,0.042013904875915,0.0401673779062721,0.0439414320664615,0.98841139546113,1.0996480711618664,1.0513181235763416,1.1500980724996754,3.625449874917507,2.869056164929174,4.581258100210054,0.9620453347390616,0.1285965573564518,0.985432072171103,0.990787106390564,0.9524705363580894,0.9697525463017178,0.1256239568120691,0.131628908652437
all,0.0,pop_normal,periop_infection,Gaussian_mle,any,46088,1869,0.0405528554070473,0.6077200495984582,0.5964478959607331,0.6189922032361832,0.051882367366682,0.0491297862282931,0.0554979490400174,1.279376429746198,1.211500046917911,1.3685336946796816,0.05,0.0538194444444444,0.0453254213385724,0.063798879046688,0.9601452585419332,1.3271431543903456,1.1176875434200777,1.573227788926569,1.3503900031836995,1.1310164316910796,1.6123135876743375,0.0663456393793472,0.9506999253714468,0.9582721815275326,0.9619375965219066,0.0559280153469056,0.0785422997080355,0.9486425929636836,0.9526789539538264,0.1,0.0531568669993491,0.0470440488424005,0.060013952021969,0.9608476578509608,1.3108045405382565,1.160067481566912,1.4798946071634604,1.3576931565677348,1.1911817938224665,1.5474805919217982,0.1310861423220973,0.901309391890364,0.9589379924283018,0.962671967869114,0.1165389025240201,0.1471468250890358,0.898494549925431,0.9040545110557612,0.2,0.0515296159687567,0.0472003800327637,0.0562324961077243,0.9621914835909954,1.2706778709299424,1.1639224799090495,1.3866470201245578,1.3629102874950234,1.2312413506849849,1.5086598989924749,0.2541466024612092,0.8022795630837423,0.9601959310439396,0.9640907318352544,0.2349259273490987,0.274375873721531,0.7985410966850106,0.8059655119540869,0.7493924665856622,0.0492211477213503,0.9853679653679652,0.909577314071696,0.2573780501594337,1.2137529460575691,3.3639305099502788,2.876097477060604,3.934507980355179,0.046989343744987,0.0515532191969957,0.9830111457443678,0.987402019691447,0.8957213894812225,0.9217529767438762,0.25332430864755,0.2614739443891792,0.874874974994999,0.0447161528731926,0.0427417706451633,0.046777281551188,0.9885555748222646,1.1026634850827726,1.0539768461713686,1.1534892199738644,3.9072432366621497,3.0610301433040914,4.987389537420014,0.9646869983948636,0.1289264795676067,0.9854668280336176,0.9909938670580654,0.9553204315075636,0.9721472197876664,0.1258351221023419,0.1320823067044039
all,0.0,pop_normal,periop_infection,Gaussian_mle,toward,46088,1869,0.0405528554070473,0.6251933458148642,0.6141511234769709,0.6362355681527575,0.0543759534612492,0.0515405709777901,0.0588946958975609,1.3408662081979963,1.270948012426106,1.4522946733690687,0.05,0.0551215277777777,0.0465215493831963,0.0652025828102783,0.9602137767220904,1.3592514565126923,1.1471830754268335,1.607841967126863,1.3854425787728026,1.162773780854894,1.6507519955131902,0.0679507758159443,0.9507677695108436,0.958342203565838,0.9620045988214256,0.0574047694720015,0.0802692334976035,0.9487117477734532,0.9527454756357272,0.1,0.0520720329789542,0.0460226961448195,0.0588674435903059,0.960727114925625,1.2840534274660471,1.1348817656085846,1.4516226539272448,1.3259029195420762,1.1618779248909843,1.5130837021584267,0.1284109149277688,0.901196318324702,0.9588147078055616,0.9625541889674116,0.114002228000771,0.1443440197545115,0.898380068906018,0.903942864589056,0.2,0.0547841180299414,0.0503213708541524,0.0596177979123117,0.9630051532411176,1.3509312101465705,1.2408835419615714,1.470125773238429,1.4808580878034752,1.340590059589266,1.635802578518928,0.2701979668271803,0.8029580044777131,0.9610297558156146,0.9648840768239444,0.2505521012362298,0.2907865789810401,0.7992242862639277,0.8066390872918773,0.6906353063704218,0.0523091423185673,0.9856922429513256,0.8908507223113965,0.3178271783622425,1.2899003484099163,3.65599878028497,3.165547021759024,4.222438330427269,0.0499166997219575,0.0548096365427802,0.9836079722354656,0.987514859475132,0.8759035426769284,0.904194464543757,0.3135031171886975,0.3221828899266842,0.874874974994999,0.0448897596785794,0.0429116336077542,0.0469545991216013,0.9897693774926304,1.1069444858568045,1.0581655268668682,1.1578617251558931,4.387783797735041,3.3905797003306897,5.678275798615911,0.9684323167469236,0.1290847825595332,0.9868266530536808,0.992060031342578,0.9594945410025072,0.9754483820936052,0.1259917786050941,0.1322422286822168
all,24.0,all,mortality,Gaussian_mle,any,31511,577,0.0183110659769604,0.4527114192580189,0.4281809926103256,0.4772418459057121,0.0169435762339728,0.0150256347765086,0.019961347694983,0.9253189440359076,0.8205767373354685,1.0901248305313893,0.05,0.0215736040609137,0.0154788070872594,0.0299951189063338,0.9818606981793888,1.1781730287061556,0.845325286181339,1.6380869876212916,1.1893293509455831,0.844180506287585,1.6755946085999371,0.0589254766031195,0.9501519363806814,0.9802858758789064,0.9833118606480808,0.0424707984724327,0.0812145573973947,0.94767028456286,0.9525217960637342,0.1,0.0161853379879403,0.0123318692060289,0.0212170734730582,0.9814527503526091,0.8839101998925266,0.6734653909032574,1.1587022568622871,0.8726543447490264,0.6561917745421271,1.1605229369733028,0.0883882149046793,0.8997866425292559,0.9798160141394388,0.9829590706008452,0.0678656172730287,0.1143554908569674,0.8963904957636374,0.9030835050341428,0.2,0.0166613773405268,0.0137828361589524,0.0201288307627158,0.981276528224047,0.9099075587128952,0.7527052863167257,1.099271379833517,0.8898658080028401,0.7215455491105222,1.0974513767408116,0.1819757365684575,0.7996702657270317,0.9795284445817036,0.9828779507371008,0.1526312749337986,0.2155269286108511,0.7951728549148758,0.8040932554914817,0.8240297039129193,0.0168297003774166,0.974752028854824,0.75736568457539,0.1747268377836684,0.919099980230113,0.6665763470912512,0.5522672784007824,0.8045452697979123,0.0153350474825642,0.0184672996214704,0.970282513479746,0.9785641791344384,0.7207596676596747,0.7905673447306226,0.1705355796186448,0.178998875299503,0.76729383132079,0.0169575647282653,0.015405150422408,0.018663454178823,0.9772262375562526,0.9260828806800172,0.841302764229634,1.0192445487502464,0.744609713487245,0.6231839362107008,0.8896949892368498,0.7105719237435009,0.2316544902049525,0.973553596621192,0.9803991233066854,0.6722720417275913,0.7460864229553791,0.2269864824128518,0.236389139757248
all,24.0,all,mortality,Gaussian_mle,toward,31511,577,0.0183110659769604,0.4553138459149176,0.4309578763248273,0.479669815505008,0.0170237588377185,0.0148149323638627,0.020613732513113,0.9296978591600517,0.8090699024569851,1.1257527300185528,0.05,0.0222081218274111,0.0160110925247318,0.0307287831691351,0.9818941038917656,1.212825176609278,0.8743943441019504,1.6781537026735158,1.226568499822054,0.8747337987399566,1.7199178617802302,0.0606585788561525,0.950184263270188,0.9803206429504608,0.9833438964283774,0.0439353921299544,0.0831932432845888,0.947703352387142,0.9525533739903048,0.1,0.0161853379879403,0.0123318692060289,0.0212170734730582,0.9814527503526091,0.8839101998925266,0.6734653909032574,1.1587022568622871,0.8726543447490264,0.6561917745421271,1.1605229369733028,0.0883882149046793,0.8997866425292559,0.9798160141394388,0.9829590706008452,0.0678656172730287,0.1143554908569674,0.8963904957636374,0.9030835050341428,0.2,0.0166613773405268,0.0137828361589524,0.0201288307627158,0.981276528224047,0.9099075587128952,0.7527052863167257,1.099271379833517,0.8898658080028401,0.7215455491105222,1.0974513767408116,0.1819757365684575,0.7996702657270317,0.9795284445817036,0.9828779507371008,0.1526312749337986,0.2155269286108511,0.7951728549148758,0.8040932554914817,0.8049252641934562,0.0171108657940387,0.9767366194891816,0.7521663778162911,0.1940906445981767,0.9344549255389194,0.7355279163353601,0.6101271000211617,0.8867026488249291,0.0155864293832651,0.0187815556328507,0.9726599587948987,0.980217774229473,0.7153462958554219,0.7856508779007277,0.1897213300147884,0.1985359296642448,0.76729383132079,0.0169989246422367,0.0154445571549966,0.0187067541330568,0.977362607391245,0.9283416194133832,0.8434548362410714,1.0216092365455,0.7509223759127834,0.628263023995781,0.8975292084836848,0.7123050259965338,0.2316868170944591,0.9736998614013784,0.9805254553888872,0.6740589726116321,0.7477427716160542,0.227018576217813,0.2364216917031398
all,24.0,pop_normal,mortality,Gaussian_mle,any,23988,385,0.0160496915124228,0.4710978298488361,0.4407988639165817,0.5013967957810904,0.0153007664168925,0.0134632969674948,0.0178066147995589,0.9533371033984904,0.8388508250812142,1.109467729381348,0.05,0.0158465387823186,0.0101679139760083,0.0246177136577549,0.9839396199921014,0.9873422657409312,0.6335270661207476,1.5338434161616232,0.986685170246608,0.6244326988539814,1.5590913591990383,0.0493506493506493,0.9500063551243486,0.982224022267028,0.985492087338191,0.0318182199364107,0.0757875506395769,0.947152077007378,0.952714171936318,0.1,0.015423092955398,0.0112100429897956,0.0211856005682316,0.9838806799759136,0.9609588410755564,0.6984584707512153,1.3200004842356905,0.956807913258877,0.6835629823376944,1.33927875927977,0.0961038961038961,0.8999279752573826,0.98211263357352,0.9854765511681493,0.0705283133528048,0.1296601438493052,0.8960341167637081,0.9036916712044716,0.2,0.0152146727803251,0.0121186416652913,0.0190863860057588,0.9837415320479416,0.9479729107907514,0.7550700682259968,1.189205785730243,0.9357999059437158,0.7267225406279667,1.2050286251029856,0.1896103896103896,0.7998135830191078,0.9818529088956578,0.9854365158539976,0.1535938469265021,0.2317599835278525,0.7946601120296124,0.8048694751897132,0.3113640153410038,0.0148614272325612,0.983413039530238,0.2883116883116883,0.6882599669533533,0.9259634193628034,0.8959704980097787,0.7198815367264304,1.1151322715600598,0.0123560932744063,0.0178655562785561,0.981349959683113,0.9852513300127224,0.2453303636314034,0.335475805255876,0.6823203102783134,0.6941383516038419,0.76729383132079,0.0147777898511355,0.0131330812144451,0.0166250020924747,0.979756359727696,0.9207522674000996,0.8182762394080807,1.0358455849202182,0.7299966632658262,0.5874148398438398,0.9071870375642987,0.7064935064935065,0.231707833749947,0.9757183992937672,0.983134426035186,0.6591455936478223,0.749761272284218,0.226368981968127,0.2371340052336848
all,24.0,pop_normal,mortality,Gaussian_mle,toward,23988,385,0.0160496915124228,0.491480721964135,0.4615673835383024,0.5213940603899677,0.0161330329682187,0.0141100470218111,0.0188602993674795,1.005192713874366,0.8791475531407966,1.1751191200703908,0.05,0.0166805671392827,0.0108236379544505,0.025624719002941,0.9839835008117952,1.0393076481483483,0.6743829279256105,1.5965863881624642,1.0414614918825047,0.6664904216842813,1.6273932884633877,0.0519480519480519,0.950048722620006,0.9822700872677148,0.9855337691851812,0.0338766374636386,0.0788726157026891,0.9471955533258148,0.9527554168200604,0.1,0.0170904543559816,0.0126229683197438,0.0231020665722773,0.9840659595164204,1.064846283353995,0.7864928936467913,1.4394087608721802,1.0725750554979303,0.778016685276872,1.4786536991388437,0.1064935064935064,0.9000974452400119,0.982307390317756,0.9856522875784594,0.0794751383929978,0.1412872491704726,0.896206441032386,0.9038582317445094,0.2,0.0175072947061275,0.014163678737378,0.0216229244691917,0.9843147472642,1.0908181439236044,0.8824891572785034,1.3472486030310942,1.1161627422278662,0.8781963891881346,1.4186112383009812,0.2181818181818181,0.8002796254713384,0.9824572677338156,0.9859783579931364,0.1798199911890101,0.262112147759086,0.7951305376556167,0.8053309827876772,0.258504252126063,0.0162876955329785,0.9840332827345816,0.2623376623376623,0.7415582764902766,1.0148291959612714,1.0201029593136954,0.814384392997823,1.2777873158521358,0.013423375825598,0.0197509762803445,0.9820838827480832,0.9857736468248852,0.2208977719943392,0.3084735709895389,0.7359342414461056,0.7471036927771662,0.76729383132079,0.0154297511680973,0.0137475312460437,0.0173142026039639,0.9819061268362594,0.9613736909618686,0.8565604663119417,1.0787872521139923,0.8527610992110838,0.6808823326139283,1.0680281415673496,0.7376623376623377,0.232216243697835,0.978063498664591,0.985085903924985,0.691526429010461,0.7791022280056608,0.2268731914039157,0.2376464502240435
all,24.0,all,prolonged_los,Gaussian_mle,any,31530,22667,0.7189026324135743,0.4058294099958505,0.3987110964580428,0.4129477235336582,0.6544658870581004,0.6487189548130162,0.6625398799760718,0.9103679101311116,0.9023738759101072,0.9215989065886772,0.05,0.5310913705583756,0.5064075543115832,0.5556239810018305,0.2712158643252988,0.738752852768588,0.7044174433071964,0.7728779336033758,0.7287361847780844,0.6953454673342102,0.7637303354271697,0.0369259275598888,0.9166196547444432,0.2662105996516961,0.2762798045969197,0.0345483326422052,0.0394604593384153,0.910681948882143,0.922196355834612,0.1,0.5128449096098954,0.4953928915656996,0.5302656653919887,0.2582020650526835,0.7133718621784975,0.6890959487830993,0.7376042894873343,0.6913539192399051,0.6677716010631596,0.7157690457147331,0.0713371862178497,0.8266952499153786,0.2531429507402463,0.2633266383786332,0.0680585390916288,0.0747611081507567,0.8186738273146612,0.8344335880698655,0.2,0.5888043133523628,0.5766090664184134,0.6008914274133177,0.2485727878211227,0.8190320730577492,0.8020683753550348,0.835845356965717,0.7835813020998206,0.7666739135181575,0.800861547750977,0.1638064146115498,0.707435405618865,0.2432777563768792,0.2539443920291898,0.1590453310446698,0.1686814349524072,0.6978756323730272,0.7168154341731486,0.8241357437361243,0.7033288435635944,0.2081154192966636,0.8062822605549919,0.1302042197901387,0.9783367202347084,0.8881709035664156,0.8743928238137203,0.9021660888082018,0.6977450441827158,0.7088525319093253,0.1976339458077476,0.2190010505850128,0.8010855120978574,0.8113752092544545,0.1233578513281131,0.1373710197052884,0.7674317076213047,0.698888291937017,0.6930768913537472,0.7046365501490474,0.2150552297831719,0.972159873153666,0.9640761628968832,0.9801557518065674,0.890366199578552,0.8774982487749519,0.9034228506537652,0.7460625579035602,0.1779307232314115,0.2058017679613513,0.2246070880782829,0.7403547523156284,0.7516869723285948,0.1701083380344742,0.1860321844261954
all,24.0,all,prolonged_los,Gaussian_mle,toward,31530,22667,0.7189026324135743,0.406356566561831,0.3992246298058137,0.4134885033178483,0.6542690258378309,0.6485579773290616,0.6602760470917198,0.9100940744106768,0.9021499547882522,0.9184498947722208,0.05,0.5304568527918782,0.5057726547150725,0.5549929308980674,0.2711824798023636,0.7378702328728072,0.7035342922824475,0.7720001372575139,0.7278321913118005,0.6944423355863312,0.7628274826627152,0.0368818105616093,0.9165068261311068,0.2661774139421562,0.2762462298226202,0.0345056328403803,0.0394149400950328,0.910565634796096,0.9220871104610204,0.1,0.5118934348239772,0.4944417542865135,0.5293161688224574,0.2580963456320259,0.7120483522301143,0.6877729083096031,0.7362835312556616,0.6899729254738043,0.6663956044726167,0.7143844207430424,0.0712048352230114,0.8263567640753695,0.2530379252780376,0.2632202536196594,0.0679290803503841,0.0746259097563792,0.8183294162007821,0.8341013208048276,0.2,0.5888043133523628,0.5766090664184134,0.6008914274133177,0.2485727878211227,0.8190320730577492,0.8020683753550348,0.835845356965717,0.7835813020998206,0.7666739135181575,0.800861547750977,0.1638064146115498,0.707435405618865,0.2432777563768792,0.2539443920291898,0.1590453310446698,0.1686814349524072,0.6978756323730272,0.7168154341731486,0.8050428163653663,0.7035811369814443,0.2178298356922075,0.7878854722724666,0.151077513257362,0.9786876626384144,0.899524386236468,0.8857592009727802,0.9135034900517616,0.6979325046657286,0.7091681564893794,0.207688878225176,0.2283232603413577,0.782514905665772,0.793158473835058,0.1437728757765997,0.1586844952900042,0.7674317076213047,0.7000041327437285,0.6941986694573781,0.705746099405536,0.2187372153279694,0.9737120177089936,0.9656365662853988,0.9816991447591896,0.8959906275806879,0.8829572561069972,0.9092163852325276,0.7472537168571051,0.1809770957914927,0.2094239868589049,0.2283449844652136,0.7415545014352919,0.752869137429531,0.1731004525473228,0.1891301753235979
all,24.0,pop_normal,prolonged_los,Gaussian_mle,any,24007,18407,0.766734702378473,0.5191013026876421,0.5104350550857877,0.5277675502894965,0.7748880783358034,0.7679932367888257,0.7827421012549896,1.0106338945296698,1.0016414209588385,1.020877363222064,0.05,0.7683333333333333,0.7436287111560381,0.791325389117619,0.2333494102687771,1.0020849857843936,0.9698644248776556,1.0320719626526147,1.0021949289867504,0.9707458927814604,1.0346628125398338,0.0500896398109414,0.9503571428571428,0.2279052058345353,0.2388834285663979,0.0470312205065478,0.0533358154034238,0.9443530130923524,0.9557438062038962,0.1,0.768429820907955,0.7511356183559801,0.7848664201982432,0.2334536702767749,1.0022108279750788,0.9796551741115888,1.023647968147945,1.0024571133037845,0.9795084196196032,1.0259434670338226,0.1002336067800293,0.9007142857142857,0.227860586153982,0.2391415227369966,0.0959782073396502,0.1046558364620193,0.8926049778959012,0.9082741904232032,0.2,0.7781712143303479,0.7661987275326042,0.7896988904034375,0.2361241278767052,1.014915865835207,0.9993009644089328,1.0299506308423605,1.018714221418353,1.001515140069243,1.0362086636536034,0.2029662628347911,0.8098214285714286,0.2301707984927582,0.2421829974906506,0.1972179995322256,0.208838484056227,0.7993316824786459,0.8198863910657598,0.3116174449119007,0.7751637481620104,0.2370809633305095,0.3150431900907263,0.6996428571428571,1.0109934319620462,1.0160498177447164,1.0010507340738737,1.0312736377883591,0.7655635670781957,0.7844814732871208,0.2306582821372554,0.2436258513537756,0.3083714655215442,0.3217921007110825,0.6875027540121098,0.7115092380470519,0.7674317076213047,0.771168041684759,0.7650459570053694,0.7771770670952938,0.2478953967401038,1.0057821033696968,0.9977974840999566,1.0136192671134197,1.0253467913136485,1.008073071731765,1.0429165027204903,0.7718802629434455,0.2471428571428571,0.2367448187520948,0.2593926768948194,0.7657618292723265,0.7778852357265926,0.2360209803697665,0.2586114160919749
all,24.0,pop_normal,prolonged_los,Gaussian_mle,toward,24007,18407,0.766734702378473,0.5164833885012688,0.5078231945388924,0.5251435824636453,0.7730555439262428,0.7658789693617205,0.7808375260957461,1.0082438443547188,0.9988839255428272,1.0183933551899047,0.05,0.7658333333333334,0.7410477944900944,0.7889222613710754,0.2332178717060551,0.9988244055703448,0.9664983105516214,1.0289377263397297,0.9987626277066178,0.967216219284335,1.0313379434864325,0.0499266583365024,0.9498214285714286,0.2277747657432887,0.2387508358373209,0.046873130377505,0.0531680105989074,0.9437887369611044,0.9552373882598514,0.1,0.7680133277800917,0.7507092296685339,0.7844611532789335,0.2334073868369897,1.0016676242742797,0.9790990643044762,1.0231194060285411,1.0018532850339106,0.9788948580338752,1.0253501655419914,0.1001792796218829,0.9005357142857143,0.2278146997357196,0.2390948587313817,0.0959249359533978,0.1046004762037519,0.8924202758890013,0.9081019944050056,0.2,0.7769214746927723,0.7649264276693704,0.7884737093923799,0.2358117255024471,1.0132859153012106,0.997641590104774,1.0283527104570471,1.0166623862471476,0.9994526033656648,1.0341685079703429,0.2026402998859129,0.80875,0.2298612050910569,0.2418679110928058,0.196895583931155,0.2085091097901793,0.7982389233862509,0.818837762007569,0.2586328987378681,0.7793525527460139,0.2376671536127654,0.2628891182702232,0.7553571428571428,1.016456605300894,1.0223258205906216,1.006530332294434,1.038369187606913,0.7688667423760733,0.7894928977602533,0.2314706223307377,0.2439769066485112,0.2565796481082812,0.2692975393854181,0.7439254652888609,0.7664387106007644,0.7674317076213047,0.7707881024750326,0.7646625603003004,0.7768007437906138,0.2466415905427189,1.0052865744617867,0.9972974458156848,1.0131284541848895,1.023135990517857,1.005940694179417,1.040625218912011,0.7714999728364209,0.2458928571428571,0.2355111192921376,0.2581204882336601,0.7653780637199761,0.7775085797673049,0.2347910709074935,0.2573430393785645
all,24.0,all,unplanned_icu,Gaussian_mle,any,23026,188,0.0081646834013723,0.315635172249312,0.277025326278068,0.3542450182205559,0.0056829362044231,0.0049091913278204,0.0072166590520998,0.6960387715055776,0.6012714867786902,0.8838871879449541,0.05,0.0052128583840139,0.0023911915611262,0.0113263606988547,0.99168,0.638464240161192,0.292870089821767,1.3872381992118556,0.6265454788478247,0.278421173246371,1.4099474996367456,0.0319148936170212,0.9498642613188544,0.9903869507111072,0.9928003858615936,0.0147071463168186,0.067869312595117,0.9469575350316476,0.9526196689360044,0.1,0.0039079461571862,0.0020573372686169,0.0074108464159498,0.9913622544998312,0.4786402564647407,0.2519800422721988,0.9076710083705428,0.4524266380746997,0.2319344208764631,0.8825333560498151,0.0478723404255319,0.8995533759523601,0.9900080834422422,0.9925342832635466,0.0253870191317895,0.0884652423172391,0.8955873312405056,0.9033850248238144,0.2,0.0039087947882736,0.0024739656022234,0.00617063611288,0.9907714022040064,0.4787441957169589,0.3030081487063644,0.7557716336977388,0.4235524046752251,0.2608467008306422,0.6877473969764373,0.0957446808510638,0.7991505385760574,0.9892845592282352,0.9920535924115594,0.0614224319879761,0.1462572370723319,0.7939043299628101,0.8042961233666621,0.8211152610092939,0.0059237319511292,0.9815489196406896,0.5957446808510638,0.1770295122164813,0.7255311271633045,0.3210506829829108,0.2403916699323422,0.4287733475656761,0.0049257792263864,0.0071224206802745,0.9769678423159464,0.9852325973031748,0.5243556818398123,0.6632991333827463,0.1721335290016483,0.1820341314552914,0.7642318024817705,0.0055123032335057,0.0045210750380784,0.0067193874634419,0.983238165407994,0.6751398630569282,0.5537354990786882,0.8229819985809306,0.3288603764253022,0.2474516690407668,0.4370515971940132,0.5159574468085106,0.2337332515982135,0.9794656479642752,0.9863272807307194,0.4449186221585853,0.5863571803785078,0.2282895135449897,0.2392665525123109
all,24.0,all,unplanned_icu,Gaussian_mle,toward,23026,188,0.0081646834013723,0.3162020698984336,0.2777083649656806,0.3546957748311866,0.0056968554154063,0.0046656762687602,0.0069461341075477,0.6977435786975921,0.5714460732152854,0.8507536380872044,0.05,0.0052128583840139,0.0023911915611262,0.0113263606988547,0.99168,0.638464240161192,0.292870089821767,1.3872381992118556,0.6265454788478247,0.278421173246371,1.4099474996367456,0.0319148936170212,0.9498642613188544,0.9903869507111072,0.9928003858615936,0.0147071463168186,0.067869312595117,0.9469575350316476,0.9526196689360044,0.1,0.0039079461571862,0.0020573372686169,0.0074108464159498,0.9913622544998312,0.4786402564647407,0.2519800422721988,0.9076710083705428,0.4524266380746997,0.2319344208764631,0.8825333560498151,0.0478723404255319,0.8995533759523601,0.9900080834422422,0.9925342832635466,0.0253870191317895,0.0884652423172391,0.8955873312405056,0.9033850248238144,0.2,0.0039087947882736,0.0024739656022234,0.00617063611288,0.9907714022040064,0.4787441957169589,0.3030081487063644,0.7557716336977388,0.4235524046752251,0.2608467008306422,0.6877473969764373,0.0957446808510638,0.7991505385760574,0.9892845592282352,0.9920535924115594,0.0614224319879761,0.1462572370723319,0.7939043299628101,0.8042961233666621,0.79987839833232,0.0058638288630687,0.9826388888888888,0.574468085106383,0.1982660478150451,0.7181942734096848,0.3377565425127592,0.2534112027024795,0.4501753702819117,0.0048595065275654,0.0070742406391673,0.9784457988484228,0.9860279159469856,0.5029955219752764,0.6429582231978248,0.193146077526437,0.203487510896661,0.7642318024817705,0.0055691311018923,0.0045723261012449,0.0067817673302873,0.9834223613925216,0.6821000678307111,0.5600126638684363,0.8306222050382773,0.3359423639130407,0.2527516761304124,0.4465144350348477,0.5212765957446809,0.2337770382695507,0.9796680989632996,0.986492961208232,0.4501587401297528,0.5915423299197047,0.2283329356930094,0.2393106889786544
all,24.0,pop_normal,unplanned_icu,Gaussian_mle,any,17008,128,0.0075258701787394,0.4138951884626777,0.365318171003072,0.4624722059222834,0.0062619983828896,0.0050917133192234,0.0080275840423861,0.8320630351264652,0.6765614072918145,1.0666652296320576,0.05,0.0035294117647058,0.0012010071459611,0.0103252525256219,0.9922638940462928,0.4689705882352941,0.1595838245195877,1.3719679293420182,0.4562258823529412,0.1454688335623524,1.4308360810462095,0.0234375,0.9498222748815166,0.990791044103822,0.9935027259823792,0.0080022714401121,0.066644880900272,0.9464252954905588,0.9530145571079164,0.1,0.0035273368606701,0.0016175601275637,0.0076745641378225,0.9920297902920232,0.4686948853615519,0.2149333019500358,1.0197577098131685,0.4425651256252349,0.1952953821919588,1.0029110172567337,0.046875,0.8995853080568721,0.9904924464817916,0.9933202264936768,0.0216575488932799,0.0984987598893804,0.8949599092407934,0.9040288706586816,0.2,0.0052910052910052,0.0033494591610742,0.0083485599129778,0.9919153314714096,0.703042328042328,0.4450593860277345,1.1093148984369334,0.6544492544492544,0.3981660825982574,1.075691389518318,0.140625,0.7995260663507109,0.990265566748184,0.9932873939269792,0.0908389611113673,0.2113539734403978,0.7934185208860225,0.805497308791034,0.3153222013170272,0.0050344956181241,0.9913267496779734,0.2109375,0.6838862559241706,0.668958605258251,0.5804623908223379,0.3800949337926607,0.886453770370381,0.0034623743762297,0.0073152122028114,0.9894730489924628,0.9928563870949848,0.1492121185502459,0.2895082853283477,0.6768308031790337,0.6908580289644758,0.7642318024817705,0.0066164025234651,0.0053610247174415,0.0081633363238435,0.9895261845386534,0.8791544853054316,0.7123461593300432,1.0847033140307147,0.6317089075975059,0.4375384806048528,0.9120481092003138,0.671875,0.2350710900473933,0.9858735038347004,0.9922418258783609,0.5865623991215974,0.7471714147884281,0.228734759672006,0.2415279795851545
all,24.0,pop_normal,unplanned_icu,Gaussian_mle,toward,17008,128,0.0075258701787394,0.4254359819312796,0.3760152342515935,0.4748567296109657,0.0065080103071562,0.0051431462228882,0.0097534081818135,0.8647518695633906,0.6833955543662762,1.295984112158475,0.05,0.0035294117647058,0.0012010071459611,0.0103252525256219,0.9922638940462928,0.4689705882352941,0.1595838245195877,1.3719679293420182,0.4562258823529412,0.1454688335623524,1.4308360810462095,0.0234375,0.9498222748815166,0.990791044103822,0.9935027259823792,0.0080022714401121,0.066644880900272,0.9464252954905588,0.9530145571079164,0.1,0.0047031158142269,0.0023850199090089,0.0092533633871283,0.992160449467564,0.6249265138154027,0.3169095204095641,1.2295406600646803,0.5999216147364295,0.2937894882167281,1.2250470430802576,0.0625,0.8997037914691943,0.990634526422774,0.9934393993371268,0.0320065420693865,0.1184892043414579,0.8950807417672135,0.9041449510395704,0.2,0.0049970605526161,0.0031222954651127,0.007988497238811,0.991841834484786,0.6639844209288654,0.414875009926851,1.0614715706070177,0.6125225754855385,0.3681514989191701,1.0191019365150298,0.1328125,0.7994668246445498,0.9901853536530608,0.9932206545403044,0.0846015814460993,0.2024216342915737,0.7933586244016199,0.8054387488217821,0.252645813734713,0.0053525715615545,0.9917394382818032,0.1796875,0.7468009478672986,0.7112229462415639,0.6479670201801923,0.4132003476440979,1.0161202952395312,0.0035693953877125,0.0080194062087005,0.990010593619408,0.9931711394507076,0.1228237283308303,0.2552178002913951,0.7401853068060921,0.7533042791184762,0.7642318024817705,0.0066933374365286,0.0054299582003122,0.008248227203823,0.9897755610972568,0.8893772118787505,0.721505695866496,1.0959831897079904,0.6546410517190262,0.4523663051761175,0.9473625725261424,0.6796875,0.2351303317535545,0.9861595229705178,0.9924540825090806,0.5946324955486336,0.7542710371754838,0.2287934298379482,0.2415877658728667
all,24.0,all,periop_infection,Gaussian_mle,any,30995,529,0.017067268914341,0.4309374843716203,0.4073134041477287,0.4545615645955119,0.0140495943385699,0.012827542807103,0.0161841733889981,0.8231893696105408,0.7515873143783725,0.9482579474328904,0.05,0.0109677419354838,0.0068588744726053,0.017494701850747,0.9826116488368144,0.6426184523446551,0.401872994855205,1.0250440148656026,0.6307522681451613,0.3901078132156687,1.0198422341013649,0.0321361058601134,0.9496816122891092,0.9810544261398756,0.9840429582000234,0.0201592426016828,0.0508592364359898,0.9471697040321287,0.9520801299414092,0.1,0.0087096774193548,0.0059927242472944,0.0126427628213755,0.982003943359025,0.5103146533325202,0.3511237959260697,0.7407607441371186,0.4839769952448271,0.3291805157042891,0.711566209880506,0.051039697542533,0.8991334602507713,0.9803762199611584,0.983498925306522,0.0353114727449759,0.0732416132002655,0.8957012852029291,0.9024649907911017,0.2,0.0114534602355218,0.0090907423412338,0.0144213202592362,0.9815292789159542,0.6710775047258979,0.5326418882165294,0.8449694167013726,0.6200873362445414,0.4836806526776807,0.7949631692774838,0.1342155009451796,0.798857743057835,0.9797772172653728,0.9831321587364482,0.1077884737662736,0.1659168825722705,0.794318922891011,0.803321203994322,0.8247781900306501,0.0160772961977781,0.9782728779230344,0.776937618147448,0.1743911245322654,0.9419958329870188,0.7399643699163814,0.6042606911931063,0.9061441141647342,0.014606606162352,0.0176934062094392,0.9740440085443052,0.9818256160644416,0.7395367807061127,0.8103452104897698,0.1701713832873903,0.1786929705069529,0.7682157018239493,0.0161689975221536,0.0146432497760313,0.0178508399600095,0.979955456570156,0.9473687678622904,0.8579726404689816,1.045910745861052,0.806653320827442,0.6673155918108019,0.9750852340138704,0.7277882797731569,0.2310772664609728,0.9764487048041324,0.98294917619536,0.6883172039948406,0.763974809241363,0.2263780021887062,0.2358443416255129
all,24.0,all,periop_infection,Gaussian_mle,toward,30995,529,0.017067268914341,0.43326819931407,0.4098626996268723,0.4566736990012677,0.0140965894907918,0.0128502249258992,0.0159778910753854,0.8259428946447881,0.7529162978794872,0.936171519624897,0.05,0.0109677419354838,0.0068588744726053,0.017494701850747,0.9826116488368144,0.6426184523446551,0.401872994855205,1.0250440148656026,0.6307522681451613,0.3901078132156687,1.0198422341013649,0.0321361058601134,0.9496816122891092,0.9810544261398756,0.9840429582000234,0.0201592426016828,0.0508592364359898,0.9471697040321287,0.9520801299414092,0.1,0.0087096774193548,0.0059927242472944,0.0126427628213755,0.982003943359025,0.5103146533325202,0.3511237959260697,0.7407607441371186,0.4839769952448271,0.3291805157042891,0.711566209880506,0.051039697542533,0.8991334602507713,0.9803762199611584,0.983498925306522,0.0353114727449759,0.0732416132002655,0.8957012852029291,0.9024649907911017,0.2,0.0112921438941764,0.0089478939627275,0.0142417357708449,0.981488949830618,0.6616257088846881,0.5242721613889204,0.834447259390054,0.6100217864923747,0.4751093373636285,0.7832440887402272,0.1323251417769376,0.7988249195824854,0.97973510245204,0.9830936278733988,0.1060829753408028,0.1638689203069844,0.794285828842666,0.8032886593686543,0.8056460719470883,0.0162588602779223,0.9795816733067728,0.7674858223062382,0.1936913280378126,0.9526339779096492,0.796287596050443,0.6521033043864414,0.9723519745393536,0.0147629844474462,0.017903553065248,0.9756926658524928,0.9828593969621636,0.7296367340106912,0.8014779537314071,0.1892923979313439,0.1981674961824475,0.7682157018239493,0.0163369871067993,0.0148030606434046,0.0180269540647343,0.9805122494432073,0.9572115602556648,0.8673362280573267,1.0562295675547106,0.8383208241089053,0.6923133404169918,1.0151209908960257,0.7353497164461248,0.2312085603623711,0.9770494466288708,0.9834614249518276,0.6961568984100888,0.7711489575891426,0.2265083394714235,0.2359765590388464
all,24.0,pop_normal,periop_infection,Gaussian_mle,any,23623,397,0.0168056555052279,0.4564753714513896,0.4284390304112274,0.4845117124915518,0.0150732119796919,0.0134061206424274,0.0172316682721432,0.8969130644742114,0.7977148310732108,1.0253493692514857,0.05,0.0118543607112616,0.0070743179480735,0.0197998228653482,0.9829337848676588,0.7053792520960549,0.4209486470713915,1.178164270902068,0.6946098252797226,0.4088098112443035,1.180213380658803,0.035264483627204,0.9497545853784553,0.9811547047308212,0.9845475570190791,0.0211203580279734,0.0583165068084107,0.9468699962570412,0.9524904195281444,0.1,0.0118543607112616,0.0082142883276533,0.0170797127584717,0.9826442782559616,0.7053792520960549,0.4887811918492569,1.0163074420488132,0.6830232061846444,0.4662333613865901,1.0006162982402345,0.070528967254408,0.8995091707569104,0.980799649578426,0.9843145227274706,0.0492440394415623,0.1000458546213293,0.8955762077204658,0.9033099973408724,0.2,0.0129100529100529,0.0100639938582316,0.0165475128583392,0.9822203407768018,0.7681969266855917,0.5988456597304953,0.9846395371600712,0.72611363063744,0.5537941952058792,0.9520522409980786,0.1536523929471032,0.7991905623008697,0.9802358335359674,0.984008835618386,0.1215128545358394,0.1924306084181054,0.7939891510761281,0.8042930171501073,0.3119840833086398,0.0135685210312075,0.981726450501446,0.2518891687657431,0.6869887195384483,0.8073782678091111,0.7425224657246366,0.592958311409244,0.9298117616320488,0.0111691700687364,0.0164747109715071,0.97955052614226,0.9836747045200108,0.2117036353267878,0.2968304090438562,0.6809944014678443,0.6929211916544092,0.7682157018239493,0.0159246197928146,0.014203044032565,0.0178510920061716,0.9802739726027396,0.9475750462611086,0.8451347838319476,1.0622074218181206,0.8072897533857419,0.6485300349853509,1.0049137445674865,0.7279596977329975,0.2310772410229915,0.9762396700103502,0.9836347676810042,0.6821549976129904,0.7693949413155041,0.2257008622537624,0.2365425651831255
all,24.0,pop_normal,periop_infection,Gaussian_mle,toward,23623,397,0.0168056555052279,0.4801801312305045,0.4528544921568735,0.5075057703041356,0.0157406579149878,0.0139725443954463,0.0189548769651778,0.9366286194603484,0.8314191845179554,1.127886797351125,0.05,0.0118543607112616,0.0070743179480735,0.0197998228653482,0.9829337848676588,0.7053792520960549,0.4209486470713915,1.178164270902068,0.6946098252797226,0.4088098112443035,1.180213380658803,0.035264483627204,0.9497545853784553,0.9811547047308212,0.9845475570190791,0.0211203580279734,0.0583165068084107,0.9468699962570412,0.9524904195281444,0.1,0.0122777307366638,0.0085620543445842,0.0175773118750307,0.9826913127322328,0.7305713682423425,0.5094745838340405,1.045916469581491,0.7093392206310054,0.4872121937487447,1.032737144885341,0.0730478589420654,0.8995522259536726,0.980849010332927,0.9843592139314852,0.0513388730655056,0.1029405230849936,0.8956199914089505,0.9033523098055356,0.2,0.0152380952380952,0.0121182847415349,0.0191455241371553,0.9828024129537516,0.9067242413338132,0.7210837290913865,1.1392310244131494,0.8860600732600733,0.6877926455206453,1.1414813149555263,0.181360201511335,0.7996641694652544,0.9808482854482632,0.9845602914599254,0.1465692436106873,0.2222587423069419,0.7944672332111415,0.8047619926997229,0.2587308978537865,0.0142342931937172,0.982296841985038,0.2191435768261964,0.7405924395074486,0.846994226990386,0.8040538971457524,0.6350199543183286,1.0180824478331076,0.0115549701818597,0.0175238731943323,0.9802352064718912,0.9841469093218363,0.1812492027154069,0.2624213145163374,0.7349159545247107,0.7461893492669432,0.7682157018239493,0.0168613621335684,0.0150877729925428,0.0188394512291581,0.98337899543379,1.0033147548647037,0.8977794997552622,1.1210185299405644,1.0144610734207384,0.8043570077079196,1.2794458923389624,0.7707808564231738,0.2318091793679497,0.9796378120163493,0.9864423170386688,0.7269548635479347,0.8094166108698903,0.2264266872048154,0.2372803748355903
all,0.0,all,mortality,Gaussian_trunc,any,49651,906,0.0182473666190006,0.7729182389680767,0.7595491284244116,0.7862873495117417,0.0502167461768552,0.0452185220989795,0.058159402716542,2.751999629610417,2.478084813174872,3.1872764947892125,0.05,0.0624244865082561,0.0535679305699592,0.0726329500973095,0.9840781886024424,3.4210134432907564,2.9356526718863662,3.980462036734568,3.920689986180328,3.313904721817859,4.638579337097663,0.1710816777041942,0.952241255513386,0.9829084757042688,0.9851690563800414,0.147961261111959,0.1969796604726333,0.950312180339874,0.954099053915998,0.1,0.0612286002014098,0.0548928940957233,0.0682427679467132,0.9865282191290335,3.3554759697573964,3.0082638904489616,3.739869394395431,4.544952206977079,3.971975637859591,5.200583399055588,0.3355408388520971,0.9043799364037336,0.9854167232583844,0.9875560697353594,0.3055456314634521,0.3669248293288441,0.9017373739986014,0.9069587653574568,0.2,0.0491440080563947,0.0450637980008361,0.053572926788494,0.989476599279978,2.6932109757263314,2.4696055568868847,2.93592647679417,4.669974028727408,4.105773384706422,5.311705100486908,0.5386313465783664,0.8062980818545492,0.9884246752758428,0.9904338533884984,0.5060754309632342,0.5708610379781728,0.8027656261813793,0.8097822625462988,0.9337173470826368,0.0194779982743744,0.9990884229717412,0.9966887417218544,0.06745307210996,1.067441603003274,21.367364106988784,6.882153475074553,66.3403178284522,0.0182592222281377,0.0207764041898422,0.997323088065189,0.9996899398145126,0.9903099035699158,0.9988732685338878,0.0652604619988704,0.0697138550113618,0.874874974994999,0.0205119941065426,0.0192207971819149,0.0218879941175773,0.9975857073877354,1.1241070854127475,1.053346358586376,1.1995152272978282,8.49606795892997,5.103795690577496,14.143036896249452,0.9834437086092715,0.1271515027182275,0.9960201328888636,0.9985363312809812,0.9728634815739016,0.9899414726071338,0.1242233793042543,0.1301383899813567
all,0.0,all,mortality,Gaussian_trunc,toward,49651,906,0.0182473666190006,0.7821417807724435,0.7694837703749907,0.7947997911698962,0.0514314775483988,0.0474326413378368,0.0593644761641406,2.8185698584498358,2.599423923912732,3.2533174459445324,0.05,0.06282722513089,0.053941588426474,0.0730635252084273,0.9840993894165536,3.4430844977636,2.956130029760333,4.004058598370449,3.951246073298429,3.341244288798205,4.672614206658854,0.1721854304635761,0.9522617704379936,0.9829304144373048,0.9851895158221068,0.1489982579868945,0.1981408484245951,0.9503330797987216,0.9541191810730524,0.1,0.061631419939577,0.0552749869027223,0.0686656917455967,0.9865729758761134,3.377551469558432,3.029203504091688,3.763046645541529,4.590102719033233,4.012347699132495,5.251051142908574,0.3377483443708609,0.904420966252949,0.9854632274440076,0.9875990713491928,0.3076944530421517,0.3691723774039392,0.9017789014678504,0.906999291120012,0.2,0.0494461228600201,0.0453534420143596,0.0538872787154735,0.9895521260794038,2.709767600577108,2.4854787521578063,2.953153725719622,4.732649267765928,4.160580335534084,5.383376184421206,0.5419426048565121,0.8063596266283721,0.9885037597532504,0.990505807902269,0.5093900276523464,0.5741409957697525,0.8028275895725917,0.8098433790027929,0.8900525669170812,0.0203883055756698,0.9990840813335776,0.9944812362030904,0.1118883988101343,1.1173286535734894,22.25995202751629,9.246745540398514,53.58701200357371,0.0191117371635431,0.0217482517997624,0.997857508495296,0.9996087186052665,0.987146288893467,0.9976405135565418,0.1091204780559236,0.1147174889984566,0.874874974994999,0.0206731433307242,0.0193768195566152,0.0220542416901068,0.9987123772734589,1.132938454209481,1.0618967635822325,1.208625997964124,16.055279939223723,8.008481273206856,32.18737799752879,0.9911699779249448,0.127295107190481,0.9974610135869756,0.9993473979382592,0.9826731628317538,0.995519085137563,0.1243655465236425,0.1302834090732839
all,0.0,pop_normal,mortality,Gaussian_trunc,any,46088,901,0.0195495573685124,0.6056318634657847,0.5895416143634685,0.6217221125681008,0.0257792730928542,0.0237430253169466,0.0292060715332137,1.318662750614279,1.2145044959017048,1.4939505269952866,0.05,0.0277777777777777,0.0218131307344109,0.035314533486565,0.9808834277361592,1.4208903687261067,1.1157864254023653,1.806410898256172,1.4530731448294172,1.130842021470708,1.867123368371525,0.0710321864594894,0.9504282205058976,0.9795579398932034,0.9821245377377562,0.0560168478345009,0.0896899808524206,0.948388284448306,0.952391576221516,0.1,0.0249511824690822,0.0208282298822125,0.0298653816218113,0.981050652137226,1.2763042149112784,1.0654067245409655,1.527675591771413,1.3167304041158547,1.085289949915409,1.5975260410899763,0.1276359600443951,0.9005466173899573,0.9796932542882836,0.982318952705752,0.1074171858777866,0.1510165554532927,0.8977530904346379,0.9032720447113296,0.2,0.0282056845302668,0.0250173988503051,0.0317870468040205,0.9826145918090587,1.4427786777257932,1.279691318771215,1.6259727115468356,1.6223768933399991,1.407194927507828,1.8704635246980772,0.2885682574916759,0.8017571425409963,0.9812292876733676,0.983899336190982,0.2599292557586794,0.319002570541084,0.7980556081205685,0.8054073731928841,0.8465110223919459,0.0224278464141077,0.9963245688436528,0.9711431742508324,0.1559740633368004,1.1472303945986664,6.102099443592241,4.134636349292523,9.005778132304217,0.0210048750914925,0.0239448588784151,0.9946198661446948,0.9974904969919992,0.9580532313808228,0.9802325415102556,0.1526578815512571,0.1593487352938693,0.874874974994999,0.0218992584509312,0.020515592606212,0.0233740181095805,0.9968787931333448,1.1201920349461938,1.0494146859435085,1.1956290195719743,7.016279082584481,4.403449323745804,11.179456954176205,0.9800221975582686,0.1272268572819616,0.9950713115460408,0.9980247387770178,0.968642009524395,0.9873264163304728,0.1241860309026392,0.1303310613393427
all,0.0,pop_normal,mortality,Gaussian_trunc,toward,46088,901,0.0195495573685124,0.6591049914245861,0.6437455755320322,0.6744644073171401,0.0312160125250764,0.0289081845594295,0.035116804470588,1.596763135688928,1.4787129966426087,1.7962966530970703,0.05,0.0338541666666666,0.0272107092533709,0.042049503405938,0.9812031792435592,1.7317101368849426,1.3918836493555615,2.1509184383716686,1.8010581206966385,1.433300721046193,2.263174996353584,0.0865704772475027,0.950738044127736,0.9798882212991438,0.982433703241663,0.0699190380610792,0.1067324333124738,0.9487040187941734,0.95269543644412,0.1,0.0407897591668474,0.0354511285999417,0.0468932553910454,0.9828105788471274,2.086479933941916,1.813398018772604,2.3986862979606043,2.372957111474988,2.026586126221391,2.778527583921976,0.2086570477247502,0.9021621262752562,0.9815142698166892,0.984017464634212,0.1833881029504932,0.2363998466751649,0.8993885074292818,0.9048673708237136,0.2,0.0308092861792145,0.027472431962673,0.0345370477924335,0.9832655275291564,1.5759582479774046,1.4052713033248347,1.766640908610075,1.841067068764411,1.6026613319701266,2.1149371261875314,0.3152053274139844,0.8022882687498617,0.981904914780616,0.9845254448920254,0.2857073345658537,0.346272450625278,0.7985904004256317,0.8059347430052002,0.7369380315917375,0.02479095512896,0.9951336192675684,0.9345172031076582,0.2670015712483679,1.2681082574733762,5.094331186161219,3.915664880447431,6.627791454750157,0.0231902748631128,0.026499123123246,0.9937283561687438,0.9962252065492918,0.9164485991106788,0.948896230304768,0.26294246539331,0.2711002907389412,0.874874974994999,0.0219488603953274,0.0205636101897737,0.02342519496402,0.9972255938963066,1.1227292762484502,1.051870883935954,1.1982468207566654,7.9111923687408545,4.829000908820496,12.960644629597027,0.9822419533851277,0.127271117799367,0.9954976932596288,0.9982914968647372,0.9713488286323227,0.9890402604634926,0.1242298312699521,0.1303757744818114
all,0.0,all,prolonged_los,Gaussian_trunc,any,49651,31473,0.6338845139070713,0.5907564207140761,0.5854955321566255,0.5960173092715266,0.6912514160676074,0.6858533944285538,0.6974730335596911,1.0905005579122669,1.081984777007979,1.100315622574023,0.05,0.738622633910592,0.720980680829191,0.7555273524930761,0.3716290705563093,1.1652321798460523,1.137400685789412,1.1919006316091163,1.1754564052867778,1.1471152108105176,1.20449781129957,0.0582721697963333,0.9642975024755198,0.3672785981953127,0.3760004515672898,0.0557375815679039,0.0609145796197038,0.9615005502279989,0.9668982539943412,0.1,0.7256797583081571,0.7130981026330612,0.7379124508126353,0.3763147294454639,1.144813830259534,1.1249653319935855,1.1641118131508963,1.1635351876483069,1.142142711974499,1.1853283470638722,0.1144790773043561,0.9250742655957752,0.3718336565247409,0.3808170666767484,0.1110084038246197,0.1180438528033133,0.9211565532446462,0.9288123519954036,0.2,0.6940584088620343,0.684921246849976,0.703045478933129,0.3811585811031948,1.0949287979667928,1.0805142448240763,1.1091065699014644,1.1215448540909183,1.104660451414996,1.1386873297822704,0.2189813490928732,0.8328749037297832,0.3763940246327547,0.385946122747468,0.2144467950426922,0.2235844971438783,0.8273810122120245,0.8382281304833995,0.9337173470826368,0.643183779119931,0.4971133394105135,0.9474152448130144,0.0899988997689514,1.0146702830071392,1.2789835752771557,1.2354391353134937,1.324062787936251,0.6388111991974496,0.6475326312930764,0.4800440299830128,0.5141893802058107,0.944894219682736,0.9498270601041152,0.0859247853996703,0.0942462705400095,0.874874974994999,0.6557161931948985,0.6512343499467113,0.6601704962051149,0.5187510059552551,1.034441098983888,1.0273706576813193,1.0414680935112688,1.3625300027825766,1.3266307229648693,1.399400734767885,0.9049979347377116,0.1773022334690285,0.5063190142007981,0.5311598239281967,0.9017088322234996,0.90818818107786,0.1718184450396903,0.1829223860541191
all,0.0,all,prolonged_los,Gaussian_trunc,toward,49651,31473,0.6338845139070713,0.5858596129862389,0.5806050819205476,0.5911141440519302,0.6895940796327347,0.6836852971095367,0.6963277896910102,1.0878859863325678,1.078564442118184,1.0985089151319654,0.05,0.743052758759565,0.7254994964844058,0.7598550994818188,0.3718622795115332,1.1722210315245185,1.1445294538158814,1.1987279745932002,1.1829456097330622,1.1547196514374822,1.2118615231365435,0.0586216757220474,0.964902629552206,0.3675112296822709,0.3762342000064441,0.0560797796243469,0.0612713081035907,0.9621276453014744,0.9674811573623876,0.1,0.7236656596173212,0.7110574170425037,0.73592805337378,0.3760909457100658,1.1416364396676395,1.1217459985885474,1.1609812784946318,1.1598896580222242,1.138474881206881,1.1817072479989477,0.114161344644616,0.924524150071515,0.3716104222015337,0.3805927720026721,0.1106949635515581,0.1177219053124387,0.9205936794680902,0.9282752271887578,0.2,0.691238670694864,0.6820794562362564,0.7002499741021535,0.3804536643085521,1.0904804511381403,1.076031108619654,1.1046964529643193,1.1157174707899828,1.0988450510509953,1.132848961221036,0.218091697645601,0.831334580261855,0.3756908774148086,0.3852395727144122,0.2135639451781115,0.2226882612694374,0.8258211262651247,0.8367080203973345,0.8900525669170812,0.6510228095582911,0.5048543689320388,0.9141168620722524,0.1516118384860821,1.0270369369738732,1.314810772245176,1.278963675040641,1.3516626003916987,0.6465657863347766,0.6554535783106067,0.4915923964872291,0.5181095139617211,0.9109705189492164,0.9171621231771144,0.1464717696968495,0.1568991275614348,0.874874974994999,0.6545190846724066,0.650033673942788,0.6589771668867591,0.5103814582327378,1.0325525711902157,1.0254765019201657,1.0395855276934032,1.3367939096218482,1.302106203746262,1.3724056852357165,0.9033457249070632,0.174441632742876,0.4979485781866357,0.5228015081594601,0.9000317674671482,0.9065612294617432,0.1689938399535309,0.180026998507629
all,0.0,pop_normal,prolonged_los,Gaussian_trunc,any,46088,30845,0.669263148758896,0.6449848861689669,0.6395469396487172,0.6504228326892165,0.7546131618268378,0.7489185859566179,0.7615496892858338,1.1275283320562588,1.1190196073778118,1.1378927566803536,0.05,0.7543402777777778,0.7363486024097144,0.7714852107947966,0.3352137767220902,1.127120594009474,1.1002377820670748,1.152738219974407,1.1347110565232494,1.1075441124159593,1.162544378469449,0.0563462473658615,0.9628682017975464,0.3308065919530551,0.3396498755792472,0.0538276909924568,0.0589752999632878,0.9597479216243916,0.9657552330748742,0.1,0.7680624864395748,0.7556569644048297,0.7800215206313788,0.3417150847416765,1.147624051711043,1.1290879615979832,1.165493008359831,1.166763005860726,1.1467355455318144,1.1871402409644658,0.1147673853136651,0.9298694482713376,0.3371655596067745,0.3462939264473341,0.1112581107401229,0.1183726057662628,0.9257061861401752,0.9338160902636146,0.2,0.7833586461271426,0.7748316698503165,0.7916495414513395,0.359262272850556,1.1704792764696952,1.157738434108004,1.182867371256584,1.2225886083096744,1.2065823168024694,1.2388072362354112,0.2341060139406711,0.8689890441514138,0.3543797697409998,0.3641741007079094,0.2294137328313268,0.2388645184985383,0.8635394329441493,0.8742527141192793,0.8465110223919459,0.7085405239144922,0.5473565168221657,0.8961906305722159,0.2540182378796825,1.0586874912034727,1.565339058766745,1.5245480219434222,1.6072215067238411,0.704010782272792,0.7130292007897255,0.5357344984637801,0.5589271283236857,0.8927372053596407,0.8995453807067353,0.2471701820648456,0.2609902490109256,0.874874974994999,0.7010738820961782,0.6965864756153053,0.7055229774321183,0.5531472169238772,1.0475309799983354,1.0408259843786087,1.054178731849294,1.568914659700683,1.5234378900403271,1.615748975075414,0.9164532339114928,0.2092763891622384,0.5402843750105994,0.565939299539747,0.9133130846015785,0.9194896615475672,0.2028921083887045,0.2158071715985684
all,0.0,pop_normal,prolonged_los,Gaussian_trunc,toward,46088,30845,0.669263148758896,0.6439753392778385,0.638579639182639,0.6493710393730379,0.7594837542953692,0.753954979697114,0.7653156750410469,1.134805876737396,1.1265448890997112,1.1435198194615583,0.05,0.7938368055555556,0.7768351117576572,0.8098602662960187,0.33729216152019,1.186135538805137,1.1607319380997538,1.210077482673072,1.1978684413580247,1.1719720456054223,1.2243370549510524,0.0592964824120603,0.9688381552187888,0.3328780474969268,0.3417348249493825,0.0567152039925457,0.0619875222712501,0.9659594404400766,0.9714806127182116,0.1,0.7982208722065524,0.7863881722629216,0.8095568521662719,0.3450661780660093,1.192686126057889,1.175005935589351,1.2096241271726096,1.2187809599593455,1.1993051409372104,1.238573051724451,0.1192737882963203,0.9389883881125762,0.3405057075617517,0.3496553444718679,0.1157040467224377,0.122938353386356,0.9350768803520758,0.9426786805111,0.2,0.7895422000433934,0.7811008223576543,0.7977423449333563,0.3608082451857879,1.1797186226487246,1.1671056800395387,1.1919711198991254,1.2352196255611625,1.2192234551706254,1.2514256651648268,0.2359539633652131,0.872728465525159,0.355920980353336,0.3657245126402663,0.2312485673694354,0.2407251225599783,0.8673435283774095,0.8779255770614508,0.7369380315917375,0.7317748203980685,0.5058561530847905,0.8057707894310261,0.4023486190382471,1.093403725806652,1.4808943285772296,1.452838965005132,1.5094914613640311,0.7270370196358942,0.7364601959187143,0.4969560494505903,0.5147525467434761,0.8013178631300134,0.8101475605830118,0.3945893901683311,0.4101570564662297,0.874874974994999,0.6961136876565561,0.6916058025631282,0.7005842066841741,0.5184671406277094,1.0401195537920362,1.033383959427118,1.0467993165070584,1.4456203229079436,1.406341736381981,1.485995945324661,0.9099692008429244,0.1961556124122548,0.5055631447177072,0.5313465497019073,0.906723661307052,0.9131126336156076,0.1899286290522318,0.2025357092668598
all,0.0,all,unplanned_icu,Gaussian_trunc,any,49651,10237,0.2061791303297013,0.6829876832055373,0.6777625346385969,0.6882128317724776,0.3140133227963651,0.3071819482464319,0.3234968816554734,1.5230121608051506,1.48987895988899,1.5690088571921377,0.05,0.3809907370116794,0.3620866884844668,0.400262469580124,0.8030232360922659,1.8478627609032816,1.7561752632550809,1.941333581823067,1.9341912693323533,1.8337144202519409,2.0401736633818355,0.0924098857087037,0.9610037042675192,0.7994093681352485,0.8065877485853332,0.0869516104627082,0.0981739557798161,0.9590471455646676,0.9628704055982554,0.1,0.3675730110775428,0.3542688104207912,0.3810819803953217,0.8117531217831088,1.782784758524087,1.7182573709292477,1.8483053051292488,1.952611456610922,1.87369579075131,2.0348508649632087,0.1782748852202793,0.9203328766428172,0.808101895610259,0.8153507505051838,0.1709815455859969,0.1858095993917752,0.9176184579072676,0.9229653654342924,0.2,0.3265861027190332,0.3174306616401666,0.3358756685111013,0.8239218549381939,1.5839920470941409,1.5395867716221463,1.6290478477331929,1.8547793231488012,1.7903418226015717,1.9215360408557691,0.3167920289147211,0.8303394732836048,0.8201448048232021,0.8276362551772989,0.3078499317710891,0.3258715779923271,0.8266018004798786,0.8340127573704933,0.9337173470826368,0.2205780845556514,0.996657550896384,0.9989254664452476,0.0832191607043182,1.0698371081637832,65.99295238842262,36.573578369854026,119.07693911980748,0.2168268880903331,0.2243755855200503,0.9940243560261414,0.9981325962230956,0.998076732601339,0.9993998810394772,0.0805326719897814,0.0859868870111355,0.874874974994999,0.2338735669229706,0.2299164842000351,0.2378777172317936,0.987445678416224,1.1343222107348263,1.115129760380575,1.153742946007208,18.62892911913355,14.932364851515649,23.24059206807268,0.9923805802481196,0.1556553508905465,0.984360392751574,0.9899285452197584,0.9905015984507528,0.9938901531021664,0.1521098364106419,0.1592679839315048
all,0.0,all,unplanned_icu,Gaussian_trunc,toward,49651,10237,0.2061791303297013,0.6911068562073331,0.6859528783101194,0.6962608341045469,0.3188538717428285,0.3126692574765334,0.3260327893693841,1.546489556110499,1.5164932404969584,1.5813083935703127,0.05,0.3842126459927507,0.3652730808142725,0.4035099409913784,0.803192842605156,1.8634895072956985,1.7716297485112285,1.9570843098723192,1.9522290300749825,1.8514015529895291,2.0585475796503565,0.0931913646576145,0.9612066778302126,0.7995801273981994,0.8067561747231916,0.0877115704789315,0.0989763673561775,0.95925487634974,0.9630685823756104,0.1,0.3673716012084592,0.3540690944778973,0.3808791880352744,0.811730743409569,1.781807890163252,1.7172887183669123,1.8473217314779145,1.9513095651493175,1.872421562285144,2.033521241016009,0.1781772003516655,0.9203075049474806,0.8080793537204362,0.8153285394952784,0.1708854873139581,0.1857103612147409,0.9175926999954208,0.922940384900836,0.2,0.327190332326284,0.3180302742570109,0.336484047775263,0.8240729085370458,1.5869226521766462,1.5424949836021151,1.631998579280022,1.859806409606801,1.7952378373127666,1.9266972928734756,0.3173781381264042,0.830491703455625,0.8202971074384694,0.827786030544389,0.3084313607648044,0.3264619276930503,0.8267553388512638,0.8341636496709288,0.8900525669170812,0.2297927226647357,0.9849789338706724,0.991989840773664,0.1364236058253412,1.114529498195447,15.298030158863318,12.33243691896404,18.97676252303513,0.2258938709341388,0.2337385484199934,0.98139430462328,0.9878814657010874,0.9900689629439374,0.9935416028126892,0.1330703751697756,0.1398477036323879,0.874874974994999,0.2332289700262443,0.2292757613332462,0.2372293603096631,0.98293899887333,1.1311958181862904,1.1120221574638085,1.1505983167661509,13.670298026160904,11.310321296617971,16.52270021541642,0.9896454039269316,0.1549449434211194,0.9794076546951772,0.9858734938545944,0.9874925150148536,0.9914309359640188,0.1514061717741802,0.1585509720994711
all,0.0,pop_normal,unplanned_icu,Gaussian_trunc,any,46088,10194,0.2211855580628363,0.6558069189598974,0.6503561226647745,0.6612577152550203,0.3035707363636771,0.2961731104465793,0.312957763672462,1.3724708747821417,1.3390255360272658,1.4149104779415762,0.05,0.3051215277777778,0.2866567035706046,0.3242351358000003,0.7832313173762104,1.37948214363569,1.2960009960920174,1.465896501741261,1.407590451187675,1.32013893724113,1.500835118472705,0.0689621345889739,0.9553964450883156,0.7793469640110837,0.7870659737757377,0.064203802275012,0.0740452170076566,0.953211660458957,0.957483761407298,0.1,0.3085267954003037,0.2953560451485296,0.3220164655398928,0.7885194917910268,1.394877667883971,1.3353315095944118,1.4558656919563056,1.4588899847707706,1.3918438616662083,1.5291657680025617,0.1394938198940553,0.9112107873182148,0.7845629475268867,0.7924225982270472,0.1329038093361321,0.1463554409742472,0.9082239867870006,0.914109576576876,0.2,0.3256671729225428,0.3161748194163877,0.335304772252157,0.8049362625440738,1.4723708716553023,1.4294550791899625,1.5159433336823045,1.6695423617427911,1.610577524522051,1.730665960013857,0.2944869531096724,0.8268234245277762,0.8008598589965082,0.8089491281961906,0.2857172064313679,0.3034115362625763,0.8228738243033485,0.830703074871559,0.8465110223919459,0.2550110216845235,0.9653661294882668,0.9759662546596036,0.1902546386582715,1.1529279936625778,7.363052928148242,6.503098929896189,8.3367251532152,0.2507101477447163,0.2593601376398038,0.9608461363034922,0.9693809543960228,0.9728089959649108,0.9787649135572768,0.1862272979516237,0.1943482740348547,0.874874974994999,0.2487041492026487,0.2445089511633824,0.252947227312964,0.9712155366741808,1.124414050269931,1.1054471788520668,1.1435973918383249,8.640221858142622,7.430189314298901,10.047312470795331,0.9837159113203844,0.1560427926672981,0.9665765301246496,0.9752271749016672,0.981070433107808,0.9859969510335576,0.1523253368385845,0.1598338655130131
all,0.0,pop_normal,unplanned_icu,Gaussian_trunc,toward,46088,10194,0.2211855580628363,0.6816851632407191,0.6763343811660953,0.687035945315343,0.3294087856682354,0.3233863456981859,0.3370786362432706,1.4892870427582532,1.462059044588777,1.5239631339199389,0.05,0.3576388888888889,0.3383190993341972,0.3774326229677147,0.7859948839758816,1.6169179037778214,1.529571380234891,1.7064071735664148,1.671169809083363,1.577640303838287,1.770244157680949,0.0808318618795369,0.958767482030423,0.7821282075421226,0.7898113785369499,0.0756969827331535,0.0862825483080032,0.9566609708950612,0.960775803353784,0.1,0.3744847038403124,0.3606216921428721,0.3885567752035895,0.7958485016514381,1.6930793634090953,1.6304034282402091,1.756700476317739,1.834347074940047,1.7591250161615908,1.912785709047081,0.169315283500098,0.9196801693876414,0.791942065051854,0.7997001429882045,0.1621598490620299,0.1767198605424024,0.9168233105547124,0.9224472042497208,0.2,0.3469299197222825,0.3372783592982146,0.356709010860041,0.8102522375915379,1.5685016813969546,1.524866099993733,1.6127138407413744,1.8283742338708624,1.765376648498711,1.8936198923474683,0.3137139493819894,0.8322839471778013,0.8062176161580823,0.8142222134689996,0.3047780690297551,0.3227901803143022,0.8283832645280956,0.8361135112334867,0.7369380315917375,0.2788246378518431,0.9402837347410096,0.928977830096135,0.3176018276034992,1.260591515530287,4.669157333309042,4.341859986119466,5.02112695316973,0.2740807970941773,0.2836185063552358,0.935924611314403,0.9443639307127292,0.92382819462587,0.9338042675218066,0.3128053533851699,0.3224373404262597,0.874874974994999,0.247860916147913,0.2436705933694339,0.2520992796608919,0.965319923703832,1.120601717032079,1.1016568871110917,1.1397637434776522,7.147069517125072,6.230623424063763,8.198313267551388,0.980380616048656,0.1550955591463754,0.9602792499663686,0.969741078437724,0.9775017822447176,0.9828975242124448,0.1513875151298343,0.1588774229159116
all,0.0,all,periop_infection,Gaussian_trunc,any,49651,1897,0.0382066826448611,0.6718095511416586,0.6602972745739102,0.6833218277094071,0.065430911366378,0.061878745641309,0.0690311198094421,1.7125514919620646,1.6195791248479894,1.806781301875915,0.05,0.0773258155457108,0.0674601782054447,0.0884973222642273,0.9638526119402984,2.023881954486077,1.765664369045091,2.316278622952636,2.139181271354891,1.852955116448324,2.469620807916179,0.1012124406958355,0.9520249612597896,0.9621299618088428,0.9654997112289808,0.0884354296690192,0.1156013506708049,0.9500715055201312,0.9539056959956088,0.1,0.0837865055387714,0.0763976209397143,0.0918189710321448,0.9668576287875396,2.1929803829760357,1.9995879163298664,2.4032175702251046,2.5280781813001614,2.2767004027677897,2.807211384948217,0.2192936215076436,0.9047409641077188,0.9651573305768124,0.9684776635557244,0.2012511224221747,0.2384707355169613,0.902075217423844,0.9073415967564684,0.2,0.0724068479355488,0.0674730944442043,0.0776713177638583,0.970343143425392,1.8951356915381845,1.766002431338528,2.0329249332068158,2.4414876119252424,2.231097539604516,2.6717172393283373,0.3790195044807591,0.8071156342924153,0.9686288307624528,0.9719664868032692,0.357452776092911,0.4010752359202941,0.8035520920114976,0.8106297683345529,0.9337173470826368,0.0400776531492666,0.9881494986326343,0.9794412229836584,0.0680990074129915,1.0489697187739782,3.3819373465188827,2.467728214272058,4.634829779726398,0.0383299544869196,0.0419015680019329,0.9838417321609624,0.9913189553816496,0.9720198356196684,0.9849247093650374,0.0658741035054143,0.070393394814694,0.874874974994999,0.0418757769694737,0.0400322292870476,0.0438003493023462,0.987445678416224,1.0960327898320192,1.04778082041708,1.1464054524042149,3.3355666962992347,2.663317953024236,4.177497911140071,0.9588824459673168,0.1284709134313356,0.984360392751574,0.9899285452197584,0.9489805352211684,0.9669295542886572,0.125499573553001,0.1315020242746528
all,0.0,all,periop_infection,Gaussian_trunc,toward,49651,1897,0.0382066826448611,0.6756387600492235,0.6640950837618309,0.6871824363366161,0.0663726484996934,0.0628122452967082,0.0705812841776763,1.737199984532567,1.6440120143525894,1.8473544231448653,0.05,0.0781312927909786,0.0682146540983098,0.0893513123066272,0.963895013568521,2.0449640581786404,1.7854115923221832,2.338630473029178,2.164002829339331,1.87578788399366,2.496502022082822,0.1022667369530838,0.952066842568162,0.9621733108761508,0.9655411585118752,0.0894253895695434,0.1167157218202745,0.9501141779371096,0.9539467794575816,0.1,0.0837865055387714,0.0763976209397143,0.0918189710321448,0.9668576287875396,2.1929803829760357,1.9995879163298664,2.4032175702251046,2.5280781813001614,2.2767004027677897,2.807211384948217,0.2192936215076436,0.9047409641077188,0.9651573305768124,0.9684776635557244,0.2012511224221747,0.2384707355169613,0.902075217423844,0.9073415967564684,0.2,0.072306143001007,0.0673756943635833,0.0775673858643115,0.9703179678255834,1.8924998978086456,1.7634531369774789,2.030204678729011,2.436024008603054,2.226047010329999,2.6658075696302475,0.3784923563521349,0.8070946936382293,0.9686029716508904,0.9719419995844384,0.3569326043103931,0.4005432421778152,0.8035310068778306,0.8106089755287446,0.8900525669170812,0.0413875814627081,0.9875435061366552,0.9641539272535582,0.1128910667169242,1.0832550380626906,3.3225706941900586,2.6125179086609327,4.225607786761156,0.0395699744394133,0.0432849156912454,0.9842395503037548,0.9901617576162848,0.954805879605792,0.9716258651540028,0.1100837758373176,0.1157606350206471,0.874874974994999,0.0418757769694737,0.0400322292870476,0.0438003493023462,0.987445678416224,1.0960327898320192,1.04778082041708,1.1464054524042149,3.3355666962992347,2.663317953024236,4.177497911140071,0.9588824459673168,0.1284709134313356,0.984360392751574,0.9899285452197584,0.9489805352211684,0.9669295542886572,0.125499573553001,0.1315020242746528
all,0.0,pop_normal,periop_infection,Gaussian_trunc,any,46088,1869,0.0405528554070473,0.6183431265689109,0.6068610455503006,0.6298252075875211,0.0538323070943526,0.0509723137120821,0.0570666070109471,1.3274603367386426,1.256935256480707,1.40721550771564,0.05,0.0499131944444444,0.0417461772388149,0.0595786277218028,0.9599397040014616,1.2308182480233043,1.0294263331099536,1.469159868615542,1.2459517135436464,1.0365960398178506,1.4975898159471397,0.0615302300695559,0.9504963929532554,0.9580621242026264,0.9617365808333396,0.0515092418560689,0.0733500094548801,0.9484351348637972,0.9524793825787004,0.1,0.0499023649381644,0.0439823232937612,0.0565720941828761,0.9604860290749536,1.2305512013216284,1.084567852307581,1.3950212288391626,1.2629043290238704,1.103847935374967,1.4448795827347811,0.1230604601391118,0.9009701711933784,0.9585681528362616,0.962318616887826,0.1089353930280929,0.1387318950116431,0.8981511102281768,0.9037195682946614,0.2,0.0589064873074419,0.0542811515091225,0.0638993212502447,0.9640358014646052,1.452585439820966,1.3385284701725195,1.5757046109049118,1.6379202013766103,1.4861831863330894,1.8051493320260992,0.290529695024077,0.803817363576743,0.9620862952289424,0.9658886191070784,0.2703927532585512,0.311525973877796,0.8000896841998532,0.8074922582504483,0.8465110223919459,0.0458040703337263,0.988408255583828,0.9561262707330124,0.1581220742214885,1.1294906332481436,3.9514389456192713,3.1714140031852507,4.9233148763531815,0.0437738941837382,0.0479236844952422,0.9856353914798625,0.9906509385222104,0.9458674924649616,0.9645138232853931,0.1547510587548445,0.1615524869675542,0.874874974994999,0.0447657548175888,0.0427903020728678,0.0468279445614847,0.9889023755852264,1.1038866281610673,1.0551735911901197,1.1547385280629785,4.03381418801617,3.148538850638904,5.1680025800344485,0.965757089352595,0.1289717089938714,0.9858545045250676,0.9912993303679224,0.9565103358324032,0.9730931074059356,0.1258798809449559,0.1321279988562371
all,0.0,pop_normal,periop_infection,Gaussian_trunc,toward,46088,1869,0.0405528554070473,0.6375609137704134,0.6259785841086541,0.6491432434321726,0.0593683350211095,0.0558876102162674,0.0631393662711328,1.4639742238913296,1.3781424182168718,1.5569647473001451,0.05,0.0603298611111111,0.0513200012642859,0.0708034581620455,0.9604878494427188,1.4876846650020807,1.2655089450339283,1.745954938347969,1.5268685773924215,1.2912100461567968,1.8055371080541105,0.0743713215623328,0.951039146068432,0.9586223064660552,0.962272593272506,0.0633293319492899,0.0871594226789711,0.9489883776168152,0.9530115517590484,0.1,0.0739856801909307,0.0667785310584294,0.0819024034874261,0.9631620820174064,1.8244259115246757,1.6467035523921327,2.0196457848734606,2.008411013507603,1.793142496415019,2.249522727414656,0.1824505082932049,0.9034804043510708,0.961306011331694,0.9649323686350244,0.1655979223382051,0.2006058185440989,0.9006928052440323,0.9061979034706245,0.2,0.0630288565849425,0.058247567619078,0.0681742091331923,0.9650664496880932,1.5542396694953613,1.436337023235992,1.6811198237188707,1.8042499551916384,1.6403160292296806,1.984567511870124,0.3108614232209737,0.8046767226757728,0.9631432541619688,0.966892741870514,0.2902833373471552,0.3322154367082694,0.8009551096100596,0.8083454017347382,0.7369380315917375,0.0501707690495819,0.9863906301550645,0.9117174959871588,0.27044935434994,1.2371698255522372,3.6864872967098856,3.146285115058228,4.319439622226306,0.0478995769276449,0.0525437082294549,0.9841687232559876,0.9883044000737236,0.8979961424513921,0.9237498076599252,0.2663292175922879,0.2746093728396755,0.874874974994999,0.0447657548175888,0.0427903020728678,0.0468279445614847,0.9889023755852264,1.1038866281610673,1.0551735911901197,1.1547385280629785,4.03381418801617,3.148538850638904,5.1680025800344485,0.965757089352595,0.1289717089938714,0.9858545045250676,0.9912993303679224,0.9565103358324032,0.9730931074059356,0.1258798809449559,0.1321279988562371
all,24.0,all,mortality,Gaussian_trunc,any,31511,577,0.0183110659769604,0.429496006424591,0.4046040572659442,0.4543879555832379,0.0169168977405571,0.014529885502996,0.0219571225510561,0.9238619838868236,0.7935029845492367,1.1991176580698968,0.05,0.0184010152284263,0.0128421079107095,0.0263020695815149,0.9816936696175046,1.0049122891905444,0.7013304373905872,1.4364029715478657,1.005172246100263,0.6942945099418707,1.4552487883201617,0.0502599653379549,0.949990301933148,0.9801120603409864,0.9831516619267452,0.0352191339758059,0.0712498241704425,0.9475049496688712,0.9523639022034583,0.1,0.0152332592827673,0.0115090213245385,0.020138082606131,0.9813469675599436,0.8319154822517899,0.6285281992331619,1.0997766395178432,0.8166639570118767,0.6091540775662202,1.0948626024912298,0.0831889081455806,0.8996896618607357,0.9797058635769846,0.9828576842324206,0.0633175956400928,0.1085736738557559,0.8962920891858236,0.902987974359398,0.2,0.0168200571247223,0.0139267390374906,0.020302094113028,0.9813161965964536,0.9185733449863512,0.7605640793940522,1.1087336006856623,0.9002480255989911,0.7305359735509648,1.1093861725323266,0.1837088388214904,0.7997025926165384,0.9795698445335584,0.9829158754417736,0.154238286744955,0.2173631963444104,0.7952054474760311,0.8041253086811793,0.8804227095300053,0.0167970298814115,0.9705414012738852,0.8076256499133448,0.1182194349259714,0.9173157861233252,0.5701910684068345,0.4648796294376444,0.6993592188244858,0.0153503279544053,0.0183775324446679,0.9646446638010552,0.9754796510694312,0.7734708132417192,0.8377113059453363,0.1146687392666653,0.1218649431606181,0.76729383132079,0.0157581272230953,0.0142634788307599,0.0174066318526216,0.97327151234147,0.8605794574124062,0.7789540406171165,0.9506072379687336,0.5895629945252979,0.4972471586157909,0.6990176182830748,0.6603119584055459,0.2307170104092584,0.969324721317632,0.9767226896009844,0.6207210216319456,0.6977823362542663,0.2260557789531332,0.2354451164422326
all,24.0,all,mortality,Gaussian_trunc,toward,31511,577,0.0183110659769604,0.4403035803066606,0.4157357401791498,0.4648714204341714,0.0172077328959012,0.0148959910152137,0.0214854973234256,0.9397450108886364,0.8134966601046796,1.1733613624930073,0.05,0.0184010152284263,0.0128421079107095,0.0263020695815149,0.9816936696175046,1.0049122891905444,0.7013304373905872,1.4364029715478657,1.005172246100263,0.6942945099418707,1.4552487883201617,0.0502599653379549,0.949990301933148,0.9801120603409864,0.9831516619267452,0.0352191339758059,0.0712498241704425,0.9475049496688712,0.9523639022034583,0.1,0.0152332592827673,0.0115090213245385,0.020138082606131,0.9813469675599436,0.8319154822517899,0.6285281992331619,1.0997766395178432,0.8166639570118767,0.6091540775662202,1.0948626024912298,0.0831889081455806,0.8996896618607357,0.9797058635769846,0.9828576842324206,0.0633175956400928,0.1085736738557559,0.8962920891858236,0.902987974359398,0.2,0.0161853379879403,0.0133515702060839,0.0196085980290331,0.9811575231068268,0.8839101998925266,0.7291530827797436,1.0708605415820849,0.8589814428168165,0.6948130008218065,1.0619391379132963,0.1767764298093587,0.7995732850585117,0.9794042563659175,0.9827641649833048,0.1478165815613281,0.2100117833491742,0.7950750775037388,0.8039970956500598,0.7662086255593284,0.0165258449304174,0.975838197366635,0.6915077989601387,0.2323980086636063,0.902505891858554,0.6839657281032904,0.5743166067569618,0.8145491732538925,0.0149929423112975,0.0182125761479588,0.9720759250443776,0.9791044666221588,0.6526579198789284,0.7278244698121683,0.227724649722077,0.2371378247176395,0.76729383132079,0.016378525932666,0.014853722375973,0.0180569886097444,0.9753170598663576,0.8944605384128946,0.8111882942621949,0.986124381424016,0.6635565230068521,0.5576380958652346,0.7895932191321319,0.6863084922010398,0.2312019137518588,0.9715091057477524,0.9786272581066888,0.6473216895160435,0.7228308615409055,0.2265371732158952,0.235933408442264
all,24.0,pop_normal,mortality,Gaussian_trunc,any,23988,385,0.0160496915124228,0.4571978248417684,0.4274525880338616,0.4869430616496752,0.0148537587397577,0.0133822080702296,0.0174305222378397,0.9254856224657372,0.8337984602303062,1.086034720626755,0.05,0.018348623853211,0.0121478925084007,0.0276259230962474,0.9840712624511826,1.1432384129631836,0.7568925856922499,1.7212743980072327,1.151919528900346,0.752026395116171,1.7644574840448477,0.0571428571428571,0.9501334576113206,0.9823622267209564,0.9856171234272936,0.0380355293186244,0.0850006890283837,0.947282507622569,0.952837904927664,0.1,0.0162567736556898,0.0119148479650342,0.0221454912599899,0.983973319746167,1.0129025622147754,0.7423723973642634,1.3798079073886744,1.0143568972621058,0.7304356418344996,1.4086387028418532,0.1012987012987013,0.9000127102486972,0.9822100047499264,0.985564426569016,0.0749899380667209,0.1354854843160693,0.8961202784741861,0.9037749518983514,0.2,0.0133388912046686,0.0104600979239868,0.0169963679452745,0.9832725377800938,0.8310995382275082,0.6517320233781758,1.058984089016226,0.7974246798055783,0.6109069281053319,1.040888702858826,0.1662337662337662,0.7994322755581917,0.9813588603355838,0.9849927636144648,0.1323803740652308,0.2066821130760627,0.7942752263762248,0.8044918700234901,0.5671585792896449,0.0137449467107681,0.9809303669459694,0.4857142857142857,0.4315129432699233,0.8563994329815718,0.7207766752419453,0.5911706820365382,0.8787969893620723,0.011921207596296,0.0158432128522452,0.9781161904500516,0.9833887967830262,0.4361774195511038,0.5355334262020254,0.4252058644958851,0.4378423121818454,0.76729383132079,0.0148321199608823,0.0131842529433867,0.0166824679087905,0.9799355069867433,0.924137386030247,0.8214645704050931,1.039426078431342,0.7392222644789742,0.594494435604852,0.9191836349913896,0.7090909090909091,0.2317502012456043,0.9759133906474532,0.9832974827865522,0.6618340111119487,0.7522163374104316,0.2264109990023822,0.2371767094016086
all,24.0,pop_normal,mortality,Gaussian_trunc,toward,23988,385,0.0160496915124228,0.4846917984781816,0.4544507658899968,0.5149328310663663,0.0161871047698197,0.0145958395029356,0.0189983346706425,1.008561738229703,0.90941557921148,1.1837196157905807,0.05,0.018348623853211,0.0121478925084007,0.0276259230962474,0.9840712624511826,1.1432384129631836,0.7568925856922499,1.7212743980072327,1.151919528900346,0.752026395116171,1.7644574840448477,0.0571428571428571,0.9501334576113206,0.9823622267209564,0.9856171234272936,0.0380355293186244,0.0850006890283837,0.947282507622569,0.952837904927664,0.1,0.0179241350562734,0.0133341735593674,0.0240555569996506,0.9841585992866738,1.1167900044932142,0.8308055982911868,1.4988174059938175,1.131474127865168,0.8263042528112989,1.5493490414366855,0.1116883116883116,0.9001821802313266,0.9824047904002996,0.985740134073189,0.0839824382375274,0.1470669145066233,0.8962926044392665,0.9039415107419868,0.2,0.0175072947061275,0.014163678737378,0.0216229244691917,0.9843147472642,1.0908181439236044,0.8824891572785034,1.3472486030310942,1.1161627422278662,0.8781963891881346,1.4186112383009812,0.2181818181818181,0.8002796254713384,0.9824572677338156,0.9859783579931364,0.1798199911890101,0.262112147759086,0.7951305376556167,0.8053309827876772,0.3227863931965983,0.0156270179516983,0.9837488457987072,0.3142857142857143,0.6770749480998178,0.973664692533348,0.9615943432777992,0.7767564537608036,1.1904164768080645,0.0130948664711032,0.0186395632092454,0.9816869683460374,0.9855819845373484,0.2699412668441949,0.3622997279464858,0.6710811186624863,0.6830111458444268,0.76729383132079,0.0154840812778441,0.0137987729525898,0.0173715984426751,0.9820852740953064,0.964758809592016,0.8597531573681171,1.0823633855659536,0.8643214169292621,0.689603310223583,1.0833061568692273,0.7402597402597403,0.2322586111934923,0.978259464972602,0.985247985722026,0.6942370468591341,0.7815350927473277,0.2269152093513793,0.2376891534787589
all,24.0,all,prolonged_los,Gaussian_trunc,any,31530,22667,0.7189026324135743,0.4095382443578065,0.402481328862913,0.4165951598526999,0.6595078868848407,0.6536631818146245,0.6653433389384112,0.9173813770450008,0.9092513399486086,0.9254985431123708,0.05,0.5310913705583756,0.5064075543115832,0.5556239810018305,0.2712158643252988,0.738752852768588,0.7044174433071964,0.7728779336033758,0.7287361847780844,0.6953454673342102,0.7637303354271697,0.0369259275598888,0.9166196547444432,0.2662105996516961,0.2762798045969197,0.0345483326422052,0.0394604593384153,0.910681948882143,0.922196355834612,0.1,0.5470980019029495,0.5296760101654284,0.5644053653460955,0.2620079641963562,0.7610182203202894,0.7367840737863837,0.7850929178701369,0.741333205997517,0.7176224167183315,0.765827417749502,0.0761018220320289,0.8388807401557035,0.2569241244196449,0.2671562326618025,0.0727212143630828,0.0796260897617009,0.8310801493704556,0.8463876876550755,0.2,0.5924516333650491,0.5802707426567756,0.6045199500287587,0.2494846178242943,0.8241055278598844,0.807161799795656,0.8408926644199393,0.7893930590037505,0.7724690347799373,0.8066878716773683,0.1648211055719768,0.7100304637256009,0.2441829186207698,0.2548626120916158,0.1600478873996576,0.1697079166371894,0.7004943698749578,0.7193845642429134,0.8804947668886774,0.7083063179886175,0.2030254777070063,0.8675166541668505,0.0863138892023017,0.9852604317369352,0.8887439914023014,0.8730675722072903,0.9047018895189916,0.7029308562806927,0.7136241384002536,0.1904869888204255,0.2161689004406717,0.8630408586205086,0.871867897479662,0.0806450243823543,0.0923412168515028,0.7674317076213047,0.6953754597677398,0.6895456322992073,0.7011432601069147,0.2034637938088095,0.9672734921461524,0.9591641499269424,0.9752965540729264,0.8729991861799069,0.8606379705852986,0.8855379440817323,0.7423126130498081,0.1683402910978224,0.1944058823136213,0.2128322404230069,0.736578128672317,0.747964977129278,0.1606944341946719,0.1762735341966886
all,24.0,all,prolonged_los,Gaussian_trunc,toward,31530,22667,0.7189026324135743,0.4135427367753647,0.4063310516390185,0.420754421911711,0.6588796385378588,0.6507795594152317,0.6647869738508688,0.9165074779679132,0.90524019536605,0.9247246342929324,0.05,0.5291878172588832,0.5045029750070725,0.5537307112055198,0.2711157107564932,0.7361049930812453,0.7017681564376846,0.7702443783610552,0.7260244528087111,0.6926364784273883,0.7610218671603612,0.0367935765650505,0.916281168904434,0.26611104263079,0.2761790801663075,0.0344202360718275,0.0393238987731708,0.9103330159887876,0.9218686103490504,0.1,0.5417063114494133,0.5242741321377581,0.5590369848976992,0.2614088874792966,0.7535183306127852,0.7292700130720216,0.7776254525885409,0.7334319385466864,0.7097347072575723,0.7579203933239962,0.0753518330612785,0.8369626537289857,0.25632890664077,0.2665534591873104,0.0719870030787486,0.0788605772775095,0.8291263069382602,0.8445070192734092,0.2,0.5873771011734855,0.575176424125738,0.599471383197983,0.2482159847764034,0.8170468081351745,0.8000755570955362,0.8338700627446246,0.7813109740020038,0.7644102615713105,0.7985853523749594,0.1634093616270349,0.7064199480988379,0.2429235710962097,0.2535850798856484,0.1586530443421019,0.1682797502481086,0.6968510104160353,0.7158100209933902,0.766349508404694,0.7054587592600257,0.2370028505497488,0.7520183526712843,0.1969987588852533,0.981299452043438,0.9245889840719818,0.9107221298477728,0.9386669780497702,0.6996788238208786,0.7111733745896907,0.2274308198162342,0.2468490236143992,0.7463540630038935,0.7575972327433275,0.1888503080542592,0.2054097630853899,0.7674317076213047,0.7058726288382857,0.7000990650582204,0.7115808328838413,0.2381017318969044,0.9818751483333106,0.973844069408642,0.9898153112819305,0.92646572172385,0.9125250198372636,0.9406193965863722,0.7535183306127851,0.1969987588852533,0.2284917890637076,0.2479859367195503,0.7478652250791686,0.7590855182051035,0.1888503080542592,0.2054097630853899
all,24.0,pop_normal,prolonged_los,Gaussian_trunc,any,24007,18407,0.766734702378473,0.5061185913355942,0.4975273166572653,0.5147098660139231,0.7728472943093221,0.7669157219857553,0.7801330190259524,1.007972238522513,1.000236091579944,1.017474514464934,0.05,0.7875,0.7634556153724645,0.8097094920635968,0.2343578725829789,1.027082767425436,0.9957233095152256,1.0560490995800929,1.0285484194250372,0.9978949813461012,1.0601434728879804,0.0513391644483077,0.9544642857142858,0.2289052711417908,0.2398999482149557,0.0482435483158465,0.0546220154180786,0.9486854065421736,0.9596200673313208,0.1,0.8034152436484798,0.7870392379887425,0.8188218715329822,0.2373414792187355,1.0478399388422368,1.0264818268265197,1.0679337572604066,1.0534403297893589,1.0314060203659805,1.075945366338795,0.1047970880643233,0.9157142857142856,0.2317153800169978,0.2430609644796688,0.1004543803392361,0.1093047216020896,0.9081497737772478,0.9227088286500584,0.2,0.7769214746927723,0.7649264276693704,0.7884737093923799,0.2358117255024471,1.0132859153012106,0.997641590104774,1.0283527104570471,1.0166623862471476,0.9994526033656648,1.0341685079703429,0.2026402998859129,0.80875,0.2298612050910569,0.2418679110928058,0.196895583931155,0.2085091097901793,0.7982389233862509,0.818837762007569,0.5673761819469322,0.7699141032229645,0.2374350086655112,0.5697289074808497,0.4403571428571428,1.004146676594432,1.0096373580901148,0.9954786810742412,1.0239974137378476,0.7627702416801527,0.7769057571953131,0.2293494596079326,0.2457147223137628,0.5625623931783954,0.5768663225626602,0.4274001265630041,0.453395933054384,0.7674317076213047,0.7672600955275727,0.7611027814061719,0.7733059797370754,0.2349991044241447,1.0006852346026205,0.9926546679642512,1.0085704707745948,1.0029531990939915,0.9864694940112784,1.0197123435439674,0.7679687075569077,0.2342857142857143,0.224061566465501,0.2463010799356427,0.7618148616741165,0.7740107249193828,0.2233766829466265,0.2455590557080849
all,24.0,pop_normal,prolonged_los,Gaussian_trunc,toward,24007,18407,0.766734702378473,0.5134383318846092,0.5048261463804246,0.5220505173887938,0.7739355462837455,0.7675828672952975,0.7808871857570486,1.0093915716647948,1.001106203898419,1.0184581229135363,0.05,0.78,0.7556886706184005,0.8025243035801983,0.233963256894813,1.017301026783289,0.9855934109597404,1.04667794621882,1.018227920554061,0.9872526059530276,1.0501750939365728,0.0508502200249904,0.9528571428571428,0.2285139360597946,0.2395021848359815,0.0477690957786434,0.0541187831546042,0.9469887598321136,0.958104631815502,0.1,0.7659308621407747,0.7485776301990469,0.7824344747146404,0.2331759696380635,0.9989516057702816,0.9763189638826816,1.0204761468177526,0.9988352370481396,0.9758285302215912,1.0223843635136003,0.0999076438311512,0.8996428571428572,0.2275852690595189,0.2388615372881962,0.09565858493055,0.1043236690040012,0.8914968819833976,0.9072408981851212,0.2,0.7733805457196418,0.7613224049285446,0.7850015363227133,0.2349265854420493,1.0086677221215536,0.9929411080088864,1.0238241909327634,1.010857952980226,0.9936184923855316,1.0283965213349644,0.2017167381974249,0.8057142857142857,0.2289840482930372,0.2409751417921117,0.1959821051672703,0.2075758505972287,0.7951434399583014,0.8158659790088586,0.3228641646186529,0.7806734614888402,0.2399114173228346,0.3287336339436084,0.6964285714285714,1.0181793768654634,1.0270822102591928,1.0121723770763136,1.0422116731519675,0.7713235779642951,0.7897452644992313,0.2334087769099206,0.2465369563867678,0.3219836682638268,0.3355550723877684,0.684254397225252,0.7083334303821521,0.7674317076213047,0.7713851498046027,0.7652650439908217,0.7773921058296978,0.2486118574243238,1.0060652627456454,0.9980832243759252,1.0138997275304804,1.026613418679165,1.0092947260055245,1.0442292863089366,0.7720975715760309,0.2478571428571428,0.237449847329457,0.2601195843866667,0.7659811270453538,0.778100464531644,0.236723842974037,0.2593361455880951
all,24.0,all,unplanned_icu,Gaussian_trunc,any,23026,188,0.0081646834013723,0.2900319642700762,0.2506704851027148,0.3293934434374376,0.0055664922664465,0.0046428573784697,0.0072269274187183,0.6817768666340353,0.5686512446630007,0.8851448443798325,0.05,0.0060816681146828,0.002948999548172,0.0125003919527922,0.9917257142857144,0.744874946854724,0.3611896999798368,1.531032048430821,0.7350082320921995,0.3462677778289041,1.560171450634484,0.0372340425531914,0.9499080479901918,0.9904359315096012,0.9928428175810272,0.0181509374656536,0.0748507889586464,0.9470024846252652,0.95266227795675,0.1,0.0039079461571862,0.0020573372686169,0.0074108464159498,0.9913622544998312,0.4786402564647407,0.2519800422721988,0.9076710083705428,0.4524266380746997,0.2319344208764631,0.8825333560498151,0.0478723404255319,0.8995533759523601,0.9900080834422422,0.9925342832635466,0.0253870191317895,0.0884652423172391,0.8955873312405056,0.9033850248238144,0.2,0.0039087947882736,0.0024739656022234,0.00617063611288,0.9907714022040064,0.4787441957169589,0.3030081487063644,0.7557716336977388,0.4235524046752251,0.2608467008306422,0.6877473969764373,0.0957446808510638,0.7991505385760574,0.9892845592282352,0.9920535924115594,0.0614224319879761,0.1462572370723319,0.7939043299628101,0.8042961233666621,0.8812212281768436,0.0061603666650239,0.9769652650822668,0.6648936170212766,0.1169979858131184,0.7545138448342573,0.2674381401403233,0.198084546393376,0.3610738954854025,0.0051732680135578,0.0073344226106449,0.9706382791955044,0.9819542329088832,0.5947138280189954,0.7284694648643,0.1128935871933409,0.1212312129716335,0.7642318024817705,0.0047735409444791,0.0038576215180962,0.0059056388932695,0.980843617609136,0.5846572009977523,0.47247655891321,0.7233151125341759,0.2491880171882445,0.1872220490645219,0.3316632214019263,0.4468085106382978,0.2331640248708293,0.9768427722259057,0.984164447274107,0.377512515509193,0.5182348093671633,0.2277250330874257,0.2386927709831532
all,24.0,all,unplanned_icu,Gaussian_trunc,toward,23026,188,0.0081646834013723,0.3205517400077884,0.2822493131319571,0.3588541668836196,0.005791655651987,0.0049258178590741,0.0072402615171267,0.7093545906524186,0.6033078831012805,0.8867779877306438,0.05,0.0060816681146828,0.002948999548172,0.0125003919527922,0.9917257142857144,0.744874946854724,0.3611896999798368,1.531032048430821,0.7350082320921995,0.3462677778289041,1.560171450634484,0.0372340425531914,0.9499080479901918,0.9904359315096012,0.9928428175810272,0.0181509374656536,0.0748507889586464,0.9470024846252652,0.95266227795675,0.1,0.0039079461571862,0.0020573372686169,0.0074108464159498,0.9913622544998312,0.4786402564647407,0.2519800422721988,0.9076710083705428,0.4524266380746997,0.2319344208764631,0.8825333560498151,0.0478723404255319,0.8995533759523601,0.9900080834422422,0.9925342832635466,0.0253870191317895,0.0884652423172391,0.8955873312405056,0.9033850248238144,0.2,0.0039087947882736,0.0024739656022234,0.00617063611288,0.9907714022040064,0.4787441957169589,0.3030081487063644,0.7557716336977388,0.4235524046752251,0.2608467008306422,0.6877473969764373,0.0957446808510638,0.7991505385760574,0.9892845592282352,0.9920535924115594,0.0614224319879761,0.1462572370723319,0.7939043299628101,0.8042961233666621,0.7604012855033441,0.0057113484493688,0.9840493021569694,0.5319148936170213,0.2377178386899028,0.6995186669955755,0.358062606763275,0.2693013475120437,0.4760794238371864,0.0046984202190766,0.0069411300410022,0.9803905142777406,0.9870344522346116,0.4606625929158167,0.6018890121583694,0.2322412627652103,0.2432826371991427,0.7642318024817705,0.005455475365119,0.0044698529324174,0.006656978639091,0.9830539694234666,0.6681796582831455,0.5474618809672539,0.81533824544527,0.3219323451872972,0.2422583865902728,0.4278094820018687,0.5106382978723404,0.2336894649268762,0.9792633019162604,0.9861614953021972,0.4396863633580987,0.5811641716666298,0.2282460914789575,0.23922241596398
all,24.0,pop_normal,unplanned_icu,Gaussian_trunc,any,17008,128,0.0075258701787394,0.3664608634478673,0.3178578512571972,0.4150638756385374,0.0059620115840549,0.0047717820401422,0.0085205803088084,0.7922022892313072,0.6340505385839027,1.1321721085329228,0.05,0.0058823529411764,0.0025150922769575,0.0136958770644285,0.9923876717415522,0.7816176470588235,0.3341928863007312,1.8198396649359383,0.7727403156384505,0.3168505321956038,1.8845718556167128,0.0390625,0.9499407582938388,0.990925515594416,0.9936157510394558,0.0167983630559502,0.0881882269126181,0.9465474343680216,0.953129331137762,0.1,0.0029394473838918,0.0012561711853989,0.0068628235646118,0.9919644607042528,0.3905790711346267,0.1669137462598792,0.911897681147805,0.3658058626441643,0.1498043413266192,0.8932580188252753,0.0390625,0.8995260663507109,0.9904214422959192,0.993260604287333,0.0167983630559502,0.0881882269126181,0.8948994937083865,0.903970829737434,0.2,0.0038212815990593,0.0022345642576087,0.0065273229658017,0.991547846538292,0.5077527924750147,0.2969177257297628,0.8673180390809081,0.4521074559721902,0.2550966653907426,0.8012693989259164,0.1015625,0.7992298578199052,0.9898648050029856,0.9929533932631868,0.0603180745515409,0.1660262659297638,0.7931190405242111,0.8052045068845729,0.584019285042333,0.0046310278868418,0.9884098939929328,0.359375,0.4142772511848341,0.6153478304641096,0.3995673451147076,0.2788337170378397,0.5725780403391805,0.0034739285899043,0.0061711481717097,0.9856374186575444,0.9906522612810492,0.281465985317146,0.4454790760291968,0.4068663330556094,0.4217271785063564,0.7642318024817705,0.0057701184797661,0.0046060473864087,0.0072262456635235,0.9867830423940148,0.7667044929989228,0.6120285464690606,0.9601873925406867,0.4365693415823043,0.3076668439596782,0.6194778337394886,0.5859375,0.2344194312796208,0.9827534901290674,0.9898808061520812,0.4993170001197534,0.6675499068352593,0.2280893993084151,0.2408703189585461
all,24.0,pop_normal,unplanned_icu,Gaussian_trunc,toward,17008,128,0.0075258701787394,0.433938555242891,0.3843098514304899,0.4835672590552921,0.0072360260744556,0.0056067112103958,0.0121433676128403,0.961486964643299,0.744991752081344,1.6135499715561643,0.05,0.0070588235294117,0.0032389761714119,0.0153143480048755,0.992449560589182,0.9379411764705884,0.430378958776357,2.034893991147844,0.9348891031822566,0.4131160376054479,2.1156710359515656,0.046875,0.95,0.990992784544366,0.9936722303633412,0.0216575488932799,0.0984987598893804,0.9466085057168852,0.953186716242553,0.1,0.006466784244562,0.0036147407752276,0.0115430310670361,0.9923564382308748,0.8592739564961787,0.480308680508379,1.5337802530324265,0.8460433028334263,0.4569094377324031,1.5665889367960637,0.0859375,0.8998815165876777,0.9908478297052724,0.9936179752312764,0.0486626289968827,0.147342273856238,0.8952619942166129,0.9043190679511344,0.2,0.006466784244562,0.0042744817864998,0.0097724427680654,0.992209319417904,0.8592739564961787,0.5679717673811729,1.298513332806692,0.8300666644482159,0.5252377333268409,1.311807251668712,0.171875,0.7997630331753555,0.9905867352714623,0.9935540353308936,0.1163303140883408,0.2465414957197925,0.7936581088858875,0.8057315466057869,0.3147342427093132,0.0052307117504203,0.9914199914199914,0.21875,0.6845379146919431,0.6950308238371006,0.6096394545114889,0.4014381551907049,0.925821972055713,0.0036214979577746,0.007549562243072,0.9895760799642168,0.9929400561157176,0.1559042491230976,0.2979858735695881,0.6774862082414281,0.6915056448922805,0.7642318024817705,0.0069241421757193,0.0056370325261,0.008502625966586,0.9905236907730672,0.9200453915987076,0.7490206969055453,1.129786425310126,0.7306792138061726,0.5009212346813772,1.065820485386293,0.703125,0.2353080568720379,0.9870203867983348,0.993088045980876,0.6189931578757643,0.7754195312906295,0.2289694413763906,0.2417671236953878
all,24.0,all,periop_infection,Gaussian_trunc,any,30995,529,0.017067268914341,0.3957383091653691,0.3714661705394957,0.4200104477912425,0.0131585984393223,0.0117750476330404,0.0146706794566295,0.7709844208446072,0.6899198513914709,0.8595797916034666,0.05,0.0090322580645161,0.0053878634910918,0.0151043153770759,0.9825097639667176,0.5292151960485396,0.3156839865905321,0.8849872497400162,0.516417162543063,0.3044397851676084,0.8759915712797024,0.0264650283553875,0.9495831418630604,0.9809482690885036,0.9839453720929546,0.0158288017606819,0.0439292952047201,0.9470689737481892,0.9519839442033106,0.1,0.0074193548387096,0.004949012383346,0.0111090235679731,0.9818605484853916,0.4347124824684432,0.2899709618559735,0.6508963808871977,0.4090175953079178,0.2697607867411862,0.6201620157342519,0.0434782608695652,0.899002166349373,0.9802267629261288,0.9833616320845084,0.0291438688867002,0.0643953742955137,0.895568055321873,0.902335665976107,0.2,0.009840296822068,0.0076686768726144,0.0126190570588791,0.9811259880625908,0.5765595463137996,0.4493206798992158,0.7393717836294116,0.5213675213675213,0.3998560397109658,0.6798048931145311,0.1153119092627599,0.7985295083043392,0.9793561610534728,0.9827467581845276,0.0908239586740676,0.1453467907569077,0.7939879845185777,0.8029957556266286,0.8812389095015325,0.0158526762832247,0.973920130399348,0.8185255198487713,0.1176721591282085,0.9288349742883748,0.6078510562348979,0.4885864381626312,0.7562283307644626,0.0144379942825909,0.0174035257297368,0.968256487526289,0.9785956105394732,0.7834234922088694,0.8490346341836645,0.1141020059387711,0.1213387191616835,0.7682157018239493,0.0139851329217588,0.0125700283467583,0.0155570367520075,0.97271714922049,0.8194124667484226,0.7364991088993884,0.9115129567646024,0.5125979332138549,0.430531470118955,0.6103076299219579,0.6294896030245747,0.2293704457427952,0.9686899097247748,0.9762390937190408,0.587539017422453,0.6695730398943932,0.224683676436082,0.2341254563294785
all,24.0,all,periop_infection,Gaussian_trunc,toward,30995,529,0.017067268914341,0.4210817550246908,0.3977542805517736,0.4444092294976081,0.0137181715065236,0.012326522015023,0.0154942330163068,0.8037707482886585,0.722231663243176,0.9078331802276592,0.05,0.0090322580645161,0.0053878634910918,0.0151043153770759,0.9825097639667176,0.5292151960485396,0.3156839865905321,0.8849872497400162,0.516417162543063,0.3044397851676084,0.8759915712797024,0.0264650283553875,0.9495831418630604,0.9809482690885036,0.9839453720929546,0.0158288017606819,0.0439292952047201,0.9470689737481892,0.9519839442033106,0.1,0.0074193548387096,0.004949012383346,0.0111090235679731,0.9818605484853916,0.4347124824684432,0.2899709618559735,0.6508963808871977,0.4090175953079178,0.2697607867411862,0.6201620157342519,0.0434782608695652,0.899002166349373,0.9802267629261288,0.9833616320845084,0.0291438688867002,0.0643953742955137,0.895568055321873,0.902335665976107,0.2,0.0103242458461042,0.0080937317426619,0.0131613007895246,0.9812469753185996,0.6049149338374291,0.474225359855966,0.7711427560894437,0.5505376344086022,0.4245648936581579,0.713887774113176,0.1209829867674858,0.7986279787303879,0.9794824566045448,0.9828623996626016,0.0958913876574475,0.1515397438457984,0.7940872655379173,0.803093390629327,0.7675431521213099,0.0158049600672551,0.978764746703678,0.7107750472589792,0.2314711481651677,0.9260392009160175,0.7442793286573423,0.6178975942020651,0.8965105614013292,0.0142964569249159,0.0174698132178591,0.9751717867541796,0.9818474380821656,0.670727205029426,0.747783661989966,0.2267690159731836,0.2362409919291875,0.7682157018239493,0.0153290495989248,0.0138448769577441,0.0169695879178064,0.9771714922048996,0.8981548058954182,0.811194633847409,0.9942767060726084,0.6714871482846112,0.5595540716083932,0.8058112936527081,0.6899810964083176,0.2304207969539815,0.9734541827398852,0.9803787453535776,0.6493167256139915,0.727906073807075,0.2257263254721548,0.235183244861811
all,24.0,pop_normal,periop_infection,Gaussian_trunc,any,23623,397,0.0168056555052279,0.4193275212071245,0.3911767446546771,0.4474782977595719,0.0136924968678969,0.0122037180833945,0.0154494976959652,0.814755298514684,0.7261673357280343,0.9193034863269208,0.05,0.0101608806096528,0.0058218425529931,0.0176763195642046,0.9828446662507798,0.6046107875109041,0.3464216287893116,1.0518078011718044,0.5922869679008544,0.3344292773256774,1.0489627437838354,0.0302267002518891,0.9496684749849308,0.9810612659750744,0.9844627890463246,0.0173737726575226,0.0520840880036461,0.9467816225498876,0.9524066009290016,0.1,0.0118543607112616,0.0082142883276533,0.0170797127584717,0.9826442782559616,0.7053792520960549,0.4887811918492569,1.0163074420488132,0.6830232061846444,0.4662333613865901,1.0006162982402345,0.070528967254408,0.8995091707569104,0.980799649578426,0.9843145227274706,0.0492440394415623,0.1000458546213293,0.8955762077204658,0.9033099973408724,0.2,0.0107936507936507,0.008219234931824,0.0141629061828201,0.9816911842523018,0.6422630042781177,0.4890755334873536,0.8427464301177867,0.5895329846774934,0.4401331304048561,0.7896454868168202,0.1284634760705289,0.7987600103332472,0.9796795119852816,0.9835070592110402,0.099074395560813,0.1649740465170551,0.793554540684561,0.8038666660101932,0.5682174152309191,0.0128883260075988,0.9780392156862744,0.4357682619647355,0.429518642900198,0.766904093898007,0.5868791307031641,0.4820817149937119,0.7144579504729694,0.0111147338370098,0.0149406565833254,0.9750099002854938,0.9807085812714914,0.3878369878918087,0.4849307088741954,0.4231646097102142,0.4358959875863251,0.7682157018239493,0.0148776724707956,0.0132161537355937,0.0167445308045357,0.9768036529680364,0.8852777248806205,0.7864110823575104,0.9963628493590636,0.6413799746268216,0.5205589093399099,0.7902434565454546,0.6801007556675063,0.2302591922845087,0.9724694479282044,0.9804692170625848,0.6326792493597291,0.7240701499042195,0.2248896733422401,0.2357179271848336
all,24.0,pop_normal,periop_infection,Gaussian_trunc,toward,23623,397,0.0168056555052279,0.4693300589693518,0.441833850203771,0.4968262677349327,0.0153659888535677,0.0136129786197856,0.017283527910339,0.9143343946796748,0.8100236623052821,1.028435213667353,0.05,0.0143945808636748,0.0090064000197526,0.0229317088380052,0.9830674627929774,0.8565319489737808,0.5359148303944999,1.3645233195974744,0.8501136414278712,0.5248012478183607,1.3770798113496234,0.0428211586901763,0.949883750968742,0.9812948852265688,0.9846746866160836,0.0269045253539544,0.0675008457452528,0.9470025611019938,0.952616143142636,0.1,0.0131244707874682,0.0092613902600342,0.0185687062265606,0.9827853816847748,0.780955600534918,0.551087713130449,1.1049081793200064,0.7624026595966187,0.5297027584625108,1.0973282771778043,0.0780856423173803,0.8996383363471971,0.9809477418693476,0.9844485863120952,0.0555533812405366,0.108705019085178,0.895707559443905,0.9034369340768772,0.2,0.0135449735449735,0.0106219137842938,0.0172584026128551,0.9823790877341516,0.8059771034078339,0.6320440033409903,1.0269401635352045,0.7686874175763064,0.5893859814411584,1.0025354598616656,0.1612090680100755,0.7993197278911565,0.9804028131276185,0.9841592854141448,0.1283107847966368,0.200601184420131,0.7941195359996552,0.8044209206860246,0.3229903060576556,0.0132372214941022,0.9814919027074344,0.2544080604534005,0.6758374235770257,0.7876646935898663,0.7152124437674896,0.5715598271450499,0.8949698971583758,0.0109066708626524,0.0160576821833944,0.9792844373545144,0.9834681099983328,0.2140599467977681,0.2994635996604836,0.6697891198193452,0.6818275696375472,0.7682157018239493,0.0166409521710381,0.0148794629087727,0.0186070346816425,0.982648401826484,0.9901995293109164,0.8853842627051337,1.10718886721522,0.959044348804566,0.7630819956492367,1.2053305781267043,0.760705289672544,0.2316369585809007,0.9788358153177232,0.9857841510634916,0.716363994649924,0.8000494714174701,0.2262559027990826,0.2371067746287307
all,0.0,all,mortality,Gaussian_eb,any,49651,906,0.0182473666190006,0.7871157895404227,0.774072570517739,0.8001590085631064,0.0545503257953238,0.049417120059024,0.0612092127406298,2.989490315743512,2.708178176656296,3.354413489828929,0.05,0.0664518727345952,0.0573093695102952,0.0769338408332988,0.984290196743555,3.641723988019192,3.140692610988596,4.216161292730816,4.229962123003223,3.5907800494451547,4.982922739811559,0.1821192052980132,0.9524464047594624,0.9831278864257396,0.9853736274095825,0.1583473117205925,0.2085754581329731,0.950521179269224,0.95430032114567,0.1,0.066465256797583,0.0598661962696634,0.0737346816492462,0.9871100568410688,3.642457467170858,3.2808129260320733,4.040839601067027,5.156365391070829,4.518273263829324,5.884571935717559,0.3642384105960264,0.9049133244435328,0.9860215190353055,0.988114849351375,0.3335374371765099,0.3960858291151171,0.9022772425855556,0.9074855887839596,0.2,0.0523665659617321,0.048155543257763,0.0569238048969327,0.9902822184738552,2.8698149741346155,2.639040704515664,3.11956273392672,5.388736700948088,4.732618393387494,6.135817599981865,0.5739514348785872,0.806954559441994,0.9892689506061356,0.9912006606307786,0.5415054863643138,0.6057728970378082,0.8034265760512936,0.8104341643852545,0.9192966909024994,0.0197835421961265,0.9992513102071376,0.9966887417218544,0.0821417581290388,1.0841861518541709,26.42421785995969,8.510122589346786,82.04808828308636,0.0185458225431194,0.0211020893090808,0.997800900061372,0.9997453505808872,0.9903099035699158,0.9988732685338878,0.0797369696367982,0.0846124043594035,0.874874974994999,0.0205810580597633,0.0192876613073623,0.0219592456837998,0.9980685659101884,1.1278919577542048,1.0570106750241128,1.2034199861438708,10.65584281044247,6.032377228242828,18.822925308657062,0.9867549668874172,0.1272130474920504,0.996626808569354,0.9988947758956578,0.9769921390954666,0.9924073695662612,0.1242843079611318,0.1302005411721858
all,0.0,all,mortality,Gaussian_eb,toward,49651,906,0.0182473666190006,0.7941310333068632,0.7816269326892874,0.806635133924439,0.0556673085891694,0.05000475950355,0.0629172750530704,3.050703685166503,2.740382245155367,3.4480194521633583,0.05,0.067257349979863,0.0580589130967055,0.0777927631821535,0.9843325983717774,3.68586609696488,3.181769419607648,4.263232323131462,4.29282095243597,3.647094042771596,5.0528753888859805,0.184326710816777,0.9524874346086778,0.9831717748530868,0.985414535332437,0.1604286977474987,0.2108904417598617,0.9505629802152668,0.9543405734314316,0.1,0.066465256797583,0.0598661962696634,0.0737346816492462,0.9871100568410688,3.642457467170858,3.2808129260320733,4.040839601067027,5.156365391070829,4.518273263829324,5.884571935717559,0.3642384105960264,0.9049133244435328,0.9860215190353055,0.988114849351375,0.3335374371765099,0.3960858291151171,0.9022772425855556,0.9074855887839596,0.2,0.0527693856998992,0.0485423438199693,0.057342332255397,0.9903829208730898,2.891890473935651,2.660238314575386,3.1424990494621623,5.487049134517539,4.8180738446021945,6.2489096630057,0.5783664459161147,0.8070366191404247,0.9893745993922078,0.991296397166278,0.5459458809046768,0.6101252418050344,0.803509195877397,0.81051565102276,0.8974643008197216,0.0202648114901256,0.9994107248084856,0.9966887417218544,0.1043799364037337,1.110560877810408,34.38938509874327,11.074378330360588,106.78972418952554,0.0189972643420981,0.0216150692229686,0.998268743608392,0.9997995771025012,0.9903099035699158,0.9988732685338878,0.1016967181717448,0.1071255074624331,0.874874974994999,0.0206961646484644,0.0193991102002631,0.0220779896103489,0.9988733301142764,1.1342000783233,1.0631183449815296,1.20992744165942,18.369324422987116,8.73614078612967,38.62484454150397,0.9922737306843268,0.1273156221150887,0.9976759839952536,0.9994541342950368,0.9841379403142454,0.9962524924819688,0.124385856227332,0.1303041259854966
all,0.0,pop_normal,mortality,Gaussian_eb,any,46088,901,0.0195495573685124,0.588151710021792,0.5732795923711879,0.6030238276723962,0.0235317034274506,0.0217563275678561,0.0271133904858899,1.2036949473522156,1.1128808268006167,1.3869055945768014,0.05,0.0251736111111111,0.0195240095373929,0.0324039910671546,0.9807463913758452,1.2876818966580343,0.9986931759815372,1.657530677361846,1.307474957163569,1.0053642359668118,1.7003695799522252,0.0643729189789123,0.9502954389536814,0.9794164193486146,0.9819920096066964,0.0501249230699231,0.0823199158941562,0.9482529763588526,0.9522613437816246,0.1,0.0216966804078975,0.0178717753328855,0.0263182527834061,0.9806890233612188,1.1098297520967637,0.9141780039312202,1.3462326684590704,1.1235413316344371,0.9147086023720112,1.3800516586565237,0.1109877913429522,0.9002146635094165,0.97931945044107,0.981969565979637,0.092105521640255,0.133173245383719,0.8974170737962479,0.9029442100263576,0.2,0.0188761119548709,0.0162917422396562,0.0218613312202044,0.9802820721453755,0.9655518843241846,0.8333560669714531,1.118251979219516,0.957307080847442,0.8126420811298091,1.127725069032281,0.1931187569367369,0.7998539402925621,0.9788120859181128,0.981651984633191,0.1686677357876274,0.2201755711513991,0.7961393530605947,0.8035175473322496,0.754339524388127,0.0243916470114479,0.9953188482600248,0.9411764705882352,0.2493858853209994,1.2476828273736005,5.210608065351206,3.951106356522216,6.871603536028575,0.0228218587165274,0.026066531962825,0.9938825402328826,0.9964191429550582,0.9238580493553518,0.9547487697829372,0.2454180306052262,0.2533963486339512,0.874874974994999,0.0219736613675256,0.0205876196965717,0.0234507826762226,0.9973989942777874,1.1239978968995783,1.0530990195067689,1.1995556847744189,8.448140340434678,5.075155392982977,14.06283545728649,0.9833518312985572,0.1272932480580698,0.995712667700568,0.9984230923244516,0.9727139063823396,0.9898855143339492,0.1242517314993435,0.1303981310073109
all,0.0,pop_normal,mortality,Gaussian_eb,toward,46088,901,0.0195495573685124,0.6385350387698308,0.6242166184864574,0.6528534590532041,0.0274726538195723,0.02502654045273,0.0314257183977361,1.4052826517607635,1.2801589305054624,1.6074900216591137,0.05,0.0308159722222222,0.0245029540937616,0.0386909843463808,0.9810433034898594,1.5763002528055248,1.2533764131778975,1.9791232925149864,1.6255982262382864,1.2803970984419422,2.0638672146045063,0.0788013318534961,0.9505831323168168,0.9797230688163489,0.9822791322695344,0.0629432320580343,0.0982359179722029,0.9485461489064452,0.9525435090476126,0.1,0.0238663484486873,0.0198403315447651,0.0286854188300146,0.9809301092118904,1.2208127273064402,1.0148736961544254,1.4673180721839238,1.2515199333793965,1.027618693657364,1.5242055767508418,0.1220865704772475,0.9004359660964437,0.9795686394086758,0.9822025040609172,0.1022988845986048,0.145083198630106,0.8976410838379967,0.9031627675335168,0.2,0.0246257322629637,0.0216543632846961,0.0279931604810557,0.9817195551939246,1.259656768629827,1.1076651443563577,1.43190763623851,1.3471079355125728,1.1610122409566204,1.5630324348912268,0.2519422863485017,0.8010268440038064,0.9803010843809106,0.9830376527470376,0.2246887789003688,0.2813021039237631,0.7973202854470771,0.8046822229549793,0.6848637389342128,0.0262957800025345,0.9951115395207932,0.921198668146504,0.3198486290304733,1.3450831395747076,5.379153644462134,4.2248134927626255,6.848892615093722,0.0245873008475941,0.0281195525725015,0.9938389174047164,0.996122316754114,0.901764082027797,0.9370567679419656,0.3155635454556084,0.3241643413558644,0.874874974994999,0.0220232633119218,0.0206356401362649,0.0235019566745307,0.9977457950407492,1.126535138201835,1.0555553635962005,1.2021733398621235,9.769858424604092,5.654359524268054,16.880803781072512,0.9855715871254164,0.1273375085754752,0.9961467701726664,0.9986821296536604,0.975471169938194,0.9915489140190422,0.1242955320495618,0.1304428439668741
all,0.0,all,prolonged_los,Gaussian_eb,any,49651,31473,0.6338845139070713,0.5847947392658491,0.5795339107850996,0.5900555677465986,0.6890137499987219,0.6837569200856193,0.6941544391366535,1.0869704731416308,1.0786774326937718,1.09508029287243,0.05,0.7462746677406363,0.7287873543403399,0.7630011053669451,0.3720318860244233,1.1773038327452208,1.1497162942951806,1.2036910330306674,1.1883957977039277,1.160255706308083,1.2172183806742256,0.0588758618498395,0.965342721971614,0.367680416900884,0.3764041981886401,0.0563286672838772,0.0615307306552094,0.9625838479635864,0.967904953566837,0.1,0.7170191339375629,0.7043253781571294,0.7293773182620923,0.375352459383252,1.131151050714388,1.111125706188785,1.1506470062920962,1.1478779428629646,1.1263923290165,1.1697733886928932,0.1131128268674737,0.9227087688414568,0.3708737561819313,0.3798525923312394,0.1096606723117553,0.1166594169312517,0.9187366156707696,0.9265022956615124,0.2,0.6860020140986909,0.676802894138727,0.6950572732309641,0.3791445331185015,1.0822192355992153,1.0677069391822176,1.0965045808531313,1.104930294879125,1.0880808056519613,1.1220407070871383,0.2164394878149525,0.8284739795357025,0.3743850609092668,0.3839273800395223,0.211924449301684,0.2210237407733964,0.8229246293437115,0.8338845246860981,0.9192966909024994,0.6458242047147489,0.5021212877464437,0.9366123343818512,0.110683243481131,1.0188357509068724,1.297151673329323,1.2565155081324983,1.339102026780264,0.6414244616870265,0.6501994033940336,0.4866451910154849,0.5175933209217604,0.9338667203850812,0.939251375427937,0.106204324092442,0.1153266785756264,0.874874974994999,0.6543579354482251,0.6498720468749553,0.658816524007362,0.5092547883470143,1.0322983462949138,1.0252215231909385,1.0393321015946853,1.333396475218046,1.2988677948468417,1.3688430548341983,0.9031233120452452,0.1740565518758939,0.4968220547885408,0.5216760842021646,0.899806031205293,0.9063421942888428,0.1686136459586063,0.1796371934943124
all,0.0,all,prolonged_los,Gaussian_eb,toward,49651,31473,0.6338845139070713,0.5815223935087563,0.5762681573430538,0.5867766296744589,0.6881129387648413,0.6829088387653721,0.6939832735771109,1.0855493763738169,1.077339521289343,1.0948102664625912,0.05,0.7466774063632703,0.7291984231020333,0.7633942695728843,0.3720530868385346,1.1779391828978087,1.1503647858621375,1.204311278828306,1.1890772782113754,1.1609480431635948,1.2178880716364089,0.0589076351158135,0.96539773352404,0.367701565343621,0.3764254479210044,0.0563597792042564,0.0615631575112239,0.9626408813222056,0.967957920066538,0.1,0.7168177240684793,0.7041214297412443,0.7291787583750361,0.3753300810097122,1.1308333116551987,1.110803962383075,1.150333763291676,1.147514394845743,1.126026700004033,1.1694121341647363,0.1130810536014997,0.9226537572890308,0.3708514331429483,0.3798301624704942,0.1096293316383451,0.1166272188282683,0.9186803509202942,0.9264485605536676,0.2,0.6860020140986909,0.676802894138727,0.6950572732309641,0.3791445331185015,1.0822192355992153,1.0677069391822176,1.0965045808531313,1.104930294879125,1.0880808056519613,1.1220407070871383,0.2164394878149525,0.8284739795357025,0.3743850609092668,0.3839273800395223,0.211924449301684,0.2210237407733964,0.8229246293437115,0.8338845246860981,0.8974643008197216,0.6483617594254937,0.4928304851699077,0.9179614272551077,0.1380239850368577,1.022838932330416,1.2783926093087483,1.2431828046791669,1.3145996368225163,0.6439157088582531,0.6527822311146777,0.4791076115492815,0.5065641706706016,0.9148783190719229,0.9209425149980364,0.1330861405251221,0.143114791728077,0.874874974994999,0.6524011234403058,0.6479094777114223,0.6568658152402469,0.4955737968775149,1.0292113297091037,1.022125424263649,1.0362547133255011,1.2933529610512506,1.2606824161436565,1.3268701620959429,0.9004225844374544,0.1693805699196831,0.4831478759815727,0.5080051879793941,0.8970653643675778,0.9036820651331,0.1639978009024013,0.1749030505933019
all,0.0,pop_normal,prolonged_los,Gaussian_eb,any,46088,30845,0.669263148758896,0.6350226742825023,0.6295231823477886,0.6405221662172159,0.7474030487146688,0.7411395596301231,0.7537558827095652,1.1167551210621385,1.1073963373069575,1.1262474022473152,0.05,0.7478298611111112,0.7296950714534818,0.7651395827099583,0.3348711858213046,1.1173928558563426,1.0902962053217076,1.1432567057201024,1.1243383915558305,1.096989181678172,1.1523694488877978,0.0558599448857189,0.9618841435412976,0.3304651524553117,0.3393061933878686,0.0533519135118369,0.0584785936019213,0.9587261923700128,0.9648093417041392,0.1,0.7635061835539162,0.7510220178795283,0.7755514504138551,0.3412088044552665,1.1408161124212317,1.1221625145090517,1.158813916248136,1.1589501935018989,1.138848493115035,1.1794067069836442,0.1140865618414653,0.9284917667125894,0.3366609549102349,0.3457860643412138,0.1105865724837394,0.1176826666438653,0.9242922861365804,0.9324753213920504,0.2,0.7708830548926014,0.7621917841611796,0.779348638740901,0.3561432058584214,1.1518384903190213,1.138852162373819,1.1644876013062293,1.1972896176709305,1.1812677929355884,1.2135287503438843,0.2303776949262441,0.8614445975201732,0.3512704779701971,0.3610459083973139,0.2257122566531887,0.2351102852214469,0.8558688463119982,0.8668382092922261,0.754339524388127,0.7294195478340908,0.5154566331036919,0.8221429729291619,0.3828642655645214,1.0898845232801937,1.5053751586907722,1.475495218217709,1.5358601914959895,0.7247244028494254,0.7340639972679913,0.506247248755297,0.5246555320146548,0.8178354401434923,0.8263702729164107,0.3751779594712837,0.3906095987860279,0.874874974994999,0.7002802509858387,0.6957895261095397,0.7047328159298647,0.5475984047164904,1.0463451518053275,1.0396351979035976,1.0529980878773093,1.5479172891664743,1.503514890017709,1.59363099761005,0.915415788620522,0.207177064882241,0.5347247690793245,0.5604086686501047,0.9122584195474224,0.9184696944054856,0.2008172510087349,0.213684438311629
all,0.0,pop_normal,prolonged_los,Gaussian_eb,toward,46088,30845,0.669263148758896,0.6356707830152661,0.6302110955046102,0.6411304705259221,0.7521502976357511,0.746937941134005,0.7576119789488361,1.1238483682099691,1.1160601663473504,1.1320091063638826,0.05,0.7903645833333334,0.7732669106000877,0.8064955826316836,0.3371094463731043,1.1809474117901335,1.155400401223435,1.2050500376828994,1.1923002658719222,1.166280165866638,1.2189008829983063,0.0590371210893175,0.9683133241487896,0.3326959376717246,0.3415515365403863,0.0564612809252844,0.061722787289452,0.9654123921795806,0.9709782633119802,0.1,0.7825992623128661,0.7704581583686616,0.7942696657994173,0.343330359941175,1.1693446199213933,1.1512036181843046,1.186782310175508,1.1917701300196553,1.1719952098903594,1.211878709760202,0.1169395363916356,0.934264908482582,0.3387755274805942,0.3479142098010485,0.1134009029078696,0.120573574759389,0.930220282644768,0.9380906992178624,0.2,0.7773920590149707,0.7687851326874822,0.7857678754665507,0.3577705451586656,1.1615641178758946,1.148703815701108,1.1740791001621782,1.2104584321923209,1.1944439012208583,1.226687678314469,0.2323229048468147,0.8653808305451682,0.3528926890347094,0.3626780368535311,0.2276433973749633,0.2370690798676182,0.8598701838539041,0.8707073542507745,0.6848637389342128,0.7408123178304398,0.4862296887909667,0.7580807262117036,0.4632946270419208,1.1069073789648016,1.441913441995351,1.4174458894576645,1.4668033465477683,0.7359490544164429,0.7456169706741038,0.4781057584479495,0.4943609017061644,0.7532695611287096,0.7628276138135094,0.4553886546759615,0.4712190960073014,0.874874974994999,0.6966097071005184,0.6921038419623224,0.701078111664992,0.5219351482573261,1.0408606964126663,1.0341281202256287,1.0475372997379202,1.457144788120671,1.41729822771563,1.4981116126628309,0.9106176041497812,0.1974676900872531,0.5090324594079894,0.5348086330246984,0.9073823702562394,0.9137505697890688,0.1912244993068831,0.2038633331790267
all,0.0,all,unplanned_icu,Gaussian_eb,any,49651,10237,0.2061791303297013,0.685945266464737,0.6807195640522452,0.6911709688772287,0.3177568159066841,0.3097004993823201,0.3255754622276714,1.541168669198278,1.50209431423577,1.5790902876883963,0.05,0.3902537253322594,0.3712499481654231,0.4095965681547157,0.8035108548168249,1.89278965678148,1.8006184601310369,1.986605373200136,1.9861337631066045,1.8846567437349329,2.0930746875075554,0.0946566376868223,0.9615872532602628,0.7999003037998866,0.8070719709480214,0.0891368184223144,0.1004805661488911,0.9596444096813532,0.9634401257235484,0.1,0.366968781470292,0.3536696701368758,0.3804735957704134,0.8116859866624894,1.7798541534415817,1.7153514498355007,1.8453545475819864,1.948706710490965,1.8698740341616265,2.0308629213171248,0.1779818306144378,0.9202567615568072,0.8080342699990665,0.8152841174171915,0.1706933732422657,0.1855118823882871,0.9175411844115472,0.9228904235941028,0.2,0.3239677744209466,0.3148325416283183,0.3332391570385902,0.8232672893431686,1.5712927584032843,1.5269854961793137,1.6162603678932346,1.8330945823040483,1.7692220889025936,1.8992730018178372,0.3142522223307609,0.8296798092048511,0.8194848385390795,0.8269872168712057,0.3053305972518766,0.3233132048356391,0.8259364800190925,0.8333588782533909,0.9192966909024994,0.2234904916308824,0.99101572248565,0.9964833447299012,0.1007510021819658,1.0839627234507128,24.87573333235961,17.96180456223468,34.45099887812609,0.2196920591063126,0.2273354647536544,0.9875875473092212,0.9935033040472618,0.995135535751378,0.9974586666626108,0.097818167287809,0.1037616574177629,0.874874974994999,0.2332519913439845,0.2292986440706119,0.2372525161361874,0.9830999517141478,1.131307475063024,1.1121331422047431,1.1507106260308528,13.801853544954056,11.408797422748464,16.696865955085922,0.9897430887955456,0.1549703151164561,0.9795833928846862,0.986019462430141,0.9875992934685844,0.9915194539593616,0.1514313022023556,0.1585765801165991
all,0.0,all,unplanned_icu,Gaussian_eb,toward,49651,10237,0.2061791303297013,0.693890205786532,0.6887476654487836,0.6990327461242805,0.3223282585967264,0.3167120249318673,0.3298597627222023,1.56334085841419,1.536101274776999,1.5998697937794342,0.05,0.391864679822795,0.3728443014192347,0.4112191467714342,0.80359565807327,1.900603029977688,1.8083513148155144,1.994475125168358,1.995193568424179,1.8935450606915492,2.1022987295730715,0.0950473771612777,0.9616887400416096,0.799985684787555,0.8071561826607576,0.089516954784853,0.1008816155826448,0.959748293703294,0.9635391954828212,0.1,0.3661631419939577,0.3528708516582447,0.3796623810372793,0.8115964731683302,1.7759466799982413,1.711477059263799,1.8414200332990087,1.9435047111464536,1.8647826902825573,2.0255499913912898,0.1775910911399824,0.9201552747754604,0.8079441027893567,0.815195273027988,0.1703091550033069,0.1851149148309535,0.9174381542021064,0.9227905000223298,0.2,0.3259818731117824,0.3168310664181318,0.33526727185213,0.8237708013393419,1.5810614420116351,1.536678644009638,1.6260970318189027,1.8497608545533013,1.7854541675043938,1.916383674984108,0.316205919703038,0.8301872431115848,0.8199925032229031,0.8274864787952404,0.30726851928916,0.3252812117798176,0.82644826318994,0.8338618639886116,0.8974643008197216,0.228613105924596,0.9901787468080928,0.9951157565693074,0.1278987161922159,1.1088081783981751,23.27738644524237,17.6570331528005,30.686736272861047,0.2247374465112909,0.2325355548360615,0.9870761462307877,0.9925421406262562,0.9935670327559456,0.9962930193710204,0.1246377260459995,0.1312322351342189,0.874874974994999,0.2334591832036466,0.2295045894479022,0.2374609178339069,0.9845485272815064,1.132312386953625,1.113132008467109,1.151721405819216,15.109186512961005,12.380004509254771,18.44001889601773,0.9906222526130702,0.1551986603744862,0.9811685047393204,0.9873297114610088,0.9885623840212948,0.9923140314483088,0.1516574775634031,0.1588070507632823
all,0.0,pop_normal,unplanned_icu,Gaussian_eb,any,46088,10194,0.2211855580628363,0.6389099718648173,0.633377228706955,0.6444427150226797,0.292831101752392,0.2848860015629902,0.2981702388469802,1.3239160111403023,1.2879954914690104,1.3480547349401235,0.05,0.30859375,0.290063925064131,0.3277607991283786,0.7834140325232962,1.395180375711203,1.3114053539685764,1.4818363459121748,1.4248095275756618,1.3369276734870987,1.518468223920694,0.0697469099470276,0.9556193235638268,0.7795308399508055,0.7872474960702146,0.0649624866707666,0.0748554920670086,0.9534396068413796,0.9577015242733112,0.1,0.3093946626166196,0.2962128440829342,0.3228939555088834,0.7886159261312954,1.3988013744040382,1.3392051754065404,1.4598329038153246,1.463661178224768,1.3965053780142196,1.5340463977937522,0.1398862075730822,0.9113222265559704,0.7846600286980738,0.7925183678754146,0.1332881381959428,0.1467555918419898,0.9083370810462535,0.9142193369418408,0.2,0.2969190713820785,0.287677854597036,0.3063294855420528,0.797748847301329,1.3423980931780688,1.3006177126415732,1.38494343041614,1.4680710958639178,1.4141973618752606,1.5239971453865482,0.2684912693741416,0.8194405750264668,0.7936177889447645,0.8018178653647122,0.2599764870159362,0.2771804737275999,0.8154270896039968,0.823385690716478,0.754339524388127,0.2698325950641431,0.928192898781134,0.9202472042377868,0.2927787373934362,1.2199376732701814,3.757742486243824,3.5091431515504423,4.023953421986506,0.2651922955837482,0.2745237553516118,0.923290736992074,0.9328045839949334,0.9148284319004156,0.9253493563091992,0.2880935885689448,0.2975082376979582,0.874874974994999,0.2464968626770169,0.242314472011926,0.2507275539733664,0.955782902722386,1.1144347073826129,1.0955257392667888,1.1335620470398775,5.574695713954339,4.938366347062641,6.293018808065088,0.9749852854620364,0.1535632696272357,0.9501667266856572,0.9607922571824844,0.9717699890068542,0.97784272119645,0.1498705543053465,0.1573301326574039
all,0.0,pop_normal,unplanned_icu,Gaussian_eb,toward,46088,10194,0.2211855580628363,0.6653307841580367,0.6599481888942416,0.6707133794218318,0.3152023615785668,0.3077603210659916,0.3221112554682018,1.4250585089692942,1.3914123677937438,1.4562942458326942,0.05,0.3654513888888889,0.346026895267421,0.3853238178837762,0.7864059930568245,1.6522389259477253,1.5644190258078183,1.742083982600302,1.710962747124798,1.616603754429517,1.810829347654139,0.0825976064351579,0.9592689586003232,0.7825419683083508,0.7902197637976685,0.077409772365194,0.0880999174499527,0.9571744005317584,0.961265219526067,0.1,0.3454111520937296,0.331817073737511,0.3592627153452096,0.7926179512524409,1.5616351949868363,1.5001751318829124,1.624259370691585,1.66557883953683,1.5939267618427748,1.7404519060245855,0.1561702962526976,0.9159469549228284,0.7886891891239283,0.7964925164610621,0.1492528573281765,0.1633467814032193,0.913031754368568,0.9187731305245672,0.2,0.3210023866348448,0.3115479206009278,0.3306059849703845,0.8037700027122322,1.45128094910994,1.408536449348201,1.494699689554157,1.6358476842054914,1.577735501046614,1.696100293202065,0.2902687855601334,0.8256254527219034,0.7996845889537292,0.8077921215824468,0.2815379831263399,0.299157602496406,0.8216653127998851,0.8295158991646804,0.6848637389342128,0.2867824103408947,0.9213715229964196,0.8879733176378262,0.3728199699114058,1.2965693278194186,3.647309744125354,3.440656363458512,3.866375180873877,0.2818192050347242,0.2917975100212712,0.9168818196592224,0.9256383796248888,0.8817038534626876,0.893950477155666,0.3678312861504794,0.3778358739608963,0.874874974994999,0.2485801443416582,0.2443856619037075,0.2528225304776358,0.9703485347667764,1.1238534130290705,1.104889776909758,1.143033626118627,8.383401710048789,7.225638314289924,9.726673433550577,0.983225426721601,0.1559034936201036,0.9656477767789254,0.9744230787441234,0.9805441447021728,0.9855426397797512,0.1521874188283501,0.1596932152429752
all,0.0,all,periop_infection,Gaussian_eb,any,49651,1897,0.0382066826448611,0.683635860105303,0.671953643057222,0.6953180771533839,0.0709919259616202,0.0667605175411786,0.0751027167435214,1.8581023278441784,1.7473518484117354,1.9656958297483305,0.05,0.0857833266210229,0.0753978902667305,0.0974485025232244,0.964297829036635,2.2452440432579923,1.9734215338078211,2.550561728403066,2.4027481888719784,2.0957426272710165,2.7547270280249903,0.1122825513969425,0.9524647149976966,0.9625851583007696,0.965934876414178,0.0988514355846532,0.1272808207801064,0.950519586077814,0.9543370521669092,0.1,0.093655589123867,0.0858625977390265,0.1020769010769549,0.9679541690909904,2.4512881684708088,2.247318840453563,2.6717028019883458,2.9225514354672653,2.643319443479219,3.2312806210472385,0.2451238798102266,0.9057670561628344,0.966280528010016,0.9695473582092092,0.2262940269587668,0.2649839417052186,0.9031139594879644,0.908354873726642,0.2,0.0787512588116817,0.073614845727573,0.0842134812310528,0.971929206213338,2.06119069649911,1.926753139282937,2.204155802110177,2.805451794850952,2.5672291598528667,3.065779984239313,0.4122298365840801,0.8084348955061356,0.9702586144465732,0.9735085219339026,0.3902777741690991,0.4345366659189125,0.804880487780302,0.8119396827526979,0.9192966909024994,0.0406187012531767,0.9892687796356376,0.977332630469162,0.0830087531934497,1.0631308043866523,3.785096184220448,2.8023473694102896,5.112482942046931,0.0388460067382681,0.0424687163657482,0.9855771584348728,0.9920231536791732,0.9696075450580168,0.9831283378267014,0.0805676206530478,0.0855169705735372,0.874874974994999,0.0419448409226944,0.0400998029011993,0.0438708913798644,0.987928536938677,1.097840430496943,1.0495494537941226,1.1482517806545331,3.4747106220360053,2.762439315066482,4.370634982292552,0.9604638903531892,0.1285337353938937,0.9848956863940664,0.9903583718724333,0.95072367112181,0.9683429149630064,0.1255617650645395,0.1315654665815405
all,0.0,all,periop_infection,Gaussian_eb,toward,49651,1897,0.0382066826448611,0.686923399307764,0.6752045804302599,0.6986422181852682,0.0719050889098674,0.0670331028847667,0.0769869459012554,1.8820029359324344,1.754486342293914,2.0150125729800914,0.05,0.0877970197341925,0.0772926773087881,0.0995748803193293,0.9644038331071914,2.2979493024894,2.023014613104185,2.606216332490787,2.4664739885779583,2.154547480972575,2.823559930823868,0.1149182920400632,0.9525694182686268,0.9626935486808682,0.966038476909585,0.1013380693644658,0.1300550146252785,0.9506262785325952,0.9544397494095052,0.1,0.093655589123867,0.0858625977390265,0.1020769010769549,0.9679541690909904,2.4512881684708088,2.247318840453563,2.6717028019883458,2.9225514354672653,2.643319443479219,3.2312806210472385,0.2451238798102266,0.9057670561628344,0.966280528010016,0.9695473582092092,0.2262940269587668,0.2649839417052186,0.9031139594879644,0.908354873726642,0.2,0.0791540785498489,0.074005151848553,0.0846285030307436,0.9720299086125728,2.071733871417264,1.9369687898958912,2.215018346852638,2.8299542340941044,2.589834864540391,3.0923365333906787,0.4143384290985767,0.8085186581228797,0.9703621379023848,0.9736063837996628,0.3923654463745844,0.4366576558134149,0.8049648325249753,0.8120228497659262,0.8974643008197216,0.0411579892280071,0.9876252209781968,0.966789667896679,0.1052896092473928,1.0772458213810143,3.325957510472771,2.591650447911162,4.268319969765236,0.0393526758391871,0.0430424110332157,0.9841996808230644,0.9903154051807872,0.9577358594651124,0.9739567129196672,0.1025684202825536,0.108074298545845,0.874874974994999,0.041806713016253,0.0399646570671066,0.0437298058306172,0.9869628198937712,1.0942251491670956,1.0460122235313196,1.1445590876626135,3.2067297280244467,2.5709188200322317,3.9997822834665873,0.9573010015814444,0.1284080914687775,0.9838261303157112,0.989497687360454,0.9472409267285762,0.9655126662062588,0.1254373822776012,0.1314385817316265
all,0.0,pop_normal,periop_infection,Gaussian_eb,any,46088,1869,0.0405528554070473,0.5993496473139294,0.588040088974631,0.6106592056532277,0.051001690021501,0.0478853630223438,0.054475000723712,1.2576596520657777,1.1808135960266355,1.3433086320783532,0.05,0.0516493055555555,0.0433352070164771,0.0614560403550928,0.9600310615750046,1.2736293175197668,1.068610498114178,1.5154553172207177,1.2922361111111111,1.0784023654848058,1.5484704228266974,0.0636704119850187,0.9505868518057848,0.9581554813894826,0.9618259227635828,0.0534709482579221,0.0756598869392456,0.9485273372936658,0.952568082137726,0.1,0.0505532653504013,0.044594100743366,0.0572610334108178,0.9605583548301552,1.246601869164954,1.0996537801285466,1.4120099025349229,1.281723040017909,1.1211764395904096,1.465259073685946,0.1246655965757089,0.9010380153327756,0.9586421173354208,0.9623892905033326,0.1104545117596598,0.1404164641947401,0.8982197973615659,0.9037865576529432,0.2,0.0503362985463224,0.0460572437404714,0.054989991770492,0.9618931380526172,1.241251646550512,1.135733680851175,1.3560078869547552,1.320924788187123,1.1923172521013423,1.4634043858478782,0.2482611021936864,0.8020308012392863,0.9598902566415932,0.9637997773254672,0.2292050496433512,0.2683498957401771,0.798290598095603,0.805718530074035,0.754339524388127,0.0493873324512454,0.986574810104222,0.918673087212413,0.2526063456885049,1.2178509245655438,3.678706434296061,3.120702294546103,4.336485749820476,0.0471590439830128,0.0517151942016097,0.9842837918533176,0.9885357467847644,0.9054050443929116,0.9302235533486164,0.2485780168029178,0.2566776563196342,0.874874974994999,0.0451377694005605,0.0431543093306385,0.0472078955887231,0.9915033813074388,1.1130602012482784,1.0641497102356716,1.1641078073264155,5.312439104755764,4.0054333691531445,7.045931523685564,0.9737827715355806,0.1293109296908568,0.9887855596439182,0.993566823758877,0.965509453406358,0.9801124294053012,0.1262155762949487,0.132470685964598
all,0.0,pop_normal,periop_infection,Gaussian_eb,toward,46088,1869,0.0405528554070473,0.6229931604952156,0.6118261467585486,0.6341601742318825,0.055368002191855,0.052902461820209,0.059384154741355,1.3653293124763064,1.3045311184429076,1.464364325157609,0.05,0.0633680555555555,0.0541286413981395,0.0740610922473584,0.9606477251964188,1.5626040366208904,1.334767696499441,1.8262855106989069,1.6102768104726897,1.3671650345451969,1.8966191650803053,0.0781166399143927,0.9511974490603586,0.958785710787322,0.9624289124061632,0.0667973539710293,0.0911666724581145,0.9491497528985804,0.9531667549578482,0.1,0.0559774354523757,0.049703013059894,0.0629914267405101,0.9611610694568336,1.3803574345260008,1.225635348263454,1.5533166803727294,1.4412712880999972,1.268283802485427,1.637853390408882,0.1380417335473515,0.9016033831610846,0.9592585549029196,0.9629781705580478,0.1231439352596919,0.1544244399835747,0.8987922058340321,0.9043447866110668,0.2,0.0542417010197439,0.0498008773519496,0.0590539093101851,0.9628695416327636,1.3375556536104658,1.2280486010683012,1.4562207449373004,1.460841137032842,1.3220327994102812,1.6142238139623653,0.2675227394328518,0.8028449309120513,0.9608907678036446,0.9647518698758534,0.2479453796363816,0.2880538207231149,0.7991104201526189,0.8065268259170681,0.6848637389342128,0.05268660499303,0.9858165794546956,0.889780631353665,0.3237974626291865,1.299208266944231,3.71466141222703,3.2183113374354084,4.287562004018032,0.0502759290764679,0.0552061511427891,0.9837609842291576,0.9876152455337,0.8747753332725591,0.903186882005017,0.3194515236132065,0.3281740147692027,0.874874974994999,0.0447409538453907,0.0427660362741492,0.0468026131412026,0.9887289752037456,1.1032750566219198,1.054575216588011,1.154113876111155,3.9695550896364367,3.1041760269095806,5.076183654876709,0.9652220438737292,0.128949094280739,0.9856605856305316,0.9911466793618052,0.9559151258128118,0.9726204214539724,0.1258575015078246,0.1321051527961448
all,24.0,all,mortality,Gaussian_eb,any,31511,577,0.0183110659769604,0.448987440022975,0.4247412427639876,0.4732336372819624,0.0172714149364339,0.0151592347522127,0.0218253668701226,0.94322280080064,0.8278728704973581,1.19192224513767,0.05,0.0190355329949238,0.0133658980341101,0.0270442291583881,0.9817270753298816,1.0395644370936667,0.7299355510447896,1.476933630866499,1.0417343330951474,0.7238776243035074,1.4991628202257905,0.0519930675909878,0.9500226288226546,0.9801468208177782,0.9831837043018044,0.0366592610001406,0.0732529766908236,0.9475380160848764,0.9523954815383062,0.1,0.0149158997143763,0.0112356493953943,0.0197775082858027,0.981311706629055,0.8145839097048775,0.6135988701876446,1.080085032225181,0.7981413507541781,0.5936336194648714,1.07310232253684,0.0814558058925476,0.899657334971229,0.9796691496416368,0.9828238858574756,0.0618071209900458,0.1066408689610871,0.896259287207942,0.9029561305864264,0.2,0.0160266582037448,0.0132079659630707,0.0194350360431959,0.9811178547344204,0.8752444136190706,0.7213105987215305,1.061382011710826,0.8487731652483272,0.6859810893001425,1.050197880499378,0.1750433275563258,0.799540958169005,0.9793628641539148,0.9827262325387802,0.1462138376238072,0.2081712477419792,0.7950424851241088,0.803965042278837,0.8174288343752976,0.0169656029194813,0.9756648705023466,0.75736568457539,0.1814508308010603,0.9265218606512584,0.6971650971126863,0.5775738476951158,0.8415186639279882,0.0154589708720113,0.0186162949273094,0.9713543783245964,0.9793405304948508,0.7207596676596747,0.7905673447306226,0.1771957001770369,0.1857850709185134,0.76729383132079,0.0170402845562081,0.0154839663743575,0.0187500516005182,0.9774989772262376,0.930600358146749,0.8456070440595866,1.0239737885336757,0.7573115554586313,0.6333999445957346,0.9054639125319458,0.7140381282495667,0.2317191439839658,0.9738461582316028,0.9806517554210512,0.675846556013831,0.7493984677585709,0.2270506700615296,0.2364542436102761
all,24.0,all,mortality,Gaussian_eb,toward,31511,577,0.0183110659769604,0.4545147498576664,0.430363726703293,0.4786657730120398,0.0174648333429615,0.0154589177210641,0.0212290085866164,0.9537857252514034,0.8442390923889975,1.159354054719011,0.05,0.0196700507614213,0.0138915446636705,0.0277845322291015,0.9817604810422582,1.0742165849967888,0.7586420518144219,1.5173629030697022,1.0784303471486212,0.7536610812133259,1.54314988877859,0.0537261698440207,0.9500549557121614,0.980181582606426,0.9832157453650076,0.0381047166880817,0.0752508005475983,0.947571082782019,0.9524270605920164,0.1,0.0149158997143763,0.0112356493953943,0.0197775082858027,0.981311706629055,0.8145839097048775,0.6135988701876446,1.080085032225181,0.7981413507541781,0.5936336194648714,1.07310232253684,0.0814558058925476,0.899657334971229,0.9796691496416368,0.9828238858574756,0.0618071209900458,0.1066408689610871,0.896259287207942,0.9029561305864264,0.2,0.0158679784195493,0.0130644390785952,0.019261396698821,0.9810781863620136,0.8665786273456144,0.7134723393511536,1.0518992571517314,0.8386076896822212,0.6771883352996579,1.0385040918977977,0.1733102253032929,0.7995086312794983,0.9793214738619532,0.9826882981742144,0.1446121912654793,0.2063296145555913,0.7950098927898396,0.8039329888622536,0.7976896956618323,0.0171069382558879,0.9769411764705882,0.7452339688041595,0.2013318678476757,0.9342404356694728,0.7418825264033049,0.6164371238918986,0.8928561594532864,0.0155761029634606,0.0187853545884436,0.9729594531090696,0.980348432761619,0.7081389605737963,0.7790850950034903,0.1969004158636852,0.2058374920063971,0.76729383132079,0.0171230043841508,0.0155627922379663,0.0188366391105542,0.9777717168962226,0.9351178356134808,0.849911865182942,1.0287024870237016,0.7703250990734872,0.6438513192030967,0.921642529205404,0.7175043327556326,0.2317837977629792,0.974138849179856,0.9809042581975744,0.6794236944993584,0.7527078883624754,0.2271148578652065,0.236519347308305
all,24.0,pop_normal,mortality,Gaussian_eb,any,23988,385,0.0160496915124228,0.4778903298116957,0.4479500291261508,0.5078306304972406,0.0151851597389399,0.0136335074247095,0.017411113199224,0.9461340566693284,0.8494560418283966,1.084825411488276,0.05,0.0116763969974979,0.0069679261376562,0.0195040548779653,0.9837202158936328,0.727515353703844,0.4341470446496084,1.2152292686042427,0.7172329142209702,0.4219749610507503,1.219084307658806,0.0363636363636363,0.949794517646062,0.9819937440197642,0.9852836313470702,0.0217823504887286,0.0601060071355584,0.946934703688024,0.9525079392447774,0.1,0.011671529804085,0.0080874109409382,0.0168171021156027,0.9834638010097736,0.7272120959490695,0.5038982172759155,1.047814663763842,0.7058169662195849,0.4815543231333342,1.0345200237471064,0.0727272727272727,0.8995466677964665,0.9816746381550288,0.9850809369889114,0.0507936346501324,0.1031034792389164,0.8956463995315198,0.9033168976170493,0.2,0.0152146727803251,0.0121186416652913,0.0190863860057588,0.9837415320479416,0.9479729107907514,0.7550700682259968,1.189205785730243,0.9357999059437158,0.7267225406279667,1.2050286251029856,0.1896103896103896,0.7998135830191078,0.9818529088956578,0.9854365158539976,0.1535938469265021,0.2317599835278525,0.7946601120296124,0.8048694751897132,0.3134900783725196,0.0148936170212765,0.9834223949477776,0.2909090909090909,0.6861415921704868,0.9279690522243712,0.898417894162575,0.7222690261374747,1.1175264109939615,0.0123931032953051,0.0178895119048872,0.9813564771932074,0.985262822982676,0.2477836625895683,0.3381659888880512,0.6801913709007532,0.6920312308724548,0.76729383132079,0.0149951102901227,0.0133378040227977,0.0168548294651514,0.980472948763884,0.9342927419206892,0.8310317997373303,1.0501653226235137,0.7679147306372971,0.6164539155675018,0.9565889982009224,0.7168831168831169,0.2318773037325763,0.9764988208303788,0.9837861969187818,0.669909916716017,0.7595708795773837,0.2265370505621741,0.2373048214483535
all,24.0,pop_normal,mortality,Gaussian_eb,toward,23988,385,0.0160496915124228,0.4988495299133778,0.4686183078325379,0.5290807519942177,0.0163775353104268,0.0138584944148349,0.0190427058231394,1.020426797471476,0.8634741922676888,1.1864842267155014,0.05,0.0141784820683903,0.0088709120928936,0.022589256893613,0.983851858352714,0.8834115009260963,0.5527154267125511,1.407457387958412,0.8780256191753998,0.5418181734142619,1.4228555367021798,0.0441558441558441,0.949921620133034,0.9821319016543072,0.985408714255558,0.0277486031520862,0.0695702022432212,0.9470651260270584,0.95263168051228,0.1,0.0170904543559816,0.0126229683197438,0.0231020665722773,0.9840659595164204,1.064846283353995,0.7864928936467913,1.4394087608721802,1.0725750554979303,0.778016685276872,1.4786536991388437,0.1064935064935064,0.9000974452400119,0.982307390317756,0.9856522875784594,0.0794751383929978,0.1412872491704726,0.896206441032386,0.9038582317445094,0.2,0.0185493955814922,0.0150988040193804,0.0227703335215163,0.9845752996352268,1.1557477953476285,0.9407535345893449,1.4187396376990515,1.2025773689487738,0.9508914569401316,1.5208805566110033,0.2311688311688311,0.800491462949625,0.9827321737145966,0.9862244524565812,0.1918372344320139,0.2758123174677828,0.7953443710663279,0.8055407553878606,0.2517508754377188,0.0165590329524755,0.9841216780879156,0.2597402597402597,0.7483794432911071,1.0317352791272314,1.042870464785909,0.8319734605831749,1.307227763684235,0.0136341614927401,0.0200985777536435,0.982186563005892,0.98584960570848,0.2184649072526722,0.3057629531408657,0.7428031945964525,0.7538748531776301,0.76729383132079,0.0153210909486037,0.013645064855752,0.0171993939037409,0.9815478323181656,0.9546034537015736,0.8501761448306008,1.071633924579061,0.8303138803408343,0.6639095361502669,1.0384263251953232,0.7324675324675325,0.2321315087065203,0.9776718276288996,0.9847614787505724,0.6861109996412832,0.7742306921941583,0.2267891557370654,0.2375610434865359
all,24.0,all,prolonged_los,Gaussian_eb,any,31530,22667,0.7189026324135743,0.4064289964887141,0.3993243541661577,0.4135336388112705,0.6554315588133406,0.6492899192684101,0.6626814493773183,0.9117111681909662,0.9031680925809754,0.9217958308936712,0.05,0.5260152284263959,0.5013294723197069,0.5505744653915167,0.2709487881418174,0.731691893602341,0.6973537857784603,0.7658540121672265,0.7215065551920626,0.6881242046474699,0.7565083536798548,0.0365729915736533,0.9157170258377524,0.2659451149808988,0.2760112053970018,0.0342067607649292,0.0390962788540321,0.9097515233320445,0.9213223057075994,0.1,0.5169679670155407,0.4995152162736908,0.5343794206951072,0.2586601825421997,0.7191070719548242,0.6948301393704271,0.7433265599557388,0.6973427770119314,0.6737396935382628,0.7217727459352893,0.0719107071954824,0.828162021888751,0.2535980655550311,0.2637876345223056,0.0686195654589991,0.0753469293710825,0.8201664027291374,0.8358732856306953,0.2,0.5859498889946083,0.5737438870734658,0.5980512337422453,0.2478591817316841,0.8150615432125998,0.7980828852263809,0.8318946221331891,0.7790427999156652,0.7621488572006393,0.7963112171152517,0.1630123086425199,0.7054044905788108,0.242569390686665,0.2532257628709822,0.1582607677858844,0.1678780553974596,0.6958264452404028,0.7148045510322723,0.8175388518870916,0.7037281297280521,0.2131062054580219,0.8002823487889884,0.1383278799503554,0.9788921308653764,0.8943114491551765,0.8804621169532777,0.908378626053338,0.6981238406574954,0.7092717037920697,0.2027175190660903,0.2238777862485461,0.7950270394357432,0.8054358917683636,0.131296698026838,0.1456724541005666,0.7674317076213047,0.6990536016861595,0.6932430781364666,0.7048009303826422,0.2156007091231419,0.972389820495196,0.9643073301999732,0.9803844061836464,0.8911961163359888,0.8783037969371194,0.9042776776578264,0.746239025896678,0.1783820376847568,0.2063383229849012,0.2251609205042862,0.7405324893872534,0.7518621114377995,0.1705515602501287,0.1864912000490967
all,24.0,all,prolonged_los,Gaussian_eb,toward,31530,22667,0.7189026324135743,0.406830170975494,0.3996864022891652,0.4139739396618229,0.6547252885528236,0.6478767811583684,0.6609793332630958,0.9107287399334068,0.901202404814195,0.9194281721350602,0.05,0.5279187817258884,0.5032334545524099,0.5524683322596352,0.2710489417106229,0.7343397532896837,0.7000022421157402,0.7684883979417788,0.7242170454690754,0.6908311628809548,0.7592163717118503,0.0367053425684916,0.9160555116777614,0.2660446714630699,0.2761119303663489,0.0343348430942964,0.0392328536602872,0.9101004096297102,0.92165009778885,0.1,0.5125277513479226,0.4950758387900492,0.5299491735513999,0.2581668252457976,0.712930692195703,0.6886549255327239,0.7371640465026532,0.6908935442496794,0.6673128832520563,0.7153074689037376,0.0712930692195703,0.8265824213020422,0.2531079422097537,0.2632911768353983,0.0680153858063203,0.0747160423908579,0.8185590223908443,0.8343228335340434,0.2,0.588011417697431,0.5758131410312808,0.600102526962667,0.2483745639073898,0.8179291481007633,0.8009612360134241,0.8347479893736661,0.782319742602458,0.7654160514377116,0.7995967402512483,0.1635858296201526,0.7068712625521832,0.2430809861755518,0.2537447747726222,0.1588273927368188,0.1684582780342212,0.6973063909321916,0.7162568783157895,0.7978116079923881,0.7035579407672431,0.2205490196078431,0.7807826355494772,0.158637030350897,0.9786553964967212,0.9026326972008804,0.88890528627109,0.9165721012572116,0.6978835061585371,0.7091702112908387,0.2105409782564788,0.2308936546398766,0.7753493617086628,0.7861207515137772,0.1511790783971926,0.1663907764652197,0.7674317076213047,0.7006653717402984,0.6948634460704988,0.7064035908576716,0.2209191326878494,0.974631807075114,0.9665612765078232,0.9826137212574396,0.8993487083794168,0.8862162679874258,0.9126757525006316,0.747959588829576,0.1827823536048742,0.2115710058220806,0.2305595153002507,0.742265490399392,0.7535696531887489,0.1748739575062553,0.1909656217188883
all,24.0,pop_normal,prolonged_los,Gaussian_eb,any,24007,18407,0.766734702378473,0.5171091160971371,0.5084523317763604,0.5257659004179137,0.7748208835263564,0.7671318684359393,0.7810628273526752,1.0105462569032018,1.0005179967154667,1.018687200318122,0.05,0.7866666666666666,0.7625920595737881,0.8089116997247774,0.2343140263954049,1.0259959073540863,0.9945970323348688,1.055008593214143,1.027401172001756,0.9967112810237928,1.059036040152318,0.0512848372901613,0.9542857142857144,0.2288617891376484,0.2398557526123235,0.0481908273867456,0.0545661047026597,0.9484968002754824,0.9594517755729144,0.1,0.7755102040816326,0.7583877859308333,0.7917523979382414,0.2342404887531241,1.0114452908886702,0.9891136837530023,1.032628881257313,1.0127333617037022,0.9899541276824844,1.0360367548632914,0.1011571684685174,0.90375,0.2286406696757372,0.2399347964211545,0.0968838808398272,0.1055969009186774,0.8957461186563036,0.9112003160894608,0.2,0.7740054155384295,0.7619583207054959,0.7856143609829078,0.2350827866291784,1.009482697388552,0.9937704897689378,1.024623456517448,1.011881288600577,0.9946469964144082,1.0294142001242883,0.2018797196718639,0.80625,0.2291388380326854,0.2411326919522365,0.1961433038464512,0.2077405468516071,0.7956896305617907,0.8163904824806623,0.3137418253009539,0.7782793414763675,0.2385432473444613,0.3184658010539469,0.7017857142857142,1.0150568887283726,1.022092638567011,1.0071005396864736,1.0373079157897167,0.7687573113671364,0.7875176506755901,0.2320966421802865,0.2451117557692392,0.3117738923187939,0.3252334675185751,0.6896687144829571,0.7136260538773763,0.7674317076213047,0.7692140686061659,0.7630742771094484,0.7752416155125069,0.2414472505821243,1.0032336689861587,0.9952259559171254,1.011094989058986,1.0140548158272078,0.9971806681863168,1.031214505364057,0.7699244852501765,0.2407142857142857,0.2304014554164427,0.2528486156075863,0.7637882528646751,0.775948072931534,0.2296971022440511,0.2520869653141753
all,24.0,pop_normal,prolonged_los,Gaussian_eb,toward,24007,18407,0.766734702378473,0.5155253678724709,0.5068624724239451,0.5241882633209968,0.7728449708773757,0.7660874032924287,0.7798162345977561,1.0079692082280196,0.9991557717629888,1.0170613540494555,0.05,0.7591666666666667,0.7341709694113121,0.782508301349891,0.2328671022054632,0.9901295249995472,0.95752933463668,1.0205724338842197,0.9896155787989636,0.957816449252077,1.0224704269448877,0.0494920410713315,0.9483928571428571,0.2274269291292107,0.238397251597203,0.0464516021428171,0.0527204856774376,0.9422848716031929,0.9538860694169818,0.1,0.7617659308621407,0.744316134230446,0.7783794146156816,0.232713135240211,0.9935195687622868,0.9707609841076936,1.0151874073275746,0.9928046026183746,0.9697032539191698,1.0164562973224684,0.0993643722496876,0.8978571428571429,0.2271264147904958,0.238394887318447,0.0951259125413722,0.1037700249479819,0.889650667542074,0.9055181323754684,0.2,0.7748385752968132,0.7628062670394413,0.7864314018984901,0.2352910548786837,1.0105693310778832,0.9948764085845532,1.0256890674948147,1.0132463864063863,0.9960190312335152,1.0307717095466813,0.2020970283044494,0.8069642857142857,0.229345226111211,0.2413427570734082,0.1963582377247521,0.207960139551385,0.79641793198496,0.8170897731578834,0.2518848669138168,0.777906399867703,0.2370267260579064,0.255554951920465,0.7601785714285715,1.01457048631629,1.0195722791814892,1.003647342132823,1.0357498982324462,0.7672552631422817,0.7882046583337657,0.2308638633498133,0.2433020633860358,0.2493052120040622,0.2619067034794756,0.74881947981012,0.7711809427571419,0.7674317076213047,0.7700825010855405,0.7639505564480381,0.7761018390533426,0.2443130933190041,1.0043663064899533,0.9963688275464796,1.012216920201749,1.0190496808628997,1.0019990900009446,1.0363904143523708,0.7707937197805182,0.2435714285714285,0.2332203046653969,0.25575751063547,0.7646653749697865,0.776809057138738,0.2325072933056423,0.2549871426541463
all,24.0,all,unplanned_icu,Gaussian_eb,any,23026,188,0.0081646834013723,0.3084769831169774,0.2696981362689409,0.347255829965014,0.005635846019543,0.0049839093678704,0.0071450834033353,0.6902712257765887,0.6104228569392864,0.8751206938574513,0.05,0.0060816681146828,0.002948999548172,0.0125003919527922,0.9917257142857144,0.744874946854724,0.3611896999798368,1.531032048430821,0.7350082320921995,0.3462677778289041,1.560171450634484,0.0372340425531914,0.9499080479901918,0.9904359315096012,0.9928428175810272,0.0181509374656536,0.0748507889586464,0.9470024846252652,0.95266227795675,0.1,0.0039079461571862,0.0020573372686169,0.0074108464159498,0.9913622544998312,0.4786402564647407,0.2519800422721988,0.9076710083705428,0.4524266380746997,0.2319344208764631,0.8825333560498151,0.0478723404255319,0.8995533759523601,0.9900080834422422,0.9925342832635466,0.0253870191317895,0.0884652423172391,0.8955873312405056,0.9033850248238144,0.2,0.0039087947882736,0.0024739656022234,0.00617063611288,0.9907714022040064,0.4787441957169589,0.3030081487063644,0.7557716336977388,0.4235524046752251,0.2608467008306422,0.6877473969764373,0.0957446808510638,0.7991505385760574,0.9892845592282352,0.9920535924115594,0.0614224319879761,0.1462572370723319,0.7939043299628101,0.8042961233666621,0.8144271692868931,0.0058657281501626,0.9817458460098292,0.5851063829787234,0.1836850862597425,0.7184268956683243,0.3213366203287816,0.2408727508654385,0.4286795546334225,0.0048694082043252,0.007064455970334,0.9772777295043596,0.9853485225410752,0.5136592124573756,0.6531450677404544,0.1787162388170581,0.1887603310230899,0.7642318024817705,0.005284991759959,0.0043163648854905,0.0064695738959822,0.982501381469884,0.6472990439617972,0.5286628609218406,0.7923851517493988,0.3020233712086091,0.2272877164796956,0.4013332447922328,0.4946808510638298,0.2335581049128645,0.9786568770963964,0.98566352569245,0.4240366896759248,0.565538042811711,0.2281158257729454,0.2390900058269024
all,24.0,all,unplanned_icu,Gaussian_eb,toward,23026,188,0.0081646834013723,0.3222729288438641,0.2834080384280558,0.3611378192596725,0.0057523362671108,0.0047642878100915,0.00712716619543,0.7045388025877314,0.5835238889104675,0.8729262171062332,0.05,0.0060816681146828,0.002948999548172,0.0125003919527922,0.9917257142857144,0.744874946854724,0.3611896999798368,1.531032048430821,0.7350082320921995,0.3462677778289041,1.560171450634484,0.0372340425531914,0.9499080479901918,0.9904359315096012,0.9928428175810272,0.0181509374656536,0.0748507889586464,0.9470024846252652,0.95266227795675,0.1,0.0039079461571862,0.0020573372686169,0.0074108464159498,0.9913622544998312,0.4786402564647407,0.2519800422721988,0.9076710083705428,0.4524266380746997,0.2319344208764631,0.8825333560498151,0.0478723404255319,0.8995533759523601,0.9900080834422422,0.9925342832635466,0.0253870191317895,0.0884652423172391,0.8955873312405056,0.9033850248238144,0.2,0.0041259500542888,0.0026430303320338,0.0064355199049714,0.9908256880733946,0.5053410954790122,0.3237149809862312,0.7882142624035805,0.4497285559174809,0.2801952390460078,0.7218387246558909,0.101063829787234,0.7991943252473946,0.9893428511343948,0.9921038496068482,0.0656580567053431,0.1524468798673292,0.7939485332337112,0.8043394787101242,0.7916268565968905,0.0058700899714724,0.9831179658190912,0.5691489361702128,0.2065417286977844,0.7189611259740685,0.3477122430015415,0.2609850600893576,0.4632594827143257,0.0048604494545911,0.0070879650160567,0.9790671101012526,0.986395807292774,0.4976758624888353,0.6378526151719015,0.2013408856175007,0.2118412809202446,0.7642318024817705,0.005625958970279,0.0046236056865278,0.0068441186750163,0.9836065573770492,0.6890602726044938,0.5662933220105848,0.8382589181432236,0.3431834971870205,0.2581617224473888,0.4562059457343265,0.526595744680851,0.233820824940888,0.9798706566189188,0.9866585350291498,0.4554067264428721,0.5967196111189496,0.2283763579230005,0.2393548253630265
all,24.0,pop_normal,unplanned_icu,Gaussian_eb,any,17008,128,0.0075258701787394,0.4009869760811611,0.3527242631166621,0.4492496890456601,0.0062632225811194,0.005029807533668,0.0092676614923729,0.832225700466247,0.6683356760361407,1.2314405207990555,0.05,0.0035294117647058,0.0012010071459611,0.0103252525256219,0.9922638940462928,0.4689705882352941,0.1595838245195877,1.3719679293420182,0.4562258823529412,0.1454688335623524,1.4308360810462095,0.0234375,0.9498222748815166,0.990791044103822,0.9935027259823792,0.0080022714401121,0.066644880900272,0.9464252954905588,0.9530145571079164,0.1,0.0029394473838918,0.0012561711853989,0.0068628235646118,0.9919644607042528,0.3905790711346267,0.1669137462598792,0.911897681147805,0.3658058626441643,0.1498043413266192,0.8932580188252753,0.0390625,0.8995260663507109,0.9904214422959192,0.993260604287333,0.0167983630559502,0.0881882269126181,0.8948994937083865,0.903970829737434,0.2,0.0049970605526161,0.0031222954651127,0.007988497238811,0.991841834484786,0.6639844209288654,0.414875009926851,1.0614715706070177,0.6125225754855385,0.3681514989191701,1.0191019365150298,0.1328125,0.7994668246445498,0.9901853536530608,0.9932206545403044,0.0846015814460993,0.2024216342915737,0.7933586244016199,0.8054387488217821,0.3167920978363123,0.0048255382331106,0.9912220309810672,0.203125,0.682345971563981,0.6411933927245731,0.5497328849876996,0.3578256039989242,0.8445629420017909,0.0032952600511165,0.0070614240176438,0.9893561745981446,0.9927631963334068,0.1425564364357925,0.2809942486287091,0.6752817272067437,0.6893272371417491,0.7642318024817705,0.0063086628712109,0.0050857685644043,0.0078232950254797,0.9885286783042394,0.8382635790121556,0.6757714979952292,1.039520326510616,0.5499508285555638,0.3839500572224167,0.7877220178502239,0.640625,0.2348341232227488,0.9847336911953132,0.991388535451598,0.5545209239708031,0.718534014682854,0.228500080743807,0.2412888326987355
all,24.0,pop_normal,unplanned_icu,Gaussian_eb,toward,17008,128,0.0075258701787394,0.4280224840787914,0.3773717799612051,0.4786731881963778,0.0070559118135426,0.0056446498325415,0.0115645813679902,0.937554282224477,0.7500328464989554,1.5366437492717064,0.05,0.0047058823529411,0.0018314723040605,0.0120371422024239,0.9923257828939224,0.6252941176470588,0.2433568824020514,1.599435270147086,0.6132068311195445,0.2271051492837293,1.6557203520819208,0.03125,0.9498815165876776,0.990858268868967,0.9935592494910692,0.0122180675751156,0.0775988035793606,0.9464863642932918,0.9530719447588376,0.1,0.0052910052910052,0.0027860796243433,0.0100254331871694,0.9922257790553342,0.703042328042328,0.3702003300846183,1.332129434745147,0.6805833444488906,0.3462688807591334,1.3376705631928774,0.0703125,0.8997630331753554,0.990705602764794,0.9934989493873227,0.0374293434380096,0.1282361217869269,0.8951411587619934,0.9042029904984452,0.2,0.0055849500293944,0.0035783821831781,0.0087068632610022,0.9919888284580332,0.7421002351557907,0.4754775325897912,1.1569244558056755,0.69714523027469,0.4288781536729093,1.1332157348947527,0.1484375,0.799585308056872,0.990345811029808,0.9933541021271536,0.097133868234835,0.2202287851310221,0.793478417576582,0.8055558685541288,0.2459430856067732,0.005498446091322,0.991812865497076,0.1796875,0.7535545023696683,0.730606024384413,0.6715959154400464,0.428278512627095,1.053148968107299,0.0036667443170917,0.008237599042829,0.990099304303186,0.993231879706444,0.1228237283308303,0.2552178002913951,0.7469961827476927,0.7599974388934863,0.7642318024817705,0.0065394676104016,0.0052921381841455,0.0080783984942893,0.98927680798005,0.8689317587321126,0.7031928612183387,1.073417199928691,0.6098433748304748,0.4233185997354606,0.8785556364805032,0.6640625,0.2350118483412322,0.9855879254838468,0.992029128462677,0.5785165925578445,0.7400475025380887,0.2286760896795752,0.2414681931239307
all,24.0,all,periop_infection,Gaussian_eb,any,30995,529,0.017067268914341,0.4249010983392562,0.4014677571343855,0.448334439544127,0.0138233376792329,0.0125923756067448,0.0155578039563859,0.8099326112813314,0.7378084724594645,0.9115579085598888,0.05,0.0109677419354838,0.0068588744726053,0.017494701850747,0.9826116488368144,0.6426184523446551,0.401872994855205,1.0250440148656026,0.6307522681451613,0.3901078132156687,1.0198422341013649,0.0321361058601134,0.9496816122891092,0.9810544261398756,0.9840429582000234,0.0201592426016828,0.0508592364359898,0.9471697040321287,0.9520801299414092,0.1,0.0080645161290322,0.0054684457502437,0.0118783157597508,0.9819322459222084,0.4725135679004817,0.3204054367274174,0.6959705046757624,0.4463485663082437,0.2992303271294553,0.6657982984433042,0.0472589792060491,0.8990678133000722,0.9803014882618594,0.9834302818772994,0.0322126253222475,0.0688335392414801,0.8956346700412302,0.9024003286047754,0.2,0.0103242458461042,0.0080937317426619,0.0131613007895246,0.9812469753185996,0.6049149338374291,0.474225359855966,0.7711427560894437,0.5505376344086022,0.4245648936581579,0.713887774113176,0.1209829867674858,0.7986279787303879,0.9794824566045448,0.9828623996626016,0.0958913876574475,0.1515397438457984,0.7940872655379173,0.803093390629327,0.8181319567672205,0.0160895969713699,0.97853468156821,0.7712665406427222,0.1810542900282281,0.9427165560068292,0.7495624638645669,0.6131825733576445,0.9162750404960048,0.0146126446467443,0.017713146710615,0.9744126000277769,0.9820049671664518,0.7335937082879014,0.8050279008357106,0.1767706413378,0.1854183632811146,0.7682157018239493,0.0161270001259921,0.0146033039852327,0.0178068045077836,0.9798162583518932,0.9449080697639468,0.855632149380508,1.0433306346290243,0.7990094407250199,0.6612678105904766,0.9654425576796756,0.725897920604915,0.2310444429856233,0.9762986210804756,0.9828210122737154,0.6863594234899021,0.762179129055545,0.2263454179689423,0.2358112871712642
all,24.0,all,periop_infection,Gaussian_eb,toward,30995,529,0.017067268914341,0.432290537519466,0.4090549396021034,0.4555261354368287,0.0140189031185357,0.0128121877705934,0.0158978488882355,0.821391119393225,0.7506876369556574,0.931481713215238,0.05,0.0109677419354838,0.0068588744726053,0.017494701850747,0.9826116488368144,0.6426184523446551,0.401872994855205,1.0250440148656026,0.6307522681451613,0.3901078132156687,1.0198422341013649,0.0321361058601134,0.9496816122891092,0.9810544261398756,0.9840429582000234,0.0201592426016828,0.0508592364359898,0.9471697040321287,0.9520801299414092,0.1,0.0080645161290322,0.0054684457502437,0.0118783157597508,0.9819322459222084,0.4725135679004817,0.3204054367274174,0.6959705046757624,0.4463485663082437,0.2992303271294553,0.6657982984433042,0.0472589792060491,0.8990678133000722,0.9803014882618594,0.9834302818772994,0.0322126253222475,0.0688335392414801,0.8956346700412302,0.9024003286047754,0.2,0.0109695112114857,0.0086626035214897,0.0138821604782873,0.9814082916599453,0.6427221172022685,0.5075565144585555,0.8133791380425641,0.5900216919739697,0.4580933672406902,0.7599446355155689,0.1285444234404537,0.7987592726317863,0.979650878998992,0.9830165599736826,0.1026777475859847,0.1597672266802888,0.7942196408867706,0.8032235699765244,0.7986126794644297,0.0162404557023391,0.9796539570650432,0.7599243856332704,0.2007155517626206,0.9515556228620052,0.7982120038897695,0.6551098861114218,0.9725733295457484,0.0147391998734722,0.0178918446293936,0.9758451705061674,0.982872706681112,0.7217346567295955,0.7943661882494752,0.1962557201469415,0.2052508502055607,0.7682157018239493,0.0161689975221536,0.0146432497760313,0.0178508399600095,0.979955456570156,0.9473687678622904,0.8579726404689816,1.045910745861052,0.806653320827442,0.6673155918108019,0.9750852340138704,0.7277882797731569,0.2310772664609728,0.9764487048041324,0.98294917619536,0.6883172039948406,0.763974809241363,0.2263780021887062,0.2358443416255129
all,24.0,pop_normal,periop_infection,Gaussian_eb,any,23623,397,0.0168056555052279,0.4501002741433914,0.4224305594226324,0.4777699888641503,0.0144542686864462,0.0131224728144699,0.0160234321494875,0.8600835999494182,0.7808367135925052,0.953454754829582,0.05,0.0093141405588484,0.0052086863126997,0.0166014864563859,0.9828001069423402,0.5542265552183288,0.3099365157806222,0.9878511701743218,0.541523166895535,0.2982481100791238,0.983232853367528,0.0277078085642317,0.9496254197881684,0.9810145510354444,0.9844204006217036,0.0155405461716123,0.0489278124019488,0.946737436551074,0.9523646907746672,0.1,0.0110076206604572,0.0075228931734664,0.0160803776456788,0.9825502093034194,0.6549950198034795,0.4476405678508741,0.9568432270122724,0.6308167732128878,0.4248200443393656,0.9367020381195464,0.0654911838790932,0.8994230603633858,0.9807009380304118,0.984225130358454,0.0450812343273435,0.0942296555603327,0.8954886410008552,0.9032253717541864,0.2,0.011005291005291,0.0084025631750652,0.0144025144997716,0.981744099904752,0.6548563965188651,0.499984256636189,0.857004030297494,0.6028347519362012,0.4511604484379188,0.8054999931847695,0.1309823677581864,0.7988030655300095,0.9797351252863484,0.9835572557057768,0.1013015501689969,0.1677363939964789,0.793598001307336,0.8039093015405663,0.3140583329805698,0.0130745383474861,0.9814860528264626,0.2443324937027707,0.6847498493068114,0.7779844316943731,0.7061993979422204,0.562629429351761,0.8864050894539182,0.0107300812351084,0.0159229999784257,0.9792934751210371,0.983450385850556,0.2046460040736925,0.2889195340341286,0.6787443744540267,0.6906942187045251,0.7682157018239493,0.0159797222834472,0.0142550434229644,0.0179092742735936,0.9804566210045662,0.9508538526495554,0.8482289440319631,1.0656694865619731,0.8176540140362007,0.6564270141858891,1.0184804589413,0.7304785894206549,0.2311202962197537,0.9764388540692116,0.9838006242905936,0.6847755713250839,0.7717638696910182,0.2257435572034508,0.2365859663865851
all,24.0,pop_normal,periop_infection,Gaussian_eb,toward,23623,397,0.0168056555052279,0.4771199587190678,0.449589405581822,0.5046505118563136,0.0155287455803627,0.0138679277578356,0.0179499079664489,0.9240190348738287,0.8251940993031552,1.0680873448146708,0.05,0.012701100762066,0.0077119023583483,0.0208502278031854,0.9829783441760984,0.7557634843886302,0.4588873284918485,1.240667333487783,0.7461730452939429,0.4469186653760629,1.2458065788206338,0.0377833753148614,0.9497976405752174,0.9812014285696522,0.984589936544499,0.0230285246712228,0.061397842252769,0.9469141839667672,0.9525323279715664,0.1,0.0122777307366638,0.0085620543445842,0.0175773118750307,0.9826913127322328,0.7305713682423425,0.5094745838340405,1.045916469581491,0.7093392206310054,0.4872121937487447,1.032737144885341,0.0730478589420654,0.8995522259536726,0.980849010332927,0.9843592139314852,0.0513388730655056,0.1029405230849936,0.8956199914089505,0.9033523098055356,0.2,0.0146031746031746,0.0115557664264551,0.0184392327716571,0.9826436659964016,0.8689440646115709,0.6876117639600743,1.0972040195588335,0.841374370886566,0.6502848827679716,1.0886164675572731,0.1738035264483627,0.7995350038749677,0.9806811999682664,0.9844099475525128,0.1397010904730743,0.2141583891817319,0.7943368460605775,0.8046340913908427,0.2521271642043771,0.0141034251175285,0.9822833531442804,0.2115869017632241,0.7471798846120726,0.8392070819933924,0.7960549889820345,0.6267948976718283,1.0110221825943708,0.0114065282650255,0.0174267212629484,0.9802306059108582,0.9841264058117752,0.1742711420395669,0.2544308689293544,0.7415496363209848,0.7527283789023302,0.7682157018239493,0.0163654397178752,0.0146191936361235,0.0183163956651845,0.9817351598173516,0.9738054973686826,0.8698972575973469,1.089894747603666,0.8960078245536699,0.7157754949998091,1.1216226697752685,0.7481108312342569,0.2314216825970894,0.977835508295918,0.9849592547430428,0.7031695909561437,0.7882963646732122,0.2260424240774088,0.236889772584664
all,0.0,all,mortality,NORMA_q_age_set,any,49990,906,0.0181236247249449,0.7935696080225043,0.7807932523203884,0.8063459637246202,0.0567010633253082,0.0519628352183342,0.063556348835025,3.128571915708786,2.867132596649589,3.5068232651908398,0.05,0.0764,0.0666246629616052,0.0874751810540864,0.9849441987786902,4.215492273730685,3.676122407782173,4.826583113569295,5.074455944055944,4.348040256075008,5.922231996860448,0.2108167770419426,0.952958194116209,0.9838090668576116,0.9860008800387456,0.1855054784988953,0.2385700968540012,0.9510493661565864,0.9547961253265836,0.1,0.0666133226645329,0.0600284061418115,0.0738638202280979,0.9872641194905648,3.675496688741722,3.3121633808268847,4.075554495808629,5.230366492146596,4.584230146034764,5.967574220904406,0.3675496688741722,0.9049384728221008,0.9861855726420676,0.9882594624083502,0.3367750727421236,0.3994427480301954,0.9023119255539642,0.9075016393594296,0.2,0.0534106821364272,0.0491722009073792,0.0579922236921865,0.9906981396279256,2.947019867549669,2.7131548822956817,3.1998137553779302,5.741935483870968,5.039247285868892,6.5426086934433325,0.5894039735099338,0.80718767826583,0.98970901325489,0.9915930029027096,0.5570583463178403,0.6209946246608443,0.8036735684690095,0.8106537072285229,0.8988997799559912,0.0200507388285561,0.9990106846062524,0.9944812362030904,0.1028644772227202,1.1063316049001355,20.267286807904576,8.419259178106264,48.78848671413098,0.0187951103486021,0.0213884224745309,0.9976859804487186,0.9995773581263764,0.987146288893467,0.9976405135565418,0.100207986324427,0.1055831275386848,0.874874974994999,0.0205098891048359,0.0192230111855921,0.0218809946415763,0.9985611510791368,1.1316659562370297,1.0606604074699229,1.2073188986008871,14.25437292786098,7.396417612478219,27.47102154207013,0.9900662251655628,0.1272512427675006,0.9972674564154786,0.9992428243367936,0.9812288691850372,0.9947651939573824,0.1243321524949582,0.1302286754555621
all,0.0,all,mortality,NORMA_q_age_set,toward,49990,906,0.0181236247249449,0.7968743450656198,0.7840765404034306,0.8096721497278091,0.0617498230120621,0.0548248928768501,0.0732427409516604,3.407145311669965,3.0250512085140597,4.041285452730137,0.05,0.0804,0.0703735967788627,0.0917139729779461,0.985154769425142,4.436198675496689,3.882975831098617,5.0604652419067655,5.41588085106383,4.654631857459437,6.301629493192521,0.2218543046357615,0.9531619264933584,0.984027184469773,0.9862038696549368,0.1960048096924429,0.2500526139294271,0.9512569421858909,0.9549959821635062,0.1,0.0686137227445489,0.0619319887892987,0.0759579655918273,0.9874863861661222,3.785871964679912,3.4171965999746634,4.191102317809548,5.483126110124334,4.8097380772365765,6.250791926033693,0.3785871964679911,0.9051422051992504,0.9864167775824744,0.9884727528653896,0.3475785666451452,0.4106211023961473,0.902518131747373,0.907702866032248,0.2,0.0542108421684336,0.0499410794789626,0.0588230505188569,0.9908981796359272,2.991169977924945,2.755578988027973,3.245655955229204,5.956043956043955,5.224740185597231,6.7897078794689785,0.5982339955849889,0.8073506641675495,0.989919097638732,0.9917829601071914,0.5659602261164971,0.6296782234773661,0.8038376646912949,0.8108155572992194,0.893258651730346,0.0201773637300129,0.9990629685157422,0.9944812362030904,0.1086097302583326,1.113318336493763,21.53328257266986,8.944966310229555,51.83722803116383,0.0189138796791072,0.0215233993137941,0.9978081654465988,0.9995996977379568,0.987146288893467,0.9976405135565418,0.1058876259930762,0.1113930946976456,0.874874974994999,0.0205556190693952,0.019267289003165,0.0219281687201597,0.998880895283773,1.134189180219721,1.063103506918565,1.2099218038860784,18.36791389700959,8.735442035194197,38.62200213437256,0.9922737306843268,0.1272919892429304,0.997691576380456,0.9994578002709678,0.9841379403142454,0.9962524924819688,0.1243724927017697,0.1302698218219961
all,0.0,pop_normal,mortality,NORMA_q_age_set,any,46298,901,0.0194608838394747,0.7323912406069457,0.7182678644672216,0.7465146167466699,0.0399581316760038,0.0370764473630824,0.043831521036341,2.0532536962659536,1.905177980039945,2.2522883029306544,0.05,0.0410367170626349,0.0336869995035791,0.0499071537149934,0.9816747379669418,2.1086769440242783,1.7310107691639356,2.564485463592416,2.2393522662107626,1.817973377749751,2.7584004438999905,0.1054384017758046,0.9510980901821706,0.980378524981835,0.982886816624324,0.0870323079853701,0.1271948009362355,0.9490757450524884,0.9530440958272892,0.1,0.0447084233261339,0.0391234880043882,0.0510482606371708,0.9833445329749448,2.297348039015924,2.010365424669444,2.6231213884347766,2.6843091976273024,2.305274915442219,3.1256644577179653,0.2297447280799112,0.9025706544485318,0.9820704103378616,0.9845295394949288,0.2034580653246063,0.2583261850900518,0.899808596451309,0.905264585275789,0.2,0.0461123110151187,0.0420255050194922,0.0505755601800682,0.9872023327393488,2.3694869871009656,2.159485939392287,2.598831615112983,3.603180960713016,3.1678176181221627,4.098377684805246,0.4739178690344062,0.805427671432033,0.9860060257864036,0.9882975844315072,0.4414936174215031,0.5065635894973652,0.8017602558948912,0.8090433993395528,0.6465938053479632,0.0279262426509887,0.9960273805158294,0.9278579356270812,0.3589884794149393,1.4349935430138496,7.029679727007359,5.465629989451197,9.041299385372437,0.026119507429768,0.0298541220365949,0.9949401961280604,0.9968816971010662,0.9090858814669022,0.9429969582257026,0.354587767237151,0.3634130550207342,0.874874974994999,0.0218738427354647,0.0204940335941233,0.0233443367432797,0.9974106680476436,1.1239902008507738,1.0530885320096817,1.1995517231302602,8.447678064436488,5.074860642217362,14.062113171482206,0.9833518312985572,0.1272771328501883,0.9957318898288754,0.998430172491406,0.9727139063823396,0.9898855143339492,0.1242427533353219,0.1303745883837355
all,0.0,pop_normal,mortality,NORMA_q_age_set,toward,46298,901,0.0194608838394747,0.7530046979542694,0.739096699485099,0.7669126964234397,0.0459829416566878,0.0415789611249965,0.0514376286318015,2.3628393261058105,2.13654022437857,2.6431291125362346,0.05,0.0501079913606911,0.0419421354385739,0.0597645098105021,0.9821521951663142,2.574805531650698,2.1552019828358446,3.07100696471324,2.8075156484296544,2.320698734440778,3.39645297306406,0.1287458379578246,0.9515606758155826,0.9808720657863922,0.9833481068208632,0.1084424709882009,0.152201601963352,0.949547214212942,0.9534977196501342,0.1,0.0535637149028077,0.0474404102072877,0.0604272389587951,0.9843285014879524,2.752378326936953,2.437731533603783,3.1050613865863435,3.4179063898471584,2.9624593135553594,3.94337368155714,0.2752497225305216,0.9034737978280504,0.9830905126864208,0.9854771927542716,0.2470859766029872,0.305321870251092,0.9007229758205316,0.9061563398263394,0.2,0.0505399568034557,0.0462616138118954,0.0551910707849569,0.9883093039580972,2.59700213106148,2.3771589303697387,2.836000216650317,4.323092194194903,3.8010502533193096,4.91683215795119,0.5194228634850167,0.8063308148115514,0.9871628378515526,0.9893544851964464,0.4867857338156461,0.5518950695426434,0.8026697469588832,0.8099400421953337,0.5989675579938658,0.0296779777144711,0.995798998222653,0.9134295227524972,0.4072736083882194,1.525006672835279,7.064500156725464,5.604794806210677,8.90436923918641,0.027744875507705,0.0317413701249363,0.9947605434154,0.9966323291617912,0.893267566687526,0.9300809619389208,0.4027619060569728,0.4118010028385308,0.874874974994999,0.0219479076657202,0.0205657374107778,0.0234207487394457,0.9979285344381148,1.1277960367453026,1.0567730417804573,1.2034781633061689,10.595352425626466,5.998275691327473,18.71562742365117,0.9866814650388456,0.1273432165121043,0.9963824888785489,0.998814619836652,0.9768652685889664,0.9923651469887432,0.124308151819392,0.1304413460401365
all,0.0,all,prolonged_los,NORMA_q_age_set,any,49990,31565,0.6314262852570514,0.5899327892885844,0.5847825323659737,0.5950830462111951,0.6977152771616473,0.6910333407814765,0.703151697896589,1.104982946469531,1.0944006559691437,1.1135926937383334,0.05,0.7612,0.7440943328412858,0.7775041580536654,0.3754053484944198,1.2055247267543163,1.1784342055674284,1.2313458850341434,1.2187104038837568,1.190956313437368,1.2471112766913584,0.0602882939965151,0.9675983717774762,0.3710604286623577,0.3797704243213267,0.0577155846264451,0.0629680200579915,0.964942586267998,0.9700592100467528,0.1,0.7479495899179835,0.7357259713608402,0.7597924156294655,0.3815207485941633,1.1845398384286394,1.1651810964146492,1.2032955126664655,1.209336591676849,1.1881751522860635,1.2308749170143134,0.1184539838428639,0.9316146540027136,0.3770424031672837,0.3860193252242659,0.1149354027063465,0.1220654253506449,0.9278793328992724,0.9351700298995268,0.2,0.7304460892178436,0.7216608574637717,0.7390542972333394,0.3933286657331466,1.1568192618406463,1.142905948506699,1.1704522198224183,1.2040227516280604,1.186945083291201,1.2213461320538186,0.2313638523681292,0.8537313432835821,0.388551462267362,0.3981263607591198,0.2267444791721417,0.236048606019809,0.8485550396360284,0.8587601721893314,0.8988997799559912,0.6455625778885526,0.4942619707162643,0.9190242357041026,0.1355766621438263,1.0223878748185886,1.2764762396904323,1.2411023338049867,1.3128583728457086,0.6411275009475369,0.6499727685291584,0.4804874182516524,0.5080452396315045,0.9159634970835626,0.921982992533592,0.1307093615175172,0.1405958951297589,0.874874974994999,0.6502572310506459,0.6457747155174801,0.6547133522780785,0.5002398081534772,1.0298228728091807,1.022723840605697,1.0368801039246365,1.3011385093479817,1.268088101801042,1.3350503155922728,0.90096626009821,0.1698236092265943,0.4878522927949595,0.5126270291294042,0.8976219750583495,0.904212958283012,0.1644708513882821,0.1753140214710082
all,0.0,all,prolonged_los,NORMA_q_age_set,toward,49990,31565,0.6314262852570514,0.5888176086002888,0.583663499845897,0.5939717173546805,0.696757749308381,0.6900362800982895,0.7014410946972034,1.103466494152573,1.092821594871329,1.110883583840114,0.05,0.7544,0.7371447691847955,0.7708745879502564,0.3750473783954516,1.1947554569935055,1.1674280694296826,1.220846527851523,1.2071315071262507,1.179181102920283,1.2357444262702058,0.0597497227942341,0.9666757123473542,0.3707033171067552,0.3794116535887294,0.0571880806064391,0.0624185127504738,0.9639852448516648,0.9691716172703688,0.1,0.7465493098619724,0.734304710278234,0.7584152671042202,0.3813651619212731,1.1823221923016,1.1629302222971305,1.201114500318073,1.2067689433406388,1.1855889810841604,1.2283272751740473,0.1182322192301599,0.93123473541384,0.37688718063636,0.3858634009769776,0.1147165549690435,0.1218407978354381,0.9274901346472912,0.9347995493662716,0.2,0.7300460092018404,0.721256865301327,0.738658436696657,0.3932286457291458,1.1561856486614923,1.1422661395980782,1.1698252891007723,1.203164922113245,1.1860885406009665,1.220487156102443,0.2312371297322984,0.8535142469470828,0.3884516660110076,0.3980261362213124,0.2266186626288611,0.235921008133084,0.8483348538668523,0.8585462557955152,0.893258651730346,0.6465042325435572,0.4947526236881559,0.9145889434500236,0.1432835820895522,1.0238791884952456,1.27957959378799,1.244966346203452,1.315155178155367,0.6420577210090852,0.6509255386207309,0.4813461143810762,0.5081666831520939,0.9114549145223164,0.9176220700446436,0.13829887123191,0.1484170122015881,0.874874974994999,0.6501429061392477,0.6456600632356627,0.6545993748195053,0.4994404476418865,1.0296418146016473,1.0225422639363466,1.03669959598375,1.2988322829450636,1.2658881836758131,1.332633735723619,0.9008078568034216,0.1695522388059701,0.4870534292493333,0.5118281529271512,0.8974612472842639,0.9040569180195904,0.1642029843859513,0.1750392607695988
all,0.0,pop_normal,prolonged_los,NORMA_q_age_set,any,46298,30921,0.6678690224199749,0.6436928595556614,0.6382660436127521,0.6491196754985706,0.7529628114059349,0.7471748807379027,0.7590044589368435,1.1274108936474232,1.118744627547732,1.1364570498967683,0.05,0.7568034557235421,0.7389109588853431,0.7738450655020062,0.3368119500716185,1.1331614887322063,1.106371060912442,1.1586778837234204,1.1411596692752084,1.1140604372603329,1.1689180831003656,0.0566605219753565,0.9633868765038694,0.3324093889083329,0.3412430153597652,0.0541382310774581,0.0592929594641937,0.9603007402204448,0.9662415368939624,0.1,0.770842332613391,0.7585143174260237,0.7827212742264834,0.3435730056638187,1.1541818930608576,1.135723161223442,1.171968227228671,1.174300172394515,1.1543059597195071,1.1946407131267651,0.1154231751883833,0.9310008454184822,0.3390276909144066,0.3481471614684071,0.1119092622854709,0.1190326352471586,0.9268861928525648,0.9349001999024322,0.2,0.7773218142548596,0.768733762094941,0.7856798625939785,0.359495653113019,1.1638836181356196,1.1510247313305386,1.1763981203187484,1.213608959927981,1.197567200822511,1.2298656030374726,0.2327867792115391,0.8659036222930351,0.3546234808835835,0.3643969686828333,0.2281096545676905,0.2375302923156591,0.8604261640497812,0.8711983005048762,0.6465938053479632,0.7468265633351149,0.4765921036548099,0.7230361243168073,0.5071210249073291,1.118223092050359,1.4268538334060197,1.4041492928942798,1.449925497387078,0.7418692916621323,0.7517204940633873,0.4689454994698492,0.4842496970423791,0.7180207148487167,0.7279961210143974,0.4992180657511912,0.5150204268941007,0.874874974994999,0.6988766818911245,0.6943903943491508,0.7033252490426364,0.5489383738995339,1.0464277551888777,1.03971043878196,1.0530885928713811,1.549403987062872,1.5049376827670289,1.5951841346097493,0.9154943242456582,0.20680236717175,0.5360961677083866,0.5617157166115161,0.9123421989410592,0.9185432210185372,0.2004743755930784,0.2132768199201761
all,0.0,pop_normal,prolonged_los,NORMA_q_age_set,toward,46298,30921,0.6678690224199749,0.6493784167834984,0.6439913526023517,0.654765480964645,0.75795919257487,0.7531829035701276,0.7640869087433301,1.1348919730225844,1.1277404375502011,1.144066999805915,0.05,0.7654427645788336,0.7477508894835818,0.7822551273137708,0.3372666712138781,1.1460971221652223,1.1196070851948796,1.1712702656567693,1.154978528061712,1.1281360178740576,1.1824597204133596,0.0573073315869473,0.9646875203225596,0.3328626054697844,0.3416991616565009,0.0547711878629051,0.0599534612036886,0.96165223649924,0.9674906785412478,0.1,0.7773218142548596,0.765110584446613,0.7890732271018871,0.344292982624556,1.1638836181356196,1.1455997489961285,1.1814790035368574,1.1854712450176228,1.165588315392074,1.2056933431860215,0.1163933896057695,0.9329518111465176,0.3397453305329486,0.3488693430263786,0.1128663841615065,0.1200157011585359,0.928889538690755,0.9367978109533632,0.2,0.7871490280777538,0.7786936934121302,0.7953662084756568,0.36195258923268,1.1785979011656753,1.165937732207717,1.1909014818410129,1.2336842290937646,1.217655810918969,1.249923634796302,0.2357297629442773,0.8718215516680757,0.3570729061091972,0.3668609060800973,0.2310316948426949,0.2404934883291406,0.8664447856859817,0.877012581432343,0.5989675579938658,0.75637373336699,0.464318414391124,0.6783415801558811,0.560642518046433,1.1325180656325766,1.4119838233887898,1.3910103304933823,1.4332735521845283,0.7512859796304289,0.7613904655813585,0.4571527791981446,0.4714988119069133,0.6731131408402945,0.6835257109493295,0.5527837098470908,0.5684710334564226,0.874874974994999,0.6985310455499321,0.6940433332525442,0.7029811030127475,0.5465216640773347,1.0459102340438782,1.0391907843512918,1.0525733031688556,1.5403846010166564,1.4963771800812098,1.585686249853443,0.9150415575175448,0.2058919164986668,0.533675097255796,0.559306570554482,0.9118819654104364,0.9180980335817004,0.1995745900362967,0.2123561589287013
all,0.0,all,unplanned_icu,NORMA_q_age_set,any,49990,10243,0.2049009801960392,0.7081307010667525,0.7030457615581851,0.7132156405753198,0.3328773431203195,0.3243897309772799,0.3403399994598441,1.6245766262408254,1.5831536319002464,1.6609974199939088,0.05,0.384,0.3651265473488345,0.4032294061587674,0.8045272688987155,1.8740759543102607,1.781965840278067,1.967923266023312,1.9644683830658192,1.8632566922077156,2.071177870555593,0.0937225422239578,0.9612549374795584,0.800935980579077,0.8080692930646536,0.0882297555745266,0.0995199603964902,0.9593126492154204,0.9631080725637132,0.1,0.3756751350270054,0.3623500548148757,0.3891911492880085,0.8140739258962904,1.833447232256175,1.7684154290926135,1.8994108711224784,2.020561864913329,1.9401077698512528,2.1043523011379146,0.1833447232256174,0.9214783505673384,0.810452193727639,0.8176420276330603,0.175970207351642,0.1909566708778408,0.9187929467869678,0.9240822893438818,0.2,0.3585717143428685,0.349226954134879,0.3680251167237516,0.8335167033406682,1.7499755930879626,1.7043693680760132,1.7961120360265883,2.1537999399218983,2.08142702993092,2.228689314831052,0.3499951186175925,0.8386544896470174,0.8298337024930754,0.8371356356393168,0.340815898801632,0.3592868138234953,0.8350054095918578,0.8422381132220089,0.8988997799559912,0.2271230194053765,0.9926790660862684,0.9963877770184516,0.1262233627695172,1.1084525764009348,31.02377675877765,22.494273687526626,42.78754396556389,0.2232725748316702,0.231020116756277,0.9899258229238088,0.9946838967637354,0.9950252498430168,0.9973781069142498,0.1229945124191139,0.1295244581477885,0.874874974994999,0.2323310849434091,0.2283966405051358,0.2363125483180085,0.986890487609912,1.1338700513834838,1.1146683646247917,1.1533012096472954,17.72232849171981,14.283844468925215,21.98854292006001,0.9919945328517036,0.1553073187913553,0.9837578649769838,0.9894254154562516,0.9900747739696923,0.993545388559218,0.1517798333772065,0.1589014277712367
all,0.0,all,unplanned_icu,NORMA_q_age_set,toward,49990,10243,0.2049009801960392,0.7100754641063333,0.7050044230417695,0.7151465051708971,0.3362116522351313,0.3283917320460692,0.3445623719608709,1.6408494088874563,1.6026850224526994,1.6816043126353546,0.05,0.3832,0.3643352640401395,0.4024231443192389,0.8044851547694252,1.870171629405448,1.778104056366941,1.9639883807984728,1.9599534733441035,1.8588292744736143,2.0665790400581208,0.0935272869276579,0.9612046192165448,0.8008935790627125,0.8080274731353476,0.0880398435958005,0.0993195081872893,0.9592611544031237,0.9630589405756956,0.1,0.3804760952190438,0.3671139035571065,0.3940218477726978,0.814607365917628,1.8568778678121645,1.7916649457014306,1.9229866416242472,2.0522719098429443,1.9711513629138944,2.136730882860359,0.1856877867812164,0.9220821697235012,0.810989572489078,0.8181714378254911,0.1782755130881261,0.19333573539648,0.9194060296375044,0.9246767280971144,0.2,0.359871974394879,0.3505192404323287,0.3693323516984645,0.8338417683536707,1.75632139021771,1.710676250045115,1.802491873611856,2.1658389766741912,2.093145560615892,2.2410569819620467,0.3512642780435419,0.8389815583566055,0.8301615906974731,0.8374578150159449,0.3420768928693662,0.3605631869772862,0.8353354090443467,0.8425621879715616,0.893258651730346,0.2285125632642092,0.9926911544227888,0.9961925217221516,0.1332679195914157,1.1152341147688978,31.265206091738985,22.85887958813333,42.76294943459811,0.2246415718506194,0.2324302629870051,0.9900247000431246,0.994648703003138,0.9947995927856136,0.997213399783726,0.1299620835028313,0.1366446391080429,0.874874974994999,0.2324454098548073,0.2285102765706892,0.2364275419928457,0.9876898481215028,1.1344280033819996,1.115222954775823,1.1538624254829992,18.882416086257404,15.113601685304138,23.591043662427804,0.9924826710924534,0.1554331144488892,0.9846423452857636,0.9901386748953512,0.990615421310609,0.9939806516881188,0.1519044405634255,0.1590283875858028
all,0.0,pop_normal,unplanned_icu,NORMA_q_age_set,any,46298,10197,0.2202470949069074,0.6819433754031752,0.6765802057119951,0.6873065450943553,0.3229692287772192,0.3148535141539011,0.3296069581622302,1.466394954783534,1.4295467292632458,1.4965326026277277,0.05,0.3321814254859611,0.3132867558390236,0.3516321415966616,0.7856444535388672,1.5082215982297764,1.4224330903045126,1.596534754500563,1.5496749721201768,1.4587474556717746,1.6462702367557844,0.0754143375502598,0.9571757015041136,0.7817843399229544,0.7894546735187381,0.0704473930033723,0.0807010769424799,0.9550380879869,0.9592160268961298,0.1,0.3483801295896328,0.3347866661003651,0.3622249883333989,0.7939905923010464,1.58176946550366,1.5200503154961955,1.644630039213465,1.691088448245669,1.6188242787175309,1.7665784837718934,0.1581837795430028,0.916428907786488,0.7900802298678858,0.7978467505418304,0.1512297968023219,0.1653952157848748,0.9135296191206774,0.9192395793460456,0.2,0.3477321814254859,0.3380968123991394,0.3574938375964305,0.8116258977266592,1.5788275508127048,1.535079554815667,1.6231489352789588,1.845965964689286,1.7824728874187186,1.9117207149927176,0.315779150730607,0.8326916151907149,0.8076114747384856,0.815575683429158,0.3068278161670928,0.3248692391033271,0.8288059333714514,0.8365064994076471,0.6465938053479632,0.2922902191341529,0.9115633785600782,0.858095518289693,0.4131464502368355,1.3271013597600283,3.3050812477353206,3.1368026814055843,3.4823873745341465,0.2871649177307498,0.297468823284099,0.90711562691893,0.9158179153438766,0.8511875209529223,0.8647338006760694,0.4080765426130848,0.4182348405117755,0.874874974994999,0.2462412047895321,0.2420697586587809,0.2504607806494573,0.9615052649749698,1.118022486941822,1.0990826406182448,1.13718085932221,6.396750221281434,5.617949957262673,7.283513328659382,0.9781308227910168,0.1542893548655162,0.9562373473232988,0.9661614982825566,0.97510679068601,0.980794730223794,0.150599876878228,0.1580524009370553
all,0.0,pop_normal,unplanned_icu,NORMA_q_age_set,toward,46298,10197,0.2202470949069074,0.691619762570114,0.68633268421897,0.6969068409212581,0.3310240307850234,0.3243921654726202,0.34016693089554,1.5029666154050223,1.472855592532252,1.544478627694588,0.05,0.3399568034557235,0.3209396096219289,0.3595042809827591,0.7860537025669009,1.5435245745212405,1.4571797632907784,1.6322770619731082,1.5889819432936332,1.4971633393583956,1.6864316335686076,0.0771795626164558,0.957674302650896,0.7821962178735871,0.7898612221404739,0.0721573251204074,0.0825202654031038,0.9555482841545518,0.9597029269184806,0.1,0.3548596112311015,0.3412028487451568,0.3687570255846001,0.7947105692617836,1.6111886124132135,1.549182062489288,1.674287807248781,1.7285819827890505,1.6555143489822233,1.8048745231715355,0.1611258213199961,0.9172599096977924,0.7908051742795612,0.7985616273066687,0.1541177082606716,0.1683891719559567,0.9143734703563144,0.9200575550937458,0.2,0.3564794816414687,0.3467853501235188,0.3662926455106035,0.8138128408661375,1.618543399140602,1.574528600570626,1.6630986468422009,1.9146297913336308,1.8493802633760257,1.982181442322936,0.3237226635284888,0.8349353203512369,0.8098160406757277,0.8177445501562356,0.3147087813775594,0.3328693164923261,0.8310701512940133,0.838729214340096,0.5989675579938658,0.3044967725649994,0.9055851780039856,0.828086692164362,0.4657488712224038,1.3825234457403497,3.2250950235107503,3.0740444763417774,3.383567801547117,0.299107715856902,0.3099399882410366,0.9012948695662416,0.9097076861822276,0.820640076704705,0.8352861951040836,0.4606070806834376,0.4708979504866756,0.874874974994999,0.2470559190223429,0.2428797330772596,0.2512800801720039,0.9672017952701536,1.121721578787529,1.1027602120242197,1.1409007700111249,7.53260494156017,6.542825923492607,8.672114751194298,0.9813670687457096,0.155203456967951,0.962296687467936,0.9714876684820348,0.97855534886245,0.9838162264397292,0.1515048818568003,0.158975405640154
all,0.0,all,periop_infection,NORMA_q_age_set,any,49990,1899,0.0379875975195039,0.7136346816777903,0.7019563190961072,0.7253130442594734,0.083618846153714,0.0792666256843402,0.089610524351962,2.201214386110672,2.0866448751764985,2.3589416073483847,0.05,0.116,0.1040321518405166,0.129146177012235,0.9661191829858916,3.05362822538178,2.738582027650041,3.399693201075107,3.423766314481044,3.041491666671967,3.854087750633768,0.1527119536598209,0.9540454554906324,0.964453885651224,0.9677090750303984,0.1372354487864438,0.1695907210849737,0.9521374845370382,0.9558808922196076,0.1,0.1062212442488497,0.0979800270996554,0.115067213892344,0.9695939187837568,2.796208530805687,2.579263588579133,3.02907320825607,3.493421052631579,3.1740943186738715,3.844873348334629,0.2796208530805687,0.9070928032272152,0.967966783164758,0.971140867788724,0.2598948481218854,0.3002366940937145,0.9044655607063028,0.9096550122575968,0.2,0.0901180236047209,0.0846612886776072,0.0958896210668541,0.9750450090018004,2.3723012111637702,2.22865604054428,2.5242349431974933,3.6112224448897794,3.309115598644038,3.940910239527274,0.474460242232754,0.8108377866960554,0.973469938827996,0.976528823043288,0.4520751234621087,0.4969484841781699,0.8073126852641257,0.814313231474521,0.8988997799559912,0.0409916325440626,0.9887218045112782,0.9699842022116903,0.1039071759788733,1.079079363284725,3.6345914189068895,2.796898467837757,4.723179956047622,0.0391972954893994,0.0428644445769028,0.9854167760742756,0.9912844318085496,0.9613101087318072,0.9767606166506944,0.1012114990004757,0.1066661291899038,0.874874974994999,0.0417743226248999,0.0399390947087661,0.0436900428310812,0.9884892086330936,1.0996831953758552,1.0513719560248658,1.1501133444580054,3.6291442780381846,2.871964765347574,4.585950478826065,0.962085308056872,0.1285687550685159,0.9855297270607188,0.9908490328682752,0.9525203157834026,0.9697845150548554,0.1256067617648717,0.1315900848923798
all,0.0,all,periop_infection,NORMA_q_age_set,toward,49990,1899,0.0379875975195039,0.713816543541854,0.702084404847998,0.72554868223571,0.0845012885974589,0.0793509754524922,0.0898366555869532,2.224444137433898,2.088865330631957,2.364894372191572,0.05,0.1164,0.1044128229667634,0.1295642784601,0.966140240050537,3.064157977883096,2.7486029595094807,3.410699462991257,3.4377089552238806,3.0544460217328937,3.8690625981734623,0.1532385466034755,0.954066249402175,0.9644754288366316,0.967729642567826,0.1377382356392224,0.170138993868478,0.9521586797217728,0.9559012815361094,0.1,0.1058211642328465,0.0975944220572825,0.1146532733324736,0.9695494654486452,2.785676671932596,2.5691127744305176,3.018176479141841,3.475182481751825,3.157140203297365,3.825263530856653,0.2785676671932596,0.9070512154041296,0.967921211150392,0.9710975407236004,0.258867040923106,0.2991623820199282,0.9044234551527722,0.9096139488086538,0.2,0.0908181636327265,0.0853415850379743,0.0966090669299592,0.9752200440088018,2.3907319641916795,2.246564421299808,2.5431739103889752,3.6649848637739657,3.3584895701448656,3.999450875505589,0.478146392838336,0.8109833440768544,0.9736501882741672,0.9766986099869,0.4557459896271007,0.5006350354671584,0.8074592638055688,0.8144577444417357,0.893258651730346,0.0411833206431674,0.9887556221889056,0.9684044233807269,0.1097086772992867,1.0841254338872783,3.66256998253236,2.8366039354452885,4.729041904414231,0.039379322961318,0.0430662558684478,0.985554065397846,0.991253935798294,0.9595425632115548,0.975374983262098,0.1069465336931709,0.1125331703422821,0.874874974994999,0.0418200525894592,0.0399838397207549,0.0437367497152487,0.9888089528377298,1.1008870083976132,1.052549840779642,1.1513428742839833,3.736920413529536,2.947717689246846,4.737419132095302,0.9631384939441812,0.1286103428916013,0.9858855576422422,0.9911322981859036,0.9536858546299972,0.9707210954808267,0.1256479339247752,0.1316320817349499
all,0.0,pop_normal,periop_infection,NORMA_q_age_set,any,46298,1873,0.0404553112445462,0.7023877324332599,0.691012620945084,0.7137628439214359,0.0781226827099601,0.0734925155252961,0.0828083176362036,1.9310859391915287,1.8166345348586024,2.0469084302834784,0.05,0.0924406047516198,0.0813071460761547,0.1049244619819377,0.9622808812495736,2.2850054024508792,2.0098015211072133,2.5935892903575835,2.4507625791383347,2.1389395575619594,2.80804438726212,0.1142552055525894,0.9527068092290376,0.9604596141054272,0.964021401599051,0.100630679027842,0.1294588501045045,0.950693480056371,0.9546418505861456,0.1,0.0943844492440604,0.0862960284571081,0.1031454060537305,0.96553710281271,2.333054581474379,2.133119874803626,2.549613459410367,2.7387264840539776,2.471458242693464,3.0348976263844434,0.2333155365723438,0.905616207090602,0.9637422213038692,0.9672461514298186,0.2147188797361698,0.2530039158369888,0.9028623145373886,0.9082999553337212,0.2,0.0894168466522678,0.0837738958388506,0.0954003249293455,0.9717857335709272,2.2102622350809904,2.07077620370908,2.358165639924635,3.169206857709756,2.9013599244842085,3.4617808091287063,0.4420715429791778,0.8101969611705121,0.9700498161035874,0.9734237934806615,0.4197211082620685,0.4646591186041731,0.8065235892556831,0.8138166898840727,0.6465938053479632,0.0552177979690005,0.9865542109766532,0.8825413774693006,0.3633539673607203,1.3649084945909165,4.10669822894903,3.572458219484424,4.720830673867769,0.0526869989009785,0.0578627376079814,0.9846717319070808,0.98820826957112,0.8671709451473502,0.8963458055470079,0.3588933988657948,0.3678381664244422,0.874874974994999,0.0446611529440809,0.0426923486768582,0.0467163200716452,0.9889521836699464,1.103962658304891,1.0552965077635792,1.154763580713845,4.04253217195408,3.155351727224444,5.179158386776365,0.9658302189001602,0.1289589195272932,0.9859178826847742,0.9913384218518204,0.9566027142922684,0.9731507609077698,0.1258743265109607,0.1321076776833597
all,0.0,pop_normal,periop_infection,NORMA_q_age_set,toward,46298,1873,0.0404553112445462,0.712006305882155,0.7006005234903929,0.723412088273917,0.083521099411527,0.0794574567494289,0.0897743626194238,2.064527421545583,1.9640797290897287,2.219099541139393,0.05,0.0989200863930885,0.0874144915786027,0.1117546107869922,0.9626219221062684,2.445169332529212,2.160766754461372,2.7624212334309477,2.6464733332282324,2.319727442729954,3.0192431121329304,0.1222637479978644,0.9530444569499156,0.9608083757179234,0.9643546621301952,0.1081959107320073,0.1378779188335777,0.9510378067349292,0.9549727609590078,0.1,0.1010799136069114,0.0927251570640885,0.1100961046726095,0.9662810790054718,2.4985573092219893,2.2920391466914958,2.721425229115044,2.997720882685257,2.712167179368918,3.313339442658644,0.2498665242925787,0.9063140123804164,0.9645044622895196,0.9679717256598986,0.230784924014238,0.2699720924542801,0.903569082955428,0.9089886768219504,0.2,0.0935205183585313,0.0877575277455467,0.0996206329518469,0.9728117068956208,2.311699390797268,2.169246139649397,2.4624858859608163,3.4397348152564877,3.150183281830944,3.7559007018825703,0.4623598505072077,0.811052335396736,0.9711057369385226,0.9744196064882468,0.4398799273050084,0.4849938606587707,0.8073851946659666,0.8146656850040538,0.5989675579938658,0.0580577692834733,0.9858350837507406,0.8595835557928457,0.4120202588632526,1.4351087038367591,4.09870190983365,3.6025615802568405,4.66317007257828,0.0553660676600833,0.0608718992443319,0.9840320036228728,0.9874371623195044,0.8431123938304016,0.8745826956220061,0.4074510376104721,0.4166046946911326,0.874874974994999,0.0446364646339958,0.0426681926048295,0.0466911042060671,0.9887795615397894,1.1033523970233516,1.0546994026793373,1.1541402789815784,3.97813907114981,3.110896817473232,5.087147339802391,0.9652963160704752,0.1289364096792346,0.985724831959746,0.9911864571118756,0.9560087654272938,0.972679089743862,0.1258520503176995,0.1320849380731929
all,24.0,all,mortality,NORMA_q_age_set,any,32049,586,0.0182845018565321,0.4731431111618295,0.4490932768312061,0.4971929454924529,0.016817596535314,0.0148908186811158,0.0186331358149487,0.919773295836654,0.8143956448994581,1.01906718384521,0.05,0.013732833957553,0.0090862389442786,0.0207059896291996,0.9814760074884225,0.7510641561529318,0.4969366415105549,1.1324338935601004,0.7413538927404575,0.4856586695929329,1.1316705099532054,0.0375426621160409,0.9497822839525792,0.9798995680319896,0.9829309633908264,0.0249211550665677,0.0561880783276181,0.947313677539382,0.9521410678647452,0.1,0.0124804992199688,0.0091788313213273,0.0169494761650876,0.9810705866037998,0.6825725588750513,0.5020006228962807,0.9269859413223464,0.6593178012834799,0.4792546956843087,0.907033289404899,0.068259385665529,0.8994056510822236,0.9794326197910228,0.98258042731334,0.0505254887284877,0.0916170797170068,0.8960330445055277,0.9026807355263392,0.2,0.0156006240249609,0.0128440426843978,0.0189374718450535,0.9810445025156987,0.8532156985938142,0.7024551603963604,1.035711664099184,0.8230131674402779,0.6648075900675264,1.0188672390326927,0.1706484641638225,0.7994469694561867,0.9793017713815874,0.9826431013738564,0.142357329267919,0.2032296893486045,0.7949860180551495,0.803834805449425,0.7956878529751318,0.0170581545821732,0.9769395235186316,0.742320819112628,0.2033181832628802,0.9329296863550692,0.7397138821461617,0.6159327816212654,0.8883706855145151,0.0155400466417624,0.0187217462250475,0.9730146520686214,0.9803050985187556,0.7054114654204897,0.7760737333176122,0.1989073282992687,0.2078014784721105,0.76729383132079,0.0171200845837908,0.0155725522497869,0.0188184641168319,0.9778761061946902,0.9363167078940478,0.8516804215928693,1.0292029974067385,0.773827823187345,0.6475546930953321,0.9247242068102948,0.7184300341296929,0.2317960779328099,0.9742836431495412,0.98097651675522,0.6806822909462172,0.7533325360853113,0.2271661854379577,0.2364914572788758
all,24.0,all,mortality,NORMA_q_age_set,toward,32049,586,0.0182845018565321,0.4712257498623172,0.4472177298466303,0.4952337698780041,0.0167711994907,0.0152200345915381,0.0186346916945149,0.9172357892106578,0.832400833829702,1.019152276651042,0.05,0.013732833957553,0.0090862389442786,0.0207059896291996,0.9814760074884225,0.7510641561529318,0.4969366415105549,1.1324338935601004,0.7413538927404575,0.4856586695929329,1.1316705099532054,0.0375426621160409,0.9497822839525792,0.9798995680319896,0.9829309633908264,0.0249211550665677,0.0561880783276181,0.947313677539382,0.9521410678647452,0.1,0.012792511700468,0.0094439492407683,0.0173076361288554,0.981105255859104,0.6996368728469275,0.5165002205074805,0.9465741131291592,0.6770407476849533,0.4939482334498683,0.9280004319973396,0.0699658703071672,0.8994374344468106,0.9794686960780266,0.9826136803032968,0.0519905797220466,0.0935427295596317,0.8960652902485755,0.9027120487519806,0.2,0.0159126365054602,0.0131263264698062,0.0192788392580159,0.9811225086781856,0.8702800125656904,0.717893578550886,1.05438143238934,0.8429423292634186,0.6820605927415844,1.0417722091345745,0.1740614334470989,0.7995105361853606,0.979383133910865,0.9827177277970668,0.145511260905079,0.2068572393838121,0.7950501022832729,0.8038978391586798,0.7918811819401541,0.0169825446235076,0.9767616191904048,0.735494880546075,0.2070686202841432,0.928794492557672,0.7307972428309409,0.6094509471354993,0.8763045043074921,0.0154644402737109,0.0186468548147003,0.9728621400240764,0.980112230839026,0.6983325774654288,0.7695896579279378,0.2026270608794286,0.2115817041972671,0.76729383132079,0.0170387540156968,0.0154950181977952,0.0187333624395495,0.9776079377849288,0.9318686475240048,0.8474399969644002,1.0245486908278534,0.760928308078244,0.6371815218879433,0.9087079115527864,0.7150170648464164,0.231732511203636,0.9739959706884058,0.9807281285205616,0.6771600322088867,0.7500733131502741,0.2271030728872749,0.2364274518921804
all,24.0,pop_normal,mortality,NORMA_q_age_set,any,24206,392,0.0161943319838056,0.5051813116276997,0.4740958722794465,0.536266750975953,0.0187677173622969,0.015928189347597,0.0218942581904123,1.1589065471218372,0.9835656922141176,1.35197044325796,0.05,0.0239669421487603,0.0167383426233464,0.0342086672665765,0.9842146460253958,1.4799586776859506,1.0335926569916458,2.112385203711101,1.5183024838922663,1.0447890257669237,2.206419071928201,0.0739795918367346,0.9504073234231964,0.982520850596848,0.9857466873848048,0.0520000314241745,0.1042281164006119,0.9475765183040392,0.9530928353791258,0.1,0.0256092523750516,0.0200285355150697,0.0326930938070269,0.9848519623594216,1.5813713341594382,1.2367620680555578,2.018798542583916,1.6905986757287872,1.2931149819310328,2.210262754908182,0.1581632653061224,0.9009406231628454,0.9831424065143244,0.9863905492899898,0.1253810410273075,0.1975804668081498,0.8970813741114532,0.9046705361036188,0.2,0.0198306135096054,0.0162670719498879,0.0241556324786737,0.9847146914536536,1.2245403842181366,1.0044916929055836,1.491610305558102,1.297364292613208,1.0328199036124668,1.6296685432384157,0.2448979591836734,0.8007474594776182,0.9828880686863696,0.9863490384000966,0.2049380216985359,0.2898093722085218,0.7956258397554969,0.80577206357089,0.172188713542097,0.0218330134357005,0.9849785407725322,0.2321428571428571,0.828798185941043,1.3481885796545106,1.453454894433781,1.152410179278235,1.833141678318575,0.0178169121144849,0.0267297456493189,0.9831989601357564,0.9865722010134268,0.1930688974840063,0.2764158661184043,0.8239609449489474,0.8335293626530645,0.76729383132079,0.0153448554353093,0.0136746015500552,0.0172155579483171,0.9810047931830286,0.9475448231303506,0.8444066457159112,1.0630607033085862,0.8078277632439009,0.6481596029775359,1.006828707111297,0.7270408163265306,0.2320483749055177,0.9770982792521988,0.9842556818028716,0.6808963721887618,0.7687784472339567,0.2267302304782907,0.2374529556253569
all,24.0,pop_normal,mortality,NORMA_q_age_set,toward,24206,392,0.0161943319838056,0.499253140409603,0.4678473129969666,0.5306589678222394,0.0185014205016535,0.0159713712186138,0.0219315713806003,1.1424627159771084,0.986232172749408,1.354274532752073,0.05,0.0264462809917355,0.0187945553655782,0.0370954388478347,0.9843451034962604,1.6330578512396694,1.160563793824457,2.2906433488537967,1.689329660238751,1.1822620561244832,2.413876590370661,0.0816326530612244,0.950533299739649,0.982657840951626,0.985870568391854,0.0584156003560889,0.1129701256514857,0.9477057942933718,0.9532154713850431,0.1,0.0272614622057001,0.0214856093262507,0.0345352045693867,0.9850355749368832,1.6833952912019827,1.326736375895985,2.132548882159634,1.8217513931017704,1.4029755628263774,2.365528114817885,0.1683673469387755,0.901108591584782,0.9833356803872342,0.9865644358263788,0.1345826255942451,0.2085889864849299,0.8972521792136008,0.904835613661804,0.2,0.0190043379467052,0.0155220399905356,0.0232494236626827,0.9845081332300544,1.173517868209048,0.9584859694155736,1.4356519111706572,1.2267300144598223,0.9732642364267846,1.5462055134189674,0.2346938775510204,0.8005794910556815,0.9826701184790696,0.9861539540973722,0.195438620715371,0.279098668947969,0.7954562933151096,0.8056057273509444,0.1493018259935553,0.0229662423907028,0.9849941724941724,0.211734693877551,0.8517258755353994,1.4181654676258992,1.5304882307746035,1.2042580964204015,1.945093191818455,0.0185653181205328,0.0283802419061968,0.9832408459449138,0.9865665738208316,0.1741887133494945,0.2548758417654806,0.8471555587519862,0.8561827319854919,0.76729383132079,0.0153986970333279,0.0137253875329203,0.0172724328931309,0.9811823184803836,0.9508695418080008,0.8475426801578306,1.0665727311508388,0.8183100036673239,0.656136139123444,1.0205675654393922,0.7295918367346939,0.2320903670110019,0.9772919740539148,0.9844167956230618,0.6835502105918372,0.7711771348918108,0.22677187740268,0.2374952793660508
all,24.0,all,prolonged_los,NORMA_q_age_set,any,32068,22988,0.7168516901584133,0.4088546293833441,0.4018877091069498,0.4158215496597385,0.6599322325923471,0.6537877421890784,0.6681049170458871,0.9205980004685658,0.9120265058517212,0.9319988028461592,0.05,0.6051154086088584,0.5809613580871154,0.6287668441202459,0.277268997209913,0.844129151003518,0.810434523714008,0.8771226360382828,0.837262281917925,0.8043094987825492,0.8715651497135103,0.0421959283104228,0.9302863436123348,0.2722704850007974,0.2823236745618687,0.0396726749386631,0.044872166393229,0.9248641409514632,0.935344605973406,0.1,0.5933894605550358,0.5762868693569293,0.6102685807780134,0.2694293337029209,0.8277715860918258,0.8039136648050291,0.8513177678958298,0.8122273284837035,0.7886210499630479,0.8365402282461086,0.0827823212110666,0.8563876651982378,0.2643416364612273,0.2745784038967978,0.0792895117549776,0.0864145525945262,0.8490234280700331,0.8634504662347728,0.2,0.60118490801372,0.5891443369286214,0.613104344310255,0.2542293599438684,0.8386461471282398,0.8218496866463821,0.8552736259501156,0.8061257385628253,0.7892356137769984,0.8233773223480955,0.167739690273186,0.7182819383259912,0.2489380639545041,0.2595942515618563,0.1629652254431287,0.1726251867663917,0.708938432963683,0.7274408187396932,0.7958089060745915,0.6969435736677116,0.2055589492974954,0.7737080215764747,0.148237885462555,0.9722284026612223,0.8772753787728135,0.8644394144719968,0.8903019428736548,0.6912756130658942,0.7025522502131195,0.1959447852685642,0.2155183978462412,0.7682534027586256,0.7790711751907979,0.1410777807201584,0.1556955139616863,0.7674317076213047,0.6943518894758228,0.6885661884001438,0.7000769236933378,0.2089031912040761,0.9686130325261304,0.9605420449632772,0.9765993905080024,0.8777078630018114,0.8652385653911607,0.8903568606271425,0.7433443535757787,0.1715859030837004,0.1998278162328864,0.2182782984828158,0.7376575641061931,0.7489498244902906,0.1639702604984355,0.1794793214493607
all,24.0,all,prolonged_los,NORMA_q_age_set,toward,32068,22988,0.7168516901584133,0.4097139265918476,0.4027266955520138,0.4167011576316813,0.6595907695366683,0.651822760127845,0.665576456317311,0.920121663367926,0.9092853781007368,0.9284716287273156,0.05,0.6044915782907049,0.5803324963974907,0.6281510280519633,0.2772361726571475,0.84325891476537,0.8095572687695639,0.8762635795880617,0.8363611395897327,0.8034030390848493,0.8706712842568181,0.0421524273534017,0.9301762114537444,0.2722378479645387,0.2822906707698263,0.0396304613413874,0.0448273926132083,0.924750234464019,0.9352383412945016,0.1,0.5908949173682569,0.573779152252334,0.6077931806836788,0.269152143030387,0.8242917265601734,0.8004154278070231,0.8478646127616241,0.8085060546231102,0.7848957173240317,0.8328266111463128,0.0824343135548982,0.8555066079295154,0.264066145581252,0.2742995872139005,0.0789483802429923,0.0860597850881397,0.8481243886254688,0.8625881363485466,0.2,0.5997817274711569,0.5877349577064258,0.6117090422826049,0.2538785374600452,0.8366887261416852,0.819883618571849,0.8533271954027569,0.8038660695128289,0.7869817826851015,0.8211125999756099,0.1673481816599965,0.7172907488986784,0.2485897188269864,0.2592410567749644,0.1625782862469416,0.1722292395669105,0.707937804072786,0.7264599071334508,0.7920044904577772,0.6971415072052918,0.208095952023988,0.7702279450147903,0.152863436123348,0.972504517707469,0.8803358298105445,0.867461007807251,0.8934017394133089,0.6914608938295266,0.7027624919268824,0.1985230385651194,0.218004917387566,0.7647447538311516,0.775620833934554,0.1456084774528142,0.1604120062156813,0.7674317076213047,0.695245835026412,0.6894647179686103,0.7009660061813331,0.2118530437114507,0.9698600764584558,0.9617954835486948,0.9778396505230116,0.8821271584938721,0.8695299806540331,0.8949068359519639,0.7443013746302418,0.1740088105726872,0.2027286188302392,0.2212741635391961,0.7386213336428546,0.7498997772541516,0.1663490458513665,0.1819443017561039
all,24.0,pop_normal,prolonged_los,NORMA_q_age_set,any,24225,18551,0.7657791537667699,0.5024669391149819,0.4938135769634623,0.5111203012665014,0.7626267373334183,0.754420929109659,0.7700862672052974,0.9958833869819448,0.9851677541739792,1.0056244850977485,0.05,0.7217175887696119,0.6958054275983027,0.7462275090413383,0.2319023203267576,0.9424617857767156,0.908624143365257,0.974468298556758,0.9396169365810856,0.9066760455163424,0.9737546192777518,0.0471133631610155,0.9406062742333452,0.2264945210358362,0.2373996088116816,0.0441569492797685,0.050257308613977,0.9341528709726864,0.9464634533714092,0.1,0.7464905037159373,0.7287842807494552,0.7634160343906594,0.2320781543824244,0.9748117326569232,0.9516898927904456,0.9969140980601436,0.972091766858901,0.9487271071175752,0.996031836874406,0.0974610533124898,0.8917870990482905,0.2265219642830605,0.2377287413303556,0.0932760573731284,0.1018127328216635,0.883437239532288,0.899606796074482,0.2,0.7614035087719299,0.7491975116184855,0.7731953007183829,0.2331269349845201,0.9942860223168564,0.9783467047036716,1.0096844461162646,0.9928677163235096,0.97557480052362,1.0104671641665612,0.1988572044633712,0.7962636587945012,0.2272271629335785,0.2391324878799113,0.1931760261605639,0.204663080156571,0.7855845274759988,0.8065418890129711,0.1725077399380805,0.7614261785116057,0.2333133792277761,0.1715271413939949,0.824286217835742,0.9943156258122822,0.9931387321519712,0.9748269590200968,1.0117944853432097,0.7482673243998114,0.774104835234443,0.2275098949014979,0.2392190592065484,0.1661705556863085,0.1770197413410721,0.8141650332367633,0.8339685814804912,0.7674317076213047,0.7684363401645957,0.7623174696449312,0.7744442955104115,0.2429889953851615,1.0034699121603865,0.995479526825964,1.0113154578588603,1.015092694135365,0.9982144265254428,1.0322563472395685,0.7700932564282249,0.2412759957701797,0.2319672379532629,0.2543610051105365,0.7639826243186795,0.7760920481592576,0.2303204844374665,0.2525816099076803
all,24.0,pop_normal,prolonged_los,NORMA_q_age_set,toward,24225,18551,0.7657791537667699,0.511930461703693,0.5032520589211829,0.5206088644862032,0.7672391318206688,0.7606069936994366,0.7743766609150119,1.0019065262441758,0.9932458855247076,1.0112271365784142,0.05,0.7324525185796862,0.7068130755809144,0.7566218281958413,0.2324671938819849,0.956480096091472,0.9229985853025524,0.9880418192035068,0.954294738597877,0.9216794456644374,0.9880641826172912,0.0478141340089483,0.9428974268593584,0.2270546724774652,0.2379690159295311,0.0448361291114311,0.0509793803025645,0.936554673995556,0.9486408552351292,0.1,0.7609413707679603,0.7435503428423401,0.7775059371719856,0.2336834380589827,0.9936825350037108,0.9709722955827552,1.0153135317767965,0.992985677929964,0.9699271029137524,1.0165924362892136,0.0993477440569241,0.8979555868875573,0.2281135026058189,0.2393472047714473,0.0951257695143387,0.1037356209272805,0.8898078915998703,0.9055647725477172,0.2,0.7704850361197111,0.7584322611880575,0.7821092157700681,0.2353973168214654,1.0061452212818716,0.9904059903660554,1.021324766968352,1.007693345930625,0.9904695598091854,1.0252166453540323,0.2012290442563743,0.8040183292210081,0.2294770456361407,0.2414224689368632,0.1955217911317471,0.2070600126385421,0.7934852247352941,0.8141400390621321,0.1495562435500516,0.7667678719293404,0.2343947189593243,0.1497493396582394,0.8510750793091294,1.0012911270275602,1.00151852516885,0.9821940507161993,1.0212232048493768,0.7527192551026914,0.7802513604323239,0.2286599048809537,0.2402285679878273,0.1446870181505535,0.1549566931705929,0.8415740483051617,0.8601010389322139,0.7674317076213047,0.7701576031413049,0.7640541879716541,0.7761493919286983,0.2486687965921192,1.0057176398090728,0.9977474369906378,1.0135420742532864,1.0250573909988452,1.0078278597740842,1.0425814732655785,0.7718182308231362,0.2469157560803666,0.2375557163780235,0.2601243887175152,0.7657232418222456,0.777800665167076,0.2358691005391682,0.258304882757583
all,24.0,all,unplanned_icu,NORMA_q_age_set,any,23451,193,0.0082299262291586,0.3258603535827217,0.2858447838287761,0.3658759233366673,0.0062451239880631,0.0052252842310309,0.008499020786927,0.7588311017827379,0.6349126450875989,1.0326970801773423,0.05,0.0059676044330775,0.0028936343552515,0.0122669446045676,0.9916509561001884,0.7251103189642606,0.3515990635492496,1.4905291084026715,0.7147650083876467,0.3368440033735327,1.5166932232688672,0.0362694300518134,0.9498667125290222,0.990368434122282,0.9927639475386666,0.0176777707669518,0.0729616062752994,0.946987109210744,0.952597728474678,0.1,0.0046908315565031,0.0026212965699013,0.0083805521711972,0.99137685966076,0.569972491355215,0.3185079060142827,1.0183022226256293,0.5439818177558049,0.2964427711097691,0.9982237615075308,0.0569948186528497,0.8996474331412847,0.9900369518418122,0.9925379245134892,0.0321193323739777,0.0991618602194577,0.8957195609944278,0.9034433049413456,0.2,0.0046908315565031,0.0030998480306486,0.0070925709039826,0.9908853472629392,0.569972491355215,0.3766556278069525,0.8618024884419501,0.514647314804424,0.3305293385504403,0.8013263203713604,0.1139896373056994,0.7992948662825694,0.9894213732396742,0.9921483299652812,0.0764918694498084,0.1665543159093839,0.7940980521873569,0.8043928256801978,0.7933990021747473,0.0058045791680103,0.9824561403508772,0.5595854922279793,0.2046607618883825,0.7053014822228497,0.3308610125765882,0.2494526490537009,0.4388368295886057,0.0048103825343438,0.0070028077509511,0.9783588323640148,0.985788975640272,0.4890604347611499,0.6277847849485049,0.1995245601320238,0.2098945118300172,0.7642318024817705,0.005412342372503,0.0044390531115027,0.0065976169882709,0.9826370048833424,0.6576416630962149,0.5393794534603693,0.8016617408908929,0.3117170935163486,0.2354597755612558,0.4126715323611675,0.5025906735751295,0.2335970418780634,0.978843780808592,0.9857600133791902,0.4326908362493432,0.5723893906945549,0.2282033967123392,0.2390786778075045
all,24.0,all,unplanned_icu,NORMA_q_age_set,toward,23451,193,0.0082299262291586,0.3210091619263437,0.2816712455759947,0.3603470782766927,0.0062857117240855,0.00550988699469,0.0095153200069463,0.7637628271581924,0.6694940928107559,1.1561853341082864,0.05,0.0051150895140664,0.0023463048042667,0.0111148100985375,0.991606068767394,0.6215231305407949,0.2850942692479709,1.3505358115067572,0.609379487670446,0.2708762965279728,1.370896474712941,0.0310880829015544,0.9498237165706424,0.990320382743204,0.9927222397301556,0.0143240767704858,0.0661548463839692,0.9469429821540728,0.95255587781581,0.1,0.0046908315565031,0.0026212965699013,0.0083805521711972,0.99137685966076,0.569972491355215,0.3185079060142827,1.0183022226256293,0.5439818177558049,0.2964427711097691,0.9982237615075308,0.0569948186528497,0.8996474331412847,0.9900369518418122,0.9925379245134892,0.0321193323739777,0.0991618602194577,0.8957195609944278,0.9034433049413456,0.2,0.0044776119402985,0.0029305521979455,0.0068357765166834,0.9908320452001492,0.544064650839069,0.3560848683627993,0.8305999745738017,0.4883981256508157,0.310814694424179,0.7674435392481687,0.1088082901554404,0.7992518703241895,0.9893641600997086,0.9920989608040136,0.0722755245656457,0.1606102069057504,0.7940546505788912,0.8043502495731243,0.7888362969596179,0.0057840964376452,0.9826332794830372,0.5544041450777202,0.2092183334766532,0.7028126712912923,0.3330563437118537,0.2511866292800919,0.4416100029075076,0.0047892143332461,0.006984198892104,0.9786028946703216,0.9859154224607182,0.4838987868573091,0.6227859789645497,0.2040390177034387,0.2144936921057451,0.7642318024817705,0.0054681397165494,0.0044893741431803,0.0066588667293709,0.9828178694158076,0.6644214740559696,0.5454938499052923,0.8091040604688009,0.3182457315031804,0.2403839443430713,0.421327413928482,0.5077720207253886,0.2336400378364433,0.9790420820972,0.9859231899973416,0.4377784181819439,0.5774622626497503,0.2282460377909391,0.2391220144444437
all,24.0,pop_normal,unplanned_icu,NORMA_q_age_set,any,17172,132,0.0076869322152341,0.4132371247688149,0.3631212969142837,0.4633529526233461,0.0063525066778698,0.0052833593613918,0.0084892332737263,0.8264033687301614,0.6873170223774245,1.1043720740638594,0.05,0.0046565774155995,0.001812268090112,0.0119116877321385,0.9921534972108136,0.6057783892475395,0.2357596033591183,1.5496022858809335,0.593458963911525,0.2198930699261382,1.6016582149007337,0.0303030303030303,0.949823943661972,0.9906788418444632,0.993396409581646,0.0118458688521193,0.0753262492619193,0.946443491865933,0.9530016191470678,0.1,0.005824111822947,0.0031665844130506,0.0106880318398339,0.9921061145260434,0.757664001694287,0.411943845006861,1.3904157784365851,0.737800395275786,0.3879576139423288,1.403115710857077,0.0757575757575757,0.8998239436619718,0.9905834165404926,0.9933842308154388,0.0416676145435595,0.1338426856884753,0.8952254522020636,0.9042421983304316,0.2,0.0052417006406523,0.0033182235935976,0.008270908378044,0.9917018488863008,0.6818976015248583,0.4316707238580268,1.075969989907367,0.6316709070287834,0.3847773521324081,1.0369844601697369,0.1363636363636363,0.7995305164319249,0.990041422393423,0.9930873599962678,0.0880277472074725,0.2052667958485573,0.7934520777171525,0.8054739296684126,0.173072443512695,0.0060565275908479,0.9919718309859156,0.1363636363636363,0.8266431924882629,0.7878991802275787,0.7544095771056173,0.4596190553327497,1.2382728771256912,0.0038344907051294,0.0095538563090396,0.9903651403272938,0.9933124022327414,0.0880277472074725,0.2052667958485573,0.8208857755693435,0.8322533617950874,0.7642318024817705,0.0064771774746628,0.0052417011673131,0.0080015149312188,0.9883921956038528,0.8426219060220431,0.6818976700386472,1.0409243515067474,0.558001948827866,0.3914409492138115,0.7954358774192096,0.6439393939393939,0.2348591549295774,0.9845991878412602,0.9912593307842889,0.5592421891175997,0.7204953875893884,0.2285543926289662,0.2412834401751123
all,24.0,pop_normal,unplanned_icu,NORMA_q_age_set,toward,17172,132,0.0076869322152341,0.4129610364205435,0.3622295987092114,0.4636924741318756,0.0063899736824677,0.0051522725767756,0.0078768133469801,0.8312774854192115,0.6702638233969049,1.0247018090480515,0.05,0.0058207217694994,0.0024887145129451,0.0135531638573142,0.992214798013854,0.7572229865594243,0.323759133456768,1.7631434072560666,0.7476648364239686,0.3067294037298719,1.8224620816502417,0.0378787878787878,0.9498826291079812,0.9907453648808732,0.9934524592862743,0.0162859389418253,0.0856092095252127,0.9465039788412312,0.9530584766089534,0.1,0.0064065230052417,0.003581022245243,0.0114358160273789,0.992170818505338,0.8334304018637158,0.4658584393584365,1.48769570319811,0.8182877111240535,0.4423012189255401,1.513888611483493,0.0833333333333333,0.8998826291079812,0.9906537651371536,0.9934432580188376,0.0471674792941011,0.1430658512909331,0.8952852974651652,0.9042996975045136,0.2,0.005824111822947,0.0037734119654696,0.0089792407454638,0.9918474304847869,0.757664001694287,0.4908865929624657,1.168117591523521,0.7143897162825527,0.4445694589701734,1.1479705958940063,0.1515151515151515,0.7996478873239437,0.9902001583988196,0.993219705791727,0.1002740451855264,0.2224665585765022,0.7935707405311774,0.8055899557287551,0.145993477754484,0.0063821300358994,0.992090010228435,0.1212121212121212,0.8538145539906103,0.8302570983065598,0.8068442842798784,0.4792143684465154,1.358468656074461,0.0039322539358038,0.0103424816747579,0.9905217775455194,0.9934004975440144,0.0760035161122655,0.1878449662377656,0.848430173958518,0.8590394378219623,0.7642318024817705,0.0067819858264116,0.0055148962417966,0.0083377581545205,0.9893800938503334,0.8822747015995511,0.7174378656373686,1.0846665381017195,0.638610711886994,0.4445195275192828,0.917448202135782,0.6742424242424242,0.235093896713615,0.9857264482917466,0.9921059940124384,0.5903484794634238,0.7482812186555617,0.2287868791831853,0.2415203313696281
all,24.0,all,periop_infection,NORMA_q_age_set,any,31525,537,0.0170340999206978,0.4453002051133388,0.4209198052295246,0.4696806049971529,0.0147195648294153,0.0132010309629788,0.0173217316736102,0.8641234287659573,0.7749767245957324,1.016885644339968,0.05,0.0101522842639593,0.0062586512114869,0.0164281801771788,0.9826037597248656,0.5959976935220107,0.3674189561305887,0.9644290131947172,0.5835907129008058,0.3557820857280572,0.9572660733806376,0.0297951582867784,0.9496579321027494,0.9810599149342912,0.9840238118797948,0.0184216252984082,0.047848424934414,0.9471672151431714,0.9520371741823084,0.1,0.0123730964467005,0.0090644110424635,0.0168689564624201,0.9824481020688683,0.7263721889799507,0.5321332553327056,0.9903051256569718,0.7049435049844046,0.5099399408015947,0.9745173999089568,0.0726256983240223,0.8995417580999097,0.9808535080762611,0.9839120703452644,0.0535794239860458,0.0977432553344797,0.8961450196333537,0.9028394460074362,0.2,0.0131641554321966,0.0106324716016175,0.0162887305411023,0.9819984139571768,0.7728119180633147,0.624187462273728,0.9562425145405042,0.7312775330396476,0.5796634237092682,0.9225471341741354,0.1545623836126629,0.7992125984251969,0.980282543031518,0.9835674678248776,0.1264515038230048,0.1875805528826923,0.7947153869749072,0.8036356319590564,0.7964789849325932,0.015930542833247,0.978647132169576,0.74487895716946,0.2026268232864334,0.9352148283391304,0.7460610424679783,0.6156826114497063,0.9040487237048996,0.0144542337294359,0.0175549515632391,0.9748129457314896,0.9819084786725022,0.7063586106326585,0.7799205513252974,0.1981883405810803,0.2071390278964353,0.7682157018239493,0.0157733916921298,0.014279168867668,0.01742121183336,0.978787464075544,0.925989149151569,0.8382696434883329,1.0227257039975357,0.7435882135122103,0.6181135092701713,0.8945338080818471,0.7113594040968343,0.2307990189750871,0.9752232770994428,0.9818484778131517,0.6716390935913817,0.7480771412544586,0.2261412276735723,0.2355235480008103
all,24.0,all,periop_infection,NORMA_q_age_set,toward,31525,537,0.0170340999206978,0.4430203233593877,0.4187977655729165,0.467242881145859,0.0144148897295854,0.0132875760136256,0.0161632458651044,0.8462372415738953,0.7800574186769974,0.9488758396599968,0.05,0.0095177664974619,0.0057762802528196,0.0156446014355723,0.9825703696283682,0.5587478376768852,0.3391009962199998,0.91842841760972,0.546068177840014,0.3276545689682152,0.9100756805818866,0.0279329608938547,0.949625661546405,0.9810251354035976,0.9839918197823836,0.0169993810914435,0.0455727287462612,0.947134210133881,0.9520056460791168,0.1,0.011738578680203,0.0085283521524499,0.0161375246139885,0.982377612518944,0.6891223331348251,0.5006635039217578,0.9473658537355468,0.666117385786802,0.4779796993470923,0.9283079851582456,0.068901303538175,0.8994772169872208,0.9807800211702092,0.9838445972369358,0.0503981046546286,0.0935286938756618,0.8960795319038607,0.9027758675119648,0.2,0.0128469468675654,0.0103488943747389,0.0159382769500253,0.981919111816019,0.7541899441340781,0.6075398420179595,0.9356688656416194,0.7105263157894736,0.5618827359474681,0.8984928938563478,0.1508379888268156,0.799148057312508,0.9801997132685832,0.983491717460985,0.1230534969481814,0.1835826789672807,0.7946503173157637,0.8035716353932356,0.7926407613005552,0.015887626060509,0.9785834480648616,0.7392923649906891,0.2064347489350716,0.9326953660289528,0.741838653982483,0.6130270270597618,0.8977166817294225,0.014409980841834,0.0175141011353821,0.9747826910761986,0.9818220369759224,0.7005532859713596,0.7746320548012439,0.2019647428166531,0.2109775329337495,0.7682157018239493,0.0158146832934181,0.0143184371000031,0.0174645137058513,0.9789243191460244,0.9284132045158402,0.8405749154145231,1.0252677738863396,0.7503759144480922,0.6235288276674953,0.9030280365546652,0.7132216014897579,0.2308312895314315,0.9753704665459784,0.9819748546821552,0.6735610831467524,0.7498530920942053,0.226173264732768,0.2355560440540967
all,24.0,pop_normal,periop_infection,NORMA_q_age_set,any,23836,401,0.0168232924987414,0.4803676747963672,0.4511016498114938,0.5096336997812407,0.0174040605009753,0.0148342097858091,0.0216470457201242,1.0345216611003714,0.8817661457719356,1.2867306278924744,0.05,0.0201342281879194,0.0135668590527783,0.0297847018897411,0.9833509980568804,1.1968066411153324,0.8064330483342259,1.770444274922368,1.20933544585477,0.8037885403821142,1.819498720279713,0.0598503740648379,0.9501600170684872,0.9816005496304164,0.9849374713702248,0.0405454842733856,0.0875085496994076,0.9472992967191224,0.952873175968265,0.1,0.0180369127516778,0.0134182393419468,0.0242063669133424,0.9833115793399216,1.0721392826658187,0.7975988851736787,1.438860253731747,1.0808040568407635,0.7899459228120586,1.4787561724796343,0.1072319201995012,0.9001066780456582,0.9815087596661776,0.9849413282203772,0.0805892776183488,0.1413286280514241,0.8962016725879404,0.9038805294266848,0.2,0.0165722676735892,0.0133180780308131,0.0206049933199522,0.9831139545859772,0.9850787338345974,0.7916451569637466,1.22478957799098,0.9814179262971228,0.7689052527576837,1.252665582141479,0.1970074812967581,0.7999573287817368,0.9811854785045252,0.98484781566387,0.1610315392819872,0.2387337022346947,0.7947866004800842,0.80502973174002,0.17242825977513,0.0177615571776155,0.9833721991280544,0.1820448877805486,0.827736291871133,1.0557717628070942,1.0681843807489169,0.8307299807999716,1.373512329694874,0.0141505590985475,0.0222732059778715,0.9814912898028724,0.9850648735268928,0.1473515384775504,0.2227724803979802,0.8228480079390078,0.8325171445777445,0.7682157018239493,0.0161651466331713,0.0144373752555547,0.0180958900062097,0.980995475113122,0.9608788906440688,0.8581777471107327,1.075644973037446,0.850594620459729,0.6822155660086536,1.0605316624303658,0.7381546134663342,0.2312780029869852,0.9770466230034178,0.9842759079224092,0.6930089365550607,0.7787805238166006,0.2259237803178663,0.2367203121273848
all,24.0,pop_normal,periop_infection,NORMA_q_age_set,toward,23836,401,0.0168232924987414,0.4845442399974035,0.4562890714130692,0.5127994085817378,0.0164802133570377,0.0142942905754807,0.0188506427136383,0.979606896704117,0.8496725939081263,1.1205085279857432,0.05,0.0159395973154362,0.0102277598653235,0.0247614895469731,0.983130189012542,0.947471924216305,0.6079523295507558,1.47185751830836,0.9448592712322992,0.5982633381619578,1.4922509628894391,0.0473815461346633,0.949946660977171,0.981368966909728,0.9847275109109224,0.0305399574736813,0.0728130576314856,0.9470803352339008,0.9526654952085046,0.1,0.0167785234899328,0.0123458487177224,0.0227660280499827,0.9831717322394182,0.9973388675961103,0.7338544888669113,1.353244500247854,0.99704400527989,0.7212068640746124,1.3783794885814078,0.0997506234413965,0.8999786643908684,0.9813619031842452,0.9848085405796574,0.074111354415993,0.1329859399332042,0.8960714947844163,0.9037547218832196,0.2,0.0167820432137612,0.0135053634589343,0.020836921139238,0.9831663957208034,0.9975480848957948,0.8027776643570029,1.2385756914585495,0.9969370157109464,0.7819799147627746,1.270983300889713,0.199501246882793,0.8,0.9812406974888463,0.984897457824099,0.1633200202668211,0.2413854250233862,0.794829674290339,0.8050719863787618,0.1492700117469374,0.0168634064080944,0.9831837459315514,0.1496259351620947,0.8507360785150416,1.0023844267913689,1.0028039740273869,0.7639354356690697,1.3163623041577877,0.0131238879989435,0.0216450921825445,0.9813202230507648,0.9848642283651264,0.1180446148182206,0.1878567550014816,0.8461161516079794,0.8552410349178257,0.7682157018239493,0.0167112664518595,0.0149533520741503,0.0186719237240307,0.9828054298642532,0.99334101532799,0.888848129774183,1.10988522166084,0.9718920752265678,0.7735721366975771,1.2210551040794269,0.7630922693266833,0.2317047151696181,0.9790269410542788,0.9859129841553708,0.7191023365471534,0.8020891615597605,0.2263469455683213,0.2371504313668938
all,0.0,all,mortality,NORMA_334f7e21,any,49990,906,0.0181236247249449,0.8043428457014627,0.7915977352451344,0.8170879561577911,0.0606787284925302,0.0540420364420661,0.066902356049329,3.348045957330668,2.9818558518089238,3.691444568328873,0.05,0.0796,0.0696231735634498,0.0908668510451356,0.9851126552958518,4.392057395143489,3.841570029179754,5.013723933494847,5.346823196605375,4.592606919899493,6.22489988679087,0.2196467991169978,0.9531211800179284,0.9839835564843524,0.986163276194687,0.193902703658706,0.2477583503093693,0.9512154262039142,0.9549560115722376,0.1,0.0700140028005601,0.0632655177530692,0.0774228462359086,0.9876419728390122,3.863134657836645,3.490776194785794,4.271929451802507,5.66546762589928,4.972310770166237,6.455252880149269,0.3863134657836644,0.9052848178632548,0.9865786702214754,0.9886220070046,0.3551513029908818,0.418435659838692,0.9026624782524868,0.9078437225334935,0.2,0.0569113822764552,0.0525380025872079,0.0616251331297183,0.9915733146629326,3.1401766004415013,2.898868376748927,3.400265347852784,6.753709198813056,5.913045664763208,7.71389069662439,0.6280353200883002,0.8079007415858528,0.9906289971074674,0.9924232009990478,0.5960838191147351,0.6589056208053565,0.8043914965169602,0.8113617942123678,0.8982996599319863,0.0200864027078786,0.999213217938631,0.9955849889624724,0.1034960475918833,1.1082994165197078,25.5298178417138,9.564945124421127,68.14169768386765,0.0188292369454784,0.0214256723481673,0.9979785694849508,0.9996939995667274,0.9887031702521052,0.998281817024801,0.1008322198949319,0.1062219358534845,0.874874974994999,0.0204870241225563,0.0192008729207101,0.0218574069583802,0.9984012789768184,1.130404344245684,1.0594388932740606,1.206017410429832,12.81463358865897,6.875027408539779,23.88569881301245,0.9889624724061812,0.1272308695297856,0.9970593697697868,0.9991313630329094,0.979802069239438,0.993993809076084,0.1243119824287459,0.1302081022351517
all,0.0,all,mortality,NORMA_334f7e21,toward,49990,906,0.0181236247249449,0.807935124235374,0.7951907918715597,0.8206794565991882,0.0664307075924456,0.0592915104841974,0.077579323746588,3.6654206098745656,3.271503983559639,4.280563348887346,0.05,0.0836,0.073378344397334,0.0950994059523685,0.9853232259423036,4.612763796909492,4.048767589870563,5.247261924457952,5.696074605451937,4.906345292210803,6.612919388772692,0.2306843267108168,0.9533249123950778,0.9842017190079566,0.9863662208994352,0.2044240793409364,0.2592188228961123,0.9514230100088368,0.9551558606335424,0.1,0.0726145229045809,0.0657442154257061,0.0801411949778533,0.9879309195172368,4.006622516556291,3.6275423058841625,4.421918694197447,6.016574585635358,5.285083946132513,6.8493083768334255,0.4006622516556291,0.905549669953549,0.98687943831707,0.9888990829256848,0.369237076779871,0.4329262887993683,0.9029305550876968,0.9081053084243792,0.2,0.05751150230046,0.053115492841169,0.0622474219244476,0.9917233446689336,3.1732891832229586,2.9307323257505997,3.434601128038786,6.948640483383686,6.080603450571941,7.940594212368366,0.6346578366445916,0.8080229810121424,0.9907869444830822,0.9925652848146754,0.6027950216059612,0.6653835272755144,0.804514571740926,0.8114831787081384,0.8931986397279456,0.0202011153165662,0.999250796029219,0.9955849889624724,0.1086912232091924,1.1146288682948646,26.96343866878681,10.101879169910992,71.96948336215685,0.0189368370224545,0.0215479466028891,0.9980750347481387,0.999708616558312,0.9887031702521052,0.998281817024801,0.1059682060966729,0.1114754877405398,0.874874974994999,0.0205327540871155,0.0192451498799775,0.021904581895269,0.9987210231814548,1.1329275682283753,1.0618819453643256,1.2086203630734011,16.054047101863496,8.007838968392548,32.18501637784402,0.9911699779249448,0.1272716160052155,0.9974780478528452,0.9993517808490028,0.9826731628317538,0.995519085137563,0.1243523225859679,0.1302492486511752
all,0.0,pop_normal,mortality,NORMA_334f7e21,any,46298,901,0.0194608838394747,0.7447476629719552,0.7308542890146085,0.7586410369293018,0.04235309233361,0.0385995741494578,0.0466841000349578,2.176319055340152,1.983444044363596,2.398868438866236,0.05,0.0410367170626349,0.0336869995035791,0.0499071537149934,0.9816747379669418,2.1086769440242783,1.7310107691639356,2.564485463592416,2.2393522662107626,1.817973377749751,2.7584004438999905,0.1054384017758046,0.9510980901821706,0.980378524981835,0.982886816624324,0.0870323079853701,0.1271948009362355,0.9490757450524884,0.9530440958272892,0.1,0.0509719222462203,0.0450005254007551,0.0576878358069304,0.9840405107036576,2.6191987304722617,2.312357741403068,2.964296805981428,3.193831663391741,2.7617092286884137,3.693567949920668,0.2619311875693674,0.9032094631803864,0.9827918256595022,0.985199951310585,0.2342749540950257,0.2916089133133693,0.9004553450943159,0.9058953459906706,0.2,0.0489200863930885,0.0447106538367201,0.0535036334196595,0.9879043144878232,2.513764883271048,2.2974626540870897,2.749291032256825,4.044424463900032,3.5563824834124578,4.59944039216436,0.5027746947835738,0.8060003965019715,0.9867393408842948,0.9889680872258668,0.4701842605278352,0.5353415685233492,0.8023370028087731,0.809612005643088,0.6513456304807983,0.0279214749966839,0.9963449386693098,0.9345172031076582,0.354274511531599,1.4347485564888698,7.639126260957147,5.870954877434949,9.939822609629946,0.0261212827308224,0.0298419289592548,0.9952885350434236,0.9971651503686764,0.9164485991106788,0.948896230304768,0.3498871757581939,0.3586865084794128,0.874874974994999,0.0218985310455499,0.0205179343939884,0.0233698078810214,0.9975832901778008,1.125258812815617,1.0543166776613488,1.2008605607941545,9.061299310490767,5.348312328414387,15.351972763087076,0.9844617092119868,0.1272991607374936,0.9959472338848931,0.9985598439003616,0.9740877279520772,0.9907220243846856,0.1242645527998864,0.1303968409659948
all,0.0,pop_normal,mortality,NORMA_334f7e21,toward,46298,901,0.0194608838394747,0.7633939028519319,0.749703655024357,0.7770841506795068,0.0480092596946785,0.0429118678870177,0.0535523664502245,2.4669619371190104,2.2050318084718605,2.7517951852524947,0.05,0.0514038876889848,0.0431284788549903,0.0611656652555862,0.9822204033376531,2.6413953298830437,2.2161623907084813,3.143005516096707,2.891172880082637,2.395005657030493,3.4901298032378327,0.1320754716981132,0.9516267594774984,0.9809425901084038,0.9834139869275796,0.1115214700320056,0.1557535977809684,0.9496145709912592,0.9535625190122884,0.1,0.0598272138228941,0.0533536769021743,0.067030584830035,0.985024479216665,3.07422901839329,2.741585497466003,3.444375157004398,3.99500055380185,3.479295385957622,4.587144135358987,0.3074361820199778,0.9041126065599048,0.9838127733925685,0.9861467591854204,0.2781765129516214,0.3383309508961946,0.9013697758706074,0.906787049134152,0.2,0.0529157667386609,0.0485386319193689,0.0576637021101766,0.9889032885144986,2.71908342782078,2.49416379645166,2.9630566928934035,4.768598950040201,4.191029743435247,5.425763437241958,0.5438401775804661,0.8068154283322686,0.987784578145986,0.9899205908108402,0.5111998356038034,0.5761082634049068,0.8031577790728478,0.8104211551114912,0.6082552162080436,0.0295799154859557,0.9962507581187628,0.9245283018867924,0.3980218957199815,1.5199677327067476,7.889572458364404,6.166005755927601,10.094923040891338,0.027664335613324,0.0316238231384723,0.995250110373631,0.9970412285243394,0.9054201800262788,0.9400316648049049,0.3935278688417624,0.4025331803877742,0.874874974994999,0.0219972842858906,0.0206135423117946,0.0234716877136425,0.9982737786984291,1.1303332606749883,1.0592295027208327,1.2060956689969162,12.743026786816442,6.836785750528921,23.75161919867953,0.9889012208657048,0.1273872722867149,0.9968250708956234,0.999062068749524,0.9796906603277168,0.9939604184909404,0.1243517509593556,0.1304858509938204
all,0.0,all,prolonged_los,NORMA_334f7e21,any,49990,31565,0.6314262852570514,0.5867192270435045,0.5815359769905057,0.5919024770965033,0.6894059495715625,0.6828404593173838,0.6943406340049111,1.0918233302418,1.0814254573507371,1.0996384696310948,0.05,0.708,0.6898681422887791,0.7254935962493136,0.3726047588966098,1.1212710280373832,1.0925553123084453,1.148975918786732,1.1284752475247524,1.0993907243637933,1.1583292054906031,0.0560747663551401,0.9603799185888738,0.3682666237460035,0.3769635031005895,0.0535902846595694,0.0586672902271821,0.9574659673773124,0.9631019320179488,0.1,0.7081416283256652,0.6953830113000412,0.7205805882670528,0.3770976417505723,1.121495327102804,1.101289299378713,1.1411951087429106,1.136842105263158,1.1152294604401023,1.15887359341202,0.1121495327102803,0.9208141112618724,0.3726298389898199,0.3815864309925595,0.1087154792729641,0.1156779808912504,0.916826729240335,0.9246260509496036,0.2,0.7153430686137228,0.7064162677930259,0.7241044475120435,0.3895529105821164,1.132900364327578,1.1187628457777086,1.1467759015088566,1.1718346782451972,1.1548091315469078,1.1891112354632831,0.2265800728655156,0.8455359565807327,0.3847842996927359,0.3943427383541395,0.2219953172951797,0.2312313731640608,0.8402456380851504,0.850682217087255,0.8982996599319863,0.6452367166971006,0.490558615263572,0.9179470932995406,0.135359565807327,1.021871803189864,1.2665573234316831,1.2317917962638023,1.3023040569064468,0.6407992664602942,0.6496493197578321,0.4768290601611342,0.5043024278946261,0.914868317408746,0.9209241495533612,0.1304956481119946,0.1403755063722893,0.874874974994999,0.6502115010860866,0.6457288545708777,0.6546677613285246,0.4999200639488409,1.0297504495261671,1.022651209884308,1.0368079008019309,1.3002151340452277,1.267207302561795,1.3340827435121327,0.9009028987802946,0.1697150610583446,0.4875327435797214,0.5123074824454906,0.8975576836376076,0.904150542488751,0.1643637039845242,0.17520411779327
all,0.0,all,prolonged_los,NORMA_334f7e21,toward,49990,31565,0.6314262852570514,0.5863061903448785,0.5811209860934219,0.5914913945963352,0.6884082507957294,0.6808523447656716,0.6934622133507022,1.090243258586362,1.0782768482444456,1.098247300662177,0.05,0.7012,0.6829593218796912,0.7188232828985024,0.3722467887976416,1.1105017582765724,1.081613701909259,1.1384120358655516,1.1169994633033675,1.087777045393702,1.1470069223316184,0.0555361951528591,0.9594572591587516,0.367909532092119,0.3766047124662743,0.0530632717348033,0.0581172918244246,0.9565122891671668,0.9622106760353776,0.1,0.7055411082216443,0.6927517715740251,0.7180147815784871,0.3768086950723478,1.1173768414383018,1.0971221625530023,1.1371315992747846,1.1321420928739567,1.110505226575453,1.15420052763699,0.1117376841438301,0.9201085481682496,0.3723415948111089,0.3812968311545911,0.1083092712718104,0.1152605919948859,0.9161054906027564,0.9239364575574578,0.2,0.7168433686737348,0.7079300772712883,0.7255900856555072,0.3899279855971194,1.135276413749406,1.1211602902832791,1.1491287306167848,1.1750143454381503,1.1579832958736975,1.1922958793146836,0.2270552827498812,0.8463500678426051,0.3851585076928777,0.3947186083321043,0.2224670501758759,0.2317099443958856,0.8410708400078346,0.8514848982757914,0.8931986397279456,0.6461445432353139,0.4916651058250609,0.914018691588785,0.1424694708276797,1.0233095427319292,1.2711001165561315,1.2369191003060036,1.3062256908388763,0.6416968919222897,0.6505670492849275,0.47826570361945,0.5050764939107931,0.9108754236261254,0.9170611960058092,0.1374969210793014,0.1475910792429761,0.874874974994999,0.6500285812278496,0.6455454112361064,0.6544853970786707,0.4986410871302957,1.0294607563941138,1.0223606877140174,1.036519087595842,1.2965334105804205,1.2636951813204589,1.3302249700713351,0.900649453508633,0.169280868385346,0.4862545973453419,0.5110292450832634,0.8973005220997979,0.9039008751665496,0.1639351224122859,0.174764495039524
all,0.0,pop_normal,prolonged_los,NORMA_334f7e21,any,46298,30921,0.6678690224199749,0.6421833517982397,0.6367425942346593,0.6476241093618201,0.7503873239952786,0.7441037776694785,0.7556683350843746,1.123554617455238,1.114146266244349,1.1314618730874284,0.05,0.7477321814254859,0.7296393541824878,0.7650041781743578,0.3363344928722461,1.1195790736275395,1.0924886911788372,1.1454404269304492,1.1266702478806834,1.0993155223774924,1.154705652399246,0.0559813718831861,0.9620212004942448,0.3319335164433361,0.3407640568236657,0.0534737279297903,0.0585993311606723,0.9588827517636104,0.964928855528412,0.1,0.7624190064794817,0.7499452310629227,0.7744576747247935,0.3426370356148603,1.141569650463667,1.122892671897778,1.159595143249199,1.1598143609940144,1.1396825296050517,1.1803018095171751,0.1141618964457811,0.9284645899720362,0.3380947767788677,0.3472083080744783,0.1106651241262777,0.117754529282715,0.924283217326291,0.9324319314728488,0.2,0.7717062634989201,0.7630454576526337,0.7801417229226474,0.3580916896160699,1.1554754564041592,1.1425076355357728,1.1681058661709751,1.2022063759189483,1.186158792132404,1.218471068027831,0.2311050742214029,0.8625219483644404,0.3532238717302672,0.3629889420516478,0.2264400605321424,0.235836894186358,0.8569885339224302,0.8678742720244174,0.6513456304807983,0.7455564398461334,0.4772642795192665,0.7271110248698296,0.5010079989594849,1.1163213366966231,1.426258835268581,1.403412392037632,1.4494772005170826,0.7406094513215041,0.7504408730276794,0.469565154822584,0.4849742232919642,0.7221180015025133,0.7320476230677353,0.4931057814351288,0.5089097129575837,0.874874974994999,0.6980372793482286,0.693547536905442,0.702489460607713,0.543069221474193,1.0451709181224504,1.0384484286940316,1.0518371672072668,1.52766526606131,1.4843025673745378,1.5722947709092587,0.914394747905954,0.2045912726799766,0.5302169532057706,0.5558644053050434,0.9112245345802068,0.9174620058869885,0.198289268054123,0.2110408429847943
all,0.0,pop_normal,prolonged_los,NORMA_334f7e21,toward,46298,30921,0.6678690224199749,0.6491848765582029,0.6437931390159484,0.6545766141004574,0.7565310695875305,0.751801196578915,0.7622978738717949,1.1327536450879172,1.12567160826657,1.14138827866228,0.05,0.7598272138228942,0.7420038250898929,0.7767896966409576,0.3369711024714094,1.137688960433762,1.1110020081501848,1.163086878661203,1.14599411376354,1.1189832257982315,1.1736570115640754,0.0568869053394133,0.963842101840411,0.3325680141846044,0.3414026670838592,0.0543597553074668,0.0595241457179146,0.960773646739635,0.9666788536489004,0.1,0.7751619870410367,0.762911369446956,0.7869563688028796,0.3440529903043102,1.1606497097773654,1.142306865323087,1.1783094325162744,1.1817448293584778,1.1618242739643614,1.2020069411618577,0.1160699847999741,0.9323014892371724,0.3395061160371713,0.3486286171299848,0.112547334660797,0.1196880213967745,0.9282216519674884,0.9361653787135896,0.2,0.7855291576673866,0.777051462768636,0.7937700417786784,0.3615475997624062,1.1761724698969849,1.1634788209715827,1.1885115421321837,1.2303644835152308,1.2143335887384097,1.2466070084320142,0.2352446557355842,0.870846068804058,0.3566691451513349,0.3664547721001226,0.2305500180235476,0.2400050712545814,0.8654524560922388,0.8760544325815254,0.6082552162080436,0.7551223323035403,0.4676076528643105,0.6877203195239481,0.5515380113156012,1.1306443433585367,1.4183568497296302,1.3969960842685332,1.4400442319266094,0.7500653102878725,0.7601097584758729,0.4603537160743281,0.4748753088017836,0.6825318310695814,0.6928621693317012,0.5436652366119138,0.5593850412090345,0.874874974994999,0.6981607208986544,0.6936714854169279,0.7026123717842614,0.5439323321249784,1.0453557471028072,1.038634016746966,1.0520212020590451,1.5308270462399338,1.487304345433915,1.5756233434630311,0.9145564503088516,0.2049164336346491,0.5310814310338043,0.5567250048018755,0.9113888872788088,0.917621017819622,0.198610589036952,0.2113696814834855
all,0.0,all,unplanned_icu,NORMA_334f7e21,any,49990,10243,0.2049009801960392,0.7061978863426274,0.7011350127127243,0.7112607599725305,0.3250339904252966,0.3171768819609474,0.3324019978841575,1.5862978796603124,1.5479519993388426,1.622256748435911,0.05,0.3516,0.3331238481544499,0.3705315268501031,0.8028216466624553,1.7159507956653326,1.6257796709207215,1.808344335374076,1.7831571977787273,1.685637278442896,1.8863189801588145,0.0858147027238113,0.9592170478275088,0.7992187701327862,0.8063755349612873,0.080544518071936,0.0913954482880397,0.9572277838503996,0.9611175525160134,0.1,0.3526705341068213,0.3395429696892953,0.3660243622845973,0.8115178591273811,1.7211754368837255,1.6571075910151205,1.7863475417950814,1.8711084905660376,1.79384731473411,1.9516973126485144,0.1721175436883725,0.9185850504440588,0.8078774080547831,0.8151051162352901,0.1649304349605273,0.1795505024631564,0.9158558883552768,0.921233306757513,0.2,0.3536707341468293,0.344356705076866,0.3630971702174598,0.8322914582916583,1.7260568192912231,1.68060057471371,1.7720616556839617,2.108841508871328,2.0376630294904587,2.1825063541790697,0.3452113638582446,0.8374216922031852,0.8285978610944046,0.8359212223095059,0.3360635682561171,0.3544752217648,0.8337616128589522,0.8410165533472196,0.8982996599319863,0.2272970204427025,0.992918961447679,0.9964854046666016,0.1270032958462273,1.1093017721303036,32.09939033140832,23.170561717631383,44.46896334257018,0.2234442353337194,0.2311964597249779,0.9902128498332292,0.9948807112556224,0.9951383829517242,0.997460155899506,0.1237657623980435,0.1303129235737272,0.874874974994999,0.232468274837087,0.2285330038325616,0.2364505406790515,0.9878497202238208,1.1345395937817029,1.1153338730440063,1.1539746684121637,19.132750777710253,15.29148595499241,23.93895226398578,0.9925802987406034,0.155458273580396,0.984819580628122,0.9902809875025684,0.9907237564583172,0.994067498634374,0.1519293620987956,0.1590537794505899
all,0.0,all,unplanned_icu,NORMA_334f7e21,toward,49990,10243,0.2049009801960392,0.708801524862956,0.7037549366165298,0.7138481131093822,0.3295237422291723,0.3228183014210418,0.3366108523901156,1.6082096918906887,1.575484417459522,1.6427976677713445,0.05,0.3608,0.3422016884621035,0.3798254557470188,0.8033059591492946,1.7608505320706829,1.6700832184145813,1.853702482943813,1.8343209506476823,1.735721243736083,1.9385217310255063,0.0880601386312603,0.959795707852165,0.7997063624981402,0.8068564892211445,0.0827254183755829,0.0937037361455526,0.9578196444165172,0.9616829001535075,0.1,0.3570714142828565,0.3439035098990056,0.3704588236995636,0.8120068458136072,1.742653519476716,1.6783887981891334,1.8079895144724385,1.8993851974462048,1.821512953495644,1.980586589491078,0.1742653519476716,0.9191385513372078,0.8083699561140893,0.8155904580503646,0.1670415405301398,0.1817334029607403,0.9164176810887292,0.9217784088275156,0.2,0.3564712942588517,0.3471395733809397,0.3659132708072745,0.832991598319664,1.7397246900322172,1.6941821022467225,1.7858053702680516,2.134451265159455,2.06259287213437,2.208813122982615,0.3479449380064434,0.838126147885375,0.8293040475047619,0.8366151814582812,0.338779060189434,0.3572248284624604,0.8344723447028211,0.8417145967077477,0.8931986397279456,0.228550312423014,0.99288256227758,0.9962901493703016,0.1333685561174428,1.1154183459949696,32.11131889543348,23.38114999887824,44.10120123491335,0.2246789621682553,0.2324683676299092,0.9902463434028564,0.9948099981514206,0.9949123224011096,0.9972958522621936,0.1300616432480086,0.1367463329634937,0.874874974994999,0.2325140048016462,0.2285784584050546,0.2364965380027148,0.9881694644284572,1.1347627745811089,1.1155557098182838,1.1541991540325798,19.653717568031045,15.660376919324856,24.665345938594736,0.9927755540369032,0.1555085918434095,0.9851744080912642,0.990565255938578,0.9909406430952536,0.9942409761853644,0.1519792052676099,0.1591045630820896
all,0.0,pop_normal,unplanned_icu,NORMA_334f7e21,any,46298,10197,0.2202470949069074,0.6854022025209764,0.6800819275756051,0.6907224774663476,0.3249017633235605,0.3173635737277616,0.3327782558480712,1.4751693476860062,1.4409432908157211,1.5109314199523391,0.05,0.3330453563714903,0.3141367846011226,0.3525071120755629,0.7856899256530933,1.5121441511510505,1.4262925226500711,1.6005074310948724,1.5540349999243854,1.4630075096227366,1.6507261685982342,0.0756104736687261,0.9572311016315338,0.7818301038599134,0.7894998458675979,0.0706373454646481,0.0809032489898329,0.9550947726149712,0.9592701307336148,0.1,0.3496760259179265,0.3360696804581669,0.3635316179547957,0.7941345876931938,1.5876532948855708,1.5258756561588909,1.6505626015564512,1.6985661748598933,1.626141131696064,1.7742168832350884,0.1587721878984015,0.9165951081687488,0.7902252172434339,0.797989727401585,0.1518073106375863,0.1659940754754967,0.9136983826126616,0.9194031812507288,0.2,0.3520518358531317,0.3423870016811801,0.3618393745556503,0.8127058696473892,1.5984403154190738,1.5545585372006745,1.6428792157671372,1.8796736191910477,1.815319101468924,1.9463095561677224,0.3197018730999313,0.8337996177391208,0.8087001236528966,0.816646754348979,0.3107192738239384,0.3288202716190571,0.8299240342318212,0.8376041678583938,0.6513456304807983,0.2939050271919353,0.9173584438111758,0.8691772089830342,0.4101825434198499,1.3344331616095146,3.5563830201890703,3.368441444280111,3.7548107620413687,0.2887898680765247,0.2990726888674083,0.9130108607448424,0.9215074216592166,0.8624928423277562,0.8755835140387616,0.4051184382739682,0.4152657619436557,0.874874974994999,0.2467596593013208,0.242585194591455,0.2509821554065266,0.9651303297082686,1.1203764544799992,1.1014229027356266,1.139548085810667,7.076627259072037,6.173424468316399,8.111973122998092,0.9801902520349124,0.1548710562034292,0.9600894786839104,0.9695546916863824,0.9772992120237552,0.982719616226651,0.151175783870083,0.1586397728335364
all,0.0,pop_normal,unplanned_icu,NORMA_334f7e21,toward,46298,10197,0.2202470949069074,0.696010962912103,0.6907643833675826,0.7012575424566233,0.3345463172777125,0.3274161561852893,0.3414588538165344,1.5189590465159883,1.4865855839037485,1.5503444163967748,0.05,0.3533477321814255,0.3341330144318064,0.3730483644083869,0.7867585203374031,1.6043241448009846,1.51708250487043,1.6937720089614103,1.6570309526106877,1.563722611879199,1.7559070624490007,0.0802196724526821,0.9585330046259106,0.7829055765378838,0.7905613759063672,0.0751040557764525,0.0856514646308047,0.9564271400746748,0.9605412922144728,0.1,0.3593952483801296,0.3456958187143948,0.3733278095425572,0.7952145531342997,1.631782015249901,1.569581741182608,1.6950407890753472,1.7549843208136926,1.6813555366763235,1.831837406852291,0.1631852505638913,0.9178416110357054,0.7913126465963195,0.7990620298134697,0.1561397498006695,0.170484437756561,0.9149642168073144,0.920630087531082,0.2,0.363498920086393,0.3537601993150696,0.3733508514611008,0.8155677952373238,1.6504141416259517,1.6061968920161902,1.6951454075655632,1.970908066485116,1.9042137814449525,2.03993829074616,0.3300970873786408,0.8367358244923964,0.8115852859450857,0.8194848496175046,0.3210351760228302,0.3392869683774905,0.8328872995659439,0.8405126911987296,0.6082552162080436,0.305457902773339,0.9120582235209792,0.8435814455231931,0.4582144538932439,1.386887318093562,3.4734106473981505,3.303782772975206,3.651747815911679,0.3001050522289354,0.3108638232359988,0.9078487210236892,0.9160932067863192,0.8364015711412945,0.8505025368491678,0.4530793911581494,0.4633584086963719,0.874874974994999,0.2470312307122577,0.2428551881016873,0.2512552532099694,0.9670291731399966,1.1216094850952347,1.1026487691214986,1.140788046789758,7.492418426785911,6.510367924711898,8.622605439695677,0.9812690006864764,0.1551757569042408,0.9621125739746796,0.9713267665103182,0.9784505710961774,0.983724941951687,0.1514774567951916,0.1589474364689848
all,0.0,all,periop_infection,NORMA_334f7e21,any,49990,1899,0.0379875975195039,0.7132651325884514,0.7016600753277579,0.7248701898491449,0.0810556729604248,0.0764718834493626,0.0877763997397901,2.13374043775231,2.013075015078272,2.310659411791525,0.05,0.1084,0.0968086749741629,0.1211929749704661,0.9657190987576332,2.8535629278567662,2.5484284686458154,3.190330078343129,3.1621105651105648,2.7985493254993887,3.572902265783573,0.1427066877303844,0.953650371171321,0.964044596914286,0.9673182600334662,0.1276954873077999,0.1591605494742423,0.951734795932446,0.9554934753007002,0.1,0.0986197239447889,0.0906602203518272,0.1071956541975488,0.9687493054166388,2.5961032122169563,2.386574205048892,2.8218592697922413,3.155761024182077,2.860195121272645,3.481870019173911,0.2596103212216956,0.9063026345885924,0.9671010667915956,0.9703175016515924,0.2403905823000351,0.2798006937368142,0.9036655820827536,0.9088747798341468,0.2,0.0902180436087217,0.0847584676439737,0.0959924052752694,0.9750700140028006,2.374934175882043,2.231214216704712,2.526940673886634,3.618856569709127,3.316127506613016,3.949221749166956,0.4749868351764086,0.8108585806075981,0.9734956875350208,0.9765530795348036,0.4525994580461583,0.4974752092304031,0.8073336250075026,0.8143338762323807,0.8982996599319863,0.0410412862423729,0.988985051140834,0.9705107951553448,0.1045517872366971,1.080386466169681,3.725962486718288,2.860643101560404,4.853033377305695,0.0392452960939017,0.0429157952959196,0.9857241977682716,0.9915074833438136,0.9619004941442616,0.9772212908745228,0.1018485978676396,0.1073181498610814,0.874874974994999,0.0418200525894592,0.0399838397207549,0.0437367497152487,0.9888089528377298,1.1008870083976132,1.052549840779642,1.1513428742839833,3.736920413529536,2.947717689246846,4.737419132095302,0.9631384939441812,0.1286103428916013,0.9858855576422422,0.9911322981859036,0.9536858546299972,0.9707210954808267,0.1256479339247752,0.1316320817349499
all,0.0,all,periop_infection,NORMA_334f7e21,toward,49990,1899,0.0379875975195039,0.7148896144967575,0.7032347413980238,0.7265444875954912,0.0836152485209023,0.0781803789700712,0.0903371263077873,2.2011196806529267,2.058050102534946,2.3780689542529165,0.05,0.112,0.1002280880307864,0.124962515080848,0.96590861233944,2.948330700368615,2.638442401610856,3.289560889358396,3.285287214329833,2.9128756269495506,3.705311679215751,0.1474460242232754,0.9538375163752052,0.964238463022984,0.9675033904302854,0.132211290803019,0.1641042827055693,0.951925538462889,0.9556769932813886,0.1,0.1014202840568113,0.0933553171124134,0.110097376652666,0.9690604787624192,2.669826224328594,2.457520959689072,2.898245317991982,3.2780172413793105,2.973851416038305,3.613293178276805,0.2669826224328594,0.9065937493501902,0.9674199779064788,0.9706208840931332,0.2475703727713236,0.2873357381734865,0.9039603044584182,0.9091622404757976,0.2,0.0910182036407281,0.0855359740364878,0.0968146042810092,0.975270054010802,2.395997893628225,2.2516815914081234,2.548584553979805,3.680485338725986,3.3727219520063505,4.016332363395317,0.479199578725645,0.8110249318999397,0.9737016917718044,0.9767471168863436,0.4567950330474738,0.501688111319351,0.8075011435336602,0.8144990337161179,0.8931986397279456,0.0412084835725963,0.9889492414309796,0.9689310163243812,0.1097918529454575,1.084787832435014,3.729018538882914,2.8819712161857685,4.825023645356259,0.0394038858076879,0.0430920198546445,0.9857725255594532,0.9914228305596576,0.960131157967568,0.975837448142368,0.1070287747443293,0.1126172672960711,0.874874974994999,0.0418429175717388,0.0400062124556904,0.0437601029283914,0.988968824940048,1.101488914908492,1.0531387891837627,1.1519576331702404,3.793151440742416,2.987086436772533,4.816733012906084,0.9636650868878356,0.128631136803144,0.9860636714560782,0.9912737323216434,0.9542693040281252,0.9711887057189814,0.1256685200433467,0.1316530801176151
all,0.0,pop_normal,periop_infection,NORMA_334f7e21,any,46298,1873,0.0404553112445462,0.6998371130669188,0.6885840570129008,0.7110901691209367,0.0756130402661488,0.0695012710576162,0.0808270697240809,1.869051008137832,1.7179764268155453,1.9979346898481052,0.05,0.0846652267818574,0.0740015698344016,0.0967050450546877,0.9618716322215402,2.09280868635688,1.8292176616087172,2.390416538143051,2.220531108852973,1.9267158665628363,2.5591518142112144,0.1046449546182594,0.9523016319639842,0.9600411519536944,0.9636214371784156,0.0915821783032982,0.1193261903091621,0.9502803245719657,0.9542447216088468,0.1,0.0896328293736501,0.0817411660716027,0.0982049071821744,0.9650091197081694,2.215601032750268,2.0205299021799594,2.427491079936097,2.561605441935016,2.306883312873682,2.84445355494684,0.2215696743192738,0.9051209904333146,0.963201409159302,0.9667310947116092,0.2033417795148419,0.2409373754229003,0.9023607644477734,0.9078111577479204,0.2,0.0868250539956803,0.0812598022090859,0.092732982814354,0.9711377504184892,2.146196663049657,2.008631245422455,2.292232588541893,3.0082566416202137,2.7531414873501,3.2870116059899197,0.4292578750667378,0.8096567248171075,0.969383224523672,0.9727945531600378,0.4070087367480987,0.4517966094249614,0.8059794319569858,0.8132804679004978,0.6513456304807983,0.0545828359198832,0.9859373064056498,0.8788040576615056,0.358244231851435,1.349213100597307,3.88139267585355,3.38294397370265,4.453283655088331,0.0520751597015432,0.0572039818706061,0.9840017227856794,0.9876416507006552,0.8632433994271214,0.8928140110650586,0.353797876642286,0.3627151012697917,0.874874974994999,0.0447599061844216,0.0427889746460547,0.046817181852876,0.9896426721905748,1.1064037034310488,1.0576849696545885,1.157256746088871,4.3215689421059125,3.346478268328215,5.580779740340068,0.9679658302189,0.1290489589195273,0.9866917669926848,0.9919445994038024,0.9589838920146516,0.9750320633009169,0.1259634315967363,0.1321986358112961
all,0.0,pop_normal,periop_infection,NORMA_334f7e21,toward,46298,1873,0.0404553112445462,0.7103933725142497,0.699090717328381,0.7216960277001184,0.0811437379047673,0.0773148082619727,0.0883531826891134,2.005762294455376,1.911116387033004,2.1839699157184054,0.05,0.0950323974082073,0.0837480761180533,0.1076585296630401,0.9624172975922516,2.349070974482212,2.0701379755011398,2.6611717065346667,2.5286206504568565,2.2108220435253148,2.892101792019989,0.1174586225306994,0.9528418683173888,0.960599114010094,0.9641547105518404,0.1036541944529921,0.1328290548526498,0.9508312073888516,0.954774218074233,0.1,0.1010799136069114,0.0927251570640885,0.1100961046726095,0.9662810790054718,2.4985573092219893,2.2920391466914958,2.721425229115044,2.997720882685257,2.712167179368918,3.313339442658644,0.2498665242925787,0.9063140123804164,0.9645044622895196,0.9679717256598986,0.230784924014238,0.2699720924542801,0.903569082955428,0.9089886768219504,0.2,0.0910367170626349,0.085345954347946,0.0970666637607228,0.9721907230412008,2.2503032176005737,2.1096353413781137,2.3993552582989555,3.2736096374425965,2.9974320032827384,3.5752337489626087,0.4500800854244527,0.81053460889139,0.9704665547632408,0.9738169497588454,0.4276740329333709,0.4726904943661093,0.8068636932774765,0.8141518229136996,0.6082552162080436,0.0570647349170839,0.9853338479351602,0.8579818473037907,0.4022734946539111,1.4105622515702887,3.890913899214853,3.422093148482768,4.423962269354214,0.0544153625489827,0.0598349373710423,0.9834787027783808,0.9869834393969854,0.8414395398071981,0.8730586895585619,0.3977222445111251,0.4068416449061493,0.874874974994999,0.0448586594247623,0.0428856032986263,0.0469180409507318,0.9903331607112033,1.1088447485572068,1.0600734978749602,1.1597498451345338,4.640468107993722,3.562002108776021,6.045460840197634,0.97010144153764,0.1291389983117614,0.987468542603991,0.9925478856523892,0.9613743090421348,0.9769041263889638,0.1260525371825463,0.1322895934391982
all,24.0,all,mortality,NORMA_334f7e21,any,32049,586,0.0182845018565321,0.4875736264894926,0.4630264219238477,0.5121208310551376,0.0179168126193774,0.0160401251383415,0.020526787609865,0.9798906614990256,0.8772525094858487,1.122633133291068,0.05,0.0143570536828963,0.0095856685103469,0.0214520129147699,0.9815088514467764,0.7852034359780651,0.5242510069762958,1.173234747278946,0.7764284431316981,0.5132637326316004,1.1745250813125483,0.0392491467576791,0.9498140673171662,0.9799337245233668,0.9829624865291382,0.0262938272632032,0.0582061469671663,0.9473461801367176,0.9521721242360988,0.1,0.0159126365054602,0.0121237483638895,0.0208606158378211,0.981451948412148,0.8702800125656904,0.6630614527547722,1.1408905750619949,0.8579141819878404,0.6452211607262295,1.1407200948391725,0.0870307167235494,0.8997552680926802,0.9798295349287502,0.9829461342221784,0.066813408902913,0.1126273087406035,0.8963877533255211,0.903025175361926,0.2,0.0188767550702028,0.015821883223386,0.022507968888958,0.9818635672218106,1.032390995298515,0.865316613355458,1.2309861688092414,1.0408196198815696,0.8537339345303262,1.26890291847938,0.2064846416382252,0.8001144201125131,0.9801564517541916,0.9834263050023764,0.1756733519598095,0.2411192242165741,0.79565891113165,0.804496650715396,0.7991512995725296,0.0170232703420271,0.9766972192014912,0.7440273037542662,0.1998220131583129,0.931021827972063,0.7305252746108595,0.6080497187935668,0.8776702962779461,0.0155099023888693,0.0186815020426758,0.9727175263051856,0.9801082659018454,0.7071829155504474,0.7776930240238382,0.1954403174042227,0.204277002811353,0.76729383132079,0.0173640762880728,0.0158052107618223,0.0190737127926192,0.9786806114239742,0.9496608890041768,0.864404777654686,1.043162834966984,0.8144734651348899,0.680142259579601,0.9753356978860056,0.7286689419795221,0.2319867781203318,0.9751474323029954,0.9817209096891476,0.69126454498026,0.7630947270683713,0.2273555239809254,0.2366834725480428
all,24.0,all,mortality,NORMA_334f7e21,toward,32049,586,0.0182845018565321,0.4850378997639461,0.4605934941795736,0.5094823053483186,0.0175151867507403,0.0158171568727927,0.0193891772075712,0.9579252904001332,0.86505812391832,1.060415939121932,0.05,0.013732833957553,0.0090862389442786,0.0207059896291996,0.9814760074884225,0.7510641561529318,0.4969366415105549,1.1324338935601004,0.7413538927404575,0.4856586695929329,1.1316705099532054,0.0375426621160409,0.9497822839525792,0.9798995680319896,0.9829309633908264,0.0249211550665677,0.0561880783276181,0.947313677539382,0.9521410678647452,0.1,0.0149765990639625,0.0113147999815341,0.0197997305705504,0.9813479406462348,0.8190870706500616,0.618819154621483,1.082869564941246,0.8029461401504387,0.5990227118636531,1.0762905833347385,0.0819112627986348,0.8996599179989193,0.9797212686628324,0.9828464126572144,0.0623362850560611,0.1069322100789039,0.896291013323263,0.9029312384581166,0.2,0.0187207488299532,0.0156794394515887,0.0223385870615699,0.9818245641405672,1.023858838312577,0.8575262030443115,1.221722485898047,1.0300027451741849,0.844336107403456,1.256496844993288,0.204778156996587,0.8000826367479261,0.9801157336004204,0.9833890286799034,0.1740774627878511,0.2393243725523486,0.7956268681685832,0.8044651347097735,0.7952822240943556,0.0169883866917765,0.9766803840877916,0.7389078498293515,0.2036678002733369,0.929114001851102,0.7285019940179461,0.6070797346935897,0.8742099677499374,0.0154731138382255,0.0186492384676196,0.97274006041466,0.9800628221408004,0.7018706476818557,0.7728330693838785,0.1992540580340172,0.2081538973929424,0.76729383132079,0.0173640762880728,0.0158052107618223,0.0190737127926192,0.9786806114239742,0.9496608890041768,0.864404777654686,1.043162834966984,0.8144734651348899,0.680142259579601,0.9753356978860056,0.7286689419795221,0.2319867781203318,0.9751474323029954,0.9817209096891476,0.69126454498026,0.7630947270683713,0.2273555239809254,0.2366834725480428
all,24.0,pop_normal,mortality,NORMA_334f7e21,any,24206,392,0.0161943319838056,0.5057446700020396,0.4747297577185786,0.5367595822855005,0.0189562889008598,0.0160936878311428,0.0237866460697173,1.170550839628096,0.993785223573074,1.4688253948050485,0.05,0.0297520661157024,0.0215669744142562,0.04091366556381,0.9845190467907462,1.837190082644628,1.3317606700803244,2.526418848565271,1.9218497539232984,1.3708241606137823,2.694369258126649,0.0918367346938775,0.9507012681615856,0.9828405393583952,0.9860356984675208,0.0670732632500547,0.1245225670012376,0.9478781699605427,0.9533789783782052,0.1,0.0251961999173895,0.0196652960557292,0.0322315371229823,0.9848060592150564,1.555865344898802,1.2143320314412789,1.9902974173441592,1.6583057861037171,1.2661043169617243,2.171999608076688,0.1556122448979592,0.9008986310573612,0.9830940976440474,0.986347068057942,0.1230885595671958,0.1948204222073321,0.8970386733608677,0.9046292661891208,0.2,0.0202437512910555,0.0166402501086893,0.024608074707544,0.9848179705654532,1.2500516422226813,1.02753544421157,1.5195486131908436,1.3334021896302417,1.0632119470162562,1.6722549105098965,0.25,0.8008314436885865,0.982997074049374,0.9864465502921046,0.2096997228189167,0.2951527232099999,0.7957106135025369,0.8058552311540166,0.1966867718747418,0.0205839109430791,0.9848804319876576,0.25,0.80419081212732,1.2710565007351395,1.3614086676468529,1.085573418232228,1.7073313782518291,0.0169203302950032,0.0250205392608703,0.9830669588394688,0.9865023547385698,0.2096997228189167,0.2951527232099999,0.7991018533750671,0.8091816444881481,0.76729383132079,0.0157755882194583,0.0140810433670864,0.0176704035527172,0.9824249955618676,0.9741425725515532,0.8695044279175864,1.0911474193802884,0.8976150347495849,0.7161222262922832,1.125105074283296,0.7474489795918368,0.2323843117493911,0.9786501675544904,0.9855422624758304,0.702178529475365,0.787916498434789,0.2270634079555489,0.2377915434687649
all,24.0,pop_normal,mortality,NORMA_334f7e21,toward,24206,392,0.0161943319838056,0.4972385905735436,0.4656483991078318,0.5288287820392553,0.0183193901226376,0.0157461514608937,0.0225862356898014,1.1312223400728747,0.9723248527101884,1.394700053845242,0.05,0.024793388429752,0.0174213449358309,0.0351733263952554,0.9842581318490172,1.53099173553719,1.0757680497875617,2.171952904907021,1.5749965754988355,1.0902309940827175,2.275310669295512,0.0765306122448979,0.9504493155286806,0.9825665108886732,0.9857879842135888,0.0541305227250217,0.1071501511606941,0.9476196097531346,0.9531337145951138,0.1,0.0264353572903758,0.020756267831582,0.0336149537772851,0.9849437686481524,1.6323833126807106,1.2816995386001906,2.075723395747356,1.7557751785696296,1.3476796430114022,2.287447535226391,0.1632653061224489,0.9010246073738136,0.9832390357379844,0.986477500270979,0.1299756201586867,0.2030909397986294,0.8971667762423281,0.9047530753029104,0.2,0.0208634579632307,0.0172008085034759,0.0252859468942649,0.9849728892331526,1.288318529229498,1.062149925089643,1.5614072207208625,1.3883878469345816,1.1095883582293993,1.7372395800831952,0.2576530612244898,0.800957420005039,0.9831606204878108,0.986592779736186,0.2168568187351207,0.3031532054765841,0.7958377747821243,0.805979981869679,0.1714450962571263,0.0214457831325301,0.9848923015556442,0.2270408163265306,0.8294700596287898,1.324277108433735,1.419526820151895,1.1234328755383542,1.7936598055891195,0.0174606964691159,0.0263160330046319,0.9831088369798924,0.9864900455955314,0.1883357653938649,0.2710439460866868,0.8246401700977279,0.8341936681456166,0.76729383132079,0.0155063802293652,0.0138269761341933,0.0173861661472157,0.9815373690750931,0.9575189791633016,0.8538157762864388,1.073595759590575,0.8398792291539829,0.6725139134409273,1.048895949163511,0.7346938775510204,0.2321743512219702,0.9776796074539492,0.9847387794668396,0.68886331626104,0.7759690813444668,0.2268551714746159,0.2375799266242816
all,24.0,all,prolonged_los,NORMA_334f7e21,any,32068,22988,0.7168516901584133,0.4147071274114286,0.4077439025458875,0.4216703522769697,0.6627870776608062,0.655291979733524,0.6703269900481571,0.924580477050058,0.914124900212922,0.9350985695521272,0.05,0.5851528384279476,0.5608577612500679,0.6090407527042635,0.276218611521418,0.8162815913827834,0.7823902335030094,0.8496049616199897,0.8084662686035113,0.7753698662253423,0.8429753798037424,0.040803897685749,0.926762114537445,0.2712261165814313,0.2812675364755986,0.0383222187692509,0.043439026489154,0.9212209582580028,0.9319423113437042,0.1,0.6083567196757094,0.5913427429277228,0.6251114104008001,0.2710924777381241,0.8486507432817404,0.8249164381506098,0.8720233473435209,0.8346144073090577,0.8110441998484492,0.8588696017035965,0.0848703671480772,0.8616740088105727,0.2659946349327572,0.2762512508025035,0.0813366896618368,0.0885427687978978,0.8544196311021466,0.8686224791874031,0.2,0.6085126286248831,0.5965060982139817,0.6203892517740891,0.256061432914945,0.8488682345024687,0.8321192603761078,0.8654359894680481,0.8179608579901886,0.8010417150984693,0.8352373572976785,0.1697842352531755,0.7234581497797357,0.2507572735569174,0.2614386392902489,0.1649860615377062,0.1746927574047485,0.7141648445308264,0.7325624519909448,0.7992703006112012,0.6977878350435021,0.2072393972347366,0.7780146163215591,0.1469162995594713,0.9734061377316438,0.8801999400695715,0.8672137724932303,0.8933805701344822,0.6921365363869924,0.7033798533066348,0.1975134582172457,0.2173145667414801,0.7725960962087147,0.7833402320930601,0.1397837417365688,0.1543474989490899,0.7674317076213047,0.6950832994717594,0.6893013470548842,0.7008043567211569,0.2113167068919281,0.969633341198033,0.9615675829718128,0.9776141513543616,0.8813211913397453,0.8687473651418888,0.8940770049733026,0.7441273708021576,0.173568281938326,0.2022011460877244,0.2207295148901231,0.7384461001709849,0.7497270612168353,0.1659164979931288,0.1814961649489462
all,24.0,all,prolonged_los,NORMA_334f7e21,toward,32068,22988,0.7168516901584133,0.4159611814323352,0.4089762266966686,0.4229461361680017,0.6624283024282211,0.6549245498225502,0.6691669954893524,0.9240799896584392,0.9136123396428372,0.933480390262422,0.05,0.5851528384279476,0.5608577612500679,0.6090407527042635,0.276218611521418,0.8162815913827834,0.7823902335030094,0.8496049616199897,0.8084662686035113,0.7753698662253423,0.8429753798037424,0.040803897685749,0.926762114537445,0.2712261165814313,0.2812675364755986,0.0383222187692509,0.043439026489154,0.9212209582580028,0.9319423113437042,0.1,0.6064858122856251,0.5894598556298645,0.6232569597994608,0.2708845847337237,0.8460408486330011,0.8222898316660212,0.8694364097289504,0.8318104371228164,0.8082346153081486,0.856073954519571,0.0846093614059509,0.8610132158590308,0.2657880051471577,0.2760421499159486,0.0810807563983411,0.0882767777976146,0.8537449183579868,0.8679761649334699,0.2,0.6077330838790147,0.5957227984292237,0.6196143953089328,0.2558665315350433,0.8477807783988274,0.8310265660356859,0.8643550734629746,0.8166990326784831,0.7997828593893757,0.833972999230334,0.1695667304680703,0.7229074889867841,0.2505637347364066,0.2612424337138656,0.1647710667812146,0.1744728152747578,0.713608770636843,0.732017670053184,0.7954035175252588,0.6980436742854903,0.2100289590001524,0.7745345397598747,0.1517621145374449,0.973763030580612,0.8836319789672201,0.8705982222716355,0.8968608644940543,0.6923798996954876,0.7036478032870749,0.200343714453431,0.2200535728169884,0.7690867850401297,0.779890553077927,0.1445295229018681,0.1592892491031391,0.7674317076213047,0.6958147094676961,0.6900365228300891,0.7015317726285117,0.2137302225797801,0.9706536498699356,0.9625931448632024,0.9786288883178664,0.8849567024573802,0.8722774388221923,0.8978202695253701,0.7449103880285366,0.1755506607929515,0.2045749611646268,0.223180246075366,0.7392346600775979,0.7505042741015591,0.1678631070609356,0.1835126368754183
all,24.0,pop_normal,prolonged_los,NORMA_334f7e21,any,24225,18551,0.7657791537667699,0.502683852973066,0.4940355817416321,0.5113321242044997,0.7608928303074565,0.7557452452683733,0.7699411098112989,0.9936191479811404,0.9868971250405014,1.005434929932549,0.05,0.7101568951279934,0.683971068567847,0.7350135957702858,0.2312939949595898,0.9273651438992851,0.893170132933863,0.9598245031284122,0.9238341973023368,0.8905676640530159,0.9583433786727356,0.0463586868632418,0.9381388790976384,0.2258912963492882,0.2367863858187912,0.0434257323261368,0.0494794854688779,0.9315691902113103,0.9441156827164584,0.1,0.7456647398843931,0.7279412802266075,0.7626101226349807,0.2319864238866211,0.9737334010942496,0.9505890525302984,0.9958616905197784,0.9709004672260032,0.947519197402191,0.9948587003240928,0.0973532424128079,0.8914346140289038,0.2264310226600528,0.2376362542811434,0.0931703742306556,0.1017028388071748,0.8830734570762558,0.8992660854710389,0.2,0.7634674922600619,0.7512956501995163,0.7752218586421833,0.2336429308565531,0.9969812948089052,0.9810865789490206,1.01233084607875,0.9962294640452464,0.9789517297992872,1.0138121368204378,0.199396258961781,0.7980260838914346,0.2277384789312929,0.2396529591002683,0.1937091267812353,0.2052078653207074,0.7873796062672546,0.8082692755190918,0.1970278637770897,0.7638801592289964,0.2337548838165741,0.1965392701202091,0.801374691575608,0.9975201798998672,0.9969135764724883,0.9795415869327644,1.0145936550454848,0.7516222468037581,0.775713639736838,0.2278602587460123,0.2397546502898425,0.1908838813682245,0.202320316074237,0.7907911174283682,0.8115504484229934,0.7674317076213047,0.7677908665483298,0.7616662368862115,0.7738048477397528,0.2408590699325523,1.0026270142921292,0.9946291083266926,1.0104804288984697,1.0113943750603904,0.994645990760948,1.0284247776650868,0.7694463910301331,0.2391610856538597,0.2298722424621779,0.2521990523397193,0.7633299298456637,0.7754512796905038,0.228240430185033,0.2504347058032621
all,24.0,pop_normal,prolonged_los,NORMA_334f7e21,toward,24225,18551,0.7657791537667699,0.5142821985830791,0.5056412254403221,0.5229231717258361,0.7676823593705395,0.7597801803366325,0.7747772047912089,1.0024853191607632,0.9921661834216444,1.0117501906132842,0.05,0.731626754748142,0.7059656821384123,0.75582291647395,0.2324237420700443,0.9554017645287984,0.9218920085064436,0.98699855272392,0.9531649099220912,0.9205237590674784,0.9869634939430058,0.0477602285591073,0.9427211843496652,0.2270115834192705,0.2379252158677659,0.0447838780145686,0.0509238428209462,0.9363698252410142,0.9484734574599332,0.1,0.7605284888521883,0.7431280922518329,0.7771037316232297,0.233637572811081,0.993143369222374,0.9704208956283032,1.0147883078309925,0.9923874943111054,0.9693197624378994,1.0160041887396976,0.0992938386070831,0.8977793443778639,0.2280680285129985,0.2393009645281578,0.0950729139036951,0.1036806879594433,0.8896257527482234,0.905394664869626,0.2,0.7766769865841073,0.7647331316614515,0.7881824348111676,0.2369453044375645,1.0142310387580185,0.9986340420731316,1.029255537884779,1.0178523126859615,1.0006791602889258,1.0353201820861644,0.2028462077516037,0.8093056045118082,0.231011192892143,0.2429836833350749,0.1971213565753248,0.2086941045493877,0.7988756277127631,0.819317031976792,0.1717234262125903,0.7747596153846154,0.2360827311238475,0.173737264837475,0.8348607684173422,1.0117272213191908,1.0141930899460012,0.9960005021146432,1.0327179770596375,0.7618149326109269,0.7871973064713667,0.2302574607310296,0.2420090401914751,0.1683526824725588,0.1792569462725337,0.8249733373695227,0.8442950691319899,0.7674317076213047,0.7702651820773493,0.7641627376002003,0.7762559557217155,0.2490237841675541,1.005858122787116,0.9978891875567276,1.0136812315971406,1.025685189275298,1.0084334638427936,1.043232047744408,0.7719260417228182,0.2472682410997532,0.2379050833768294,0.260484513095693,0.7658320352112512,0.7779074489350323,0.2362159752301074,0.2586625011261191
all,24.0,all,unplanned_icu,NORMA_334f7e21,any,23451,193,0.0082299262291586,0.3402938517561732,0.299141732240726,0.3814459712716205,0.0064657529617639,0.0054427287232127,0.0107571882030832,0.7856392368203478,0.6613338408707933,1.3070819717642777,0.05,0.0059676044330775,0.0028936343552515,0.0122669446045676,0.9916509561001884,0.7251103189642606,0.3515990635492496,1.4905291084026715,0.7147650083876467,0.3368440033735327,1.5166932232688672,0.0362694300518134,0.9498667125290222,0.990368434122282,0.9927639475386666,0.0176777707669518,0.0729616062752994,0.946987109210744,0.952597728474678,0.1,0.0046908315565031,0.0026212965699013,0.0083805521711972,0.99137685966076,0.569972491355215,0.3185079060142827,1.0183022226256293,0.5439818177558049,0.2964427711097691,0.9982237615075308,0.0569948186528497,0.8996474331412847,0.9900369518418122,0.9925379245134892,0.0321193323739777,0.0991618602194577,0.8957195609944278,0.9034433049413456,0.2,0.0042643923240938,0.0027622788062299,0.0065779596883967,0.9907787431373594,0.5181568103229227,0.3356383434450641,0.7992732261792355,0.4624523953313531,0.2914127744715341,0.7338807241224652,0.1036269430051813,0.7992088743658096,0.9893069586007628,0.9920495800017264,0.0680882865806026,0.1546369910029975,0.7940112490628093,0.8043076733736669,0.7958296021491621,0.0059475968493811,0.982873851294904,0.5751295336787565,0.2023389801358672,0.7226792420457867,0.347281630668742,0.2615170970764798,0.4611726435792843,0.0049415436243096,0.0071570001379087,0.978792862280808,0.9861806042878696,0.5045905632670429,0.6427360181060002,0.1972251311477492,0.2075511441751813,0.7642318024817705,0.0056355317486887,0.0046405035852281,0.0068424496056557,0.9833604630132032,0.684760906935234,0.5638572516952653,0.8314108067473208,0.3386832069402191,0.2557509176822828,0.4485079299140971,0.5233160621761658,0.2337690257115831,0.9796375724582812,0.9864121333565392,0.4530853287996558,0.5926367136954266,0.2283739614968932,0.2392520238851068
all,24.0,all,unplanned_icu,NORMA_334f7e21,toward,23451,193,0.0082299262291586,0.3358031132638299,0.2954012725584334,0.3762049539692264,0.006230125699732,0.0050751191277575,0.0082484499020153,0.7570086931835073,0.6166664179535841,1.002250770218461,0.05,0.0059676044330775,0.0028936343552515,0.0122669446045676,0.9916509561001884,0.7251103189642606,0.3515990635492496,1.4905291084026715,0.7147650083876467,0.3368440033735327,1.5166932232688672,0.0362694300518134,0.9498667125290222,0.990368434122282,0.9927639475386666,0.0176777707669518,0.0729616062752994,0.946987109210744,0.952597728474678,0.1,0.0042643923240938,0.0023179777349835,0.0078323874492843,0.9913294797687862,0.5181568103229227,0.2816523101714958,0.951695948565631,0.4918265813788202,0.2606143769362342,0.9281659323421076,0.0518134715025906,0.8996044371829048,0.9899861978214474,0.9924939359944313,0.0283840364929923,0.092736702212647,0.8956758375577651,0.9034010506624696,0.2,0.0040511727078891,0.0025951016087917,0.0063190466658325,0.9907254410745696,0.4922489698067765,0.3153250146516895,0.7678132816603085,0.4368048917971717,0.2723259883990035,0.7006254328484687,0.0984455958549222,0.7991658784074297,0.9892497686435346,0.9920001876577218,0.063931996674354,0.14863282702145,0.7939678476390888,0.8042650970818486,0.7911389706195898,0.0059289602759661,0.9830543078807676,0.5699481865284974,0.2070255395992776,0.7204147535320322,0.3498800895383398,0.2635821687740846,0.4644323158304351,0.0049219241800217,0.0071405595564347,0.9790427337639558,0.9863087374055736,0.499406292685573,0.637759834799674,0.2018668421276189,0.2122810041890717,0.7642318024817705,0.0056355317486887,0.0046405035852281,0.0068424496056557,0.9833604630132032,0.684760906935234,0.5638572516952653,0.8314108067473208,0.3386832069402191,0.2557509176822828,0.4485079299140971,0.5233160621761658,0.2337690257115831,0.9796375724582812,0.9864121333565392,0.4530853287996558,0.5926367136954266,0.2283739614968932,0.2392520238851068
all,24.0,pop_normal,unplanned_icu,NORMA_334f7e21,any,17172,132,0.0076869322152341,0.4206448285673638,0.3683485978080008,0.4729410593267267,0.0065306403275191,0.0052967569668703,0.0081509446859149,0.8495769371527164,0.6890599290537699,1.0603638041403938,0.05,0.0069848661233993,0.0032049999249946,0.0151548009932735,0.9922760988168944,0.9086675838713092,0.4169413538788478,1.971501838306769,0.9043184211985144,0.3998397995724681,2.04529866159748,0.0454545454545454,0.9499413145539906,0.9908119089120064,0.9935084879961796,0.0209960360560197,0.0956221427640176,0.946564467058937,0.953115332828431,0.1,0.005824111822947,0.0031665844130506,0.0106880318398339,0.9921061145260434,0.757664001694287,0.411943845006861,1.3904157784365851,0.737800395275786,0.3879576139423288,1.403115710857077,0.0757575757575757,0.8998239436619718,0.9905834165404926,0.9933842308154388,0.0416676145435595,0.1338426856884753,0.8952254522020636,0.9042421983304316,0.2,0.0064065230052417,0.004234615086602,0.0096815583636232,0.9919930120832728,0.8334304018637158,0.5508849262661359,1.2594827289404436,0.8001164822364588,0.5070095633376521,1.2626712224757424,0.1666666666666666,0.7997652582159624,0.9903590147061264,0.993351931285276,0.1127163699886792,0.2394702944793482,0.793689404151163,0.805705980983137,0.1904845096668996,0.006725771935188,0.9920869002230056,0.1666666666666666,0.8093309859154929,0.8749617853867319,0.8499541424640782,0.5386211507684108,1.3412433642110428,0.0044458262922135,0.0101630024218226,0.990471962124503,0.9934299328816222,0.1127163699886792,0.2394702944793482,0.8033632499449731,0.8151592784502685,0.7642318024817705,0.0061723691229139,0.0049692634711431,0.0076645143296037,0.9874042973573722,0.8029691104445352,0.6464560024732554,0.997083636878446,0.4900376976211501,0.3458128899914159,0.6944129384413597,0.6136363636363636,0.2346244131455399,0.9834778707223306,0.9904067242245826,0.5284767654287666,0.6923686898662239,0.2283219087887768,0.241046546266567
all,24.0,pop_normal,unplanned_icu,NORMA_334f7e21,toward,17172,132,0.0076869322152341,0.4181060161473894,0.3668126325412984,0.4693993997534804,0.0064510668354514,0.005419821742629,0.0082841879862441,0.8392251492300965,0.7050695376092914,1.0776975462104907,0.05,0.0046565774155995,0.001812268090112,0.0119116877321385,0.9921534972108136,0.6057783892475395,0.2357596033591183,1.5496022858809335,0.593458963911525,0.2198930699261382,1.6016582149007337,0.0303030303030303,0.949823943661972,0.9906788418444632,0.993396409581646,0.0118458688521193,0.0753262492619193,0.946443491865933,0.9530016191470678,0.1,0.0064065230052417,0.003581022245243,0.0114358160273789,0.992170818505338,0.8334304018637158,0.4658584393584365,1.48769570319811,0.8182877111240535,0.4423012189255401,1.513888611483493,0.0833333333333333,0.8998826291079812,0.9906537651371536,0.9934432580188376,0.0471674792941011,0.1430658512909331,0.8952852974651652,0.9042996975045136,0.2,0.006697728596389,0.0044672262633124,0.0100307075565587,0.9920658028825156,0.8713136019484302,0.581145525709101,1.304903864857775,0.8441595913503924,0.539236545079246,1.3215080138237612,0.1742424242424242,0.7998239436619718,0.9904384889799104,0.9934179979119192,0.1190044689938695,0.2479052258271572,0.7937487362635569,0.8057639933079266,0.1610179361751688,0.006509945750452,0.9920871798431318,0.1363636363636363,0.8387910798122066,0.8468847608088115,0.8227086704102027,0.5012768084762412,1.3502510886661214,0.0041218245595461,0.0102674420565,0.9905034535032,0.993408547861106,0.0880277472074725,0.2052667958485573,0.8331934947338464,0.8442359411276088,0.7642318024817705,0.0065533795626,0.0053099309689121,0.0080856447040662,0.988639170165473,0.8525351049164202,0.6907737469557479,1.05186887013807,0.5768398662819013,0.4039440911628063,0.8237383306543082,0.6515151515151515,0.2349178403755868,0.9848804166654216,0.9914715828797864,0.566986053230825,0.7274745538291624,0.2286125140131908,0.2413426632280715
all,24.0,all,periop_infection,NORMA_334f7e21,any,31525,537,0.0170340999206978,0.4557440268221807,0.4311547915450137,0.4803332620993477,0.0149799620625112,0.0135725210367966,0.016854156327287,0.8794102495729342,0.7967853364711637,0.989436272286266,0.05,0.0088832487309644,0.0052988575792099,0.0148560744089083,0.9825369795318708,0.5214979818317594,0.311073529207812,0.8721373291263214,0.5086891323970456,0.2999040867368898,0.862824632482841,0.0260707635009311,0.9495933909900608,0.980990357277477,0.9839598262803996,0.0155920476856957,0.0432821217568914,0.9471012054013788,0.9519741176991368,0.1,0.0133248730964467,0.0098731479343788,0.0179614556781725,0.9825538363937546,0.7822469727476392,0.5796107795741011,1.0544411364141353,0.7637709583141056,0.5585928588814038,1.0443135236855916,0.0782122905027933,0.8996385697689429,0.9809637503806392,0.9840132680624564,0.0583813417500318,0.1040351587558464,0.896243252027615,0.9029348129506212,0.2,0.0141157811260904,0.0114856206048071,0.0173376739917793,0.9822363203806502,0.8286778398510243,0.6742722338296927,1.0178215504484986,0.7946428571428572,0.6340393154091191,0.9959276263502844,0.1657355679702048,0.7994062217632631,0.9805310819108292,0.9837946693260484,0.1366813543325052,0.1995383447438971,0.7949105970345286,0.8038276205743274,0.7999682791435369,0.0160196677108529,0.9789089755788138,0.7523277467411545,0.1992061443139279,0.9404469731557517,0.7595490570273576,0.6256156885742937,0.9221552153621188,0.0145421733864284,0.017644588631694,0.9750600208193712,0.9821747852017498,0.7141112934922565,0.7869596300461695,0.1947965086664254,0.2036903498879884,0.7682157018239493,0.0158972664959947,0.0143969818165706,0.0175511091989366,0.9791980292869852,0.9332613152443824,0.8451859437009103,1.03035142922994,0.7642192518831143,0.6345596930268027,0.920372143656024,0.7169459962756052,0.2308958306441203,0.9756649534385956,0.9822275004206154,0.677407414057387,0.7534026419738057,0.2262373389673643,0.2356210360444645
all,24.0,all,periop_infection,NORMA_334f7e21,toward,31525,537,0.0170340999206978,0.4530347423487532,0.4286333840644981,0.4774361006330083,0.0147306613198512,0.0134621838808593,0.0164023353124141,0.8647748568124971,0.7903079084619963,0.9629117704354838,0.05,0.0076142131979695,0.0043609484759776,0.0132620841115931,0.982470199338876,0.4469982701415081,0.2560128504752258,0.7785608968677346,0.4343582306018854,0.2456438973257325,0.7680511282615805,0.0223463687150838,0.9495288498773718,0.9809208052231826,0.983895835078484,0.0128282840407602,0.0386500046115919,0.9470351967657332,0.951911060109818,0.1,0.0130076142131979,0.0096029787827194,0.0175978794606093,0.9825185916187924,0.7636220448250763,0.5637502907359997,1.0330971135860505,0.744082738046504,0.5422810990714669,1.0209817786509574,0.0763500931098696,0.8996062992125984,0.9809270013468524,0.983979537089053,0.0567768883634478,0.1019416717473129,0.8962105077894641,0.9029030240762898,0.2,0.0134813639968279,0.0109164609907871,0.0166387719698882,0.9820777160983346,0.7914338919925512,0.6408592788353183,0.9767919671335672,0.752212389380531,0.5976154232611193,0.9468020012768972,0.1582867783985102,0.7992771395378856,0.9803653810237314,0.9836432099594914,0.1298555955410824,0.1915723419548497,0.7947804568143723,0.8036996283445553,0.7960666137985726,0.0159786420146636,0.9788458547207964,0.7467411545623837,0.2030786110752549,0.9380385279558154,0.7553433052373005,0.6230456497913271,0.91573307502893,0.0144996657576906,0.0176057798798627,0.9750317957669148,0.9820879940317334,0.7082954562750472,0.7816816460780263,0.1986363560706913,0.2075944759815736,0.7682157018239493,0.015938558097283,0.0144362582797671,0.0175944028405664,0.9793348843574654,0.9356853706086536,0.847491698826183,1.032893015919661,0.7712784371976622,0.6401777477814048,0.9292269682094492,0.7188081936685289,0.2309281012004647,0.9758122515754692,0.9823537685992806,0.6793317646152935,0.755176231811017,0.2262693761427535,0.2356535319815574
all,24.0,pop_normal,periop_infection,NORMA_334f7e21,any,23836,401,0.0168232924987414,0.4873373425833751,0.4582475913222065,0.5164270938445437,0.0171599659753723,0.0149129370815103,0.020835717623005,1.0200123416183922,0.8864458061717698,1.2385041527729412,0.05,0.0201342281879194,0.0135668590527783,0.0297847018897411,0.9833509980568804,1.1968066411153324,0.8064330483342259,1.770444274922368,1.20933544585477,0.8037885403821142,1.819498720279713,0.0598503740648379,0.9501600170684872,0.9816005496304164,0.9849374713702248,0.0405454842733856,0.0875085496994076,0.9472992967191224,0.952873175968265,0.1,0.0201342281879194,0.0152197601701051,0.0265927285644909,0.9835446578407608,1.1968066411153324,0.9046837990389712,1.580708922850887,1.2235678840998536,0.907766615776501,1.649232678291393,0.1197007481296758,0.9003200341369746,0.9817535895457696,0.9851625718785392,0.0914830992578341,0.1551358252795651,0.8964186399158302,0.904090204343777,0.2,0.0163624921334172,0.0131309399742836,0.0203729181290748,0.9830615134511512,0.9726093827734,0.7805214095437035,1.2109947045501968,0.9659949303162024,0.7559152039911002,1.2344588393906564,0.1945137157107231,0.7999146575634735,0.9811302640617784,0.9847981689620664,0.1587454229718791,0.2360796147712776,0.794743526760838,0.8049874770102698,0.1969290149353918,0.0166169578184916,0.983126110124334,0.1945137157107231,0.803029656496693,0.9877351784577756,0.9847733949274552,0.7706283079245316,1.2584259225679997,0.0133354521197633,0.0206890241418458,0.9812021514730032,0.9848561909296624,0.1587454229718791,0.2360796147712776,0.7978881488078126,0.8080718317400316,0.7682157018239493,0.0163835945606466,0.0146437031413359,0.0183263663349952,0.9817194570135748,0.9738637405176372,0.8704421647802585,1.0893448078826582,0.8962312866096287,0.71675577748642,1.120647428772444,0.7481296758104738,0.2314486878600384,0.9778376766663606,0.9849318119729956,0.7034242353608042,0.7881260401049581,0.2260930454862592,0.2368923607549775
all,24.0,pop_normal,periop_infection,NORMA_334f7e21,toward,23836,401,0.0168232924987414,0.4897271968361579,0.4611455159600584,0.5183088777122574,0.0166669841899923,0.0150867499366603,0.0191149051508075,0.9907088158420392,0.8967774850130583,1.1362166562958806,0.05,0.0151006711409395,0.0095728910121578,0.0237438960940943,0.9830860272036742,0.8976049808364994,0.5690260103885143,1.411370342391105,0.8927926822857344,0.5584967627797034,1.427186022665203,0.0448877805486284,0.9499039897589076,0.9813226592972318,0.98468550988742,0.0285793042483709,0.0698335070832708,0.9470365446237884,0.9526239573696208,0.1,0.0184563758389261,0.0137771854116419,0.0246849973395086,0.9833581950400896,1.0970727543557215,0.8189351408276759,1.4673107146746365,1.109036903351945,0.8131845350230514,1.5125261241737773,0.1097256857855361,0.9001493492639215,0.9815577186965324,0.984985583897573,0.0827586940830922,0.144099415360206,0.8962450656209884,0.9039224648426332,0.2,0.0163624921334172,0.0131309399742836,0.0203729181290748,0.9830615134511512,0.9726093827734,0.7805214095437035,1.2109947045501968,0.9659949303162024,0.7559152039911002,1.2344588393906564,0.1945137157107231,0.7999146575634735,0.9811302640617784,0.9847981689620664,0.1587454229718791,0.2360796147712776,0.794743526760838,0.8049874770102698,0.1714633327739553,0.0163934426229508,0.9830877512785458,0.1670822942643391,0.8284617025816087,0.9744491230939046,0.9693236477863943,0.74724822004459,1.257397888618396,0.0129298662074484,0.020765303021299,0.9811931455275062,0.9847944519227764,0.1337647729672626,0.2067180232671164,0.8235813739421347,0.8332343622075562,0.7682157018239493,0.0164382065425154,0.0146952983114179,0.0183839722185548,0.9819004524886876,0.9771099529860292,0.8735090537430379,1.0927689820485629,0.9082109114739774,0.7257885368583864,1.1364840002720165,0.7506234413965087,0.2314913590783016,0.978035658310024,0.9850955697577144,0.7060325805931724,0.7904578986461153,0.2261353619725426,0.2369353727176904
all,0.0,all,mortality,NORMA_q_age,any,49990,906,0.0181236247249449,0.798305913563863,0.7853991134844794,0.8112127136432467,0.0607805358745391,0.0535575378460202,0.0661540546770965,3.3536633425697726,2.955122866360432,3.650155842503371,0.05,0.0824,0.0722510001501909,0.0938304324771764,0.985260054748368,4.546551876379692,3.986564566785925,5.177244282046416,5.590251428571428,4.811269161473107,6.495357043187445,0.227373068432671,0.9532637926819332,0.9841362642984904,0.986305343440396,0.2012648442440203,0.2557835035123365,0.9513607338438538,0.9550959069386572,0.1,0.0698139627925585,0.0630749632295893,0.0772136279582667,0.9876197461714564,3.852097130242826,3.480262043981427,4.260385498492004,5.639138240574506,4.948841706166832,6.42572181217342,0.3852097130242826,0.90526444462554,0.9865555401869802,0.9886006874993508,0.3540689693174451,0.4173198086852315,0.9026418572136184,0.907823600285739,0.2,0.0547109421884376,0.0504217658029582,0.05934218006877,0.9910232046409282,3.0187637969094925,2.7821016252647714,3.274299758982135,6.094707520891364,5.344703037889805,6.949957650009218,0.6037527593818984,0.8074525303561242,0.9900504580493492,0.9919016256892764,0.5715293281453606,0.6351000455829894,0.8039402253164631,0.8109167131071646,0.9003600720144029,0.0200182185785065,0.9989961855049186,0.9944812362030904,0.1013772308695297,1.104537248056889,19.942149347908195,8.28424528758773,48.00549800355772,0.0187646077445213,0.0213537570556249,0.9976520988676794,0.9995711629507102,0.987146288893467,0.9976405135565418,0.0987381416767064,0.104078712262946,0.874874974994999,0.0204870241225563,0.0192008729207101,0.0218574069583802,0.9984012789768184,1.130404344245684,1.0594388932740606,1.206017410429832,12.81463358865897,6.875027408539779,23.88569881301245,0.9889624724061812,0.1272308695297856,0.9970593697697868,0.9991313630329094,0.979802069239438,0.993993809076084,0.1243119824287459,0.1302081022351517
all,0.0,all,mortality,NORMA_q_age,toward,49990,906,0.0181236247249449,0.8016399511905796,0.7887664707947396,0.8145134315864196,0.0676839882277111,0.0598939733344942,0.0775302810557161,3.734572374727683,3.304745835531309,4.2778573399285325,0.05,0.0864,0.0760113614041703,0.0980577969643142,0.98547062539482,4.767258278145696,4.194048517212448,5.410495883273809,5.946573913043479,5.131441699038822,6.891190308157041,0.23841059602649,0.9534675250590824,0.9843544667436088,0.9865082482236304,0.2118047702942404,0.2672254257310897,0.9515683244841966,0.9552957491645416,0.1,0.0716143228645729,0.0647905467485843,0.0790959996493668,0.987819786179458,3.951434878587197,3.5749221103330378,4.364248369174224,5.87956204379562,5.163073063433345,6.695479494891023,0.3951434878587196,0.9054478037649744,0.9867637410772188,0.9887925324668132,0.3638160941508421,0.4273563472939106,0.90282744788013,0.9080046991988322,0.2,0.0549109821964392,0.0506140695048605,0.0595498027164311,0.9910732146429286,3.0298013245033117,2.7927122897880574,3.28575567085474,6.151260504201681,5.393591285275771,7.015363936427171,0.6059602649006622,0.807493276831554,0.990103014890698,0.9919490792450084,0.5737581458765233,0.6372675975056215,0.8039812496713223,0.8109571753255509,0.8940988197639528,0.0201584034365491,0.9990555345674348,0.9944812362030904,0.1077540542743052,1.1122721719570543,21.34371755861822,8.866249058993347,51.38072212848376,0.0188960955871545,0.0215031885123219,0.9977907919326304,0.9995965214215474,0.987146288893467,0.9976405135565418,0.1050415644276199,0.1105279382249472,0.874874974994999,0.0205556190693952,0.019267289003165,0.0219281687201597,0.998880895283773,1.134189180219721,1.063103506918565,1.2099218038860784,18.36791389700959,8.735442035194197,38.62200213437256,0.9922737306843268,0.1272919892429304,0.997691576380456,0.9994578002709678,0.9841379403142454,0.9962524924819688,0.1243724927017697,0.1302698218219961
all,0.0,pop_normal,mortality,NORMA_q_age,any,46298,901,0.0194608838394747,0.735311879312017,0.721313653969996,0.749310104654038,0.0404938193996207,0.03707941071561,0.0449766975654094,2.080780078317027,1.9053302522878048,2.311133345042538,0.05,0.0401727861771058,0.0329058475404792,0.048963306437093,0.9816292658527158,2.0642837452027147,1.6908711758369672,2.5159857507486487,2.186781750529265,1.7716639378028334,2.6991656388165537,0.1032186459489456,0.95105403440756,0.9803315327226414,0.9828428725976988,0.0850077373351157,0.1247987083455426,0.949030845795134,0.9530008909909964,0.1,0.0460043196544276,0.0403370117385095,0.0524243808822481,0.9834885283670922,2.36393783724827,2.072722496636534,2.6938335028705023,2.786203475814958,2.3965328714177225,3.2392336033559266,0.2364039955604883,0.9027028217723638,0.982219622106734,0.9846682919613592,0.2098164974855425,0.2652297426519577,0.8999424035532755,0.9053950904547652,0.2,0.0458963282937365,0.0418191300988069,0.0503501487886904,0.9871483341433124,2.3583886873955744,2.1488813377520146,2.587248821996436,3.5712357297130515,3.1396312698853444,4.062172765161962,0.4716981132075472,0.8053836156574223,0.9859496543583056,0.9882459698678936,0.4392911298454688,0.5043454138324521,0.8017158912517325,0.808999659889064,0.6615404553112445,0.0274911845370249,0.9962348436502872,0.9345172031076582,0.3438773487234839,1.412638026298758,7.301472232121709,5.611510575883199,9.500382479107,0.0257183801702882,0.0293825054388878,0.9951467071538324,0.9970797295354346,0.9164485991106788,0.948896230304768,0.3395211731475949,0.3482599449892106,0.874874974994999,0.0218491544253795,0.0204701332676527,0.0233188651321434,0.9972380459174868,1.122721588885931,1.05186041068345,1.1982428611409304,7.910759474138995,4.828719930072853,12.959980359998992,0.9822419533851277,0.127255104962883,0.995517878821272,0.9982991680340362,0.9713488286323227,0.9890402604634926,0.124220953900892,0.1303523357713417
all,0.0,pop_normal,mortality,NORMA_q_age,toward,46298,901,0.0194608838394747,0.7549592756683012,0.741139124964165,0.7687794263724375,0.0467629836814043,0.0414459485207814,0.0538470626270596,2.4029218851072778,2.129705354733782,2.7669381859129927,0.05,0.0548596112311015,0.0462995847623636,0.0648945563122142,0.982402291794557,2.8189681251692984,2.3791100725060077,3.3346150589821257,3.117429303330152,2.5962636745179126,3.743212046082365,0.1409544950055493,0.9518029825759412,0.9811306780237627,0.9835896441554954,0.119754239482925,0.1652034812938385,0.9497941940400632,0.9537353123380738,0.1,0.0539956803455723,0.0478474751937527,0.0608833886320629,0.9843764999520016,2.7745749263477344,2.4586486198894164,3.1285006957683152,3.456055312809998,2.9966349939702326,3.9859103124792727,0.2774694783573806,0.903517853602661,0.9831403038628128,0.9855233896563138,0.2492243218948888,0.3076041882001377,0.900767581547348,0.9061998381931708,0.2,0.050755939524838,0.0464685054863675,0.0554159654225478,0.9883633025541336,2.6081004307668705,2.387790085469304,2.8475564563075717,4.361713429514966,3.834914759970645,4.9608779417451325,0.5216426193118757,0.8063748705861621,0.9872193290672768,0.9894059799724336,0.4890019847337005,0.5540994818655363,0.8027141131527387,0.8099837800951257,0.615706941984535,0.0291166771907668,0.9960094424460432,0.921198668146504,0.3903561909377271,1.4961641737826017,7.29639324757921,5.730201490064365,9.29066011302187,0.0272273957912815,0.0311328583042725,0.9949699140323226,0.9968348230923324,0.901764082027797,0.9370567679419656,0.3858780799996327,0.3948528569352455,0.874874974994999,0.0219725959758054,0.0205896396261456,0.0234462184616847,0.998101156568272,1.1290646487101454,1.058001260167913,1.2047869282342747,11.57156804434918,6.389051079196033,20.95791461755736,0.9877913429522752,0.1273652443994096,0.9966027525061378,0.9989393716740362,0.978271263839467,0.9931694833587166,0.1243299513743199,0.1304635985320324
all,0.0,all,prolonged_los,NORMA_q_age,any,49990,31565,0.6314262852570514,0.582249695605609,0.5770664396207625,0.5874329515904555,0.6885608578824454,0.6823244011779777,0.6945277809199925,1.0904849448928702,1.0806081677455126,1.0999348572213028,0.05,0.7292,0.7114387373696538,0.74625794759636,0.3737207833228048,1.154845810232853,1.1267170119153809,1.181860757178585,1.1643368973169257,1.1357275908681372,1.1936668804685269,0.0577538412798986,0.96325644504749,0.369379925844127,0.3780820693127354,0.055233742313155,0.0603815737711703,0.9604419175780244,0.9658778354768828,0.1,0.7165433086617323,0.7038873642817054,0.7288666929324987,0.3780311617879131,1.1348012038650404,1.1147577804670508,1.1543179464500433,1.1520566057963764,1.1305265085848404,1.173996728851993,0.113480120386504,0.9230936227951152,0.3735611009864023,0.3825220496652492,0.1100279449323474,0.1170263667469255,0.9191575137207404,0.9268533391806162,0.2,0.7156431286257251,0.7067190200735919,0.7244015847558226,0.389627925585117,1.1333755742119436,1.1192423194512549,1.1472464825580098,1.1724702990577631,1.1554436460563815,1.1897478573399165,0.2266751148423887,0.8456987788331072,0.3848591410550487,0.3944179125874479,0.2220896631928977,0.231327088088847,0.8404106744064228,0.8508427573882267,0.9003600720144029,0.6452265102535049,0.4932744428829552,0.9200380167907491,0.1333514246947083,1.0218556390803963,1.273325375425003,1.237865048999928,1.3098015110864634,0.6407941263886511,0.6496341055406124,0.4794005314974041,0.5071587204555569,0.916994398278494,0.9229794067787052,0.1285190015500162,0.1383367079265903,0.874874974994999,0.6500057162455699,0.6455224808700608,0.6544626014966382,0.4984812150279776,1.0294245447526071,1.0223243725231852,1.0364829858646267,1.296074515497622,1.2632574078669023,1.3297441513197772,0.9006177728496753,0.1692265943012211,0.4860948347615611,0.5108694597174683,0.897268377373174,0.9038696662856722,0.1638815506218389,0.1747095412892229
all,0.0,all,prolonged_los,NORMA_q_age,toward,49990,31565,0.6314262852570514,0.5816860016837604,0.5765006448135381,0.5868713585539826,0.6877529661176142,0.6822847425876338,0.6930664686218609,1.0892054736644872,1.080545359795844,1.097620553347278,0.05,0.7252,0.707365089024151,0.7423438702007457,0.3735102126763529,1.14851094566767,1.1202655092766454,1.17566196962887,1.157560769023931,1.1288564292236218,1.1869949971448817,0.0574370346903215,0.9627137042062416,0.3691698669503431,0.3778710209781666,0.0549236083474091,0.0600581716619022,0.9598800895357292,0.9653544081116976,0.1,0.7163432686537308,0.7036848182233804,0.7286694661897022,0.3780089351203574,1.1344843972754637,1.1144370050051255,1.1540055952739812,1.1516938250428816,1.1301616855729797,1.173636200531284,0.1134484397275463,0.9230393487109904,0.3735389278764411,0.3824997732354658,0.109996693963045,0.1169942641087266,0.9191020074975448,0.9268003198630635,0.2,0.7173434686937388,0.7084347071876497,0.7260852716130545,0.3900530106021204,1.1360684302233488,1.121959480827201,1.1499129646106954,1.176075103513303,1.1590422355792669,1.1933582803499423,0.2272136860446697,0.8466214382632293,0.3852832443531159,0.3948438976645683,0.2226242963523655,0.231869466256903,0.841345918629941,0.8517524473574254,0.8940988197639528,0.6461652049400394,0.4930109557990177,0.9149691113575162,0.1416553595658073,1.0233422650072097,1.274515124796039,1.240023397510298,1.3099662527298177,0.6417198560606292,0.6505854303187302,0.4795532610589189,0.5064787864073549,0.9118412645718288,0.917995963285148,0.136695026919023,0.1467650902920337,0.874874974994999,0.6502115010860866,0.6457288545708777,0.6546677613285246,0.4999200639488409,1.0297504495261671,1.022651209884308,1.0368079008019309,1.3002151340452277,1.267207302561795,1.3340827435121327,0.9009028987802946,0.1697150610583446,0.4875327435797214,0.5123074824454906,0.8975576836376076,0.904150542488751,0.1643637039845242,0.17520411779327
all,0.0,pop_normal,prolonged_los,NORMA_q_age,any,46298,30921,0.6678690224199749,0.6359168026846035,0.6304392894609901,0.6413943159082168,0.7448769559052081,0.738704351001444,0.7496093321007458,1.115303945684141,1.1060617070167478,1.1223897305261905,0.05,0.7347732181425486,0.7164118087928754,0.7523567349489654,0.3356524111588568,1.1001756234780151,1.0726830931565132,1.1265034156290934,1.1060072023806884,1.0783115905598517,1.1344141548945543,0.0550111574657999,0.9600702347662092,0.3312537073974487,0.3400798215822724,0.0525246215398049,0.0576082497632448,0.9568588674869206,0.9630517829159804,0.1,0.7490280777537797,0.7363361102122685,0.7613071411237287,0.3411490832293367,1.121519418642492,1.1025157411017628,1.1399048549447428,1.1368703582065527,1.1165356584791086,1.157575399901909,0.1121567866498496,0.9244325941340964,0.3366117230177303,0.3457157314041543,0.1086875479026099,0.1157223840790626,0.9201481788258894,0.9285049924024004,0.2,0.7642548596112311,0.755500855827722,0.7727896969813849,0.3562287380528106,1.1443184725681828,1.13121110646848,1.1570976808914382,1.1871528053296752,1.1710994911311012,1.20342617674688,0.2288735810614145,0.858034727189959,0.3513667683585262,0.3611205287093387,0.2242248001972689,0.2335897226101817,0.852428764947141,0.8634618401547279,0.6615404553112445,0.7418701841452265,0.4767708998085513,0.7348403997283399,0.4858554984717435,1.1108019076212186,1.41786873832854,1.3948875288998863,1.4412285703886687,0.736939119541828,0.746740581909749,0.468957267988777,0.4845959183596163,0.7298912830297037,0.7397311709136012,0.4779602111550783,0.4937578513987939,0.874874974994999,0.6975188248364399,0.6930269573413298,0.7019732294820821,0.5394441567408942,1.0443946364049512,1.037668965136603,1.0510642145649054,1.514515199504309,1.471816086837291,1.558453063560754,0.9137155978137836,0.2032255966703518,0.52658656938922,0.5522494643571567,0.9105342894562578,0.9167941195597484,0.1969397895145869,0.2096596517019457
all,0.0,pop_normal,prolonged_los,NORMA_q_age,toward,46298,30921,0.6678690224199749,0.6427836886629277,0.6373560908778383,0.6482112864480171,0.7506745628224444,0.7457167936469242,0.756773266007327,1.1239847000276035,1.1165614343735746,1.133116285683103,0.05,0.744708423326134,0.726551103447762,0.7620549315655828,0.3361753404724553,1.115051601925984,1.0878646546820765,1.141024521251685,1.1218450725469518,1.0944083054882812,1.1499696781233464,0.0557549885191294,0.961565975157703,0.3317748934102628,0.3406044028563734,0.0532522502813057,0.0583680983254272,0.9584103256108372,0.9644910584070566,0.1,0.7628509719222463,0.750384508327253,0.7748816121201961,0.3426850340789095,1.1422164321353176,1.1235504015567142,1.160229904528988,1.160556219579253,1.140431254783444,1.1810363256484475,0.1142265774069402,0.9285946543539052,0.3381426180512548,0.3472564548805255,0.1107289227484064,0.1178200765130804,0.9244166665443208,0.9325585460474268,0.2,0.7774298056155508,0.7688431742081883,0.7857863436367629,0.3595226524110373,1.1640453135535322,1.1511885540406424,1.1765575543383089,1.213828730308944,1.1977870959789831,1.2300852058513705,0.2328191196921186,0.8659686544839695,0.3546503968896672,0.3644240456726053,0.2281417631708512,0.2375628566387455,0.8604922833900605,0.8712622130609008,0.615706941984535,0.7513155125236792,0.4658273381294964,0.6926360725720384,0.5389867984652403,1.1249443937395718,1.4065031143540931,1.3852014134224404,1.4281323939744368,0.7462639556559421,0.7562993416441735,0.4585056201788904,0.4731638098299718,0.6874695036701927,0.697754781520649,0.5310991312652844,0.5468549905689852,0.874874974994999,0.6976422663868658,0.6931509042438337,0.7020961422676122,0.5403072673916797,1.0445794653853082,1.037854550780409,1.0512482518258113,1.5176273560567457,1.4747714692979823,1.561728606634999,0.9138773002166812,0.2035507576250244,0.5274508845391104,0.5531102265321324,0.910698628246846,0.9169531454003956,0.1972610837072835,0.2099885169907692
all,0.0,all,unplanned_icu,NORMA_q_age,any,49990,10243,0.2049009801960392,0.7051975216445227,0.7001134592726413,0.710281584016404,0.3269554319672058,0.3195839996434634,0.3345567376319424,1.5956752947418356,1.559699711234671,1.632772753511745,0.05,0.3652,0.3465459130395674,0.3842677294847839,0.8035375868603917,1.7823243190471545,1.6912847986769477,1.875382582929254,1.8588797427652732,1.7597725906829176,1.9635684271694072,0.0891340427609098,0.9600724582987396,0.7999395618131924,0.8070865078572804,0.083768838497697,0.0948073190570367,0.9581027463729714,0.9619532455987811,0.1,0.359871974394879,0.3466790343218336,0.3732801184924391,0.8123180191593874,1.75632139021771,1.6919344845990885,1.821758578876992,1.9174561819043108,1.839195190237466,1.9990473164777856,0.1756321390217709,0.9194907791783028,0.8086834006074664,0.8158993071134115,0.1683851845565115,0.1831223082498571,0.9167752048729998,0.9221252726454436,0.2,0.3551710342068414,0.345847483793524,0.3646058391225278,0.8326665333066613,1.73337889290247,1.6878761803024762,1.779424572657929,2.122534369396294,2.0509925122136963,2.196571719516412,0.346675778580494,0.8377990791757869,0.8289761723718753,0.8362929890101419,0.3375182543576128,0.3559482670727565,0.834142359034248,0.8413905081742794,0.9003600720144029,0.2267990846275189,0.9929732985344308,0.9965830323147516,0.1244370644325357,1.106871643125029,32.276749729419194,23.19118619352278,44.92174589096827,0.222953722933467,0.2306910787313095,0.9902436077717588,0.9949431632582376,0.99525173010132,0.9975419908438734,0.1212282554559578,0.1277184636997945,0.874874974994999,0.2323539499256888,0.2284193676857331,0.2363355470854893,0.9870503597122302,1.133981641783187,1.1147792824963194,1.1534134529731146,17.942888355372638,14.44229628036064,22.291970493027968,0.9920921604998536,0.1553324779228621,0.9839345417486468,0.9895682866341644,0.9901827705205292,0.9936325741023448,0.1518047547490112,0.158926819799589
all,0.0,all,unplanned_icu,NORMA_q_age,toward,49990,10243,0.2049009801960392,0.7076080909104375,0.7025412005933367,0.7126749812275384,0.3310100439770329,0.3233411006933411,0.3398553147696799,1.6154634480534875,1.5780358902333422,1.6586319618604215,0.05,0.374,0.3552394361812643,0.3931472029735447,0.8040008422825858,1.8252718930000975,1.7337127223178177,1.918718019783999,1.9081714654061024,1.8080665106107163,2.013818805902334,0.0912818510202089,0.9606259591918886,0.8004059662146694,0.8075465393581793,0.0858563977338783,0.0970137658880517,0.9586690257124488,0.9624938610627584,0.1,0.3660732146429286,0.3528265821654537,0.3795255274835905,0.8130070458536152,1.786585961144196,1.7219370147858084,1.852238711208112,1.9576845358373944,1.878562936687348,2.040138590520232,0.1786585961144196,0.920270712255013,0.8093774696511543,0.8165831738018053,0.1713609778564329,0.1861971598628034,0.9175669186615334,0.9228932742617784,0.2,0.3577715543108621,0.3484317383281409,0.3672206271322358,0.8333166633326665,1.7460704871619643,1.7004883919773277,1.792185800091816,2.1464146414641467,2.074238205274396,2.2211025722005733,0.3492140974323928,0.8384532165949632,0.8296319276261434,0.8369373689179253,0.3400399381410798,0.3585013177323397,0.8348023356312908,0.8420386799813198,0.8940988197639528,0.2283425809915876,0.9930109557990178,0.9963877770184516,0.1322615543311444,1.114404532243431,32.67150334512067,23.68773107457628,45.06244719976099,0.224474431562823,0.2322574240596809,0.9903818279521324,0.9949250940215258,0.9950252498430168,0.9973781069142498,0.1289665210148574,0.1356276655897351,0.874874974994999,0.2326283297130444,0.2286920951205742,0.2366115310275859,0.988968824940048,1.1353207265796246,1.1161103031414144,1.154760366696185,21.088263802247727,16.667302113691548,26.681874916509468,0.993263692277653,0.1556343875009434,0.9860636714560782,0.9912737323216434,0.9914841908453008,0.9946733389051348,0.1521038137614443,0.1592315215890404
all,0.0,pop_normal,unplanned_icu,NORMA_q_age,any,46298,10197,0.2202470949069074,0.6770515120973637,0.6717072312819473,0.6823957929127801,0.3163141987815711,0.3096414358393314,0.323036880741374,1.436178756025221,1.4058820433940733,1.4667021187176754,0.05,0.314902807775378,0.296301612202065,0.3341173004136135,0.7847350112543483,1.4297705398043004,1.345314508358459,1.517011157649257,1.462861237260715,1.3739850794115258,1.5574863450456755,0.0714916151809355,0.9560676989557076,0.780869075839339,0.7885512118859793,0.0666505183149,0.0766554614583766,0.9539045932079532,0.9581337523639606,0.1,0.3321814254859611,0.3187585051338971,0.3458825995598845,0.7921906498992032,1.5082215982297764,1.4472767746091173,1.5704297925295216,1.5984912388438652,1.5282465651583117,1.6719646547322051,0.1508286751005197,0.9143514030082268,0.7882679509545182,0.7960594765139141,0.1440138400489143,0.1579065034647031,0.911420356007576,0.917194275000804,0.2,0.3374730021598272,0.3279111502007327,0.3471696499718437,0.8090609644149253,1.5322472348725784,1.4888330324598926,1.5762734583109168,1.7674384974541404,1.7059467620489752,1.831146734339456,0.3064626851034618,0.830060109138251,0.8050261320057195,0.813031691555623,0.2975885960850094,0.3154825450255436,0.8261506869004979,0.8338992937646991,0.6615404553112445,0.2909755779025728,0.917996171027441,0.8739825438854565,0.3984654164704578,1.321132421862638,3.5483169694422694,3.357666255499524,3.749792968556626,0.2859151151800267,0.2960884689596875,0.9135970780736696,0.9221903653824388,0.8673998828057456,0.8802835240221771,0.3934261200770432,0.4035263196755244,0.874874974994999,0.2467596593013208,0.242585194591455,0.2509821554065266,0.9651303297082686,1.1203764544799992,1.1014229027356266,1.139548085810667,7.076627259072037,6.173424468316399,8.111973122998092,0.9801902520349124,0.1548710562034292,0.9600894786839104,0.9695546916863824,0.9772992120237552,0.982719616226651,0.151175783870083,0.1586397728335364
all,0.0,pop_normal,unplanned_icu,NORMA_q_age,toward,46298,10197,0.2202470949069074,0.6891985550644927,0.6839461326905267,0.6944509774384586,0.3257259386069147,0.3197378713777244,0.3339379973469441,1.4789113960599134,1.4517234450373526,1.516197058072847,0.05,0.3269978401727861,0.3081881117571221,0.346380790232561,0.7853716208535115,1.4846862807021337,1.3992834361215296,1.5726917550443376,1.5235536021525058,1.4332310541913902,1.6195682976890802,0.0742375208394625,0.9568433007395916,0.781509757768336,0.7891836379584442,0.0693078919932986,0.0794878309007809,0.9546980001662956,0.9588913839233992,0.1,0.3464362850971922,0.3328623540090044,0.3602648344559616,0.7937745992128252,1.572943721430794,1.511313255458359,1.6357302447427782,1.6798914380809735,1.6078687562118084,1.755140295397349,0.1573011670099048,0.9161796072130964,0.7898627502147995,0.7976322838419627,0.1503635908560847,0.1644968614422825,0.9132764801784568,0.9189941701932648,0.2,0.3490280777537797,0.3393837772335002,0.3587975906344478,0.8119498893028781,1.584711380194615,1.540922832044385,1.6290684369121964,1.856037608592174,1.7922872969690649,1.922055470869085,0.3169559674414043,0.8330240159552367,0.8079380641833586,0.8158970099345547,0.3079951757861034,0.3260546265360891,0.8291413572163197,0.8368358063561138,0.615706941984535,0.303339647793447,0.9128821942446044,0.8479945081886829,0.4499044347802,1.3772696884908318,3.481947750671619,3.3097629074763835,3.663090220456722,0.2980298603047214,0.3087024338515534,0.9086486991682496,0.9169374310207268,0.8408949268085206,0.8548319826260891,0.4447781650565668,0.4550413649645812,0.874874974994999,0.2472287371929391,0.2430515484239619,0.2514538683885494,0.9684101501812532,1.122506234633588,1.1035403146937914,1.1416898302101657,7.826208057697795,6.779399090812726,9.034655098764985,0.9820535451603412,0.155397357413922,0.9635864398754986,0.9726130243292848,0.9792893258947584,0.9844546851876212,0.1516968584542097,0.15917118867219
all,0.0,all,periop_infection,NORMA_q_age,any,49990,1899,0.0379875975195039,0.7146133971109646,0.702944936532222,0.7262818576897072,0.083912602592387,0.0776091673317315,0.0891596888725664,2.2089473425979094,2.043013309590973,2.347073642306266,0.05,0.1144,0.10250994431831,0.1274732942379947,0.966034954727311,3.0115092153765137,2.698510856488848,3.355655597133943,3.368168629882207,2.9898433748467825,3.794365957348501,0.1506055818852027,0.9539622798444616,0.9643677145900272,0.9676268032002542,0.135224970233074,0.1673969610932118,0.9520527048491249,0.9557993339025735,0.1,0.1052210442088417,0.0970160857949133,0.1140322911914778,0.969482785445978,2.769878883622959,2.553888430167307,3.0018295085107822,3.4479242534595773,3.131801323860897,3.795956520938878,0.2769878883622959,0.9069888336695016,0.9678528548137356,0.9710325484410232,0.2573255888698144,0.297550655164371,0.9043602971183364,0.9095523533393788,0.2,0.0912182436487297,0.0857303712610775,0.0970201334059829,0.9753200640128026,2.4012638230647707,2.2567989780628053,2.553994981024269,3.696048632218845,3.387010733124232,4.033283791553233,0.4802527646129542,0.8110665197230251,0.9737531969030704,0.9767956221521584,0.4578441762019588,0.5027410874374318,0.8075430233261469,0.8145403229261048,0.9003600720144029,0.040947366082339,0.9887572776550894,0.9705107951553448,0.1024100143477989,1.0779140760695791,3.6421219724309104,2.7963553837855795,4.7436933584980885,0.0391554039831821,0.0428176834479388,0.9854295560638088,0.9913316714143122,0.9619004941442616,0.9772212908745228,0.0997319120138553,0.1051516320874729,0.874874974994999,0.0418657825540185,0.0400285853430938,0.0437834559890661,0.989128697042366,1.1020908214193712,1.0537277416015078,1.1525723880428729,3.8510363216968506,3.0275038128898326,4.898583674077134,0.9641916798314902,0.1286519307146867,0.9862419213655044,0.9914150303617928,0.9548532192191918,0.9716558501641978,0.1256891061876577,0.1316740784745411
all,0.0,all,periop_infection,NORMA_q_age,toward,49990,1899,0.0379875975195039,0.7159956885319082,0.7042833552536999,0.7277080218101165,0.086487054775407,0.081113936134253,0.0934032189491123,2.276718203382096,2.135274179753191,2.458781945901066,0.05,0.1212,0.10898450491843,0.134577867397774,0.9663929248262793,3.190515007898894,2.868949658173942,3.542679089633872,3.606383458646617,3.21122859955883,4.050163744987431,0.1595576619273301,0.9543157763406874,0.9647339602360036,0.9679764398424774,0.1437767731992711,0.1767131719438243,0.9524130301666948,0.9561459451060296,0.1,0.1068213642728545,0.0985585054926223,0.1156880539027421,0.969660598786424,2.812006319115324,2.594491674342386,3.045416437387087,3.520879120879121,3.1996183011037957,3.874396448965802,0.2812006319115324,0.9071551849618432,0.9680351428759704,0.9712058566967452,0.2614368164738829,0.3018479046505659,0.9045287193326969,0.9097166071349132,0.2,0.0913182636527305,0.0858275729505492,0.097122894891293,0.9753450690138028,2.403896787783044,2.259357752394921,2.556700113541726,3.7038539553752536,3.394176378086869,4.04178586926628,0.4807793575566087,0.8110873136345678,0.9737789500828248,0.9768198741709446,0.4583687851714592,0.5032675381042144,0.8075639632465436,0.8145609675069448,0.8940988197639528,0.0411669948093789,0.9888553078957312,0.9689310163243812,0.108856126926036,1.0836956664143509,3.693865602048339,2.8548366787008352,4.779482899247768,0.0393641774898106,0.0430486783087656,0.9856518101557789,0.991349842743772,0.960131157967568,0.975837448142368,0.1061035921973385,0.1116711472874048,0.874874974994999,0.0417971876071796,0.0399614671384069,0.0437133963495185,0.9886490807354116,1.1002851018867343,1.051960896392293,1.150728111380955,3.682273358914203,2.9093567133860527,4.660527541151356,0.9626119010005266,0.1285895489800586,0.9857075770893567,0.990990730789213,0.9531028615863412,0.9702530288881996,0.1256273478319484,0.1316110833265398
all,0.0,pop_normal,periop_infection,NORMA_q_age,any,46298,1873,0.0404553112445462,0.6969493146844911,0.685674561544528,0.7082240678244541,0.0751274360051554,0.0709451940609008,0.080102525254001,1.8570475345257276,1.7536682299154236,1.9800249408487656,0.05,0.0842332613390928,0.073596503835795,0.0962476114327942,0.9618488961644271,2.0821310910183244,1.8192049837638216,2.3791094042261123,2.20788530004608,1.9150751178986685,2.5454654246191835,0.1041110517885744,0.9522791221159256,0.9600179056965636,0.9635992152926368,0.0910805059332282,0.1187622426503495,0.9502573726490332,0.954222657728351,0.1,0.0892008639308855,0.0813274250124793,0.0977554335815649,0.96496112124412,2.2049234374117126,2.010302788696087,2.4163807068656125,2.545768217994615,2.292170266993105,2.8274233869429097,0.2205018686599039,0.9050759707371976,0.9631522497967931,0.9666842659956836,0.2023085563398944,0.2398393585400826,0.9023151701104208,0.9077667204784168,0.2,0.0855291576673866,0.0800033250511432,0.0913987420999186,0.97081375884227,2.114163877033991,1.9775728474200909,2.259251981709573,2.930461555674991,2.681452525590335,3.2025944324330284,0.4228510411105179,0.8093866066404052,0.9690500145201192,0.9724798472133211,0.40065827187594,0.4453596339505294,0.8057073575145974,0.8130123527017499,0.6615404553112445,0.0543946715423795,0.9867900446713466,0.8894821142552055,0.3480697805289814,1.3445619343668376,4.117702913377232,3.568477631847624,4.751459594845894,0.0519101227225624,0.0569909888580093,0.9848793170334722,0.9884621514677792,0.8744775925682802,0.9028922185015512,0.3436533715212948,0.3525124632413202,0.874874974994999,0.0446117763239106,0.0426440367011747,0.0466658881721151,0.9886069394096324,1.102742135741812,1.0541023017570672,1.1535169730873396,3.915697276430519,3.0676613766858534,4.998167423944961,0.9647624132407902,0.1289138998311761,0.9855319417962678,0.9910343318103804,0.9554153311168032,0.9722069040254698,0.1258297741557252,0.1320621984317392
all,0.0,pop_normal,periop_infection,NORMA_q_age,toward,46298,1873,0.0404553112445462,0.7077263821608553,0.6964545621959983,0.7189982021257122,0.0802669763158884,0.0750805147357147,0.087186260200168,1.984089946328352,1.855887704876733,2.1551251867311167,0.05,0.0989200863930885,0.0874144915786027,0.1117546107869922,0.9626219221062684,2.445169332529212,2.160766754461372,2.7624212334309477,2.6464733332282324,2.319727442729954,3.0192431121329304,0.1222637479978644,0.9530444569499156,0.9608083757179234,0.9643546621301952,0.1081959107320073,0.1378779188335777,0.9510378067349292,0.9549727609590078,0.1,0.0952483801295896,0.0871248949696251,0.1040429688606792,0.9656330997408082,2.35440977215149,2.153608322105555,2.571799985217154,2.7715150162288693,2.5019286978755506,3.070149637639349,0.2354511478910838,0.9057062464828364,0.963840562546005,0.9673397863445512,0.2167896848507218,0.255195590837967,0.9029535079082914,0.9083888251765307,0.2,0.0890928725701943,0.0834595525729402,0.0950669887271614,0.9717047356768724,2.202254038577074,2.0630060678174,2.349926024607645,3.1486849372660872,2.882468833616236,3.439487955097278,0.4404698344901228,0.8101294316263365,0.9699664794557769,0.973345151140905,0.4181312314829684,0.4630521352966255,0.8064555689789137,0.8137496627505583,0.615706941984535,0.0570757033606959,0.9861735611510792,0.8686599038974907,0.3949577940348903,1.410833376504807,4.128011846315053,3.614777077708223,4.71411692532949,0.0544418091017129,0.0598289625745492,0.984349753666133,0.9877874674248884,0.8526052018527017,0.8832054280907096,0.3904212619289617,0.3995124913742079,0.874874974994999,0.0448586594247623,0.0428856032986263,0.0469180409507318,0.9903331607112033,1.1088447485572068,1.0600734978749602,1.1597498451345338,4.640468107993722,3.562002108776021,6.045460840197634,0.97010144153764,0.1291389983117614,0.987468542603991,0.9925478856523892,0.9613743090421348,0.9769041263889638,0.1260525371825463,0.1322895934391982
all,24.0,all,mortality,NORMA_q_age,any,32049,586,0.0182845018565321,0.4816926192844317,0.4573480616272449,0.5060371769416186,0.0176154039574285,0.0159160395861358,0.0200778364523596,0.9634062823065306,0.8704661308806624,1.0980794888424503,0.05,0.013732833957553,0.0090862389442786,0.0207059896291996,0.9814760074884225,0.7510641561529318,0.4969366415105549,1.1324338935601004,0.7413538927404575,0.4856586695929329,1.1316705099532054,0.0375426621160409,0.9497822839525792,0.9798995680319896,0.9829309633908264,0.0249211550665677,0.0561880783276181,0.947313677539382,0.9521410678647452,0.1,0.0134165366614664,0.0099758853242267,0.0180222558118143,0.981174594369713,0.7337655007906801,0.5455924040207216,0.9856574684519436,0.7126824741497947,0.523575631374732,0.9700915751687236,0.0733788395904436,0.8995010011759845,0.9795408527665226,0.982680182168722,0.0549309170654953,0.0973838738885506,0.8961297820423142,0.90277467489562,0.2,0.0182527301092043,0.0152524656625361,0.0218300840530664,0.9817075548968368,0.9982623673547626,0.8341745256290473,1.1939118836462894,0.9978288854368674,0.8163904870244352,1.219590992836226,0.1996587030716723,0.7999872866541652,0.9799935907948786,0.9832771880567134,0.1692951301408354,0.2339344826908129,0.7955307395410162,0.8043705864312732,0.8003369839932604,0.017037037037037,0.9767151117362088,0.7457337883959044,0.1986460286685948,0.931774744027304,0.7316778523489933,0.6087631345450853,0.8794101502517754,0.0155241090008656,0.01869461011682,0.9727240862075214,0.9801340947601288,0.7089550658455983,0.7793116145648713,0.1942742591651893,0.2030913792088888,0.76729383132079,0.0172827457199788,0.0157276485969484,0.0189886392282189,0.9784124430142128,0.9452128286341336,0.8601628155010255,1.0385100659132904,0.8005883079478403,0.6690264224888347,0.9580214133224052,0.7252559726962458,0.2319232113911578,0.9748593716421738,0.9814729096541752,0.6877345182716006,0.7598432721046633,0.2272924109848257,0.2366194676067644
all,24.0,all,mortality,NORMA_q_age,toward,32049,586,0.0182845018565321,0.4796620094093946,0.4554048231051203,0.5039191957136688,0.0172651088898668,0.0155536472423445,0.0197767360700888,0.944248250531302,0.8506464854435183,1.0816119698127598,0.05,0.0124843945068664,0.0080960858239353,0.0192052370462655,0.9814103195717148,0.6827855965026652,0.4427840521694629,1.0503560445320193,0.6715766069797912,0.431178386448211,1.0460059066449994,0.0341296928327645,0.9497187172234052,0.979831258743512,0.9828679134199269,0.0222004458777663,0.0521273058440518,0.9472486731474028,0.9520789543193464,0.1,0.012792511700468,0.0094439492407683,0.0173076361288554,0.981105255859104,0.6996368728469275,0.5165002205074805,0.9465741131291592,0.6770407476849533,0.4939482334498683,0.9280004319973396,0.0699658703071672,0.8994374344468106,0.9794686960780266,0.9826136803032968,0.0519905797220466,0.0935427295596317,0.8960652902485755,0.9027120487519806,0.2,0.0179407176287051,0.0149681218647106,0.0214907766525211,0.98162954873435,0.9811980533828862,0.8186234430752783,1.1753547797553767,0.976607344548559,0.7979644497812048,1.1952436047592112,0.1962457337883959,0.7999237199249912,0.9799121719101882,0.9832026179889156,0.1661114383959425,0.2303366927633382,0.7954666540072545,0.8043075540276566,0.79571905519673,0.0169790604658458,0.9766305177944096,0.7389078498293515,0.2032228331691193,0.9286039400510112,0.7265484239862259,0.6054537152430066,0.8718628676429878,0.0154646132287631,0.0186390095272097,0.9726818954526124,0.9800201207280264,0.7018706476818557,0.7728330693838785,0.19881276654259,0.2077053633227218,0.76729383132079,0.0172014151518848,0.0156500957380149,0.0189035563578781,0.9781442746044516,0.9407647682640908,0.8559213622997294,1.0338567879072322,0.7870438908144607,0.6581668476067316,0.9411566205754742,0.7218430034129693,0.2318596446619839,0.9745714427076272,0.9812247778929282,0.6842071101121192,0.7565891985917768,0.2272292981371556,0.2365554625170563
all,24.0,pop_normal,mortality,NORMA_q_age,any,24206,392,0.0161943319838056,0.5031679401415391,0.4720127701313099,0.5343231101517683,0.0188368072885148,0.0163959521314379,0.023472822576063,1.1631728500657927,1.0124500441162925,1.4494467940718947,0.05,0.0272727272727272,0.0194845504707755,0.0380531051838007,0.9843885893198816,1.684090909090909,1.2031709915703908,2.349779245099698,1.746973917447455,1.2288441790814284,2.483567827552426,0.0841836734693877,0.9505752918451332,0.9827035107485944,0.9859118557154948,0.0605695178914382,0.1158687341770658,0.9477488873858336,0.9532563489576644,0.1,0.0247831474597273,0.019302487546974,0.0317695494883522,0.9847601560706908,1.530359355638166,1.1919286060256504,1.961769680905752,1.6262074319583166,1.2392734693317846,2.133952414217665,0.1530612244897959,0.9008566389518772,0.983045792578775,0.98630358302089,0.1207993673523593,0.1920570883612392,0.8969959728200253,0.90458799606488,0.2,0.0200371824003305,0.0164536072365068,0.0243819073858907,0.9847663310095534,1.237296013220409,1.0160102468542962,1.5055827810787532,1.31532215994034,1.047963990880105,1.6508891521903966,0.2474489795918367,0.8007894515831023,0.9829425688253352,0.986397796888637,0.2073178895751768,0.2924820303928104,0.7956682265850957,0.8058136474063745,0.2019747170123109,0.0202495397831867,0.9848320132525754,0.2525510204081632,0.7988578147308306,1.2504090816117814,1.3350182934874346,1.0653109786264343,1.6730080508924148,0.0166615196240372,0.0245909092303937,0.9830095111914224,0.9864617151551563,0.212083501565211,0.2978214705246349,0.7937185230043292,0.8039007003933106,0.76729383132079,0.0151833306412534,0.0135222772177633,0.0170448994975724,0.980472217290964,0.9375706670973994,0.8350006181968842,1.0525225439750967,0.7775245591107326,0.6250359853607883,0.9672154150794678,0.7193877551020408,0.2319223985890652,0.9765176693169711,0.9837718658723804,0.6729455278169555,0.7615717134229748,0.226605290151606,0.2373259839567917
all,24.0,pop_normal,mortality,NORMA_q_age,toward,24206,392,0.0161943319838056,0.4931077243192566,0.4612760738997419,0.5249393747387713,0.0182865103285024,0.0161277485789963,0.0218904450987114,1.1291920127850266,0.9958884747530234,1.35173498484543,0.05,0.0256198347107438,0.0181067860677181,0.0361355467045314,0.9843016176726388,1.5820247933884295,1.1180940396815984,2.23137000900482,1.6320047617957465,1.136056578793864,2.344460295588208,0.0790816326530612,0.9504913076341648,0.9826121743359738,0.985829277886897,0.0562691614827178,0.1100640384639274,0.9476627017493592,0.9531745932639726,0.1,0.0256092523750516,0.0200285355150697,0.0326930938070269,0.9848519623594216,1.5813713341594382,1.2367620680555578,2.018798542583916,1.6905986757287872,1.2931149819310328,2.210262754908182,0.1581632653061224,0.9009406231628454,0.9831424065143244,0.9863905492899898,0.1253810410273075,0.1975804668081498,0.8970813741114532,0.9046705361036188,0.2,0.0198306135096054,0.0162670719498879,0.0241556324786737,0.9847146914536536,1.2245403842181366,1.0044916929055836,1.491610305558102,1.297364292613208,1.0328199036124668,1.6296685432384157,0.2448979591836734,0.8007474594776182,0.9828880686863696,0.9863490384000966,0.2049380216985359,0.2898093722085218,0.7956258397554969,0.80577206357089,0.1767330413946955,0.0210378681626928,0.984845443596949,0.2295918367346938,0.8241370622323003,1.2990883590462832,1.388220651477295,1.0996244656510736,1.7525588393006517,0.0171475841584566,0.0257875865400577,0.9830533761166864,0.9864506159278824,0.1907012710002683,0.2737309665412129,0.8192495518343789,0.8289200119433903,0.76729383132079,0.0151833306412534,0.0135222772177633,0.0170448994975724,0.980472217290964,0.9375706670973994,0.8350006181968842,1.0525225439750967,0.7775245591107326,0.6250359853607883,0.9672154150794678,0.7193877551020408,0.2319223985890652,0.9765176693169711,0.9837718658723804,0.6729455278169555,0.7615717134229748,0.226605290151606,0.2373259839567917
all,24.0,all,prolonged_los,NORMA_q_age,any,32068,22988,0.7168516901584133,0.4052645404344269,0.398308811404867,0.4122202694639869,0.6581290192375673,0.6508827784824904,0.6652275488912615,0.9180825382334395,0.9079741143368932,0.9279849068142064,0.05,0.5982532751091703,0.574046106555599,0.6219906403147831,0.2769079271294928,0.8345565523838904,0.8007878260407582,0.8676699083702134,0.8273542160879237,0.7943459002486212,0.8617341622386637,0.0417174177831912,0.9290748898678414,0.2719114794568767,0.2819606309944769,0.0392083669489589,0.044379613232672,0.923611374990883,0.9341754891041492,0.1,0.5946367321484253,0.5775408978772388,0.611506110857169,0.2695679290391878,0.8295115158576519,0.8056630204074864,0.8530441083594787,0.8140890245498649,0.7904849835590371,0.8383978869638501,0.0829563250391508,0.8568281938325991,0.2644793828527585,0.2747178112867028,0.0794600845270968,0.0865919293315929,0.84947298240923,0.8638815965609714,0.2,0.5922980979108201,0.5802199925548887,0.6042657074349648,0.2520074842129882,0.8262491475467278,0.8094003271815804,0.8429438274762682,0.7918502998490895,0.7749986702433067,0.8090683525614839,0.1652601357229859,0.7120044052863436,0.2467319554102706,0.2573572739814955,0.1605147719610682,0.1701173597425531,0.7026020460486225,0.7212274491728704,0.8004552825246352,0.6976508629085667,0.2061259571808095,0.7790151383330434,0.1452643171806167,0.973215063152598,0.8787928881401414,0.865833004326556,0.8919467569226786,0.6920030695163566,0.7032395046441913,0.1963921186518415,0.2162124349263696,0.7736051236625805,0.7843319143170133,0.1381664775711686,0.1526621956192578,0.7674317076213047,0.6949207639171069,0.6891379769866124,0.7006427064155267,0.2107803700724054,0.9694066059376104,0.9613396835743296,0.9773886510063126,0.8805163196217777,0.8679658001849722,0.8932483157228712,0.7439533669740734,0.1731277533039647,0.2016736973060973,0.2201848422801623,0.7382708678764868,0.7495543440021476,0.1654839684836183,0.1810480097930615
all,24.0,all,prolonged_los,NORMA_q_age,toward,32068,22988,0.7168516901584133,0.4064718045768372,0.3994911219188718,0.4134524872348025,0.6576279527723596,0.6515722172134136,0.6643248165978236,0.9173835561816612,0.9089358735688076,0.9267256054749874,0.05,0.5957579538365565,0.5715326799485034,0.6195253558902503,0.2767766289184309,0.8310756074312987,0.7972816243513402,0.8642308644809704,0.8237537359247807,0.7907268341117392,0.8581600979968049,0.041543413955107,0.9286343612334802,0.2717809329986556,0.2818286141394935,0.0390395505182497,0.0442004801541953,0.923155934645086,0.9337502447845512,0.1,0.5940130963517306,0.5769138694360347,0.6108873599986406,0.2694986313710543,0.8286415509747389,0.8047883228238543,0.8521809579100578,0.8131580882135985,0.789552911092471,0.8374689867361566,0.0828693231251087,0.8566079295154185,0.2644105095777298,0.2746481076710134,0.0793747975577564,0.0865032415463404,0.8492482023456874,0.8636660342918164,0.2,0.5907390084190832,0.5786547387717886,0.602714648718236,0.2516176814531847,0.824074235339445,0.8072168158575657,0.8407801181092915,0.78935457690417,0.7725100726933313,0.8065663738301959,0.1648251261527753,0.7109030837004405,0.246344937800071,0.2569648027979065,0.1600849076130278,0.1696773503176288,0.7014906252909583,0.7201371582670466,0.7958400898091555,0.6976999333881901,0.2084924392851687,0.7745780407168957,0.1503303964757709,0.9732835159166732,0.8814823357569435,0.868510670994951,0.894647739170995,0.6920359552992599,0.7033044020724388,0.1988245051145502,0.2185022701199479,0.7691306481021772,0.7799336773931759,0.1431270838045497,0.1578294630379227,0.7674317076213047,0.695489638358391,0.6897097759252564,0.7012084787855404,0.2126575489407347,0.97020017934909,0.9621373366265497,0.9781778970634551,0.8833381680648636,0.8707058783665833,0.8961537283106228,0.7445623803723682,0.174669603524229,0.2035198727252972,0.2220910917315199,0.7388841860599563,0.7501588491008288,0.1669979019224364,0.182616472683127
all,24.0,pop_normal,prolonged_los,NORMA_q_age,any,24225,18551,0.7657791537667699,0.4937961800549948,0.4851122915174608,0.5024800685925289,0.7557589832918461,0.7487344966960073,0.7640263869757418,0.9869150649692724,0.9777420722581412,0.9977111327953936,0.05,0.7018992568125516,0.6755302664294822,0.726991346264716,0.2308594768401842,0.9165818282725492,0.8821476310848044,0.9493485722205134,0.9125760971856992,0.879092353071067,0.9473352034576946,0.045819632364832,0.936376454000705,0.2254604313285515,0.2363483596399291,0.0429035689296866,0.0489237630805203,0.9297254405048838,0.9424369671255086,0.1,0.7320396366639141,0.7140434138061186,0.749300936459785,0.2304728707058661,0.9559409303101352,0.9324403913240916,0.978481763017535,0.9512850279045966,0.9276429980842444,0.9755296015647456,0.0955743625680556,0.8856186112090236,0.2249305395812327,0.2361101642683334,0.0914268357215118,0.099889354226453,0.8770748295930743,0.8936405774728783,0.2,0.75562435500516,0.7433247698614418,0.7675188922618994,0.2316821465428276,0.9867392593391192,0.9706777289576534,1.0022718540803468,0.9834788448623238,0.966145057194672,1.0011236212295191,0.1973478518678238,0.7913288685230878,0.2257955441596407,0.2376751024432493,0.1916834320018927,0.2031375941177804,0.7805599400711499,0.8017035735851662,0.2023116615067079,0.7557641297694349,0.2316808114262057,0.1996657862109859,0.7890377158970744,0.9869217855460384,0.9836590586424572,0.9664024167172572,1.0012238451722062,0.7435383484414805,0.7675892688091971,0.2257857759993606,0.2376825090470151,0.1939756832379131,0.2054802517564335,0.7782279009924554,0.7994564077772713,0.7674317076213047,0.7663923403797537,0.7602553007004748,0.7724193094451691,0.2362442314518991,1.0008007355775717,0.9927866238730528,1.008671110522841,1.0034521138042138,0.9869817685481628,1.0201973093984351,0.7680448493342676,0.2345787804018329,0.2253343878264987,0.2475135190746103,0.7619158274945962,0.7740628790010712,0.2237349347499269,0.2457817914651896
all,24.0,pop_normal,prolonged_los,NORMA_q_age,toward,24225,18551,0.7657791537667699,0.5046363057061856,0.4959277161243963,0.5133448952879748,0.76131498577115,0.7540019373097573,0.7686434546911346,0.9941704237133366,0.9846206097422712,1.0037403746370943,0.05,0.7200660611065235,0.6941135503011633,0.7446267760096907,0.2318154167028765,0.9403051226513682,0.906414789286059,0.9723779660845646,0.9373607291309198,0.9043717507627936,0.9715530541237662,0.0470055522613336,0.9402537892139584,0.2264083451064849,0.2373120065011132,0.0440524764340966,0.0501462043026874,0.9337835948778072,0.9461282364068132,0.1,0.7444260941370768,0.7266769330121913,0.7614011014316077,0.2318488281429161,0.9721159037502392,0.948937992680736,0.9942828786685728,0.9691140512581016,0.9457080414587822,0.993099353260415,0.097191526063285,0.8909058864998237,0.2262946109215078,0.2374975230113583,0.0930118525248259,0.1015379947775622,0.8825278335591187,0.8987549693989629,0.2,0.7642930856553147,0.7521350146764957,0.7760323727671362,0.2338493292053663,0.9980594038057248,0.9821826710440466,1.0133892636668576,0.9975754310344828,0.9803038561869184,1.0151513067330866,0.1996118807611449,0.7987310539302079,0.2279430087938689,0.2398611441249208,0.1939223716192382,0.2054257747966276,0.7880977249072574,0.8089601429980395,0.1769659442724458,0.7639374854210403,0.2338248570568763,0.1765403482292059,0.8216425801903419,0.9975950398536306,0.99707944385472,0.9789770381932756,1.015516583711091,0.7509924460696575,0.7764099171403944,0.2280012483459171,0.2397510178239235,0.1711207218043274,0.1820939130217655,0.8114650535644918,0.831384863206698,0.7674317076213047,0.7693507611209726,0.7632400835314357,0.7753501457071936,0.2460063897763578,1.0046640174737511,0.9966843309551524,1.012498370964194,1.0203677467409509,1.0033037667475813,1.037721947326393,0.7710096490755215,0.2442721184349665,0.234935789158125,0.2574231306100359,0.7649073094113896,0.7769997689007204,0.2332678622137644,0.2556224231369223
all,24.0,all,unplanned_icu,NORMA_q_age,any,23451,193,0.0082299262291586,0.3430881434968947,0.302414289975553,0.3837619970182364,0.0067827448771128,0.0054081212365886,0.011379496906656,0.8241562182029701,0.6571287622758569,1.3826973158445166,0.05,0.0051150895140664,0.0023463048042667,0.0111148100985375,0.991606068767394,0.6215231305407949,0.2850942692479709,1.3505358115067572,0.609379487670446,0.2708762965279728,1.370896474712941,0.0310880829015544,0.9498237165706424,0.990320382743204,0.9927222397301556,0.0143240767704858,0.0661548463839692,0.9469429821540728,0.95255587781581,0.1,0.0051172707889125,0.0029297110198998,0.0089236212780294,0.9914242395527338,0.6217881723875074,0.3559826586926009,1.084289339850097,0.5967133550872316,0.3331985175530651,1.0686326900681764,0.0621761658031088,0.8996904290996647,0.990087715365393,0.9925819035293316,0.0359213053351085,0.105520341146123,0.8957632846499003,0.9034855590014124,0.2,0.0044776119402985,0.0029305521979455,0.0068357765166834,0.9908320452001492,0.544064650839069,0.3560848683627993,0.8305999745738017,0.4883981256508157,0.310814694424179,0.7674435392481687,0.1088082901554404,0.7992518703241895,0.9893641600997086,0.9920989608040136,0.0722755245656457,0.1606102069057504,0.7940546505788912,0.8043502495731243,0.7973220758176623,0.0060434271045031,0.9831685251420156,0.5854922279792746,0.2009201135093301,0.7343233628378419,0.3590551128462937,0.270119933995848,0.4772716035945956,0.0050294591126699,0.0072603252260018,0.9791018444138442,0.986454797203148,0.514981959079198,0.6526655300694373,0.1958200557787837,0.2061189549313571,0.7642318024817705,0.0059703158129673,0.0049434755142283,0.0072089023133208,0.9844456502079942,0.7254397726937627,0.6006706957728984,0.8759376588066738,0.3838357689522815,0.2894456962932195,0.5090070414380544,0.5544041450777202,0.2340270014618626,0.9808313363662132,0.9873872368891644,0.4838987868573091,0.6227859789645497,0.2286298110231453,0.2395120406520892
all,24.0,all,unplanned_icu,NORMA_q_age,toward,23451,193,0.0082299262291586,0.3395526727223392,0.2994564084107585,0.3796489370339198,0.0063777610058965,0.0051321149816888,0.0097907321136649,0.7749475303071544,0.6235918571792017,1.1896500455831966,0.05,0.0042625745950554,0.0018220230295821,0.0099396278162071,0.9915611814345991,0.5179359421173291,0.2213899588949783,1.2077420306625564,0.5051150895140666,0.2082232973105815,1.2253252011192588,0.0259067357512953,0.9497807206122624,0.9902723400075778,0.9926805232781928,0.0111152895526936,0.0592031797139653,0.9468988556675514,0.9525140265867929,0.1,0.0046908315565031,0.0026212965699013,0.0083805521711972,0.99137685966076,0.569972491355215,0.3185079060142827,1.0183022226256293,0.5439818177558049,0.2964427711097691,0.9982237615075308,0.0569948186528497,0.8996474331412847,0.9900369518418122,0.9925379245134892,0.0321193323739777,0.0991618602194577,0.8957195609944278,0.9034433049413456,0.2,0.0042643923240938,0.0027622788062299,0.0065779596883967,0.9907787431373594,0.5181568103229227,0.3356383434450641,0.7992732261792355,0.4624523953313531,0.2914127744715341,0.7338807241224652,0.1036269430051813,0.7992088743658096,0.9893069586007628,0.9920495800017264,0.0680882865806026,0.1546369910029975,0.7940112490628093,0.8043076733736669,0.7918212442966185,0.0060315579729656,0.9834084391642768,0.5803108808290155,0.2064235961819589,0.7328811711089043,0.3635316793088707,0.2736172497615917,0.4829932395573642,0.005015481721341,0.0072519787409287,0.9794264738805412,0.9866302234958124,0.5097824397294922,0.6477045955313468,0.201270599136939,0.2116735591622044,0.7642318024817705,0.0058587211248744,0.0048423827423776,0.0070868535396165,0.984083921143064,0.7118801507742532,0.588387138297914,0.8611077842359964,0.3681007852208053,0.277743301928029,0.4878540261442015,0.5440414507772021,0.2339410095451027,0.9804329869859916,0.987062630455867,0.4735979211654248,0.6127659368808418,0.2285445275346318,0.2394253687095245
all,24.0,pop_normal,unplanned_icu,NORMA_q_age,any,17172,132,0.0076869322152341,0.4187419974391805,0.3656937478974668,0.4717902469808942,0.0066504732652467,0.0052878715500606,0.0082984907578035,0.8651661129607375,0.6879040171033458,1.079558206765168,0.05,0.0058207217694994,0.0024887145129451,0.0135531638573142,0.992214798013854,0.7572229865594243,0.323759133456768,1.7631434072560666,0.7476648364239686,0.3067294037298719,1.8224620816502417,0.0378787878787878,0.9498826291079812,0.9907453648808732,0.9934524592862743,0.0162859389418253,0.0856092095252127,0.9465039788412312,0.9530584766089534,0.1,0.0087361677344205,0.005301312732973,0.0143644136185981,0.992429634422517,1.1364960025414308,0.6896525928076821,1.868679626201266,1.1539954900467422,0.675714550967145,1.9708108832970384,0.1136363636363636,0.9001173708920188,0.9909354006610284,0.9936791256952024,0.0700848821029336,0.1790405698940981,0.8955246832973888,0.9045296894210249,0.2,0.0072801397786837,0.004936063289034,0.0107253912701288,0.9922113844810015,0.9470800021178588,0.6421369606007054,1.3952759006867637,0.9347155166313772,0.6057445235588219,1.4423458455693674,0.1893939393939394,0.7999413145539906,0.9905975318621052,0.9935500368305802,0.1317037304939829,0.2646520250330426,0.7938674010934795,0.8058800173523714,0.1992196599114838,0.0073078047354574,0.992218747727438,0.1893939393939394,0.8007042253521127,0.9506789614945124,0.9391553543670622,0.6086245673646183,1.4491902347213677,0.0049548385572436,0.0107660636882791,0.99060641291585,0.9935561382544958,0.1317037304939829,0.2646520250330426,0.7946387421895217,0.8066341539397174,0.7642318024817705,0.0063247732987883,0.0051053843152938,0.0078331126343455,0.9878982464806124,0.8227955082332893,0.6641640868350496,1.0190167436134985,0.5226327976896771,0.3677983415262804,0.7426489202954216,0.6287878787878788,0.2347417840375587,0.9840378311585062,0.990833725627725,0.5438180062250781,0.7064735097759112,0.2284381503694416,0.2411649935602696
all,24.0,pop_normal,unplanned_icu,NORMA_q_age,toward,17172,132,0.0076869322152341,0.4170365628112107,0.3639624598569573,0.470110665765464,0.0066934366431258,0.0055254525545802,0.0083512053083631,0.8707552578466468,0.7188111459640335,1.0864158905697912,0.05,0.0046565774155995,0.001812268090112,0.0119116877321385,0.9921534972108136,0.6057783892475395,0.2357596033591183,1.5496022858809335,0.593458963911525,0.2198930699261382,1.6016582149007337,0.0303030303030303,0.949823943661972,0.9906788418444632,0.993396409581646,0.0118458688521193,0.0753262492619193,0.946443491865933,0.9530016191470678,0.1,0.0093185789167152,0.0057439851640244,0.015083963207284,0.9924943384018116,1.2122624027108595,0.747240251792638,1.9622864863294105,1.241539975498564,0.7378860133382262,2.088969682170179,0.1212121212121212,0.9001760563380282,0.9910058713410856,0.9937380308152054,0.0760035161122655,0.1878449662377656,0.8955845309522694,0.904587186203328,0.2,0.0075713453698311,0.0051721507429106,0.0110710641858981,0.9922841752802446,0.9849632022025732,0.6728497921004691,1.4402448045472966,0.9812749310447136,0.640045291906925,1.504425549991909,0.1969696969696969,0.8,0.990677101337303,0.99361600825581,0.1381111992983935,0.2729675865816314,0.7939267338111413,0.8059380290718934,0.1694036804099697,0.0075627363355104,0.9922877375026292,0.1666666666666666,0.8305751173708921,0.9838432451014094,0.9806118941216913,0.6215145609039523,1.5471877046522404,0.0049996387446076,0.0114247353099238,0.9907135773665784,0.9935967832390936,0.1127163699886792,0.2394702944793482,0.8248682735074617,0.8361329411482765,0.7642318024817705,0.0060961670349767,0.0049012787764579,0.0075801394498425,0.987157322795752,0.7930559115501583,0.6376118117373937,0.9861072320658844,0.4746803908580941,0.335387588423412,0.671824126004134,0.6060606060606061,0.2345657276995305,0.983198389148178,0.9901927248790764,0.5208366538799802,0.685285771062011,0.2282637882531272,0.2409873223650329
all,24.0,all,periop_infection,NORMA_q_age,any,31525,537,0.0170340999206978,0.4484996775348131,0.4237489495508441,0.4732504055187821,0.0148576087304407,0.0133919262694682,0.0168330293287534,0.8722274026576256,0.7861833810893611,0.9881959955101512,0.05,0.0107868020304568,0.0067455430322565,0.017207238056683,0.982637149821363,0.6332475493671365,0.3960023167446687,1.010164208076224,0.6212575654041389,0.3842644583548349,1.004414939191374,0.031657355679702,0.949690202659094,0.9810946958735244,0.9840558025686664,0.0198575183289613,0.0501104722989784,0.947200220429502,0.9520687020084598,0.1,0.0136421319796954,0.0101438802331069,0.018324468748667,0.9825890811687168,0.800871900670202,0.5955043283960849,1.0757520992583378,0.783538887975503,0.5749979856700884,1.0677136342563447,0.0800744878957169,0.8996708403252872,0.9810005010197544,0.9840469974305311,0.0599894469191774,0.1061249939818183,0.8962759963725572,0.9029666017181608,0.2,0.0137985725614591,0.0112008484305011,0.0169884153481298,0.9821570182394924,0.8100558659217877,0.657554463261727,0.9973180518618112,0.7733333333333333,0.6157402069939699,0.9712609923007696,0.1620111731843575,0.7993416806505744,0.980448227298784,0.983718943811266,0.1332655998802674,0.1955582184058998,0.7948455268342245,0.8037636245496675,0.8011736716891356,0.0158371936492853,0.9781429483088704,0.74487895716946,0.1978507809474635,0.9297346923532972,0.7245805094432157,0.5979765373394149,0.8779891548938606,0.0143694753223157,0.0174521722984824,0.9742195222517204,0.9814806344614212,0.7063586106326585,0.7799205513252974,0.1934527160849683,0.2023237517451976,0.7682157018239493,0.0156082252869766,0.0141221236932828,0.0172479765884396,0.9782400437936224,0.9162929276944846,0.8290501851596708,1.0125557950662225,0.7172912086285422,0.5970918118678941,0.8616877132618075,0.7039106145251397,0.2306699367497095,0.9746348715063636,0.9813426181440756,0.6639588711935479,0.7409656020718224,0.2260130798242713,0.2353935634001829
all,24.0,all,periop_infection,NORMA_q_age,toward,31525,537,0.0170340999206978,0.4455793424210105,0.4210403226158242,0.4701183622261967,0.0145711271245195,0.0132034854812031,0.0162160242009023,0.8554092785856219,0.7751208189849716,0.951974232650738,0.05,0.0095177664974619,0.0057762802528196,0.0156446014355723,0.9825703696283682,0.5587478376768852,0.3391009962199998,0.91842841760972,0.546068177840014,0.3276545689682152,0.9100756805818866,0.0279329608938547,0.949625661546405,0.9810251354035976,0.9839918197823836,0.0169993810914435,0.0455727287462612,0.947134210133881,0.9520056460791168,0.1,0.0126903553299492,0.0093333927526616,0.0172337201214445,0.9824833468438304,0.7449971169025135,0.5479240345021577,1.011718858153706,0.7244737460294763,0.5260632554747775,0.9977169156440868,0.074487895716946,0.899574028656254,0.9808902539136376,0.9839458045150778,0.0551762066997457,0.0998444130158974,0.8961777636580589,0.9028712350952128,0.2,0.0131641554321966,0.0106324716016175,0.0162887305411023,0.9819984139571768,0.7728119180633147,0.624187462273728,0.9562425145405042,0.7312775330396476,0.5796634237092682,0.9225471341741354,0.1545623836126629,0.7992125984251969,0.980282543031518,0.9835674678248776,0.1264515038230048,0.1875805528826923,0.7947153869749072,0.8036356319590564,0.7965424266455194,0.0156903349129863,0.9777050202681634,0.7337057728119181,0.2023686588356783,0.9211132367446824,0.7037608960272335,0.5823457002680763,0.8504903505753681,0.0142256349924078,0.0173031961510065,0.9737955975989,0.9810425523485836,0.6947556539257359,0.7693358656615147,0.197932335655218,0.2068787679224409,0.7682157018239493,0.0155256420844,0.0140436179104508,0.0171613421616189,0.9779663336526618,0.9114448169659424,0.8244414425083127,1.007469854087593,0.7046327124888885,0.5869488894835913,0.8459122564254018,0.7001862197392924,0.2306053956370208,0.9743408755062574,0.9810894815131044,0.6601233418806751,0.7374052505944599,0.2259490061321897,0.2353285708673003
all,24.0,pop_normal,periop_infection,NORMA_q_age,any,23836,401,0.0168232924987414,0.4757496061425272,0.4464319312076705,0.505067281077384,0.0166577793884652,0.0144787659395909,0.0201329925579378,0.9901616695846848,0.8606380671722951,1.196733193543659,0.05,0.0192953020134228,0.0128913316045919,0.0287877670318829,0.9833068362480128,1.146939697735527,0.7662787534340509,1.7111850747430477,1.1558804729945669,0.761833842883823,1.7537415544479664,0.0573566084788029,0.950117345850224,0.9815542270933448,0.9848954852712984,0.0385201952879457,0.0845936349113223,0.9472555032951824,0.9528316409432086,0.1,0.0188758389261744,0.0141368322653629,0.025162926981649,0.9834048107402572,1.1220062260456245,0.8403130520628205,1.4957195200363782,1.13742836136038,0.8365858305371756,1.5464561196264115,0.112219451371571,0.9001920204821847,0.9816066811853232,0.9850298361163332,0.0849329174576226,0.1468653957592008,0.8962884588701782,0.9039644000424396,0.2,0.0159429410530732,0.0127571171069565,0.0199083145015881,0.9829566311814988,0.9476706806510052,0.7583008562628862,1.1833780161093623,0.9354336705878556,0.7301865415308867,1.198373432403855,0.1895261845386533,0.7998293151269469,0.9810198487185656,0.984698862016179,0.1541804211556568,0.2307642090404494,0.7946573795952843,0.8049029672778307,0.2018795099848968,0.0157938487115544,0.9829163162321278,0.1895261845386533,0.7979091103050993,0.9388084236623736,0.9244990088880364,0.7216408132709676,1.184382038428351,0.0126376476263383,0.0197225529251083,0.9809749992030452,0.984662637805663,0.1541804211556568,0.2307642090404494,0.7927191642143888,0.8030014024538888,0.7682157018239493,0.0157828627600895,0.0140765087975272,0.0176923490887456,0.9797285067873304,0.9381554033653238,0.8367273408924205,1.0516579373549664,0.7785742566919182,0.6272788507717804,0.9663610887527204,0.7206982543640897,0.2309793044591423,0.9756654585473552,0.9831248963797964,0.6748492784116961,0.7623587555452885,0.225627569265946,0.2364192240363304
all,24.0,pop_normal,periop_infection,NORMA_q_age,toward,23836,401,0.0168232924987414,0.4793653800212505,0.4508514646363529,0.5078792954061481,0.0161569798229113,0.0141097064325036,0.0186115850604069,0.9603934440371956,0.8387006546762035,1.106298607231573,0.05,0.0142617449664429,0.0089231145977263,0.0227212102024813,0.9830418653948064,0.8477380374566938,0.5304023928962702,1.3505804648038535,0.8409972734899328,0.5192131353290373,1.3622082453081306,0.0423940149625935,0.9498613185406444,0.981276354635258,0.9846435059133958,0.0266344637379787,0.0668381438201378,0.9469927545743996,0.9525824189700132,0.1,0.0171979865771812,0.0127025452846537,0.0232469079789128,0.983218347939586,1.0222723392860131,0.7550570309351776,1.3818286747764743,1.0248089112602536,0.743956938612587,1.4116856098647554,0.1022443890274314,0.9000213356091317,0.981410851924084,0.9848528065473692,0.0762654506830917,0.1357720474396307,0.8961148871697772,0.9037966579468552,0.2,0.0151038388923851,0.0120113674626112,0.0189772111563057,0.982746866642194,0.8977932764062154,0.7139724559571125,1.128031932971832,0.8754258475346274,0.679718803596206,1.1274815563098517,0.1795511221945137,0.7996586302538937,0.9807990716329208,0.984500194523623,0.1450803630280585,0.2201034520739468,0.7944850863553211,0.8047339467218083,0.1764138278234603,0.0152199762187871,0.98283327390352,0.1596009975062344,0.8232984851717516,0.9046966412743408,0.8865974870949873,0.6800872323301612,1.1558151171724114,0.0119373643577119,0.0193875493667674,0.9809194731601478,0.984558139860168,0.1270093355727136,0.1986528493410896,0.8183622086342025,0.8281287851869256,0.7682157018239493,0.0162197586150401,0.0144889492556785,0.0181535170597276,0.9811764705882352,0.9641251031124608,0.8612433777016314,1.0790704055752316,0.8616746764240075,0.6906205751470244,1.0750957540359305,0.7406483790523691,0.2313206742052485,0.9772442579479846,0.9844400124062248,0.6956100831003131,0.7811195810448737,0.2259660964934234,0.2367633244008242
all,0.0,all,mortality,NORMA_q_set,any,49990,906,0.0181236247249449,0.794087933772316,0.7812512293956704,0.8069246381489616,0.0559204916389402,0.0516909584264603,0.062393549820904,3.085502623654112,2.8521313595350493,3.4426639685949145,0.05,0.0708,0.0613902456843335,0.0815267822937941,0.9846493998736576,3.906503311258279,3.387305057130059,4.498370691905928,4.612197530864197,3.933259307518215,5.408330445706645,0.195364238410596,0.9526729687881998,0.9835037945178664,0.9857166022587968,0.1708554674291509,0.2224455203471829,0.9507587759404068,0.954516309530045,0.1,0.0658131626325265,0.0592674675633778,0.073025667602045,0.9871752128203418,3.6313465783664474,3.270177376924125,4.02930808325191,5.131715771230503,4.496169263329434,5.857098613141413,0.3631346578366446,0.9048569798712413,0.9860931133910884,0.9881741235003512,0.3324585783873411,0.3949665030773887,0.902229444095592,0.907421147671311,0.2,0.0534106821364272,0.0491722009073792,0.0579922236921865,0.9906981396279256,2.947019867549669,2.7131548822956817,3.1998137553779302,5.741935483870968,5.039247285868892,6.5426086934433325,0.5894039735099338,0.80718767826583,0.98970901325489,0.9915930029027096,0.5570583463178403,0.6209946246608443,0.8036735684690095,0.8106537072285229,0.899619923984797,0.0200346882504669,0.9990035870864886,0.9944812362030904,0.1021310406649824,1.105445988566052,20.10681312816864,8.3526222033266,48.402037627187376,0.0187800555849274,0.0213713131445461,0.9976693948095324,0.9995743255021554,0.987146288893467,0.9976405135565418,0.0994831094171251,0.1048412461275684,0.874874974994999,0.0204870241225563,0.0192008729207101,0.0218574069583802,0.9984012789768184,1.130404344245684,1.0594388932740606,1.206017410429832,12.81463358865897,6.875027408539779,23.88569881301245,0.9889624724061812,0.1272308695297856,0.9970593697697868,0.9991313630329094,0.979802069239438,0.993993809076084,0.1243119824287459,0.1302081022351517
all,0.0,all,mortality,NORMA_q_set,toward,49990,906,0.0181236247249449,0.797606499863369,0.7848047344799782,0.8104082652467597,0.0605345354575148,0.0541926177103609,0.0691879380974224,3.340089875851179,2.990164414283603,3.8175552157727903,0.05,0.0764,0.0666246629616052,0.0874751810540864,0.9849441987786902,4.215492273730685,3.676122407782173,4.826583113569295,5.074455944055944,4.348040256075008,5.922231996860448,0.2108167770419426,0.952958194116209,0.9838090668576116,0.9860008800387456,0.1855054784988953,0.2385700968540012,0.9510493661565864,0.9547961253265836,0.1,0.0692138427685537,0.0625034000282805,0.0765858727562105,0.9875530661687894,3.8189845474613686,3.4487251295957453,4.225748100533076,5.560714285714285,4.878925815634595,6.3377769074205546,0.3818984547461369,0.9052033249123952,0.9864861551260612,0.9885367239410364,0.3508229950086828,0.4139712285133017,0.9025799943162094,0.90776323332328,0.2,0.054510902180436,0.050229478727824,0.0591345407943407,0.9909731946389276,3.0077262693156737,2.771491878150027,3.2628429297009878,6.038781163434903,5.2963349874402486,6.8853042766996255,0.6015452538631346,0.8074117838806943,0.9899979084818366,0.991854164859708,0.5693011838870006,0.6329318201875547,0.8038992010214924,0.8108762508288901,0.8943988797759552,0.020151640535886,0.9990528509187346,0.9944812362030904,0.1074484557085812,1.1118990180893404,21.276102077788465,8.83817159714123,51.21789214534992,0.0188897522279972,0.0214959795644642,0.9977845201692196,0.9995953747721696,0.987146288893467,0.9976405135565418,0.1047394127139602,0.110218940639266,0.874874974994999,0.0204870241225563,0.0192008729207101,0.0218574069583802,0.9984012789768184,1.130404344245684,1.0594388932740606,1.206017410429832,12.81463358865897,6.875027408539779,23.88569881301245,0.9889624724061812,0.1272308695297856,0.9970593697697868,0.9991313630329094,0.979802069239438,0.993993809076084,0.1243119824287459,0.1302081022351517
all,0.0,pop_normal,mortality,NORMA_q_set,any,46298,901,0.0194608838394747,0.7323588466550262,0.718267135409108,0.7464505579009443,0.0398910256492672,0.0361471706802539,0.0432375926111899,2.049805444516952,1.8574269790836808,2.2217692149976385,0.05,0.0410367170626349,0.0336869995035791,0.0499071537149934,0.9816747379669418,2.1086769440242783,1.7310107691639356,2.564485463592416,2.2393522662107626,1.817973377749751,2.7584004438999905,0.1054384017758046,0.9510980901821706,0.980378524981835,0.982886816624324,0.0870323079853701,0.1271948009362355,0.9490757450524884,0.9530440958272892,0.1,0.0438444924406047,0.0383152245267887,0.0501300947953046,0.9832485360468464,2.2529548401943607,1.9688327027095076,2.575941319459503,2.6173528811104854,2.2453175514887755,3.051032180154231,0.2253052164261931,0.9024825428993104,0.9819709490087928,0.9844370246671292,0.1992244473307295,0.2537184766020338,0.8997193925723869,0.9051775809674164,0.2,0.0460043196544276,0.0419223143411637,0.0504628577023651,0.9871753334413306,2.36393783724827,2.154183473215536,2.5930403839113247,3.5871747186540865,3.15369569882003,4.080235917170316,0.4728079911209767,0.8054056435447277,0.9859778394228916,0.9882717777991634,0.4403922933558912,0.5054545819425037,0.8017380735643211,0.809021529623299,0.6517128169683356,0.0278063169058429,0.99615503875969,0.9311875693673696,0.3538339537854924,1.4288311432926948,7.231884840430935,5.591544910256039,9.353436158462314,0.0260103549438047,0.0297225021355789,0.9950744474370192,0.996999279668094,0.9127617943178662,0.9459520402361596,0.349447891940895,0.358244751360237,0.874874974994999,0.0219232193556351,0.0205418356664663,0.0233952785461503,0.997755912307958,1.1265274247804598,1.0555448475982905,1.2021693741727746,9.76932382516878,5.6540324294732285,16.87993289594596,0.9855715871254164,0.127321188624799,0.9961640467258396,0.9986880465243884,0.975471169938194,0.9915489140190422,0.1242863522945786,0.1304190935181262
all,0.0,pop_normal,mortality,NORMA_q_set,toward,46298,901,0.0194608838394747,0.751196540902914,0.7373248616040401,0.7650682202017879,0.0451046503464816,0.0411875392197734,0.0514360275197356,2.317708215029309,2.1164269598191696,2.643046839188371,0.05,0.047084233261339,0.0391804304749573,0.0564887174306175,0.9819930427665234,2.419429335775225,2.013291420787544,2.902679955163963,2.614780090320047,2.1497555893810847,3.1803963922719745,0.1209766925638179,0.9514064806044452,0.9807075271700156,0.9831943684368744,0.1012768927020863,0.1438948589061509,0.949390052337552,0.953346517197758,0.1,0.0526997840172786,0.0466266325959691,0.0595145872506479,0.984232504559854,2.707985128115389,2.395915467178891,3.0581646620760248,3.3423053279025345,2.894729774313422,3.859083844043864,0.2708102108768035,0.903385686278829,0.9829909389608772,0.9853847903229468,0.2428119795256274,0.3007545408465571,0.9006337648865622,0.906069342573014,0.2,0.0504319654427645,0.0461581764128477,0.0550786150279731,0.9882823046600788,2.591452981208784,2.3718437864173416,2.8302216632243047,4.303915060067084,3.7842310139839785,4.894966712079982,0.5183129855715871,0.8063087869242461,0.987134594480374,0.9893287355717688,0.4856778486889702,0.5507926230488455,0.8026475638890755,0.8099181732183176,0.6081256209771481,0.0294441484638607,0.9960315273108086,0.9200887902330744,0.3980659514945922,1.5129913269476425,7.419516466386472,5.835895240389243,9.432867165605312,0.0275327952966634,0.0314838937989561,0.9950057595580278,0.9968472800364766,0.9005474208346627,0.9360630975146262,0.3935718364862187,0.4025773168369654,0.874874974994999,0.0219725959758054,0.0205896396261456,0.0234462184616847,0.998101156568272,1.1290646487101454,1.058001260167913,1.2047869282342747,11.57156804434918,6.389051079196033,20.95791461755736,0.9877913429522752,0.1273652443994096,0.9966027525061378,0.9989393716740362,0.978271263839467,0.9931694833587166,0.1243299513743199,0.1304635985320324
all,0.0,all,prolonged_los,NORMA_q_set,any,49990,31565,0.6314262852570514,0.580120775956916,0.574917867630681,0.5853236842831511,0.6841352430529718,0.6784041042815966,0.6884372826752969,1.083476027252275,1.0743995302720424,1.0902892368426451,0.05,0.6992,0.6809282168522084,0.7168605250554267,0.3721415034744156,1.1073343259939807,1.0783970080925678,1.135303584588018,1.1136267230103634,1.0843650555182245,1.1436780186632984,0.0553777918580706,0.9591858887381276,0.3678045056203907,0.3764991853238262,0.0529082805555487,0.0579555149661722,0.9562318722478964,0.9619484652509076,0.1,0.7013402680536107,0.6885023498637006,0.7138689744652567,0.3763419350536774,1.1107239030571836,1.090392284799189,1.1305658176308628,1.1245589650379555,1.1028842838155035,1.1466596128037605,0.1110723903057183,0.9189687924016282,0.3718759731796344,0.3808290124514296,0.1076531207368534,0.1145863167723138,0.914940602611989,0.9228223091925164,0.2,0.7094418883776755,0.7004631090555787,0.7182597789373685,0.3880776155231046,1.1235545699350546,1.1093347321935176,1.1375196055466197,1.159365805818895,1.142362598187174,1.1766220934010854,0.2247109139870109,0.8423337856173677,0.3833124437426126,0.3928642875903767,0.2201399171618034,0.2293489104548551,0.8370003323042317,0.8475245159640394,0.899619923984797,0.645156986569421,0.4916301315265046,0.9191826389988912,0.1338941655359566,1.0217455332997103,1.2690700739338905,1.2339554936987904,1.3051839071820723,0.64072258575619,0.6495665902889338,0.4778093497244368,0.5054637188645843,0.9161245661360472,0.9221386915186144,0.1290531941292927,0.1388877707547942,0.874874974994999,0.6500743111924088,0.6455912720020616,0.6545309882088717,0.4989608313349321,1.0295331796771272,1.0224333181493128,1.036591291004641,1.2974520792943578,1.2645715544630118,1.3311875410483074,0.9007128148265484,0.1693894165535956,0.4865741263099291,0.5113488120178279,0.897364811863183,0.9039632926181675,0.1640422665976972,0.1748744019356087
all,0.0,all,prolonged_los,NORMA_q_set,toward,49990,31565,0.6314262852570514,0.5795174068456445,0.5743108512549826,0.5847239624363063,0.6825911162860968,0.6765477636059057,0.6889059755819605,1.0810305687673685,1.0714596135802068,1.0910315133642392,0.05,0.6868,0.6683443257706785,0.7046824663394933,0.3714887344704148,1.0876962458419135,1.0584676966664412,1.116016996429947,1.0927409541677835,1.0632489734156627,1.1230509718523918,0.0543956914303817,0.9575033921302578,0.3671533464222372,0.3758449121140862,0.0519474651441519,0.0569523685450258,0.9544940395309638,0.9603220062046512,0.1,0.7003400680136027,0.6874907711520543,0.7128816891712947,0.3762308017158987,1.1091398701092985,1.0887902312653637,1.1290022379747513,1.1227551311288484,1.101071683885022,1.1448655913376409,0.1109139870109298,0.918697421981004,0.3717651115385965,0.3807176263937445,0.1074969002042435,0.1144257692674167,0.9146632824745168,0.9225570016262488,0.2,0.7094418883776755,0.7004631090555787,0.7182597789373685,0.3880776155231046,1.1235545699350546,1.1093347321935176,1.1375196055466197,1.159365805818895,1.142362598187174,1.1766220934010854,0.2247109139870109,0.8423337856173677,0.3833124437426126,0.3928642875903767,0.2201399171618034,0.2293489104548551,0.8370003323042317,0.8475245159640394,0.8943988797759552,0.6461273512111113,0.4930858117067626,0.9152225566291778,0.1412754409769335,1.023282315445698,1.2746286573406045,1.2400839695876835,1.3101356472288743,0.6416826461469788,0.6505469477067093,0.4796089494642812,0.5065727297289773,0.9120988414632945,0.9182452152536932,0.1363208289191965,0.1463796095066239,0.874874974994999,0.6503029610152052,0.6458205765092545,0.6547589431824604,0.5005595523581136,1.0298952960921943,1.0227964713986262,1.0369523069758022,1.3020630669494586,1.2689700128146977,1.3360191440247988,0.9010296214161254,0.1699321573948439,0.4881718470728488,0.5129465707506667,0.8976862668943151,0.9042753736620492,0.1645779995950923,0.175423924345694
all,0.0,pop_normal,prolonged_los,NORMA_q_set,any,46298,30921,0.6678690224199749,0.6378056196709386,0.6323286283538142,0.643282610988063,0.7458413394611254,0.7390655357779532,0.7502664186016318,1.116747916767607,1.106602508827259,1.1233735858613354,0.05,0.7390928725701944,0.7208187413534548,0.7565747985933877,0.3358797717299865,1.1066434401945235,1.079281591383922,1.132819120509578,1.1128901682387833,1.0853050972309353,1.1411763657265948,0.0553345622715953,0.9607205566755544,0.331480309266699,0.3403079011421155,0.0528409660378963,0.0579386345276244,0.957533266317068,0.9636777030488736,0.1,0.7490280777537797,0.7363361102122685,0.7613071411237287,0.3411490832293367,1.121519418642492,1.1025157411017628,1.1399048549447428,1.1368703582065527,1.1165356584791086,1.157575399901909,0.1121567866498496,0.9244325941340964,0.3366117230177303,0.3457157314041543,0.1086875479026099,0.1157223840790626,0.9201481788258894,0.9285049924024004,0.2,0.7651187904967602,0.756375400609322,0.7736422974480368,0.3564447324369566,1.1456120359114843,1.1325205619938032,1.1583742792034284,1.1888936802491612,1.1728409142694307,1.2051661617013525,0.2291323049060509,0.8585549847174351,0.3515820805739307,0.3613371604607805,0.224481632423058,0.2338502737943695,0.8529573365363283,0.8639735237359729,0.6517128169683356,0.7448381002883373,0.4761550387596899,0.7268199605446137,0.4993171619951876,1.1152457671857132,1.4218674520124823,1.39911717645804,1.4449876572958362,0.7398880457229815,0.74972581764435,0.4684529227905959,0.4838685136106393,0.721825320898777,0.7317582473352475,0.4914153580964067,0.5072193069924009,0.874874974994999,0.6988273052709542,0.6943408140081386,0.703276085508435,0.5485931296392198,1.046353823596735,1.0396362021586885,1.0530149803327682,1.54810959060598,1.503709228699037,1.5938209720237717,0.9154296432844992,0.206672302789881,0.5357502818452662,0.5613715715446903,0.9122764496740114,0.9184796244330908,0.2003458317768389,0.2131452999438075
all,0.0,pop_normal,prolonged_los,NORMA_q_set,toward,46298,30921,0.6678690224199749,0.644921305675364,0.6394881263322411,0.6503544850184869,0.7513638051341383,0.7438795773374236,0.7566499823612021,1.1250167022444402,1.1138105711835982,1.132931693132788,0.05,0.7481641468682505,0.7300806250247213,0.7654254069526246,0.3363572289293591,1.1202258552991904,1.0931494058211102,1.1460711325989656,1.1273597475660784,1.1000168684681682,1.1553822826390867,0.0560137123637657,0.9620862326851792,0.3319561769224404,0.3407868644874707,0.0535053685541713,0.0586323634625385,0.958950250714524,0.964991388473802,0.1,0.7632829373650108,0.7508238030243303,0.7753055320828518,0.3427330325429586,1.1428632138069683,1.124208157317695,1.1608646397067324,1.161298186516423,1.1411801087700375,1.1817709296211505,0.1142912583680993,0.9287247187357742,0.3381904593753644,0.3473046016348501,0.1107927217326011,0.1178856233813799,0.9245501196719188,0.9326851567124372,0.2,0.7799136069114471,0.7713598811924385,0.7882351792412374,0.3601436362654571,1.1677643081655242,1.1549568183256531,1.180224194835575,1.2188885679896273,1.2028499369216137,1.2351410558976674,0.233562950745448,0.8674643948754633,0.3552694696631113,0.3650468118038446,0.2288802716855182,0.2383118254277618,0.8620131452957999,0.8727320847701544,0.6081256209771481,0.7541466879772687,0.4660199525987984,0.6866854241454028,0.5498471743513039,1.1291835115284623,1.4123124855462,1.3910886741776831,1.4338601081694329,0.7490825142142766,0.7591415172742914,0.4587690863995096,0.4732852056267127,0.681492407537554,0.6918320592238213,0.5419720994000915,0.557697349116952,0.874874974994999,0.6988273052709542,0.6943408140081386,0.703276085508435,0.5485931296392198,1.046353823596735,1.0396362021586885,1.0530149803327682,1.54810959060598,1.503709228699037,1.5938209720237717,0.9154296432844992,0.206672302789881,0.5357502818452662,0.5613715715446903,0.9122764496740114,0.9184796244330908,0.2003458317768389,0.2131452999438075
all,0.0,all,unplanned_icu,NORMA_q_set,any,49990,10243,0.2049009801960392,0.7036833363978446,0.6986165330379857,0.7087501397577036,0.3218913891168671,0.3144499966469288,0.3295802160918447,1.5709607089673132,1.5346436915337278,1.6084853072763174,0.05,0.3468,0.3283905927108468,0.3656795114043655,0.802568961886713,1.6925248462364542,1.6026794620340947,1.784664529444912,1.7565627133105803,1.6596164082109628,1.8591721258764584,0.0846431709460119,0.9589151382494276,0.7989643774411599,0.8061245989788903,0.0794070948389766,0.0901906863934374,0.9569190293572478,0.9608225462072808,0.1,0.3494698939787957,0.3363724390599609,0.362798528095985,0.8111622324464893,1.7055550131797326,1.6416341138931412,1.7706041608433365,1.8506355932203389,1.7738190102452152,1.9307787768158708,0.1705555013179732,0.9181825043399502,0.8075191970844149,0.8147521345697453,0.1633953456572755,0.1779626782629927,0.9154473349549788,0.9208368457552986,0.2,0.3498699739947989,0.3405805177630064,0.3592747568896135,0.8313412682536507,1.7075075661427317,1.662171246995284,1.753406726243462,2.074425500370645,2.0041588095038083,2.14715577237784,0.3415015132285463,0.8364656452059275,0.8276395020601867,0.8349793837991873,0.3323787962612788,0.3507430741890265,0.832797087014362,0.840069169985842,0.899619923984797,0.2269634439206617,0.9928258270227184,0.9964854046666016,0.1253427931667798,1.1076737832269727,31.63618226649669,22.83654426054253,43.82659727235026,0.2231155058499447,0.2308580246865022,0.99008432934057,0.994813322548729,0.9951383829517242,0.997460155899506,0.1221237953727142,0.1286342061886917,0.874874974994999,0.2323310849434091,0.2283966405051358,0.2363125483180085,0.986890487609912,1.1338700513834838,1.1146683646247917,1.1533012096472954,17.72232849171981,14.283844468925215,21.98854292006001,0.9919945328517036,0.1553073187913553,0.9837578649769838,0.9894254154562516,0.9900747739696923,0.993545388559218,0.1517798333772065,0.1589014277712367
all,0.0,all,unplanned_icu,NORMA_q_set,toward,49990,10243,0.2049009801960392,0.7061961706681807,0.7011441081430524,0.7112482331933091,0.3256826029430265,0.3205311352284662,0.3331290147495676,1.589463372168495,1.5643221175506226,1.6258048860032104,0.05,0.352,0.3335183797736331,0.3709357678050315,0.8028427037271004,1.717902958117739,1.6277051454538634,1.810317195408916,1.7853764818968278,1.6878090810917552,1.8885839742303216,0.0859123303719613,0.9592422069590156,0.799239969626583,0.8063964461903258,0.0806393170452095,0.0914958314087297,0.9572535146930043,0.9611421350735656,0.1,0.3540708141628326,0.3409302814857952,0.3674354600959491,0.8116734458002711,1.728009372254223,1.6638782360123894,1.7932342722050667,1.8800896966835836,1.802634062305931,1.9608734470789544,0.1728009372254222,0.918761164364606,0.8080341268891407,0.8152595441791446,0.1656021056641275,0.1802451064173005,0.9160346365806624,0.9214067523332264,0.2,0.353370674134827,0.3440585614281354,0.3627954243418452,0.8322164432886577,1.724592404568974,1.6791455126225217,1.770589013262603,2.106110283159464,2.035004242383096,2.179700873564568,0.3449184809137948,0.8373462148086648,0.8285221996324702,0.8358468681758192,0.3357726426127996,0.3541806011262273,0.8336854644604554,0.840941761545245,0.8943988797759552,0.2282436089552906,0.992801666982383,0.9962901493703016,0.131859008227036,1.1139215085106882,31.707842412499453,23.0876608335132,43.546519402975456,0.2243767067749489,0.2321572061171856,0.9901356576945224,0.9947509609010458,0.9949123224011096,0.9972958522621936,0.1285683139053906,0.1352208582966892,0.874874974994999,0.2323768149079684,0.2284420948825888,0.2363585458367117,0.9872102318145484,1.13409323218289,1.1148902004471946,1.153525696219586,18.168962215616784,14.60436761841473,22.603593432985846,0.9921897881480036,0.1553576370543689,0.9841113261602488,0.9897110501721385,0.9902908323083603,0.9937196944084769,0.151829676153542,0.1589522117952153
all,0.0,pop_normal,unplanned_icu,NORMA_q_set,any,46298,10197,0.2202470949069074,0.6798525516671452,0.6745233953964158,0.6851817079378746,0.3170876054519752,0.3121987981661146,0.323593877279394,1.4396902968731535,1.417493376237597,1.4692310807376074,0.05,0.3196544276457883,0.3009695651380231,0.3389368433031572,0.784985107882591,1.451344580871306,1.3665086718407564,1.5388935933362335,1.4866618051332037,1.397211538206536,1.5818387283566857,0.0725703638324997,0.9563723996565192,0.7811207706828368,0.7887996666144844,0.0676942380713511,0.0777684264993838,0.9542162670711334,0.9584314150613372,0.1,0.3280777537796976,0.3147008796232831,0.3417396858030361,0.7917346644907363,1.4895894718537257,1.428853714308009,1.5516194933126377,1.575287375488873,1.5055571013218731,1.64824722569197,0.1489653819750907,0.913825101797734,0.7878088588210431,0.7956066819022637,0.1421866926907697,0.1560084679908744,0.9108860906138392,0.91667604997176,0.2,0.3408207343412527,0.3312343411414531,0.3505391468681001,0.809897942653491,1.5474471274425143,1.5039214990847305,1.591572170412798,1.7928303307103135,1.7306922525460948,1.857199389427119,0.3095027949396881,0.8309188111132656,0.8058697396368568,0.8138618667960156,0.3006030325269954,0.3185460384673036,0.827017098402548,0.8347501034787643,0.6517128169683356,0.2937062937062937,0.9172093023255814,0.8690791409238011,0.4096839422730672,1.3335308410330475,3.547576019486132,3.3601706538568754,3.745433464692456,0.2885936084176607,0.2988715025765924,0.9128559255091986,0.921363935636936,0.8623927295092472,0.8754875646029562,0.4046208319321058,0.4147662720955157,0.874874974994999,0.2463399580298728,0.2421679363013464,0.2505600907573192,0.9621957534955982,1.1184708617109986,1.099528401969181,1.1376317624676244,6.516198067886088,5.715959592518125,7.428470508346713,0.9785230950279494,0.1544001551203567,0.956970124896841,0.9668087825689072,0.9755238616560112,0.9811619082710504,0.1507095720237706,0.1581642827226243
all,0.0,pop_normal,unplanned_icu,NORMA_q_set,toward,46298,10197,0.2202470949069074,0.6910443213868367,0.6857878919506026,0.6963007508230707,0.3265059512955602,0.3196760326576909,0.3349388751992261,1.4824529305758407,1.4514426752952607,1.5207413988402247,0.05,0.3244060475161987,0.3056397788975057,0.3437541253691765,0.7852352045108337,1.472918621938312,1.387713100264462,1.5607657640818018,1.510517805198493,1.4205010645869167,1.6062388805637289,0.0736491124840639,0.9566771003573308,0.7813724676334594,0.7890481192358648,0.0687382805704045,0.0788810687977887,0.9545279690010472,0.95872904969198,0.1,0.3397408207343412,0.3262361047576362,0.3535112564814703,0.7930306230200633,1.542543936290922,1.4812277314964248,1.605066603175357,1.641502843037863,1.5703136645402478,1.7159193379943525,0.1542610571736785,0.915320905238082,0.7891136665596025,0.796893552281429,0.1473805948572068,0.1614019275574142,0.912404614585745,0.9181488145698616,0.2,0.3547516198704104,0.3450688130209551,0.3645548921166631,0.8133808520978455,1.6106982932980545,1.5667349127433736,1.655208629520179,1.9009390186285096,1.8360402346598164,1.968131789450599,0.322153574580759,0.8344921193318745,0.8093805545899705,0.8173161483083001,0.3131518089089292,0.331289292891926,0.8306228783956483,0.8382901795140144,0.6081256209771481,0.3053098916711064,0.9117566003417296,0.8429930371677945,0.4582144538932439,1.386215295144541,3.459860939780689,3.291180087185217,3.6371870895882834,0.2999572242799252,0.3107156806736649,0.9075414973054288,0.9157973695528128,0.8358026073656726,0.8499251270989034,0.4530793911581494,0.4633584086963719,0.874874974994999,0.2466855943710653,0.2425115603864712,0.2509076737986899,0.9646124633177974,1.120040173403117,1.101088577304388,1.139209912869643,6.97097389361747,6.087477273100195,7.982695432840343,0.979896047857213,0.1547879560122988,0.9595383859452384,0.9690707380301348,0.9769855717972192,0.9824450696902438,0.1510935103127444,0.1585558636925413
all,0.0,all,periop_infection,NORMA_q_set,any,49990,1899,0.0379875975195039,0.704049608250481,0.6924339044203606,0.7156653120806015,0.0767576483868927,0.070969602671193,0.0832737759978846,2.0205976002426365,1.8682308781110808,2.1921306277694863,0.05,0.0988,0.0877113155845338,0.111119792581414,0.9652137292061488,2.600848867825171,2.3089461116750103,2.925159784699784,2.840200968523002,2.500164355761376,3.2264845001129663,0.1300684570826751,0.9531513172942964,0.963527685820599,0.9668245137791064,0.1156827271755616,0.1459478783356905,0.9512261901959208,0.9550040530075417,0.1,0.0926185237047409,0.0848920013608237,0.1009706891549024,0.9680825053899668,2.4381253291205898,2.234729409177239,2.657990916721207,2.901810584958217,2.624115588488786,3.208892439004516,0.2438125329120589,0.9056788172423116,0.966417827903,0.9696672543478506,0.2250299123804259,0.2636295745679359,0.9030340598529872,0.9082587670268086,0.2,0.0867173434686937,0.0813584648928847,0.0923936969089977,0.9741948389677936,2.282780410742496,2.1417112480228067,2.43220690283349,3.360465116279069,3.078625352789223,3.668106542258328,0.4565560821484992,0.8101307937036036,0.9725947188180176,0.9757038663028916,0.4342626337067782,0.4790249462998812,0.8066007435439252,0.8136113001526696,0.899619923984797,0.0409588188205994,0.9886408927859706,0.9699842022116903,0.1031585951633361,1.07821556231794,3.60581320775032,2.7747815141908654,4.685734290318725,0.0391658894827411,0.0428301659284821,0.9853123524187823,0.9912218337650271,0.9613101087318072,0.9767606166506944,0.100471683266611,0.1059089028792428,0.874874974994999,0.0418886475362981,0.0400509583828459,0.0438068088973922,0.9892885691446842,1.10269272793025,1.054316698029735,1.1531871389050232,3.910649109545447,3.069012934624928,4.983092865282309,0.9647182727751448,0.1286727246262294,0.9864203103080804,0.9915561893687928,0.955437609982865,0.9721225190368076,0.1257096923577026,0.1316950768057329
all,0.0,all,periop_infection,NORMA_q_set,toward,49990,1899,0.0379875975195039,0.7057244105487261,0.6940648547599596,0.7173839663374927,0.078332445529611,0.07201233610136,0.0836810610244821,2.062053160624148,1.895680190472348,2.2028521540883954,0.05,0.1032,0.0918769925813159,0.1157406138998608,0.9654453569172458,2.7166761453396524,2.4186049811163683,3.0468000467899112,2.9865740402193786,2.635764646110441,3.384074716562748,0.1358609794628752,0.953380050321266,0.963764591709867,0.9670508258410266,0.1211830839039465,0.1520091776064177,0.951459293788265,0.9552283789288024,0.1,0.0968193638727745,0.0889287329451338,0.1053291863941472,0.9685492654086372,2.548709847288046,2.3409938704198208,2.772725659738505,3.078445229681978,2.7883181594335733,3.398760288559351,0.2548709847288046,0.9061154893847082,0.9668960749429292,0.9701224476425576,0.2357788052052293,0.2749529341050737,0.9034761217398704,0.9086899796658988,0.2,0.0875175035007001,0.0821353764332663,0.09321649076687,0.9743948789757952,2.303844128488678,2.1621629636118933,2.453866442040987,3.41796875,3.131510563433747,3.730630997190864,0.4607688256977356,0.8102971449959452,0.9728006122148308,0.9758980144944016,0.4384512008804063,0.4832448562165165,0.8067682575746399,0.8137764621318494,0.8943988797759552,0.0411308179195276,0.9886342110248152,0.9684044233807269,0.1085234243413528,1.0827433321733473,3.61882646328644,2.8027672815795697,4.672491026083949,0.0393290740049034,0.043011407773746,0.9853983729020888,0.9911593947962652,0.9595425632115548,0.975374983262098,0.1057746539650487,0.1113347334999054,0.874874974994999,0.0418429175717388,0.0400062124556904,0.0437601029283914,0.988968824940048,1.101488914908492,1.0531387891837627,1.1519576331702404,3.793151440742416,2.987086436772533,4.816733012906084,0.9636650868878356,0.128631136803144,0.9860636714560782,0.9912737323216434,0.9542693040281252,0.9711887057189814,0.1256685200433467,0.1316530801176151
all,0.0,pop_normal,periop_infection,NORMA_q_set,any,46298,1873,0.0404553112445462,0.6942294808703848,0.6830450245207282,0.7054139372200414,0.0732656482706192,0.0687054837835218,0.0782113221794369,1.811026686403165,1.6983056530750105,1.933276985725344,0.05,0.0816414686825054,0.0711679774072405,0.0935011401383477,0.9617124798217492,2.018065518986991,1.7591751297386125,2.311220387680312,2.132325841486125,1.845558791633683,2.463651396466588,0.1009076348104645,0.9521440630275746,0.95987843175355,0.9634658803781948,0.0880728586235379,0.1153761697867445,0.9501196636602776,0.9540902718965388,0.1,0.0833693304535637,0.0757477388573793,0.0916817218302712,0.9643131419794566,2.0607759003412136,1.872380573208195,2.2662468538696734,2.336135347235436,2.097466776694265,2.6019617670436843,0.2060864922584089,0.9044682048396172,0.9624886846675546,0.96605199206606,0.1883780947315214,0.2249980793686264,0.9016996648142216,0.9071667990820598,0.2,0.0820734341252699,0.0766546492278044,0.087838836930249,0.969949781305686,2.0287431143255468,1.8947981580079505,2.1712559915625573,2.731209212157906,2.497700103571574,2.986549005586992,0.4057661505605979,0.8086662915025323,0.9681617256914664,0.9716403601745884,0.3837425534712514,0.4281755114309757,0.8049818393377612,0.8122973651688896,0.6517128169683356,0.0549497895469459,0.9866666666666668,0.8852108916177256,0.3581316826111423,1.3582836927092916,4.121234216020945,3.5800309495479232,4.7442526901748,0.0524346584297823,0.0575782330452486,0.9847768142494674,0.9883246885887774,0.8699792038416942,0.8988656469970766,0.3536856466479622,0.3626022522469753,0.874874974994999,0.0447599061844216,0.0427889746460547,0.046817181852876,0.9896426721905748,1.1064037034310488,1.0576849696545885,1.157256746088871,4.3215689421059125,3.346478268328215,5.580779740340068,0.9679658302189,0.1290489589195273,0.9866917669926848,0.9919445994038024,0.9589838920146516,0.9750320633009169,0.1259634315967363,0.1321986358112961
all,0.0,pop_normal,periop_infection,NORMA_q_set,toward,46298,1873,0.0404553112445462,0.7061805577046204,0.6949643985587207,0.7173967168505201,0.0786029188908895,0.0747321832997907,0.08443069409871,1.9429567212014964,1.847277427877049,2.0870113589866937,0.05,0.0967602591792656,0.085376865195845,0.109479739067249,0.9625082418207036,2.391781355836434,2.110399415289501,2.7061895137936443,2.580840800170795,2.259063627316797,2.948451365107198,0.1195942338494394,0.952931907709623,0.9606921174527864,0.9642435796807856,0.1056717989463516,0.1350739304748206,0.9509230280809884,0.9548624605958084,0.1,0.091792656587473,0.0838107254363223,0.1004514211161191,0.9652491120284152,2.268989009443046,2.071686581020209,2.483021833867637,2.6414478001980832,2.381064566799408,2.930305451796297,0.2269087026161238,0.9053460889138998,0.9634472193629944,0.966965224900088,0.2085105685579119,0.2464247866686559,0.9025887389442928,0.908033341285681,0.2,0.0870410367170626,0.0814692524456915,0.0929553188898114,0.9711917490145257,2.151535460718935,2.013808568996597,2.2977284324401976,3.021392612864636,2.7652433629777757,3.3012694084337486,0.4303256807261078,0.8097017445132245,0.9694387650288792,0.9728469986465424,0.4080675195792563,0.4528690666515689,0.8060247779697859,0.8133251534945537,0.6081256209771481,0.0575386254661694,0.9860552279115912,0.8649225840896957,0.4027011817670231,1.4222761782342292,4.126178979575936,3.618917520076656,4.70454296817842,0.0548783735077713,0.0603196039544833,0.984243103316236,0.9876615613500384,0.8486936015273704,0.879657688213863,0.3981491039234945,0.4072700857589121,0.874874974994999,0.044809282804592,0.042837288637447,0.0468676117366974,0.989987916450889,1.1076242259941278,1.0588792254866646,1.1585033038898125,4.475520263568993,3.450902927625193,5.8043596269457804,0.9690336358782702,0.1290939786156443,0.9870797754099044,0.9922466219165292,0.9601778895101306,0.975969305863203,0.1260079843271649,0.1322441146877236
all,24.0,all,mortality,NORMA_q_set,any,32049,586,0.0182845018565321,0.4795794052041625,0.4552825533147385,0.5038762570935865,0.0175826936884128,0.0157604982551256,0.0203491622748435,0.961617320853145,0.8619594003046462,1.1129186036629024,0.05,0.0112359550561797,0.0071189500191493,0.0176914671477742,0.9813446316550072,0.6145070368523987,0.3893433944773322,0.9675662638549772,0.6022907105554676,0.3777370235270559,0.960335041120022,0.030716723549488,0.9496551504942312,0.9797629543594502,0.982804858544611,0.0195164660813443,0.0480298039681061,0.9471836698240784,0.9520168397052922,0.1,0.0146645865834633,0.0110460455269853,0.0194452071418905,0.9813132713909304,0.8020227566781853,0.6041206708094776,1.0634802793352385,0.7847594349042978,0.5837774135734614,1.0549352481822525,0.0802047781569965,0.8996281346343324,0.9796851827056808,0.9828131693374056,0.0608493467382909,0.1050284075604902,0.8962587668615742,0.9028999259511166,0.2,0.0180967238689547,0.015110262713892,0.0216604614025252,0.9816685518155934,0.9897302103688244,0.8263972862073808,1.1846350298456143,0.9871955388853852,0.8071571735586552,1.2073918982823564,0.1979522184300341,0.7999555032895782,0.9799528803913264,0.9832399039840214,0.167702825494679,0.2321360465007855,0.7954986967523456,0.8043390702512547,0.7969983462822553,0.0170692557647887,0.9769443590531816,0.7440273037542662,0.2020150653148142,0.9335368225353512,0.7403505200381056,0.6162177751132951,0.8894889350115203,0.0155518305201012,0.0187319221924062,0.9730062428830686,0.9803195646143056,0.7071829155504474,0.7776930240238382,0.1976150177134579,0.2064878713416672,0.76729383132079,0.0172014151518848,0.0156500957380149,0.0189035563578781,0.9781442746044516,0.9407647682640908,0.8559213622997294,1.0338567879072322,0.7870438908144607,0.6581668476067316,0.9411566205754742,0.7218430034129693,0.2318596446619839,0.9745714427076272,0.9812247778929282,0.6842071101121192,0.7565891985917768,0.2272292981371556,0.2365554625170563
all,24.0,all,mortality,NORMA_q_set,toward,32049,586,0.0182845018565321,0.4764808525838737,0.4522523323002533,0.5007093728674941,0.0170712605748743,0.0153187672660676,0.0185749757757852,0.933646467856908,0.8378006350003451,1.0158863457988785,0.05,0.0099875156054931,0.0061569255667283,0.0161625858969178,0.9812789437382994,0.5462284772021322,0.3367291936656612,0.8839500262974754,0.5334910309481569,0.325433933618542,0.8745636232137259,0.0273037542662116,0.9495915837650574,0.9796946548544568,0.9827417987902268,0.0168749799261689,0.0438898084509139,0.9471186675674949,0.9519547240244975,0.1,0.0137285491419656,0.0102426653116362,0.0183787537076135,0.9812092636250174,0.7508298147625564,0.5601829020010778,1.0051547398896,0.7306019768466016,0.5385083957685401,0.9912180622743518,0.0750853242320819,0.8995327845405715,0.979576933175433,0.982713431036772,0.0564059501422001,0.0992995816480296,0.8961620280930915,0.902805987813532,0.2,0.0179407176287051,0.0149681218647106,0.0214907766525211,0.98162954873435,0.9811980533828862,0.8186234430752783,1.1753547797553767,0.976607344548559,0.7979644497812048,1.1952436047592112,0.1962457337883959,0.7999237199249912,0.9799121719101882,0.9832026179889156,0.1661114383959425,0.2303366927633382,0.7954666540072545,0.8043075540276566,0.7926612374801086,0.0170445599118249,0.9769751693002258,0.7389078498293515,0.2063376028986428,0.9321861785223148,0.7402686314645524,0.6168735036443268,0.8883468709435158,0.0155243143953311,0.0187108486576375,0.9730839144455844,0.9803152460938996,0.7018706476818557,0.7728330693838785,0.201901982076085,0.2108449267207609,0.76729383132079,0.0171200845837908,0.0155725522497869,0.0188184641168319,0.9778761061946902,0.9363167078940478,0.8516804215928693,1.0292029974067385,0.773827823187345,0.6475546930953321,0.9247242068102948,0.7184300341296929,0.2317960779328099,0.9742836431495412,0.98097651675522,0.6806822909462172,0.7533325360853113,0.2271661854379577,0.2364914572788758
all,24.0,pop_normal,mortality,NORMA_q_set,any,24206,392,0.0161943319838056,0.505502144168325,0.474792649964376,0.5362116383722739,0.0188228281128081,0.0160545106215872,0.0233798683556743,1.1623096359659033,0.991366030883012,1.4437068709628926,0.05,0.0256198347107438,0.0181067860677181,0.0361355467045314,0.9843016176726388,1.5820247933884295,1.1180940396815984,2.23137000900482,1.6320047617957465,1.136056578793864,2.344460295588208,0.0790816326530612,0.9504913076341648,0.9826121743359738,0.985829277886897,0.0562691614827178,0.1100640384639274,0.9476627017493592,0.9531745932639726,0.1,0.0247831474597273,0.019302487546974,0.0317695494883522,0.9847601560706908,1.530359355638166,1.1919286060256504,1.961769680905752,1.6262074319583166,1.2392734693317846,2.133952414217665,0.1530612244897959,0.9008566389518772,0.983045792578775,0.98630358302089,0.1207993673523593,0.1920570883612392,0.8969959728200253,0.90458799606488,0.2,0.0200371824003305,0.0164536072365068,0.0243819073858907,0.9847663310095534,1.237296013220409,1.0160102468542962,1.5055827810787532,1.31532215994034,1.047963990880105,1.6508891521903966,0.2474489795918367,0.8007894515831023,0.9829425688253352,0.986397796888637,0.2073178895751768,0.2924820303928104,0.7956682265850957,0.8058136474063745,0.182227546889201,0.0208569485377465,0.984844657741854,0.2346938775510204,0.8186360964138741,1.287916572205849,1.3762109876823094,1.0920319695617526,1.734341791639661,0.017037830423136,0.0255099248575969,0.9830462062353124,0.9864549589237644,0.195438620715371,0.279098668947969,0.8136908641686464,0.8234785424832141,0.76729383132079,0.0157217466214397,0.014030219090657,0.0176135669014676,0.9822474702645126,0.970817853873903,0.8663660288480725,1.08763775616563,0.8856059871856997,0.7070790874253526,1.1092082604153628,0.7448979591836735,0.2323423196439069,0.9784558819133758,0.9853817394950384,0.6995117083277893,0.7855307935214353,0.2270217605107221,0.2377492202485084
all,24.0,pop_normal,mortality,NORMA_q_set,toward,24206,392,0.0161943319838056,0.4934123813294529,0.46174992987053,0.5250748327883759,0.0180234247067672,0.0155477199209529,0.0211020898774888,1.1129464756428764,0.960071705118846,1.303054049934936,0.05,0.024793388429752,0.0174213449358309,0.0351733263952554,0.9842581318490172,1.53099173553719,1.0757680497875617,2.171952904907021,1.5749965754988355,1.0902309940827175,2.275310669295512,0.0765306122448979,0.9504493155286806,0.9825665108886732,0.9857879842135888,0.0541305227250217,0.1071501511606941,0.9476196097531346,0.9531337145951138,0.1,0.0239570425444031,0.0185782052862218,0.0308442394623341,0.98466834978196,1.4793473771168937,1.1472041764241987,1.9046317867991307,1.5625873408078514,1.186147566319927,2.0584953061349403,0.1479591836734693,0.9007726547409088,0.9829491937959124,0.986216601599103,0.1162311178356811,0.1865202857560585,0.8969105723670957,0.9045054551876428,0.2,0.0198306135096054,0.0162670719498879,0.0241556324786737,0.9847146914536536,1.2245403842181366,1.0044916929055836,1.491610305558102,1.297364292613208,1.0328199036124668,1.6296685432384157,0.2448979591836734,0.8007474594776182,0.9828880686863696,0.9863490384000966,0.2049380216985359,0.2898093722085218,0.7956258397554969,0.80577206357089,0.158018673056267,0.021437908496732,0.9847897551641236,0.2091836734693877,0.8428235491727555,1.3237908496732025,1.409438751844824,1.1076710042907694,1.7934184315620345,0.017305172584861,0.0265309579043187,0.983015784996406,0.9863810044297134,0.1718387920078352,0.2521732370462106,0.8381455303828623,0.8473909793569622,0.76729383132079,0.0152910138372906,0.013623821150561,0.0171586774201324,0.9808272678856738,0.9442201044527,0.8412709560471457,1.0595483306931794,0.7975396383838745,0.6403197261892288,0.9933622982052384,0.7244897959183674,0.2320063828000336,0.9769046642411472,0.9840944881920168,0.67824432237666,0.7663779709851292,0.2266885836283059,0.2374106318102585
all,24.0,all,prolonged_los,NORMA_q_set,any,32068,22988,0.7168516901584133,0.4034060913987686,0.396429687218276,0.4103824955792612,0.654820889859612,0.648416243284099,0.6609750710368297,0.9134677351669584,0.904533325632264,0.9220527483038566,0.05,0.569557080474111,0.5451801491982349,0.5936014208084166,0.2753979977022813,0.7945256854290844,0.7605201420083956,0.8280672682479687,0.7860274725546452,0.7528564842818508,0.8206599803679713,0.0397163737602227,0.9240088105726872,0.2704102278514229,0.2804424044980786,0.03726773488969,0.0423188259363031,0.9183772425403872,0.929281747902599,0.1,0.5799812909260992,0.5628131902972315,0.5969580048934624,0.2679394338380513,0.8090673411091939,0.7851180349074135,0.8327496650828065,0.7922586159323243,0.7686370129614056,0.8166061534048433,0.0809117800591613,0.8516519823788546,0.2628609028733451,0.2730797343342397,0.0774561523687989,0.0845074547569564,0.8441921605092402,0.8588143736425664,0.2,0.5851262862488307,0.5730208585302012,0.5971298039604405,0.2502143915178919,0.816244551393227,0.7993576166411386,0.8329893228381506,0.7803914607448662,0.7635735240401367,0.7975798175677629,0.1632590917000174,0.7069383259911894,0.2449517215547592,0.2555518593855798,0.1585374953349068,0.1680932170130766,0.6974900628088812,0.716211558760566,0.7971186229262817,0.6972850324700728,0.2062711343375345,0.7753610579432747,0.1477973568281938,0.972704733828532,0.8784927229377021,0.8655969172045039,0.8915806525130755,0.6916234978795741,0.7028872777797728,0.1966135607822438,0.2162753795569495,0.7699201975639189,0.7807099007227707,0.1406464120680142,0.1552461979484352,0.7674317076213047,0.6944737911418123,0.6886887136551445,0.7001981637187638,0.2093054438187181,0.9687830839714476,0.960712966308212,0.9767685189722168,0.8783085525412305,0.8658218961851953,0.8909752881810544,0.7434748564468419,0.1719162995594713,0.2002233372530674,0.2186868685063258,0.737788985131018,0.7490793655973553,0.1642946073959868,0.1798154880508558
all,24.0,all,prolonged_los,NORMA_q_set,toward,32068,22988,0.7168516901584133,0.4044721427153336,0.3974731046806221,0.4114711807500451,0.6543506011777279,0.6464931680248216,0.6603414609928829,0.912811687774812,0.901850657396032,0.921168869458838,0.05,0.5651902682470368,0.5407948110562016,0.5892740146450995,0.275168225832923,0.7884340317620487,0.7544026448995248,0.8220305855941819,0.7797537144346515,0.7465676750377986,0.8144149224567648,0.0394118670610753,0.923237885462555,0.2701817828039243,0.2802113637474693,0.0369725703636785,0.0420050788212392,0.9175813813239628,0.9285364109545816,0.1,0.5768631119426255,0.5596816339746777,0.5938606647173537,0.267592945497384,0.8047175166946283,0.7807495492561322,0.8284289105688228,0.7876263730616007,0.7640034812155008,0.8119796817616719,0.0804767704889507,0.8505506607929515,0.2625165567711063,0.2727311959828877,0.0770298689339876,0.084063864418803,0.8430689813019036,0.8577358411864145,0.2,0.5852821951980044,0.5731773334186796,0.597284960321945,0.2502533717938723,0.8164620426139554,0.799575897340796,0.8332057642075924,0.7806399831345329,0.7638212891080007,0.7978290104743567,0.1633025926570384,0.7070484581497798,0.2449904210071435,0.2555911088125743,0.1585804768989044,0.1681372228263755,0.6976011779311673,0.7163206148046286,0.7927840838218785,0.6974393265940291,0.2088788562829195,0.7713154689403167,0.152863436123348,0.9729199723863462,0.8815834744564054,0.868656997969305,0.8947023097166028,0.6917630479935685,0.7030559451762323,0.1992743260041137,0.2188197973391165,0.7658411497701054,0.776699122428012,0.1456084774528142,0.1604120062156813,0.7674317076213047,0.6951239333604226,0.6893421897040396,0.700844769165477,0.2114507910968087,0.9696900250131388,0.961624558005444,0.9776705262571131,0.8815225803438244,0.8689429204474041,0.8942843555891196,0.7441708717591787,0.1736784140969163,0.2023330120296254,0.220865679296119,0.738489908428543,0.7497702403365738,0.1660246332396483,0.1816082008687756
all,24.0,pop_normal,prolonged_los,NORMA_q_set,any,24225,18551,0.7657791537667699,0.5014087335227124,0.4927468543772721,0.5100706126681528,0.7600143737848658,0.7510708259439128,0.7662895383226267,0.9924720071661028,0.9807929900539748,1.0006664905323504,0.05,0.7060280759702725,0.6797494054168852,0.7310037330992801,0.231076735899887,0.9219734860859172,0.8876572339078241,0.9545881857759724,0.9182035567574508,0.8848268391966315,0.9528392836812166,0.0460891596140369,0.9372576665491716,0.2256758628214675,0.2365673737468125,0.0431646364776119,0.0492016384249989,0.9306471389959062,0.9432765012831744,0.1,0.7386457473162675,0.7207790584060765,0.7557565900880379,0.2312067146722928,0.964567582811524,0.9412361969644334,0.9869119397812904,0.9607858983854302,0.937267190546573,0.9848947577029568,0.0964368497655113,0.888438491364117,0.2256580338654741,0.2368500993618521,0.0922721325144773,0.1007686746891799,0.8799823758818758,0.896368975659879,0.2,0.7620227038183695,0.7498269124356265,0.7738033088526912,0.23328173374613,0.9950946040644708,0.97916861375414,1.0104784193281464,0.9938757655293088,0.9765873717184724,1.0114702134313758,0.1990189208128941,0.7967923863235813,0.2273805564329861,0.2392886305459251,0.1933359546236907,0.2048265174288866,0.7861230185584434,0.8070601375197397,0.1825386996904024,0.7593848937132519,0.2327930111599252,0.1810145005660072,0.8124779696862884,0.9916499946204262,0.9898044527218802,0.9718759655895348,1.0080636720281198,0.746564117775134,0.7717553810519365,0.2269590227527511,0.2387306508598252,0.1755399907146738,0.1866210961253237,0.8021113009769283,0.8224217962479046,0.7674317076213047,0.7676294981442634,0.7615034318051386,0.773644982688481,0.2403265885694,1.002416289825065,0.9944165077612788,1.0102716675989678,1.0104730356413036,0.9937569674354432,1.0274702862141003,0.7692846746806102,0.2386323581247797,0.2293485525584472,0.2516585051779745,0.7631667593763559,0.7752910844243693,0.227720474978962,0.2498979214201202
all,24.0,pop_normal,prolonged_los,NORMA_q_set,toward,24225,18551,0.7657791537667699,0.5112295483492837,0.5025711438535442,0.5198879528450232,0.7654791232157909,0.7567008485739133,0.7712476008053156,0.999608202247994,0.9881450087166757,1.0071410236380125,0.05,0.7184145334434352,0.6924220948938667,0.7430256210882004,0.2317285130789954,0.9381484595260212,0.9042059861357296,0.9702870826835024,0.9351050321060584,0.9020684931583204,0.969351471315166,0.0468977413616516,0.9399013041945716,0.2263221695016309,0.2372244038660473,0.0439480079912017,0.0500350955886208,0.9334143792117366,0.9457929590134088,0.1,0.7563996696944674,0.73890677722994,0.7730804852524908,0.2331789203320644,0.987751711409006,0.964908451209924,1.009534513246811,0.9864095937764504,0.9632516404639806,1.0101242975569122,0.0987547841086733,0.8960169192809305,0.2276132926536441,0.2388385570264121,0.0945443793226464,0.1031313367556842,0.8878047601576202,0.903693192162853,0.2,0.7719298245614035,0.7599021363570865,0.7835266281544208,0.2357585139318885,1.0080319120263057,0.9923254408522678,1.0231757084276234,1.0100600904732968,0.9928478626646972,1.027570713229678,0.2016063824052611,0.8052520267888614,0.2298350034809971,0.2417867621446567,0.1958950100641766,0.207441313755478,0.7947427224823933,0.8153482670231962,0.158266253869969,0.7665623369848722,0.2343681035751066,0.158428117082637,0.8422629538244625,1.0010227272631411,1.0012152583562983,0.9823252926745546,1.020468475199463,0.7529092909969005,0.7796817362096419,0.2286041889531432,0.2402320877649853,0.1532443709985996,0.163753301457952,0.8325475310994237,0.85151522965107,0.7674317076213047,0.7699962347372384,0.7638913645753855,0.7759895451926224,0.2481363152289669,1.0055069153420086,0.9975348125081512,1.0133333368708577,1.0241168051250238,1.006920511770867,1.0416067785677925,0.7716565144736133,0.2463870285512865,0.2370316849583922,0.2595841830716709,0.7655600527990098,0.7776404884548695,0.2353488073808108,0.2577684363267276
all,24.0,all,unplanned_icu,NORMA_q_set,any,23451,193,0.0082299262291586,0.3301958165155273,0.2899561533718133,0.3704354796592413,0.006345759616151,0.0052662918378231,0.0100630271680943,0.7710591127376029,0.6398953880248224,1.2227360109791705,0.05,0.0042625745950554,0.0018220230295821,0.0099396278162071,0.9915611814345991,0.5179359421173291,0.2213899588949783,1.2077420306625564,0.5051150895140666,0.2082232973105815,1.2253252011192588,0.0259067357512953,0.9497807206122624,0.9902723400075778,0.9926805232781928,0.0111152895526936,0.0592031797139653,0.9468988556675514,0.9525140265867929,0.1,0.003411513859275,0.0017296577925548,0.0067177402780515,0.9912347199848384,0.4145254482583382,0.2101668647316282,0.8162576541999271,0.3892076298046447,0.1920221786235159,0.7888806396429362,0.0414507772020725,0.899518445266145,0.9898847179845656,0.9924059307524672,0.021150699451912,0.0796491314781352,0.8955883913403686,0.9033165414487878,0.2,0.0040511727078891,0.0025951016087917,0.0063190466658325,0.9907254410745696,0.4922489698067765,0.3153250146516895,0.7678132816603085,0.4368048917971717,0.2723259883990035,0.7006254328484687,0.0984455958549222,0.7991658784074297,0.9892497686435346,0.9920001876577218,0.063931996674354,0.14863282702145,0.7939678476390888,0.8042650970818486,0.7938254232228903,0.0059626128061882,0.9830403309203722,0.5751295336787565,0.2043597901797231,0.7245037975021765,0.3515760111941472,0.2647475417041942,0.4668813574302924,0.0049540253298762,0.0071750574438462,0.9789985425272624,0.9863151391605198,0.5045905632670429,0.6427360181060002,0.1992264710606064,0.209590756892661,0.7642318024817705,0.0055239370605959,0.0045397231755263,0.0067200884698024,0.9829987339482728,0.6712012850157245,0.5516116486490639,0.8165429777478604,0.3249132766812215,0.2454052441776489,0.4301808533777984,0.5129533678756477,0.2336830337948232,0.9792404801249672,0.9860862698763344,0.442873357427378,0.5825277772921122,0.2282886789479081,0.2391653510030137
all,24.0,all,unplanned_icu,NORMA_q_set,toward,23451,193,0.0082299262291586,0.3254092301852123,0.2859231084635034,0.3648953519069212,0.0061077289194945,0.0049326743673289,0.0085489240479439,0.7421365331143309,0.5993582724778801,1.0387607142400703,0.05,0.0034100596760443,0.0013268589202185,0.0087353278685557,0.9915162941018044,0.4143487536938632,0.1612236711815829,1.0614102271787589,0.4019540183223047,0.1495698853773594,1.0802109825639024,0.0207253886010362,0.9497377246538824,0.9902243058474622,0.9926387982507195,0.0080883734737952,0.0520696419050677,0.9468547297504863,0.9524721747883184,0.1,0.003411513859275,0.0017296577925548,0.0067177402780515,0.9912347199848384,0.4145254482583382,0.2101668647316282,0.8162576541999271,0.3892076298046447,0.1920221786235159,0.7888806396429362,0.0414507772020725,0.899518445266145,0.9898847179845656,0.9924059307524672,0.021150699451912,0.0796491314781352,0.8955883913403686,0.9033165414487878,0.2,0.0038379530916844,0.0024291037148231,0.0060589543397988,0.9906721390117798,0.4663411292906305,0.2951549803954288,0.7362100426042677,0.4114505025890954,0.2535576632835777,0.6676647587317617,0.0932642487046632,0.7991228824490498,0.9891925901301364,0.9919507838698872,0.0598087271570225,0.1425956426509855,0.7939244463077074,0.8042225206976908,0.7887936548548037,0.005946588820413,0.9832424793054716,0.5699481865284974,0.2093903173101728,0.7225567586917393,0.3548608967169359,0.2673306402215772,0.4710505908128368,0.004936565250634,0.0071617763544524,0.9792749310471612,0.9864609924086136,0.499406292685573,0.637759834799674,0.2042093941553044,0.2146672265160358,0.7642318024817705,0.0054681397165494,0.0044893741431803,0.0066588667293709,0.9828178694158076,0.6644214740559696,0.5454938499052923,0.8091040604688009,0.3182457315031804,0.2403839443430713,0.421327413928482,0.5077720207253886,0.2336400378364433,0.9790420820972,0.9859231899973416,0.4377784181819439,0.5774622626497503,0.2282460377909391,0.2391220144444437
all,24.0,pop_normal,unplanned_icu,NORMA_q_set,any,17172,132,0.0076869322152341,0.4105620465215536,0.3600769326923327,0.4610471603507745,0.0063400661448128,0.0054956472559612,0.0078203615039787,0.8247849684751941,0.7149337475709582,1.017357937472145,0.05,0.0046565774155995,0.001812268090112,0.0119116877321385,0.9921534972108136,0.6057783892475395,0.2357596033591183,1.5496022858809335,0.593458963911525,0.2198930699261382,1.6016582149007337,0.0303030303030303,0.949823943661972,0.9906788418444632,0.993396409581646,0.0118458688521193,0.0753262492619193,0.946443491865933,0.9530016191470678,0.1,0.005824111822947,0.0031665844130506,0.0106880318398339,0.9921061145260434,0.757664001694287,0.411943845006861,1.3904157784365851,0.737800395275786,0.3879576139423288,1.403115710857077,0.0757575757575757,0.8998239436619718,0.9905834165404926,0.9933842308154388,0.0416676145435595,0.1338426856884753,0.8952254522020636,0.9042421983304316,0.2,0.0061153174140943,0.0040033136749581,0.0093310994056212,0.9919202212840296,0.7955472017790014,0.5207947153513685,1.2138912044949146,0.7568669426561098,0.4754561023474538,1.204837977801327,0.1590909090909091,0.799706572769953,0.9902795713155944,0.9932858337753796,0.1064720940297223,0.2309915400853057,0.7936300722403918,0.8056479684567243,0.1783135336594456,0.0068582625734813,0.9921332388377038,0.1590909090909091,0.821537558685446,0.892197612968351,0.8718025667731741,0.5477332139222412,1.387609325331499,0.0044901312556603,0.0104622394082382,0.9905356178921186,0.9934629555366776,0.1064720940297223,0.2309915400853057,0.8157160637547752,0.8272141075746743,0.7642318024817705,0.0064771774746628,0.0052417011673131,0.0080015149312188,0.9883921956038528,0.8426219060220431,0.6818976700386472,1.0409243515067474,0.558001948827866,0.3914409492138115,0.7954358774192096,0.6439393939393939,0.2348591549295774,0.9845991878412602,0.9912593307842889,0.5592421891175997,0.7204953875893884,0.2285543926289662,0.2412834401751123
all,24.0,pop_normal,unplanned_icu,NORMA_q_set,toward,17172,132,0.0076869322152341,0.4071594021197894,0.3565303736780284,0.4577884305615505,0.0063027271673688,0.005223608934607,0.0079161665759284,0.8199275069549821,0.6795440350384292,1.0298213063775996,0.05,0.0046565774155995,0.001812268090112,0.0119116877321385,0.9921534972108136,0.6057783892475395,0.2357596033591183,1.5496022858809335,0.593458963911525,0.2198930699261382,1.6016582149007337,0.0303030303030303,0.949823943661972,0.9906788418444632,0.993396409581646,0.0118458688521193,0.0753262492619193,0.946443491865933,0.9530016191470678,0.1,0.005824111822947,0.0031665844130506,0.0106880318398339,0.9921061145260434,0.757664001694287,0.411943845006861,1.3904157784365851,0.737800395275786,0.3879576139423288,1.403115710857077,0.0757575757575757,0.8998239436619718,0.9905834165404926,0.9933842308154388,0.0416676145435595,0.1338426856884753,0.8952254522020636,0.9042421983304316,0.2,0.0064065230052417,0.004234615086602,0.0096815583636232,0.9919930120832728,0.8334304018637158,0.5508849262661359,1.2594827289404436,0.8001164822364588,0.5070095633376521,1.2626712224757424,0.1666666666666666,0.7997652582159624,0.9903590147061264,0.993351931285276,0.1127163699886792,0.2394702944793482,0.793689404151163,0.805705980983137,0.1500698812019566,0.0069848661233993,0.9921891058581708,0.1363636363636363,0.8498239436619718,0.9086675838713092,0.8942466760615159,0.5449188054320248,1.4675160953806068,0.0044228244997427,0.0110146204019513,0.9906256744700156,0.9934935038625996,0.0880277472074725,0.2052667958485573,0.8443811529072646,0.8551090371447246,0.7642318024817705,0.0064009753867255,0.0051735186720502,0.0079173378520354,0.9881452210422328,0.8327087071276663,0.6730277472458128,1.0299736787511586,0.5399489446010821,0.3794008788711479,0.7684348640500563,0.6363636363636364,0.234800469483568,0.9843183297278102,0.9910467079780798,0.5515196012431239,0.7134949451108649,0.2284962714143685,0.2412242169525265
all,24.0,all,periop_infection,NORMA_q_set,any,31525,537,0.0170340999206978,0.4488344620215815,0.4243800426800209,0.473288881363142,0.0147107601673522,0.0134664648590104,0.0168202205201308,0.8636065442751978,0.7905592265927468,0.9874440445011649,0.05,0.0076142131979695,0.0043609484759776,0.0132620841115931,0.982470199338876,0.4469982701415081,0.2560128504752258,0.7785608968677346,0.4343582306018854,0.2456438973257325,0.7680511282615805,0.0223463687150838,0.9495288498773718,0.9809208052231826,0.983895835078484,0.0128282840407602,0.0386500046115919,0.9470351967657332,0.951911060109818,0.1,0.0123730964467005,0.0090644110424635,0.0168689564624201,0.9824481020688683,0.7263721889799507,0.5321332553327056,0.9903051256569718,0.7049435049844046,0.5099399408015947,0.9745173999089568,0.0726256983240223,0.8995417580999097,0.9808535080762611,0.9839120703452644,0.0535794239860458,0.0977432553344797,0.8961450196333537,0.9028394460074362,0.2,0.0126883425852498,0.01020726496634,0.0157628909494464,0.98187946074544,0.74487895716946,0.5992253781450086,0.925372694937244,0.700218818380744,0.5530561930151547,0.8865399209101524,0.148975791433892,0.7991157867561637,0.9801583014565172,0.9834538392096372,0.1213568320029406,0.1815814035174039,0.7946177825537925,0.8035396370427249,0.7978112609040444,0.0157846606496759,0.9780357703169124,0.7392923649906891,0.2011746482509358,0.9266507020130996,0.7186530498645325,0.5938891812041137,0.8696272342130634,0.0143165256303316,0.0174006925770769,0.9741392095687724,0.9813564552969092,0.7005532859713596,0.7746320548012439,0.1967483501384201,0.2056750282774014,0.7682157018239493,0.0155669336856883,0.0140828693924034,0.0172046607844928,0.9781031887231422,0.9138688723302134,0.8267457310903491,1.0100129073205506,0.710922402758279,0.591990598078963,0.8537477865082415,0.702048417132216,0.2306376661933651,0.9744878565360116,0.9812160667988886,0.6620407281654502,0.7391858047048022,0.225981042958845,0.2353610671531271
all,24.0,all,periop_infection,NORMA_q_set,toward,31525,537,0.0170340999206978,0.4458267500196508,0.4215343911818943,0.4701191088574072,0.0144783817593647,0.0129830361612036,0.0162845621964826,0.849964590249487,0.7621791712885394,0.9559978086482624,0.05,0.0063451776649746,0.003450179383329,0.0116409538036942,0.9824034191458814,0.3724985584512567,0.2025454470380768,0.6833911893137105,0.3605915102245253,0.1932800821759496,0.6727347990655161,0.0186219739292365,0.9494643087646832,0.9808512587400504,0.9838318383054068,0.0101458299318198,0.0339365779302972,0.946969189234228,0.9518480014163592,0.1,0.0114213197969543,0.0082613245221589,0.0157708068750569,0.982342367743982,0.6704974052122621,0.4849874405233925,0.925837405467726,0.6468205720538618,0.4621443670377352,0.9052947136709848,0.0670391061452514,0.8994449464308765,0.9807432800921854,0.9838108583077698,0.0488138650500336,0.0914149930851394,0.8960467881989816,0.902744078104362,0.2,0.0122125297383029,0.0097830372515024,0.0152360724373507,0.9817605075337034,0.7169459962756052,0.5743207622972321,0.8944454070530408,0.6695652173913043,0.5268297601236295,0.850972390464539,0.143389199255121,0.7990189750871305,0.9800340782192158,0.9833401922566978,0.1162764802090547,0.1755679341259372,0.7945201785381821,0.8034436417208888,0.7934655035685964,0.0157511793395698,0.9780371678697588,0.7337057728119181,0.2054989028010843,0.9246851558285648,0.7171743264331415,0.5934319500605667,0.866719451897283,0.014280838719779,0.0173702370468849,0.974185154916024,0.9813254134453004,0.6947556539257359,0.7693358656615147,0.2010365870742153,0.2100342284142065,0.7682157018239493,0.0156082252869766,0.0141221236932828,0.0172479765884396,0.9782400437936224,0.9162929276944846,0.8290501851596708,1.0125557950662225,0.7172912086285422,0.5970918118678941,0.8616877132618075,0.7039106145251397,0.2306699367497095,0.9746348715063636,0.9813426181440756,0.6639588711935479,0.7409656020718224,0.2260130798242713,0.2353935634001829
all,24.0,pop_normal,periop_infection,NORMA_q_set,any,23836,401,0.0168232924987414,0.4776900292473425,0.448156200032159,0.5072238584625259,0.0168445676387304,0.0143984291487675,0.0193989229113714,1.0012646240318663,0.8558627361347206,1.1530990686170803,0.05,0.0192953020134228,0.0128913316045919,0.0287877670318829,0.9833068362480128,1.146939697735527,0.7662787534340509,1.7111850747430477,1.1558804729945669,0.761833842883823,1.7537415544479664,0.0573566084788029,0.950117345850224,0.9815542270933448,0.9848954852712984,0.0385201952879457,0.0845936349113223,0.9472555032951824,0.9528316409432086,0.1,0.0188758389261744,0.0141368322653629,0.025162926981649,0.9834048107402572,1.1220062260456245,0.8403130520628205,1.4957195200363782,1.13742836136038,0.8365858305371756,1.5464561196264115,0.112219451371571,0.9001920204821847,0.9816066811853232,0.9850298361163332,0.0849329174576226,0.1468653957592008,0.8962884588701782,0.9039644000424396,0.2,0.0157331655129011,0.0125704380870073,0.0196757802741304,0.9829041900466726,0.9352013295898076,0.7472043946182197,1.1695558568932023,0.9202936600169108,0.7174467557535328,1.180492369468981,0.1870324189526184,0.7997866439086836,0.9809646477772712,0.9846492018129231,0.1519016068560018,0.2281028195665791,0.7946143061489331,0.8048607122751855,0.1824551099177714,0.0158657162566107,0.982963000975009,0.1720698254364089,0.8173671858331555,0.943080330904172,0.93125064064028,0.7200358263495078,1.2044230633490407,0.0125563203298397,0.0200296575288537,0.9810485230932896,0.9846870970658728,0.1382827725205976,0.2120804312608319,0.8123685329918527,0.8222618064187773,0.7682157018239493,0.015946698705696,0.014231133105615,0.0178653279415828,0.9802714932126696,0.9478940407705,0.845918425699351,1.0619400419340896,0.8083074343942254,0.6500236769545584,1.005134015360874,0.7281795511221946,0.2311073181139321,0.9762569085315828,0.9836186646807152,0.6826217748568194,0.769406870420741,0.2257545163929801,0.2365482622562855
all,24.0,pop_normal,periop_infection,NORMA_q_set,toward,23836,401,0.0168232924987414,0.4809032464709785,0.4522438306009156,0.5095626623410414,0.0163331218099825,0.0147482959321208,0.0182585369530846,0.9708635697325264,0.876659306329261,1.0853129346975725,0.05,0.0184563758389261,0.0122194106789921,0.0277872256514382,0.9832626744391452,1.0970727543557215,0.7263388352729583,1.6517114978246448,1.102707584423864,0.7202928492828918,1.6881522813345995,0.054862842892768,0.9500746746319608,0.9815079075643676,0.9848534961642774,0.0365062543775409,0.0816673720482018,0.947211710435374,0.9527901053540206,0.1,0.0180369127516778,0.0134182393419468,0.0242063669133424,0.9833115793399216,1.0721392826658187,0.7975988851736787,1.438860253731747,1.0808040568407635,0.7899459228120586,1.4787561724796343,0.1072319201995012,0.9001066780456582,0.9815087596661776,0.9849413282203772,0.0805892776183488,0.1413286280514241,0.8962016725879404,0.9038805294266848,0.2,0.0157331655129011,0.0125704380870073,0.0196757802741304,0.9829041900466726,0.9352013295898076,0.7472043946182197,1.1695558568932023,0.9202936600169108,0.7174467557535328,1.180492369468981,0.1870324189526184,0.7997866439086836,0.9809646477772712,0.9846492018129231,0.1519016068560018,0.2281028195665791,0.7946143061489331,0.8048607122751855,0.1582060748447726,0.0151153540175019,0.9828557189135312,0.14214463840399,0.8415190953701728,0.8984777515241332,0.8816557510499343,0.6675913582776156,1.164360283759364,0.0116853385816858,0.0195322891990401,0.980964941798638,0.9845616384699512,0.1113551069856459,0.1797256515134806,0.8367874967497799,0.8461387447928055,0.7682157018239493,0.0161651466331713,0.0144373752555547,0.0180958900062097,0.980995475113122,0.9608788906440688,0.8581777471107327,1.075644973037446,0.850594620459729,0.6822155660086536,1.0605316624303658,0.7381546134663342,0.2312780029869852,0.9770466230034178,0.9842759079224092,0.6930089365550607,0.7787805238166006,0.2259237803178663,0.2367203121273848
all,0.0,all,mortality,NORMA_q_co,any,49990,906,0.0181236247249449,0.794947432549292,0.7824175249053722,0.8074773401932118,0.0553464180485928,0.0512755540258198,0.0602363853569685,3.0538271945354944,2.8292107568992626,3.3236389668817425,0.05,0.0728,0.0632577048160833,0.0836531860326029,0.9847546851968836,4.016856512141281,3.490345103483452,4.615698421379492,4.775237569060773,4.079504424306808,5.589623510420417,0.2008830022075055,0.9527748349767744,0.9836128081497474,0.9858181422410922,0.1760807977433179,0.2282111141675026,0.9508625559959732,0.9546162459075922,0.1,0.0642128425685137,0.0577464645291842,0.0713484882272652,0.986997399479896,3.543046357615894,3.186253600236113,3.936767027020961,4.938461538461539,4.323587572328682,5.640779088864002,0.3543046357615894,0.9046939939695215,0.985908233118082,0.9880034074554008,0.3238341134429339,0.386005489406617,0.9020644829220104,0.9072601625519108,0.2,0.0531106221244248,0.0488839420875735,0.057680592987647,0.990623124624925,2.9304635761589406,2.697249740571524,3.18261903250825,5.664000000000001,4.971649080352432,6.4527675790274905,0.5860927152317881,0.8071265585526852,0.9896302602663752,0.9915217402956032,0.5537228778119033,0.6177355386860893,0.8036120326323539,0.8105930132053103,0.8998599719943989,0.0200293437666725,0.999001198561726,0.9944812362030904,0.1018865618124032,1.1051510981191646,20.053378979192605,8.330433581163977,48.27335871117224,0.0187750426884088,0.0213656161157245,0.9976638133024472,0.9995733049329878,0.987146288893467,0.9976405135565418,0.0992414932792288,0.1045939428259919,0.874874974994999,0.0204870241225563,0.0192008729207101,0.0218574069583802,0.9984012789768184,1.130404344245684,1.0594388932740606,1.206017410429832,12.81463358865897,6.875027408539779,23.88569881301245,0.9889624724061812,0.1272308695297856,0.9970593697697868,0.9991313630329094,0.979802069239438,0.993993809076084,0.1243119824287459,0.1302081022351517
all,0.0,all,mortality,NORMA_q_co,toward,49990,906,0.0181236247249449,0.7968546014643906,0.784228322179261,0.8094808807495202,0.0591993036780748,0.054639912592063,0.0677081489837632,3.2664163254602205,3.0148446252508103,3.735905483110732,0.05,0.076,0.0662502164373493,0.0870508550042306,0.984923141714045,4.193421633554085,3.655461721526593,4.803170244659484,5.040837988826816,4.317861531143216,5.884868573557961,0.2097130242825607,0.952937820878494,0.9837872581456636,0.985980578027858,0.1844571110752636,0.2374202794507356,0.9510286090862466,0.9547761391103006,0.1,0.0650130026005201,0.0585068187022015,0.0721872252587345,0.9870863061501188,3.5871964679911703,3.2282073586347217,3.983045685081833,5.034423407917384,4.409296184517749,5.748177938053066,0.358719646799117,0.9047754869203812,0.9860006669263908,0.9880887718060708,0.3281449177480088,0.3904874244091316,0.9021469632184964,0.9073406554019154,0.2,0.0538107621524304,0.0495566061514413,0.0584076711472513,0.9907981596319264,2.969094922737307,2.734365056854914,3.2227367336104806,5.8478260869565215,5.131025192096723,6.664763602401076,0.5938189845474614,0.8072691712166897,0.9898140414230162,0.9916879955287452,0.5615079555832454,0.6253377547030288,0.8037556164605056,0.8107346323835175,0.8943788757751551,0.0201520912547528,0.9990530303030304,0.9944812362030904,0.1074688289462961,1.1119238872241668,21.28060836501901,8.840042841777302,51.2287440786054,0.0188901749861055,0.0214964600106065,0.9977849393944388,0.9995954514181848,0.987146288893467,0.9976405135565418,0.1047595559455232,0.1102395406943257,0.874874974994999,0.0205327540871155,0.0192451498799775,0.021904581895269,0.9987210231814548,1.1329275682283753,1.0618819453643256,1.2086203630734011,16.054047101863496,8.007838968392548,32.18501637784402,0.9911699779249448,0.1272716160052155,0.9974780478528452,0.9993517808490028,0.9826731628317538,0.995519085137563,0.1243523225859679,0.1302492486511752
all,0.0,pop_normal,mortality,NORMA_q_co,any,46298,901,0.0194608838394747,0.7370007410513786,0.7232941101656709,0.7507073719370863,0.0399667519356345,0.0363788100415162,0.0446467819502068,2.053696649407336,1.8693297972276552,2.294180589046256,0.05,0.0375809935205183,0.0305684458150881,0.046125710439483,0.981492849510038,1.9311041487380236,1.5707634898412328,2.3701755182321738,2.0306201941191144,1.6343566285389886,2.5229612073409124,0.0965593784683684,0.950921867083728,0.9801905678642484,0.9827110285986358,0.0789512024762348,0.1175932534815814,0.9488961506855744,0.9528712738196136,0.1,0.0453563714902807,0.0397300832812968,0.0517364873498615,0.9834165306710184,2.330642938132097,2.041535400396762,2.658486005908866,2.7350351479841093,2.35070380094922,3.182203243848863,0.2330743618201997,0.902636738110448,0.9821450132412768,0.9845989187091654,0.2066360946207778,0.2617791506553013,0.8998754998096188,0.9053298380579506,0.2,0.0449244060475162,0.0408907651392623,0.0493354753439514,0.986905340461148,2.3084463387213154,2.101177185813061,2.5351096975297054,3.430742579768876,3.0155818021509195,3.903059316860195,0.4617092119866814,0.8051853646716743,0.985696046570654,0.988013640692843,0.4293878938128281,0.4943556652808298,0.8015162512472152,0.8088028314721678,0.6697481532679598,0.027218782249742,0.9962720732504904,0.9367369589345172,0.3355508073220697,1.3986405999983964,7.301318957869389,5.587453765883317,9.54088584142679,0.0254653356589916,0.0290893606348266,0.9951735317626532,0.9971213014727058,0.9189128943051312,0.9508525983512628,0.3312212566681278,0.3399081877693075,0.874874974994999,0.0219972842858906,0.0206135423117946,0.0234716877136425,0.9982737786984291,1.1303332606749883,1.0592295027208327,1.2060956689969162,12.743026786816442,6.836785750528921,23.75161919867953,0.9889012208657048,0.1273872722867149,0.9968250708956234,0.999062068749524,0.9796906603277168,0.9939604184909404,0.1243517509593556,0.1304858509938204
all,0.0,pop_normal,mortality,NORMA_q_co,toward,46298,901,0.0194608838394747,0.7566040205123883,0.7431365914257639,0.7700714495990126,0.0450169475451837,0.0407697385419,0.0503180496149324,2.3132015953905847,2.094958218660251,2.5855994018558723,0.05,0.047084233261339,0.0391804304749573,0.0564887174306175,0.9819930427665234,2.419429335775225,2.013291420787544,2.902679955163963,2.614780090320047,2.1497555893810847,3.1803963922719745,0.1209766925638179,0.9514064806044452,0.9807075271700156,0.9831943684368744,0.1012768927020863,0.1438948589061509,0.949390052337552,0.953346517197758,0.1,0.0514038876889848,0.0454068676450718,0.0581447082223466,0.9840885091677066,2.6413953298830437,2.333237689491163,2.987773253360938,3.230614166251315,2.79466381826123,3.734570084239055,0.2641509433962264,0.9032535189549972,0.9828415997478454,0.985246165300676,0.2364078213819633,0.293896709267379,0.9004999497831797,0.905938845395454,0.2,0.0502159827213822,0.0459513185766103,0.0548536865521474,0.9882283060640424,2.580354681503393,2.3612143700997854,2.818663684785042,4.265824697326966,3.7508160596185545,4.851546985797886,0.516093229744728,0.8062647311496355,0.9870781121860216,0.98927723187441,0.4834625588996171,0.5485872495972512,0.8026031978036884,0.8098744352100574,0.6270681238930408,0.0287958115183246,0.9962353758832388,0.9278579356270812,0.3789016895389563,1.4796764502501585,7.64905356423681,5.947099873883175,9.838075981454953,0.0269335708506519,0.0307827379475059,0.9952049598891544,0.9970450211413608,0.9090858814669022,0.9429969582257026,0.3744495341099437,0.3833743384765943,0.874874974994999,0.0220219725959758,0.0206374454669521,0.0234971564960918,0.9984464008285864,1.1316018726398311,1.060457769399502,1.207404385633808,14.174809694276426,7.3553124968994466,27.31702153425172,0.9900110987791344,0.1274093001740203,0.9970497319514848,0.9991824231586358,0.9811253141582952,0.994736096280836,0.1243735505744925,0.1305081034255073
all,0.0,all,prolonged_los,NORMA_q_co,any,49990,31565,0.6314262852570514,0.5779788814234201,0.57276472235214,0.5831930404947002,0.6805523455932304,0.6746614886586779,0.6860356106595952,1.0778017347126752,1.0684722894993604,1.08648567010528,0.05,0.6848,0.6663160897846409,0.7027168394549722,0.3713834491471889,1.084528813559322,1.0552555465969966,1.112904001405166,1.0893763440860216,1.0598492906880597,1.1197260115009258,0.0542372881355932,0.9572320217096336,0.367048321540099,0.3757393833820481,0.0517925161028096,0.0567905495488612,0.9542138621941886,0.960059555837686,0.1,0.7007401480296059,0.6878953939832859,0.7132766119423064,0.3762752550510102,1.1097734832884525,1.0894310389743218,1.1296276835417678,1.123476587556126,1.1017966357959392,1.145583133746767,0.1109773483288452,0.9188059701492536,0.371809456164903,0.3807621808469272,0.1075593881494773,0.1144899885371857,0.914774208965082,0.9226631262171792,0.2,0.7046409281856372,0.695621207120927,0.7135034484824972,0.386877375475095,1.1159512117852053,1.1016665339450389,1.1299869282319035,1.1492659053833607,1.1322816878489843,1.1665048860640026,0.223190242357041,0.8397286295793759,0.3821150356008516,0.3916614462021967,0.2186305367654213,0.2278173176911704,0.8343606483254002,0.8449549739869648,0.8998599719943989,0.6447848123777343,0.4886136636036756,0.9188975130682718,0.1327544097693351,1.0211561150249626,1.2608565510792729,1.2261239452510102,1.2965730328951908,0.6403499946309371,0.6491949032065266,0.4747803093735687,0.502464480162292,0.9158346442948294,0.9218584308923198,0.1279314209578727,0.1377305075705053,0.874874974994999,0.6497770664227736,0.6452931778303272,0.6542346450555903,0.4968824940047961,1.02906242833754,1.021961221597911,1.0361219675694269,1.2915016048536536,1.258894759162382,1.3249530059600592,0.9003009662600983,0.1686838534599728,0.4844972785369076,0.5092715364463635,0.896946935782325,0.9035575718015074,0.1633458438186061,0.1741599926849753
all,0.0,all,prolonged_los,NORMA_q_co,toward,49990,31565,0.6314262852570514,0.5772567713109925,0.5720378699430249,0.5824756726789602,0.6790014134104171,0.6727601752379102,0.6833616323040946,1.0753454983806987,1.0654611487452283,1.0822508474221983,0.05,0.678,0.6594229918007551,0.696030803678959,0.3710254790482207,1.0737595437985112,1.0443388360563837,1.102315218625413,1.0779450954134584,1.0483030351668068,1.108425321444421,0.0536987169333122,0.9563093622795116,0.3666912385936425,0.375380584040305,0.0512657340263033,0.0562403202978438,0.953261497133886,0.9591669867052722,0.1,0.6973394678935787,0.6844564662924433,0.7099194020140807,0.3758974017025627,1.1043877712656425,1.0839847536815854,1.1243108159887183,1.1173474838847537,1.095638283494451,1.1394868347988982,0.1104387771265642,0.9178833107191317,0.3714325281212144,0.3803834667149581,0.1070282520254334,0.113944113333706,0.9138313998811688,0.921761001108376,0.2,0.7024404880976195,0.6934024004066212,0.7113230653516048,0.3863272654530906,1.1124663392998575,1.0981525739371771,1.1265338202733004,1.1446499877760572,1.1276747183908302,1.161880791639447,0.2224932678599714,0.8385345997286295,0.3815662337422876,0.3911101336928709,0.2179387668955714,0.2271153081959896,0.8331509595054768,0.8437771009104312,0.8943788757751551,0.6459405054797585,0.4914772727272727,0.9149374306985584,0.1408412483039348,1.0229864048450223,1.270229373904329,1.235908307637568,1.3055035331978209,0.6414952377860966,0.6503606961491347,0.478003523971551,0.5049634143257666,0.9118090680347484,0.9179648062147268,0.1358931891539646,0.1459390449458716,0.874874974994999,0.649937121298731,0.6454536898396466,0.6543942146828181,0.4980015987210232,1.029315909828087,1.0222154270579418,1.0363746805637282,1.294699583988396,1.2619457368576943,1.3283035584031222,0.9005227308728021,0.1690637720488466,0.4856155546043131,0.5103900960259887,0.8971719438130493,0.9037760390232926,0.1637208364604584,0.1745446788283593
all,0.0,pop_normal,prolonged_los,NORMA_q_co,any,46298,30921,0.6678690224199749,0.6412150828152384,0.6357719259777369,0.6466582396527399,0.7489903012934179,0.7442365528941227,0.7546328702103299,1.121462855964641,1.1143450705310984,1.129911471976904,0.05,0.7555075593952484,0.7375858054486986,0.7725827200771502,0.3367437419002796,1.131221143717254,1.1043869092417402,1.1567877744617543,1.1390884747319765,1.1119518722204529,1.166887331801692,0.0565635005336179,0.963191779931066,0.3323414068186457,0.3411745930207244,0.054043295652659,0.0591938761102514,0.960098103867797,0.966054077557698,0.1,0.7624190064794817,0.7499452310629227,0.7744576747247935,0.3426370356148603,1.141569650463667,1.122892671897778,1.159595143249199,1.1598143609940144,1.1396825296050517,1.1803018095171751,0.1141618964457811,0.9284645899720362,0.3380947767788677,0.3472083080744783,0.1106651241262777,0.117754529282715,0.924283217326291,0.9324319314728488,0.2,0.7725701943844493,0.7639204387649136,0.7809938870586196,0.358307684000216,1.1567690197474607,1.143817744378835,1.1693818111652263,1.20395737197001,1.1879105997146573,1.2202209104532904,0.2313637980660392,0.8630422058919165,0.3534391932547729,0.3632055644939886,0.2266969143268491,0.2360974238016281,0.85751732724918,0.8683857338680999,0.6697481532679598,0.7418408152734778,0.4821451929365598,0.743928074771191,0.4794173115692268,1.1107579336221816,1.4325266564197368,1.4088803813179978,1.4565698043387862,0.7369400643274321,0.7466816500308663,0.4742303052700874,0.4900690503607436,0.73903306023561,0.7487624859831296,0.4715271670628028,0.4873177377569699,0.874874974994999,0.6985063572398469,0.6940185432894016,0.7029565210382832,0.5463490419471776,1.045873268247807,1.0391536663501413,1.0525364965890636,1.5397440363357813,1.495769151939422,1.5850117609108312,0.9150092170369653,0.2058268843077323,0.5335021753067712,0.5591344770385334,0.911849092596931,0.918066233468959,0.1995103215312582,0.2122903955374358
all,0.0,pop_normal,prolonged_los,NORMA_q_co,toward,46298,30921,0.6678690224199749,0.6470508559704131,0.6416518282170436,0.6524498837237827,0.7540016555918956,0.7484010398585457,0.76153169923985,1.1289663546002258,1.1205805550716648,1.1402410857154224,0.05,0.7546436285097192,0.7367024891768251,0.7717410371080232,0.3366982697860537,1.1299275803739524,1.1030643201678034,1.1555275229141122,1.137707915018269,1.1105465615555796,1.165533571219325,0.0564988195724588,0.9630617155491968,0.332296085482723,0.3411289780708284,0.0539800065502244,0.0591278193601918,0.95996302546071,0.9659290921721768,0.1,0.7691144708423326,0.7567560045367587,0.7810267284768169,0.3433810118076221,1.1515947663742545,1.1330904400906456,1.1694309846065674,1.1713253571293245,1.1513022712385186,1.191696678213099,0.1151644513437469,0.930480587891006,0.338836322310561,0.3479545777585157,0.111654043321694,0.1187704708009587,0.9263521246079208,0.9343940129766442,0.2,0.7821814254859611,0.7736581294065514,0.7904706873037861,0.3607106215238403,1.1711599119416911,1.1583979843881025,1.1835714200960736,1.22351700469419,1.2074813395838238,1.2397656275928897,0.2342421008376184,0.8688300708850881,0.3558347177718542,0.3656154166080734,0.2295545798436245,0.2389956487208445,0.8634019561563226,0.8740739437320164,0.6270681238930408,0.7505166712593001,0.4710992702420943,0.7046667313476278,0.5289718410613253,1.1237482890580213,1.4190123572013882,1.3971010811378537,1.4412672762734453,0.7455061622423633,0.7554608908359259,0.4636608593141132,0.4785505388494924,0.6995567181658042,0.7097258955889578,0.5210758962557326,0.5368533135477153,0.874874974994999,0.6981607208986544,0.6936714854169279,0.7026123717842614,0.5439323321249784,1.0453557471028072,1.038634016746966,1.0520212020590451,1.5308270462399338,1.487304345433915,1.5756233434630311,0.9145564503088516,0.2049164336346491,0.5310814310338043,0.5567250048018755,0.9113888872788088,0.917621017819622,0.198610589036952,0.2113696814834855
all,0.0,all,unplanned_icu,NORMA_q_co,any,49990,10243,0.2049009801960392,0.7099205191767933,0.7048834343686822,0.7149576039849045,0.3281450993027149,0.3205313143397614,0.3356607093980649,1.601481354499924,1.564322991686486,1.638160584087598,0.05,0.362,0.3433863080801807,0.3810371538512768,0.8033691303432302,1.766707019427902,1.6758646432615674,1.8596160618007744,1.8410130648961236,1.7422743931704916,1.9453474828098167,0.0883530215757102,0.9598711852466852,0.7997699621207788,0.8069192217670118,0.0830099633783662,0.0940047374246597,0.9578968515700896,0.9617566332004064,0.1,0.3622724544908982,0.3490584461485032,0.3756979802792294,0.8125847391700562,1.7680367079957044,1.7035469806661794,1.833558726365194,1.932993358633776,1.8543992051825324,2.0149185321477194,0.1768036707995704,0.919792688756384,0.8089520703059504,0.8161640318918625,0.1695370100349906,0.1843126678989396,0.917081665871208,0.9224225724491198,0.2,0.3560712142428485,0.3467419993190124,0.3655109921700748,0.8328915783156632,1.737772137069218,1.6922417793573594,1.7838420871406857,2.130779590004489,2.059018752554978,2.205041433229234,0.3475544274138436,0.8380255113593479,0.8292031623177105,0.8365160458511709,0.3383911122435387,0.3568320480325019,0.8343708100913235,0.8416148777186171,0.8998599719943989,0.227058509692335,0.9942069516580104,0.9971687982036512,0.1252169975092459,1.1081377428018968,39.19499653516653,27.25512790641872,56.36545748992511,0.2232105012130972,0.2309531321895774,0.9916925609827596,0.9959634160046166,0.995936858803784,0.9980279547051903,0.1219994114965871,0.1285070230640336,0.874874974994999,0.2324911398193666,0.2285557311106839,0.2364735393490073,0.988009592326139,1.1346511841814058,1.115444791391496,1.154086911262021,19.38976106093518,15.473690491360683,24.29690798132913,0.9926779263887532,0.1554834327119028,0.9849969341260136,0.9904231819542528,0.9908321632502852,0.9941542739363696,0.1519542836668592,0.1590791712826833
all,0.0,all,unplanned_icu,NORMA_q_co,toward,49990,10243,0.2049009801960392,0.712511699714597,0.7074907063123956,0.7175326931167985,0.3329330222589636,0.3237889529194826,0.3396649687303948,1.6248483630504338,1.5802215909835924,1.65770299588328,0.05,0.3728,0.354053560079325,0.3919367613531488,0.8039376710886502,1.8194154056428784,1.7279251653192873,1.9128105730785816,1.901436150789389,1.801465931878153,2.0069540986319967,0.090988968075759,0.9605504817973683,0.8003423651607925,0.8074838082435504,0.0855716749390494,0.0967129424009902,0.9585917998265328,0.9624201467482034,0.1,0.3680736147229446,0.354810171284965,0.3815396663752959,0.8132293125291725,1.7963487259591917,1.7316177352860884,1.8620685270039092,1.97072474116387,1.8913255531990292,2.053457163345746,0.1796348725959191,0.9205223035700808,0.8096013668333444,0.8168037720170611,0.1723210800724076,0.1871888785864633,0.9178223261969264,0.9231410007279558,0.2,0.3591718343668734,0.3498233846476309,0.3686284652596902,0.8336667333466693,1.7529044225324613,1.707280191207173,1.7990566219205226,2.159350571256765,2.0868299261605774,2.234391423629663,0.3505808845064922,0.8388054444360581,0.8299850348875606,0.8372843344360741,0.3413978871494761,0.359875918039432,0.8351577163744941,0.8423876868403148,0.8943788757751551,0.2284052784611943,0.994128787878788,0.9969735429073514,0.1320602812790902,1.1147105213584991,38.902576460487296,27.375700468359412,55.28298561760077,0.224537349626078,0.2323198755424254,0.9916784454559718,0.9958606208173244,0.9957074483984564,0.997867000922591,0.1287674161776297,0.1354242632257065,0.874874974994999,0.2325597347662055,0.2286239130425342,0.2365425352613915,0.9884892086330936,1.134985955380515,1.1157775469097224,1.1544236393358358,20.20362695781411,16.04788367255881,25.435537207220307,0.9929708093332033,0.1555589101064231,0.9855297270607188,0.9908490328682752,0.9911578278167618,0.9944141556517831,0.152029048567147,0.1591553465828666
all,0.0,pop_normal,unplanned_icu,NORMA_q_co,any,46298,10197,0.2202470949069074,0.6890970248368572,0.6838036227430446,0.6943904269306698,0.3264692472588658,0.3183709460567627,0.3343977546048257,1.4822862812190811,1.4455171188129845,1.5182845192403869,0.05,0.337365010799136,0.3183880116891869,0.3568808811925001,0.785917286224223,1.5317569157574191,1.4455946028425986,1.6203658956016842,1.5758629216204758,1.484339186442266,1.6730299721389268,0.0765911542610571,0.9575081022686353,0.7820589245936327,0.7897257065629721,0.0715872582860585,0.0819139587115664,0.9553782101097616,0.9595406355666032,0.1,0.3453563714902807,0.3317934006530856,0.3591757511625482,0.7936546030527023,1.5680405302792018,1.5064598277372323,1.6307854199591705,1.6736810057288924,1.601792577626686,1.7487957854618843,0.1568108267137393,0.916041106894546,0.7897419289159102,0.7975131349447664,0.149882399103902,0.1639977419228932,0.9131358506874444,0.918857828520388,0.2,0.3535637149028078,0.3438887742036471,0.3633601062176244,0.8130838598196447,1.605304783031303,1.5613771175914932,1.649783877381933,1.8915633211859304,1.8269045773798744,1.958510500415676,0.3210748259291948,0.8341874186310628,0.8090811625665784,0.8170216173772784,0.312081458178558,0.3302029588248389,0.8303153840031324,0.8379883373459732,0.6697481532679598,0.290828173374613,0.9228907782864616,0.884377758164166,0.3908755990138777,1.3204631529761532,3.7716393307021487,3.5607957087760957,3.9949675309479664,0.2857994242908606,0.2959087448879733,0.9185553063347904,0.9270138016910175,0.8780258020860845,0.8904402036991637,0.3858539799046835,0.3959204400667365,0.874874974994999,0.246784347611406,0.2426097393634826,0.2510069825721058,0.9653029518384256,1.1204885481722933,1.1015343447141823,1.1396608099561985,7.11254589906903,6.202612960358134,8.155967410780173,0.9802883200941452,0.1548987562671394,0.9602732376637269,0.9697159481715392,0.9774037928483046,0.9828110976564162,0.1512032084727599,0.1586677424636375
all,0.0,pop_normal,unplanned_icu,NORMA_q_co,toward,46298,10197,0.2202470949069074,0.7001286859064513,0.6949092044011353,0.7053481674117672,0.3365276112355664,0.3304195596649091,0.3459822446913347,1.52795482445663,1.5002221019286028,1.5708822168009628,0.05,0.3490280777537797,0.3298752340932495,0.3686811485419421,0.7865311597662733,1.584711380194615,1.4977506705942203,1.6739432985382796,1.6350305617046004,1.5421966664019884,1.7334526756208362,0.079238991860351,0.9582560039888092,0.7826767493201418,0.7903355216950155,0.0741532477605137,0.0846416501035997,0.9561436123101148,0.9602708776512536,0.1,0.3596112311015119,0.3459098031589502,0.3735454324278683,0.7952385523663242,1.6327626534802195,1.5705533065267312,1.6960288742321712,1.7562448168703464,1.6825893358277249,1.8331245724118617,0.1632833186231244,0.9178693110994156,0.7913368121759098,0.7990858582730965,0.1562360477048981,0.1705842021066468,0.9149923486380712,0.9206573499331032,0.2,0.3653347732181425,0.3555847634695662,0.37519647095914,0.8160267833036341,1.6587495665836585,1.6144810610095106,1.7035251752933476,1.9858041283318997,1.918726603900492,2.055226642547,0.3317642443856036,0.8372067255754688,0.8120480337403716,0.8199399827517674,0.3226900852956987,0.3409651174279666,0.8333625809482529,0.840979111773645,0.6270681238930408,0.3022526866905483,0.9176416077840844,0.8605472197705207,0.4388798094235617,1.3723344992055513,3.669968275948669,3.481330273089736,3.868827743975004,0.296996485299571,0.3075612141748605,0.9134474780802556,0.9216499324252352,0.8536874409817266,0.867135437005125,0.4337674385806416,0.4440051867948979,0.874874974994999,0.2470559190223429,0.2428797330772596,0.2512800801720039,0.9672017952701536,1.121721578787529,1.1027602120242197,1.1409007700111249,7.53260494156017,6.542825923492607,8.672114751194298,0.9813670687457096,0.155203456967951,0.962296687467936,0.9714876684820348,0.97855534886245,0.9838162264397292,0.1515048818568003,0.158975405640154
all,0.0,all,periop_infection,NORMA_q_co,any,49990,1899,0.0379875975195039,0.7029460636484879,0.691369105417818,0.7145230218791577,0.076556510924825,0.0726514634112964,0.0823405522460461,2.015302781006848,1.9125048214485032,2.167564089931461,0.05,0.1036,0.0922560283911883,0.1161603506641,0.9654664139818908,2.727205897840969,2.4285828642841003,3.0578493573977688,2.999978048780488,2.6481887365076373,3.398499574102704,0.1363875724065297,0.9534008442328088,0.9637861295868584,0.9670713986868704,0.1216835861343227,0.1525597350123244,0.9514804856408392,0.955248771577465,0.1,0.0942188437687537,0.0864292300321476,0.1026316428925517,0.9682603187304129,2.480252764612954,2.2751960027946616,2.701714496155167,2.968487394957983,2.686097876303144,3.28056452885187,0.2480252764612954,0.905845168534653,0.9666000062289593,0.969840672339848,0.2291227307370321,0.267945233301593,0.9032024623640814,0.9084230405256088,0.2,0.0834166833366673,0.0781552099858808,0.0889981670482046,0.9733696739347868,2.1958925750394944,2.057387544599359,2.342821680221036,3.132394366197184,2.8687023381077523,3.4203250490798416,0.4391785150078989,0.8094445946226945,0.9717456652068596,0.9749027483622148,0.4170018534507272,0.461600758558596,0.8059097589878187,0.8129299961679607,0.8998599719943989,0.0409923528365641,0.9890131841789852,0.9710373880989994,0.1029506560479091,1.0790983245391468,3.731049423633453,2.857895152668422,4.870972886670707,0.0391989373309786,0.0428641594680462,0.9857273865490286,0.9915490207529508,0.9624915069179468,0.9776813377371206,0.1002661867717916,0.1056985543616941,0.874874974994999,0.0417743226248999,0.0399390947087661,0.0436900428310812,0.9884892086330936,1.0996831953758552,1.0513719560248658,1.1501133444580054,3.6291442780381846,2.871964765347574,4.585950478826065,0.962085308056872,0.1285687550685159,0.9855297270607188,0.9908490328682752,0.9525203157834026,0.9697845150548554,0.1256067617648717,0.1315900848923798
all,0.0,all,periop_infection,NORMA_q_co,toward,49990,1899,0.0379875975195039,0.7041595509934218,0.6925354715602187,0.7157836304266249,0.0781543026542815,0.0736707406259438,0.0847971315908487,2.057363659656415,1.939336663449674,2.232232021183005,0.05,0.1068,0.0952902740120732,0.1195162856361089,0.9656348704990524,2.8114439178515007,2.5084575028244034,3.1461922690621837,3.1078014705882357,2.748167261135072,3.51449859591195,0.1406003159557662,0.9535671955251502,0.9639584385051396,0.967235975551271,0.1256903323282565,0.156961465908654,0.951650024178598,0.9554119090496008,0.1,0.0960192038407681,0.088159459651797,0.1044993684829973,0.9684603587384144,2.527646129541864,2.320743226958049,2.750881216674586,3.044397463002114,2.7566658574011584,3.3621615357733026,0.2527646129541864,0.9060323137385372,0.9668049730395332,0.9700357513869752,0.2337300989006908,0.2727974018644805,0.90339191815556,0.9086078452452616,0.2,0.0845169033806761,0.0792226881006425,0.0901302838560419,0.9736447289457892,2.224855186940495,2.0854882454718906,2.3726239546938044,3.206831119544592,2.937245795414796,3.5011594349145554,0.444971037388099,0.8096733276496642,0.9720286378106642,0.9751698329423552,0.4227523859477244,0.4674118820607109,0.8061400852402256,0.8131570994291588,0.8943788757751551,0.0411317378662491,0.9886363636363636,0.9684044233807269,0.1085442182528955,1.0827675492015774,3.6195929322299274,2.8033601634082883,4.673481904344486,0.0393299544603492,0.0430123688170136,0.9854011332657446,0.9911610710213784,0.9595425632115548,0.975374983262098,0.1057952123641899,0.1113557596020011,0.874874974994999,0.0417514576426203,0.0399167224319523,0.0436666891598169,0.9883293365307754,1.099081288864976,1.050783019680515,1.1494985735119785,3.577470788419043,2.835505078733403,4.513586428738989,0.9615587151132174,0.1285479611569732,0.9853520049128822,0.9907072070665358,0.9519382084166592,0.9693155627853156,0.1255861757235502,0.1315690864324643
all,0.0,pop_normal,periop_infection,NORMA_q_co,any,46298,1873,0.0404553112445462,0.6995745542572367,0.6885456941172405,0.7106034143972328,0.0740662966705917,0.0688534508196039,0.0805092570528891,1.830817620531264,1.7019631959669113,1.9900787949998184,0.05,0.085097192224622,0.0744067232138364,0.0971623912957532,0.9618943682786532,2.103486281695436,1.8392324993882527,2.401721512125351,2.233192008123837,1.938372273422136,2.5728528072388923,0.1051788574479444,0.9523241418120428,0.9600643983826348,0.9636436588923843,0.0920839622899976,0.1198900263513453,0.9503032766164888,0.9542667853677516,0.1,0.0825053995680345,0.0749220751873734,0.0907809561808114,0.9642171450513584,2.0394207096641024,1.8519712957955237,2.243981158173629,2.3057243388335777,2.0692304624097706,2.569247274901532,0.2039508809396689,0.9043781654473833,0.9623903922373934,0.9659583083393528,0.1863172686895661,0.2227964252950514,0.9016084817257878,0.9070779189567816,0.2,0.084341252699784,0.0788518968913637,0.0901753455433514,0.9705167665640694,2.084800489852963,1.9491111170722693,2.2290112909589346,2.86065138964707,2.617095570307428,3.126873342316813,0.4169781099839829,0.8091389983117614,0.9687446211993244,0.9721913175797022,0.3948403876727321,0.4394556978360289,0.8054579584009771,0.812766577977662,0.6697481532679598,0.0544053147574819,0.9878351863963376,0.9006940736785904,0.3399887450759707,1.3448250200971164,4.472350874418812,3.8486725681064384,5.197096398812573,0.0519354671099327,0.0569855587216966,0.9859709613125672,0.9894543366714263,0.8863184368492231,0.913429394827142,0.335597704945841,0.3444074563861167,0.874874974994999,0.0448339711146772,0.0428614458843791,0.0468928264273721,0.990160538581046,1.108234487275667,1.0594763596129135,1.1591265765800718,4.556547274865351,3.505578193524556,5.922595909124006,0.9695675387079552,0.1291164884637028,0.9872740617457229,0.9923973510456842,0.960775788988602,0.976437026413614,0.12603026073924,0.1322668540790766
all,0.0,pop_normal,periop_infection,NORMA_q_co,toward,46298,1873,0.0404553112445462,0.7094914703239261,0.6983215597592574,0.7206613808885949,0.0789102022836274,0.0738828151050842,0.0830617080795478,1.9505523466777277,1.826282207012916,2.053171895711108,0.05,0.0941684665226781,0.0829341286180549,0.1067474779220381,0.9623718254780256,2.327715783805101,2.050018305797495,2.638651752714641,2.5026052344815435,2.1867973622695844,2.8640207216796187,0.1163908168713294,0.9527968486212718,0.9605526133418432,0.9641102749342724,0.1026459659008215,0.1317060433470553,0.9507852977846,0.9547300960716286,0.1,0.091792656587473,0.0838107254363223,0.1004514211161191,0.9652491120284152,2.268989009443046,2.071686581020209,2.483021833867637,2.6414478001980832,2.381064566799408,2.930305451796297,0.2269087026161238,0.9053460889138998,0.9634472193629944,0.966965224900088,0.2085105685579119,0.2464247866686559,0.9025887389442928,0.908033341285681,0.2,0.0909287257019438,0.0852411328666631,0.0969555920859742,0.9721637237431828,2.2476338187659346,2.1070442976298813,2.3966097183109643,3.2665549394263778,2.9909420252972385,3.567565363033224,0.4495461825947677,0.8105120990433314,0.970438769289369,0.9737907422368616,0.4271436547257951,0.4721552525448025,0.8068410195391356,0.8141294808486126,0.6270681238930408,0.056661614769909,0.9867948569442836,0.8782701548318206,0.3835227912211592,1.400597672513214,4.290874739549341,3.740687946116187,4.921983949401257,0.0540603255417518,0.0593802161644682,0.9849805931632444,0.9883925499928572,0.8626826944647371,0.8923090959985603,0.3790114019351474,0.3880543232265907,0.874874974994999,0.044809282804592,0.042837288637447,0.0468676117366974,0.989987916450889,1.1076242259941278,1.0588792254866646,1.1585033038898125,4.475520263568993,3.450902927625193,5.8043596269457804,0.9690336358782702,0.1290939786156443,0.9870797754099044,0.9922466219165292,0.9601778895101306,0.975969305863203,0.1260079843271649,0.1322441146877236
all,24.0,all,mortality,NORMA_q_co,any,32049,586,0.0182845018565321,0.4727997315010784,0.4486682778461883,0.4969311851559685,0.0169958943574766,0.0155114321869212,0.0189494103608602,0.929524604543974,0.8483376965164467,1.0363645949747595,0.05,0.0106117353308364,0.0066358959539682,0.0169290683613166,0.9813117876966532,0.5803677570272654,0.3629246235985125,0.9258698155492104,0.5678304140913489,0.3514358664404007,0.917468619332948,0.0290102389078498,0.9496233671296443,0.9797288039986456,0.9827733292757268,0.0181899905793072,0.0459655386339594,0.9471511685625637,0.951985781998118,0.1,0.0137285491419656,0.0102426653116362,0.0183787537076135,0.9812092636250174,0.7508298147625564,0.5601829020010778,1.0051547398896,0.7306019768466016,0.5385083957685401,0.9912180622743518,0.0750853242320819,0.8995327845405715,0.979576933175433,0.982713431036772,0.0564059501422001,0.0992995816480296,0.8961620280930915,0.902805987813532,0.2,0.0168486739469578,0.0139749433002491,0.0203011760226852,0.981356527165646,0.9214729544813192,0.7643053887878559,1.1102941814864142,0.9037304421047136,0.7347345602217118,1.1115969714835885,0.1843003412969283,0.7997012363728825,0.9796272658703884,0.9829415626950072,0.1549981968979541,0.2177147484080399,0.7952423560111914,0.804086939242896,0.8065150238696995,0.0169452181987,0.9761328817932592,0.7474402730375427,0.1923847058449607,0.9267530683449476,0.709981743582022,0.5904934242518046,0.8536489239629795,0.0154420231188254,0.0185919777703027,0.9720287561073504,0.9796474317263568,0.7107279209005906,0.7809295003460628,0.1880668093058007,0.1967777122365201,0.76729383132079,0.0171200845837908,0.0155725522497869,0.0188184641168319,0.9778761061946902,0.9363167078940478,0.8516804215928693,1.0292029974067385,0.773827823187345,0.6475546930953321,0.9247242068102948,0.7184300341296929,0.2317960779328099,0.9742836431495412,0.98097651675522,0.6806822909462172,0.7533325360853113,0.2271661854379577,0.2364914572788758
all,24.0,all,mortality,NORMA_q_co,toward,32049,586,0.0182845018565321,0.4712538179359926,0.4472411737928951,0.4952664620790902,0.0166396082860688,0.0152014090844035,0.0183701359714994,0.9100389180208552,0.8313821838669777,1.004683426195538,0.05,0.0093632958801498,0.0056824016235173,0.0153916569884902,0.9812460997799456,0.512089197376999,0.3107769447646877,0.8417870560138625,0.4992719258545032,0.2997487782897051,0.8316045769018765,0.0255972696245733,0.9495598004004704,0.9796605069237502,0.9827102670912444,0.015572431621817,0.041801615919082,0.9470861668386336,0.9519236657846696,0.1,0.0131045241809672,0.0097096404558744,0.0176652227969579,0.9811399251144084,0.7167011868188039,0.5310311723042997,0.9661309307503528,0.6948288519776085,0.5087220701857988,0.9490194387756652,0.0716723549488054,0.8994692178113975,0.9795047737352928,0.9826469319229908,0.0534590924037282,0.0954649577141339,0.8960975360941567,0.9027433618750884,0.2,0.016380655226209,0.013550311587097,0.0197903309382811,0.981239517921916,0.8958764835235049,0.7410818021414234,1.0823554884658244,0.8731468177646025,0.7082246763175634,1.0764738802049356,0.1791808873720136,0.7996058862791215,0.9795051915286636,0.9828296536080005,0.15025010272578,0.2122906200716625,0.7951462289515088,0.8039923893965113,0.8021779150675528,0.0169201446964098,0.9761829652996844,0.742320819112628,0.1967072434287893,0.9253817702649118,0.7104219693724387,0.5915715972696659,0.8531501121696836,0.0154142273453298,0.018570410120799,0.9721313130598048,0.9796578993316266,0.7054114654204897,0.7760737333176122,0.1923519703096305,0.201136570974411,0.76729383132079,0.0170387540156968,0.0154950181977952,0.0187333624395495,0.9776079377849288,0.9318686475240048,0.8474399969644002,1.0245486908278534,0.760928308078244,0.6371815218879433,0.9087079115527864,0.7150170648464164,0.231732511203636,0.9739959706884058,0.9807281285205616,0.6771600322088867,0.7500733131502741,0.2271030728872749,0.2364274518921804
all,24.0,pop_normal,mortality,NORMA_q_co,any,24206,392,0.0161943319838056,0.4964659144080913,0.465706021465054,0.5272258073511286,0.0183505481142585,0.0159295752407004,0.0229896916787874,1.1331463460554632,0.9836512711132548,1.419613461165125,0.05,0.028099173553719,0.0201766764721918,0.0390086406235477,0.9844320751435032,1.7351239669421488,1.245909772157849,2.408783558504076,1.8049402096126324,1.2758001305628033,2.5535419555407564,0.086734693877551,0.9506172839506172,0.9827491837399333,0.9859531398447648,0.0627306158895728,0.1187601622398607,0.9477919810274068,0.9532972259811744,0.1,0.023543990086741,0.018216753592722,0.0303808950124486,0.9846224466375948,1.4538413878562575,1.1248845343505889,1.8760202670187045,1.531062161312397,1.1598507758906254,2.0210801169681187,0.1454081632653061,0.9007306626354246,0.9829009000449708,0.98617310524772,0.1139522011779445,0.1837466763528657,0.896867872454772,0.9044641844348834,0.2,0.0185912001652551,0.0151502141093479,0.0227956291561986,0.9844048541182546,1.1480066102045032,0.9355257212522342,1.4076301003952685,1.1921145403978983,0.944086604607972,1.5053037194804957,0.2295918367346938,0.8004955068447132,0.9825611732388556,0.9860563820825736,0.1907012710002683,0.2737309665412129,0.795371520621429,0.8055225587144584,0.2272163926299264,0.018,0.9843365764995188,0.2525510204081632,0.7732006382800034,1.1115,1.1491740614334471,0.9168478907984244,1.4403709020058024,0.0148078638846341,0.0218649938516786,0.9824551063450038,0.9860191537470752,0.212083501565211,0.2978214705246349,0.7678381025521133,0.7784750444796482,0.76729383132079,0.0156140634254024,0.0139285867277048,0.017499877409062,0.9818924196698028,0.9641684165186024,0.8600902304357764,1.0806174300095817,0.8622943066205108,0.6894838552256152,1.0784175228973856,0.7397959183673469,0.2322583354329386,0.9780675735548362,0.9850604306097652,0.6941837697333821,0.7807536799939836,0.2269384658440007,0.2376645735850632
all,24.0,pop_normal,mortality,NORMA_q_co,toward,24206,392,0.0161943319838056,0.4898602991209081,0.4585559110842268,0.5211646871575896,0.0180448049703924,0.0153525424094464,0.0216962667118928,1.1142667069217322,0.9480194937833158,1.3397444694593843,0.05,0.0272727272727272,0.0194845504707755,0.0380531051838007,0.9843885893198816,1.684090909090909,1.2031709915703908,2.349779245099698,1.746973917447455,1.2288441790814284,2.483567827552426,0.0841836734693877,0.9505752918451332,0.9827035107485944,0.9859118557154948,0.0605695178914382,0.1158687341770658,0.9477488873858336,0.9532563489576644,0.1,0.0231309376290788,0.0178557770202238,0.0299170754415616,0.9845765434932292,1.4283353985956218,1.1025942309988248,1.8473794085164328,1.499724631694892,1.1337303349409011,1.983870327532185,0.1428571428571428,0.9006886705299404,0.9828526100323264,0.9861296051580396,0.1116768553900527,0.180969496079828,0.8968251727517178,0.9044229134728544,0.2,0.0190043379467052,0.0155220399905356,0.0232494236626827,0.9845081332300544,1.173517868209048,0.9584859694155736,1.4356519111706572,1.2267300144598223,0.9732642364267846,1.5462055134189674,0.2346938775510204,0.8005794910556815,0.9826701184790696,0.9861539540973722,0.195438620715371,0.279098668947969,0.7954562933151096,0.8056057273509444,0.2013550359415021,0.0188756668034468,0.9844816883923028,0.2346938775510204,0.799193751574704,1.1655724251128436,1.2163479688141157,0.965016824408583,1.5331363597157468,0.0154167799139497,0.023092383647245,0.9826405653601742,0.9861303000362404,0.195438620715371,0.279098668947969,0.7940575886239213,0.8042334000943848,0.76729383132079,0.0155063802293652,0.0138269761341933,0.0173861661472157,0.9815373690750931,0.9575189791633016,0.8538157762864388,1.073595759590575,0.8398792291539829,0.6725139134409273,1.048895949163511,0.7346938775510204,0.2321743512219702,0.9776796074539492,0.9847387794668396,0.68886331626104,0.7759690813444668,0.2268551714746159,0.2375799266242816
all,24.0,all,prolonged_los,NORMA_q_co,any,32068,22988,0.7168516901584133,0.4043399199275775,0.3973670627281806,0.4113127771269745,0.6552165288055064,0.6496493258155548,0.6612064719830003,0.914019647021706,0.9062534618171748,0.9223755500065624,0.05,0.5720524017467249,0.5476869163003172,0.5960733647379631,0.2755292959133432,0.7980066303816763,0.7640170537636407,0.8315156020713852,0.7896142639306771,0.7564530174262944,0.8242292269837304,0.0398903775883069,0.9244493392070484,0.2705407686249633,0.2805744270377429,0.0374364183960204,0.0424980919391586,0.918832093814178,0.9297075812942036,0.1,0.5818521983161834,0.5646924592040807,0.5988160738858108,0.2681473268424517,0.8116772357579333,0.7877395937774692,0.8353416503119098,0.7950400670203281,0.7714196478330927,0.819383729651191,0.0811727858012876,0.8523127753303965,0.2630675124478172,0.2732888554319221,0.0777119369071716,0.0847735944823626,0.8448661345355252,0.8594614266143744,0.2,0.5848144683504833,0.5727079124799174,0.5968194875107588,0.2501364309659312,0.8158095689517705,0.7989210604404903,0.8325564349006008,0.7798944934794042,0.7630780747292621,0.7970815059458977,0.1631720897859753,0.7067180616740089,0.2448743228215632,0.2554733603600181,0.1584515325701646,0.1680052050232259,0.6972678345468017,0.7159934446899476,0.8066296619683173,0.6991147021301272,0.2091598129333978,0.7866713067687489,0.1428414096916299,0.9752571023102888,0.8840151443533684,0.8707738623540193,0.8974577777673227,0.6934961679535033,0.7046741026263296,0.1992184256372894,0.2194613356639499,0.7813278926145361,0.7919189237692371,0.1357950709119135,0.1501898366188386,0.7674317076213047,0.6947582283624543,0.6889746077634155,0.7004810552648214,0.2102440332528828,0.9691798706771876,0.9611117853557164,0.9771631494793932,0.8797125411081805,0.8671852836625197,0.8924207658535251,0.7437793631459892,0.1726872246696035,0.2011462725523041,0.2196401456423677,0.738095636758573,0.7493816256108755,0.1650514573781545,0.18059983623313
all,24.0,all,prolonged_los,NORMA_q_co,toward,32068,22988,0.7168516901584133,0.4053060364189246,0.3983101773162175,0.4123018955216318,0.6547813520436623,0.6460841056830531,0.6615476266486505,0.913412580360891,0.9012800200558616,0.9228514569066002,0.05,0.5689332501559575,0.5445535552061815,0.5929833370425628,0.2753651731495158,0.7936554491909364,0.7596460504764151,0.8272050483852839,0.7851309778040064,0.751957683904438,0.8197677415925094,0.0396728728032016,0.9238986784140968,0.270377592742837,0.2804093987783634,0.0372255660592431,0.0422740073894535,0.9182635381001168,0.9291752811765204,0.1,0.5802931088244465,0.5631263843083127,0.5972677005322473,0.2679740826721181,0.8095023235506504,0.7855549370105697,0.8331816869961767,0.7927220814021088,0.7691006543264856,0.8170689945554648,0.0809552810161823,0.8517621145374449,0.2628953377028266,0.2731145879501173,0.0774987823731909,0.0845518121298609,0.8443044860383138,0.8589222192798416,0.2,0.5837231057062675,0.5716126404127188,0.595733340828077,0.2498635690340687,0.8142871304066726,0.7973931682945479,0.8310412725628491,0.7781559215229987,0.7613448503693461,0.7953381938651746,0.1628675830868279,0.7059471365638766,0.244603429057826,0.2551986119681034,0.1581506667118181,0.1676971592404971,0.6964900564228728,0.7152300246494349,0.8022951228639141,0.6993547885572139,0.2121451104100946,0.7827127196798329,0.1481277533039647,0.9755920201606376,0.8876695414319792,0.8743856085697689,0.9011552878539716,0.6937222575548893,0.7049277947600604,0.2022574155117512,0.2223814342350646,0.7773345327610469,0.787996432288747,0.1409699364712995,0.1555831870441964,0.7674317076213047,0.6957740755790329,0.6899956792817298,0.7014913610833956,0.2135961383748994,0.97059696605483,0.962536168575192,0.978572514669494,0.8847541441889902,0.8720807622053739,0.897611700182473,0.7448668870715156,0.1754405286343612,0.2044430699223435,0.2230441069697524,0.7391908505671941,0.7504610962346664,0.1677549524495398,0.1834006203204653
all,24.0,pop_normal,prolonged_los,NORMA_q_co,any,24225,18551,0.7657791537667699,0.5017232643171935,0.4930583920007129,0.5103881366336741,0.7604300548983141,0.7540245928801316,0.7682702699538736,0.99301482830638,0.9846501947345796,1.0032530477943284,0.05,0.7225433526011561,0.6966515251703421,0.7470277166336924,0.2319457721386982,0.943540117339389,0.9097290279365824,0.9755132572611288,0.9407452317698012,0.907828582725819,0.9748553944405868,0.0471672686108565,0.9407825167430384,0.2265376091221587,0.237443409845319,0.0442091873491606,0.0503128591230657,0.9343375318378138,0.9466310390360196,0.1,0.7411230388109001,0.7233062352098137,0.7581761501198797,0.2314819061597028,0.9678025774995448,0.9445363348583764,0.990071545288884,0.9643534026733144,0.9408824410782528,0.9884098635976708,0.0967602824645571,0.889495946422277,0.2259308503720591,0.2371275688719271,0.0925891456790199,0.101098392995522,0.8810731291337912,0.8973917015863895,0.2,0.7593395252837978,0.7470997597071471,0.7711683561248901,0.2326109391124871,0.9915907498248072,0.9756073353946224,1.0070375412174797,0.9895104895104896,0.9722027007465748,1.0071264028575455,0.1983181499649614,0.7945012336975679,0.2267158593283283,0.2386120042670901,0.1926429419718755,0.2041182785604517,0.783789757439036,0.8048141937525577,0.2275748194014447,0.7627426083801923,0.233326207781103,0.2266724165813163,0.7694747973211139,0.9960346982917448,0.994872416562816,0.9783859362471882,1.011636705484565,0.7513325558402211,0.7737867443042674,0.2273211745084264,0.2394407155900663,0.2207044136733439,0.2327535991398724,0.7583357414977535,0.7802492024710955,0.7674317076213047,0.7667688666559088,0.7606351589873206,0.7727923481337942,0.2374866879659212,1.001292426000722,0.993282665434092,1.0091582466466047,1.0055809578071206,0.9890362061239928,1.0224024726729932,0.7684221874831545,0.2358124779696863,0.2265559412331737,0.2487751854873784,0.7622965380924033,0.7744366884526294,0.2249477778876698,0.2470346740356102
all,24.0,pop_normal,prolonged_los,NORMA_q_co,toward,24225,18551,0.7657791537667699,0.509980916102694,0.5013037640411562,0.5186580681642319,0.7646105708687756,0.7579711441777761,0.7722859233712628,0.998473994894943,0.98980383632724,1.008496927048075,0.05,0.7258464079273328,0.7000369817449117,0.7502274807166964,0.2321195793864604,0.9478534435900834,0.914149958642148,0.9796916996583456,0.9452596894544838,0.9124413390039002,0.979258438118363,0.0473828904102204,0.9414874867818118,0.2267099622780559,0.2376186131692613,0.0444181505621736,0.0505350502239758,0.9350763289048684,0.9473012280879156,0.1,0.7510322047894302,0.7334222603320738,0.7678470723399359,0.2325826721093427,0.9807425562516278,0.957746442593094,1.002700411160312,0.9786490055596432,0.9553773834179364,1.0024874910231176,0.0980540132607406,0.8937257666549172,0.227022149837175,0.2382374134734512,0.093857343219082,0.1024171213389985,0.8854385268139214,0.9014802206199628,0.2,0.7684210526315789,0.756332781405475,0.7800839990478192,0.2348813209494324,1.0034499487898223,0.9876643646998884,1.0186801184266845,1.0043161586188292,0.9870761291512526,1.0218572982108076,0.2006899897579645,0.8022559041240748,0.2289656877165884,0.240902039638344,0.1949886350146036,0.2065152829708778,0.791689073245705,0.8124137252543447,0.2016924664602683,0.7681129758493656,0.2348104865815192,0.2023071532531939,0.800317236517448,1.0030476437901397,1.003820573047093,0.98663154796863,1.021309064105289,0.7560711523845248,0.7797335248058365,0.2288892806979278,0.2408370288014995,0.1965881519605015,0.2081494233794033,0.7897136752440558,0.8105144114288799,0.7674317076213047,0.7694583400570169,0.7633486289801176,0.7754567136800748,0.2463613773517927,1.0048045004517945,0.9968260760629264,1.0126375337663638,1.0209911182009497,1.003905156614862,1.0383678742723506,0.7711174599752035,0.2446246034543532,0.2352850795027658,0.2577833316423788,0.7650160985658121,0.7771065569032598,0.2336146610546648,0.2559801173554971
all,24.0,all,unplanned_icu,NORMA_q_co,any,23451,193,0.0082299262291586,0.3320693709713566,0.2919668219069206,0.3721719200357927,0.0061612022304831,0.0050730658351173,0.0092689314985074,0.7486339559951254,0.6164169269395643,1.1262472153963654,0.05,0.0068201193520886,0.0034598030203959,0.0134002399964382,0.9916958434329832,0.8286975073877264,0.4203929566388902,1.628233306510224,0.8212898320315201,0.405664535435265,1.662745764735454,0.0414507772020725,0.9499097084874022,0.9904164942136604,0.9928056466348768,0.021150699451912,0.0796491314781352,0.9470312368382592,0.952639578562702,0.1,0.0051172707889125,0.0029297110198998,0.0089236212780294,0.9914242395527338,0.6217881723875074,0.3559826586926009,1.084289339850097,0.5967133550872316,0.3331985175530651,1.0686326900681764,0.0621761658031088,0.8996904290996647,0.990087715365393,0.9925819035293316,0.0359213053351085,0.105520341146123,0.8957632846499003,0.9034855590014124,0.2,0.0036247334754797,0.0022643793414448,0.0057975884931748,0.99061883694899,0.4404332887744843,0.2751396887887256,0.7044520608986693,0.3863842314402016,0.2351122019973882,0.634985224234741,0.0880829015544041,0.7990798864906699,0.989135422964066,0.9919013687347245,0.0557208243629339,0.136523091557278,0.793881045068643,0.8041799442212162,0.8022685599761205,0.0059530137131923,0.9825318093594996,0.5803108808290155,0.1958895863788803,0.7233374330988224,0.3407916615811446,0.2565192073546403,0.4527495535360598,0.0049501391274573,0.0071576044088683,0.9783420236059512,0.985922733889758,0.5097824397294922,0.6477045955313468,0.1908392403574024,0.2010403776346658,0.7642318024817705,0.0056355317486887,0.0046405035852281,0.0068424496056557,0.9833604630132032,0.684760906935234,0.5638572516952653,0.8314108067473208,0.3386832069402191,0.2557509176822828,0.4485079299140971,0.5233160621761658,0.2337690257115831,0.9796375724582812,0.9864121333565392,0.4530853287996558,0.5926367136954266,0.2283739614968932,0.2392520238851068
all,24.0,all,unplanned_icu,NORMA_q_co,toward,23451,193,0.0082299262291586,0.3293635216942457,0.2897670136471872,0.3689600297413041,0.0059556743975832,0.0047835394816744,0.0081778159984581,0.7236607269312181,0.581237224791438,0.993668201968098,0.05,0.0059676044330775,0.0028936343552515,0.0122669446045676,0.9916509561001884,0.7251103189642606,0.3515990635492496,1.4905291084026715,0.7147650083876467,0.3368440033735327,1.5166932232688672,0.0362694300518134,0.9498667125290222,0.990368434122282,0.9927639475386666,0.0176777707669518,0.0729616062752994,0.946987109210744,0.952597728474678,0.1,0.0046908315565031,0.0026212965699013,0.0083805521711972,0.99137685966076,0.569972491355215,0.3185079060142827,1.0183022226256293,0.5439818177558049,0.2964427711097691,0.9982237615075308,0.0569948186528497,0.8996474331412847,0.9900369518418122,0.9925379245134892,0.0321193323739777,0.0991618602194577,0.8957195609944278,0.9034433049413456,0.2,0.003411513859275,0.0021010360116798,0.0055348416029376,0.9905655348862,0.4145254482583382,0.2552922047145248,0.6725262716605686,0.3616011949935552,0.2169952835265523,0.6025726554778661,0.082901554404145,0.79903689053229,0.9890782670501816,0.991851942347376,0.0516709624127365,0.1304124996196793,0.7938376439218733,0.8041373676524468,0.7971088652935909,0.0059380516770983,0.9827658680117696,0.5751295336787565,0.2010491013844698,0.7215194294281558,0.3445518278004157,0.2594636080374901,0.4575437878881802,0.0049336094110345,0.0071455216439132,0.9786594573335972,0.9860933391474952,0.5045905632670429,0.6427360181060002,0.1959477857618879,0.2062491580948702,0.7642318024817705,0.0055239370605959,0.0045397231755263,0.0067200884698024,0.9829987339482728,0.6712012850157245,0.5516116486490639,0.8165429777478604,0.3249132766812215,0.2454052441776489,0.4301808533777984,0.5129533678756477,0.2336830337948232,0.9792404801249672,0.9860862698763344,0.442873357427378,0.5825277772921122,0.2282886789479081,0.2391653510030137
all,24.0,pop_normal,unplanned_icu,NORMA_q_co,any,17172,132,0.0076869322152341,0.4427305626689429,0.3911901983448181,0.4942709269930677,0.0068567520490385,0.0058381137311277,0.0087718520324416,0.892001107470382,0.759485522658528,1.1411382053112762,0.05,0.0046565774155995,0.001812268090112,0.0119116877321385,0.9921534972108136,0.6057783892475395,0.2357596033591183,1.5496022858809335,0.593458963911525,0.2198930699261382,1.6016582149007337,0.0303030303030303,0.949823943661972,0.9906788418444632,0.993396409581646,0.0118458688521193,0.0753262492619193,0.946443491865933,0.9530016191470678,0.1,0.0052417006406523,0.0027600950170873,0.0099322992160599,0.9920414105467488,0.6818976015248583,0.3590632699501855,1.2921018343801602,0.6586218162705798,0.3353499706288621,1.2935223940950706,0.0681818181818181,0.8997652582159624,0.9905130914732064,0.9933251800826648,0.03628192294568,0.1245053469333554,0.8951656074161974,0.904184698679114,0.2,0.006697728596389,0.0044672262633124,0.0100307075565587,0.9920658028825156,0.8713136019484302,0.581145525709101,1.304903864857775,0.8441595913503924,0.539236545079246,1.3215080138237612,0.1742424242424242,0.7998239436619718,0.9904384889799104,0.9934179979119192,0.1190044689938695,0.2479052258271572,0.7937487362635569,0.8057639933079266,0.2165734917307244,0.0064533476741059,0.991972050843678,0.1818181818181818,0.7831572769953051,0.8395218656041459,0.8038600579606227,0.5172930075337655,1.2491778999009118,0.0043404996252106,0.0095847772385699,0.9903173028714446,0.9933459067779876,0.1253342359011497,0.2562984892728764,0.7769062803690148,0.7892806290423,0.7642318024817705,0.0064771774746628,0.0052417011673131,0.0080015149312188,0.9883921956038528,0.8426219060220431,0.6818976700386472,1.0409243515067474,0.558001948827866,0.3914409492138115,0.7954358774192096,0.6439393939393939,0.2348591549295774,0.9845991878412602,0.9912593307842889,0.5592421891175997,0.7204953875893884,0.2285543926289662,0.2412834401751123
all,24.0,pop_normal,unplanned_icu,NORMA_q_co,toward,17172,132,0.0076869322152341,0.4426389778062313,0.3902583597397151,0.4950195958727476,0.0069671966065055,0.0057578443913767,0.0098816686544648,0.9063689403553988,0.7490432112781903,1.2855152585944687,0.05,0.0058207217694994,0.0024887145129451,0.0135531638573142,0.992214798013854,0.7572229865594243,0.323759133456768,1.7631434072560666,0.7476648364239686,0.3067294037298719,1.8224620816502417,0.0378787878787878,0.9498826291079812,0.9907453648808732,0.9934524592862743,0.0162859389418253,0.0856092095252127,0.9465039788412312,0.9530584766089534,0.1,0.0064065230052417,0.003581022245243,0.0114358160273789,0.992170818505338,0.8334304018637158,0.4658584393584365,1.48769570319811,0.8182877111240535,0.4423012189255401,1.513888611483493,0.0833333333333333,0.8998826291079812,0.9906537651371536,0.9934432580188376,0.0471674792941011,0.1430658512909331,0.8952852974651652,0.9042996975045136,0.2,0.0064065230052417,0.004234615086602,0.0096815583636232,0.9919930120832728,0.8334304018637158,0.5508849262661359,1.2594827289404436,0.8001164822364588,0.5070095633376521,1.2626712224757424,0.1666666666666666,0.7997652582159624,0.9903590147061264,0.993351931285276,0.1127163699886792,0.2394702944793482,0.793689404151163,0.805705980983137,0.1860587002096436,0.0062597809076682,0.9919868355154896,0.1515151515151515,0.8136737089201878,0.8143405889884764,0.7811871227364185,0.4861783669020505,1.2552045962426603,0.0040559254873497,0.0096495358896687,0.9903675815588552,0.9933357171037948,0.1002740451855264,0.2224665585765022,0.8077569075724756,0.8194491091743591,0.7642318024817705,0.006934390002286,0.0056517620622326,0.0085056114829771,0.9898740429735736,0.9021010993883052,0.7352428646413609,1.1065027301945738,0.6848132955916163,0.4744566135868515,0.9884344245381742,0.6893939393939394,0.2352112676056338,0.9862925567110729,0.9925268474324298,0.6060360765197472,0.7620396823052373,0.2289031234771758,0.241638775950005
all,24.0,all,periop_infection,NORMA_q_co,any,31525,537,0.0170340999206978,0.4502892211053525,0.4260085887544086,0.4745698534562964,0.0154079131251321,0.0136288096810195,0.0198630089954213,0.9045334474297768,0.8000898048308058,1.1660732934462896,0.05,0.008248730964467,0.004826883238422,0.0140620990494225,0.9825035894353734,0.4842481259866338,0.2833659107844574,0.8255263920540893,0.4714527550664548,0.2725568018464283,0.8154912985256815,0.0242085661080074,0.9495611204337164,0.9809555805519816,0.9839278313777898,0.0142011007191804,0.0409751283282892,0.9470682009454132,0.9519425890426204,0.1,0.0098350253807106,0.0069373590465655,0.0139260455045374,0.9821661438691714,0.577372765599448,0.4072630241023806,0.8175392635578062,0.5514805832547501,0.3844558669927477,0.7910682598914179,0.0577281191806331,0.8992835936491546,0.980559598267185,0.9836421400968196,0.0409637797812434,0.0807753763783419,0.8958830712714405,0.9025851294694928,0.2,0.0136399682791435,0.0110586058044724,0.0168136425651807,0.9821173671689136,0.8007448789571695,0.6492039999739173,0.9870578805722948,0.762749445676275,0.6066561223968008,0.9590057619148704,0.1601489757914339,0.7993094100942301,0.9804068031225324,0.9836810779241042,0.1315598690084173,0.1935660088826324,0.794812991801746,0.803731626469664,0.8073275178429817,0.0160308042905976,0.9787619361211722,0.7597765363128491,0.1918484574674067,0.9411007546761452,0.7548147694658135,0.6204731106870662,0.918243395870669,0.0145592108900146,0.017648477253682,0.9748219727722388,0.9820966807181716,0.7218783582774445,0.7939843268414516,0.1875026153111341,0.1962706935973626,0.7682157018239493,0.0157321000908415,0.0142399034001033,0.0173779071960983,0.9786506090050636,0.923565093787298,0.8359645338701281,1.020183471800747,0.7368875343831989,0.6127633129768328,0.886154942422083,0.7094972067039106,0.2307667484187427,0.9750761232014146,0.9817220653956412,0.6697178819735863,0.7463004124771364,0.226109190653119,0.2354910519087814
all,24.0,all,periop_infection,NORMA_q_co,toward,31525,537,0.0170340999206978,0.4464431957682183,0.4224191474379779,0.4704672440984587,0.0144104532262117,0.0131761648855193,0.0159499435956615,0.8459767932147599,0.7735169423016726,0.9363537650898144,0.05,0.0076142131979695,0.0043609484759776,0.0132620841115931,0.982470199338876,0.4469982701415081,0.2560128504752258,0.7785608968677346,0.4343582306018854,0.2456438973257325,0.7680511282615805,0.0223463687150838,0.9495288498773718,0.9809208052231826,0.983895835078484,0.0128282840407602,0.0386500046115919,0.9470351967657332,0.951911060109818,0.1,0.0088832487309644,0.0061531855509816,0.0128089828924535,0.9820604095442852,0.5214979818317594,0.361227513025505,0.7519612396361228,0.4951756704197541,0.3390812260051256,0.7231274566995536,0.0521415270018622,0.8991867819801214,0.980449407860118,0.9835408904823164,0.0363181966340809,0.0743271383401517,0.895784842390764,0.902489759012723,0.2,0.013005551149881,0.010490630553004,0.016113556180738,0.981958762886598,0.7635009310986965,0.6158605738984221,0.9459587683384836,0.720879120879121,0.5707517551616217,0.9104951534880492,0.1527001862197393,0.7991803278688525,0.9802411271247152,0.9835295936682664,0.1247517286149841,0.1855823876955955,0.7946828521227993,0.8036036336986823,0.8029500396510706,0.015960178564374,0.9785898261429492,0.7523277467411545,0.1961727120175551,0.9369546168377868,0.7454483401645978,0.6140150842413743,0.9050155967108237,0.0144881325159002,0.0175791218765275,0.9746834466362913,0.981904636303274,0.7141112934922565,0.7869596300461695,0.1917890849796379,0.2006316610014592,0.7682157018239493,0.0157733916921298,0.014279168867668,0.01742121183336,0.978787464075544,0.925989149151569,0.8382696434883329,1.0227257039975357,0.7435882135122103,0.6181135092701713,0.8945338080818471,0.7113594040968343,0.2307990189750871,0.9752232770994428,0.9818484778131517,0.6716390935913817,0.7480771412544586,0.2261412276735723,0.2355235480008103
all,24.0,pop_normal,periop_infection,NORMA_q_co,any,23836,401,0.0168232924987414,0.4928936459789294,0.4635406161648505,0.5222466757930082,0.0186762096760187,0.0158833844738695,0.0256400366357661,1.110139984632375,0.9441305544118582,1.5240795841648929,0.05,0.023489932885906,0.0163011121832644,0.0337402979834331,0.9835276452923511,1.3962744146345547,0.9689608728186836,2.0055704307558937,1.4260215556795075,0.9755776932661504,2.084444418213884,0.0698254364089775,0.9503307019415403,0.9817858700956728,0.9851053854489616,0.0487483104976212,0.099066538569273,0.947474476069942,0.9530393104134308,0.1,0.0188758389261744,0.0141368322653629,0.025162926981649,0.9834048107402572,1.1220062260456245,0.8403130520628205,1.4957195200363782,1.13742836136038,0.8365858305371756,1.5464561196264115,0.112219451371571,0.9001920204821847,0.9816066811853232,0.9850298361163332,0.0849329174576226,0.1468653957592008,0.8962884588701782,0.9039644000424396,0.2,0.0176211453744493,0.0142559265662465,0.0217632110215534,0.983376160260108,1.0474254891405848,0.8473921836235743,1.293635655635282,1.0599924957267333,0.8351371999261257,1.345388627277504,0.2094763092269326,0.8001706848730531,0.981461619260524,0.985095980630622,0.1724969487920197,0.2519693115922886,0.7950019704418817,0.8052410040232044,0.2271773787548246,0.0169898430286241,0.9832256663590468,0.2294264339152119,0.772861105184553,1.0098999960855015,1.012847567735554,0.8040939492939599,1.2757964369320165,0.0138743338031152,0.0207901967120413,0.9812677781760956,0.9849820483624404,0.1909552165162157,0.2730326740562945,0.76745225010906,0.7781805169983381,0.7682157018239493,0.0166566544699907,0.0149017310170241,0.0186143437275152,0.9826244343891404,0.9900948028595978,0.885779702049345,1.106462586256994,0.9586251661114448,0.7636491681265561,1.203382714809557,0.7605985037406484,0.2316620439513548,0.978828496643475,0.9857496891377924,0.7164845839172465,0.7997667104161423,0.2263046286939673,0.2371074197922514
all,24.0,pop_normal,periop_infection,NORMA_q_co,toward,23836,401,0.0168232924987414,0.4956684456982144,0.4667489824734041,0.5245879089230248,0.0170915012574899,0.0150991634333751,0.0197476740887322,1.0159427031758888,0.8975153605933405,1.173829325633468,0.05,0.0218120805369127,0.0149279121364794,0.0317685734181291,0.9834393216746158,1.2965405278749436,0.8873359443519304,1.8883683690636557,1.3171006711409396,0.8889036940225589,1.951565945315881,0.0648379052369077,0.950245359505014,0.9816932037758924,0.9850214344967456,0.0446276335447937,0.09330680797505,0.9473868852621432,0.9529562443232368,0.1,0.0167785234899328,0.0123458487177224,0.0227660280499827,0.9831717322394182,0.9973388675961103,0.7338544888669113,1.353244500247854,0.99704400527989,0.7212068640746124,1.3783794885814078,0.0997506234413965,0.8999786643908684,0.9813619031842452,0.9848085405796574,0.074111354415993,0.1329859399332042,0.8960714947844163,0.9037547218832196,0.2,0.0167820432137612,0.0135053634589343,0.020836921139238,0.9831663957208034,0.9975480848957948,0.8027776643570029,1.2385756914585495,0.9969370157109464,0.7819799147627746,1.270983300889713,0.199501246882793,0.8,0.9812406974888463,0.984897457824099,0.1633200202668211,0.2413854250233862,0.794829674290339,0.8050719863787618,0.201166303070985,0.0166840458811261,0.983141641720498,0.199501246882793,0.7988052058886281,0.9917229865898342,0.989660179509419,0.7762650448108752,1.2617176020662342,0.0134263837319868,0.0207155225147206,0.9812131402738968,0.9848752308680294,0.1633200202668211,0.2413854250233862,0.7936236419332126,0.8038888221639893,0.7682157018239493,0.016875102397466,0.0151082457646778,0.0188446331944281,0.9833484162895928,1.0030796527331662,0.8980552270495292,1.1201513137715473,1.0134232689782572,0.8045285624508499,1.2765571914288871,0.770573566084788,0.2318327288244079,0.9796228612175084,0.986402282277288,0.7269673259437053,0.8090447834837842,0.2264738966567384,0.2372794656254658
all,0.0,all,mortality,NORMA_q_age_set_co,any,49990,906,0.0181236247249449,0.7946009750730514,0.7820459117728308,0.807156038373272,0.0567636201950396,0.0502375143022412,0.0630185548466761,3.132023591114824,2.771935253828962,3.4771496211758723,0.05,0.078,0.0681232729377269,0.0891716613744116,0.985028427037271,4.303774834437086,3.758810611652283,4.920189130360751,5.209873417721519,4.469622217037829,6.072723758445461,0.2152317880794702,0.9530396870670688,0.9838963072265338,0.9860820825611644,0.1897018266409724,0.2431664880195135,0.9511323954050944,0.954876069224566,0.1,0.0646129225845169,0.0581266044630785,0.0717678938956142,0.9870418528150074,3.5651214128035327,3.2072284294804616,3.959908406006354,4.986277873070327,4.366297753841644,5.694290318518774,0.3565121412803532,0.9047347404449516,0.985954448448219,0.9880460912047532,0.32598915709999,0.3882468154033557,0.902105722997719,0.9073004090494476,0.2,0.0529105821164232,0.0486917911949731,0.0574728175306839,0.9905731146229246,2.919426048565122,2.686647507546034,3.17115468913785,5.612732095490716,4.927158259710212,6.393697932001158,0.5838852097130243,0.8070858120772553,0.9895777668085648,0.9914742233563328,0.5515000569909556,0.6155619898532423,0.803571008815969,0.8105525504484495,0.906881376275255,0.0198742693283335,0.9989258861439312,0.9944812362030904,0.0947355553744601,1.0965946177962391,18.502944744678505,7.686613361344055,44.53963639518382,0.018629590242613,0.0212003113665184,0.9974878360146092,0.9995411250043704,0.987146288893467,0.9976405135565418,0.0921763997142608,0.0973581427863815,0.874874974994999,0.0205327540871155,0.0192451498799775,0.021904581895269,0.9987210231814548,1.1329275682283753,1.0618819453643256,1.2086203630734011,16.054047101863496,8.007838968392548,32.18501637784402,0.9911699779249448,0.1272716160052155,0.9974780478528452,0.9993517808490028,0.9826731628317538,0.995519085137563,0.1243523225859679,0.1302492486511752
all,0.0,all,mortality,NORMA_q_age_set_co,toward,49990,906,0.0181236247249449,0.797707938798614,0.7851624466473252,0.8102534309499029,0.0618786537180563,0.0554112853540799,0.0691114094915973,3.4142537520592047,3.057406351932073,3.813332627466832,0.05,0.0792,0.0692480793676909,0.0904431726667828,0.9850915982312066,4.369986754966888,3.820873606612437,4.990346800896773,5.312440677966102,4.56172809539509,6.186696218347192,0.2185430463576159,0.9531008067802136,0.9839617433325188,0.9861429786236854,0.1928520652652479,0.2466108038759301,0.9511946683586576,0.9549360261308713,0.1,0.0646129225845169,0.0581266044630785,0.0717678938956142,0.9870418528150074,3.5651214128035327,3.2072284294804616,3.959908406006354,4.986277873070327,4.366297753841644,5.694290318518774,0.3565121412803532,0.9047347404449516,0.985954448448219,0.9880460912047532,0.32598915709999,0.3882468154033557,0.902105722997719,0.9073004090494476,0.2,0.053510702140428,0.0492682957963461,0.0580960919780013,0.9907231446289256,2.9525386313465787,2.718457071588678,3.2055448542828797,5.768194070080862,5.062013466496891,6.572891014677916,0.5905077262693157,0.8072080515035449,0.9897352676920468,0.9916167536640932,0.5581704998791269,0.622080655926455,0.8036940804444561,0.8106739385396988,0.9009601920384076,0.0200048846555207,0.998990103009493,0.9944812362030904,0.1007660337380816,1.103801527515986,19.808836785896663,8.228887022865129,47.68445765751574,0.0187521011126881,0.021339543549446,0.997637885533204,0.9995685640130336,0.987146288893467,0.9976405135565418,0.098134147301086,0.1034604080398845,0.874874974994999,0.0205327540871155,0.0192451498799775,0.021904581895269,0.9987210231814548,1.1329275682283753,1.0618819453643256,1.2086203630734011,16.054047101863496,8.007838968392548,32.18501637784402,0.9911699779249448,0.1272716160052155,0.9974780478528452,0.9993517808490028,0.9826731628317538,0.995519085137563,0.1243523225859679,0.1302492486511752
all,0.0,pop_normal,mortality,NORMA_q_age_set_co,any,46298,901,0.0194608838394747,0.7312700431465435,0.7172335528710423,0.7453065334220448,0.0393635305427244,0.0356785902591491,0.0430845266369257,2.022700041139908,1.8333489143375008,2.213903900373351,0.05,0.0393088552915766,0.0321256836254226,0.0480184711111492,0.98158379373849,2.0198905463811507,1.6507823534848165,2.467435266930063,2.1344708423326133,1.7256248752317147,2.6401831835881056,0.1009988901220865,0.9510099786329492,0.980284542454788,0.9827989265797336,0.0829859745222465,0.1223998079174644,0.9489859469819086,0.9529576857105744,0.1,0.0451403887688984,0.0395278475004121,0.0515071158008797,0.983392531438994,2.319544638426706,2.031143488983445,2.646699719588381,2.718077628934194,2.335516605733798,3.1633027051808544,0.2319644839067702,0.9026147102231424,0.9821201449462365,0.9845757929649884,0.2055764860487114,0.2606284276068941,0.8998531986473832,0.9053080871733624,0.2,0.0438444924406047,0.0398598818074662,0.0482074271154324,0.9866353474809656,2.2529548401943607,2.048205114230936,2.477144795327737,3.280630931343674,2.8828824863165345,3.733256335897404,0.4506104328523862,0.804965085798621,0.985414379690256,0.9877553776146832,0.4183996219933606,0.4832406208955604,0.8012944307259352,0.8085841315252104,0.6988422826040002,0.0263019626023798,0.9964139711683282,0.944506104328524,0.3060334383329295,1.3515297053995363,7.334565291299644,5.518342583630402,9.748551706796404,0.0246136166926981,0.0281027821539156,0.9952757814263272,0.9972786905481736,0.9275825502189388,0.9576552637807711,0.301810678360572,0.3102890233330634,0.874874974994999,0.0219479076657202,0.0205657374107778,0.0234207487394457,0.9979285344381148,1.1277960367453026,1.0567730417804573,1.2034781633061689,10.595352425626466,5.998275691327473,18.71562742365117,0.9866814650388456,0.1273432165121043,0.9963824888785489,0.998814619836652,0.9768652685889664,0.9923651469887432,0.124308151819392,0.1304413460401365
all,0.0,pop_normal,mortality,NORMA_q_age_set_co,toward,46298,901,0.0194608838394747,0.7502854029405445,0.7363378643864378,0.7642329414946512,0.0447463530357298,0.0411962952683048,0.0505800650157379,2.299297061984708,2.11687689049054,2.5990630966688517,0.05,0.0514038876889848,0.0431284788549903,0.0611656652555862,0.9822204033376531,2.6413953298830437,2.2161623907084813,3.143005516096707,2.891172880082637,2.395005657030493,3.4901298032378327,0.1320754716981132,0.9516267594774984,0.9809425901084038,0.9834139869275796,0.1115214700320056,0.1557535977809684,0.9496145709912592,0.9535625190122884,0.1,0.0529157667386609,0.0468300325327763,0.0597427946437072,0.9842565037918788,2.71908342782078,2.406367198892873,3.069891128095845,3.3611191592477483,2.9115849834204366,3.8800591660528463,0.271920088790233,0.9034077141661344,0.9830158313179018,0.9854078920051396,0.2438801399885574,0.3018967120041007,0.9006560675551298,0.90609109195127,0.2,0.0485961123110151,0.0444006191178057,0.0531659886704794,0.9878233165937684,2.4971174337129614,2.2815314804840945,2.731941113724592,3.990915316575117,3.509337181947884,4.538579292410211,0.4994450610432852,0.8059343128400555,0.9866546802462988,0.9888907688762956,0.4668682835545673,0.5320265506351958,0.8022704544661946,0.809546397845195,0.658559765000648,0.0275500163988192,0.9961411943319838,0.9322974472807992,0.3468731413970086,1.4156611090261213,7.139519003812054,5.509377904846581,9.251994051987776,0.0257714217519261,0.0294476491046628,0.9950467760526374,0.9969945305083896,0.913989483105084,0.9469346830694156,0.3425077517381637,0.3512644447666692,0.874874974994999,0.0219232193556351,0.0205418356664663,0.0233952785461503,0.997755912307958,1.1265274247804598,1.0555448475982905,1.2021693741727746,9.76932382516878,5.6540324294732285,16.87993289594596,0.9855715871254164,0.127321188624799,0.9961640467258396,0.9986880465243884,0.975471169938194,0.9915489140190422,0.1242863522945786,0.1304190935181262
all,0.0,all,prolonged_los,NORMA_q_age_set_co,any,49990,31565,0.6314262852570514,0.5766363574033981,0.571409139064892,0.5818635757419043,0.6798193632264076,0.674663261199402,0.6852211369737103,1.0766408987070526,1.0684750967007164,1.0851957749822836,0.05,0.6976,0.6793036247600326,0.7152900268511555,0.3720572752158349,1.1048003801679076,1.0758241153731676,1.1328163612320377,1.1109293450923845,1.0816367021327566,1.141015284849235,0.0552510692222398,0.9589687924016282,0.3677204846018799,0.376414763450996,0.0527842917719082,0.0578260893198071,0.9560075633895824,0.96173867194623,0.1,0.6935387077415484,0.68061393537302,0.7061662497121924,0.3754750950190038,1.0983684460636782,1.0778992754410668,1.1183668881074766,1.1105060858424087,1.088765431721648,1.132680861058336,0.1098368446063678,0.9168521031207598,0.3710112590363579,0.3799601945446676,0.1064346600363099,0.113333986780303,0.9127778475426188,0.9207525681727132,0.2,0.6996399279855972,0.6905788232552479,0.7085476736090897,0.385627125425085,1.1080310470457786,1.0936808292263531,1.1221383875722604,1.1387871387871389,1.121823479899263,1.1560073137205606,0.2216062094091557,0.8370149253731344,0.3808677679389881,0.3904084539370381,0.2170583594476772,0.2262218146338449,0.8316115047561219,0.8422778405188411,0.906881376275255,0.6441821991838536,0.4928034371643394,0.9252019642008554,0.1245047489823609,1.0202017467828557,1.2700839208813377,1.2336180889365784,1.3076276852197195,0.6397630060910586,0.6485769589070767,0.4784530836887142,0.5071656589618194,0.922247808995078,0.9280526340848482,0.119815580794417,0.1293504655402587,0.874874974994999,0.6500971761746884,0.6456142024019723,0.6545537837570391,0.4991207034372502,1.029569391318634,1.022469633393778,1.0366273926822236,1.2979118534863314,1.265010154673062,1.3316692938766943,0.900744495485506,0.1694436906377205,0.4867338926907297,0.5115085935866032,0.8973969569000321,0.9039945011888196,0.1640958389925073,0.1749293550815467
all,0.0,all,prolonged_los,NORMA_q_age_set_co,toward,49990,31565,0.6314262852570514,0.5762187229255563,0.5709886289734468,0.5814488168776658,0.6786918002321893,0.6739234773770425,0.6846985974211787,1.0748551589927815,1.067303489120176,1.0843682206584735,0.05,0.6844,0.6659104894342919,0.7023236672312095,0.3713623920825437,1.0838953271028038,1.054613190775234,1.112281328208084,1.088703557312253,1.059169557739373,1.11906108615332,0.0542056074766355,0.9571777476255088,0.3670273165901822,0.3757182776091297,0.051761527007918,0.0567581850362514,0.9541578305800243,0.960007061911102,0.1,0.6909381876375275,0.6779854238134853,0.7035977148571453,0.3751861483407793,1.0942499603991762,1.0737364592566492,1.1142990579980578,1.1058304578278964,1.0840690292704258,1.128028721826723,0.1094249960399176,0.916146540027137,0.3707230243841489,0.3796705851801973,0.1060285369590265,0.1129165129600684,0.912057101103975,0.9200624825816324,0.2,0.6992398479695939,0.6901754877131806,0.7081511564520299,0.3855271054210842,1.1073974338666246,1.093042060218023,1.121510416950324,1.137950679580044,1.1209886996171243,1.1551693158003915,0.2214794867733248,0.836797829036635,0.3807679879598147,0.3903082131220497,0.2169325894242454,0.2260941702272711,0.8313915961912949,0.842063646920676,0.9009601920384076,0.6450853704567153,0.4928297313674005,0.9204498653571994,0.1324287652645861,1.0216321137060416,1.2719305731307038,1.2364390215811925,1.3084408973082262,0.6406540836687487,0.6494919092519111,0.4789144147478289,0.5067561665276654,0.9174132423022492,0.9233841596524682,0.1276109363139809,0.1373998389699089,0.874874974994999,0.6503715559620441,0.6458893680816226,0.6548273294543266,0.5010391686650679,1.0300039310167144,1.0229054177221706,1.0370606114183998,1.3034521251337987,1.270294968530929,1.3374747476805813,0.9011246633929986,0.1700949796472184,0.488651187982172,0.5134258736900709,0.8977827054275838,0.9043689959512846,0.1647387234096932,0.1755887771533373
all,0.0,pop_normal,prolonged_los,NORMA_q_age_set_co,any,46298,30921,0.6678690224199749,0.636154636770291,0.6306730217417428,0.6416362517988393,0.7445364315673211,0.7396346842024193,0.7508226287604042,1.114794078739492,1.1074546945184052,1.1242063990928235,0.05,0.7390928725701944,0.7208187413534548,0.7565747985933877,0.3358797717299865,1.1066434401945235,1.079281591383922,1.132819120509578,1.1128901682387833,1.0853050972309353,1.1411763657265948,0.0553345622715953,0.9607205566755544,0.331480309266699,0.3403079011421155,0.0528409660378963,0.0579386345276244,0.957533266317068,0.9636777030488736,0.1,0.7522678185745141,0.7396271558578283,0.7644902054261656,0.3415090717097053,1.126370281179873,1.1074434223312877,1.1446708557556553,1.1424118180757654,1.1221244427512878,1.163065977672892,0.1126418938585427,0.925408076998114,0.33697052178016,0.3460768432299813,0.1091659613969122,0.1162140644784668,0.921148262709039,0.9294553869638112,0.2,0.7651187904967602,0.756375400609322,0.7736422974480368,0.3564447324369566,1.1456120359114843,1.1325205619938032,1.1583742792034284,1.1888936802491612,1.1728409142694307,1.2051661617013525,0.2291323049060509,0.8585549847174351,0.3515820805739307,0.3613371604607805,0.224481632423058,0.2338502737943695,0.8529573365363283,0.8639735237359729,0.6988422826040002,0.7355277391438727,0.4891343326400344,0.7696387568319265,0.4435195421733758,1.1013053674487572,1.4397674107655507,1.4147808009395333,1.465195312041228,0.7306940789711135,0.7403054762169191,0.4808410035852662,0.4974336475013282,0.7649121423350886,0.7742983802500942,0.4356822317127278,0.451385066347217,0.874874974994999,0.6990248117516356,0.694539135741068,0.7034727392763602,0.5499741066804764,1.046649549965306,1.0399331492040995,1.0533094299348962,1.5532990926264767,1.5086341788599724,1.599286364423658,0.9156883671291356,0.207192560317357,0.5371338626341848,0.5627481144755571,0.9125394499930884,0.9187340075239908,0.2008600130725746,0.2136713738185041
all,0.0,pop_normal,prolonged_los,NORMA_q_age_set_co,toward,46298,30921,0.6678690224199749,0.642325915333135,0.6368876435243231,0.6477641871419468,0.749855445798088,0.7438463254411293,0.7555908537467892,1.1227582364593605,1.1137607831335792,1.1313458603139888,0.05,0.7477321814254859,0.7296393541824878,0.7650041781743578,0.3363344928722461,1.1195790736275395,1.0924886911788372,1.1454404269304492,1.1266702478806834,1.0993155223774924,1.154705652399246,0.0559813718831861,0.9620212004942448,0.3319335164433361,0.3407640568236657,0.0534737279297903,0.0585993311606723,0.9588827517636104,0.964928855528412,0.1,0.767170626349892,0.7547782452467341,0.7791200217980435,0.3431650187194009,1.1486842488518256,1.1301291419563824,1.166576073516569,1.167980768707198,1.1479255996592452,1.1883863174362568,0.1148733870185311,0.9298952981725954,0.3386210336190074,0.3477379200971152,0.1113669288392871,0.1184755289471417,0.9257513753948368,0.9338244751229916,0.2,0.7735421166306695,0.7649048541532978,0.7819525100745189,0.3585506776823802,1.158224278508675,1.145291709116438,1.1708171569946018,1.205928652065272,1.1898828294799626,1.2221908559749106,0.2316548623912551,0.8636274956103271,0.3536814312574496,0.3634492634540141,0.2269858778180014,0.2363905166466997,0.8581122511826555,0.8689610970013606,0.658559765000648,0.7433584781895703,0.4777327935222672,0.7329969923353061,0.491123105937439,1.113030329653657,1.423329799324216,1.400313146305423,1.446724772233517,0.7384252804748063,0.7482303595282559,0.4699523925496678,0.4855240144489957,0.7280372304363055,0.7378988667109149,0.4832245863897192,0.4990260597647798,0.874874974994999,0.6990248117516356,0.694539135741068,0.7034727392763602,0.5499741066804764,1.046649549965306,1.0399331492040995,1.0533094299348962,1.5532990926264767,1.5086341788599724,1.599286364423658,0.9156883671291356,0.207192560317357,0.5371338626341848,0.5627481144755571,0.9125394499930884,0.9187340075239908,0.2008600130725746,0.2136713738185041
all,0.0,all,unplanned_icu,NORMA_q_age_set_co,any,49990,10243,0.2049009801960392,0.7017436098513963,0.6966609154347032,0.7068263042680893,0.3205308497960432,0.3138714473515027,0.3285519826194182,1.5643207245244757,1.5318201360052348,1.603467110333371,0.05,0.3484,0.3299681134158922,0.3672970809957669,0.8026531901452938,1.7003334960460803,1.6103784037548037,1.792558925996133,1.765419974391805,1.6682816749127236,1.868214302686393,0.0850336815386117,0.9590157747754549,0.7990491747520121,0.8062082445593792,0.0797862020265444,0.0905923075817235,0.9570219443263934,0.9609208848387631,0.1,0.3452690538107621,0.3322121109785502,0.3585636273538408,0.8106954724278189,1.685053207068242,1.6213300232175851,1.7499361252971302,1.8238816484677705,1.7476488852959076,1.9034396986750968,0.1685053207068241,0.9176541625783078,0.8070490525782809,0.8142888387412434,0.161380877934287,0.1758783220127483,0.914911137936412,0.9203164613705672,0.2,0.3464692938587717,0.3372023765054063,0.3558541502046347,0.830491098219644,1.6909108659572392,1.6456845456902531,1.7367127764062962,2.043959286030388,1.974497954075367,2.115864214661215,0.3381821731914478,0.835610234734697,0.8267820586397964,0.8341366504692026,0.3290824241867971,0.3474032550687503,0.8319341278440615,0.8392214735508032,0.906881376275255,0.2253225984338811,0.9939849624060152,0.9972664258518013,0.1164113014818728,1.099665790853238,37.459881989632734,25.883010783963392,54.21481953508409,0.2215000283646278,0.2291917158196788,0.9913202030904108,0.9958350588528158,0.9960519965018936,0.9981079991010444,0.1132952880145417,0.1196014564911142,0.874874974994999,0.2322624899965702,0.2283284590609106,0.2362435519179992,0.9864108713029576,1.1335352801843743,1.1143356114863734,1.1529644791936722,17.091786763865258,13.82901827679304,21.12436103086738,0.9917016499072536,0.155231841396835,0.9832284616349248,0.9889961749495833,0.9897511642446476,0.993283452002372,0.1517050694582132,0.1588252514897589
all,0.0,all,unplanned_icu,NORMA_q_age_set_co,toward,49990,10243,0.2049009801960392,0.7042947919632484,0.6992283295590522,0.7093612543674446,0.3251651325184535,0.317757519461913,0.3315862685328236,1.5869379063357896,1.550785746158453,1.6182756579084108,0.05,0.3552,0.3366751486606875,0.3741691795108708,0.803011160244262,1.7335202577369913,1.6431114596844452,1.8260975577221945,1.8031478353821488,1.7052023399065106,1.9067192439001617,0.0866933515571609,0.95944348001107,0.7994095661469476,0.8065637354526434,0.0813977839126134,0.0922988212930335,0.9574593686869924,0.961338788280834,0.1,0.3508701740348069,0.3377594659647903,0.3642099107990074,0.8113178191193794,1.7123889485502295,1.6484033685033552,1.7774922816403769,1.8595829897514429,1.7825718761498588,1.939921156639072,0.1712388948550229,0.9183586182604976,0.8076759137838032,0.8149065646485689,0.1640669200776398,0.1786573785003726,0.9156260746810372,0.9210102998303392,0.2,0.3487697539507902,0.3394875324073253,0.3581681473226956,0.8310662132426485,1.7021380454944843,1.6568370345643066,1.7480060221284346,2.0645352279455302,1.994530162679764,2.136997367691574,0.3404276090988968,0.8361888947593529,0.8273620902142583,0.8347067384611707,0.3313122680673742,0.349662599349333,0.8325178904635234,0.8397949191349531,0.9009601920384076,0.2267590310619685,0.9939406180569582,0.9970711705555012,0.1238080861448662,1.1066761654581476,37.42279875959354,26.183072551434776,53.48745317227077,0.2229151871725673,0.2306494831345563,0.991363077625694,0.9957522319737088,0.9958220141180176,0.9979476172969932,0.1206063856791506,0.1270824984726757,0.874874974994999,0.232468274837087,0.2285330038325616,0.2364505406790515,0.9878497202238208,1.1345395937817029,1.1153338730440063,1.1539746684121637,19.132750777710253,15.29148595499241,23.93895226398578,0.9925802987406034,0.155458273580396,0.984819580628122,0.9902809875025684,0.9907237564583172,0.994067498634374,0.1519293620987956,0.1590537794505899
all,0.0,pop_normal,unplanned_icu,NORMA_q_age_set_co,any,46298,10197,0.2202470949069074,0.6857631834924506,0.6804494379992404,0.6910769289856608,0.3239289259946452,0.3168316334840384,0.3308962905492226,1.470752320849278,1.4385280932670406,1.5023866293858887,0.05,0.3339092872570194,0.3149868857674789,0.353382010150207,0.7857353977673192,1.516066704072324,1.4301522837366616,1.6044797789481495,1.558396878334623,1.4672696566065715,1.6551837076899991,0.0758066097871923,0.957286501758954,0.781875867866779,0.7895450181465509,0.0708273080078413,0.0811054109552685,0.9551514581976336,0.9593242336165078,0.1,0.3460043196544276,0.3324347633158668,0.3598292104893664,0.793726600748776,1.570982444970157,1.5093718419140925,1.6337523572851511,1.677406398064071,1.6054374095502566,1.7526016321337008,0.1571050308914386,0.9161242070856764,0.7898144216326503,0.7975846243456776,0.1501711112522701,0.1642972165374682,0.9132202281035412,0.918939633802625,0.2,0.3503239740820734,0.3406708209722346,0.3601012647680915,0.8122738808790971,1.590595209576526,1.5467664675269708,1.6349875802915663,1.8661440172661925,1.8021354485091472,1.9324260538015416,0.3181327841522016,0.8333564167197585,0.8082646581066555,0.8162183319615273,0.3091626020741171,0.3272399472998482,0.8294767865524103,0.8371651078133581,0.6988422826040002,0.2850873126255602,0.9302158789356666,0.904579778366186,0.3592698263206005,1.2943976071332928,4.085274820080355,3.8357987344178186,4.350976553027001,0.2801937808538923,0.2900318727121488,0.9258671983094776,0.9343275571826906,0.8987239768810787,0.9101308532929334,0.3543357335940509,0.3642338667777728,0.874874974994999,0.246512776200469,0.2423397478898266,0.2507338827320867,0.9634041084066978,1.1192555175570578,1.10030848757509,1.1384208397303277,6.736077889289233,5.895905232559388,7.695976027564863,0.9792095714425813,0.1545940555663278,0.9582535501984468,0.9679404655221135,0.9762543256979266,0.9818038800093358,0.1509015401425004,0.1583600742333399
all,0.0,pop_normal,unplanned_icu,NORMA_q_age_set_co,toward,46298,10197,0.2202470949069074,0.6967050509358861,0.6914627858776966,0.7019473159940756,0.3335887409009066,0.3268666678595547,0.3402145055607581,1.514611309819572,1.4840907118330555,1.5446946335639875,0.05,0.3390928725701944,0.3200890054859769,0.3586298858777109,0.7860082304526749,1.5396020215999666,1.4533177185436656,1.628306997780353,1.584607077587639,1.4928865247534302,1.681962794027871,0.0769834264979896,0.9576189025234758,0.7821504533769208,0.7898160503513214,0.0719672929951413,0.0823181730197411,0.9554915918397632,0.9596488307677132,0.1,0.357451403887689,0.3437700955132552,0.371369066774899,0.7949985600460785,1.622956271177035,1.5608382742054223,1.6861474015440103,1.7436531371098365,1.6702647239663715,1.820266104484996,0.1623026380307933,0.917592310462314,0.7910951573262089,0.7988475727306262,0.155273110316441,0.16958651695196,0.9147110346230888,0.9203847216203064,0.2,0.3576673866090712,0.3479655496146056,0.3674872707358633,0.8141098331443383,1.6239369094073537,1.5798871252385027,1.6685226694644506,1.9240791089654004,1.858587338366617,1.9918786387572132,0.324801412180053,0.8352400210520484,0.8101154420301481,0.818039071756229,0.3157792675872166,0.3339555150801272,0.8313776571513853,0.839031045043281,0.658559765000648,0.295736306985897,0.9253542510121456,0.8842796901049328,0.4051965319520235,1.3427478219901012,3.961864017655136,3.7402754181224913,4.196580395747865,0.2906396168521301,0.3008844632099898,0.9211530252844796,0.9293487910251396,0.8779254855325266,0.8903444579984071,0.4001426177620425,0.4102706205555574,0.874874974994999,0.2470065424021725,0.2428306431446097,0.2512304262294401,0.9668565510098396,1.1214973914029407,1.10253732630275,1.1406753234844187,7.452650521540551,6.478229508114509,8.573638789216679,0.9811709326272432,0.1551480568405307,0.9619284939169476,0.9711658311030772,0.9783458119150288,0.9836336388785212,0.1514500317752584,0.1589194672561401
all,0.0,all,periop_infection,NORMA_q_age_set_co,any,49990,1899,0.0379875975195039,0.7046595520391398,0.6930232612503932,0.7162958428278864,0.0782998282776254,0.0733529622781376,0.0838621919138092,2.0611945316474447,1.930971345067983,2.207620312675788,0.05,0.106,0.0945313898972885,0.1186776246026701,0.965592756369762,2.7903844128488675,2.488480348059745,3.1241150362756622,3.080746634026928,2.7230746937013555,3.485398268737001,0.1395471300684571,0.9535256077020648,0.9639153602898156,0.9671948323209246,0.1246881961076674,0.1558614828566772,0.9516076389237093,0.955371125302016,0.1,0.0960192038407681,0.088159459651797,0.1044993684829973,0.9684603587384144,2.527646129541864,2.320743226958049,2.750881216674586,3.044397463002114,2.7566658574011584,3.3621615357733026,0.2527646129541864,0.9060323137385372,0.9668049730395332,0.9700357513869752,0.2337300989006908,0.2727974018644805,0.90339191815556,0.9086078452452616,0.2,0.0856171234246849,0.0802904413340966,0.0912621255451869,0.9739197839567914,2.253817798841496,2.1135961886737697,2.402418986837227,3.282837967401726,3.007205413400025,3.5837342777424404,0.4507635597682991,0.8099020606766338,0.9723116554496118,0.9754368724873524,0.428505983095128,0.4732199409124195,0.8063704134247051,0.8133842007582844,0.906881376275255,0.040741149222455,0.9888292158968852,0.9726171669299633,0.0957143748310494,1.0724855448291355,3.647116339048621,2.773167134207611,4.796486092193682,0.0389599230975829,0.0426002021615502,0.9853813350332292,0.9914709365700812,0.9642684768724632,0.9790575466914532,0.0931171201532992,0.0983762145497721,0.874874974994999,0.0418429175717388,0.0400062124556904,0.0437601029283914,0.988968824940048,1.101488914908492,1.0531387891837627,1.1519576331702404,3.793151440742416,2.987086436772533,4.816733012906084,0.9636650868878356,0.128631136803144,0.9860636714560782,0.9912737323216434,0.9542693040281252,0.9711887057189814,0.1256685200433467,0.1316530801176151
all,0.0,all,periop_infection,NORMA_q_age_set_co,toward,49990,1899,0.0379875975195039,0.705948259908214,0.6942472224484352,0.7176492973679928,0.0805875209121503,0.0740188273034792,0.0877368523306407,2.1214166247490223,1.948499829858308,2.309618350715497,0.05,0.1084,0.0968086749741629,0.1211929749704661,0.9657190987576332,2.8535629278567662,2.5484284686458154,3.190330078343129,3.1621105651105648,2.7985493254993887,3.572902265783573,0.1427066877303844,0.953650371171321,0.964044596914286,0.9673182600334662,0.1276954873077999,0.1591605494742423,0.951734795932446,0.9554934753007002,0.1,0.0988197639527905,0.0908526603705909,0.1074029869799068,0.9687715320841946,2.601369141653502,2.391640069471218,2.827317177001338,3.1644128113879004,2.868238329543551,3.491170290046789,0.2601369141653502,0.9063234285001353,0.9671238447428512,0.9703391732400812,0.2409031872336612,0.2803391484394709,0.9036866334269504,0.9088953129911866,0.2,0.0861172234446889,0.0807758733591923,0.0917765093939998,0.9740448089617924,2.266982622432859,2.1263748863749465,2.415959823383913,3.3179190751445087,3.039485268345028,3.6218589719310814,0.4533965244865718,0.8100060302343474,0.9724403149057236,0.975558239023943,0.4311222645595891,0.4758589576293728,0.806475108693437,0.8134874279957367,0.9009601920384076,0.0409422944559159,0.9888911331044232,0.9710373880989994,0.1018069909130606,1.0777805686420432,3.685550906386182,2.823088954554825,4.811497512909921,0.0391510253426908,0.0428118675135182,0.9855691353712188,0.991455034281349,0.9624915069179468,0.9776813377371206,0.0991360178134259,0.1045415757520344,0.874874974994999,0.0418200525894592,0.0399838397207549,0.0437367497152487,0.9888089528377298,1.1008870083976132,1.052549840779642,1.1513428742839833,3.736920413529536,2.947717689246846,4.737419132095302,0.9631384939441812,0.1286103428916013,0.9858855576422422,0.9911322981859036,0.9536858546299972,0.9707210954808267,0.1256479339247752,0.1316320817349499
all,0.0,pop_normal,periop_infection,NORMA_q_age_set_co,any,46298,1873,0.0404553112445462,0.6945721641632523,0.6834508889980903,0.7056934393284143,0.0728495078649296,0.0688568644645541,0.0780909922329993,1.800740264351581,1.70204757660434,1.9303025939153249,0.05,0.0751619870410367,0.065111451963119,0.0866201712749667,0.9613714389650548,1.8579015889086583,1.6094660987658749,2.141132242225527,1.9457620223813523,1.6742172685595522,2.261349180204625,0.0928990923651895,0.9518064153066966,0.9595297737258048,0.9631325162622996,0.080572597831683,0.1068921301453609,0.9497754102111086,0.9537592882942876,0.1,0.083585313174946,0.0759541945081833,0.0919068735093337,0.9643371412114812,2.0661146980104914,1.8774838747142932,2.271812295640754,2.34376368060138,2.104550007153477,2.6101675758876484,0.2066203950880939,0.9044907146876758,0.9625132583154544,0.9660754124573776,0.1888934229368069,0.2255483711922234,0.9017224607021956,0.9071890189975136,0.2,0.0825053995680345,0.0770730765848774,0.088283982197302,0.9700577784977592,2.0394207096641024,1.9051411103719476,2.1822593741434546,2.755486915420076,2.5200998205088485,3.012860077708411,0.4079017618793379,0.8087563308947665,0.96827274060355,0.971745317245928,0.3858555074487497,0.4303250375690077,0.8050725280244745,0.8123867396958885,0.6988422826040002,0.0528202750734044,0.9882378254321164,0.9124399359316604,0.3101631963984243,1.3056450055250814,4.490689605783402,3.830578022425087,5.264556162916655,0.0504356700054497,0.0553110573434056,0.9863089564846044,0.9898977281887196,0.8987800539774471,0.9244114183343344,0.305878357275972,0.3144808645138664,0.874874974994999,0.0447599061844216,0.0427889746460547,0.046817181852876,0.9896426721905748,1.1064037034310488,1.0576849696545885,1.157256746088871,4.3215689421059125,3.346478268328215,5.580779740340068,0.9679658302189,0.1290489589195273,0.9866917669926848,0.9919445994038024,0.9589838920146516,0.9750320633009169,0.1259634315967363,0.1321986358112961
all,0.0,pop_normal,periop_infection,NORMA_q_age_set_co,toward,46298,1873,0.0404553112445462,0.7054735285448729,0.6942650865864521,0.7166819705032936,0.0777369882854515,0.0742390002563645,0.0833429328443867,1.9215521001814395,1.8350866171218172,2.0601233875223803,0.05,0.0863930885529157,0.075622701675371,0.098533911695719,0.961962576449992,2.135519067711102,1.869289824968675,2.435623621830433,2.2712655193203197,1.973435566512827,2.614043826304916,0.1067805659369994,0.9523916713562184,0.9601341387017932,0.963710323001954,0.0935899765400506,0.12158087218794,0.9503721334804208,0.954332975914104,0.1,0.0915766738660907,0.0836037061956327,0.1002268330269423,0.9652251127963906,2.263650211773768,2.0665693483424468,2.4774703232682205,2.633413972844905,2.3735999160011074,2.921667255557634,0.2263747997864388,0.9053235790658412,0.9634226373346232,0.966941812889242,0.2079934910247458,0.2458762441729394,0.9025659412836624,0.9080111231428832,0.2,0.088876889848812,0.0832500032070209,0.0948447517810177,0.971650737080836,2.196915240907796,2.0578262939021124,2.3444326310504846,3.135068805924097,2.869933535639249,3.424698271170627,0.4394020288307528,0.8100844119302195,0.969910923724157,0.9732927208808132,0.4170714450931425,0.4619806816286863,0.806410222225347,0.813704977897269,0.658559765000648,0.0549360446047884,0.9874746963562752,0.8942872397223706,0.3513787281935847,1.357943936525625,4.386005015719676,3.7900637335811136,5.075650793803849,0.052434036391402,0.0575501907189007,0.9856187272511095,0.989093794533829,0.8795462484775073,0.9074141428522672,0.3469523379314217,0.3558308199351115,0.874874974994999,0.0447105295642513,0.0427406613255055,0.0467667512982116,0.9892974279302608,1.10518318086797,1.0564907304048352,1.1560101717056068,4.177549963963031,3.248135769176521,5.372904626407287,0.96689802455953,0.1290039392234102,0.9863044806800498,0.9916418547864913,0.957792202102509,0.974092513155294,0.1259188789913164,0.1321531568098601
all,24.0,all,mortality,NORMA_q_age_set_co,any,32049,586,0.0182845018565321,0.4611942474496562,0.4370979239315748,0.4852905709677375,0.016728716680194,0.0149202589838466,0.0184749936741765,0.914912356456553,0.8160057682138241,1.0104182120540666,0.05,0.0112359550561797,0.0071189500191493,0.0176914671477742,0.9813446316550072,0.6145070368523987,0.3893433944773322,0.9675662638549772,0.6022907105554676,0.3777370235270559,0.960335041120022,0.030716723549488,0.9496551504942312,0.9797629543594502,0.982804858544611,0.0195164660813443,0.0480298039681061,0.9471836698240784,0.9520168397052922,0.1,0.0143525741029641,0.0107777615420152,0.0190902132436519,0.981278602135626,0.784958442706309,0.5894479175086124,1.044065263218091,0.7666400878257352,0.5686096919533368,1.0336387729206769,0.0784982935153583,0.8995963512697455,0.9796490981412518,0.9827799246248744,0.0593652552025911,0.1031217582600062,0.8962265205026783,0.9028686133413236,0.2,0.0156006240249609,0.0128440426843978,0.0189374718450535,0.9810445025156987,0.8532156985938142,0.7024551603963604,1.035711664099184,0.8230131674402779,0.6648075900675264,1.0188672390326927,0.1706484641638225,0.7994469694561867,0.9793017713815874,0.9826431013738564,0.142357329267919,0.2032296893486045,0.7949860180551495,0.803834805449425,0.8072326749664576,0.0168915001352866,0.97588216251214,0.7457337883959044,0.1916219050948733,0.9238151669552914,0.7003737438644343,0.5827498110768489,0.8417392365829485,0.0153913997098226,0.0185350533897008,0.9717506019050364,0.9794222654165722,0.7089550658455983,0.7793116145648713,0.1873106912748318,0.1960084150189501,0.76729383132079,0.0169574234476027,0.0154174936483492,0.0186482512597212,0.9773397693751676,0.9274205871539616,0.8432000920408594,1.0198938645440392,0.7483341069362222,0.6270392786958522,0.893092274488382,0.71160409556314,0.231668944474462,0.973708423112096,0.9804796154010776,0.6736403062874537,0.7468115573993396,0.2270399604851497,0.2363634463569274
all,24.0,all,mortality,NORMA_q_age_set_co,toward,32049,586,0.0182845018565321,0.4579810631893424,0.4339917425665004,0.4819703838121843,0.0161957119602981,0.0145262164218008,0.0181863500676992,0.8857617280129629,0.7944551366933378,0.9946319681223426,0.05,0.0112359550561797,0.0071189500191493,0.0176914671477742,0.9813446316550072,0.6145070368523987,0.3893433944773322,0.9675662638549772,0.6022907105554676,0.3777370235270559,0.960335041120022,0.030716723549488,0.9496551504942312,0.9797629543594502,0.982804858544611,0.0195164660813443,0.0480298039681061,0.9471836698240784,0.9520168397052922,0.1,0.0134165366614664,0.0099758853242267,0.0180222558118143,0.981174594369713,0.7337655007906801,0.5455924040207216,0.9856574684519436,0.7126824741497947,0.523575631374732,0.9700915751687236,0.0733788395904436,0.8995010011759845,0.9795408527665226,0.982680182168722,0.0549309170654953,0.0973838738885506,0.8961297820423142,0.90277467489562,0.2,0.0154446177847113,0.0127030159419387,0.0187666729883273,0.9810054994344554,0.844683541607876,0.6947422490156889,1.0263704822575146,0.813109969984015,0.6562374847427431,1.007482563338465,0.1689419795221843,0.7994151860915997,0.9792610928650116,0.9826057854141884,0.140781989389357,0.2014142883909826,0.7949539760062746,0.8038032885296106,0.8024587350619364,0.0168753402286336,0.9759911546359183,0.7406143344709898,0.1963894097829196,0.9229313634598628,0.7028801249176289,0.5855280923799414,0.8437519504762637,0.0153717308980354,0.0185232605088007,0.9719218537376636,0.9794831506116164,0.7036407109422876,0.7744537469596305,0.1920368567076015,0.2008160948895489,0.76729383132079,0.0168760928795087,0.01533997866855,0.0185631305102462,0.9770716009654062,0.9229725267839188,0.8389607104920802,1.0152385148854646,0.736034506990505,0.617120268569515,0.8778625870391926,0.7081911262798635,0.2316053777452881,0.9734209982731108,0.9802309795442684,0.6701230864853613,0.7435472955290643,0.2269768482316248,0.236299440673074
all,24.0,pop_normal,mortality,NORMA_q_age_set_co,any,24206,392,0.0161943319838056,0.4937216446165263,0.4629879100362601,0.5244553791967925,0.0180815759563037,0.0154102519017903,0.0221150602531084,1.116537315301759,0.951583054935556,1.3656049706294455,0.05,0.0272727272727272,0.0194845504707755,0.0380531051838007,0.9843885893198816,1.684090909090909,1.2031709915703908,2.349779245099698,1.746973917447455,1.2288441790814284,2.483567827552426,0.0841836734693877,0.9505752918451332,0.9827035107485944,0.9859118557154948,0.0605695178914382,0.1158687341770658,0.9477488873858336,0.9532563489576644,0.1,0.0227178851714167,0.0174952878278693,0.0294527684905309,0.984530640348864,1.4028294093349856,1.0803340233709329,1.8187084542902885,1.468573081481645,1.107785476011132,1.9468633073420272,0.1403061224489795,0.9006466784244562,0.9828043237416112,0.9860861013464304,0.1094051586295604,0.178188666779391,0.8967824732578155,0.9043816423016734,0.2,0.0185912001652551,0.0151502141093479,0.0227956291561986,0.9844048541182546,1.1480066102045032,0.9355257212522342,1.4076301003952685,1.1921145403978983,0.944086604607972,1.5053037194804957,0.2295918367346938,0.8004955068447132,0.9825611732388556,0.9860563820825736,0.1907012710002683,0.2737309665412129,0.795371520621429,0.8055225587144584,0.2339502602660497,0.0174819000529754,0.9841988890686512,0.2525510204081632,0.7663559250860839,1.0795073282712344,1.1063715791205595,0.8826629443095567,1.386778587429217,0.0143810380891286,0.021236968244417,0.9823010373387516,0.9858961569479564,0.212083501565211,0.2978214705246349,0.7609387944064373,0.771687134216751,0.76729383132079,0.0156140634254024,0.0139285867277048,0.017499877409062,0.9818924196698028,0.9641684165186024,0.8600902304357764,1.0806174300095817,0.8622943066205108,0.6894838552256152,1.0784175228973856,0.7397959183673469,0.2322583354329386,0.9780675735548362,0.9850604306097652,0.6941837697333821,0.7807536799939836,0.2269384658440007,0.2376645735850632
all,24.0,pop_normal,mortality,NORMA_q_age_set_co,toward,24206,392,0.0161943319838056,0.4837131690670725,0.452119971546955,0.5153063665871901,0.017429459412402,0.0147170953758036,0.0212686280081981,1.0762691187158293,0.9087806394558752,1.3133377795062382,0.05,0.0272727272727272,0.0194845504707755,0.0380531051838007,0.9843885893198816,1.684090909090909,1.2031709915703908,2.349779245099698,1.746973917447455,1.2288441790814284,2.483567827552426,0.0841836734693877,0.9505752918451332,0.9827035107485944,0.9859118557154948,0.0605695178914382,0.1158687341770658,0.9477488873858336,0.9532563489576644,0.1,0.0223048327137546,0.0171352988225681,0.0289879613524469,0.9844847372044984,1.3773234200743494,1.0581047022935846,1.7900066135136004,1.4376058599678845,1.082015474091493,1.9100564253476149,0.1377551020408163,0.9006046863189721,0.9827560411565768,0.9860425938291398,0.1071371925393709,0.175404106808651,0.8967397739729468,0.9043403709214588,0.2,0.0187977690559801,0.0153360680193291,0.0230225854400532,0.9844564936741544,1.1607622392067756,0.9470022001935762,1.4216446509232905,1.2093647766413822,0.958626112810962,1.5256867546537125,0.2321428571428571,0.8005374989501973,0.9826156433906648,0.9861051705582708,0.1930688974840063,0.2764158661184043,0.7954139069244105,0.8055641430765602,0.2071387259357184,0.0181491822895891,0.9843163818257608,0.2321428571428571,0.7932728647014361,1.12071200638213,1.1572063338930068,0.917231216299812,1.4599661191256033,0.0148061136059013,0.0222300495125199,0.9824590940407106,0.9859798203541656,0.1930688974840063,0.2764158661184043,0.7880823640317343,0.7983687609098304,0.76729383132079,0.0150756474452161,0.0134207559692457,0.0169310988907321,0.9801171666962544,0.9309212297420988,0.8287316811009249,1.045495356502712,0.7582243040973455,0.6102581645602113,0.9420670278753492,0.7142857142857143,0.2318384143780969,0.976130980971598,0.9834489369739412,0.6676537092795479,0.7567584798385235,0.2265219969726935,0.2372413358055377
all,24.0,all,prolonged_los,NORMA_q_age_set_co,any,32068,22988,0.7168516901584133,0.4002422040344359,0.393286334899467,0.4071980731694049,0.6516641128110328,0.64414297264128,0.6576355141160971,0.9090640668881242,0.8985721614172858,0.9173941041706544,0.05,0.537117903930131,0.5126486738034929,0.5614096527919848,0.2736911209584769,0.7492734010453908,0.7151391017718118,0.7831601159619528,0.739517193620077,0.7062945333711773,0.7743025803263734,0.0374543239951278,0.9182819383259913,0.2687132472758696,0.2787260620019731,0.0350760740052555,0.0399871432013209,0.9124688973850954,0.9237411924077517,0.1,0.5594013096351731,0.5421577326067494,0.5765027456927719,0.2656526107896469,0.7803584999730613,0.756303905047557,0.8042148098519145,0.7617665941955616,0.7381521787704929,0.7861364644332092,0.0780407168957717,0.8443832599118942,0.2605882924727031,0.2707793073411826,0.0746432491396992,0.0815791910844888,0.8367816832981798,0.851693553874604,0.2,0.5799812909260992,0.5678578829387865,0.5920089483024208,0.2489280424105402,0.8090673411091939,0.7921553240856536,0.8258457871133649,0.7722046936588202,0.7554123671900003,0.7893703026425721,0.1618235601183226,0.7033039647577093,0.2436746717619539,0.2542565961588831,0.1571191718782895,0.1666409570189103,0.6938236332474308,0.712612339832505,0.8073468878632905,0.6979915025106218,0.204111362900615,0.7861057943274752,0.1388766519823788,0.973690251544746,0.8769964414298599,0.8639779629148259,0.8902110832616926,0.6923697254702034,0.7035545316705368,0.1942460817661194,0.2143443939264313,0.780757367895359,0.7913586125835601,0.1319161122538552,0.1461426332883392,0.7674317076213047,0.6931735067045917,0.6873818020470362,0.6989049123356549,0.2050147492625368,0.9669692018880652,0.9588898393963964,0.9749644479197748,0.8719325371905624,0.8596297604999209,0.8844113877228212,0.7420828258221681,0.1683920704845815,0.1960051544433528,0.2143280801833377,0.7363871948586643,0.7476975597962218,0.1608354501767917,0.1762291679468884
all,24.0,all,prolonged_los,NORMA_q_age_set_co,toward,32068,22988,0.7168516901584133,0.4012673270827376,0.3942891751298237,0.4082454790356515,0.6511098011437264,0.6444817772825518,0.6561451947286653,0.9082908083816348,0.8990447900598953,0.91531512548107,0.05,0.5321272613849033,0.5076530652676722,0.5564478392645481,0.2734285245363532,0.7423115111402071,0.7081702843659176,0.7762384422105242,0.7323811618744558,0.6991627972988649,0.767177785117899,0.0371063163389594,0.9174008810572688,0.2684521815167112,0.2784620011347224,0.0347391044011229,0.0396282137870817,0.9115606683886808,0.9228880520733757,0.1,0.558465855940131,0.5412195621523801,0.5755722471975424,0.2655486642874467,0.7790535526486916,0.7549951678746532,0.8029167749752388,0.7603851048869237,0.7367718905288685,0.7847551123575923,0.0779102140247085,0.8440528634361234,0.2604849961474808,0.2706747383303277,0.074515422155794,0.0814460559365045,0.8364449813227175,0.85136974235102,0.2,0.5795135640785781,0.5673885883590875,0.5915433491321713,0.2488111015825992,0.8084148674470091,0.791500663454812,0.8251962815369093,0.77146183243588,0.7546718936559147,0.7886253137402254,0.1616930572472594,0.7029735682819384,0.2435585794255084,0.2541388418571921,0.1569902399688646,0.1665089267964457,0.69349035689091,0.7122851026899794,0.8025757764749907,0.6980611570890158,0.2067603854051492,0.7815381938402645,0.1441629955947136,0.973787418893795,0.8800129799941376,0.866977214485338,0.8932447497110769,0.692422965953828,0.7036402303637314,0.1969636681552388,0.2169127577367677,0.7761498292279444,0.7868324766348448,0.1370884791572841,0.1515384823696541,0.7674317076213047,0.6938642828118651,0.688076092124664,0.6995919588471111,0.2072941807455081,0.967932826744862,0.9598583662020936,0.9759228700325892,0.875311201152045,0.8629110893243481,0.8878895037287561,0.742822342091526,0.1702643171806167,0.1982458689374992,0.2166438816034396,0.7371318866064557,0.7484316534624703,0.1626729777763957,0.1781345501752145
all,24.0,pop_normal,prolonged_los,NORMA_q_age_set_co,any,24225,18551,0.7657791537667699,0.4945715055412122,0.4858714959095458,0.5032715151728787,0.7555766356604896,0.74811841361893,0.7620988816042131,0.9866769445784788,0.9769375543053516,0.99519408155151,0.05,0.7060280759702725,0.6797494054168852,0.7310037330992801,0.231076735899887,0.9219734860859172,0.8876572339078241,0.9545881857759724,0.9182035567574508,0.8848268391966315,0.9528392836812166,0.0460891596140369,0.9372576665491716,0.2256758628214675,0.2365673737468125,0.0431646364776119,0.0492016384249989,0.9306471389959062,0.9432765012831744,0.1,0.7324525185796862,0.7144642442796459,0.7497045621255208,0.2305187359537678,0.956480096091472,0.9329899368052624,0.9790088414366204,0.9518783014003038,0.9282438102432476,0.9761145624437724,0.0956282680178966,0.8857948537187169,0.2249760072741145,0.2361564109115615,0.0914796637018874,0.0999443148245581,0.8772565038079497,0.8938111497877405,0.2,0.7494324045407637,0.7370358278547057,0.7614337447541418,0.2301341589267286,0.9786534418629724,0.96246525415235,0.9943255062621468,0.9734584450402144,0.9560835106293906,0.9911491346569636,0.1957306883725944,0.7860415932322876,0.2242617754371481,0.2361135095115278,0.1900843681997097,0.2015030005655401,0.7751790680558711,0.7965170497083157,0.2342621259029927,0.7520704845814978,0.2300269541778975,0.230068459921298,0.7520267888614733,0.9820984038050125,0.9767491065593212,0.9603972781447392,0.9933793429812816,0.7406676406700669,0.76313228923113,0.2240268676992701,0.2361388372833572,0.2240681420667038,0.2361805511908015,0.7406222922767111,0.7630902452481115,0.7674317076213047,0.7671991824000861,0.7610692909900502,0.773218669817317,0.2389066382676606,1.0018543579128931,0.993849580843834,1.0097149628766375,1.00802243321877,0.9913922406811666,1.0249315903200336,0.7688534310818824,0.2372224180472329,0.2279521621344843,0.2502169300940025,0.7627316442712261,0.7748638909016531,0.2263340425478677,0.2484663816133134
all,24.0,pop_normal,prolonged_los,NORMA_q_age_set_co,toward,24225,18551,0.7657791537667699,0.5033962618499124,0.4946932509633981,0.5120992727364266,0.7600361782247274,0.7530793945665667,0.7668649233304345,0.9925004807015266,0.9834158985162568,1.0014178625238412,0.05,0.7126341866226259,0.6865052911304916,0.7374182887008214,0.2314243503954114,0.930600138587306,0.8964794715991677,0.9629646942901944,0.9272141096185612,0.8940152183183441,0.9616458282364576,0.0465204032127648,0.9386676066267184,0.2260205574419009,0.2369177920860582,0.0435824033219373,0.0496461802085197,0.9321225931649476,0.944619019352034,0.1,0.7336911643270024,0.7157268528524484,0.7509153219705077,0.2306563316974728,0.9580975934354824,0.9346387262331176,0.9805899237095332,0.9536585463110548,0.930046805614842,0.977869734578443,0.0957899843674195,0.886323581247797,0.2251124109131342,0.2362951502808719,0.0916381501057661,0.1001091941561217,0.8778015640875023,0.8943228290974008,0.2,0.7587203302373581,0.7464705090236203,0.7705601978569674,0.2324561403508772,0.9907821680771924,0.9747856223975636,1.0062433719521875,0.9885042016806722,0.9711920109569878,1.0061249945595143,0.1981564336154385,0.7939725061684878,0.2265624706675718,0.2384558567624252,0.1924830199270295,0.2039548348698553,0.7832513861929586,0.8042958254094219,0.2073890608875129,0.758359872611465,0.2322795687724597,0.2053797638941297,0.7860415932322876,0.9903114610539993,0.9878073342387044,0.9707286527929456,1.0051864924027367,0.7463280235004234,0.7699969140234636,0.2263603595319639,0.2383058837970099,0.1996276327354758,0.2112538915778332,0.7751790680558711,0.7965170497083157,0.7674317076213047,0.7694583400570169,0.7633486289801176,0.7754567136800748,0.2463613773517927,1.0048045004517945,0.9968260760629264,1.0126375337663638,1.0209911182009497,1.003905156614862,1.0383678742723506,0.7711174599752035,0.2446246034543532,0.2352850795027658,0.2577833316423788,0.7650160985658121,0.7771065569032598,0.2336146610546648,0.2559801173554971
all,24.0,all,unplanned_icu,NORMA_q_age_set_co,any,23451,193,0.0082299262291586,0.3177281024702849,0.2789416247645078,0.3565145801760619,0.0063436370388787,0.0050687032531069,0.0098166790134724,0.770801203102304,0.6158868393192269,1.1928027955696523,0.05,0.0059676044330775,0.0028936343552515,0.0122669446045676,0.9916509561001884,0.7251103189642606,0.3515990635492496,1.4905291084026715,0.7147650083876467,0.3368440033735327,1.5166932232688672,0.0362694300518134,0.9498667125290222,0.990368434122282,0.9927639475386666,0.0176777707669518,0.0729616062752994,0.946987109210744,0.952597728474678,0.1,0.0042643923240938,0.0023179777349835,0.0078323874492843,0.9913294797687862,0.5181568103229227,0.2816523101714958,0.951695948565631,0.4918265813788202,0.2606143769362342,0.9281659323421076,0.0518134715025906,0.8996044371829048,0.9899861978214474,0.9924939359944313,0.0283840364929923,0.092736702212647,0.8956758375577651,0.9034010506624696,0.2,0.003411513859275,0.0021010360116798,0.0055348416029376,0.9905655348862,0.4145254482583382,0.2552922047145248,0.6725262716605686,0.3616011949935552,0.2169952835265523,0.6025726554778661,0.082901554404145,0.79903689053229,0.9890782670501816,0.991851942347376,0.0516709624127365,0.1304124996196793,0.7938376439218733,0.8041373676524468,0.8034198968061064,0.0059444827769226,0.9824295010845988,0.5803108808290155,0.1947286955026227,0.7223008580394482,0.338321797550784,0.2546621459312173,0.4494646751657746,0.0049430421127616,0.007147354019833,0.9782154782044092,0.98584015820929,0.5097824397294922,0.6477045955313468,0.1896900046876894,0.1998682149848235,0.7642318024817705,0.0055797344046423,0.0045900997917207,0.0067812826263856,0.983179598480738,0.6779810959754792,0.5577327990447796,0.8239785433749757,0.3317242099276074,0.2505265656617303,0.4392386538387169,0.5181347150259067,0.2337260297532032,0.9794389763969632,0.9862492515110974,0.4479756586375811,0.587585929969705,0.2283313201832311,0.2392086874832298
all,24.0,all,unplanned_icu,NORMA_q_age_set_co,toward,23451,193,0.0082299262291586,0.3118013435234497,0.2737307051253005,0.3498719819215989,0.0059715170649586,0.0048572993924491,0.0088639139026124,0.7255857341468719,0.5901996272141218,1.0770344296899672,0.05,0.0051150895140664,0.0023463048042667,0.0111148100985375,0.991606068767394,0.6215231305407949,0.2850942692479709,1.3505358115067572,0.609379487670446,0.2708762965279728,1.370896474712941,0.0310880829015544,0.9498237165706424,0.990320382743204,0.9927222397301556,0.0143240767704858,0.0661548463839692,0.9469429821540728,0.95255587781581,0.1,0.0038379530916844,0.0020204662783311,0.0072784153491059,0.9912820998768124,0.4663411292906305,0.2455023559230247,0.8843840329113163,0.4402382497450635,0.2257790255251168,0.8584044336617817,0.0466321243523316,0.8995614412245249,0.98993545322759,0.9924499380488656,0.0247241636333899,0.0862361211844534,0.8956321143397868,0.9033587961649084,0.2,0.003411513859275,0.0021010360116798,0.0055348416029376,0.9905655348862,0.4145254482583382,0.2552922047145248,0.6725262716605686,0.3616011949935552,0.2169952835265523,0.6025726554778661,0.082901554404145,0.79903689053229,0.9890782670501816,0.991851942347376,0.0516709624127365,0.1304124996196793,0.7938376439218733,0.8041373676524468,0.7977911389706196,0.005932973435245,0.9827077182623366,0.5751295336787565,0.2003611660503912,0.7209023835747779,0.3430995125601478,0.2583711076572995,0.4556131549939007,0.0049293882396201,0.007139414822337,0.9785876194519032,0.986046345575501,0.5045905632670429,0.6427360181060002,0.1952665687916921,0.2055547316164407,0.7642318024817705,0.0055797344046423,0.0045900997917207,0.0067812826263856,0.983179598480738,0.6779810959754792,0.5577327990447796,0.8239785433749757,0.3317242099276074,0.2505265656617303,0.4392386538387169,0.5181347150259067,0.2337260297532032,0.9794389763969632,0.9862492515110974,0.4479756586375811,0.587585929969705,0.2283313201832311,0.2392086874832298
all,24.0,pop_normal,unplanned_icu,NORMA_q_age_set_co,any,17172,132,0.0076869322152341,0.4131593220941812,0.3634938019995454,0.462824842188817,0.0062869237476022,0.0054516260899899,0.0077531760085911,0.8178716257108064,0.7092069940705116,1.0086177152994422,0.05,0.0058207217694994,0.0024887145129451,0.0135531638573142,0.992214798013854,0.7572229865594243,0.323759133456768,1.7631434072560666,0.7476648364239686,0.3067294037298719,1.8224620816502417,0.0378787878787878,0.9498826291079812,0.9907453648808732,0.9934524592862743,0.0162859389418253,0.0856092095252127,0.9465039788412312,0.9530584766089534,0.1,0.0052417006406523,0.0027600950170873,0.0099322992160599,0.9920414105467488,0.6818976015248583,0.3590632699501855,1.2921018343801602,0.6586218162705798,0.3353499706288621,1.2935223940950706,0.0681818181818181,0.8997652582159624,0.9905130914732064,0.9933251800826648,0.03628192294568,0.1245053469333554,0.8951656074161974,0.904184698679114,0.2,0.0061153174140943,0.0040033136749581,0.0093310994056212,0.9919202212840296,0.7955472017790014,0.5207947153513685,1.2138912044949146,0.7568669426561098,0.4754561023474538,1.204837977801327,0.1590909090909091,0.799706572769953,0.9902795713155944,0.9932858337753796,0.1064720940297223,0.2309915400853057,0.7936300722403918,0.8056479684567243,0.2236780805963195,0.0059880239520958,0.9918235691245968,0.1742424242424242,0.7759389671361502,0.778987479586282,0.7323518101411856,0.4677580052325683,1.1466167715299804,0.0039934904656082,0.0089697483840754,0.9901468426579684,0.9932169192332864,0.1190044689938695,0.2479052258271572,0.7696165357706406,0.7821370078670802,0.7642318024817705,0.0066295816505372,0.0053782072685032,0.0081697279789214,0.9888861447270932,0.8624483038107972,0.6996558728389188,1.0628073398033226,0.5965150245116716,0.4169379024798503,0.8534368603855983,0.6590909090909091,0.2349765258215962,0.9851620279632306,0.9916834525016364,0.5747514992528577,0.7344321381601291,0.2286706355669982,0.2414018861114478
all,24.0,pop_normal,unplanned_icu,NORMA_q_age_set_co,toward,17172,132,0.0076869322152341,0.4098595995162897,0.3602819522766323,0.4594372467559471,0.0062292900052541,0.0051929026477239,0.0077691139658752,0.8103739997744306,0.6755494262629951,1.0106910986515931,0.05,0.0046565774155995,0.001812268090112,0.0119116877321385,0.9921534972108136,0.6057783892475395,0.2357596033591183,1.5496022858809335,0.593458963911525,0.2198930699261382,1.6016582149007337,0.0303030303030303,0.949823943661972,0.9906788418444632,0.993396409581646,0.0118458688521193,0.0753262492619193,0.946443491865933,0.9530016191470678,0.1,0.0040768782760629,0.0019762086091041,0.0083917415845685,0.9919120025881591,0.530364801186001,0.257086774511639,1.0916892915925065,0.504065230052417,0.2358202096213839,1.0774384288595606,0.053030303030303,0.8996478873239436,0.990372510804861,0.9932070091508904,0.025922087095231,0.1054191220778058,0.8950459192746836,0.9040696979462604,0.2,0.0061153174140943,0.0040033136749581,0.0093310994056212,0.9919202212840296,0.7955472017790014,0.5207947153513685,1.2138912044949146,0.7568669426561098,0.4754561023474538,1.204837977801327,0.1590909090909091,0.799706572769953,0.9902795713155944,0.9932858337753796,0.1064720940297223,0.2309915400853057,0.7936300722403918,0.8056479684567243,0.1921733053808525,0.0063636363636363,0.9919982698961938,0.1590909090909091,0.8075704225352113,0.8278512396694215,0.7952825552825553,0.499611356099955,1.2659326795010126,0.0041660145211919,0.0097092269552759,0.9903733841364826,0.9933507310191704,0.1064720940297223,0.2309915400853057,0.8015823716516995,0.8134198236280313,0.7642318024817705,0.0064771774746628,0.0052417011673131,0.0080015149312188,0.9883921956038528,0.8426219060220431,0.6818976700386472,1.0409243515067474,0.558001948827866,0.3914409492138115,0.7954358774192096,0.6439393939393939,0.2348591549295774,0.9845991878412602,0.9912593307842889,0.5592421891175997,0.7204953875893884,0.2285543926289662,0.2412834401751123
all,24.0,all,periop_infection,NORMA_q_age_set_co,any,31525,537,0.0170340999206978,0.4358547274502126,0.4116814095592151,0.46002804534121,0.0142427962719366,0.013070416755097,0.0161051342582801,0.8361343621467457,0.7673089165818174,0.945464352872032,0.05,0.0057106598984771,0.0030072636176237,0.0108179198691258,0.982370029049384,0.335248702606131,0.1765437347217668,0.6350743461344339,0.3239177145823719,0.1679324036216709,0.6247911871531576,0.0167597765363128,0.9494320382083388,0.9808164875779516,0.9837998378394004,0.0088418435574837,0.0315426239095158,0.9469361858819024,0.9518164716562024,0.1,0.0111040609137055,0.0079950005965748,0.0154033854314184,0.98230712296902,0.6518724772896993,0.4693526886536721,0.90426764567126,0.6276006380569094,0.446406766923013,0.8823400317257478,0.0651769087523277,0.8994126758745321,0.980706540591302,0.9837771178014632,0.0472341201129892,0.0892967976270662,0.8960140446006201,0.9027122885902412,0.2,0.0128469468675654,0.0103488943747389,0.0159382769500253,0.981919111816019,0.7541899441340781,0.6075398420179595,0.9356688656416194,0.7105263157894736,0.5618827359474681,0.8984928938563478,0.1508379888268156,0.799148057312508,0.9801997132685832,0.983491717460985,0.1230534969481814,0.1835826789672807,0.7946503173157637,0.8035716353932356,0.808152260111023,0.0158181889547434,0.9778439153439152,0.750465549348231,0.1908480702207306,0.9286190070731632,0.713943334315587,0.588380312429012,0.8663020734147272,0.0143574253540702,0.0174249471716472,0.9738197445186816,0.981261432754696,0.7121717912308968,0.7852011919124119,0.1865110899538779,0.1952616924676739,0.7682157018239493,0.0156908084895532,0.0142006407079991,0.0173345997833761,0.9785137539345832,0.9211410384230267,0.8336595871874746,1.0176410766684063,0.7302722142239835,0.6074770601537632,0.8778891284102359,0.707635009310987,0.2307344778623983,0.9749290045200928,0.981595617761424,0.6677974438985295,0.7445229101570758,0.226077153671414,0.2354585557780044
all,24.0,all,periop_infection,NORMA_q_age_set_co,toward,31525,537,0.0170340999206978,0.4347439472575315,0.4107720285551676,0.4587158659598955,0.0140825602398549,0.0128350545333487,0.0156131964537091,0.8267275820510757,0.7534917954633519,0.9165847638792944,0.05,0.0044416243654822,0.0021531465524529,0.009140137533749,0.9823032488563892,0.2607489909158797,0.1264021323390687,0.5365788375259591,0.2509852983430706,0.1192748319412971,0.528138409076639,0.0130353817504655,0.94936749709565,0.9807469493934122,0.98373583276773,0.0063282967743598,0.0266602899024046,0.946870180002858,0.9517534113102828,0.1,0.0101522842639593,0.0072005538997421,0.0142965960205833,0.9822013886441336,0.5959976935220107,0.4227140813582323,0.8392927179681406,0.5703975473689501,0.3997911577191101,0.8138082990647438,0.0595903165735568,0.8993158642054989,0.980596331505444,0.9836758868657506,0.042523665832155,0.0829134307225478,0.8959158144441863,0.9026169194092288,0.2,0.0123711340206185,0.0099243343532499,0.0154117907445809,0.9818001586042824,0.7262569832402235,0.5826157178514068,0.9047610860761928,0.6797385620915032,0.5355298666097431,0.8627801017322723,0.1452513966480447,0.7990512456434749,0.9800754839383484,0.9833780766009786,0.1179682986033521,0.1775740561267574,0.7945527131650096,0.8034756402065433,0.8033306899286281,0.0157551826258637,0.977741935483871,0.7430167597765364,0.1956241125597005,0.9249201718442372,0.7078415382634448,0.58444478276951,0.8572916690553417,0.0142932713231935,0.0173639837800165,0.9737632269951576,0.981128980439668,0.7044226377912494,0.7781585837715891,0.1912452326636528,0.2000784504052488,0.7682157018239493,0.0157321000908415,0.0142399034001033,0.0173779071960983,0.9786506090050636,0.923565093787298,0.8359645338701281,1.020183471800747,0.7368875343831989,0.6127633129768328,0.886154942422083,0.7094972067039106,0.2307667484187427,0.9750761232014146,0.9817220653956412,0.6697178819735863,0.7463004124771364,0.226109190653119,0.2354910519087814
all,24.0,pop_normal,periop_infection,NORMA_q_age_set_co,any,23836,401,0.0168232924987414,0.4782027223385955,0.4491079631518628,0.5072974815253284,0.0163970576636039,0.0144646203246727,0.0191630237251376,0.9746640061587648,0.8597972320670842,1.13907689155207,0.05,0.0184563758389261,0.0122194106789921,0.0277872256514382,0.9832626744391452,1.0970727543557215,0.7263388352729583,1.6517114978246448,1.102707584423864,0.7202928492828918,1.6881522813345995,0.054862842892768,0.9500746746319608,0.9815079075643676,0.9848534961642774,0.0365062543775409,0.0816673720482018,0.947211710435374,0.9527901053540206,0.1,0.0171979865771812,0.0127025452846537,0.0232469079789128,0.983218347939586,1.0222723392860131,0.7550570309351776,1.3818286747764743,1.0248089112602536,0.743956938612587,1.4116856098647554,0.1022443890274314,0.9000213356091317,0.981410851924084,0.9848528065473692,0.0762654506830917,0.1357720474396307,0.8961148871697772,0.9037966579468552,0.2,0.0155233899727291,0.0123839180286541,0.0194430870850767,0.9828517489118463,0.9227319785286104,0.7361173818728172,1.1557242487777797,0.9052462488989992,0.7047892391498191,1.1627174843563577,0.1845386533665835,0.7997439726904203,0.980909451295892,0.984599537149752,0.1496252997454837,0.225438922903572,0.7945712327935035,0.8048184571816188,0.2343933545896962,0.0161088240558439,0.9829579702997424,0.2244389027431421,0.7654363132067421,0.9575309979927576,0.9452409331032018,0.7490176138304089,1.1928697070882393,0.0131245412519878,0.0197580930905769,0.980975906199778,0.9847367420708342,0.1863281304879658,0.2677793525374939,0.7599679690907865,0.7708176478912406,0.7682157018239493,0.0161105346513024,0.0143858066136418,0.018038257594481,0.980814479638009,0.9576326781756768,0.855112435019367,1.0722192220001274,0.8397236221551538,0.6739571510660342,1.046262007146924,0.7356608478802993,0.231235331768722,0.976849071724145,0.9841117197733,0.6904095480654705,0.7764397085326656,0.2258814642200284,0.2366772997762263
all,24.0,pop_normal,periop_infection,NORMA_q_age_set_co,toward,23836,401,0.0168232924987414,0.4836651703363737,0.4550333396808305,0.5122970009919169,0.0162727404836221,0.0141692095268707,0.0190756709504998,0.9672744193706164,0.8422376017019709,1.133884520638691,0.05,0.0184563758389261,0.0122194106789921,0.0277872256514382,0.9832626744391452,1.0970727543557215,0.7263388352729583,1.6517114978246448,1.102707584423864,0.7202928492828918,1.6881522813345995,0.054862842892768,0.9500746746319608,0.9815079075643676,0.9848534961642774,0.0365062543775409,0.0816673720482018,0.947211710435374,0.9527901053540206,0.1,0.0159395973154362,0.0116348970278141,0.0218018267481683,0.9830785008390828,0.947471924216305,0.6915945275685236,1.2959310283524688,0.941973117384954,0.6761969640750075,1.3122113836901264,0.0947630922693266,0.8998933219543418,0.9812640158974568,0.9847199984513442,0.0698196543399551,0.1273972324621916,0.8959847106605228,0.9036708491091204,0.2,0.0165722676735892,0.0133180780308131,0.0206049933199522,0.9831139545859772,0.9850787338345974,0.7916451569637466,1.22478957799098,0.9814179262971228,0.7689052527576837,1.252665582141479,0.1970074812967581,0.7999573287817368,0.9811854785045252,0.98484781566387,0.1610315392819872,0.2387337022346947,0.7947866004800842,0.80502973174002,0.2073334452089276,0.0161877782274382,0.9830104795173072,0.199501246882793,0.7925325368039258,0.962224144212516,0.9528096007140776,0.7473261121040001,1.2147924721337473,0.013026444102755,0.0201006985052896,0.9810671262866242,0.98475745761718,0.1633200202668211,0.2413854250233862,0.7872931243751863,0.7976760577195466,0.7682157018239493,0.0162197586150401,0.0144889492556785,0.0181535170597276,0.9811764705882352,0.9641251031124608,0.8612433777016314,1.0790704055752316,0.8616746764240075,0.6906205751470244,1.0750957540359305,0.7406483790523691,0.2313206742052485,0.9772442579479846,0.9844400124062248,0.6956100831003131,0.7811195810448737,0.2259660964934234,0.2367633244008242
