model_type,method,outcome,subset,panel,n_test,n_events_test,concordance_test,time_window,concordance_lower,concordance_upper
gbm,NORMA_334f7e21,mortality,all,BMP,1876,39,0.3345,1,,
gbm,NORMA_334f7e21,mortality,all,BMP,1876,39,0.3345,14,,
gbm,NORMA_334f7e21,mortality,all,BMP,1876,39,0.3345,2,,
gbm,NORMA_334f7e21,mortality,all,BMP,1876,39,0.3345,30,,
gbm,NORMA_334f7e21,mortality,all,BMP,1876,39,0.3345,7,,
gbm,NORMA_334f7e21,mortality,all,BMP,1876,39,0.3345,all,,
gbm,NORMA_334f7e21,mortality,all,CBC,1888,37,0.5401,1,,
gbm,NORMA_334f7e21,mortality,all,CBC,1888,37,0.5401,14,,
gbm,NORMA_334f7e21,mortality,all,CBC,1888,37,0.5401,2,,
gbm,NORMA_334f7e21,mortality,all,CBC,1888,37,0.5401,30,,
gbm,NORMA_334f7e21,mortality,all,CBC,1888,37,0.5401,7,,
gbm,NORMA_334f7e21,mortality,all,CBC,1888,37,0.5401,all,,
gbm,NORMA_334f7e21,mortality,all,HFP,1489,38,0.7922,1,,
gbm,NORMA_334f7e21,mortality,all,HFP,1489,38,0.7922,14,,
gbm,NORMA_334f7e21,mortality,all,HFP,1489,38,0.7922,2,,
gbm,NORMA_334f7e21,mortality,all,HFP,1489,38,0.7922,30,,
gbm,NORMA_334f7e21,mortality,all,HFP,1489,38,0.7922,7,,
gbm,NORMA_334f7e21,mortality,all,HFP,1489,38,0.7922,all,,
gbm,NORMA_334f7e21,mortality,all,all,1952,39,0.5468,1,,
gbm,NORMA_334f7e21,mortality,all,all,1952,39,0.5468,14,,
gbm,NORMA_334f7e21,mortality,all,all,1952,39,0.5468,2,,
gbm,NORMA_334f7e21,mortality,all,all,1952,39,0.5468,30,,
gbm,NORMA_334f7e21,mortality,all,all,1952,39,0.5468,7,,
gbm,NORMA_334f7e21,mortality,all,all,1952,39,0.5468,all,,
gbm,NORMA_334f7e21,mortality,all_eval_pop_normal,BMP,1874,39,0.3345,1,,
gbm,NORMA_334f7e21,mortality,all_eval_pop_normal,BMP,1874,39,0.3345,14,,
gbm,NORMA_334f7e21,mortality,all_eval_pop_normal,BMP,1874,39,0.3345,2,,
gbm,NORMA_334f7e21,mortality,all_eval_pop_normal,BMP,1874,39,0.3345,30,,
gbm,NORMA_334f7e21,mortality,all_eval_pop_normal,BMP,1874,39,0.3345,7,,
gbm,NORMA_334f7e21,mortality,all_eval_pop_normal,BMP,1874,39,0.3345,all,,
gbm,NORMA_334f7e21,mortality,all_eval_pop_normal,CBC,1885,37,0.5404,1,,
gbm,NORMA_334f7e21,mortality,all_eval_pop_normal,CBC,1885,37,0.5404,14,,
gbm,NORMA_334f7e21,mortality,all_eval_pop_normal,CBC,1885,37,0.5404,2,,
gbm,NORMA_334f7e21,mortality,all_eval_pop_normal,CBC,1885,37,0.5404,30,,
gbm,NORMA_334f7e21,mortality,all_eval_pop_normal,CBC,1885,37,0.5404,7,,
gbm,NORMA_334f7e21,mortality,all_eval_pop_normal,CBC,1885,37,0.5404,all,,
gbm,NORMA_334f7e21,mortality,all_eval_pop_normal,HFP,1489,38,0.7922,1,,
gbm,NORMA_334f7e21,mortality,all_eval_pop_normal,HFP,1489,38,0.7922,14,,
gbm,NORMA_334f7e21,mortality,all_eval_pop_normal,HFP,1489,38,0.7922,2,,
gbm,NORMA_334f7e21,mortality,all_eval_pop_normal,HFP,1489,38,0.7922,30,,
gbm,NORMA_334f7e21,mortality,all_eval_pop_normal,HFP,1489,38,0.7922,7,,
gbm,NORMA_334f7e21,mortality,all_eval_pop_normal,HFP,1489,38,0.7922,all,,
gbm,NORMA_334f7e21,mortality,all_eval_pop_normal,all,1949,39,0.5468,1,,
gbm,NORMA_334f7e21,mortality,all_eval_pop_normal,all,1949,39,0.5468,14,,
gbm,NORMA_334f7e21,mortality,all_eval_pop_normal,all,1949,39,0.5468,2,,
gbm,NORMA_334f7e21,mortality,all_eval_pop_normal,all,1949,39,0.5468,30,,
gbm,NORMA_334f7e21,mortality,all_eval_pop_normal,all,1949,39,0.5468,7,,
gbm,NORMA_334f7e21,mortality,all_eval_pop_normal,all,1949,39,0.5468,all,,
gbm,NORMA_334f7e21,periop_infection,all,BMP,1853,58,0.3214,1,,
gbm,NORMA_334f7e21,periop_infection,all,BMP,1853,58,0.3214,14,,
gbm,NORMA_334f7e21,periop_infection,all,BMP,1853,58,0.3214,2,,
gbm,NORMA_334f7e21,periop_infection,all,BMP,1853,58,0.3214,30,,
gbm,NORMA_334f7e21,periop_infection,all,BMP,1853,58,0.3214,7,,
gbm,NORMA_334f7e21,periop_infection,all,BMP,1853,58,0.3214,all,,
gbm,NORMA_334f7e21,periop_infection,all,CBC,1854,58,0.5519,1,,
gbm,NORMA_334f7e21,periop_infection,all,CBC,1854,58,0.5519,14,,
gbm,NORMA_334f7e21,periop_infection,all,CBC,1854,58,0.5519,2,,
gbm,NORMA_334f7e21,periop_infection,all,CBC,1854,58,0.5519,30,,
gbm,NORMA_334f7e21,periop_infection,all,CBC,1854,58,0.5519,7,,
gbm,NORMA_334f7e21,periop_infection,all,CBC,1854,58,0.5519,all,,
gbm,NORMA_334f7e21,periop_infection,all,HFP,1461,54,0.5027,1,,
gbm,NORMA_334f7e21,periop_infection,all,HFP,1461,54,0.5027,14,,
gbm,NORMA_334f7e21,periop_infection,all,HFP,1461,54,0.5027,2,,
gbm,NORMA_334f7e21,periop_infection,all,HFP,1461,54,0.5027,30,,
gbm,NORMA_334f7e21,periop_infection,all,HFP,1461,54,0.5027,7,,
gbm,NORMA_334f7e21,periop_infection,all,HFP,1461,54,0.5027,all,,
gbm,NORMA_334f7e21,periop_infection,all,all,1928,58,0.3542,1,,
gbm,NORMA_334f7e21,periop_infection,all,all,1928,58,0.3542,14,,
gbm,NORMA_334f7e21,periop_infection,all,all,1928,58,0.3542,2,,
gbm,NORMA_334f7e21,periop_infection,all,all,1928,58,0.3542,30,,
gbm,NORMA_334f7e21,periop_infection,all,all,1928,58,0.3542,7,,
gbm,NORMA_334f7e21,periop_infection,all,all,1928,58,0.3542,all,,
gbm,NORMA_334f7e21,periop_infection,all_eval_pop_normal,BMP,1853,58,0.3214,1,,
gbm,NORMA_334f7e21,periop_infection,all_eval_pop_normal,BMP,1853,58,0.3214,14,,
gbm,NORMA_334f7e21,periop_infection,all_eval_pop_normal,BMP,1853,58,0.3214,2,,
gbm,NORMA_334f7e21,periop_infection,all_eval_pop_normal,BMP,1853,58,0.3214,30,,
gbm,NORMA_334f7e21,periop_infection,all_eval_pop_normal,BMP,1853,58,0.3214,7,,
gbm,NORMA_334f7e21,periop_infection,all_eval_pop_normal,BMP,1853,58,0.3214,all,,
gbm,NORMA_334f7e21,periop_infection,all_eval_pop_normal,CBC,1853,58,0.552,1,,
gbm,NORMA_334f7e21,periop_infection,all_eval_pop_normal,CBC,1853,58,0.552,14,,
gbm,NORMA_334f7e21,periop_infection,all_eval_pop_normal,CBC,1853,58,0.552,2,,
gbm,NORMA_334f7e21,periop_infection,all_eval_pop_normal,CBC,1853,58,0.552,30,,
gbm,NORMA_334f7e21,periop_infection,all_eval_pop_normal,CBC,1853,58,0.552,7,,
gbm,NORMA_334f7e21,periop_infection,all_eval_pop_normal,CBC,1853,58,0.552,all,,
gbm,NORMA_334f7e21,periop_infection,all_eval_pop_normal,HFP,1461,54,0.5027,1,,
gbm,NORMA_334f7e21,periop_infection,all_eval_pop_normal,HFP,1461,54,0.5027,14,,
gbm,NORMA_334f7e21,periop_infection,all_eval_pop_normal,HFP,1461,54,0.5027,2,,
gbm,NORMA_334f7e21,periop_infection,all_eval_pop_normal,HFP,1461,54,0.5027,30,,
gbm,NORMA_334f7e21,periop_infection,all_eval_pop_normal,HFP,1461,54,0.5027,7,,
gbm,NORMA_334f7e21,periop_infection,all_eval_pop_normal,HFP,1461,54,0.5027,all,,
gbm,NORMA_334f7e21,periop_infection,all_eval_pop_normal,all,1927,58,0.3542,1,,
gbm,NORMA_334f7e21,periop_infection,all_eval_pop_normal,all,1927,58,0.3542,14,,
gbm,NORMA_334f7e21,periop_infection,all_eval_pop_normal,all,1927,58,0.3542,2,,
gbm,NORMA_334f7e21,periop_infection,all_eval_pop_normal,all,1927,58,0.3542,30,,
gbm,NORMA_334f7e21,periop_infection,all_eval_pop_normal,all,1927,58,0.3542,7,,
gbm,NORMA_334f7e21,periop_infection,all_eval_pop_normal,all,1927,58,0.3542,all,,
gbm,NORMA_334f7e21,prolonged_los,all,BMP,1881,1360,0.6053,1,,
gbm,NORMA_334f7e21,prolonged_los,all,BMP,1881,1360,0.6053,14,,
gbm,NORMA_334f7e21,prolonged_los,all,BMP,1881,1360,0.6053,2,,
gbm,NORMA_334f7e21,prolonged_los,all,BMP,1881,1360,0.6053,30,,
gbm,NORMA_334f7e21,prolonged_los,all,BMP,1881,1360,0.6053,7,,
gbm,NORMA_334f7e21,prolonged_los,all,BMP,1881,1360,0.6053,all,,
gbm,NORMA_334f7e21,prolonged_los,all,CBC,1893,1360,0.5924,1,,
gbm,NORMA_334f7e21,prolonged_los,all,CBC,1893,1360,0.5924,14,,
gbm,NORMA_334f7e21,prolonged_los,all,CBC,1893,1360,0.5924,2,,
gbm,NORMA_334f7e21,prolonged_los,all,CBC,1893,1360,0.5924,30,,
gbm,NORMA_334f7e21,prolonged_los,all,CBC,1893,1360,0.5924,7,,
gbm,NORMA_334f7e21,prolonged_los,all,CBC,1893,1360,0.5924,all,,
gbm,NORMA_334f7e21,prolonged_los,all,HFP,1469,1143,0.5718,1,,
gbm,NORMA_334f7e21,prolonged_los,all,HFP,1469,1143,0.5718,14,,
gbm,NORMA_334f7e21,prolonged_los,all,HFP,1469,1143,0.5718,2,,
gbm,NORMA_334f7e21,prolonged_los,all,HFP,1469,1143,0.5718,30,,
gbm,NORMA_334f7e21,prolonged_los,all,HFP,1469,1143,0.5718,7,,
gbm,NORMA_334f7e21,prolonged_los,all,HFP,1469,1143,0.5718,all,,
gbm,NORMA_334f7e21,prolonged_los,all,all,1952,1390,0.6359,1,,
gbm,NORMA_334f7e21,prolonged_los,all,all,1952,1390,0.6359,14,,
gbm,NORMA_334f7e21,prolonged_los,all,all,1952,1390,0.6359,2,,
gbm,NORMA_334f7e21,prolonged_los,all,all,1952,1390,0.6359,30,,
gbm,NORMA_334f7e21,prolonged_los,all,all,1952,1390,0.6359,7,,
gbm,NORMA_334f7e21,prolonged_los,all,all,1952,1390,0.6359,all,,
gbm,NORMA_334f7e21,prolonged_los,all_eval_pop_normal,BMP,1880,1360,0.6053,1,,
gbm,NORMA_334f7e21,prolonged_los,all_eval_pop_normal,BMP,1880,1360,0.6053,14,,
gbm,NORMA_334f7e21,prolonged_los,all_eval_pop_normal,BMP,1880,1360,0.6053,2,,
gbm,NORMA_334f7e21,prolonged_los,all_eval_pop_normal,BMP,1880,1360,0.6053,30,,
gbm,NORMA_334f7e21,prolonged_los,all_eval_pop_normal,BMP,1880,1360,0.6053,7,,
gbm,NORMA_334f7e21,prolonged_los,all_eval_pop_normal,BMP,1880,1360,0.6053,all,,
gbm,NORMA_334f7e21,prolonged_los,all_eval_pop_normal,CBC,1892,1360,0.5924,1,,
gbm,NORMA_334f7e21,prolonged_los,all_eval_pop_normal,CBC,1892,1360,0.5924,14,,
gbm,NORMA_334f7e21,prolonged_los,all_eval_pop_normal,CBC,1892,1360,0.5924,2,,
gbm,NORMA_334f7e21,prolonged_los,all_eval_pop_normal,CBC,1892,1360,0.5924,30,,
gbm,NORMA_334f7e21,prolonged_los,all_eval_pop_normal,CBC,1892,1360,0.5924,7,,
gbm,NORMA_334f7e21,prolonged_los,all_eval_pop_normal,CBC,1892,1360,0.5924,all,,
gbm,NORMA_334f7e21,prolonged_los,all_eval_pop_normal,HFP,1468,1143,0.5718,1,,
gbm,NORMA_334f7e21,prolonged_los,all_eval_pop_normal,HFP,1468,1143,0.5718,14,,
gbm,NORMA_334f7e21,prolonged_los,all_eval_pop_normal,HFP,1468,1143,0.5718,2,,
gbm,NORMA_334f7e21,prolonged_los,all_eval_pop_normal,HFP,1468,1143,0.5718,30,,
gbm,NORMA_334f7e21,prolonged_los,all_eval_pop_normal,HFP,1468,1143,0.5718,7,,
gbm,NORMA_334f7e21,prolonged_los,all_eval_pop_normal,HFP,1468,1143,0.5718,all,,
gbm,NORMA_334f7e21,prolonged_los,all_eval_pop_normal,all,1951,1390,0.6359,1,,
gbm,NORMA_334f7e21,prolonged_los,all_eval_pop_normal,all,1951,1390,0.6359,14,,
gbm,NORMA_334f7e21,prolonged_los,all_eval_pop_normal,all,1951,1390,0.6359,2,,
gbm,NORMA_334f7e21,prolonged_los,all_eval_pop_normal,all,1951,1390,0.6359,30,,
gbm,NORMA_334f7e21,prolonged_los,all_eval_pop_normal,all,1951,1390,0.6359,7,,
gbm,NORMA_334f7e21,prolonged_los,all_eval_pop_normal,all,1951,1390,0.6359,all,,
gbm,NORMA_334f7e21,unplanned_icu,all,BMP,1880,463,0.6195,1,,
gbm,NORMA_334f7e21,unplanned_icu,all,BMP,1880,463,0.6195,14,,
gbm,NORMA_334f7e21,unplanned_icu,all,BMP,1880,463,0.6195,2,,
gbm,NORMA_334f7e21,unplanned_icu,all,BMP,1880,463,0.6195,30,,
gbm,NORMA_334f7e21,unplanned_icu,all,BMP,1880,463,0.6195,7,,
gbm,NORMA_334f7e21,unplanned_icu,all,BMP,1880,463,0.6195,all,,
gbm,NORMA_334f7e21,unplanned_icu,all,CBC,1870,466,0.5362,1,,
gbm,NORMA_334f7e21,unplanned_icu,all,CBC,1870,466,0.5362,14,,
gbm,NORMA_334f7e21,unplanned_icu,all,CBC,1870,466,0.5362,2,,
gbm,NORMA_334f7e21,unplanned_icu,all,CBC,1870,466,0.5362,30,,
gbm,NORMA_334f7e21,unplanned_icu,all,CBC,1870,466,0.5362,7,,
gbm,NORMA_334f7e21,unplanned_icu,all,CBC,1870,466,0.5362,all,,
gbm,NORMA_334f7e21,unplanned_icu,all,HFP,1460,412,0.5178,1,,
gbm,NORMA_334f7e21,unplanned_icu,all,HFP,1460,412,0.5178,14,,
gbm,NORMA_334f7e21,unplanned_icu,all,HFP,1460,412,0.5178,2,,
gbm,NORMA_334f7e21,unplanned_icu,all,HFP,1460,412,0.5178,30,,
gbm,NORMA_334f7e21,unplanned_icu,all,HFP,1460,412,0.5178,7,,
gbm,NORMA_334f7e21,unplanned_icu,all,HFP,1460,412,0.5178,all,,
gbm,NORMA_334f7e21,unplanned_icu,all,all,1952,468,0.6329,1,,
gbm,NORMA_334f7e21,unplanned_icu,all,all,1952,468,0.6329,14,,
gbm,NORMA_334f7e21,unplanned_icu,all,all,1952,468,0.6329,2,,
gbm,NORMA_334f7e21,unplanned_icu,all,all,1952,468,0.6329,30,,
gbm,NORMA_334f7e21,unplanned_icu,all,all,1952,468,0.6329,7,,
gbm,NORMA_334f7e21,unplanned_icu,all,all,1952,468,0.6329,all,,
gbm,NORMA_334f7e21,unplanned_icu,all_eval_pop_normal,BMP,1880,463,0.6195,1,,
gbm,NORMA_334f7e21,unplanned_icu,all_eval_pop_normal,BMP,1880,463,0.6195,14,,
gbm,NORMA_334f7e21,unplanned_icu,all_eval_pop_normal,BMP,1880,463,0.6195,2,,
gbm,NORMA_334f7e21,unplanned_icu,all_eval_pop_normal,BMP,1880,463,0.6195,30,,
gbm,NORMA_334f7e21,unplanned_icu,all_eval_pop_normal,BMP,1880,463,0.6195,7,,
gbm,NORMA_334f7e21,unplanned_icu,all_eval_pop_normal,BMP,1880,463,0.6195,all,,
gbm,NORMA_334f7e21,unplanned_icu,all_eval_pop_normal,CBC,1869,466,0.5365,1,,
gbm,NORMA_334f7e21,unplanned_icu,all_eval_pop_normal,CBC,1869,466,0.5365,14,,
gbm,NORMA_334f7e21,unplanned_icu,all_eval_pop_normal,CBC,1869,466,0.5365,2,,
gbm,NORMA_334f7e21,unplanned_icu,all_eval_pop_normal,CBC,1869,466,0.5365,30,,
gbm,NORMA_334f7e21,unplanned_icu,all_eval_pop_normal,CBC,1869,466,0.5365,7,,
gbm,NORMA_334f7e21,unplanned_icu,all_eval_pop_normal,CBC,1869,466,0.5365,all,,
gbm,NORMA_334f7e21,unplanned_icu,all_eval_pop_normal,HFP,1460,412,0.5178,1,,
gbm,NORMA_334f7e21,unplanned_icu,all_eval_pop_normal,HFP,1460,412,0.5178,14,,
gbm,NORMA_334f7e21,unplanned_icu,all_eval_pop_normal,HFP,1460,412,0.5178,2,,
gbm,NORMA_334f7e21,unplanned_icu,all_eval_pop_normal,HFP,1460,412,0.5178,30,,
gbm,NORMA_334f7e21,unplanned_icu,all_eval_pop_normal,HFP,1460,412,0.5178,7,,
gbm,NORMA_334f7e21,unplanned_icu,all_eval_pop_normal,HFP,1460,412,0.5178,all,,
gbm,NORMA_334f7e21,unplanned_icu,all_eval_pop_normal,all,1951,468,0.6328,1,,
gbm,NORMA_334f7e21,unplanned_icu,all_eval_pop_normal,all,1951,468,0.6328,14,,
gbm,NORMA_334f7e21,unplanned_icu,all_eval_pop_normal,all,1951,468,0.6328,2,,
gbm,NORMA_334f7e21,unplanned_icu,all_eval_pop_normal,all,1951,468,0.6328,30,,
gbm,NORMA_334f7e21,unplanned_icu,all_eval_pop_normal,all,1951,468,0.6328,7,,
gbm,NORMA_334f7e21,unplanned_icu,all_eval_pop_normal,all,1951,468,0.6328,all,,
gbm,PerRI,mortality,all,BMP,1876,39,0.441,1,,
gbm,PerRI,mortality,all,BMP,1876,39,0.441,14,,
gbm,PerRI,mortality,all,BMP,1876,39,0.441,2,,
gbm,PerRI,mortality,all,BMP,1876,39,0.441,30,,
gbm,PerRI,mortality,all,BMP,1876,39,0.441,7,,
gbm,PerRI,mortality,all,BMP,1876,39,0.441,all,,
gbm,PerRI,mortality,all,CBC,1888,37,0.4972,1,,
gbm,PerRI,mortality,all,CBC,1888,37,0.4972,14,,
gbm,PerRI,mortality,all,CBC,1888,37,0.4972,2,,
gbm,PerRI,mortality,all,CBC,1888,37,0.4972,30,,
gbm,PerRI,mortality,all,CBC,1888,37,0.4972,7,,
gbm,PerRI,mortality,all,CBC,1888,37,0.4972,all,,
gbm,PerRI,mortality,all,HFP,1489,38,0.6147,1,,
gbm,PerRI,mortality,all,HFP,1489,38,0.6147,14,,
gbm,PerRI,mortality,all,HFP,1489,38,0.6147,2,,
gbm,PerRI,mortality,all,HFP,1489,38,0.6147,30,,
gbm,PerRI,mortality,all,HFP,1489,38,0.6147,7,,
gbm,PerRI,mortality,all,HFP,1489,38,0.6147,all,,
gbm,PerRI,mortality,all,all,1952,39,0.4776,1,,
gbm,PerRI,mortality,all,all,1952,39,0.4776,14,,
gbm,PerRI,mortality,all,all,1952,39,0.4776,2,,
gbm,PerRI,mortality,all,all,1952,39,0.4776,30,,
gbm,PerRI,mortality,all,all,1952,39,0.4776,7,,
gbm,PerRI,mortality,all,all,1952,39,0.4776,all,,
gbm,PerRI,mortality,all_eval_pop_normal,BMP,1874,39,0.4412,1,,
gbm,PerRI,mortality,all_eval_pop_normal,BMP,1874,39,0.4412,14,,
gbm,PerRI,mortality,all_eval_pop_normal,BMP,1874,39,0.4412,2,,
gbm,PerRI,mortality,all_eval_pop_normal,BMP,1874,39,0.4412,30,,
gbm,PerRI,mortality,all_eval_pop_normal,BMP,1874,39,0.4412,7,,
gbm,PerRI,mortality,all_eval_pop_normal,BMP,1874,39,0.4412,all,,
gbm,PerRI,mortality,all_eval_pop_normal,CBC,1885,37,0.4975,1,,
gbm,PerRI,mortality,all_eval_pop_normal,CBC,1885,37,0.4975,14,,
gbm,PerRI,mortality,all_eval_pop_normal,CBC,1885,37,0.4975,2,,
gbm,PerRI,mortality,all_eval_pop_normal,CBC,1885,37,0.4975,30,,
gbm,PerRI,mortality,all_eval_pop_normal,CBC,1885,37,0.4975,7,,
gbm,PerRI,mortality,all_eval_pop_normal,CBC,1885,37,0.4975,all,,
gbm,PerRI,mortality,all_eval_pop_normal,HFP,1489,38,0.6147,1,,
gbm,PerRI,mortality,all_eval_pop_normal,HFP,1489,38,0.6147,14,,
gbm,PerRI,mortality,all_eval_pop_normal,HFP,1489,38,0.6147,2,,
gbm,PerRI,mortality,all_eval_pop_normal,HFP,1489,38,0.6147,30,,
gbm,PerRI,mortality,all_eval_pop_normal,HFP,1489,38,0.6147,7,,
gbm,PerRI,mortality,all_eval_pop_normal,HFP,1489,38,0.6147,all,,
gbm,PerRI,mortality,all_eval_pop_normal,all,1949,39,0.4779,1,,
gbm,PerRI,mortality,all_eval_pop_normal,all,1949,39,0.4779,14,,
gbm,PerRI,mortality,all_eval_pop_normal,all,1949,39,0.4779,2,,
gbm,PerRI,mortality,all_eval_pop_normal,all,1949,39,0.4779,30,,
gbm,PerRI,mortality,all_eval_pop_normal,all,1949,39,0.4779,7,,
gbm,PerRI,mortality,all_eval_pop_normal,all,1949,39,0.4779,all,,
gbm,PerRI,periop_infection,all,BMP,1853,58,0.4063,1,,
gbm,PerRI,periop_infection,all,BMP,1853,58,0.4063,14,,
gbm,PerRI,periop_infection,all,BMP,1853,58,0.4063,2,,
gbm,PerRI,periop_infection,all,BMP,1853,58,0.4063,30,,
gbm,PerRI,periop_infection,all,BMP,1853,58,0.4063,7,,
gbm,PerRI,periop_infection,all,BMP,1853,58,0.4063,all,,
gbm,PerRI,periop_infection,all,CBC,1854,58,0.5463,1,,
gbm,PerRI,periop_infection,all,CBC,1854,58,0.5463,14,,
gbm,PerRI,periop_infection,all,CBC,1854,58,0.5463,2,,
gbm,PerRI,periop_infection,all,CBC,1854,58,0.5463,30,,
gbm,PerRI,periop_infection,all,CBC,1854,58,0.5463,7,,
gbm,PerRI,periop_infection,all,CBC,1854,58,0.5463,all,,
gbm,PerRI,periop_infection,all,HFP,1461,54,0.5026,1,,
gbm,PerRI,periop_infection,all,HFP,1461,54,0.5026,14,,
gbm,PerRI,periop_infection,all,HFP,1461,54,0.5026,2,,
gbm,PerRI,periop_infection,all,HFP,1461,54,0.5026,30,,
gbm,PerRI,periop_infection,all,HFP,1461,54,0.5026,7,,
gbm,PerRI,periop_infection,all,HFP,1461,54,0.5026,all,,
gbm,PerRI,periop_infection,all,all,1928,58,0.393,1,,
gbm,PerRI,periop_infection,all,all,1928,58,0.393,14,,
gbm,PerRI,periop_infection,all,all,1928,58,0.393,2,,
gbm,PerRI,periop_infection,all,all,1928,58,0.393,30,,
gbm,PerRI,periop_infection,all,all,1928,58,0.393,7,,
gbm,PerRI,periop_infection,all,all,1928,58,0.393,all,,
gbm,PerRI,periop_infection,all_eval_pop_normal,BMP,1853,58,0.4063,1,,
gbm,PerRI,periop_infection,all_eval_pop_normal,BMP,1853,58,0.4063,14,,
gbm,PerRI,periop_infection,all_eval_pop_normal,BMP,1853,58,0.4063,2,,
gbm,PerRI,periop_infection,all_eval_pop_normal,BMP,1853,58,0.4063,30,,
gbm,PerRI,periop_infection,all_eval_pop_normal,BMP,1853,58,0.4063,7,,
gbm,PerRI,periop_infection,all_eval_pop_normal,BMP,1853,58,0.4063,all,,
gbm,PerRI,periop_infection,all_eval_pop_normal,CBC,1853,58,0.5463,1,,
gbm,PerRI,periop_infection,all_eval_pop_normal,CBC,1853,58,0.5463,14,,
gbm,PerRI,periop_infection,all_eval_pop_normal,CBC,1853,58,0.5463,2,,
gbm,PerRI,periop_infection,all_eval_pop_normal,CBC,1853,58,0.5463,30,,
gbm,PerRI,periop_infection,all_eval_pop_normal,CBC,1853,58,0.5463,7,,
gbm,PerRI,periop_infection,all_eval_pop_normal,CBC,1853,58,0.5463,all,,
gbm,PerRI,periop_infection,all_eval_pop_normal,HFP,1461,54,0.5026,1,,
gbm,PerRI,periop_infection,all_eval_pop_normal,HFP,1461,54,0.5026,14,,
gbm,PerRI,periop_infection,all_eval_pop_normal,HFP,1461,54,0.5026,2,,
gbm,PerRI,periop_infection,all_eval_pop_normal,HFP,1461,54,0.5026,30,,
gbm,PerRI,periop_infection,all_eval_pop_normal,HFP,1461,54,0.5026,7,,
gbm,PerRI,periop_infection,all_eval_pop_normal,HFP,1461,54,0.5026,all,,
gbm,PerRI,periop_infection,all_eval_pop_normal,all,1927,58,0.393,1,,
gbm,PerRI,periop_infection,all_eval_pop_normal,all,1927,58,0.393,14,,
gbm,PerRI,periop_infection,all_eval_pop_normal,all,1927,58,0.393,2,,
gbm,PerRI,periop_infection,all_eval_pop_normal,all,1927,58,0.393,30,,
gbm,PerRI,periop_infection,all_eval_pop_normal,all,1927,58,0.393,7,,
gbm,PerRI,periop_infection,all_eval_pop_normal,all,1927,58,0.393,all,,
gbm,PerRI,prolonged_los,all,BMP,1881,1360,0.6018,1,,
gbm,PerRI,prolonged_los,all,BMP,1881,1360,0.6018,14,,
gbm,PerRI,prolonged_los,all,BMP,1881,1360,0.6018,2,,
gbm,PerRI,prolonged_los,all,BMP,1881,1360,0.6018,30,,
gbm,PerRI,prolonged_los,all,BMP,1881,1360,0.6018,7,,
gbm,PerRI,prolonged_los,all,BMP,1881,1360,0.6018,all,,
gbm,PerRI,prolonged_los,all,CBC,1893,1360,0.5744,1,,
gbm,PerRI,prolonged_los,all,CBC,1893,1360,0.5744,14,,
gbm,PerRI,prolonged_los,all,CBC,1893,1360,0.5744,2,,
gbm,PerRI,prolonged_los,all,CBC,1893,1360,0.5744,30,,
gbm,PerRI,prolonged_los,all,CBC,1893,1360,0.5744,7,,
gbm,PerRI,prolonged_los,all,CBC,1893,1360,0.5744,all,,
gbm,PerRI,prolonged_los,all,HFP,1469,1143,0.5687,1,,
gbm,PerRI,prolonged_los,all,HFP,1469,1143,0.5687,14,,
gbm,PerRI,prolonged_los,all,HFP,1469,1143,0.5687,2,,
gbm,PerRI,prolonged_los,all,HFP,1469,1143,0.5687,30,,
gbm,PerRI,prolonged_los,all,HFP,1469,1143,0.5687,7,,
gbm,PerRI,prolonged_los,all,HFP,1469,1143,0.5687,all,,
gbm,PerRI,prolonged_los,all,all,1952,1390,0.6282,1,,
gbm,PerRI,prolonged_los,all,all,1952,1390,0.6282,14,,
gbm,PerRI,prolonged_los,all,all,1952,1390,0.6282,2,,
gbm,PerRI,prolonged_los,all,all,1952,1390,0.6282,30,,
gbm,PerRI,prolonged_los,all,all,1952,1390,0.6282,7,,
gbm,PerRI,prolonged_los,all,all,1952,1390,0.6282,all,,
gbm,PerRI,prolonged_los,all_eval_pop_normal,BMP,1880,1360,0.6018,1,,
gbm,PerRI,prolonged_los,all_eval_pop_normal,BMP,1880,1360,0.6018,14,,
gbm,PerRI,prolonged_los,all_eval_pop_normal,BMP,1880,1360,0.6018,2,,
gbm,PerRI,prolonged_los,all_eval_pop_normal,BMP,1880,1360,0.6018,30,,
gbm,PerRI,prolonged_los,all_eval_pop_normal,BMP,1880,1360,0.6018,7,,
gbm,PerRI,prolonged_los,all_eval_pop_normal,BMP,1880,1360,0.6018,all,,
gbm,PerRI,prolonged_los,all_eval_pop_normal,CBC,1892,1360,0.5744,1,,
gbm,PerRI,prolonged_los,all_eval_pop_normal,CBC,1892,1360,0.5744,14,,
gbm,PerRI,prolonged_los,all_eval_pop_normal,CBC,1892,1360,0.5744,2,,
gbm,PerRI,prolonged_los,all_eval_pop_normal,CBC,1892,1360,0.5744,30,,
gbm,PerRI,prolonged_los,all_eval_pop_normal,CBC,1892,1360,0.5744,7,,
gbm,PerRI,prolonged_los,all_eval_pop_normal,CBC,1892,1360,0.5744,all,,
gbm,PerRI,prolonged_los,all_eval_pop_normal,HFP,1468,1143,0.5687,1,,
gbm,PerRI,prolonged_los,all_eval_pop_normal,HFP,1468,1143,0.5687,14,,
gbm,PerRI,prolonged_los,all_eval_pop_normal,HFP,1468,1143,0.5687,2,,
gbm,PerRI,prolonged_los,all_eval_pop_normal,HFP,1468,1143,0.5687,30,,
gbm,PerRI,prolonged_los,all_eval_pop_normal,HFP,1468,1143,0.5687,7,,
gbm,PerRI,prolonged_los,all_eval_pop_normal,HFP,1468,1143,0.5687,all,,
gbm,PerRI,prolonged_los,all_eval_pop_normal,all,1951,1390,0.6282,1,,
gbm,PerRI,prolonged_los,all_eval_pop_normal,all,1951,1390,0.6282,14,,
gbm,PerRI,prolonged_los,all_eval_pop_normal,all,1951,1390,0.6282,2,,
gbm,PerRI,prolonged_los,all_eval_pop_normal,all,1951,1390,0.6282,30,,
gbm,PerRI,prolonged_los,all_eval_pop_normal,all,1951,1390,0.6282,7,,
gbm,PerRI,prolonged_los,all_eval_pop_normal,all,1951,1390,0.6282,all,,
gbm,PerRI,unplanned_icu,all,BMP,1880,463,0.6047,1,,
gbm,PerRI,unplanned_icu,all,BMP,1880,463,0.6047,14,,
gbm,PerRI,unplanned_icu,all,BMP,1880,463,0.6047,2,,
gbm,PerRI,unplanned_icu,all,BMP,1880,463,0.6047,30,,
gbm,PerRI,unplanned_icu,all,BMP,1880,463,0.6047,7,,
gbm,PerRI,unplanned_icu,all,BMP,1880,463,0.6047,all,,
gbm,PerRI,unplanned_icu,all,CBC,1870,466,0.5159,1,,
gbm,PerRI,unplanned_icu,all,CBC,1870,466,0.5159,14,,
gbm,PerRI,unplanned_icu,all,CBC,1870,466,0.5159,2,,
gbm,PerRI,unplanned_icu,all,CBC,1870,466,0.5159,30,,
gbm,PerRI,unplanned_icu,all,CBC,1870,466,0.5159,7,,
gbm,PerRI,unplanned_icu,all,CBC,1870,466,0.5159,all,,
gbm,PerRI,unplanned_icu,all,HFP,1460,412,0.5278,1,,
gbm,PerRI,unplanned_icu,all,HFP,1460,412,0.5278,14,,
gbm,PerRI,unplanned_icu,all,HFP,1460,412,0.5278,2,,
gbm,PerRI,unplanned_icu,all,HFP,1460,412,0.5278,30,,
gbm,PerRI,unplanned_icu,all,HFP,1460,412,0.5278,7,,
gbm,PerRI,unplanned_icu,all,HFP,1460,412,0.5278,all,,
gbm,PerRI,unplanned_icu,all,all,1952,468,0.6278,1,,
gbm,PerRI,unplanned_icu,all,all,1952,468,0.6278,14,,
gbm,PerRI,unplanned_icu,all,all,1952,468,0.6278,2,,
gbm,PerRI,unplanned_icu,all,all,1952,468,0.6278,30,,
gbm,PerRI,unplanned_icu,all,all,1952,468,0.6278,7,,
gbm,PerRI,unplanned_icu,all,all,1952,468,0.6278,all,,
gbm,PerRI,unplanned_icu,all_eval_pop_normal,BMP,1880,463,0.6047,1,,
gbm,PerRI,unplanned_icu,all_eval_pop_normal,BMP,1880,463,0.6047,14,,
gbm,PerRI,unplanned_icu,all_eval_pop_normal,BMP,1880,463,0.6047,2,,
gbm,PerRI,unplanned_icu,all_eval_pop_normal,BMP,1880,463,0.6047,30,,
gbm,PerRI,unplanned_icu,all_eval_pop_normal,BMP,1880,463,0.6047,7,,
gbm,PerRI,unplanned_icu,all_eval_pop_normal,BMP,1880,463,0.6047,all,,
gbm,PerRI,unplanned_icu,all_eval_pop_normal,CBC,1869,466,0.516,1,,
gbm,PerRI,unplanned_icu,all_eval_pop_normal,CBC,1869,466,0.516,14,,
gbm,PerRI,unplanned_icu,all_eval_pop_normal,CBC,1869,466,0.516,2,,
gbm,PerRI,unplanned_icu,all_eval_pop_normal,CBC,1869,466,0.516,30,,
gbm,PerRI,unplanned_icu,all_eval_pop_normal,CBC,1869,466,0.516,7,,
gbm,PerRI,unplanned_icu,all_eval_pop_normal,CBC,1869,466,0.516,all,,
gbm,PerRI,unplanned_icu,all_eval_pop_normal,HFP,1460,412,0.5278,1,,
gbm,PerRI,unplanned_icu,all_eval_pop_normal,HFP,1460,412,0.5278,14,,
gbm,PerRI,unplanned_icu,all_eval_pop_normal,HFP,1460,412,0.5278,2,,
gbm,PerRI,unplanned_icu,all_eval_pop_normal,HFP,1460,412,0.5278,30,,
gbm,PerRI,unplanned_icu,all_eval_pop_normal,HFP,1460,412,0.5278,7,,
gbm,PerRI,unplanned_icu,all_eval_pop_normal,HFP,1460,412,0.5278,all,,
gbm,PerRI,unplanned_icu,all_eval_pop_normal,all,1951,468,0.6276,1,,
gbm,PerRI,unplanned_icu,all_eval_pop_normal,all,1951,468,0.6276,14,,
gbm,PerRI,unplanned_icu,all_eval_pop_normal,all,1951,468,0.6276,2,,
gbm,PerRI,unplanned_icu,all_eval_pop_normal,all,1951,468,0.6276,30,,
gbm,PerRI,unplanned_icu,all_eval_pop_normal,all,1951,468,0.6276,7,,
gbm,PerRI,unplanned_icu,all_eval_pop_normal,all,1951,468,0.6276,all,,
gbm,PopRI,mortality,all,BMP,1876,39,0.3918,1,,
gbm,PopRI,mortality,all,BMP,1876,39,0.3918,14,,
gbm,PopRI,mortality,all,BMP,1876,39,0.3918,2,,
gbm,PopRI,mortality,all,BMP,1876,39,0.3918,30,,
gbm,PopRI,mortality,all,BMP,1876,39,0.3918,7,,
gbm,PopRI,mortality,all,BMP,1876,39,0.3918,all,,
gbm,PopRI,mortality,all,CBC,1888,37,0.4612,1,,
gbm,PopRI,mortality,all,CBC,1888,37,0.4612,14,,
gbm,PopRI,mortality,all,CBC,1888,37,0.4612,2,,
gbm,PopRI,mortality,all,CBC,1888,37,0.4612,30,,
gbm,PopRI,mortality,all,CBC,1888,37,0.4612,7,,
gbm,PopRI,mortality,all,CBC,1888,37,0.4612,all,,
gbm,PopRI,mortality,all,HFP,1489,38,0.5581,1,,
gbm,PopRI,mortality,all,HFP,1489,38,0.5581,14,,
gbm,PopRI,mortality,all,HFP,1489,38,0.5581,2,,
gbm,PopRI,mortality,all,HFP,1489,38,0.5581,30,,
gbm,PopRI,mortality,all,HFP,1489,38,0.5581,7,,
gbm,PopRI,mortality,all,HFP,1489,38,0.5581,all,,
gbm,PopRI,mortality,all,all,1952,39,0.4683,1,,
gbm,PopRI,mortality,all,all,1952,39,0.4683,14,,
gbm,PopRI,mortality,all,all,1952,39,0.4683,2,,
gbm,PopRI,mortality,all,all,1952,39,0.4683,30,,
gbm,PopRI,mortality,all,all,1952,39,0.4683,7,,
gbm,PopRI,mortality,all,all,1952,39,0.4683,all,,
gbm,PopRI,mortality,all_eval_pop_normal,BMP,1874,39,0.3919,1,,
gbm,PopRI,mortality,all_eval_pop_normal,BMP,1874,39,0.3919,14,,
gbm,PopRI,mortality,all_eval_pop_normal,BMP,1874,39,0.3919,2,,
gbm,PopRI,mortality,all_eval_pop_normal,BMP,1874,39,0.3919,30,,
gbm,PopRI,mortality,all_eval_pop_normal,BMP,1874,39,0.3919,7,,
gbm,PopRI,mortality,all_eval_pop_normal,BMP,1874,39,0.3919,all,,
gbm,PopRI,mortality,all_eval_pop_normal,CBC,1885,37,0.4615,1,,
gbm,PopRI,mortality,all_eval_pop_normal,CBC,1885,37,0.4615,14,,
gbm,PopRI,mortality,all_eval_pop_normal,CBC,1885,37,0.4615,2,,
gbm,PopRI,mortality,all_eval_pop_normal,CBC,1885,37,0.4615,30,,
gbm,PopRI,mortality,all_eval_pop_normal,CBC,1885,37,0.4615,7,,
gbm,PopRI,mortality,all_eval_pop_normal,CBC,1885,37,0.4615,all,,
gbm,PopRI,mortality,all_eval_pop_normal,HFP,1489,38,0.5581,1,,
gbm,PopRI,mortality,all_eval_pop_normal,HFP,1489,38,0.5581,14,,
gbm,PopRI,mortality,all_eval_pop_normal,HFP,1489,38,0.5581,2,,
gbm,PopRI,mortality,all_eval_pop_normal,HFP,1489,38,0.5581,30,,
gbm,PopRI,mortality,all_eval_pop_normal,HFP,1489,38,0.5581,7,,
gbm,PopRI,mortality,all_eval_pop_normal,HFP,1489,38,0.5581,all,,
gbm,PopRI,mortality,all_eval_pop_normal,all,1949,39,0.4685,1,,
gbm,PopRI,mortality,all_eval_pop_normal,all,1949,39,0.4685,14,,
gbm,PopRI,mortality,all_eval_pop_normal,all,1949,39,0.4685,2,,
gbm,PopRI,mortality,all_eval_pop_normal,all,1949,39,0.4685,30,,
gbm,PopRI,mortality,all_eval_pop_normal,all,1949,39,0.4685,7,,
gbm,PopRI,mortality,all_eval_pop_normal,all,1949,39,0.4685,all,,
gbm,PopRI,periop_infection,all,BMP,1853,58,0.3507,1,,
gbm,PopRI,periop_infection,all,BMP,1853,58,0.3507,14,,
gbm,PopRI,periop_infection,all,BMP,1853,58,0.3507,2,,
gbm,PopRI,periop_infection,all,BMP,1853,58,0.3507,30,,
gbm,PopRI,periop_infection,all,BMP,1853,58,0.3507,7,,
gbm,PopRI,periop_infection,all,BMP,1853,58,0.3507,all,,
gbm,PopRI,periop_infection,all,CBC,1854,58,0.5445,1,,
gbm,PopRI,periop_infection,all,CBC,1854,58,0.5445,14,,
gbm,PopRI,periop_infection,all,CBC,1854,58,0.5445,2,,
gbm,PopRI,periop_infection,all,CBC,1854,58,0.5445,30,,
gbm,PopRI,periop_infection,all,CBC,1854,58,0.5445,7,,
gbm,PopRI,periop_infection,all,CBC,1854,58,0.5445,all,,
gbm,PopRI,periop_infection,all,HFP,1461,54,0.391,1,,
gbm,PopRI,periop_infection,all,HFP,1461,54,0.391,14,,
gbm,PopRI,periop_infection,all,HFP,1461,54,0.391,2,,
gbm,PopRI,periop_infection,all,HFP,1461,54,0.391,30,,
gbm,PopRI,periop_infection,all,HFP,1461,54,0.391,7,,
gbm,PopRI,periop_infection,all,HFP,1461,54,0.391,all,,
gbm,PopRI,periop_infection,all,all,1928,58,0.2404,1,,
gbm,PopRI,periop_infection,all,all,1928,58,0.2404,14,,
gbm,PopRI,periop_infection,all,all,1928,58,0.2404,2,,
gbm,PopRI,periop_infection,all,all,1928,58,0.2404,30,,
gbm,PopRI,periop_infection,all,all,1928,58,0.2404,7,,
gbm,PopRI,periop_infection,all,all,1928,58,0.2404,all,,
gbm,PopRI,periop_infection,all_eval_pop_normal,BMP,1853,58,0.3507,1,,
gbm,PopRI,periop_infection,all_eval_pop_normal,BMP,1853,58,0.3507,14,,
gbm,PopRI,periop_infection,all_eval_pop_normal,BMP,1853,58,0.3507,2,,
gbm,PopRI,periop_infection,all_eval_pop_normal,BMP,1853,58,0.3507,30,,
gbm,PopRI,periop_infection,all_eval_pop_normal,BMP,1853,58,0.3507,7,,
gbm,PopRI,periop_infection,all_eval_pop_normal,BMP,1853,58,0.3507,all,,
gbm,PopRI,periop_infection,all_eval_pop_normal,CBC,1853,58,0.5447,1,,
gbm,PopRI,periop_infection,all_eval_pop_normal,CBC,1853,58,0.5447,14,,
gbm,PopRI,periop_infection,all_eval_pop_normal,CBC,1853,58,0.5447,2,,
gbm,PopRI,periop_infection,all_eval_pop_normal,CBC,1853,58,0.5447,30,,
gbm,PopRI,periop_infection,all_eval_pop_normal,CBC,1853,58,0.5447,7,,
gbm,PopRI,periop_infection,all_eval_pop_normal,CBC,1853,58,0.5447,all,,
gbm,PopRI,periop_infection,all_eval_pop_normal,HFP,1461,54,0.391,1,,
gbm,PopRI,periop_infection,all_eval_pop_normal,HFP,1461,54,0.391,14,,
gbm,PopRI,periop_infection,all_eval_pop_normal,HFP,1461,54,0.391,2,,
gbm,PopRI,periop_infection,all_eval_pop_normal,HFP,1461,54,0.391,30,,
gbm,PopRI,periop_infection,all_eval_pop_normal,HFP,1461,54,0.391,7,,
gbm,PopRI,periop_infection,all_eval_pop_normal,HFP,1461,54,0.391,all,,
gbm,PopRI,periop_infection,all_eval_pop_normal,all,1927,58,0.2404,1,,
gbm,PopRI,periop_infection,all_eval_pop_normal,all,1927,58,0.2404,14,,
gbm,PopRI,periop_infection,all_eval_pop_normal,all,1927,58,0.2404,2,,
gbm,PopRI,periop_infection,all_eval_pop_normal,all,1927,58,0.2404,30,,
gbm,PopRI,periop_infection,all_eval_pop_normal,all,1927,58,0.2404,7,,
gbm,PopRI,periop_infection,all_eval_pop_normal,all,1927,58,0.2404,all,,
gbm,PopRI,prolonged_los,all,BMP,1881,1360,0.6013,1,,
gbm,PopRI,prolonged_los,all,BMP,1881,1360,0.6013,14,,
gbm,PopRI,prolonged_los,all,BMP,1881,1360,0.6013,2,,
gbm,PopRI,prolonged_los,all,BMP,1881,1360,0.6013,30,,
gbm,PopRI,prolonged_los,all,BMP,1881,1360,0.6013,7,,
gbm,PopRI,prolonged_los,all,BMP,1881,1360,0.6013,all,,
gbm,PopRI,prolonged_los,all,CBC,1893,1360,0.5993,1,,
gbm,PopRI,prolonged_los,all,CBC,1893,1360,0.5993,14,,
gbm,PopRI,prolonged_los,all,CBC,1893,1360,0.5993,2,,
gbm,PopRI,prolonged_los,all,CBC,1893,1360,0.5993,30,,
gbm,PopRI,prolonged_los,all,CBC,1893,1360,0.5993,7,,
gbm,PopRI,prolonged_los,all,CBC,1893,1360,0.5993,all,,
gbm,PopRI,prolonged_los,all,HFP,1469,1143,0.5778,1,,
gbm,PopRI,prolonged_los,all,HFP,1469,1143,0.5778,14,,
gbm,PopRI,prolonged_los,all,HFP,1469,1143,0.5778,2,,
gbm,PopRI,prolonged_los,all,HFP,1469,1143,0.5778,30,,
gbm,PopRI,prolonged_los,all,HFP,1469,1143,0.5778,7,,
gbm,PopRI,prolonged_los,all,HFP,1469,1143,0.5778,all,,
gbm,PopRI,prolonged_los,all,all,1952,1390,0.6393,1,,
gbm,PopRI,prolonged_los,all,all,1952,1390,0.6393,14,,
gbm,PopRI,prolonged_los,all,all,1952,1390,0.6393,2,,
gbm,PopRI,prolonged_los,all,all,1952,1390,0.6393,30,,
gbm,PopRI,prolonged_los,all,all,1952,1390,0.6393,7,,
gbm,PopRI,prolonged_los,all,all,1952,1390,0.6393,all,,
gbm,PopRI,prolonged_los,all_eval_pop_normal,BMP,1880,1360,0.6013,1,,
gbm,PopRI,prolonged_los,all_eval_pop_normal,BMP,1880,1360,0.6013,14,,
gbm,PopRI,prolonged_los,all_eval_pop_normal,BMP,1880,1360,0.6013,2,,
gbm,PopRI,prolonged_los,all_eval_pop_normal,BMP,1880,1360,0.6013,30,,
gbm,PopRI,prolonged_los,all_eval_pop_normal,BMP,1880,1360,0.6013,7,,
gbm,PopRI,prolonged_los,all_eval_pop_normal,BMP,1880,1360,0.6013,all,,
gbm,PopRI,prolonged_los,all_eval_pop_normal,CBC,1892,1360,0.5993,1,,
gbm,PopRI,prolonged_los,all_eval_pop_normal,CBC,1892,1360,0.5993,14,,
gbm,PopRI,prolonged_los,all_eval_pop_normal,CBC,1892,1360,0.5993,2,,
gbm,PopRI,prolonged_los,all_eval_pop_normal,CBC,1892,1360,0.5993,30,,
gbm,PopRI,prolonged_los,all_eval_pop_normal,CBC,1892,1360,0.5993,7,,
gbm,PopRI,prolonged_los,all_eval_pop_normal,CBC,1892,1360,0.5993,all,,
gbm,PopRI,prolonged_los,all_eval_pop_normal,HFP,1468,1143,0.5778,1,,
gbm,PopRI,prolonged_los,all_eval_pop_normal,HFP,1468,1143,0.5778,14,,
gbm,PopRI,prolonged_los,all_eval_pop_normal,HFP,1468,1143,0.5778,2,,
gbm,PopRI,prolonged_los,all_eval_pop_normal,HFP,1468,1143,0.5778,30,,
gbm,PopRI,prolonged_los,all_eval_pop_normal,HFP,1468,1143,0.5778,7,,
gbm,PopRI,prolonged_los,all_eval_pop_normal,HFP,1468,1143,0.5778,all,,
gbm,PopRI,prolonged_los,all_eval_pop_normal,all,1951,1390,0.6393,1,,
gbm,PopRI,prolonged_los,all_eval_pop_normal,all,1951,1390,0.6393,14,,
gbm,PopRI,prolonged_los,all_eval_pop_normal,all,1951,1390,0.6393,2,,
gbm,PopRI,prolonged_los,all_eval_pop_normal,all,1951,1390,0.6393,30,,
gbm,PopRI,prolonged_los,all_eval_pop_normal,all,1951,1390,0.6393,7,,
gbm,PopRI,prolonged_los,all_eval_pop_normal,all,1951,1390,0.6393,all,,
gbm,PopRI,unplanned_icu,all,BMP,1880,463,0.5866,1,,
gbm,PopRI,unplanned_icu,all,BMP,1880,463,0.5866,14,,
gbm,PopRI,unplanned_icu,all,BMP,1880,463,0.5866,2,,
gbm,PopRI,unplanned_icu,all,BMP,1880,463,0.5866,30,,
gbm,PopRI,unplanned_icu,all,BMP,1880,463,0.5866,7,,
gbm,PopRI,unplanned_icu,all,BMP,1880,463,0.5866,all,,
gbm,PopRI,unplanned_icu,all,CBC,1870,466,0.5391,1,,
gbm,PopRI,unplanned_icu,all,CBC,1870,466,0.5391,14,,
gbm,PopRI,unplanned_icu,all,CBC,1870,466,0.5391,2,,
gbm,PopRI,unplanned_icu,all,CBC,1870,466,0.5391,30,,
gbm,PopRI,unplanned_icu,all,CBC,1870,466,0.5391,7,,
gbm,PopRI,unplanned_icu,all,CBC,1870,466,0.5391,all,,
gbm,PopRI,unplanned_icu,all,HFP,1460,412,0.5046,1,,
gbm,PopRI,unplanned_icu,all,HFP,1460,412,0.5046,14,,
gbm,PopRI,unplanned_icu,all,HFP,1460,412,0.5046,2,,
gbm,PopRI,unplanned_icu,all,HFP,1460,412,0.5046,30,,
gbm,PopRI,unplanned_icu,all,HFP,1460,412,0.5046,7,,
gbm,PopRI,unplanned_icu,all,HFP,1460,412,0.5046,all,,
gbm,PopRI,unplanned_icu,all,all,1952,468,0.6005,1,,
gbm,PopRI,unplanned_icu,all,all,1952,468,0.6005,14,,
gbm,PopRI,unplanned_icu,all,all,1952,468,0.6005,2,,
gbm,PopRI,unplanned_icu,all,all,1952,468,0.6005,30,,
gbm,PopRI,unplanned_icu,all,all,1952,468,0.6005,7,,
gbm,PopRI,unplanned_icu,all,all,1952,468,0.6005,all,,
gbm,PopRI,unplanned_icu,all_eval_pop_normal,BMP,1880,463,0.5866,1,,
gbm,PopRI,unplanned_icu,all_eval_pop_normal,BMP,1880,463,0.5866,14,,
gbm,PopRI,unplanned_icu,all_eval_pop_normal,BMP,1880,463,0.5866,2,,
gbm,PopRI,unplanned_icu,all_eval_pop_normal,BMP,1880,463,0.5866,30,,
gbm,PopRI,unplanned_icu,all_eval_pop_normal,BMP,1880,463,0.5866,7,,
gbm,PopRI,unplanned_icu,all_eval_pop_normal,BMP,1880,463,0.5866,all,,
gbm,PopRI,unplanned_icu,all_eval_pop_normal,CBC,1869,466,0.5394,1,,
gbm,PopRI,unplanned_icu,all_eval_pop_normal,CBC,1869,466,0.5394,14,,
gbm,PopRI,unplanned_icu,all_eval_pop_normal,CBC,1869,466,0.5394,2,,
gbm,PopRI,unplanned_icu,all_eval_pop_normal,CBC,1869,466,0.5394,30,,
gbm,PopRI,unplanned_icu,all_eval_pop_normal,CBC,1869,466,0.5394,7,,
gbm,PopRI,unplanned_icu,all_eval_pop_normal,CBC,1869,466,0.5394,all,,
gbm,PopRI,unplanned_icu,all_eval_pop_normal,HFP,1460,412,0.5046,1,,
gbm,PopRI,unplanned_icu,all_eval_pop_normal,HFP,1460,412,0.5046,14,,
gbm,PopRI,unplanned_icu,all_eval_pop_normal,HFP,1460,412,0.5046,2,,
gbm,PopRI,unplanned_icu,all_eval_pop_normal,HFP,1460,412,0.5046,30,,
gbm,PopRI,unplanned_icu,all_eval_pop_normal,HFP,1460,412,0.5046,7,,
gbm,PopRI,unplanned_icu,all_eval_pop_normal,HFP,1460,412,0.5046,all,,
gbm,PopRI,unplanned_icu,all_eval_pop_normal,all,1951,468,0.6007,1,,
gbm,PopRI,unplanned_icu,all_eval_pop_normal,all,1951,468,0.6007,14,,
gbm,PopRI,unplanned_icu,all_eval_pop_normal,all,1951,468,0.6007,2,,
gbm,PopRI,unplanned_icu,all_eval_pop_normal,all,1951,468,0.6007,30,,
gbm,PopRI,unplanned_icu,all_eval_pop_normal,all,1951,468,0.6007,7,,
gbm,PopRI,unplanned_icu,all_eval_pop_normal,all,1951,468,0.6007,all,,
penalized_cox,Cohen_m2,mortality,all,all,1690,22,0.9084,1,0.789,0.9825
penalized_cox,Cohen_m2,mortality,all,all,1690,22,0.9084,14,0.789,0.9825
penalized_cox,Cohen_m2,mortality,all,all,1690,22,0.9084,2,0.789,0.9825
penalized_cox,Cohen_m2,mortality,all,all,1690,22,0.9084,30,0.789,0.9825
penalized_cox,Cohen_m2,mortality,all,all,1690,22,0.9084,7,0.789,0.9825
penalized_cox,Cohen_m2,mortality,all,all,1690,22,0.9084,all,0.789,0.9825
penalized_cox,Cohen_m2,mortality,all_eval_pop_normal,all,1690,22,0.9084,1,0.789,0.9825
penalized_cox,Cohen_m2,mortality,all_eval_pop_normal,all,1690,22,0.9084,14,0.789,0.9825
penalized_cox,Cohen_m2,mortality,all_eval_pop_normal,all,1690,22,0.9084,2,0.789,0.9825
penalized_cox,Cohen_m2,mortality,all_eval_pop_normal,all,1690,22,0.9084,30,0.789,0.9825
penalized_cox,Cohen_m2,mortality,all_eval_pop_normal,all,1690,22,0.9084,7,0.789,0.9825
penalized_cox,Cohen_m2,mortality,all_eval_pop_normal,all,1690,22,0.9084,all,0.789,0.9825
penalized_cox,Cohen_m2,periop_infection,all,all,1672,28,0.4745,1,0.2041,0.6805
penalized_cox,Cohen_m2,periop_infection,all,all,1672,28,0.4745,14,0.2041,0.6805
penalized_cox,Cohen_m2,periop_infection,all,all,1672,28,0.4745,2,0.2041,0.6805
penalized_cox,Cohen_m2,periop_infection,all,all,1672,28,0.4745,30,0.2041,0.6805
penalized_cox,Cohen_m2,periop_infection,all,all,1672,28,0.4745,7,0.2041,0.6805
penalized_cox,Cohen_m2,periop_infection,all,all,1672,28,0.4745,all,0.2041,0.6805
penalized_cox,Cohen_m2,periop_infection,all_eval_pop_normal,all,1672,28,0.4745,1,0.2041,0.6805
penalized_cox,Cohen_m2,periop_infection,all_eval_pop_normal,all,1672,28,0.4745,14,0.2041,0.6805
penalized_cox,Cohen_m2,periop_infection,all_eval_pop_normal,all,1672,28,0.4745,2,0.2041,0.6805
penalized_cox,Cohen_m2,periop_infection,all_eval_pop_normal,all,1672,28,0.4745,30,0.2041,0.6805
penalized_cox,Cohen_m2,periop_infection,all_eval_pop_normal,all,1672,28,0.4745,7,0.2041,0.6805
penalized_cox,Cohen_m2,periop_infection,all_eval_pop_normal,all,1672,28,0.4745,all,0.2041,0.6805
penalized_cox,Cohen_m2,prolonged_los,all,all,1690,1272,0.5689,1,0.5495,0.5902
penalized_cox,Cohen_m2,prolonged_los,all,all,1690,1272,0.5689,14,0.5495,0.5902
penalized_cox,Cohen_m2,prolonged_los,all,all,1690,1272,0.5689,2,0.5495,0.5902
penalized_cox,Cohen_m2,prolonged_los,all,all,1690,1272,0.5689,30,0.5495,0.5902
penalized_cox,Cohen_m2,prolonged_los,all,all,1690,1272,0.5689,7,0.5495,0.5902
penalized_cox,Cohen_m2,prolonged_los,all,all,1690,1272,0.5689,all,0.5495,0.5902
penalized_cox,Cohen_m2,prolonged_los,all_eval_pop_normal,all,1690,1272,0.5689,1,0.5495,0.5902
penalized_cox,Cohen_m2,prolonged_los,all_eval_pop_normal,all,1690,1272,0.5689,14,0.5495,0.5902
penalized_cox,Cohen_m2,prolonged_los,all_eval_pop_normal,all,1690,1272,0.5689,2,0.5495,0.5902
penalized_cox,Cohen_m2,prolonged_los,all_eval_pop_normal,all,1690,1272,0.5689,30,0.5495,0.5902
penalized_cox,Cohen_m2,prolonged_los,all_eval_pop_normal,all,1690,1272,0.5689,7,0.5495,0.5902
penalized_cox,Cohen_m2,prolonged_los,all_eval_pop_normal,all,1690,1272,0.5689,all,0.5495,0.5902
penalized_cox,Cohen_m2,unplanned_icu,all,all,1690,243,0.7401,1,0.7054,0.7691
penalized_cox,Cohen_m2,unplanned_icu,all,all,1690,243,0.7401,14,0.7054,0.7691
penalized_cox,Cohen_m2,unplanned_icu,all,all,1690,243,0.7401,2,0.7054,0.7691
penalized_cox,Cohen_m2,unplanned_icu,all,all,1690,243,0.7401,30,0.7054,0.7691
penalized_cox,Cohen_m2,unplanned_icu,all,all,1690,243,0.7401,7,0.7054,0.7691
penalized_cox,Cohen_m2,unplanned_icu,all,all,1690,243,0.7401,all,0.7054,0.7691
penalized_cox,Cohen_m2,unplanned_icu,all_eval_pop_normal,all,1690,243,0.7401,1,0.7054,0.7691
penalized_cox,Cohen_m2,unplanned_icu,all_eval_pop_normal,all,1690,243,0.7401,14,0.7054,0.7691
penalized_cox,Cohen_m2,unplanned_icu,all_eval_pop_normal,all,1690,243,0.7401,2,0.7054,0.7691
penalized_cox,Cohen_m2,unplanned_icu,all_eval_pop_normal,all,1690,243,0.7401,30,0.7054,0.7691
penalized_cox,Cohen_m2,unplanned_icu,all_eval_pop_normal,all,1690,243,0.7401,7,0.7054,0.7691
penalized_cox,Cohen_m2,unplanned_icu,all_eval_pop_normal,all,1690,243,0.7401,all,0.7054,0.7691
penalized_cox,Cohen_m3,mortality,all,all,1690,22,0.9092,1,0.7877,0.9834
penalized_cox,Cohen_m3,mortality,all,all,1690,22,0.9092,14,0.7877,0.9834
penalized_cox,Cohen_m3,mortality,all,all,1690,22,0.9092,2,0.7877,0.9834
penalized_cox,Cohen_m3,mortality,all,all,1690,22,0.9092,30,0.7877,0.9834
penalized_cox,Cohen_m3,mortality,all,all,1690,22,0.9092,7,0.7877,0.9834
penalized_cox,Cohen_m3,mortality,all,all,1690,22,0.9092,all,0.7877,0.9834
penalized_cox,Cohen_m3,mortality,all_eval_pop_normal,all,1690,22,0.9092,1,0.7877,0.9834
penalized_cox,Cohen_m3,mortality,all_eval_pop_normal,all,1690,22,0.9092,14,0.7877,0.9834
penalized_cox,Cohen_m3,mortality,all_eval_pop_normal,all,1690,22,0.9092,2,0.7877,0.9834
penalized_cox,Cohen_m3,mortality,all_eval_pop_normal,all,1690,22,0.9092,30,0.7877,0.9834
penalized_cox,Cohen_m3,mortality,all_eval_pop_normal,all,1690,22,0.9092,7,0.7877,0.9834
penalized_cox,Cohen_m3,mortality,all_eval_pop_normal,all,1690,22,0.9092,all,0.7877,0.9834
penalized_cox,Cohen_m3,periop_infection,all,all,1672,28,0.4503,1,0.3047,0.5654
penalized_cox,Cohen_m3,periop_infection,all,all,1672,28,0.4503,14,0.3047,0.5654
penalized_cox,Cohen_m3,periop_infection,all,all,1672,28,0.4503,2,0.3047,0.5654
penalized_cox,Cohen_m3,periop_infection,all,all,1672,28,0.4503,30,0.3047,0.5654
penalized_cox,Cohen_m3,periop_infection,all,all,1672,28,0.4503,7,0.3047,0.5654
penalized_cox,Cohen_m3,periop_infection,all,all,1672,28,0.4503,all,0.3047,0.5654
penalized_cox,Cohen_m3,periop_infection,all_eval_pop_normal,all,1672,28,0.4503,1,0.3047,0.5654
penalized_cox,Cohen_m3,periop_infection,all_eval_pop_normal,all,1672,28,0.4503,14,0.3047,0.5654
penalized_cox,Cohen_m3,periop_infection,all_eval_pop_normal,all,1672,28,0.4503,2,0.3047,0.5654
penalized_cox,Cohen_m3,periop_infection,all_eval_pop_normal,all,1672,28,0.4503,30,0.3047,0.5654
penalized_cox,Cohen_m3,periop_infection,all_eval_pop_normal,all,1672,28,0.4503,7,0.3047,0.5654
penalized_cox,Cohen_m3,periop_infection,all_eval_pop_normal,all,1672,28,0.4503,all,0.3047,0.5654
penalized_cox,Cohen_m3,prolonged_los,all,all,1690,1272,0.5836,1,0.5645,0.6037
penalized_cox,Cohen_m3,prolonged_los,all,all,1690,1272,0.5836,14,0.5645,0.6037
penalized_cox,Cohen_m3,prolonged_los,all,all,1690,1272,0.5836,2,0.5645,0.6037
penalized_cox,Cohen_m3,prolonged_los,all,all,1690,1272,0.5836,30,0.5645,0.6037
penalized_cox,Cohen_m3,prolonged_los,all,all,1690,1272,0.5836,7,0.5645,0.6037
penalized_cox,Cohen_m3,prolonged_los,all,all,1690,1272,0.5836,all,0.5645,0.6037
penalized_cox,Cohen_m3,prolonged_los,all_eval_pop_normal,all,1690,1272,0.5836,1,0.5645,0.6037
penalized_cox,Cohen_m3,prolonged_los,all_eval_pop_normal,all,1690,1272,0.5836,14,0.5645,0.6037
penalized_cox,Cohen_m3,prolonged_los,all_eval_pop_normal,all,1690,1272,0.5836,2,0.5645,0.6037
penalized_cox,Cohen_m3,prolonged_los,all_eval_pop_normal,all,1690,1272,0.5836,30,0.5645,0.6037
penalized_cox,Cohen_m3,prolonged_los,all_eval_pop_normal,all,1690,1272,0.5836,7,0.5645,0.6037
penalized_cox,Cohen_m3,prolonged_los,all_eval_pop_normal,all,1690,1272,0.5836,all,0.5645,0.6037
penalized_cox,Cohen_m3,unplanned_icu,all,all,1690,243,0.7435,1,0.7126,0.7753
penalized_cox,Cohen_m3,unplanned_icu,all,all,1690,243,0.7435,14,0.7126,0.7753
penalized_cox,Cohen_m3,unplanned_icu,all,all,1690,243,0.7435,2,0.7126,0.7753
penalized_cox,Cohen_m3,unplanned_icu,all,all,1690,243,0.7435,30,0.7126,0.7753
penalized_cox,Cohen_m3,unplanned_icu,all,all,1690,243,0.7435,7,0.7126,0.7753
penalized_cox,Cohen_m3,unplanned_icu,all,all,1690,243,0.7435,all,0.7126,0.7753
penalized_cox,Cohen_m3,unplanned_icu,all_eval_pop_normal,all,1690,243,0.7435,1,0.7126,0.7753
penalized_cox,Cohen_m3,unplanned_icu,all_eval_pop_normal,all,1690,243,0.7435,14,0.7126,0.7753
penalized_cox,Cohen_m3,unplanned_icu,all_eval_pop_normal,all,1690,243,0.7435,2,0.7126,0.7753
penalized_cox,Cohen_m3,unplanned_icu,all_eval_pop_normal,all,1690,243,0.7435,30,0.7126,0.7753
penalized_cox,Cohen_m3,unplanned_icu,all_eval_pop_normal,all,1690,243,0.7435,7,0.7126,0.7753
penalized_cox,Cohen_m3,unplanned_icu,all_eval_pop_normal,all,1690,243,0.7435,all,0.7126,0.7753
penalized_cox,Cohen_m4,mortality,all,all,1690,22,0.9151,1,0.7926,0.9874
penalized_cox,Cohen_m4,mortality,all,all,1690,22,0.9151,14,0.7926,0.9874
penalized_cox,Cohen_m4,mortality,all,all,1690,22,0.9151,2,0.7926,0.9874
penalized_cox,Cohen_m4,mortality,all,all,1690,22,0.9151,30,0.7926,0.9874
penalized_cox,Cohen_m4,mortality,all,all,1690,22,0.9151,7,0.7926,0.9874
penalized_cox,Cohen_m4,mortality,all,all,1690,22,0.9151,all,0.7926,0.9874
penalized_cox,Cohen_m4,mortality,all_eval_pop_normal,all,1690,22,0.9151,1,0.7926,0.9874
penalized_cox,Cohen_m4,mortality,all_eval_pop_normal,all,1690,22,0.9151,14,0.7926,0.9874
penalized_cox,Cohen_m4,mortality,all_eval_pop_normal,all,1690,22,0.9151,2,0.7926,0.9874
penalized_cox,Cohen_m4,mortality,all_eval_pop_normal,all,1690,22,0.9151,30,0.7926,0.9874
penalized_cox,Cohen_m4,mortality,all_eval_pop_normal,all,1690,22,0.9151,7,0.7926,0.9874
penalized_cox,Cohen_m4,mortality,all_eval_pop_normal,all,1690,22,0.9151,all,0.7926,0.9874
penalized_cox,Cohen_m4,periop_infection,all,all,1672,28,0.5961,1,0.5276,0.7214
penalized_cox,Cohen_m4,periop_infection,all,all,1672,28,0.5961,14,0.5276,0.7214
penalized_cox,Cohen_m4,periop_infection,all,all,1672,28,0.5961,2,0.5276,0.7214
penalized_cox,Cohen_m4,periop_infection,all,all,1672,28,0.5961,30,0.5276,0.7214
penalized_cox,Cohen_m4,periop_infection,all,all,1672,28,0.5961,7,0.5276,0.7214
penalized_cox,Cohen_m4,periop_infection,all,all,1672,28,0.5961,all,0.5276,0.7214
penalized_cox,Cohen_m4,periop_infection,all_eval_pop_normal,all,1672,28,0.5961,1,0.5276,0.7214
penalized_cox,Cohen_m4,periop_infection,all_eval_pop_normal,all,1672,28,0.5961,14,0.5276,0.7214
penalized_cox,Cohen_m4,periop_infection,all_eval_pop_normal,all,1672,28,0.5961,2,0.5276,0.7214
penalized_cox,Cohen_m4,periop_infection,all_eval_pop_normal,all,1672,28,0.5961,30,0.5276,0.7214
penalized_cox,Cohen_m4,periop_infection,all_eval_pop_normal,all,1672,28,0.5961,7,0.5276,0.7214
penalized_cox,Cohen_m4,periop_infection,all_eval_pop_normal,all,1672,28,0.5961,all,0.5276,0.7214
penalized_cox,Cohen_m4,prolonged_los,all,all,1690,1272,0.5689,1,0.5506,0.592
penalized_cox,Cohen_m4,prolonged_los,all,all,1690,1272,0.5689,14,0.5506,0.592
penalized_cox,Cohen_m4,prolonged_los,all,all,1690,1272,0.5689,2,0.5506,0.592
penalized_cox,Cohen_m4,prolonged_los,all,all,1690,1272,0.5689,30,0.5506,0.592
penalized_cox,Cohen_m4,prolonged_los,all,all,1690,1272,0.5689,7,0.5506,0.592
penalized_cox,Cohen_m4,prolonged_los,all,all,1690,1272,0.5689,all,0.5506,0.592
penalized_cox,Cohen_m4,prolonged_los,all_eval_pop_normal,all,1690,1272,0.5689,1,0.5506,0.592
penalized_cox,Cohen_m4,prolonged_los,all_eval_pop_normal,all,1690,1272,0.5689,14,0.5506,0.592
penalized_cox,Cohen_m4,prolonged_los,all_eval_pop_normal,all,1690,1272,0.5689,2,0.5506,0.592
penalized_cox,Cohen_m4,prolonged_los,all_eval_pop_normal,all,1690,1272,0.5689,30,0.5506,0.592
penalized_cox,Cohen_m4,prolonged_los,all_eval_pop_normal,all,1690,1272,0.5689,7,0.5506,0.592
penalized_cox,Cohen_m4,prolonged_los,all_eval_pop_normal,all,1690,1272,0.5689,all,0.5506,0.592
penalized_cox,Cohen_m4,unplanned_icu,all,all,1690,243,0.7369,1,0.7093,0.7643
penalized_cox,Cohen_m4,unplanned_icu,all,all,1690,243,0.7369,14,0.7093,0.7643
penalized_cox,Cohen_m4,unplanned_icu,all,all,1690,243,0.7369,2,0.7093,0.7643
penalized_cox,Cohen_m4,unplanned_icu,all,all,1690,243,0.7369,30,0.7093,0.7643
penalized_cox,Cohen_m4,unplanned_icu,all,all,1690,243,0.7369,7,0.7093,0.7643
penalized_cox,Cohen_m4,unplanned_icu,all,all,1690,243,0.7369,all,0.7093,0.7643
penalized_cox,Cohen_m4,unplanned_icu,all_eval_pop_normal,all,1690,243,0.7369,1,0.7093,0.7643
penalized_cox,Cohen_m4,unplanned_icu,all_eval_pop_normal,all,1690,243,0.7369,14,0.7093,0.7643
penalized_cox,Cohen_m4,unplanned_icu,all_eval_pop_normal,all,1690,243,0.7369,2,0.7093,0.7643
penalized_cox,Cohen_m4,unplanned_icu,all_eval_pop_normal,all,1690,243,0.7369,30,0.7093,0.7643
penalized_cox,Cohen_m4,unplanned_icu,all_eval_pop_normal,all,1690,243,0.7369,7,0.7093,0.7643
penalized_cox,Cohen_m4,unplanned_icu,all_eval_pop_normal,all,1690,243,0.7369,all,0.7093,0.7643
penalized_cox,Gaussian_eb,mortality,all,all,1690,22,0.904,1,0.8028,0.9653
penalized_cox,Gaussian_eb,mortality,all,all,1690,22,0.904,14,0.8028,0.9653
penalized_cox,Gaussian_eb,mortality,all,all,1690,22,0.904,2,0.8028,0.9653
penalized_cox,Gaussian_eb,mortality,all,all,1690,22,0.904,30,0.8028,0.9653
penalized_cox,Gaussian_eb,mortality,all,all,1690,22,0.904,7,0.8028,0.9653
penalized_cox,Gaussian_eb,mortality,all,all,1690,22,0.904,all,0.8028,0.9653
penalized_cox,Gaussian_eb,mortality,all_eval_pop_normal,all,1690,22,0.904,1,0.8028,0.9653
penalized_cox,Gaussian_eb,mortality,all_eval_pop_normal,all,1690,22,0.904,14,0.8028,0.9653
penalized_cox,Gaussian_eb,mortality,all_eval_pop_normal,all,1690,22,0.904,2,0.8028,0.9653
penalized_cox,Gaussian_eb,mortality,all_eval_pop_normal,all,1690,22,0.904,30,0.8028,0.9653
penalized_cox,Gaussian_eb,mortality,all_eval_pop_normal,all,1690,22,0.904,7,0.8028,0.9653
penalized_cox,Gaussian_eb,mortality,all_eval_pop_normal,all,1690,22,0.904,all,0.8028,0.9653
penalized_cox,Gaussian_eb,periop_infection,all,all,1672,28,0.4691,1,0.314,0.5785
penalized_cox,Gaussian_eb,periop_infection,all,all,1672,28,0.4691,14,0.314,0.5785
penalized_cox,Gaussian_eb,periop_infection,all,all,1672,28,0.4691,2,0.314,0.5785
penalized_cox,Gaussian_eb,periop_infection,all,all,1672,28,0.4691,30,0.314,0.5785
penalized_cox,Gaussian_eb,periop_infection,all,all,1672,28,0.4691,7,0.314,0.5785
penalized_cox,Gaussian_eb,periop_infection,all,all,1672,28,0.4691,all,0.314,0.5785
penalized_cox,Gaussian_eb,periop_infection,all_eval_pop_normal,all,1672,28,0.4691,1,0.314,0.5785
penalized_cox,Gaussian_eb,periop_infection,all_eval_pop_normal,all,1672,28,0.4691,14,0.314,0.5785
penalized_cox,Gaussian_eb,periop_infection,all_eval_pop_normal,all,1672,28,0.4691,2,0.314,0.5785
penalized_cox,Gaussian_eb,periop_infection,all_eval_pop_normal,all,1672,28,0.4691,30,0.314,0.5785
penalized_cox,Gaussian_eb,periop_infection,all_eval_pop_normal,all,1672,28,0.4691,7,0.314,0.5785
penalized_cox,Gaussian_eb,periop_infection,all_eval_pop_normal,all,1672,28,0.4691,all,0.314,0.5785
penalized_cox,Gaussian_eb,prolonged_los,all,all,1690,1272,0.5704,1,0.5498,0.5922
penalized_cox,Gaussian_eb,prolonged_los,all,all,1690,1272,0.5704,14,0.5498,0.5922
penalized_cox,Gaussian_eb,prolonged_los,all,all,1690,1272,0.5704,2,0.5498,0.5922
penalized_cox,Gaussian_eb,prolonged_los,all,all,1690,1272,0.5704,30,0.5498,0.5922
penalized_cox,Gaussian_eb,prolonged_los,all,all,1690,1272,0.5704,7,0.5498,0.5922
penalized_cox,Gaussian_eb,prolonged_los,all,all,1690,1272,0.5704,all,0.5498,0.5922
penalized_cox,Gaussian_eb,prolonged_los,all_eval_pop_normal,all,1690,1272,0.5704,1,0.5498,0.5922
penalized_cox,Gaussian_eb,prolonged_los,all_eval_pop_normal,all,1690,1272,0.5704,14,0.5498,0.5922
penalized_cox,Gaussian_eb,prolonged_los,all_eval_pop_normal,all,1690,1272,0.5704,2,0.5498,0.5922
penalized_cox,Gaussian_eb,prolonged_los,all_eval_pop_normal,all,1690,1272,0.5704,30,0.5498,0.5922
penalized_cox,Gaussian_eb,prolonged_los,all_eval_pop_normal,all,1690,1272,0.5704,7,0.5498,0.5922
penalized_cox,Gaussian_eb,prolonged_los,all_eval_pop_normal,all,1690,1272,0.5704,all,0.5498,0.5922
penalized_cox,Gaussian_eb,unplanned_icu,all,all,1690,243,0.7252,1,0.6943,0.7566
penalized_cox,Gaussian_eb,unplanned_icu,all,all,1690,243,0.7252,14,0.6943,0.7566
penalized_cox,Gaussian_eb,unplanned_icu,all,all,1690,243,0.7252,2,0.6943,0.7566
penalized_cox,Gaussian_eb,unplanned_icu,all,all,1690,243,0.7252,30,0.6943,0.7566
penalized_cox,Gaussian_eb,unplanned_icu,all,all,1690,243,0.7252,7,0.6943,0.7566
penalized_cox,Gaussian_eb,unplanned_icu,all,all,1690,243,0.7252,all,0.6943,0.7566
penalized_cox,Gaussian_eb,unplanned_icu,all_eval_pop_normal,all,1690,243,0.7252,1,0.6943,0.7566
penalized_cox,Gaussian_eb,unplanned_icu,all_eval_pop_normal,all,1690,243,0.7252,14,0.6943,0.7566
penalized_cox,Gaussian_eb,unplanned_icu,all_eval_pop_normal,all,1690,243,0.7252,2,0.6943,0.7566
penalized_cox,Gaussian_eb,unplanned_icu,all_eval_pop_normal,all,1690,243,0.7252,30,0.6943,0.7566
penalized_cox,Gaussian_eb,unplanned_icu,all_eval_pop_normal,all,1690,243,0.7252,7,0.6943,0.7566
penalized_cox,Gaussian_eb,unplanned_icu,all_eval_pop_normal,all,1690,243,0.7252,all,0.6943,0.7566
penalized_cox,Gaussian_mle,mortality,all,all,1690,22,0.9197,1,0.8129,0.9832
penalized_cox,Gaussian_mle,mortality,all,all,1690,22,0.9197,14,0.8129,0.9832
penalized_cox,Gaussian_mle,mortality,all,all,1690,22,0.9197,2,0.8129,0.9832
penalized_cox,Gaussian_mle,mortality,all,all,1690,22,0.9197,30,0.8129,0.9832
penalized_cox,Gaussian_mle,mortality,all,all,1690,22,0.9197,7,0.8129,0.9832
penalized_cox,Gaussian_mle,mortality,all,all,1690,22,0.9197,all,0.8129,0.9832
penalized_cox,Gaussian_mle,mortality,all_eval_pop_normal,all,1690,22,0.9197,1,0.8129,0.9832
penalized_cox,Gaussian_mle,mortality,all_eval_pop_normal,all,1690,22,0.9197,14,0.8129,0.9832
penalized_cox,Gaussian_mle,mortality,all_eval_pop_normal,all,1690,22,0.9197,2,0.8129,0.9832
penalized_cox,Gaussian_mle,mortality,all_eval_pop_normal,all,1690,22,0.9197,30,0.8129,0.9832
penalized_cox,Gaussian_mle,mortality,all_eval_pop_normal,all,1690,22,0.9197,7,0.8129,0.9832
penalized_cox,Gaussian_mle,mortality,all_eval_pop_normal,all,1690,22,0.9197,all,0.8129,0.9832
penalized_cox,Gaussian_mle,periop_infection,all,all,1672,28,0.415,1,0.2346,0.5589
penalized_cox,Gaussian_mle,periop_infection,all,all,1672,28,0.415,14,0.2346,0.5589
penalized_cox,Gaussian_mle,periop_infection,all,all,1672,28,0.415,2,0.2346,0.5589
penalized_cox,Gaussian_mle,periop_infection,all,all,1672,28,0.415,30,0.2346,0.5589
penalized_cox,Gaussian_mle,periop_infection,all,all,1672,28,0.415,7,0.2346,0.5589
penalized_cox,Gaussian_mle,periop_infection,all,all,1672,28,0.415,all,0.2346,0.5589
penalized_cox,Gaussian_mle,periop_infection,all_eval_pop_normal,all,1672,28,0.415,1,0.2346,0.5589
penalized_cox,Gaussian_mle,periop_infection,all_eval_pop_normal,all,1672,28,0.415,14,0.2346,0.5589
penalized_cox,Gaussian_mle,periop_infection,all_eval_pop_normal,all,1672,28,0.415,2,0.2346,0.5589
penalized_cox,Gaussian_mle,periop_infection,all_eval_pop_normal,all,1672,28,0.415,30,0.2346,0.5589
penalized_cox,Gaussian_mle,periop_infection,all_eval_pop_normal,all,1672,28,0.415,7,0.2346,0.5589
penalized_cox,Gaussian_mle,periop_infection,all_eval_pop_normal,all,1672,28,0.415,all,0.2346,0.5589
penalized_cox,Gaussian_mle,prolonged_los,all,all,1690,1272,0.5614,1,0.5421,0.5826
penalized_cox,Gaussian_mle,prolonged_los,all,all,1690,1272,0.5614,14,0.5421,0.5826
penalized_cox,Gaussian_mle,prolonged_los,all,all,1690,1272,0.5614,2,0.5421,0.5826
penalized_cox,Gaussian_mle,prolonged_los,all,all,1690,1272,0.5614,30,0.5421,0.5826
penalized_cox,Gaussian_mle,prolonged_los,all,all,1690,1272,0.5614,7,0.5421,0.5826
penalized_cox,Gaussian_mle,prolonged_los,all,all,1690,1272,0.5614,all,0.5421,0.5826
penalized_cox,Gaussian_mle,prolonged_los,all_eval_pop_normal,all,1690,1272,0.5614,1,0.5421,0.5826
penalized_cox,Gaussian_mle,prolonged_los,all_eval_pop_normal,all,1690,1272,0.5614,14,0.5421,0.5826
penalized_cox,Gaussian_mle,prolonged_los,all_eval_pop_normal,all,1690,1272,0.5614,2,0.5421,0.5826
penalized_cox,Gaussian_mle,prolonged_los,all_eval_pop_normal,all,1690,1272,0.5614,30,0.5421,0.5826
penalized_cox,Gaussian_mle,prolonged_los,all_eval_pop_normal,all,1690,1272,0.5614,7,0.5421,0.5826
penalized_cox,Gaussian_mle,prolonged_los,all_eval_pop_normal,all,1690,1272,0.5614,all,0.5421,0.5826
penalized_cox,Gaussian_mle,unplanned_icu,all,all,1690,243,0.7328,1,0.7027,0.7601
penalized_cox,Gaussian_mle,unplanned_icu,all,all,1690,243,0.7328,14,0.7027,0.7601
penalized_cox,Gaussian_mle,unplanned_icu,all,all,1690,243,0.7328,2,0.7027,0.7601
penalized_cox,Gaussian_mle,unplanned_icu,all,all,1690,243,0.7328,30,0.7027,0.7601
penalized_cox,Gaussian_mle,unplanned_icu,all,all,1690,243,0.7328,7,0.7027,0.7601
penalized_cox,Gaussian_mle,unplanned_icu,all,all,1690,243,0.7328,all,0.7027,0.7601
penalized_cox,Gaussian_mle,unplanned_icu,all_eval_pop_normal,all,1690,243,0.7328,1,0.7027,0.7601
penalized_cox,Gaussian_mle,unplanned_icu,all_eval_pop_normal,all,1690,243,0.7328,14,0.7027,0.7601
penalized_cox,Gaussian_mle,unplanned_icu,all_eval_pop_normal,all,1690,243,0.7328,2,0.7027,0.7601
penalized_cox,Gaussian_mle,unplanned_icu,all_eval_pop_normal,all,1690,243,0.7328,30,0.7027,0.7601
penalized_cox,Gaussian_mle,unplanned_icu,all_eval_pop_normal,all,1690,243,0.7328,7,0.7027,0.7601
penalized_cox,Gaussian_mle,unplanned_icu,all_eval_pop_normal,all,1690,243,0.7328,all,0.7027,0.7601
penalized_cox,Gaussian_trunc,mortality,all,all,1690,22,0.9297,1,0.8295,0.9839
penalized_cox,Gaussian_trunc,mortality,all,all,1690,22,0.9297,14,0.8295,0.9839
penalized_cox,Gaussian_trunc,mortality,all,all,1690,22,0.9297,2,0.8295,0.9839
penalized_cox,Gaussian_trunc,mortality,all,all,1690,22,0.9297,30,0.8295,0.9839
penalized_cox,Gaussian_trunc,mortality,all,all,1690,22,0.9297,7,0.8295,0.9839
penalized_cox,Gaussian_trunc,mortality,all,all,1690,22,0.9297,all,0.8295,0.9839
penalized_cox,Gaussian_trunc,mortality,all_eval_pop_normal,all,1690,22,0.9297,1,0.8295,0.9839
penalized_cox,Gaussian_trunc,mortality,all_eval_pop_normal,all,1690,22,0.9297,14,0.8295,0.9839
penalized_cox,Gaussian_trunc,mortality,all_eval_pop_normal,all,1690,22,0.9297,2,0.8295,0.9839
penalized_cox,Gaussian_trunc,mortality,all_eval_pop_normal,all,1690,22,0.9297,30,0.8295,0.9839
penalized_cox,Gaussian_trunc,mortality,all_eval_pop_normal,all,1690,22,0.9297,7,0.8295,0.9839
penalized_cox,Gaussian_trunc,mortality,all_eval_pop_normal,all,1690,22,0.9297,all,0.8295,0.9839
penalized_cox,Gaussian_trunc,periop_infection,all,all,1672,28,0.5312,1,0.1864,0.6969
penalized_cox,Gaussian_trunc,periop_infection,all,all,1672,28,0.5312,14,0.1864,0.6969
penalized_cox,Gaussian_trunc,periop_infection,all,all,1672,28,0.5312,2,0.1864,0.6969
penalized_cox,Gaussian_trunc,periop_infection,all,all,1672,28,0.5312,30,0.1864,0.6969
penalized_cox,Gaussian_trunc,periop_infection,all,all,1672,28,0.5312,7,0.1864,0.6969
penalized_cox,Gaussian_trunc,periop_infection,all,all,1672,28,0.5312,all,0.1864,0.6969
penalized_cox,Gaussian_trunc,periop_infection,all_eval_pop_normal,all,1672,28,0.5312,1,0.1864,0.6969
penalized_cox,Gaussian_trunc,periop_infection,all_eval_pop_normal,all,1672,28,0.5312,14,0.1864,0.6969
penalized_cox,Gaussian_trunc,periop_infection,all_eval_pop_normal,all,1672,28,0.5312,2,0.1864,0.6969
penalized_cox,Gaussian_trunc,periop_infection,all_eval_pop_normal,all,1672,28,0.5312,30,0.1864,0.6969
penalized_cox,Gaussian_trunc,periop_infection,all_eval_pop_normal,all,1672,28,0.5312,7,0.1864,0.6969
penalized_cox,Gaussian_trunc,periop_infection,all_eval_pop_normal,all,1672,28,0.5312,all,0.1864,0.6969
penalized_cox,Gaussian_trunc,prolonged_los,all,all,1690,1272,0.5651,1,0.546,0.5882
penalized_cox,Gaussian_trunc,prolonged_los,all,all,1690,1272,0.5651,14,0.546,0.5882
penalized_cox,Gaussian_trunc,prolonged_los,all,all,1690,1272,0.5651,2,0.546,0.5882
penalized_cox,Gaussian_trunc,prolonged_los,all,all,1690,1272,0.5651,30,0.546,0.5882
penalized_cox,Gaussian_trunc,prolonged_los,all,all,1690,1272,0.5651,7,0.546,0.5882
penalized_cox,Gaussian_trunc,prolonged_los,all,all,1690,1272,0.5651,all,0.546,0.5882
penalized_cox,Gaussian_trunc,prolonged_los,all_eval_pop_normal,all,1690,1272,0.5651,1,0.546,0.5882
penalized_cox,Gaussian_trunc,prolonged_los,all_eval_pop_normal,all,1690,1272,0.5651,14,0.546,0.5882
penalized_cox,Gaussian_trunc,prolonged_los,all_eval_pop_normal,all,1690,1272,0.5651,2,0.546,0.5882
penalized_cox,Gaussian_trunc,prolonged_los,all_eval_pop_normal,all,1690,1272,0.5651,30,0.546,0.5882
penalized_cox,Gaussian_trunc,prolonged_los,all_eval_pop_normal,all,1690,1272,0.5651,7,0.546,0.5882
penalized_cox,Gaussian_trunc,prolonged_los,all_eval_pop_normal,all,1690,1272,0.5651,all,0.546,0.5882
penalized_cox,Gaussian_trunc,unplanned_icu,all,all,1690,243,0.7311,1,0.7019,0.7649
penalized_cox,Gaussian_trunc,unplanned_icu,all,all,1690,243,0.7311,14,0.7019,0.7649
penalized_cox,Gaussian_trunc,unplanned_icu,all,all,1690,243,0.7311,2,0.7019,0.7649
penalized_cox,Gaussian_trunc,unplanned_icu,all,all,1690,243,0.7311,30,0.7019,0.7649
penalized_cox,Gaussian_trunc,unplanned_icu,all,all,1690,243,0.7311,7,0.7019,0.7649
penalized_cox,Gaussian_trunc,unplanned_icu,all,all,1690,243,0.7311,all,0.7019,0.7649
penalized_cox,Gaussian_trunc,unplanned_icu,all_eval_pop_normal,all,1690,243,0.7311,1,0.7019,0.7649
penalized_cox,Gaussian_trunc,unplanned_icu,all_eval_pop_normal,all,1690,243,0.7311,14,0.7019,0.7649
penalized_cox,Gaussian_trunc,unplanned_icu,all_eval_pop_normal,all,1690,243,0.7311,2,0.7019,0.7649
penalized_cox,Gaussian_trunc,unplanned_icu,all_eval_pop_normal,all,1690,243,0.7311,30,0.7019,0.7649
penalized_cox,Gaussian_trunc,unplanned_icu,all_eval_pop_normal,all,1690,243,0.7311,7,0.7019,0.7649
penalized_cox,Gaussian_trunc,unplanned_icu,all_eval_pop_normal,all,1690,243,0.7311,all,0.7019,0.7649
penalized_cox,NORMA_334f7e21,mortality,all,BMP,1876,39,0.444,1,0.3096,0.6718
penalized_cox,NORMA_334f7e21,mortality,all,BMP,1876,39,0.444,14,0.3096,0.6718
penalized_cox,NORMA_334f7e21,mortality,all,BMP,1876,39,0.444,2,0.3096,0.6718
penalized_cox,NORMA_334f7e21,mortality,all,BMP,1876,39,0.444,30,0.3096,0.6718
penalized_cox,NORMA_334f7e21,mortality,all,BMP,1876,39,0.444,7,0.3096,0.6718
penalized_cox,NORMA_334f7e21,mortality,all,BMP,1876,39,0.444,all,0.3096,0.6718
penalized_cox,NORMA_334f7e21,mortality,all,CBC,1888,37,0.811,1,0.7295,0.8632
penalized_cox,NORMA_334f7e21,mortality,all,CBC,1888,37,0.811,14,0.7295,0.8632
penalized_cox,NORMA_334f7e21,mortality,all,CBC,1888,37,0.811,2,0.7295,0.8632
penalized_cox,NORMA_334f7e21,mortality,all,CBC,1888,37,0.811,30,0.7295,0.8632
penalized_cox,NORMA_334f7e21,mortality,all,CBC,1888,37,0.811,7,0.7295,0.8632
penalized_cox,NORMA_334f7e21,mortality,all,CBC,1888,37,0.811,all,0.7295,0.8632
penalized_cox,NORMA_334f7e21,mortality,all,HFP,1489,38,0.7522,1,0.4772,0.9216
penalized_cox,NORMA_334f7e21,mortality,all,HFP,1489,38,0.7522,14,0.4772,0.9216
penalized_cox,NORMA_334f7e21,mortality,all,HFP,1489,38,0.7522,2,0.4772,0.9216
penalized_cox,NORMA_334f7e21,mortality,all,HFP,1489,38,0.7522,30,0.4772,0.9216
penalized_cox,NORMA_334f7e21,mortality,all,HFP,1489,38,0.7522,7,0.4772,0.9216
penalized_cox,NORMA_334f7e21,mortality,all,HFP,1489,38,0.7522,all,0.4772,0.9216
penalized_cox,NORMA_334f7e21,mortality,all,all,1690,22,0.9338,1,0.8466,0.9909
penalized_cox,NORMA_334f7e21,mortality,all,all,1690,22,0.9338,14,0.8466,0.9909
penalized_cox,NORMA_334f7e21,mortality,all,all,1690,22,0.9338,2,0.8466,0.9909
penalized_cox,NORMA_334f7e21,mortality,all,all,1690,22,0.9338,30,0.8466,0.9909
penalized_cox,NORMA_334f7e21,mortality,all,all,1690,22,0.9338,7,0.8466,0.9909
penalized_cox,NORMA_334f7e21,mortality,all,all,1690,22,0.9338,all,0.8466,0.9909
penalized_cox,NORMA_334f7e21,mortality,all_eval_pop_normal,BMP,1874,39,0.4441,1,0.3158,0.6885
penalized_cox,NORMA_334f7e21,mortality,all_eval_pop_normal,BMP,1874,39,0.4441,14,0.3158,0.6885
penalized_cox,NORMA_334f7e21,mortality,all_eval_pop_normal,BMP,1874,39,0.4441,2,0.3158,0.6885
penalized_cox,NORMA_334f7e21,mortality,all_eval_pop_normal,BMP,1874,39,0.4441,30,0.3158,0.6885
penalized_cox,NORMA_334f7e21,mortality,all_eval_pop_normal,BMP,1874,39,0.4441,7,0.3158,0.6885
penalized_cox,NORMA_334f7e21,mortality,all_eval_pop_normal,BMP,1874,39,0.4441,all,0.3158,0.6885
penalized_cox,NORMA_334f7e21,mortality,all_eval_pop_normal,CBC,1885,37,0.8111,1,0.7331,0.8727
penalized_cox,NORMA_334f7e21,mortality,all_eval_pop_normal,CBC,1885,37,0.8111,14,0.7331,0.8727
penalized_cox,NORMA_334f7e21,mortality,all_eval_pop_normal,CBC,1885,37,0.8111,2,0.7331,0.8727
penalized_cox,NORMA_334f7e21,mortality,all_eval_pop_normal,CBC,1885,37,0.8111,30,0.7331,0.8727
penalized_cox,NORMA_334f7e21,mortality,all_eval_pop_normal,CBC,1885,37,0.8111,7,0.7331,0.8727
penalized_cox,NORMA_334f7e21,mortality,all_eval_pop_normal,CBC,1885,37,0.8111,all,0.7331,0.8727
penalized_cox,NORMA_334f7e21,mortality,all_eval_pop_normal,HFP,1489,38,0.7522,1,0.4772,0.9216
penalized_cox,NORMA_334f7e21,mortality,all_eval_pop_normal,HFP,1489,38,0.7522,14,0.4772,0.9216
penalized_cox,NORMA_334f7e21,mortality,all_eval_pop_normal,HFP,1489,38,0.7522,2,0.4772,0.9216
penalized_cox,NORMA_334f7e21,mortality,all_eval_pop_normal,HFP,1489,38,0.7522,30,0.4772,0.9216
penalized_cox,NORMA_334f7e21,mortality,all_eval_pop_normal,HFP,1489,38,0.7522,7,0.4772,0.9216
penalized_cox,NORMA_334f7e21,mortality,all_eval_pop_normal,HFP,1489,38,0.7522,all,0.4772,0.9216
penalized_cox,NORMA_334f7e21,mortality,all_eval_pop_normal,all,1690,22,0.9338,1,0.8466,0.9909
penalized_cox,NORMA_334f7e21,mortality,all_eval_pop_normal,all,1690,22,0.9338,14,0.8466,0.9909
penalized_cox,NORMA_334f7e21,mortality,all_eval_pop_normal,all,1690,22,0.9338,2,0.8466,0.9909
penalized_cox,NORMA_334f7e21,mortality,all_eval_pop_normal,all,1690,22,0.9338,30,0.8466,0.9909
penalized_cox,NORMA_334f7e21,mortality,all_eval_pop_normal,all,1690,22,0.9338,7,0.8466,0.9909
penalized_cox,NORMA_334f7e21,mortality,all_eval_pop_normal,all,1690,22,0.9338,all,0.8466,0.9909
penalized_cox,NORMA_334f7e21,periop_infection,all,BMP,1853,58,0.2746,1,0.1591,0.4079
penalized_cox,NORMA_334f7e21,periop_infection,all,BMP,1853,58,0.2746,14,0.1591,0.4079
penalized_cox,NORMA_334f7e21,periop_infection,all,BMP,1853,58,0.2746,2,0.1591,0.4079
penalized_cox,NORMA_334f7e21,periop_infection,all,BMP,1853,58,0.2746,30,0.1591,0.4079
penalized_cox,NORMA_334f7e21,periop_infection,all,BMP,1853,58,0.2746,7,0.1591,0.4079
penalized_cox,NORMA_334f7e21,periop_infection,all,BMP,1853,58,0.2746,all,0.1591,0.4079
penalized_cox,NORMA_334f7e21,periop_infection,all,CBC,1854,58,0.4488,1,0.3055,0.6408
penalized_cox,NORMA_334f7e21,periop_infection,all,CBC,1854,58,0.4488,14,0.3055,0.6408
penalized_cox,NORMA_334f7e21,periop_infection,all,CBC,1854,58,0.4488,2,0.3055,0.6408
penalized_cox,NORMA_334f7e21,periop_infection,all,CBC,1854,58,0.4488,30,0.3055,0.6408
penalized_cox,NORMA_334f7e21,periop_infection,all,CBC,1854,58,0.4488,7,0.3055,0.6408
penalized_cox,NORMA_334f7e21,periop_infection,all,CBC,1854,58,0.4488,all,0.3055,0.6408
penalized_cox,NORMA_334f7e21,periop_infection,all,HFP,1461,54,0.5027,1,0.3583,0.6509
penalized_cox,NORMA_334f7e21,periop_infection,all,HFP,1461,54,0.5027,14,0.3583,0.6509
penalized_cox,NORMA_334f7e21,periop_infection,all,HFP,1461,54,0.5027,2,0.3583,0.6509
penalized_cox,NORMA_334f7e21,periop_infection,all,HFP,1461,54,0.5027,30,0.3583,0.6509
penalized_cox,NORMA_334f7e21,periop_infection,all,HFP,1461,54,0.5027,7,0.3583,0.6509
penalized_cox,NORMA_334f7e21,periop_infection,all,HFP,1461,54,0.5027,all,0.3583,0.6509
penalized_cox,NORMA_334f7e21,periop_infection,all,all,1672,28,0.5655,1,0.3632,0.6769
penalized_cox,NORMA_334f7e21,periop_infection,all,all,1672,28,0.5655,14,0.3632,0.6769
penalized_cox,NORMA_334f7e21,periop_infection,all,all,1672,28,0.5655,2,0.3632,0.6769
penalized_cox,NORMA_334f7e21,periop_infection,all,all,1672,28,0.5655,30,0.3632,0.6769
penalized_cox,NORMA_334f7e21,periop_infection,all,all,1672,28,0.5655,7,0.3632,0.6769
penalized_cox,NORMA_334f7e21,periop_infection,all,all,1672,28,0.5655,all,0.3632,0.6769
penalized_cox,NORMA_334f7e21,periop_infection,all_eval_pop_normal,BMP,1853,58,0.2746,1,0.1591,0.4079
penalized_cox,NORMA_334f7e21,periop_infection,all_eval_pop_normal,BMP,1853,58,0.2746,14,0.1591,0.4079
penalized_cox,NORMA_334f7e21,periop_infection,all_eval_pop_normal,BMP,1853,58,0.2746,2,0.1591,0.4079
penalized_cox,NORMA_334f7e21,periop_infection,all_eval_pop_normal,BMP,1853,58,0.2746,30,0.1591,0.4079
penalized_cox,NORMA_334f7e21,periop_infection,all_eval_pop_normal,BMP,1853,58,0.2746,7,0.1591,0.4079
penalized_cox,NORMA_334f7e21,periop_infection,all_eval_pop_normal,BMP,1853,58,0.2746,all,0.1591,0.4079
penalized_cox,NORMA_334f7e21,periop_infection,all_eval_pop_normal,CBC,1853,58,0.4486,1,0.3152,0.6141
penalized_cox,NORMA_334f7e21,periop_infection,all_eval_pop_normal,CBC,1853,58,0.4486,14,0.3152,0.6141
penalized_cox,NORMA_334f7e21,periop_infection,all_eval_pop_normal,CBC,1853,58,0.4486,2,0.3152,0.6141
penalized_cox,NORMA_334f7e21,periop_infection,all_eval_pop_normal,CBC,1853,58,0.4486,30,0.3152,0.6141
penalized_cox,NORMA_334f7e21,periop_infection,all_eval_pop_normal,CBC,1853,58,0.4486,7,0.3152,0.6141
penalized_cox,NORMA_334f7e21,periop_infection,all_eval_pop_normal,CBC,1853,58,0.4486,all,0.3152,0.6141
penalized_cox,NORMA_334f7e21,periop_infection,all_eval_pop_normal,HFP,1461,54,0.5027,1,0.3583,0.6509
penalized_cox,NORMA_334f7e21,periop_infection,all_eval_pop_normal,HFP,1461,54,0.5027,14,0.3583,0.6509
penalized_cox,NORMA_334f7e21,periop_infection,all_eval_pop_normal,HFP,1461,54,0.5027,2,0.3583,0.6509
penalized_cox,NORMA_334f7e21,periop_infection,all_eval_pop_normal,HFP,1461,54,0.5027,30,0.3583,0.6509
penalized_cox,NORMA_334f7e21,periop_infection,all_eval_pop_normal,HFP,1461,54,0.5027,7,0.3583,0.6509
penalized_cox,NORMA_334f7e21,periop_infection,all_eval_pop_normal,HFP,1461,54,0.5027,all,0.3583,0.6509
penalized_cox,NORMA_334f7e21,periop_infection,all_eval_pop_normal,all,1672,28,0.5655,1,0.3632,0.6769
penalized_cox,NORMA_334f7e21,periop_infection,all_eval_pop_normal,all,1672,28,0.5655,14,0.3632,0.6769
penalized_cox,NORMA_334f7e21,periop_infection,all_eval_pop_normal,all,1672,28,0.5655,2,0.3632,0.6769
penalized_cox,NORMA_334f7e21,periop_infection,all_eval_pop_normal,all,1672,28,0.5655,30,0.3632,0.6769
penalized_cox,NORMA_334f7e21,periop_infection,all_eval_pop_normal,all,1672,28,0.5655,7,0.3632,0.6769
penalized_cox,NORMA_334f7e21,periop_infection,all_eval_pop_normal,all,1672,28,0.5655,all,0.3632,0.6769
penalized_cox,NORMA_334f7e21,prolonged_los,all,BMP,1881,1360,0.6161,1,0.5954,0.6375
penalized_cox,NORMA_334f7e21,prolonged_los,all,BMP,1881,1360,0.6161,14,0.5954,0.6375
penalized_cox,NORMA_334f7e21,prolonged_los,all,BMP,1881,1360,0.6161,2,0.5954,0.6375
penalized_cox,NORMA_334f7e21,prolonged_los,all,BMP,1881,1360,0.6161,30,0.5954,0.6375
penalized_cox,NORMA_334f7e21,prolonged_los,all,BMP,1881,1360,0.6161,7,0.5954,0.6375
penalized_cox,NORMA_334f7e21,prolonged_los,all,BMP,1881,1360,0.6161,all,0.5954,0.6375
penalized_cox,NORMA_334f7e21,prolonged_los,all,CBC,1893,1360,0.5979,1,0.5758,0.6156
penalized_cox,NORMA_334f7e21,prolonged_los,all,CBC,1893,1360,0.5979,14,0.5758,0.6156
penalized_cox,NORMA_334f7e21,prolonged_los,all,CBC,1893,1360,0.5979,2,0.5758,0.6156
penalized_cox,NORMA_334f7e21,prolonged_los,all,CBC,1893,1360,0.5979,30,0.5758,0.6156
penalized_cox,NORMA_334f7e21,prolonged_los,all,CBC,1893,1360,0.5979,7,0.5758,0.6156
penalized_cox,NORMA_334f7e21,prolonged_los,all,CBC,1893,1360,0.5979,all,0.5758,0.6156
penalized_cox,NORMA_334f7e21,prolonged_los,all,HFP,1469,1143,0.5838,1,0.5634,0.6047
penalized_cox,NORMA_334f7e21,prolonged_los,all,HFP,1469,1143,0.5838,14,0.5634,0.6047
penalized_cox,NORMA_334f7e21,prolonged_los,all,HFP,1469,1143,0.5838,2,0.5634,0.6047
penalized_cox,NORMA_334f7e21,prolonged_los,all,HFP,1469,1143,0.5838,30,0.5634,0.6047
penalized_cox,NORMA_334f7e21,prolonged_los,all,HFP,1469,1143,0.5838,7,0.5634,0.6047
penalized_cox,NORMA_334f7e21,prolonged_los,all,HFP,1469,1143,0.5838,all,0.5634,0.6047
penalized_cox,NORMA_334f7e21,prolonged_los,all,all,1690,1272,0.5742,1,0.554,0.5941
penalized_cox,NORMA_334f7e21,prolonged_los,all,all,1690,1272,0.5742,14,0.554,0.5941
penalized_cox,NORMA_334f7e21,prolonged_los,all,all,1690,1272,0.5742,2,0.554,0.5941
penalized_cox,NORMA_334f7e21,prolonged_los,all,all,1690,1272,0.5742,30,0.554,0.5941
penalized_cox,NORMA_334f7e21,prolonged_los,all,all,1690,1272,0.5742,7,0.554,0.5941
penalized_cox,NORMA_334f7e21,prolonged_los,all,all,1690,1272,0.5742,all,0.554,0.5941
penalized_cox,NORMA_334f7e21,prolonged_los,all_eval_pop_normal,BMP,1880,1360,0.6161,1,0.5953,0.6357
penalized_cox,NORMA_334f7e21,prolonged_los,all_eval_pop_normal,BMP,1880,1360,0.6161,14,0.5953,0.6357
penalized_cox,NORMA_334f7e21,prolonged_los,all_eval_pop_normal,BMP,1880,1360,0.6161,2,0.5953,0.6357
penalized_cox,NORMA_334f7e21,prolonged_los,all_eval_pop_normal,BMP,1880,1360,0.6161,30,0.5953,0.6357
penalized_cox,NORMA_334f7e21,prolonged_los,all_eval_pop_normal,BMP,1880,1360,0.6161,7,0.5953,0.6357
penalized_cox,NORMA_334f7e21,prolonged_los,all_eval_pop_normal,BMP,1880,1360,0.6161,all,0.5953,0.6357
penalized_cox,NORMA_334f7e21,prolonged_los,all_eval_pop_normal,CBC,1892,1360,0.5979,1,0.5773,0.6145
penalized_cox,NORMA_334f7e21,prolonged_los,all_eval_pop_normal,CBC,1892,1360,0.5979,14,0.5773,0.6145
penalized_cox,NORMA_334f7e21,prolonged_los,all_eval_pop_normal,CBC,1892,1360,0.5979,2,0.5773,0.6145
penalized_cox,NORMA_334f7e21,prolonged_los,all_eval_pop_normal,CBC,1892,1360,0.5979,30,0.5773,0.6145
penalized_cox,NORMA_334f7e21,prolonged_los,all_eval_pop_normal,CBC,1892,1360,0.5979,7,0.5773,0.6145
penalized_cox,NORMA_334f7e21,prolonged_los,all_eval_pop_normal,CBC,1892,1360,0.5979,all,0.5773,0.6145
penalized_cox,NORMA_334f7e21,prolonged_los,all_eval_pop_normal,HFP,1468,1143,0.5838,1,0.5631,0.6026
penalized_cox,NORMA_334f7e21,prolonged_los,all_eval_pop_normal,HFP,1468,1143,0.5838,14,0.5631,0.6026
penalized_cox,NORMA_334f7e21,prolonged_los,all_eval_pop_normal,HFP,1468,1143,0.5838,2,0.5631,0.6026
penalized_cox,NORMA_334f7e21,prolonged_los,all_eval_pop_normal,HFP,1468,1143,0.5838,30,0.5631,0.6026
penalized_cox,NORMA_334f7e21,prolonged_los,all_eval_pop_normal,HFP,1468,1143,0.5838,7,0.5631,0.6026
penalized_cox,NORMA_334f7e21,prolonged_los,all_eval_pop_normal,HFP,1468,1143,0.5838,all,0.5631,0.6026
penalized_cox,NORMA_334f7e21,prolonged_los,all_eval_pop_normal,all,1690,1272,0.5742,1,0.554,0.5941
penalized_cox,NORMA_334f7e21,prolonged_los,all_eval_pop_normal,all,1690,1272,0.5742,14,0.554,0.5941
penalized_cox,NORMA_334f7e21,prolonged_los,all_eval_pop_normal,all,1690,1272,0.5742,2,0.554,0.5941
penalized_cox,NORMA_334f7e21,prolonged_los,all_eval_pop_normal,all,1690,1272,0.5742,30,0.554,0.5941
penalized_cox,NORMA_334f7e21,prolonged_los,all_eval_pop_normal,all,1690,1272,0.5742,7,0.554,0.5941
penalized_cox,NORMA_334f7e21,prolonged_los,all_eval_pop_normal,all,1690,1272,0.5742,all,0.554,0.5941
penalized_cox,NORMA_334f7e21,unplanned_icu,all,BMP,1880,463,0.6264,1,0.6003,0.6501
penalized_cox,NORMA_334f7e21,unplanned_icu,all,BMP,1880,463,0.6264,14,0.6003,0.6501
penalized_cox,NORMA_334f7e21,unplanned_icu,all,BMP,1880,463,0.6264,2,0.6003,0.6501
penalized_cox,NORMA_334f7e21,unplanned_icu,all,BMP,1880,463,0.6264,30,0.6003,0.6501
penalized_cox,NORMA_334f7e21,unplanned_icu,all,BMP,1880,463,0.6264,7,0.6003,0.6501
penalized_cox,NORMA_334f7e21,unplanned_icu,all,BMP,1880,463,0.6264,all,0.6003,0.6501
penalized_cox,NORMA_334f7e21,unplanned_icu,all,CBC,1870,466,0.5557,1,0.5296,0.5794
penalized_cox,NORMA_334f7e21,unplanned_icu,all,CBC,1870,466,0.5557,14,0.5296,0.5794
penalized_cox,NORMA_334f7e21,unplanned_icu,all,CBC,1870,466,0.5557,2,0.5296,0.5794
penalized_cox,NORMA_334f7e21,unplanned_icu,all,CBC,1870,466,0.5557,30,0.5296,0.5794
penalized_cox,NORMA_334f7e21,unplanned_icu,all,CBC,1870,466,0.5557,7,0.5296,0.5794
penalized_cox,NORMA_334f7e21,unplanned_icu,all,CBC,1870,466,0.5557,all,0.5296,0.5794
penalized_cox,NORMA_334f7e21,unplanned_icu,all,HFP,1460,412,0.5421,1,0.5125,0.5656
penalized_cox,NORMA_334f7e21,unplanned_icu,all,HFP,1460,412,0.5421,14,0.5125,0.5656
penalized_cox,NORMA_334f7e21,unplanned_icu,all,HFP,1460,412,0.5421,2,0.5125,0.5656
penalized_cox,NORMA_334f7e21,unplanned_icu,all,HFP,1460,412,0.5421,30,0.5125,0.5656
penalized_cox,NORMA_334f7e21,unplanned_icu,all,HFP,1460,412,0.5421,7,0.5125,0.5656
penalized_cox,NORMA_334f7e21,unplanned_icu,all,HFP,1460,412,0.5421,all,0.5125,0.5656
penalized_cox,NORMA_334f7e21,unplanned_icu,all,all,1690,243,0.739,1,0.7099,0.7676
penalized_cox,NORMA_334f7e21,unplanned_icu,all,all,1690,243,0.739,14,0.7099,0.7676
penalized_cox,NORMA_334f7e21,unplanned_icu,all,all,1690,243,0.739,2,0.7099,0.7676
penalized_cox,NORMA_334f7e21,unplanned_icu,all,all,1690,243,0.739,30,0.7099,0.7676
penalized_cox,NORMA_334f7e21,unplanned_icu,all,all,1690,243,0.739,7,0.7099,0.7676
penalized_cox,NORMA_334f7e21,unplanned_icu,all,all,1690,243,0.739,all,0.7099,0.7676
penalized_cox,NORMA_334f7e21,unplanned_icu,all_eval_pop_normal,BMP,1880,463,0.6264,1,0.6003,0.6501
penalized_cox,NORMA_334f7e21,unplanned_icu,all_eval_pop_normal,BMP,1880,463,0.6264,14,0.6003,0.6501
penalized_cox,NORMA_334f7e21,unplanned_icu,all_eval_pop_normal,BMP,1880,463,0.6264,2,0.6003,0.6501
penalized_cox,NORMA_334f7e21,unplanned_icu,all_eval_pop_normal,BMP,1880,463,0.6264,30,0.6003,0.6501
penalized_cox,NORMA_334f7e21,unplanned_icu,all_eval_pop_normal,BMP,1880,463,0.6264,7,0.6003,0.6501
penalized_cox,NORMA_334f7e21,unplanned_icu,all_eval_pop_normal,BMP,1880,463,0.6264,all,0.6003,0.6501
penalized_cox,NORMA_334f7e21,unplanned_icu,all_eval_pop_normal,CBC,1869,466,0.556,1,0.5291,0.5831
penalized_cox,NORMA_334f7e21,unplanned_icu,all_eval_pop_normal,CBC,1869,466,0.556,14,0.5291,0.5831
penalized_cox,NORMA_334f7e21,unplanned_icu,all_eval_pop_normal,CBC,1869,466,0.556,2,0.5291,0.5831
penalized_cox,NORMA_334f7e21,unplanned_icu,all_eval_pop_normal,CBC,1869,466,0.556,30,0.5291,0.5831
penalized_cox,NORMA_334f7e21,unplanned_icu,all_eval_pop_normal,CBC,1869,466,0.556,7,0.5291,0.5831
penalized_cox,NORMA_334f7e21,unplanned_icu,all_eval_pop_normal,CBC,1869,466,0.556,all,0.5291,0.5831
penalized_cox,NORMA_334f7e21,unplanned_icu,all_eval_pop_normal,HFP,1460,412,0.5421,1,0.5125,0.5656
penalized_cox,NORMA_334f7e21,unplanned_icu,all_eval_pop_normal,HFP,1460,412,0.5421,14,0.5125,0.5656
penalized_cox,NORMA_334f7e21,unplanned_icu,all_eval_pop_normal,HFP,1460,412,0.5421,2,0.5125,0.5656
penalized_cox,NORMA_334f7e21,unplanned_icu,all_eval_pop_normal,HFP,1460,412,0.5421,30,0.5125,0.5656
penalized_cox,NORMA_334f7e21,unplanned_icu,all_eval_pop_normal,HFP,1460,412,0.5421,7,0.5125,0.5656
penalized_cox,NORMA_334f7e21,unplanned_icu,all_eval_pop_normal,HFP,1460,412,0.5421,all,0.5125,0.5656
penalized_cox,NORMA_334f7e21,unplanned_icu,all_eval_pop_normal,all,1690,243,0.739,1,0.7099,0.7676
penalized_cox,NORMA_334f7e21,unplanned_icu,all_eval_pop_normal,all,1690,243,0.739,14,0.7099,0.7676
penalized_cox,NORMA_334f7e21,unplanned_icu,all_eval_pop_normal,all,1690,243,0.739,2,0.7099,0.7676
penalized_cox,NORMA_334f7e21,unplanned_icu,all_eval_pop_normal,all,1690,243,0.739,30,0.7099,0.7676
penalized_cox,NORMA_334f7e21,unplanned_icu,all_eval_pop_normal,all,1690,243,0.739,7,0.7099,0.7676
penalized_cox,NORMA_334f7e21,unplanned_icu,all_eval_pop_normal,all,1690,243,0.739,all,0.7099,0.7676
penalized_cox,NORMA_q_age,mortality,all,all,1690,22,0.9336,1,0.8517,0.9874
penalized_cox,NORMA_q_age,mortality,all,all,1690,22,0.9336,14,0.8517,0.9874
penalized_cox,NORMA_q_age,mortality,all,all,1690,22,0.9336,2,0.8517,0.9874
penalized_cox,NORMA_q_age,mortality,all,all,1690,22,0.9336,30,0.8517,0.9874
penalized_cox,NORMA_q_age,mortality,all,all,1690,22,0.9336,7,0.8517,0.9874
penalized_cox,NORMA_q_age,mortality,all,all,1690,22,0.9336,all,0.8517,0.9874
penalized_cox,NORMA_q_age,mortality,all_eval_pop_normal,all,1690,22,0.9336,1,0.8517,0.9874
penalized_cox,NORMA_q_age,mortality,all_eval_pop_normal,all,1690,22,0.9336,14,0.8517,0.9874
penalized_cox,NORMA_q_age,mortality,all_eval_pop_normal,all,1690,22,0.9336,2,0.8517,0.9874
penalized_cox,NORMA_q_age,mortality,all_eval_pop_normal,all,1690,22,0.9336,30,0.8517,0.9874
penalized_cox,NORMA_q_age,mortality,all_eval_pop_normal,all,1690,22,0.9336,7,0.8517,0.9874
penalized_cox,NORMA_q_age,mortality,all_eval_pop_normal,all,1690,22,0.9336,all,0.8517,0.9874
penalized_cox,NORMA_q_age,periop_infection,all,all,1672,28,0.5536,1,0.3135,0.6658
penalized_cox,NORMA_q_age,periop_infection,all,all,1672,28,0.5536,14,0.3135,0.6658
penalized_cox,NORMA_q_age,periop_infection,all,all,1672,28,0.5536,2,0.3135,0.6658
penalized_cox,NORMA_q_age,periop_infection,all,all,1672,28,0.5536,30,0.3135,0.6658
penalized_cox,NORMA_q_age,periop_infection,all,all,1672,28,0.5536,7,0.3135,0.6658
penalized_cox,NORMA_q_age,periop_infection,all,all,1672,28,0.5536,all,0.3135,0.6658
penalized_cox,NORMA_q_age,periop_infection,all_eval_pop_normal,all,1672,28,0.5536,1,0.3135,0.6658
penalized_cox,NORMA_q_age,periop_infection,all_eval_pop_normal,all,1672,28,0.5536,14,0.3135,0.6658
penalized_cox,NORMA_q_age,periop_infection,all_eval_pop_normal,all,1672,28,0.5536,2,0.3135,0.6658
penalized_cox,NORMA_q_age,periop_infection,all_eval_pop_normal,all,1672,28,0.5536,30,0.3135,0.6658
penalized_cox,NORMA_q_age,periop_infection,all_eval_pop_normal,all,1672,28,0.5536,7,0.3135,0.6658
penalized_cox,NORMA_q_age,periop_infection,all_eval_pop_normal,all,1672,28,0.5536,all,0.3135,0.6658
penalized_cox,NORMA_q_age,prolonged_los,all,all,1690,1272,0.5766,1,0.5584,0.5954
penalized_cox,NORMA_q_age,prolonged_los,all,all,1690,1272,0.5766,14,0.5584,0.5954
penalized_cox,NORMA_q_age,prolonged_los,all,all,1690,1272,0.5766,2,0.5584,0.5954
penalized_cox,NORMA_q_age,prolonged_los,all,all,1690,1272,0.5766,30,0.5584,0.5954
penalized_cox,NORMA_q_age,prolonged_los,all,all,1690,1272,0.5766,7,0.5584,0.5954
penalized_cox,NORMA_q_age,prolonged_los,all,all,1690,1272,0.5766,all,0.5584,0.5954
penalized_cox,NORMA_q_age,prolonged_los,all_eval_pop_normal,all,1690,1272,0.5766,1,0.5584,0.5954
penalized_cox,NORMA_q_age,prolonged_los,all_eval_pop_normal,all,1690,1272,0.5766,14,0.5584,0.5954
penalized_cox,NORMA_q_age,prolonged_los,all_eval_pop_normal,all,1690,1272,0.5766,2,0.5584,0.5954
penalized_cox,NORMA_q_age,prolonged_los,all_eval_pop_normal,all,1690,1272,0.5766,30,0.5584,0.5954
penalized_cox,NORMA_q_age,prolonged_los,all_eval_pop_normal,all,1690,1272,0.5766,7,0.5584,0.5954
penalized_cox,NORMA_q_age,prolonged_los,all_eval_pop_normal,all,1690,1272,0.5766,all,0.5584,0.5954
penalized_cox,NORMA_q_age,unplanned_icu,all,all,1690,243,0.7345,1,0.7038,0.762
penalized_cox,NORMA_q_age,unplanned_icu,all,all,1690,243,0.7345,14,0.7038,0.762
penalized_cox,NORMA_q_age,unplanned_icu,all,all,1690,243,0.7345,2,0.7038,0.762
penalized_cox,NORMA_q_age,unplanned_icu,all,all,1690,243,0.7345,30,0.7038,0.762
penalized_cox,NORMA_q_age,unplanned_icu,all,all,1690,243,0.7345,7,0.7038,0.762
penalized_cox,NORMA_q_age,unplanned_icu,all,all,1690,243,0.7345,all,0.7038,0.762
penalized_cox,NORMA_q_age,unplanned_icu,all_eval_pop_normal,all,1690,243,0.7345,1,0.7038,0.762
penalized_cox,NORMA_q_age,unplanned_icu,all_eval_pop_normal,all,1690,243,0.7345,14,0.7038,0.762
penalized_cox,NORMA_q_age,unplanned_icu,all_eval_pop_normal,all,1690,243,0.7345,2,0.7038,0.762
penalized_cox,NORMA_q_age,unplanned_icu,all_eval_pop_normal,all,1690,243,0.7345,30,0.7038,0.762
penalized_cox,NORMA_q_age,unplanned_icu,all_eval_pop_normal,all,1690,243,0.7345,7,0.7038,0.762
penalized_cox,NORMA_q_age,unplanned_icu,all_eval_pop_normal,all,1690,243,0.7345,all,0.7038,0.762
penalized_cox,NORMA_q_age_set,mortality,all,all,1690,22,0.9232,1,0.834,0.9885
penalized_cox,NORMA_q_age_set,mortality,all,all,1690,22,0.9232,14,0.834,0.9885
penalized_cox,NORMA_q_age_set,mortality,all,all,1690,22,0.9232,2,0.834,0.9885
penalized_cox,NORMA_q_age_set,mortality,all,all,1690,22,0.9232,30,0.834,0.9885
penalized_cox,NORMA_q_age_set,mortality,all,all,1690,22,0.9232,7,0.834,0.9885
penalized_cox,NORMA_q_age_set,mortality,all,all,1690,22,0.9232,all,0.834,0.9885
penalized_cox,NORMA_q_age_set,mortality,all_eval_pop_normal,all,1690,22,0.9232,1,0.834,0.9885
penalized_cox,NORMA_q_age_set,mortality,all_eval_pop_normal,all,1690,22,0.9232,14,0.834,0.9885
penalized_cox,NORMA_q_age_set,mortality,all_eval_pop_normal,all,1690,22,0.9232,2,0.834,0.9885
penalized_cox,NORMA_q_age_set,mortality,all_eval_pop_normal,all,1690,22,0.9232,30,0.834,0.9885
penalized_cox,NORMA_q_age_set,mortality,all_eval_pop_normal,all,1690,22,0.9232,7,0.834,0.9885
penalized_cox,NORMA_q_age_set,mortality,all_eval_pop_normal,all,1690,22,0.9232,all,0.834,0.9885
penalized_cox,NORMA_q_age_set,periop_infection,all,all,1672,28,0.5626,1,0.3798,0.6539
penalized_cox,NORMA_q_age_set,periop_infection,all,all,1672,28,0.5626,14,0.3798,0.6539
penalized_cox,NORMA_q_age_set,periop_infection,all,all,1672,28,0.5626,2,0.3798,0.6539
penalized_cox,NORMA_q_age_set,periop_infection,all,all,1672,28,0.5626,30,0.3798,0.6539
penalized_cox,NORMA_q_age_set,periop_infection,all,all,1672,28,0.5626,7,0.3798,0.6539
penalized_cox,NORMA_q_age_set,periop_infection,all,all,1672,28,0.5626,all,0.3798,0.6539
penalized_cox,NORMA_q_age_set,periop_infection,all_eval_pop_normal,all,1672,28,0.5626,1,0.3798,0.6539
penalized_cox,NORMA_q_age_set,periop_infection,all_eval_pop_normal,all,1672,28,0.5626,14,0.3798,0.6539
penalized_cox,NORMA_q_age_set,periop_infection,all_eval_pop_normal,all,1672,28,0.5626,2,0.3798,0.6539
penalized_cox,NORMA_q_age_set,periop_infection,all_eval_pop_normal,all,1672,28,0.5626,30,0.3798,0.6539
penalized_cox,NORMA_q_age_set,periop_infection,all_eval_pop_normal,all,1672,28,0.5626,7,0.3798,0.6539
penalized_cox,NORMA_q_age_set,periop_infection,all_eval_pop_normal,all,1672,28,0.5626,all,0.3798,0.6539
penalized_cox,NORMA_q_age_set,prolonged_los,all,all,1690,1272,0.5766,1,0.5558,0.5982
penalized_cox,NORMA_q_age_set,prolonged_los,all,all,1690,1272,0.5766,14,0.5558,0.5982
penalized_cox,NORMA_q_age_set,prolonged_los,all,all,1690,1272,0.5766,2,0.5558,0.5982
penalized_cox,NORMA_q_age_set,prolonged_los,all,all,1690,1272,0.5766,30,0.5558,0.5982
penalized_cox,NORMA_q_age_set,prolonged_los,all,all,1690,1272,0.5766,7,0.5558,0.5982
penalized_cox,NORMA_q_age_set,prolonged_los,all,all,1690,1272,0.5766,all,0.5558,0.5982
penalized_cox,NORMA_q_age_set,prolonged_los,all_eval_pop_normal,all,1690,1272,0.5766,1,0.5558,0.5982
penalized_cox,NORMA_q_age_set,prolonged_los,all_eval_pop_normal,all,1690,1272,0.5766,14,0.5558,0.5982
penalized_cox,NORMA_q_age_set,prolonged_los,all_eval_pop_normal,all,1690,1272,0.5766,2,0.5558,0.5982
penalized_cox,NORMA_q_age_set,prolonged_los,all_eval_pop_normal,all,1690,1272,0.5766,30,0.5558,0.5982
penalized_cox,NORMA_q_age_set,prolonged_los,all_eval_pop_normal,all,1690,1272,0.5766,7,0.5558,0.5982
penalized_cox,NORMA_q_age_set,prolonged_los,all_eval_pop_normal,all,1690,1272,0.5766,all,0.5558,0.5982
penalized_cox,NORMA_q_age_set,unplanned_icu,all,all,1690,243,0.7334,1,0.703,0.7614
penalized_cox,NORMA_q_age_set,unplanned_icu,all,all,1690,243,0.7334,14,0.703,0.7614
penalized_cox,NORMA_q_age_set,unplanned_icu,all,all,1690,243,0.7334,2,0.703,0.7614
penalized_cox,NORMA_q_age_set,unplanned_icu,all,all,1690,243,0.7334,30,0.703,0.7614
penalized_cox,NORMA_q_age_set,unplanned_icu,all,all,1690,243,0.7334,7,0.703,0.7614
penalized_cox,NORMA_q_age_set,unplanned_icu,all,all,1690,243,0.7334,all,0.703,0.7614
penalized_cox,NORMA_q_age_set,unplanned_icu,all_eval_pop_normal,all,1690,243,0.7334,1,0.703,0.7614
penalized_cox,NORMA_q_age_set,unplanned_icu,all_eval_pop_normal,all,1690,243,0.7334,14,0.703,0.7614
penalized_cox,NORMA_q_age_set,unplanned_icu,all_eval_pop_normal,all,1690,243,0.7334,2,0.703,0.7614
penalized_cox,NORMA_q_age_set,unplanned_icu,all_eval_pop_normal,all,1690,243,0.7334,30,0.703,0.7614
penalized_cox,NORMA_q_age_set,unplanned_icu,all_eval_pop_normal,all,1690,243,0.7334,7,0.703,0.7614
penalized_cox,NORMA_q_age_set,unplanned_icu,all_eval_pop_normal,all,1690,243,0.7334,all,0.703,0.7614
penalized_cox,NORMA_q_age_set_co,mortality,all,all,1690,22,0.9339,1,0.8516,0.9856
penalized_cox,NORMA_q_age_set_co,mortality,all,all,1690,22,0.9339,14,0.8516,0.9856
penalized_cox,NORMA_q_age_set_co,mortality,all,all,1690,22,0.9339,2,0.8516,0.9856
penalized_cox,NORMA_q_age_set_co,mortality,all,all,1690,22,0.9339,30,0.8516,0.9856
penalized_cox,NORMA_q_age_set_co,mortality,all,all,1690,22,0.9339,7,0.8516,0.9856
penalized_cox,NORMA_q_age_set_co,mortality,all,all,1690,22,0.9339,all,0.8516,0.9856
penalized_cox,NORMA_q_age_set_co,mortality,all_eval_pop_normal,all,1690,22,0.9339,1,0.8516,0.9856
penalized_cox,NORMA_q_age_set_co,mortality,all_eval_pop_normal,all,1690,22,0.9339,14,0.8516,0.9856
penalized_cox,NORMA_q_age_set_co,mortality,all_eval_pop_normal,all,1690,22,0.9339,2,0.8516,0.9856
penalized_cox,NORMA_q_age_set_co,mortality,all_eval_pop_normal,all,1690,22,0.9339,30,0.8516,0.9856
penalized_cox,NORMA_q_age_set_co,mortality,all_eval_pop_normal,all,1690,22,0.9339,7,0.8516,0.9856
penalized_cox,NORMA_q_age_set_co,mortality,all_eval_pop_normal,all,1690,22,0.9339,all,0.8516,0.9856
penalized_cox,NORMA_q_age_set_co,periop_infection,all,all,1672,28,0.6051,1,0.4181,0.6977
penalized_cox,NORMA_q_age_set_co,periop_infection,all,all,1672,28,0.6051,14,0.4181,0.6977
penalized_cox,NORMA_q_age_set_co,periop_infection,all,all,1672,28,0.6051,2,0.4181,0.6977
penalized_cox,NORMA_q_age_set_co,periop_infection,all,all,1672,28,0.6051,30,0.4181,0.6977
penalized_cox,NORMA_q_age_set_co,periop_infection,all,all,1672,28,0.6051,7,0.4181,0.6977
penalized_cox,NORMA_q_age_set_co,periop_infection,all,all,1672,28,0.6051,all,0.4181,0.6977
penalized_cox,NORMA_q_age_set_co,periop_infection,all_eval_pop_normal,all,1672,28,0.6051,1,0.4181,0.6977
penalized_cox,NORMA_q_age_set_co,periop_infection,all_eval_pop_normal,all,1672,28,0.6051,14,0.4181,0.6977
penalized_cox,NORMA_q_age_set_co,periop_infection,all_eval_pop_normal,all,1672,28,0.6051,2,0.4181,0.6977
penalized_cox,NORMA_q_age_set_co,periop_infection,all_eval_pop_normal,all,1672,28,0.6051,30,0.4181,0.6977
penalized_cox,NORMA_q_age_set_co,periop_infection,all_eval_pop_normal,all,1672,28,0.6051,7,0.4181,0.6977
penalized_cox,NORMA_q_age_set_co,periop_infection,all_eval_pop_normal,all,1672,28,0.6051,all,0.4181,0.6977
penalized_cox,NORMA_q_age_set_co,prolonged_los,all,all,1690,1272,0.5736,1,0.554,0.5946
penalized_cox,NORMA_q_age_set_co,prolonged_los,all,all,1690,1272,0.5736,14,0.554,0.5946
penalized_cox,NORMA_q_age_set_co,prolonged_los,all,all,1690,1272,0.5736,2,0.554,0.5946
penalized_cox,NORMA_q_age_set_co,prolonged_los,all,all,1690,1272,0.5736,30,0.554,0.5946
penalized_cox,NORMA_q_age_set_co,prolonged_los,all,all,1690,1272,0.5736,7,0.554,0.5946
penalized_cox,NORMA_q_age_set_co,prolonged_los,all,all,1690,1272,0.5736,all,0.554,0.5946
penalized_cox,NORMA_q_age_set_co,prolonged_los,all_eval_pop_normal,all,1690,1272,0.5736,1,0.554,0.5946
penalized_cox,NORMA_q_age_set_co,prolonged_los,all_eval_pop_normal,all,1690,1272,0.5736,14,0.554,0.5946
penalized_cox,NORMA_q_age_set_co,prolonged_los,all_eval_pop_normal,all,1690,1272,0.5736,2,0.554,0.5946
penalized_cox,NORMA_q_age_set_co,prolonged_los,all_eval_pop_normal,all,1690,1272,0.5736,30,0.554,0.5946
penalized_cox,NORMA_q_age_set_co,prolonged_los,all_eval_pop_normal,all,1690,1272,0.5736,7,0.554,0.5946
penalized_cox,NORMA_q_age_set_co,prolonged_los,all_eval_pop_normal,all,1690,1272,0.5736,all,0.554,0.5946
penalized_cox,NORMA_q_age_set_co,unplanned_icu,all,all,1690,243,0.7345,1,0.7036,0.7632
penalized_cox,NORMA_q_age_set_co,unplanned_icu,all,all,1690,243,0.7345,14,0.7036,0.7632
penalized_cox,NORMA_q_age_set_co,unplanned_icu,all,all,1690,243,0.7345,2,0.7036,0.7632
penalized_cox,NORMA_q_age_set_co,unplanned_icu,all,all,1690,243,0.7345,30,0.7036,0.7632
penalized_cox,NORMA_q_age_set_co,unplanned_icu,all,all,1690,243,0.7345,7,0.7036,0.7632
penalized_cox,NORMA_q_age_set_co,unplanned_icu,all,all,1690,243,0.7345,all,0.7036,0.7632
penalized_cox,NORMA_q_age_set_co,unplanned_icu,all_eval_pop_normal,all,1690,243,0.7345,1,0.7036,0.7632
penalized_cox,NORMA_q_age_set_co,unplanned_icu,all_eval_pop_normal,all,1690,243,0.7345,14,0.7036,0.7632
penalized_cox,NORMA_q_age_set_co,unplanned_icu,all_eval_pop_normal,all,1690,243,0.7345,2,0.7036,0.7632
penalized_cox,NORMA_q_age_set_co,unplanned_icu,all_eval_pop_normal,all,1690,243,0.7345,30,0.7036,0.7632
penalized_cox,NORMA_q_age_set_co,unplanned_icu,all_eval_pop_normal,all,1690,243,0.7345,7,0.7036,0.7632
penalized_cox,NORMA_q_age_set_co,unplanned_icu,all_eval_pop_normal,all,1690,243,0.7345,all,0.7036,0.7632
penalized_cox,NORMA_q_co,mortality,all,all,1690,22,0.9247,1,0.8265,0.9845
penalized_cox,NORMA_q_co,mortality,all,all,1690,22,0.9247,1,0.8265,0.9845
penalized_cox,NORMA_q_co,mortality,all,all,1690,22,0.9247,1,0.8265,0.9845
penalized_cox,NORMA_q_co,mortality,all,all,1690,22,0.9247,14,0.8265,0.9845
penalized_cox,NORMA_q_co,mortality,all,all,1690,22,0.9247,14,0.8265,0.9845
penalized_cox,NORMA_q_co,mortality,all,all,1690,22,0.9247,14,0.8265,0.9845
penalized_cox,NORMA_q_co,mortality,all,all,1690,22,0.9247,2,0.8265,0.9845
penalized_cox,NORMA_q_co,mortality,all,all,1690,22,0.9247,2,0.8265,0.9845
penalized_cox,NORMA_q_co,mortality,all,all,1690,22,0.9247,2,0.8265,0.9845
penalized_cox,NORMA_q_co,mortality,all,all,1690,22,0.9247,30,0.8265,0.9845
penalized_cox,NORMA_q_co,mortality,all,all,1690,22,0.9247,30,0.8265,0.9845
penalized_cox,NORMA_q_co,mortality,all,all,1690,22,0.9247,30,0.8265,0.9845
penalized_cox,NORMA_q_co,mortality,all,all,1690,22,0.9247,7,0.8265,0.9845
penalized_cox,NORMA_q_co,mortality,all,all,1690,22,0.9247,7,0.8265,0.9845
penalized_cox,NORMA_q_co,mortality,all,all,1690,22,0.9247,7,0.8265,0.9845
penalized_cox,NORMA_q_co,mortality,all,all,1690,22,0.9247,all,0.8265,0.9845
penalized_cox,NORMA_q_co,mortality,all_eval_pop_normal,all,1690,22,0.9247,1,0.8265,0.9845
penalized_cox,NORMA_q_co,mortality,all_eval_pop_normal,all,1690,22,0.9247,1,0.8265,0.9845
penalized_cox,NORMA_q_co,mortality,all_eval_pop_normal,all,1690,22,0.9247,1,0.8265,0.9845
penalized_cox,NORMA_q_co,mortality,all_eval_pop_normal,all,1690,22,0.9247,14,0.8265,0.9845
penalized_cox,NORMA_q_co,mortality,all_eval_pop_normal,all,1690,22,0.9247,14,0.8265,0.9845
penalized_cox,NORMA_q_co,mortality,all_eval_pop_normal,all,1690,22,0.9247,14,0.8265,0.9845
penalized_cox,NORMA_q_co,mortality,all_eval_pop_normal,all,1690,22,0.9247,2,0.8265,0.9845
penalized_cox,NORMA_q_co,mortality,all_eval_pop_normal,all,1690,22,0.9247,2,0.8265,0.9845
penalized_cox,NORMA_q_co,mortality,all_eval_pop_normal,all,1690,22,0.9247,2,0.8265,0.9845
penalized_cox,NORMA_q_co,mortality,all_eval_pop_normal,all,1690,22,0.9247,30,0.8265,0.9845
penalized_cox,NORMA_q_co,mortality,all_eval_pop_normal,all,1690,22,0.9247,30,0.8265,0.9845
penalized_cox,NORMA_q_co,mortality,all_eval_pop_normal,all,1690,22,0.9247,30,0.8265,0.9845
penalized_cox,NORMA_q_co,mortality,all_eval_pop_normal,all,1690,22,0.9247,7,0.8265,0.9845
penalized_cox,NORMA_q_co,mortality,all_eval_pop_normal,all,1690,22,0.9247,7,0.8265,0.9845
penalized_cox,NORMA_q_co,mortality,all_eval_pop_normal,all,1690,22,0.9247,7,0.8265,0.9845
penalized_cox,NORMA_q_co,mortality,all_eval_pop_normal,all,1690,22,0.9247,all,0.8265,0.9845
penalized_cox,NORMA_q_co,periop_infection,all,all,1672,28,0.5863,1,0.3741,0.6945
penalized_cox,NORMA_q_co,periop_infection,all,all,1672,28,0.5863,1,0.3741,0.6945
penalized_cox,NORMA_q_co,periop_infection,all,all,1672,28,0.5863,1,0.3741,0.6945
penalized_cox,NORMA_q_co,periop_infection,all,all,1672,28,0.5863,14,0.3741,0.6945
penalized_cox,NORMA_q_co,periop_infection,all,all,1672,28,0.5863,14,0.3741,0.6945
penalized_cox,NORMA_q_co,periop_infection,all,all,1672,28,0.5863,14,0.3741,0.6945
penalized_cox,NORMA_q_co,periop_infection,all,all,1672,28,0.5863,2,0.3741,0.6945
penalized_cox,NORMA_q_co,periop_infection,all,all,1672,28,0.5863,2,0.3741,0.6945
penalized_cox,NORMA_q_co,periop_infection,all,all,1672,28,0.5863,2,0.3741,0.6945
penalized_cox,NORMA_q_co,periop_infection,all,all,1672,28,0.5863,30,0.3741,0.6945
penalized_cox,NORMA_q_co,periop_infection,all,all,1672,28,0.5863,30,0.3741,0.6945
penalized_cox,NORMA_q_co,periop_infection,all,all,1672,28,0.5863,30,0.3741,0.6945
penalized_cox,NORMA_q_co,periop_infection,all,all,1672,28,0.5863,7,0.3741,0.6945
penalized_cox,NORMA_q_co,periop_infection,all,all,1672,28,0.5863,7,0.3741,0.6945
penalized_cox,NORMA_q_co,periop_infection,all,all,1672,28,0.5863,7,0.3741,0.6945
penalized_cox,NORMA_q_co,periop_infection,all,all,1672,28,0.5863,all,0.3741,0.6945
penalized_cox,NORMA_q_co,periop_infection,all_eval_pop_normal,all,1672,28,0.5863,1,0.3741,0.6945
penalized_cox,NORMA_q_co,periop_infection,all_eval_pop_normal,all,1672,28,0.5863,1,0.3741,0.6945
penalized_cox,NORMA_q_co,periop_infection,all_eval_pop_normal,all,1672,28,0.5863,1,0.3741,0.6945
penalized_cox,NORMA_q_co,periop_infection,all_eval_pop_normal,all,1672,28,0.5863,14,0.3741,0.6945
penalized_cox,NORMA_q_co,periop_infection,all_eval_pop_normal,all,1672,28,0.5863,14,0.3741,0.6945
penalized_cox,NORMA_q_co,periop_infection,all_eval_pop_normal,all,1672,28,0.5863,14,0.3741,0.6945
penalized_cox,NORMA_q_co,periop_infection,all_eval_pop_normal,all,1672,28,0.5863,2,0.3741,0.6945
penalized_cox,NORMA_q_co,periop_infection,all_eval_pop_normal,all,1672,28,0.5863,2,0.3741,0.6945
penalized_cox,NORMA_q_co,periop_infection,all_eval_pop_normal,all,1672,28,0.5863,2,0.3741,0.6945
penalized_cox,NORMA_q_co,periop_infection,all_eval_pop_normal,all,1672,28,0.5863,30,0.3741,0.6945
penalized_cox,NORMA_q_co,periop_infection,all_eval_pop_normal,all,1672,28,0.5863,30,0.3741,0.6945
penalized_cox,NORMA_q_co,periop_infection,all_eval_pop_normal,all,1672,28,0.5863,30,0.3741,0.6945
penalized_cox,NORMA_q_co,periop_infection,all_eval_pop_normal,all,1672,28,0.5863,7,0.3741,0.6945
penalized_cox,NORMA_q_co,periop_infection,all_eval_pop_normal,all,1672,28,0.5863,7,0.3741,0.6945
penalized_cox,NORMA_q_co,periop_infection,all_eval_pop_normal,all,1672,28,0.5863,7,0.3741,0.6945
penalized_cox,NORMA_q_co,periop_infection,all_eval_pop_normal,all,1672,28,0.5863,all,0.3741,0.6945
penalized_cox,NORMA_q_co,prolonged_los,all,all,1690,1272,0.5733,1,0.555,0.5926
penalized_cox,NORMA_q_co,prolonged_los,all,all,1690,1272,0.5733,1,0.555,0.5926
penalized_cox,NORMA_q_co,prolonged_los,all,all,1690,1272,0.5733,1,0.555,0.5926
penalized_cox,NORMA_q_co,prolonged_los,all,all,1690,1272,0.5733,14,0.555,0.5926
penalized_cox,NORMA_q_co,prolonged_los,all,all,1690,1272,0.5733,14,0.555,0.5926
penalized_cox,NORMA_q_co,prolonged_los,all,all,1690,1272,0.5733,14,0.555,0.5926
penalized_cox,NORMA_q_co,prolonged_los,all,all,1690,1272,0.5733,2,0.555,0.5926
penalized_cox,NORMA_q_co,prolonged_los,all,all,1690,1272,0.5733,2,0.555,0.5926
penalized_cox,NORMA_q_co,prolonged_los,all,all,1690,1272,0.5733,2,0.555,0.5926
penalized_cox,NORMA_q_co,prolonged_los,all,all,1690,1272,0.5733,30,0.555,0.5926
penalized_cox,NORMA_q_co,prolonged_los,all,all,1690,1272,0.5733,30,0.555,0.5926
penalized_cox,NORMA_q_co,prolonged_los,all,all,1690,1272,0.5733,30,0.555,0.5926
penalized_cox,NORMA_q_co,prolonged_los,all,all,1690,1272,0.5733,7,0.555,0.5926
penalized_cox,NORMA_q_co,prolonged_los,all,all,1690,1272,0.5733,7,0.555,0.5926
penalized_cox,NORMA_q_co,prolonged_los,all,all,1690,1272,0.5733,7,0.555,0.5926
penalized_cox,NORMA_q_co,prolonged_los,all,all,1690,1272,0.5733,all,0.555,0.5926
penalized_cox,NORMA_q_co,prolonged_los,all_eval_pop_normal,all,1690,1272,0.5733,1,0.555,0.5926
penalized_cox,NORMA_q_co,prolonged_los,all_eval_pop_normal,all,1690,1272,0.5733,1,0.555,0.5926
penalized_cox,NORMA_q_co,prolonged_los,all_eval_pop_normal,all,1690,1272,0.5733,1,0.555,0.5926
penalized_cox,NORMA_q_co,prolonged_los,all_eval_pop_normal,all,1690,1272,0.5733,14,0.555,0.5926
penalized_cox,NORMA_q_co,prolonged_los,all_eval_pop_normal,all,1690,1272,0.5733,14,0.555,0.5926
penalized_cox,NORMA_q_co,prolonged_los,all_eval_pop_normal,all,1690,1272,0.5733,14,0.555,0.5926
penalized_cox,NORMA_q_co,prolonged_los,all_eval_pop_normal,all,1690,1272,0.5733,2,0.555,0.5926
penalized_cox,NORMA_q_co,prolonged_los,all_eval_pop_normal,all,1690,1272,0.5733,2,0.555,0.5926
penalized_cox,NORMA_q_co,prolonged_los,all_eval_pop_normal,all,1690,1272,0.5733,2,0.555,0.5926
penalized_cox,NORMA_q_co,prolonged_los,all_eval_pop_normal,all,1690,1272,0.5733,30,0.555,0.5926
penalized_cox,NORMA_q_co,prolonged_los,all_eval_pop_normal,all,1690,1272,0.5733,30,0.555,0.5926
penalized_cox,NORMA_q_co,prolonged_los,all_eval_pop_normal,all,1690,1272,0.5733,30,0.555,0.5926
penalized_cox,NORMA_q_co,prolonged_los,all_eval_pop_normal,all,1690,1272,0.5733,7,0.555,0.5926
penalized_cox,NORMA_q_co,prolonged_los,all_eval_pop_normal,all,1690,1272,0.5733,7,0.555,0.5926
penalized_cox,NORMA_q_co,prolonged_los,all_eval_pop_normal,all,1690,1272,0.5733,7,0.555,0.5926
penalized_cox,NORMA_q_co,prolonged_los,all_eval_pop_normal,all,1690,1272,0.5733,all,0.555,0.5926
penalized_cox,NORMA_q_co,unplanned_icu,all,all,1690,243,0.733,1,0.7059,0.7619
penalized_cox,NORMA_q_co,unplanned_icu,all,all,1690,243,0.733,1,0.7059,0.7619
penalized_cox,NORMA_q_co,unplanned_icu,all,all,1690,243,0.733,1,0.7059,0.7619
penalized_cox,NORMA_q_co,unplanned_icu,all,all,1690,243,0.733,14,0.7059,0.7619
penalized_cox,NORMA_q_co,unplanned_icu,all,all,1690,243,0.733,14,0.7059,0.7619
penalized_cox,NORMA_q_co,unplanned_icu,all,all,1690,243,0.733,14,0.7059,0.7619
penalized_cox,NORMA_q_co,unplanned_icu,all,all,1690,243,0.733,2,0.7059,0.7619
penalized_cox,NORMA_q_co,unplanned_icu,all,all,1690,243,0.733,2,0.7059,0.7619
penalized_cox,NORMA_q_co,unplanned_icu,all,all,1690,243,0.733,2,0.7059,0.7619
penalized_cox,NORMA_q_co,unplanned_icu,all,all,1690,243,0.733,30,0.7059,0.7619
penalized_cox,NORMA_q_co,unplanned_icu,all,all,1690,243,0.733,30,0.7059,0.7619
penalized_cox,NORMA_q_co,unplanned_icu,all,all,1690,243,0.733,30,0.7059,0.7619
penalized_cox,NORMA_q_co,unplanned_icu,all,all,1690,243,0.733,7,0.7059,0.7619
penalized_cox,NORMA_q_co,unplanned_icu,all,all,1690,243,0.733,7,0.7059,0.7619
penalized_cox,NORMA_q_co,unplanned_icu,all,all,1690,243,0.733,7,0.7059,0.7619
penalized_cox,NORMA_q_co,unplanned_icu,all,all,1690,243,0.733,all,0.7059,0.7619
penalized_cox,NORMA_q_co,unplanned_icu,all_eval_pop_normal,all,1690,243,0.733,1,0.7059,0.7619
penalized_cox,NORMA_q_co,unplanned_icu,all_eval_pop_normal,all,1690,243,0.733,1,0.7059,0.7619
penalized_cox,NORMA_q_co,unplanned_icu,all_eval_pop_normal,all,1690,243,0.733,1,0.7059,0.7619
penalized_cox,NORMA_q_co,unplanned_icu,all_eval_pop_normal,all,1690,243,0.733,14,0.7059,0.7619
penalized_cox,NORMA_q_co,unplanned_icu,all_eval_pop_normal,all,1690,243,0.733,14,0.7059,0.7619
penalized_cox,NORMA_q_co,unplanned_icu,all_eval_pop_normal,all,1690,243,0.733,14,0.7059,0.7619
penalized_cox,NORMA_q_co,unplanned_icu,all_eval_pop_normal,all,1690,243,0.733,2,0.7059,0.7619
penalized_cox,NORMA_q_co,unplanned_icu,all_eval_pop_normal,all,1690,243,0.733,2,0.7059,0.7619
penalized_cox,NORMA_q_co,unplanned_icu,all_eval_pop_normal,all,1690,243,0.733,2,0.7059,0.7619
penalized_cox,NORMA_q_co,unplanned_icu,all_eval_pop_normal,all,1690,243,0.733,30,0.7059,0.7619
penalized_cox,NORMA_q_co,unplanned_icu,all_eval_pop_normal,all,1690,243,0.733,30,0.7059,0.7619
penalized_cox,NORMA_q_co,unplanned_icu,all_eval_pop_normal,all,1690,243,0.733,30,0.7059,0.7619
penalized_cox,NORMA_q_co,unplanned_icu,all_eval_pop_normal,all,1690,243,0.733,7,0.7059,0.7619
penalized_cox,NORMA_q_co,unplanned_icu,all_eval_pop_normal,all,1690,243,0.733,7,0.7059,0.7619
penalized_cox,NORMA_q_co,unplanned_icu,all_eval_pop_normal,all,1690,243,0.733,7,0.7059,0.7619
penalized_cox,NORMA_q_co,unplanned_icu,all_eval_pop_normal,all,1690,243,0.733,all,0.7059,0.7619
penalized_cox,NORMA_q_set,mortality,all,all,1690,22,0.9276,1,0.8426,0.9882
penalized_cox,NORMA_q_set,mortality,all,all,1690,22,0.9276,1,0.8426,0.9882
penalized_cox,NORMA_q_set,mortality,all,all,1690,22,0.9276,1,0.8426,0.9882
penalized_cox,NORMA_q_set,mortality,all,all,1690,22,0.9276,14,0.8426,0.9882
penalized_cox,NORMA_q_set,mortality,all,all,1690,22,0.9276,14,0.8426,0.9882
penalized_cox,NORMA_q_set,mortality,all,all,1690,22,0.9276,14,0.8426,0.9882
penalized_cox,NORMA_q_set,mortality,all,all,1690,22,0.9276,2,0.8426,0.9882
penalized_cox,NORMA_q_set,mortality,all,all,1690,22,0.9276,2,0.8426,0.9882
penalized_cox,NORMA_q_set,mortality,all,all,1690,22,0.9276,2,0.8426,0.9882
penalized_cox,NORMA_q_set,mortality,all,all,1690,22,0.9276,30,0.8426,0.9882
penalized_cox,NORMA_q_set,mortality,all,all,1690,22,0.9276,30,0.8426,0.9882
penalized_cox,NORMA_q_set,mortality,all,all,1690,22,0.9276,30,0.8426,0.9882
penalized_cox,NORMA_q_set,mortality,all,all,1690,22,0.9276,7,0.8426,0.9882
penalized_cox,NORMA_q_set,mortality,all,all,1690,22,0.9276,7,0.8426,0.9882
penalized_cox,NORMA_q_set,mortality,all,all,1690,22,0.9276,7,0.8426,0.9882
penalized_cox,NORMA_q_set,mortality,all,all,1690,22,0.9276,all,0.8426,0.9882
penalized_cox,NORMA_q_set,mortality,all_eval_pop_normal,all,1690,22,0.9276,1,0.8426,0.9882
penalized_cox,NORMA_q_set,mortality,all_eval_pop_normal,all,1690,22,0.9276,1,0.8426,0.9882
penalized_cox,NORMA_q_set,mortality,all_eval_pop_normal,all,1690,22,0.9276,1,0.8426,0.9882
penalized_cox,NORMA_q_set,mortality,all_eval_pop_normal,all,1690,22,0.9276,14,0.8426,0.9882
penalized_cox,NORMA_q_set,mortality,all_eval_pop_normal,all,1690,22,0.9276,14,0.8426,0.9882
penalized_cox,NORMA_q_set,mortality,all_eval_pop_normal,all,1690,22,0.9276,14,0.8426,0.9882
penalized_cox,NORMA_q_set,mortality,all_eval_pop_normal,all,1690,22,0.9276,2,0.8426,0.9882
penalized_cox,NORMA_q_set,mortality,all_eval_pop_normal,all,1690,22,0.9276,2,0.8426,0.9882
penalized_cox,NORMA_q_set,mortality,all_eval_pop_normal,all,1690,22,0.9276,2,0.8426,0.9882
penalized_cox,NORMA_q_set,mortality,all_eval_pop_normal,all,1690,22,0.9276,30,0.8426,0.9882
penalized_cox,NORMA_q_set,mortality,all_eval_pop_normal,all,1690,22,0.9276,30,0.8426,0.9882
penalized_cox,NORMA_q_set,mortality,all_eval_pop_normal,all,1690,22,0.9276,30,0.8426,0.9882
penalized_cox,NORMA_q_set,mortality,all_eval_pop_normal,all,1690,22,0.9276,7,0.8426,0.9882
penalized_cox,NORMA_q_set,mortality,all_eval_pop_normal,all,1690,22,0.9276,7,0.8426,0.9882
penalized_cox,NORMA_q_set,mortality,all_eval_pop_normal,all,1690,22,0.9276,7,0.8426,0.9882
penalized_cox,NORMA_q_set,mortality,all_eval_pop_normal,all,1690,22,0.9276,all,0.8426,0.9882
penalized_cox,NORMA_q_set,periop_infection,all,all,1672,28,0.5729,1,0.4316,0.6429
penalized_cox,NORMA_q_set,periop_infection,all,all,1672,28,0.5729,1,0.4316,0.6429
penalized_cox,NORMA_q_set,periop_infection,all,all,1672,28,0.5729,1,0.4316,0.6429
penalized_cox,NORMA_q_set,periop_infection,all,all,1672,28,0.5729,14,0.4316,0.6429
penalized_cox,NORMA_q_set,periop_infection,all,all,1672,28,0.5729,14,0.4316,0.6429
penalized_cox,NORMA_q_set,periop_infection,all,all,1672,28,0.5729,14,0.4316,0.6429
penalized_cox,NORMA_q_set,periop_infection,all,all,1672,28,0.5729,2,0.4316,0.6429
penalized_cox,NORMA_q_set,periop_infection,all,all,1672,28,0.5729,2,0.4316,0.6429
penalized_cox,NORMA_q_set,periop_infection,all,all,1672,28,0.5729,2,0.4316,0.6429
penalized_cox,NORMA_q_set,periop_infection,all,all,1672,28,0.5729,30,0.4316,0.6429
penalized_cox,NORMA_q_set,periop_infection,all,all,1672,28,0.5729,30,0.4316,0.6429
penalized_cox,NORMA_q_set,periop_infection,all,all,1672,28,0.5729,30,0.4316,0.6429
penalized_cox,NORMA_q_set,periop_infection,all,all,1672,28,0.5729,7,0.4316,0.6429
penalized_cox,NORMA_q_set,periop_infection,all,all,1672,28,0.5729,7,0.4316,0.6429
penalized_cox,NORMA_q_set,periop_infection,all,all,1672,28,0.5729,7,0.4316,0.6429
penalized_cox,NORMA_q_set,periop_infection,all,all,1672,28,0.5729,all,0.4316,0.6429
penalized_cox,NORMA_q_set,periop_infection,all_eval_pop_normal,all,1672,28,0.5729,1,0.4316,0.6429
penalized_cox,NORMA_q_set,periop_infection,all_eval_pop_normal,all,1672,28,0.5729,1,0.4316,0.6429
penalized_cox,NORMA_q_set,periop_infection,all_eval_pop_normal,all,1672,28,0.5729,1,0.4316,0.6429
penalized_cox,NORMA_q_set,periop_infection,all_eval_pop_normal,all,1672,28,0.5729,14,0.4316,0.6429
penalized_cox,NORMA_q_set,periop_infection,all_eval_pop_normal,all,1672,28,0.5729,14,0.4316,0.6429
penalized_cox,NORMA_q_set,periop_infection,all_eval_pop_normal,all,1672,28,0.5729,14,0.4316,0.6429
penalized_cox,NORMA_q_set,periop_infection,all_eval_pop_normal,all,1672,28,0.5729,2,0.4316,0.6429
penalized_cox,NORMA_q_set,periop_infection,all_eval_pop_normal,all,1672,28,0.5729,2,0.4316,0.6429
penalized_cox,NORMA_q_set,periop_infection,all_eval_pop_normal,all,1672,28,0.5729,2,0.4316,0.6429
penalized_cox,NORMA_q_set,periop_infection,all_eval_pop_normal,all,1672,28,0.5729,30,0.4316,0.6429
penalized_cox,NORMA_q_set,periop_infection,all_eval_pop_normal,all,1672,28,0.5729,30,0.4316,0.6429
penalized_cox,NORMA_q_set,periop_infection,all_eval_pop_normal,all,1672,28,0.5729,30,0.4316,0.6429
penalized_cox,NORMA_q_set,periop_infection,all_eval_pop_normal,all,1672,28,0.5729,7,0.4316,0.6429
penalized_cox,NORMA_q_set,periop_infection,all_eval_pop_normal,all,1672,28,0.5729,7,0.4316,0.6429
penalized_cox,NORMA_q_set,periop_infection,all_eval_pop_normal,all,1672,28,0.5729,7,0.4316,0.6429
penalized_cox,NORMA_q_set,periop_infection,all_eval_pop_normal,all,1672,28,0.5729,all,0.4316,0.6429
penalized_cox,NORMA_q_set,prolonged_los,all,all,1690,1272,0.575,1,0.5576,0.594
penalized_cox,NORMA_q_set,prolonged_los,all,all,1690,1272,0.575,1,0.5576,0.594
penalized_cox,NORMA_q_set,prolonged_los,all,all,1690,1272,0.575,1,0.5576,0.594
penalized_cox,NORMA_q_set,prolonged_los,all,all,1690,1272,0.575,14,0.5576,0.594
penalized_cox,NORMA_q_set,prolonged_los,all,all,1690,1272,0.575,14,0.5576,0.594
penalized_cox,NORMA_q_set,prolonged_los,all,all,1690,1272,0.575,14,0.5576,0.594
penalized_cox,NORMA_q_set,prolonged_los,all,all,1690,1272,0.575,2,0.5576,0.594
penalized_cox,NORMA_q_set,prolonged_los,all,all,1690,1272,0.575,2,0.5576,0.594
penalized_cox,NORMA_q_set,prolonged_los,all,all,1690,1272,0.575,2,0.5576,0.594
penalized_cox,NORMA_q_set,prolonged_los,all,all,1690,1272,0.575,30,0.5576,0.594
penalized_cox,NORMA_q_set,prolonged_los,all,all,1690,1272,0.575,30,0.5576,0.594
penalized_cox,NORMA_q_set,prolonged_los,all,all,1690,1272,0.575,30,0.5576,0.594
penalized_cox,NORMA_q_set,prolonged_los,all,all,1690,1272,0.575,7,0.5576,0.594
penalized_cox,NORMA_q_set,prolonged_los,all,all,1690,1272,0.575,7,0.5576,0.594
penalized_cox,NORMA_q_set,prolonged_los,all,all,1690,1272,0.575,7,0.5576,0.594
penalized_cox,NORMA_q_set,prolonged_los,all,all,1690,1272,0.575,all,0.5576,0.594
penalized_cox,NORMA_q_set,prolonged_los,all_eval_pop_normal,all,1690,1272,0.575,1,0.5576,0.594
penalized_cox,NORMA_q_set,prolonged_los,all_eval_pop_normal,all,1690,1272,0.575,1,0.5576,0.594
penalized_cox,NORMA_q_set,prolonged_los,all_eval_pop_normal,all,1690,1272,0.575,1,0.5576,0.594
penalized_cox,NORMA_q_set,prolonged_los,all_eval_pop_normal,all,1690,1272,0.575,14,0.5576,0.594
penalized_cox,NORMA_q_set,prolonged_los,all_eval_pop_normal,all,1690,1272,0.575,14,0.5576,0.594
penalized_cox,NORMA_q_set,prolonged_los,all_eval_pop_normal,all,1690,1272,0.575,14,0.5576,0.594
penalized_cox,NORMA_q_set,prolonged_los,all_eval_pop_normal,all,1690,1272,0.575,2,0.5576,0.594
penalized_cox,NORMA_q_set,prolonged_los,all_eval_pop_normal,all,1690,1272,0.575,2,0.5576,0.594
penalized_cox,NORMA_q_set,prolonged_los,all_eval_pop_normal,all,1690,1272,0.575,2,0.5576,0.594
penalized_cox,NORMA_q_set,prolonged_los,all_eval_pop_normal,all,1690,1272,0.575,30,0.5576,0.594
penalized_cox,NORMA_q_set,prolonged_los,all_eval_pop_normal,all,1690,1272,0.575,30,0.5576,0.594
penalized_cox,NORMA_q_set,prolonged_los,all_eval_pop_normal,all,1690,1272,0.575,30,0.5576,0.594
penalized_cox,NORMA_q_set,prolonged_los,all_eval_pop_normal,all,1690,1272,0.575,7,0.5576,0.594
penalized_cox,NORMA_q_set,prolonged_los,all_eval_pop_normal,all,1690,1272,0.575,7,0.5576,0.594
penalized_cox,NORMA_q_set,prolonged_los,all_eval_pop_normal,all,1690,1272,0.575,7,0.5576,0.594
penalized_cox,NORMA_q_set,prolonged_los,all_eval_pop_normal,all,1690,1272,0.575,all,0.5576,0.594
penalized_cox,NORMA_q_set,unplanned_icu,all,all,1690,243,0.7315,1,0.7021,0.7607
penalized_cox,NORMA_q_set,unplanned_icu,all,all,1690,243,0.7315,1,0.7021,0.7607
penalized_cox,NORMA_q_set,unplanned_icu,all,all,1690,243,0.7315,1,0.7021,0.7607
penalized_cox,NORMA_q_set,unplanned_icu,all,all,1690,243,0.7315,14,0.7021,0.7607
penalized_cox,NORMA_q_set,unplanned_icu,all,all,1690,243,0.7315,14,0.7021,0.7607
penalized_cox,NORMA_q_set,unplanned_icu,all,all,1690,243,0.7315,14,0.7021,0.7607
penalized_cox,NORMA_q_set,unplanned_icu,all,all,1690,243,0.7315,2,0.7021,0.7607
penalized_cox,NORMA_q_set,unplanned_icu,all,all,1690,243,0.7315,2,0.7021,0.7607
penalized_cox,NORMA_q_set,unplanned_icu,all,all,1690,243,0.7315,2,0.7021,0.7607
penalized_cox,NORMA_q_set,unplanned_icu,all,all,1690,243,0.7315,30,0.7021,0.7607
penalized_cox,NORMA_q_set,unplanned_icu,all,all,1690,243,0.7315,30,0.7021,0.7607
penalized_cox,NORMA_q_set,unplanned_icu,all,all,1690,243,0.7315,30,0.7021,0.7607
penalized_cox,NORMA_q_set,unplanned_icu,all,all,1690,243,0.7315,7,0.7021,0.7607
penalized_cox,NORMA_q_set,unplanned_icu,all,all,1690,243,0.7315,7,0.7021,0.7607
penalized_cox,NORMA_q_set,unplanned_icu,all,all,1690,243,0.7315,7,0.7021,0.7607
penalized_cox,NORMA_q_set,unplanned_icu,all,all,1690,243,0.7315,all,0.7021,0.7607
penalized_cox,NORMA_q_set,unplanned_icu,all_eval_pop_normal,all,1690,243,0.7315,1,0.7021,0.7607
penalized_cox,NORMA_q_set,unplanned_icu,all_eval_pop_normal,all,1690,243,0.7315,1,0.7021,0.7607
penalized_cox,NORMA_q_set,unplanned_icu,all_eval_pop_normal,all,1690,243,0.7315,1,0.7021,0.7607
penalized_cox,NORMA_q_set,unplanned_icu,all_eval_pop_normal,all,1690,243,0.7315,14,0.7021,0.7607
penalized_cox,NORMA_q_set,unplanned_icu,all_eval_pop_normal,all,1690,243,0.7315,14,0.7021,0.7607
penalized_cox,NORMA_q_set,unplanned_icu,all_eval_pop_normal,all,1690,243,0.7315,14,0.7021,0.7607
penalized_cox,NORMA_q_set,unplanned_icu,all_eval_pop_normal,all,1690,243,0.7315,2,0.7021,0.7607
penalized_cox,NORMA_q_set,unplanned_icu,all_eval_pop_normal,all,1690,243,0.7315,2,0.7021,0.7607
penalized_cox,NORMA_q_set,unplanned_icu,all_eval_pop_normal,all,1690,243,0.7315,2,0.7021,0.7607
penalized_cox,NORMA_q_set,unplanned_icu,all_eval_pop_normal,all,1690,243,0.7315,30,0.7021,0.7607
penalized_cox,NORMA_q_set,unplanned_icu,all_eval_pop_normal,all,1690,243,0.7315,30,0.7021,0.7607
penalized_cox,NORMA_q_set,unplanned_icu,all_eval_pop_normal,all,1690,243,0.7315,30,0.7021,0.7607
penalized_cox,NORMA_q_set,unplanned_icu,all_eval_pop_normal,all,1690,243,0.7315,7,0.7021,0.7607
penalized_cox,NORMA_q_set,unplanned_icu,all_eval_pop_normal,all,1690,243,0.7315,7,0.7021,0.7607
penalized_cox,NORMA_q_set,unplanned_icu,all_eval_pop_normal,all,1690,243,0.7315,7,0.7021,0.7607
penalized_cox,NORMA_q_set,unplanned_icu,all_eval_pop_normal,all,1690,243,0.7315,all,0.7021,0.7607
penalized_cox,PerRI,mortality,all,BMP,1876,39,0.548,1,0.4392,0.6776
penalized_cox,PerRI,mortality,all,BMP,1876,39,0.548,14,0.4392,0.6776
penalized_cox,PerRI,mortality,all,BMP,1876,39,0.548,2,0.4392,0.6776
penalized_cox,PerRI,mortality,all,BMP,1876,39,0.548,30,0.4392,0.6776
penalized_cox,PerRI,mortality,all,BMP,1876,39,0.548,7,0.4392,0.6776
penalized_cox,PerRI,mortality,all,BMP,1876,39,0.548,all,0.4392,0.6776
penalized_cox,PerRI,mortality,all,CBC,1888,37,0.7288,1,0.6374,0.8688
penalized_cox,PerRI,mortality,all,CBC,1888,37,0.7288,14,0.6374,0.8688
penalized_cox,PerRI,mortality,all,CBC,1888,37,0.7288,2,0.6374,0.8688
penalized_cox,PerRI,mortality,all,CBC,1888,37,0.7288,30,0.6374,0.8688
penalized_cox,PerRI,mortality,all,CBC,1888,37,0.7288,7,0.6374,0.8688
penalized_cox,PerRI,mortality,all,CBC,1888,37,0.7288,all,0.6374,0.8688
penalized_cox,PerRI,mortality,all,HFP,1489,38,0.6654,1,0.4363,0.8239
penalized_cox,PerRI,mortality,all,HFP,1489,38,0.6654,14,0.4363,0.8239
penalized_cox,PerRI,mortality,all,HFP,1489,38,0.6654,2,0.4363,0.8239
penalized_cox,PerRI,mortality,all,HFP,1489,38,0.6654,30,0.4363,0.8239
penalized_cox,PerRI,mortality,all,HFP,1489,38,0.6654,7,0.4363,0.8239
penalized_cox,PerRI,mortality,all,HFP,1489,38,0.6654,all,0.4363,0.8239
penalized_cox,PerRI,mortality,all,all,1690,22,0.9114,1,0.8084,0.9744
penalized_cox,PerRI,mortality,all,all,1690,22,0.9114,14,0.8084,0.9744
penalized_cox,PerRI,mortality,all,all,1690,22,0.9114,2,0.8084,0.9744
penalized_cox,PerRI,mortality,all,all,1690,22,0.9114,30,0.8084,0.9744
penalized_cox,PerRI,mortality,all,all,1690,22,0.9114,7,0.8084,0.9744
penalized_cox,PerRI,mortality,all,all,1690,22,0.9114,all,0.8084,0.9744
penalized_cox,PerRI,mortality,all_eval_pop_normal,BMP,1874,39,0.548,1,0.4328,0.6768
penalized_cox,PerRI,mortality,all_eval_pop_normal,BMP,1874,39,0.548,14,0.4328,0.6768
penalized_cox,PerRI,mortality,all_eval_pop_normal,BMP,1874,39,0.548,2,0.4328,0.6768
penalized_cox,PerRI,mortality,all_eval_pop_normal,BMP,1874,39,0.548,30,0.4328,0.6768
penalized_cox,PerRI,mortality,all_eval_pop_normal,BMP,1874,39,0.548,7,0.4328,0.6768
penalized_cox,PerRI,mortality,all_eval_pop_normal,BMP,1874,39,0.548,all,0.4328,0.6768
penalized_cox,PerRI,mortality,all_eval_pop_normal,CBC,1885,37,0.7288,1,0.626,0.8907
penalized_cox,PerRI,mortality,all_eval_pop_normal,CBC,1885,37,0.7288,14,0.626,0.8907
penalized_cox,PerRI,mortality,all_eval_pop_normal,CBC,1885,37,0.7288,2,0.626,0.8907
penalized_cox,PerRI,mortality,all_eval_pop_normal,CBC,1885,37,0.7288,30,0.626,0.8907
penalized_cox,PerRI,mortality,all_eval_pop_normal,CBC,1885,37,0.7288,7,0.626,0.8907
penalized_cox,PerRI,mortality,all_eval_pop_normal,CBC,1885,37,0.7288,all,0.626,0.8907
penalized_cox,PerRI,mortality,all_eval_pop_normal,HFP,1489,38,0.6654,1,0.4363,0.8239
penalized_cox,PerRI,mortality,all_eval_pop_normal,HFP,1489,38,0.6654,14,0.4363,0.8239
penalized_cox,PerRI,mortality,all_eval_pop_normal,HFP,1489,38,0.6654,2,0.4363,0.8239
penalized_cox,PerRI,mortality,all_eval_pop_normal,HFP,1489,38,0.6654,30,0.4363,0.8239
penalized_cox,PerRI,mortality,all_eval_pop_normal,HFP,1489,38,0.6654,7,0.4363,0.8239
penalized_cox,PerRI,mortality,all_eval_pop_normal,HFP,1489,38,0.6654,all,0.4363,0.8239
penalized_cox,PerRI,mortality,all_eval_pop_normal,all,1690,22,0.9114,1,0.8084,0.9744
penalized_cox,PerRI,mortality,all_eval_pop_normal,all,1690,22,0.9114,14,0.8084,0.9744
penalized_cox,PerRI,mortality,all_eval_pop_normal,all,1690,22,0.9114,2,0.8084,0.9744
penalized_cox,PerRI,mortality,all_eval_pop_normal,all,1690,22,0.9114,30,0.8084,0.9744
penalized_cox,PerRI,mortality,all_eval_pop_normal,all,1690,22,0.9114,7,0.8084,0.9744
penalized_cox,PerRI,mortality,all_eval_pop_normal,all,1690,22,0.9114,all,0.8084,0.9744
penalized_cox,PerRI,periop_infection,all,BMP,1853,58,0.3142,1,0.1519,0.4781
penalized_cox,PerRI,periop_infection,all,BMP,1853,58,0.3142,14,0.1519,0.4781
penalized_cox,PerRI,periop_infection,all,BMP,1853,58,0.3142,2,0.1519,0.4781
penalized_cox,PerRI,periop_infection,all,BMP,1853,58,0.3142,30,0.1519,0.4781
penalized_cox,PerRI,periop_infection,all,BMP,1853,58,0.3142,7,0.1519,0.4781
penalized_cox,PerRI,periop_infection,all,BMP,1853,58,0.3142,all,0.1519,0.4781
penalized_cox,PerRI,periop_infection,all,CBC,1854,58,0.4645,1,0.3067,0.6537
penalized_cox,PerRI,periop_infection,all,CBC,1854,58,0.4645,14,0.3067,0.6537
penalized_cox,PerRI,periop_infection,all,CBC,1854,58,0.4645,2,0.3067,0.6537
penalized_cox,PerRI,periop_infection,all,CBC,1854,58,0.4645,30,0.3067,0.6537
penalized_cox,PerRI,periop_infection,all,CBC,1854,58,0.4645,7,0.3067,0.6537
penalized_cox,PerRI,periop_infection,all,CBC,1854,58,0.4645,all,0.3067,0.6537
penalized_cox,PerRI,periop_infection,all,HFP,1461,54,0.5536,1,0.4297,0.6594
penalized_cox,PerRI,periop_infection,all,HFP,1461,54,0.5536,14,0.4297,0.6594
penalized_cox,PerRI,periop_infection,all,HFP,1461,54,0.5536,2,0.4297,0.6594
penalized_cox,PerRI,periop_infection,all,HFP,1461,54,0.5536,30,0.4297,0.6594
penalized_cox,PerRI,periop_infection,all,HFP,1461,54,0.5536,7,0.4297,0.6594
penalized_cox,PerRI,periop_infection,all,HFP,1461,54,0.5536,all,0.4297,0.6594
penalized_cox,PerRI,periop_infection,all,all,1672,28,0.6179,1,0.4619,0.6904
penalized_cox,PerRI,periop_infection,all,all,1672,28,0.6179,14,0.4619,0.6904
penalized_cox,PerRI,periop_infection,all,all,1672,28,0.6179,2,0.4619,0.6904
penalized_cox,PerRI,periop_infection,all,all,1672,28,0.6179,30,0.4619,0.6904
penalized_cox,PerRI,periop_infection,all,all,1672,28,0.6179,7,0.4619,0.6904
penalized_cox,PerRI,periop_infection,all,all,1672,28,0.6179,all,0.4619,0.6904
penalized_cox,PerRI,periop_infection,all_eval_pop_normal,BMP,1853,58,0.3142,1,0.1519,0.4781
penalized_cox,PerRI,periop_infection,all_eval_pop_normal,BMP,1853,58,0.3142,14,0.1519,0.4781
penalized_cox,PerRI,periop_infection,all_eval_pop_normal,BMP,1853,58,0.3142,2,0.1519,0.4781
penalized_cox,PerRI,periop_infection,all_eval_pop_normal,BMP,1853,58,0.3142,30,0.1519,0.4781
penalized_cox,PerRI,periop_infection,all_eval_pop_normal,BMP,1853,58,0.3142,7,0.1519,0.4781
penalized_cox,PerRI,periop_infection,all_eval_pop_normal,BMP,1853,58,0.3142,all,0.1519,0.4781
penalized_cox,PerRI,periop_infection,all_eval_pop_normal,CBC,1853,58,0.4643,1,0.3014,0.6251
penalized_cox,PerRI,periop_infection,all_eval_pop_normal,CBC,1853,58,0.4643,14,0.3014,0.6251
penalized_cox,PerRI,periop_infection,all_eval_pop_normal,CBC,1853,58,0.4643,2,0.3014,0.6251
penalized_cox,PerRI,periop_infection,all_eval_pop_normal,CBC,1853,58,0.4643,30,0.3014,0.6251
penalized_cox,PerRI,periop_infection,all_eval_pop_normal,CBC,1853,58,0.4643,7,0.3014,0.6251
penalized_cox,PerRI,periop_infection,all_eval_pop_normal,CBC,1853,58,0.4643,all,0.3014,0.6251
penalized_cox,PerRI,periop_infection,all_eval_pop_normal,HFP,1461,54,0.5536,1,0.4297,0.6594
penalized_cox,PerRI,periop_infection,all_eval_pop_normal,HFP,1461,54,0.5536,14,0.4297,0.6594
penalized_cox,PerRI,periop_infection,all_eval_pop_normal,HFP,1461,54,0.5536,2,0.4297,0.6594
penalized_cox,PerRI,periop_infection,all_eval_pop_normal,HFP,1461,54,0.5536,30,0.4297,0.6594
penalized_cox,PerRI,periop_infection,all_eval_pop_normal,HFP,1461,54,0.5536,7,0.4297,0.6594
penalized_cox,PerRI,periop_infection,all_eval_pop_normal,HFP,1461,54,0.5536,all,0.4297,0.6594
penalized_cox,PerRI,periop_infection,all_eval_pop_normal,all,1672,28,0.6179,1,0.4619,0.6904
penalized_cox,PerRI,periop_infection,all_eval_pop_normal,all,1672,28,0.6179,14,0.4619,0.6904
penalized_cox,PerRI,periop_infection,all_eval_pop_normal,all,1672,28,0.6179,2,0.4619,0.6904
penalized_cox,PerRI,periop_infection,all_eval_pop_normal,all,1672,28,0.6179,30,0.4619,0.6904
penalized_cox,PerRI,periop_infection,all_eval_pop_normal,all,1672,28,0.6179,7,0.4619,0.6904
penalized_cox,PerRI,periop_infection,all_eval_pop_normal,all,1672,28,0.6179,all,0.4619,0.6904
penalized_cox,PerRI,prolonged_los,all,BMP,1881,1360,0.6074,1,0.5894,0.6244
penalized_cox,PerRI,prolonged_los,all,BMP,1881,1360,0.6074,14,0.5894,0.6244
penalized_cox,PerRI,prolonged_los,all,BMP,1881,1360,0.6074,2,0.5894,0.6244
penalized_cox,PerRI,prolonged_los,all,BMP,1881,1360,0.6074,30,0.5894,0.6244
penalized_cox,PerRI,prolonged_los,all,BMP,1881,1360,0.6074,7,0.5894,0.6244
penalized_cox,PerRI,prolonged_los,all,BMP,1881,1360,0.6074,all,0.5894,0.6244
penalized_cox,PerRI,prolonged_los,all,CBC,1893,1360,0.5801,1,0.5614,0.5988
penalized_cox,PerRI,prolonged_los,all,CBC,1893,1360,0.5801,14,0.5614,0.5988
penalized_cox,PerRI,prolonged_los,all,CBC,1893,1360,0.5801,2,0.5614,0.5988
penalized_cox,PerRI,prolonged_los,all,CBC,1893,1360,0.5801,30,0.5614,0.5988
penalized_cox,PerRI,prolonged_los,all,CBC,1893,1360,0.5801,7,0.5614,0.5988
penalized_cox,PerRI,prolonged_los,all,CBC,1893,1360,0.5801,all,0.5614,0.5988
penalized_cox,PerRI,prolonged_los,all,HFP,1469,1143,0.5806,1,0.5582,0.6019
penalized_cox,PerRI,prolonged_los,all,HFP,1469,1143,0.5806,14,0.5582,0.6019
penalized_cox,PerRI,prolonged_los,all,HFP,1469,1143,0.5806,2,0.5582,0.6019
penalized_cox,PerRI,prolonged_los,all,HFP,1469,1143,0.5806,30,0.5582,0.6019
penalized_cox,PerRI,prolonged_los,all,HFP,1469,1143,0.5806,7,0.5582,0.6019
penalized_cox,PerRI,prolonged_los,all,HFP,1469,1143,0.5806,all,0.5582,0.6019
penalized_cox,PerRI,prolonged_los,all,all,1690,1272,0.5581,1,0.5388,0.5779
penalized_cox,PerRI,prolonged_los,all,all,1690,1272,0.5581,14,0.5388,0.5779
penalized_cox,PerRI,prolonged_los,all,all,1690,1272,0.5581,2,0.5388,0.5779
penalized_cox,PerRI,prolonged_los,all,all,1690,1272,0.5581,30,0.5388,0.5779
penalized_cox,PerRI,prolonged_los,all,all,1690,1272,0.5581,7,0.5388,0.5779
penalized_cox,PerRI,prolonged_los,all,all,1690,1272,0.5581,all,0.5388,0.5779
penalized_cox,PerRI,prolonged_los,all_eval_pop_normal,BMP,1880,1360,0.6074,1,0.5882,0.6231
penalized_cox,PerRI,prolonged_los,all_eval_pop_normal,BMP,1880,1360,0.6074,14,0.5882,0.6231
penalized_cox,PerRI,prolonged_los,all_eval_pop_normal,BMP,1880,1360,0.6074,2,0.5882,0.6231
penalized_cox,PerRI,prolonged_los,all_eval_pop_normal,BMP,1880,1360,0.6074,30,0.5882,0.6231
penalized_cox,PerRI,prolonged_los,all_eval_pop_normal,BMP,1880,1360,0.6074,7,0.5882,0.6231
penalized_cox,PerRI,prolonged_los,all_eval_pop_normal,BMP,1880,1360,0.6074,all,0.5882,0.6231
penalized_cox,PerRI,prolonged_los,all_eval_pop_normal,CBC,1892,1360,0.5801,1,0.5624,0.5984
penalized_cox,PerRI,prolonged_los,all_eval_pop_normal,CBC,1892,1360,0.5801,14,0.5624,0.5984
penalized_cox,PerRI,prolonged_los,all_eval_pop_normal,CBC,1892,1360,0.5801,2,0.5624,0.5984
penalized_cox,PerRI,prolonged_los,all_eval_pop_normal,CBC,1892,1360,0.5801,30,0.5624,0.5984
penalized_cox,PerRI,prolonged_los,all_eval_pop_normal,CBC,1892,1360,0.5801,7,0.5624,0.5984
penalized_cox,PerRI,prolonged_los,all_eval_pop_normal,CBC,1892,1360,0.5801,all,0.5624,0.5984
penalized_cox,PerRI,prolonged_los,all_eval_pop_normal,HFP,1468,1143,0.5806,1,0.5594,0.6026
penalized_cox,PerRI,prolonged_los,all_eval_pop_normal,HFP,1468,1143,0.5806,14,0.5594,0.6026
penalized_cox,PerRI,prolonged_los,all_eval_pop_normal,HFP,1468,1143,0.5806,2,0.5594,0.6026
penalized_cox,PerRI,prolonged_los,all_eval_pop_normal,HFP,1468,1143,0.5806,30,0.5594,0.6026
penalized_cox,PerRI,prolonged_los,all_eval_pop_normal,HFP,1468,1143,0.5806,7,0.5594,0.6026
penalized_cox,PerRI,prolonged_los,all_eval_pop_normal,HFP,1468,1143,0.5806,all,0.5594,0.6026
penalized_cox,PerRI,prolonged_los,all_eval_pop_normal,all,1690,1272,0.5581,1,0.5388,0.5779
penalized_cox,PerRI,prolonged_los,all_eval_pop_normal,all,1690,1272,0.5581,14,0.5388,0.5779
penalized_cox,PerRI,prolonged_los,all_eval_pop_normal,all,1690,1272,0.5581,2,0.5388,0.5779
penalized_cox,PerRI,prolonged_los,all_eval_pop_normal,all,1690,1272,0.5581,30,0.5388,0.5779
penalized_cox,PerRI,prolonged_los,all_eval_pop_normal,all,1690,1272,0.5581,7,0.5388,0.5779
penalized_cox,PerRI,prolonged_los,all_eval_pop_normal,all,1690,1272,0.5581,all,0.5388,0.5779
penalized_cox,PerRI,unplanned_icu,all,BMP,1880,463,0.6052,1,0.575,0.6279
penalized_cox,PerRI,unplanned_icu,all,BMP,1880,463,0.6052,14,0.575,0.6279
penalized_cox,PerRI,unplanned_icu,all,BMP,1880,463,0.6052,2,0.575,0.6279
penalized_cox,PerRI,unplanned_icu,all,BMP,1880,463,0.6052,30,0.575,0.6279
penalized_cox,PerRI,unplanned_icu,all,BMP,1880,463,0.6052,7,0.575,0.6279
penalized_cox,PerRI,unplanned_icu,all,BMP,1880,463,0.6052,all,0.575,0.6279
penalized_cox,PerRI,unplanned_icu,all,CBC,1870,466,0.5558,1,0.5311,0.5818
penalized_cox,PerRI,unplanned_icu,all,CBC,1870,466,0.5558,14,0.5311,0.5818
penalized_cox,PerRI,unplanned_icu,all,CBC,1870,466,0.5558,2,0.5311,0.5818
penalized_cox,PerRI,unplanned_icu,all,CBC,1870,466,0.5558,30,0.5311,0.5818
penalized_cox,PerRI,unplanned_icu,all,CBC,1870,466,0.5558,7,0.5311,0.5818
penalized_cox,PerRI,unplanned_icu,all,CBC,1870,466,0.5558,all,0.5311,0.5818
penalized_cox,PerRI,unplanned_icu,all,HFP,1460,412,0.5461,1,0.5148,0.5703
penalized_cox,PerRI,unplanned_icu,all,HFP,1460,412,0.5461,14,0.5148,0.5703
penalized_cox,PerRI,unplanned_icu,all,HFP,1460,412,0.5461,2,0.5148,0.5703
penalized_cox,PerRI,unplanned_icu,all,HFP,1460,412,0.5461,30,0.5148,0.5703
penalized_cox,PerRI,unplanned_icu,all,HFP,1460,412,0.5461,7,0.5148,0.5703
penalized_cox,PerRI,unplanned_icu,all,HFP,1460,412,0.5461,all,0.5148,0.5703
penalized_cox,PerRI,unplanned_icu,all,all,1690,243,0.7335,1,0.7028,0.7652
penalized_cox,PerRI,unplanned_icu,all,all,1690,243,0.7335,14,0.7028,0.7652
penalized_cox,PerRI,unplanned_icu,all,all,1690,243,0.7335,2,0.7028,0.7652
penalized_cox,PerRI,unplanned_icu,all,all,1690,243,0.7335,30,0.7028,0.7652
penalized_cox,PerRI,unplanned_icu,all,all,1690,243,0.7335,7,0.7028,0.7652
penalized_cox,PerRI,unplanned_icu,all,all,1690,243,0.7335,all,0.7028,0.7652
penalized_cox,PerRI,unplanned_icu,all_eval_pop_normal,BMP,1880,463,0.6052,1,0.575,0.6279
penalized_cox,PerRI,unplanned_icu,all_eval_pop_normal,BMP,1880,463,0.6052,14,0.575,0.6279
penalized_cox,PerRI,unplanned_icu,all_eval_pop_normal,BMP,1880,463,0.6052,2,0.575,0.6279
penalized_cox,PerRI,unplanned_icu,all_eval_pop_normal,BMP,1880,463,0.6052,30,0.575,0.6279
penalized_cox,PerRI,unplanned_icu,all_eval_pop_normal,BMP,1880,463,0.6052,7,0.575,0.6279
penalized_cox,PerRI,unplanned_icu,all_eval_pop_normal,BMP,1880,463,0.6052,all,0.575,0.6279
penalized_cox,PerRI,unplanned_icu,all_eval_pop_normal,CBC,1869,466,0.5561,1,0.5289,0.586
penalized_cox,PerRI,unplanned_icu,all_eval_pop_normal,CBC,1869,466,0.5561,14,0.5289,0.586
penalized_cox,PerRI,unplanned_icu,all_eval_pop_normal,CBC,1869,466,0.5561,2,0.5289,0.586
penalized_cox,PerRI,unplanned_icu,all_eval_pop_normal,CBC,1869,466,0.5561,30,0.5289,0.586
penalized_cox,PerRI,unplanned_icu,all_eval_pop_normal,CBC,1869,466,0.5561,7,0.5289,0.586
penalized_cox,PerRI,unplanned_icu,all_eval_pop_normal,CBC,1869,466,0.5561,all,0.5289,0.586
penalized_cox,PerRI,unplanned_icu,all_eval_pop_normal,HFP,1460,412,0.5461,1,0.5148,0.5703
penalized_cox,PerRI,unplanned_icu,all_eval_pop_normal,HFP,1460,412,0.5461,14,0.5148,0.5703
penalized_cox,PerRI,unplanned_icu,all_eval_pop_normal,HFP,1460,412,0.5461,2,0.5148,0.5703
penalized_cox,PerRI,unplanned_icu,all_eval_pop_normal,HFP,1460,412,0.5461,30,0.5148,0.5703
penalized_cox,PerRI,unplanned_icu,all_eval_pop_normal,HFP,1460,412,0.5461,7,0.5148,0.5703
penalized_cox,PerRI,unplanned_icu,all_eval_pop_normal,HFP,1460,412,0.5461,all,0.5148,0.5703
penalized_cox,PerRI,unplanned_icu,all_eval_pop_normal,all,1690,243,0.7335,1,0.7028,0.7652
penalized_cox,PerRI,unplanned_icu,all_eval_pop_normal,all,1690,243,0.7335,14,0.7028,0.7652
penalized_cox,PerRI,unplanned_icu,all_eval_pop_normal,all,1690,243,0.7335,2,0.7028,0.7652
penalized_cox,PerRI,unplanned_icu,all_eval_pop_normal,all,1690,243,0.7335,30,0.7028,0.7652
penalized_cox,PerRI,unplanned_icu,all_eval_pop_normal,all,1690,243,0.7335,7,0.7028,0.7652
penalized_cox,PerRI,unplanned_icu,all_eval_pop_normal,all,1690,243,0.7335,all,0.7028,0.7652
penalized_cox,PopRI,mortality,all,BMP,1876,39,0.4619,1,0.308,0.7099
penalized_cox,PopRI,mortality,all,BMP,1876,39,0.4619,14,0.308,0.7099
penalized_cox,PopRI,mortality,all,BMP,1876,39,0.4619,2,0.308,0.7099
penalized_cox,PopRI,mortality,all,BMP,1876,39,0.4619,30,0.308,0.7099
penalized_cox,PopRI,mortality,all,BMP,1876,39,0.4619,7,0.308,0.7099
penalized_cox,PopRI,mortality,all,BMP,1876,39,0.4619,all,0.308,0.7099
penalized_cox,PopRI,mortality,all,CBC,1888,37,0.7882,1,0.7149,0.8557
penalized_cox,PopRI,mortality,all,CBC,1888,37,0.7882,14,0.7149,0.8557
penalized_cox,PopRI,mortality,all,CBC,1888,37,0.7882,2,0.7149,0.8557
penalized_cox,PopRI,mortality,all,CBC,1888,37,0.7882,30,0.7149,0.8557
penalized_cox,PopRI,mortality,all,CBC,1888,37,0.7882,7,0.7149,0.8557
penalized_cox,PopRI,mortality,all,CBC,1888,37,0.7882,all,0.7149,0.8557
penalized_cox,PopRI,mortality,all,HFP,1489,38,0.6601,1,0.4954,0.8772
penalized_cox,PopRI,mortality,all,HFP,1489,38,0.6601,14,0.4954,0.8772
penalized_cox,PopRI,mortality,all,HFP,1489,38,0.6601,2,0.4954,0.8772
penalized_cox,PopRI,mortality,all,HFP,1489,38,0.6601,30,0.4954,0.8772
penalized_cox,PopRI,mortality,all,HFP,1489,38,0.6601,7,0.4954,0.8772
penalized_cox,PopRI,mortality,all,HFP,1489,38,0.6601,all,0.4954,0.8772
penalized_cox,PopRI,mortality,all,all,1690,22,0.9376,1,0.8558,0.9889
penalized_cox,PopRI,mortality,all,all,1690,22,0.9376,14,0.8558,0.9889
penalized_cox,PopRI,mortality,all,all,1690,22,0.9376,2,0.8558,0.9889
penalized_cox,PopRI,mortality,all,all,1690,22,0.9376,30,0.8558,0.9889
penalized_cox,PopRI,mortality,all,all,1690,22,0.9376,7,0.8558,0.9889
penalized_cox,PopRI,mortality,all,all,1690,22,0.9376,all,0.8558,0.9889
penalized_cox,PopRI,mortality,all_eval_pop_normal,BMP,1874,39,0.462,1,0.3082,0.7138
penalized_cox,PopRI,mortality,all_eval_pop_normal,BMP,1874,39,0.462,14,0.3082,0.7138
penalized_cox,PopRI,mortality,all_eval_pop_normal,BMP,1874,39,0.462,2,0.3082,0.7138
penalized_cox,PopRI,mortality,all_eval_pop_normal,BMP,1874,39,0.462,30,0.3082,0.7138
penalized_cox,PopRI,mortality,all_eval_pop_normal,BMP,1874,39,0.462,7,0.3082,0.7138
penalized_cox,PopRI,mortality,all_eval_pop_normal,BMP,1874,39,0.462,all,0.3082,0.7138
penalized_cox,PopRI,mortality,all_eval_pop_normal,CBC,1885,37,0.7883,1,0.7125,0.8702
penalized_cox,PopRI,mortality,all_eval_pop_normal,CBC,1885,37,0.7883,14,0.7125,0.8702
penalized_cox,PopRI,mortality,all_eval_pop_normal,CBC,1885,37,0.7883,2,0.7125,0.8702
penalized_cox,PopRI,mortality,all_eval_pop_normal,CBC,1885,37,0.7883,30,0.7125,0.8702
penalized_cox,PopRI,mortality,all_eval_pop_normal,CBC,1885,37,0.7883,7,0.7125,0.8702
penalized_cox,PopRI,mortality,all_eval_pop_normal,CBC,1885,37,0.7883,all,0.7125,0.8702
penalized_cox,PopRI,mortality,all_eval_pop_normal,HFP,1489,38,0.6601,1,0.4954,0.8772
penalized_cox,PopRI,mortality,all_eval_pop_normal,HFP,1489,38,0.6601,14,0.4954,0.8772
penalized_cox,PopRI,mortality,all_eval_pop_normal,HFP,1489,38,0.6601,2,0.4954,0.8772
penalized_cox,PopRI,mortality,all_eval_pop_normal,HFP,1489,38,0.6601,30,0.4954,0.8772
penalized_cox,PopRI,mortality,all_eval_pop_normal,HFP,1489,38,0.6601,7,0.4954,0.8772
penalized_cox,PopRI,mortality,all_eval_pop_normal,HFP,1489,38,0.6601,all,0.4954,0.8772
penalized_cox,PopRI,mortality,all_eval_pop_normal,all,1690,22,0.9376,1,0.8558,0.9889
penalized_cox,PopRI,mortality,all_eval_pop_normal,all,1690,22,0.9376,14,0.8558,0.9889
penalized_cox,PopRI,mortality,all_eval_pop_normal,all,1690,22,0.9376,2,0.8558,0.9889
penalized_cox,PopRI,mortality,all_eval_pop_normal,all,1690,22,0.9376,30,0.8558,0.9889
penalized_cox,PopRI,mortality,all_eval_pop_normal,all,1690,22,0.9376,7,0.8558,0.9889
penalized_cox,PopRI,mortality,all_eval_pop_normal,all,1690,22,0.9376,all,0.8558,0.9889
penalized_cox,PopRI,periop_infection,all,BMP,1853,58,0.2599,1,0.1496,0.3752
penalized_cox,PopRI,periop_infection,all,BMP,1853,58,0.2599,14,0.1496,0.3752
penalized_cox,PopRI,periop_infection,all,BMP,1853,58,0.2599,2,0.1496,0.3752
penalized_cox,PopRI,periop_infection,all,BMP,1853,58,0.2599,30,0.1496,0.3752
penalized_cox,PopRI,periop_infection,all,BMP,1853,58,0.2599,7,0.1496,0.3752
penalized_cox,PopRI,periop_infection,all,BMP,1853,58,0.2599,all,0.1496,0.3752
penalized_cox,PopRI,periop_infection,all,CBC,1854,58,0.408,1,0.2752,0.6184
penalized_cox,PopRI,periop_infection,all,CBC,1854,58,0.408,14,0.2752,0.6184
penalized_cox,PopRI,periop_infection,all,CBC,1854,58,0.408,2,0.2752,0.6184
penalized_cox,PopRI,periop_infection,all,CBC,1854,58,0.408,30,0.2752,0.6184
penalized_cox,PopRI,periop_infection,all,CBC,1854,58,0.408,7,0.2752,0.6184
penalized_cox,PopRI,periop_infection,all,CBC,1854,58,0.408,all,0.2752,0.6184
penalized_cox,PopRI,periop_infection,all,HFP,1461,54,0.6185,1,0.4595,0.7659
penalized_cox,PopRI,periop_infection,all,HFP,1461,54,0.6185,14,0.4595,0.7659
penalized_cox,PopRI,periop_infection,all,HFP,1461,54,0.6185,2,0.4595,0.7659
penalized_cox,PopRI,periop_infection,all,HFP,1461,54,0.6185,30,0.4595,0.7659
penalized_cox,PopRI,periop_infection,all,HFP,1461,54,0.6185,7,0.4595,0.7659
penalized_cox,PopRI,periop_infection,all,HFP,1461,54,0.6185,all,0.4595,0.7659
penalized_cox,PopRI,periop_infection,all,all,1672,28,0.5478,1,0.272,0.6794
penalized_cox,PopRI,periop_infection,all,all,1672,28,0.5478,14,0.272,0.6794
penalized_cox,PopRI,periop_infection,all,all,1672,28,0.5478,2,0.272,0.6794
penalized_cox,PopRI,periop_infection,all,all,1672,28,0.5478,30,0.272,0.6794
penalized_cox,PopRI,periop_infection,all,all,1672,28,0.5478,7,0.272,0.6794
penalized_cox,PopRI,periop_infection,all,all,1672,28,0.5478,all,0.272,0.6794
penalized_cox,PopRI,periop_infection,all_eval_pop_normal,BMP,1853,58,0.2599,1,0.1496,0.3752
penalized_cox,PopRI,periop_infection,all_eval_pop_normal,BMP,1853,58,0.2599,14,0.1496,0.3752
penalized_cox,PopRI,periop_infection,all_eval_pop_normal,BMP,1853,58,0.2599,2,0.1496,0.3752
penalized_cox,PopRI,periop_infection,all_eval_pop_normal,BMP,1853,58,0.2599,30,0.1496,0.3752
penalized_cox,PopRI,periop_infection,all_eval_pop_normal,BMP,1853,58,0.2599,7,0.1496,0.3752
penalized_cox,PopRI,periop_infection,all_eval_pop_normal,BMP,1853,58,0.2599,all,0.1496,0.3752
penalized_cox,PopRI,periop_infection,all_eval_pop_normal,CBC,1853,58,0.4078,1,0.2591,0.5905
penalized_cox,PopRI,periop_infection,all_eval_pop_normal,CBC,1853,58,0.4078,14,0.2591,0.5905
penalized_cox,PopRI,periop_infection,all_eval_pop_normal,CBC,1853,58,0.4078,2,0.2591,0.5905
penalized_cox,PopRI,periop_infection,all_eval_pop_normal,CBC,1853,58,0.4078,30,0.2591,0.5905
penalized_cox,PopRI,periop_infection,all_eval_pop_normal,CBC,1853,58,0.4078,7,0.2591,0.5905
penalized_cox,PopRI,periop_infection,all_eval_pop_normal,CBC,1853,58,0.4078,all,0.2591,0.5905
penalized_cox,PopRI,periop_infection,all_eval_pop_normal,HFP,1461,54,0.6185,1,0.4595,0.7659
penalized_cox,PopRI,periop_infection,all_eval_pop_normal,HFP,1461,54,0.6185,14,0.4595,0.7659
penalized_cox,PopRI,periop_infection,all_eval_pop_normal,HFP,1461,54,0.6185,2,0.4595,0.7659
penalized_cox,PopRI,periop_infection,all_eval_pop_normal,HFP,1461,54,0.6185,30,0.4595,0.7659
penalized_cox,PopRI,periop_infection,all_eval_pop_normal,HFP,1461,54,0.6185,7,0.4595,0.7659
penalized_cox,PopRI,periop_infection,all_eval_pop_normal,HFP,1461,54,0.6185,all,0.4595,0.7659
penalized_cox,PopRI,periop_infection,all_eval_pop_normal,all,1672,28,0.5478,1,0.272,0.6794
penalized_cox,PopRI,periop_infection,all_eval_pop_normal,all,1672,28,0.5478,14,0.272,0.6794
penalized_cox,PopRI,periop_infection,all_eval_pop_normal,all,1672,28,0.5478,2,0.272,0.6794
penalized_cox,PopRI,periop_infection,all_eval_pop_normal,all,1672,28,0.5478,30,0.272,0.6794
penalized_cox,PopRI,periop_infection,all_eval_pop_normal,all,1672,28,0.5478,7,0.272,0.6794
penalized_cox,PopRI,periop_infection,all_eval_pop_normal,all,1672,28,0.5478,all,0.272,0.6794
penalized_cox,PopRI,prolonged_los,all,BMP,1881,1360,0.6087,1,0.5865,0.6294
penalized_cox,PopRI,prolonged_los,all,BMP,1881,1360,0.6087,14,0.5865,0.6294
penalized_cox,PopRI,prolonged_los,all,BMP,1881,1360,0.6087,2,0.5865,0.6294
penalized_cox,PopRI,prolonged_los,all,BMP,1881,1360,0.6087,30,0.5865,0.6294
penalized_cox,PopRI,prolonged_los,all,BMP,1881,1360,0.6087,7,0.5865,0.6294
penalized_cox,PopRI,prolonged_los,all,BMP,1881,1360,0.6087,all,0.5865,0.6294
penalized_cox,PopRI,prolonged_los,all,CBC,1893,1360,0.6085,1,0.589,0.628
penalized_cox,PopRI,prolonged_los,all,CBC,1893,1360,0.6085,14,0.589,0.628
penalized_cox,PopRI,prolonged_los,all,CBC,1893,1360,0.6085,2,0.589,0.628
penalized_cox,PopRI,prolonged_los,all,CBC,1893,1360,0.6085,30,0.589,0.628
penalized_cox,PopRI,prolonged_los,all,CBC,1893,1360,0.6085,7,0.589,0.628
penalized_cox,PopRI,prolonged_los,all,CBC,1893,1360,0.6085,all,0.589,0.628
penalized_cox,PopRI,prolonged_los,all,HFP,1469,1143,0.5914,1,0.5735,0.6135
penalized_cox,PopRI,prolonged_los,all,HFP,1469,1143,0.5914,14,0.5735,0.6135
penalized_cox,PopRI,prolonged_los,all,HFP,1469,1143,0.5914,2,0.5735,0.6135
penalized_cox,PopRI,prolonged_los,all,HFP,1469,1143,0.5914,30,0.5735,0.6135
penalized_cox,PopRI,prolonged_los,all,HFP,1469,1143,0.5914,7,0.5735,0.6135
penalized_cox,PopRI,prolonged_los,all,HFP,1469,1143,0.5914,all,0.5735,0.6135
penalized_cox,PopRI,prolonged_los,all,all,1690,1272,0.5768,1,0.5577,0.5953
penalized_cox,PopRI,prolonged_los,all,all,1690,1272,0.5768,14,0.5577,0.5953
penalized_cox,PopRI,prolonged_los,all,all,1690,1272,0.5768,2,0.5577,0.5953
penalized_cox,PopRI,prolonged_los,all,all,1690,1272,0.5768,30,0.5577,0.5953
penalized_cox,PopRI,prolonged_los,all,all,1690,1272,0.5768,7,0.5577,0.5953
penalized_cox,PopRI,prolonged_los,all,all,1690,1272,0.5768,all,0.5577,0.5953
penalized_cox,PopRI,prolonged_los,all_eval_pop_normal,BMP,1880,1360,0.6087,1,0.5882,0.6298
penalized_cox,PopRI,prolonged_los,all_eval_pop_normal,BMP,1880,1360,0.6087,14,0.5882,0.6298
penalized_cox,PopRI,prolonged_los,all_eval_pop_normal,BMP,1880,1360,0.6087,2,0.5882,0.6298
penalized_cox,PopRI,prolonged_los,all_eval_pop_normal,BMP,1880,1360,0.6087,30,0.5882,0.6298
penalized_cox,PopRI,prolonged_los,all_eval_pop_normal,BMP,1880,1360,0.6087,7,0.5882,0.6298
penalized_cox,PopRI,prolonged_los,all_eval_pop_normal,BMP,1880,1360,0.6087,all,0.5882,0.6298
penalized_cox,PopRI,prolonged_los,all_eval_pop_normal,CBC,1892,1360,0.6085,1,0.5861,0.6285
penalized_cox,PopRI,prolonged_los,all_eval_pop_normal,CBC,1892,1360,0.6085,14,0.5861,0.6285
penalized_cox,PopRI,prolonged_los,all_eval_pop_normal,CBC,1892,1360,0.6085,2,0.5861,0.6285
penalized_cox,PopRI,prolonged_los,all_eval_pop_normal,CBC,1892,1360,0.6085,30,0.5861,0.6285
penalized_cox,PopRI,prolonged_los,all_eval_pop_normal,CBC,1892,1360,0.6085,7,0.5861,0.6285
penalized_cox,PopRI,prolonged_los,all_eval_pop_normal,CBC,1892,1360,0.6085,all,0.5861,0.6285
penalized_cox,PopRI,prolonged_los,all_eval_pop_normal,HFP,1468,1143,0.5914,1,0.5714,0.6133
penalized_cox,PopRI,prolonged_los,all_eval_pop_normal,HFP,1468,1143,0.5914,14,0.5714,0.6133
penalized_cox,PopRI,prolonged_los,all_eval_pop_normal,HFP,1468,1143,0.5914,2,0.5714,0.6133
penalized_cox,PopRI,prolonged_los,all_eval_pop_normal,HFP,1468,1143,0.5914,30,0.5714,0.6133
penalized_cox,PopRI,prolonged_los,all_eval_pop_normal,HFP,1468,1143,0.5914,7,0.5714,0.6133
penalized_cox,PopRI,prolonged_los,all_eval_pop_normal,HFP,1468,1143,0.5914,all,0.5714,0.6133
penalized_cox,PopRI,prolonged_los,all_eval_pop_normal,all,1690,1272,0.5768,1,0.5577,0.5953
penalized_cox,PopRI,prolonged_los,all_eval_pop_normal,all,1690,1272,0.5768,14,0.5577,0.5953
penalized_cox,PopRI,prolonged_los,all_eval_pop_normal,all,1690,1272,0.5768,2,0.5577,0.5953
penalized_cox,PopRI,prolonged_los,all_eval_pop_normal,all,1690,1272,0.5768,30,0.5577,0.5953
penalized_cox,PopRI,prolonged_los,all_eval_pop_normal,all,1690,1272,0.5768,7,0.5577,0.5953
penalized_cox,PopRI,prolonged_los,all_eval_pop_normal,all,1690,1272,0.5768,all,0.5577,0.5953
penalized_cox,PopRI,unplanned_icu,all,BMP,1880,463,0.6045,1,0.5718,0.6275
penalized_cox,PopRI,unplanned_icu,all,BMP,1880,463,0.6045,14,0.5718,0.6275
penalized_cox,PopRI,unplanned_icu,all,BMP,1880,463,0.6045,2,0.5718,0.6275
penalized_cox,PopRI,unplanned_icu,all,BMP,1880,463,0.6045,30,0.5718,0.6275
penalized_cox,PopRI,unplanned_icu,all,BMP,1880,463,0.6045,7,0.5718,0.6275
penalized_cox,PopRI,unplanned_icu,all,BMP,1880,463,0.6045,all,0.5718,0.6275
penalized_cox,PopRI,unplanned_icu,all,CBC,1870,466,0.5585,1,0.5329,0.5844
penalized_cox,PopRI,unplanned_icu,all,CBC,1870,466,0.5585,14,0.5329,0.5844
penalized_cox,PopRI,unplanned_icu,all,CBC,1870,466,0.5585,2,0.5329,0.5844
penalized_cox,PopRI,unplanned_icu,all,CBC,1870,466,0.5585,30,0.5329,0.5844
penalized_cox,PopRI,unplanned_icu,all,CBC,1870,466,0.5585,7,0.5329,0.5844
penalized_cox,PopRI,unplanned_icu,all,CBC,1870,466,0.5585,all,0.5329,0.5844
penalized_cox,PopRI,unplanned_icu,all,HFP,1460,412,0.5464,1,0.5171,0.5734
penalized_cox,PopRI,unplanned_icu,all,HFP,1460,412,0.5464,14,0.5171,0.5734
penalized_cox,PopRI,unplanned_icu,all,HFP,1460,412,0.5464,2,0.5171,0.5734
penalized_cox,PopRI,unplanned_icu,all,HFP,1460,412,0.5464,30,0.5171,0.5734
penalized_cox,PopRI,unplanned_icu,all,HFP,1460,412,0.5464,7,0.5171,0.5734
penalized_cox,PopRI,unplanned_icu,all,HFP,1460,412,0.5464,all,0.5171,0.5734
penalized_cox,PopRI,unplanned_icu,all,all,1690,243,0.7349,1,0.7059,0.7641
penalized_cox,PopRI,unplanned_icu,all,all,1690,243,0.7349,14,0.7059,0.7641
penalized_cox,PopRI,unplanned_icu,all,all,1690,243,0.7349,2,0.7059,0.7641
penalized_cox,PopRI,unplanned_icu,all,all,1690,243,0.7349,30,0.7059,0.7641
penalized_cox,PopRI,unplanned_icu,all,all,1690,243,0.7349,7,0.7059,0.7641
penalized_cox,PopRI,unplanned_icu,all,all,1690,243,0.7349,all,0.7059,0.7641
penalized_cox,PopRI,unplanned_icu,all_eval_pop_normal,BMP,1880,463,0.6045,1,0.5718,0.6275
penalized_cox,PopRI,unplanned_icu,all_eval_pop_normal,BMP,1880,463,0.6045,14,0.5718,0.6275
penalized_cox,PopRI,unplanned_icu,all_eval_pop_normal,BMP,1880,463,0.6045,2,0.5718,0.6275
penalized_cox,PopRI,unplanned_icu,all_eval_pop_normal,BMP,1880,463,0.6045,30,0.5718,0.6275
penalized_cox,PopRI,unplanned_icu,all_eval_pop_normal,BMP,1880,463,0.6045,7,0.5718,0.6275
penalized_cox,PopRI,unplanned_icu,all_eval_pop_normal,BMP,1880,463,0.6045,all,0.5718,0.6275
penalized_cox,PopRI,unplanned_icu,all_eval_pop_normal,CBC,1869,466,0.5588,1,0.5314,0.588
penalized_cox,PopRI,unplanned_icu,all_eval_pop_normal,CBC,1869,466,0.5588,14,0.5314,0.588
penalized_cox,PopRI,unplanned_icu,all_eval_pop_normal,CBC,1869,466,0.5588,2,0.5314,0.588
penalized_cox,PopRI,unplanned_icu,all_eval_pop_normal,CBC,1869,466,0.5588,30,0.5314,0.588
penalized_cox,PopRI,unplanned_icu,all_eval_pop_normal,CBC,1869,466,0.5588,7,0.5314,0.588
penalized_cox,PopRI,unplanned_icu,all_eval_pop_normal,CBC,1869,466,0.5588,all,0.5314,0.588
penalized_cox,PopRI,unplanned_icu,all_eval_pop_normal,HFP,1460,412,0.5464,1,0.5171,0.5734
penalized_cox,PopRI,unplanned_icu,all_eval_pop_normal,HFP,1460,412,0.5464,14,0.5171,0.5734
penalized_cox,PopRI,unplanned_icu,all_eval_pop_normal,HFP,1460,412,0.5464,2,0.5171,0.5734
penalized_cox,PopRI,unplanned_icu,all_eval_pop_normal,HFP,1460,412,0.5464,30,0.5171,0.5734
penalized_cox,PopRI,unplanned_icu,all_eval_pop_normal,HFP,1460,412,0.5464,7,0.5171,0.5734
penalized_cox,PopRI,unplanned_icu,all_eval_pop_normal,HFP,1460,412,0.5464,all,0.5171,0.5734
penalized_cox,PopRI,unplanned_icu,all_eval_pop_normal,all,1690,243,0.7349,1,0.7059,0.7641
penalized_cox,PopRI,unplanned_icu,all_eval_pop_normal,all,1690,243,0.7349,14,0.7059,0.7641
penalized_cox,PopRI,unplanned_icu,all_eval_pop_normal,all,1690,243,0.7349,2,0.7059,0.7641
penalized_cox,PopRI,unplanned_icu,all_eval_pop_normal,all,1690,243,0.7349,30,0.7059,0.7641
penalized_cox,PopRI,unplanned_icu,all_eval_pop_normal,all,1690,243,0.7349,7,0.7059,0.7641
penalized_cox,PopRI,unplanned_icu,all_eval_pop_normal,all,1690,243,0.7349,all,0.7059,0.7641
swap,Cohen_m2,mortality,all,all,1690,22,0.9028,all,0.7881,0.9836
swap,Cohen_m2,periop_infection,all,all,1672,28,0.4917,all,0.2188,0.6152
swap,Cohen_m2,prolonged_los,all,all,1690,1272,0.5528,all,0.533,0.5756
swap,Cohen_m2,unplanned_icu,all,all,1690,243,0.7401,all,0.7019,0.7691
swap,Cohen_m3,mortality,all,all,1690,22,0.9161,all,0.8104,0.9864
swap,Cohen_m3,periop_infection,all,all,1672,28,0.4421,all,0.1835,0.5923
swap,Cohen_m3,prolonged_los,all,all,1690,1272,0.5646,all,0.5447,0.5845
swap,Cohen_m3,unplanned_icu,all,all,1690,243,0.7248,all,0.6921,0.7576
swap,Cohen_m4,mortality,all,all,1690,22,0.9167,all,0.8048,0.988
swap,Cohen_m4,periop_infection,all,all,1672,28,0.5407,all,0.4003,0.6497
swap,Cohen_m4,prolonged_los,all,all,1690,1272,0.5626,all,0.5413,0.5861
swap,Cohen_m4,unplanned_icu,all,all,1690,243,0.7344,all,0.7034,0.7626
swap,Gaussian_eb,mortality,all,all,1690,22,0.9181,all,0.8204,0.9739
swap,Gaussian_eb,periop_infection,all,all,1672,28,0.486,all,0.1609,0.6536
swap,Gaussian_eb,prolonged_los,all,all,1690,1272,0.5551,all,0.5356,0.5771
swap,Gaussian_eb,unplanned_icu,all,all,1690,243,0.7108,all,0.6781,0.744
swap,Gaussian_mle,mortality,all,all,1690,22,0.9211,all,0.8158,0.9854
swap,Gaussian_mle,periop_infection,all,all,1672,28,0.455,all,0.1462,0.6246
swap,Gaussian_mle,prolonged_los,all,all,1690,1272,0.5501,all,0.5313,0.5718
swap,Gaussian_mle,unplanned_icu,all,all,1690,243,0.7199,all,0.6869,0.7532
swap,Gaussian_trunc,mortality,all,all,1690,22,0.9376,all,0.8364,0.986
swap,Gaussian_trunc,periop_infection,all,all,1672,28,0.5947,all,0.121,0.8363
swap,Gaussian_trunc,prolonged_los,all,all,1690,1272,0.5314,all,0.5109,0.5519
swap,Gaussian_trunc,unplanned_icu,all,all,1690,243,0.7132,all,0.681,0.7422
swap,NORMA_334f7e21,mortality,all,all,1690,22,0.9346,all,0.8483,0.9899
swap,NORMA_334f7e21,periop_infection,all,all,1672,28,0.5339,all,0.1425,0.7077
swap,NORMA_334f7e21,prolonged_los,all,all,1690,1272,0.5692,all,0.5479,0.5909
swap,NORMA_334f7e21,unplanned_icu,all,all,1690,243,0.7274,all,0.6974,0.7543
swap,NORMA_q_age,mortality,all,all,1690,22,0.9374,all,0.8566,0.9872
swap,NORMA_q_age,periop_infection,all,all,1672,28,0.5339,all,0.1369,0.7089
swap,NORMA_q_age,prolonged_los,all,all,1690,1272,0.5678,all,0.5496,0.5856
swap,NORMA_q_age,unplanned_icu,all,all,1690,243,0.723,all,0.6908,0.752
swap,NORMA_q_age_set,mortality,all,all,1690,22,0.9257,all,0.8371,0.988
swap,NORMA_q_age_set,periop_infection,all,all,1672,28,0.538,all,0.1298,0.7135
swap,NORMA_q_age_set,prolonged_los,all,all,1690,1272,0.5733,all,0.552,0.5924
swap,NORMA_q_age_set,unplanned_icu,all,all,1690,243,0.7251,all,0.6938,0.7536
swap,NORMA_q_age_set_co,mortality,all,all,1690,22,0.9333,all,0.853,0.9842
swap,NORMA_q_age_set_co,periop_infection,all,all,1672,28,0.5437,all,0.1291,0.7254
swap,NORMA_q_age_set_co,prolonged_los,all,all,1690,1272,0.5629,all,0.5435,0.5832
swap,NORMA_q_age_set_co,unplanned_icu,all,all,1690,243,0.7246,all,0.6962,0.7527
swap,PerRI,mortality,all,all,1690,22,0.8918,all,0.7644,0.9779
swap,PerRI,periop_infection,all,all,1672,28,0.6345,all,0.2687,0.8385
swap,PerRI,prolonged_los,all,all,1690,1272,0.5359,all,0.5169,0.5564
swap,PerRI,unplanned_icu,all,all,1690,243,0.6987,all,0.6673,0.7329
swap,PopRI,mortality,all,all,1690,22,0.9376,all,0.8558,0.9889
swap,PopRI,periop_infection,all,all,1672,28,0.5478,all,0.272,0.6794
swap,PopRI,prolonged_los,all,all,1690,1272,0.5768,all,0.5577,0.5953
swap,PopRI,unplanned_icu,all,all,1690,243,0.7349,all,0.7059,0.7641
