outcome,analyte,method,n,n_flagged,flag_rate,logrank_p,rr_24h,rr_72h,rr_168h,rr_720h,landmark_hours,anchor,target_sensitivity
mortality,WBC,StandardOfCare,3377,627,0.1856677524429967,2.996369994205183e-14,25.5898856354311,6.647980933869246,5.344520805242018,2.8725506553479803,168.0,soc_rate,0.25
mortality,CA,NORMA_q_age_set,2200,496,0.2254545454545454,0.9010472498422608,0.2133600129397151,0.5039004722275624,0.7564449453039365,0.975583190157722,168.0,soc_rate,0.25
mortality,CRE,StandardOfCare,2862,433,0.1512928022361984,3.599851720810789e-23,5.106386028318185,4.1576164732867325,4.870482492598563,4.414374961108619,168.0,soc_rate,0.25
mortality,CA,NORMA_334f7e21,2200,496,0.2254545454545454,0.8810342217494771,0.4445292028574317,0.8042358426424456,0.8934727523150395,0.8416750849016319,168.0,soc_rate,0.25
mortality,CA,NORMA_q_age,2200,471,0.214090909090909,0.4277261523548445,0.7200663605081343,0.789433807233651,0.9095741030915668,1.1554146433144812,168.0,sensitivity,0.25
mortality,CA,NORMA_q_age,2200,496,0.2254545454545454,0.76493210531927,0.6730383030032326,0.564030276956725,0.8325910117461381,0.9120068679511047,168.0,soc_rate,0.25
mortality,CA,NORMA_q_age_set_co,2200,462,0.21,0.4018292404240986,0.4502819720715217,0.812941590056004,0.9369207362499408,1.2166195662380928,168.0,sensitivity,0.25
mortality,CA,NORMA_q_age_set_co,2200,496,0.2254545454545454,0.208685200027612,1.3244021969996325,1.0490839446260998,0.9939661344213984,1.3899464266496726,168.0,soc_rate,0.25
mortality,CA,StandardOfCare,2200,496,0.2254545454545454,2.397631433625396e-05,1.5553318762578934,1.4957565529785866,2.5237506680911013,1.4863817729884443,168.0,sensitivity,0.25
mortality,CA,StandardOfCare,2200,496,0.2254545454545454,2.397631433625396e-05,1.5553318762578934,1.4957565529785866,2.5237506680911013,1.4863817729884443,168.0,soc_rate,0.25
mortality,CL,PopRI,14117,2447,0.1733371112842672,0.0404616139078265,0.6401355246049285,1.381287235610529,1.1733366867073274,1.2280713775881318,0.0,sensitivity,0.25
mortality,CL,PerRI,14117,3854,0.2730041793582206,0.5505671346084944,2.256861158281865,1.4931292941219707,0.9958050679306044,0.9000541975697696,0.0,sensitivity,0.25
mortality,CL,Cohen_m2,14117,2666,0.188850322306439,0.0917248890718534,1.613189343863788,1.5364089755922326,1.276838027708432,1.2685555189460238,0.0,sensitivity,0.25
mortality,CL,Cohen_m3,14117,2539,0.1798540766451795,0.0338982684821044,0.6397139240995826,1.337887062803888,1.0741998234640542,1.2035426477181932,0.0,sensitivity,0.25
mortality,CL,Cohen_m4,14117,2711,0.1920379684068853,0.0098725024563205,0.9362296210795328,1.5711711201804792,1.2051688790324546,1.375375543078899,0.0,sensitivity,0.25
mortality,CL,Gaussian_mle,14117,2860,0.2025926188283629,0.0333746059409195,1.0856450495898196,1.544733765769673,1.0988036513012387,1.0941148730204804,0.0,sensitivity,0.25
mortality,CL,Gaussian_trunc,14117,4804,0.3402989303676418,0.0976764395648981,0.8448692356722779,0.8855917043747137,0.6504664833731363,0.7012206353827397,0.0,sensitivity,0.25
mortality,CL,Gaussian_eb,14117,2886,0.2044343699086208,0.0601053695454719,0.8801946065469216,1.37769763404824,1.0249885493597242,1.1973515128360994,0.0,sensitivity,0.25
mortality,CL,NORMA_q_age_set,14117,2883,0.204221860168591,0.1880403104586292,1.2411819636178305,1.271580936101498,1.1419193240114531,1.063899042730288,0.0,sensitivity,0.25
mortality,CL,NORMA_334f7e21,14117,2487,0.1761705744846639,0.0143705151876691,1.507706032192697,1.6247523458513529,1.5219278450830451,1.2478593612204854,0.0,sensitivity,0.25
mortality,CL,NORMA_q_age,14117,2897,0.2052135722887299,0.3576970827603051,1.4531516111633342,1.440804066747097,1.0931691839887014,1.1036185930957578,0.0,sensitivity,0.25
mortality,CL,NORMA_q_age_set_co,14117,2490,0.1763830842246936,0.1792530396350675,1.4841208639515011,1.3003178713909724,1.1333233616631542,0.9375181371480408,0.0,sensitivity,0.25
mortality,CL,PopRI,12993,704,0.0541830216270299,0.3346819494881451,3.734207045367625,1.4494596156812325,1.129584837164798,1.178783894682866,24.0,soc_rate,0.25
mortality,CL,PopRI,12993,2427,0.1867928884784114,0.0759795734982168,1.8855205102683208,1.5968487449589237,0.997140077818206,1.1683418330995068,24.0,sensitivity,0.25
mortality,CA,NORMA_q_age_set,2200,545,0.2477272727272727,0.2696815977278345,0.369762592807526,0.5458896666848347,0.821600496081432,1.3374335367796302,168.0,sensitivity,0.25
mortality,CA,Gaussian_eb,2200,490,0.2227272727272727,0.6830560530458331,1.0138198731639754,0.937878168645486,0.6010176601006679,1.0235480484349304,168.0,soc_rate,0.25
mortality,CA,NORMA_334f7e21,4574,817,0.1786182772190643,0.7641275759144232,1.214980809613058,0.9505603192189384,0.7341603408333607,0.8909839011052112,72.0,soc_rate,0.25
mortality,CA,NORMA_q_age,4574,1014,0.2216878006121556,0.2537258527324453,1.960554405764244,1.5815627744828469,1.0281355368358114,1.0561390250571847,72.0,sensitivity,0.25
mortality,CA,NORMA_q_age,4574,817,0.1786182772190643,0.5384025273038029,0.7581665284876329,1.6408543505934765,1.0887110683422578,0.9194871084491466,72.0,soc_rate,0.25
mortality,CA,NORMA_q_age_set_co,4574,971,0.2122868386532575,0.2195791124790353,2.075850502633568,1.6189736941647166,0.9958004586625828,0.9216865141319682,72.0,sensitivity,0.25
mortality,CA,NORMA_q_age_set_co,4574,817,0.1786182772190643,0.6538825394302574,0.8174350087832414,1.1167027146797452,0.9090652788715924,1.0016795975591786,72.0,soc_rate,0.25
mortality,CA,StandardOfCare,4574,817,0.1786182772190643,1.3649591263873669e-17,6.978716730158421,4.039800492726741,3.0614990378999014,2.257645813612133,72.0,sensitivity,0.25
mortality,CA,StandardOfCare,4574,817,0.1786182772190643,1.3649591263873669e-17,6.978716730158421,4.039800492726741,3.0614990378999014,2.257645813612133,72.0,soc_rate,0.25
mortality,CA,PopRI,2200,574,0.2609090909090909,0.9389232950274774,0.5654051141884021,0.6452272423708653,1.0010440761432844,0.90515755751172,168.0,sensitivity,0.25
mortality,CA,PopRI,2200,496,0.2254545454545454,0.927169611560524,0.6859570418638548,0.7807239512497565,1.2079391085827795,0.7064076507996173,168.0,soc_rate,0.25
mortality,CA,PerRI,2200,572,0.26,0.9020369496364502,1.3126582071312565,1.5668408078056246,0.9273215210917608,0.761414505486238,168.0,sensitivity,0.25
mortality,CA,Cohen_m2,2200,379,0.1722727272727272,0.0207602886077222,1.6835146677189297,1.334594786473032,1.417160938854288,1.6484029881630708,168.0,sensitivity,0.25
mortality,CL,NORMA_q_age_set,12993,2782,0.2141152928499961,0.3726995599176225,1.0042329600370448,1.306505002296253,0.9544844849289178,1.0065775287103602,24.0,sensitivity,0.25
mortality,CA,Cohen_m2,2200,496,0.2254545454545454,0.0091921124486492,1.2124052822910076,1.7158746260166593,1.771254166387544,1.543628323506261,168.0,soc_rate,0.25
mortality,CA,Cohen_m3,2200,355,0.1613636363636363,0.0048509748308135,1.4559855302215492,1.054913411724064,1.956170852370536,1.7084501088822113,168.0,sensitivity,0.25
mortality,CA,Cohen_m3,2200,496,0.2254545454545454,0.7132072009551822,1.2275000367631754,0.9580431357049906,1.4497150214404533,1.1863810110790862,168.0,soc_rate,0.25
mortality,CA,Cohen_m4,2200,408,0.1854545454545454,0.0500785746236405,0.8125739956162573,0.7119494133291467,1.673223586438788,1.5316278642499468,168.0,sensitivity,0.25
mortality,CA,Cohen_m4,2200,496,0.2254545454545454,0.4772673788424288,1.187331434717993,0.799827958003268,1.3367365266312086,1.3196193525950757,168.0,soc_rate,0.25
mortality,CA,Gaussian_mle,2200,663,0.3013636363636364,0.6524575580680656,1.107915615664252,0.9394711544779124,0.7144921211225151,0.7832803015400842,168.0,sensitivity,0.25
mortality,CA,Gaussian_mle,2200,490,0.2227272727272727,0.7330121432767,0.965384090826009,0.918089715424658,0.5957959216984918,0.9812997323208624,168.0,soc_rate,0.25
mortality,CA,Gaussian_trunc,2200,508,0.2309090909090909,0.9585645359507204,1.5607037833502444,0.9159397098908202,1.1734778717886616,0.9771368604817045,168.0,sensitivity,0.25
mortality,CA,Gaussian_trunc,2200,490,0.2227272727272727,0.1490209963326426,1.243063231886827,0.99117364746089,0.7241953719976076,0.6569046165776646,168.0,soc_rate,0.25
mortality,CA,Gaussian_eb,2200,586,0.2663636363636363,0.6527988166132097,1.3026633293139074,1.3217491930064118,0.7149292648607943,1.0565779469479823,168.0,sensitivity,0.25
mortality,CL,PerRI,12993,3680,0.2832294312322019,0.8204961824863604,1.731364236533192,1.1634448778740365,1.0732746794525556,0.8517258872518058,24.0,sensitivity,0.25
mortality,CL,PerRI,12993,704,0.0541830216270299,0.013262742085736,3.981704642886637,2.5017493528297297,1.4979195022789495,0.7199138873846757,24.0,soc_rate,0.25
mortality,CL,Cohen_m2,12993,2619,0.2015700761948741,0.1228040357752678,1.4344383250008108,1.2492544933839296,1.5145351941826115,1.19068937476042,24.0,sensitivity,0.25
mortality,CL,Cohen_m3,9364,1659,0.1771678769756514,0.0402389318684683,1.9238038053448303,0.9746314833474102,1.080934140585639,1.1737371684998914,72.0,sensitivity,0.25
mortality,CL,Cohen_m3,9364,1484,0.1584792823579666,0.0749401952489071,2.193392257108264,0.8996092466568011,1.1332197805043314,1.3483334139580374,72.0,soc_rate,0.25
mortality,CL,Cohen_m4,9364,1823,0.1946817599316531,0.0204867652659377,1.712569048823428,1.2298688568550835,1.2513265546985732,1.5414272319043305,72.0,sensitivity,0.25
mortality,CL,Cohen_m4,9364,1484,0.1584792823579666,0.0481630528591371,1.7280311066217888,0.7093411261498632,1.1695344428004757,1.5625362037319106,72.0,soc_rate,0.25
mortality,CL,Gaussian_mle,9364,2184,0.2332336608287056,0.2108755441602973,1.3639880009901342,1.5327178629171945,1.006718671932277,0.9866768042531838,72.0,sensitivity,0.25
mortality,CL,Gaussian_mle,9364,1456,0.1554891072191371,0.2707449928004408,1.201318328666116,1.1383828967362448,0.99712202243206,1.021148496820179,72.0,soc_rate,0.25
mortality,CL,Gaussian_trunc,9364,3295,0.3518795386586928,0.5224072804812769,0.6706131667088768,0.7127861086054144,0.5449730771045216,0.9285483292238544,72.0,sensitivity,0.25
mortality,CL,Gaussian_trunc,9364,1456,0.1554891072191371,0.085268625165242,0.7827324719370956,0.5549012791583405,0.4936235818569158,0.7018465655717466,72.0,soc_rate,0.25
mortality,CL,Gaussian_eb,9364,2152,0.2298163178129004,0.2197394371369546,1.1423315367879463,1.0633025680642314,1.0169332492059628,1.1662679959350977,72.0,sensitivity,0.25
mortality,CL,Gaussian_eb,9364,1456,0.1554891072191371,0.1741786209723397,1.1208561643571386,1.2209840029560084,1.1785533090417586,1.0200285630128128,72.0,soc_rate,0.25
mortality,CL,NORMA_q_age_set,9364,2129,0.2273601025202904,0.4248240714055614,1.3872375069024512,1.248351681136717,1.0021627369060913,0.9918080997419222,72.0,sensitivity,0.25
mortality,CL,NORMA_q_age_set,9364,1484,0.1584792823579666,0.9721680837446872,1.727221367809998,0.946146265106064,0.9494919130455785,0.935606801302964,72.0,soc_rate,0.25
mortality,CL,NORMA_334f7e21,9364,2088,0.22298163178129,0.5574503114156113,1.3764836279109096,1.340546960654256,1.1063612257255857,1.006877126427754,72.0,sensitivity,0.25
mortality,CL,NORMA_334f7e21,9364,1484,0.1584792823579666,0.6036515061811346,1.7220080879061868,1.206690593788731,1.1215512193530823,1.092390548283562,72.0,soc_rate,0.25
mortality,CL,NORMA_q_age,9364,2352,0.251174711661683,0.8879839514828806,0.9685238730372944,1.0917649310696802,0.9652158762133688,1.0377568154200008,72.0,sensitivity,0.25
mortality,CL,NORMA_q_age,9364,1484,0.1584792823579666,0.7682744789003519,1.3811995539700157,1.0123726598957523,1.0119000427699931,1.1327813027738116,72.0,soc_rate,0.25
mortality,CL,NORMA_q_age_set_co,9364,1726,0.1843229389149936,0.1400442609817934,1.37785690838072,1.3815539868936764,1.0851153765529038,1.0426646553967298,72.0,sensitivity,0.25
mortality,CL,NORMA_q_age_set_co,9364,1484,0.1584792823579666,0.4361523313308676,1.0154024572231466,1.319560433923549,1.11515246443205,1.155099236509691,72.0,soc_rate,0.25
mortality,CL,StandardOfCare,9364,1484,0.1584792823579666,3.983973718992702e-09,2.167035254544272,3.2216074451274865,2.4602818870829224,1.7024358407614368,72.0,sensitivity,0.25
mortality,CL,StandardOfCare,9364,1484,0.1584792823579666,3.983973718992702e-09,2.167035254544272,3.2216074451274865,2.4602818870829224,1.7024358407614368,72.0,soc_rate,0.25
mortality,CL,Cohen_m2,9364,1570,0.1676633917129432,0.0316403532882035,1.3012405208572675,1.7984411846282051,1.5940114536145016,1.408285868652653,72.0,sensitivity,0.25
mortality,CL,PerRI,9364,1484,0.1584792823579666,0.4953413110412409,0.5146958398663924,0.5503732642348717,0.7083135798927969,0.8359572535518522,72.0,soc_rate,0.25
mortality,CL,Cohen_m2,9364,1484,0.1584792823579666,0.0484872375645804,1.3904836352399583,1.603507426425052,1.5476129964098078,1.3570829286605015,72.0,soc_rate,0.25
mortality,CL,PerRI,9364,2774,0.2962409226826142,0.8927074562013958,0.6691263435878356,0.7570958058460713,0.7920742155516121,0.8810426002923243,72.0,sensitivity,0.25
mortality,CL,Cohen_m2,12993,704,0.0541830216270299,0.0001523190000739,3.66340878896824,2.8182997760438795,2.1491966475159683,1.7368356273551917,24.0,soc_rate,0.25
mortality,CL,PopRI,9364,1484,0.1584792823579666,0.1884755459723853,1.0741001252395606,1.4837886073383633,1.12128079790054,1.2413043941726905,72.0,soc_rate,0.25
mortality,CL,Cohen_m3,12993,2304,0.1773262525975525,0.0065570711940333,2.5230170719968936,1.952170811467869,1.3618317502988724,1.2228287290473916,24.0,sensitivity,0.25
mortality,CL,Cohen_m3,12993,704,0.0541830216270299,0.0003898135790954,2.560492752242435,2.5448471568941105,1.8874836334414715,1.7475761765477225,24.0,soc_rate,0.25
mortality,CL,Cohen_m4,12993,2379,0.1830985915492957,0.0003318882478682,4.335817415610927,2.09204666808118,1.4467009252397076,1.370010068456178,24.0,sensitivity,0.25
mortality,CL,Cohen_m4,12993,704,0.0541830216270299,0.017983503043317,0.7473509471219619,1.3014072872682716,1.441803470010866,2.0180055432985955,24.0,soc_rate,0.25
mortality,CL,Gaussian_mle,12993,2646,0.2036481182175017,0.0150523723804482,3.635486534425988,1.3744357693498384,1.13505313316194,1.0871515959912688,24.0,sensitivity,0.25
mortality,CL,Gaussian_mle,12993,689,0.0530285538366812,0.7356945626753052,2.6340573570538504,1.2473104319115635,1.2812476845705514,1.1460026880786354,24.0,soc_rate,0.25
mortality,CL,Gaussian_trunc,12993,4488,0.3454167628723159,0.2628783330359019,1.4459515848332556,0.914417454733584,0.6785817744188427,0.8374306017478474,24.0,sensitivity,0.25
mortality,CL,Gaussian_trunc,12993,689,0.0530285538366812,0.5430308522311695,0.8900329850106363,0.8874568679696134,0.54297294612779,1.032170922967391,24.0,soc_rate,0.25
mortality,CL,Gaussian_eb,12993,2660,0.2047256214884938,0.0280781733532604,3.002472406925871,1.4077099946426392,1.0950964483017491,1.165292500109657,24.0,sensitivity,0.25
mortality,CA,PerRI,2200,496,0.2254545454545454,0.6782712219546784,1.970824477722647,2.068552826539909,0.9917138951376304,0.742437551538662,168.0,soc_rate,0.25
mortality,CA,NORMA_334f7e21,4574,981,0.2144731088762571,0.1259991868467451,1.5864096037142863,1.3539171910776735,1.0359455798603554,1.1367509858776317,72.0,sensitivity,0.25
mortality,CL,NORMA_q_age_set,12993,704,0.0541830216270299,0.8474137090071002,0.8167263720618877,1.2382109471737035,1.3771696020822892,0.8498504775581894,24.0,soc_rate,0.25
mortality,CL,NORMA_334f7e21,12993,2392,0.1840991303009312,0.0386118634327924,1.2067328370024626,1.7482272587980736,1.2687640676874672,1.1927827421515944,24.0,sensitivity,0.25
mortality,CL,NORMA_334f7e21,12993,704,0.0541830216270299,0.3234678437206081,1.6368228778909653,1.9674736497445109,1.4792528335544284,1.2176488169013058,24.0,soc_rate,0.25
mortality,CL,NORMA_q_age,12993,2730,0.2101131378434541,0.3777505172607227,0.7867496254054513,1.4000172785348748,0.9526904983887456,1.2115700258838926,24.0,sensitivity,0.25
mortality,CL,NORMA_q_age,12993,704,0.0541830216270299,0.73778007555827,0.0,1.527246326178639,1.2177903445391844,0.9882897035531236,24.0,soc_rate,0.25
mortality,CL,NORMA_q_age_set_co,12993,2393,0.1841760948202878,0.3488495411275552,0.9272944273378722,1.1116035613996096,0.967250419991866,0.8660136813537697,24.0,sensitivity,0.25
mortality,CL,NORMA_q_age_set_co,12993,704,0.0541830216270299,0.5102077347861755,0.0,1.044936167437594,1.5723929350573085,1.1209602511975498,24.0,soc_rate,0.25
mortality,CL,StandardOfCare,12993,704,0.0541830216270299,2.5482860560926663e-26,9.498847197661163,5.683192394144426,4.933891432396981,2.619818293900124,24.0,sensitivity,0.25
mortality,CL,StandardOfCare,12993,704,0.0541830216270299,2.5482860560926663e-26,9.498847197661163,5.683192394144426,4.933891432396981,2.619818293900124,24.0,soc_rate,0.25
mortality,CL,PopRI,9364,1783,0.1904100811618966,0.3216276141026526,1.0999854946839225,1.1410067602022127,1.168892766855289,1.0976878419405436,72.0,sensitivity,0.25
mortality,CL,Gaussian_eb,12993,689,0.0530285538366812,0.5550400581595221,3.6537480473898007,1.4764812425636986,1.1033359555586018,0.990602652176054,24.0,soc_rate,0.25
mortality,CL,PopRI,3653,901,0.2466465918423213,0.1113134472779683,0.8278723868496481,1.20763648073837,1.4198181705844666,1.3122883030946786,168.0,soc_rate,0.25
mortality,CL,PopRI,3653,637,0.1743772241992882,0.2461554721122792,0.9841501537017324,1.69605624192717,1.4790359288339088,1.2758061108051848,168.0,sensitivity,0.25
mortality,CA,Gaussian_eb,4574,804,0.1757761259291648,0.4833272432813216,0.837865849403406,0.9110335028942346,0.7661138012780591,1.156749035370335,72.0,soc_rate,0.25
mortality,BUN,Cohen_m3,2891,627,0.2168799723279142,0.0507775968446604,0.0,0.3896103538703404,0.4864956094034315,0.7268638339324356,168.0,soc_rate,0.25
mortality,BUN,Cohen_m4,2891,736,0.2545831892078865,0.3353667018281474,0.0,0.9069730905874568,0.8972053560266858,0.6999347900415136,168.0,sensitivity,0.25
mortality,BUN,Cohen_m4,2891,627,0.2168799723279142,0.3178799310685924,0.0,0.8899867207488619,0.6568297628309915,0.6912985901417097,168.0,soc_rate,0.25
mortality,BUN,Gaussian_mle,2891,647,0.2237979937737807,0.4597887775694633,0.7124327115533962,1.6357761468201826,1.337706703831372,1.018969176952298,168.0,sensitivity,0.25
mortality,BUN,Gaussian_mle,2891,621,0.2148045658941542,0.5318543027384028,0.3311379247541375,1.03093656791816,0.9971355569756204,1.0403959719886544,168.0,soc_rate,0.25
mortality,BUN,Gaussian_trunc,2891,818,0.2829470771359391,0.3634098492000873,0.1946142299473361,0.5812413991730412,0.9997876792147544,0.9001446371143672,168.0,sensitivity,0.25
mortality,BUN,Gaussian_trunc,2891,621,0.2148045658941542,0.4068720613039197,0.2832795290494077,0.8299825779856687,1.0666507235816027,1.1356630843815632,168.0,soc_rate,0.25
mortality,BUN,Gaussian_eb,2891,737,0.2549290902801798,0.7358296593943778,0.6074003397230358,1.6101123829383672,1.1275703339352103,0.7206221996215997,168.0,sensitivity,0.25
mortality,BUN,Gaussian_eb,2891,621,0.2148045658941542,0.5002566057070215,0.342784632726662,1.2744482107042032,1.1062687300440508,0.902323336176042,168.0,soc_rate,0.25
mortality,BUN,NORMA_q_age_set,2891,577,0.199584918713248,0.7716245982810132,0.75556578567378,1.1513068143798386,1.1251890431206717,0.9601917403717866,168.0,sensitivity,0.25
mortality,BUN,NORMA_q_age_set,2891,627,0.2168799723279142,0.7992699443139911,0.6796403577182958,0.8448437765919894,0.9421027529060196,0.9385317820348218,168.0,soc_rate,0.25
mortality,BUN,NORMA_334f7e21,2891,562,0.1943964026288481,0.575984340042344,1.9385461637717412,1.8006553013758952,1.476252159741018,0.9481388820875776,168.0,sensitivity,0.25
mortality,BUN,NORMA_334f7e21,2891,627,0.2168799723279142,0.8870226156784605,3.2235093444277445,1.943403240989949,1.4029323499738542,0.906371512592454,168.0,soc_rate,0.25
mortality,BUN,NORMA_q_age,2891,562,0.1943964026288481,0.8506777591524894,1.344416890735057,1.3737772652120088,1.2964785253511946,1.056626250531286,168.0,sensitivity,0.25
mortality,BUN,NORMA_q_age,2891,627,0.2168799723279142,0.7292395990526679,0.6800371989608491,0.8378306789120414,1.1043933475745888,0.8613218081602988,168.0,soc_rate,0.25
mortality,BUN,NORMA_q_age_set_co,2891,762,0.2635766170875129,0.0372942240770538,0.52408421384401,0.3828996989280964,0.6583823730827457,0.7821086526995517,168.0,sensitivity,0.25
mortality,BUN,NORMA_q_age_set_co,2891,627,0.2168799723279142,0.1095842269951619,0.6710815424570575,0.4909247151719598,0.9487177951103676,0.7445936891650174,168.0,soc_rate,0.25
mortality,BUN,StandardOfCare,2891,627,0.2168799723279142,1.7644946452401907e-20,1.713239014403693,3.942991286304653,4.188389591893417,3.722176180592015,168.0,sensitivity,0.25
mortality,BUN,StandardOfCare,2891,627,0.2168799723279142,1.7644946452401907e-20,1.713239014403693,3.942991286304653,4.188389591893417,3.722176180592015,168.0,soc_rate,0.25
mortality,CA,PopRI,7973,2109,0.2645177473974665,0.3991739773604444,0.8470396126727949,1.289035670580393,1.1435999544370608,0.9044363819657764,0.0,sensitivity,0.25
mortality,CA,PerRI,7973,1953,0.2449517120280948,0.1246931885380156,2.860321322995647,1.7822394677594882,1.35374760936768,0.8686339676298411,0.0,sensitivity,0.25
mortality,BUN,Cohen_m3,2891,733,0.2535454859910065,0.2717458056846307,0.2760293919835602,0.7116404990049429,0.9553286295841148,0.9091356162257088,168.0,sensitivity,0.25
mortality,CA,Cohen_m3,7973,1179,0.1478740750031355,0.0001688401683014,1.0829909445374173,1.6288374326828945,1.925203264701561,1.938092745067878,0.0,sensitivity,0.25
mortality,CA,Cohen_m2,7973,1091,0.1368368242819516,2.4402242486476168e-05,1.4718275826997391,1.918034715005789,1.8681388684015932,1.9463213919719704,0.0,sensitivity,0.25
mortality,BUN,PerRI,2891,627,0.2168799723279142,0.7414887865841695,0.2789025613673119,1.02233379670583,0.6512895165249826,0.7897554125233381,168.0,soc_rate,0.25
mortality,BUN,Cohen_m4,6705,858,0.1279642058165548,0.1291778943805705,0.8025356271519887,1.053407642358798,0.7083639083811737,0.674888702052405,72.0,soc_rate,0.25
mortality,BUN,Gaussian_mle,6705,1561,0.2328113348247576,0.1628440305457483,2.425092054858028,1.7546771634710088,1.6267733355823473,1.0572479426956611,72.0,sensitivity,0.25
mortality,BUN,Gaussian_mle,6705,848,0.1264727815063385,0.5329705293643174,1.860765674893647,0.97112052402178,0.8400210562690883,0.653110558853291,72.0,soc_rate,0.25
mortality,BUN,Gaussian_trunc,6705,1661,0.2477255779269202,0.2842563275997156,1.233576913269142,1.8334203139546976,1.0301926667271404,1.1225058763574638,72.0,sensitivity,0.25
mortality,BUN,Gaussian_trunc,6705,848,0.1264727815063385,0.432914657982647,1.4264771244672827,1.1846089034863214,0.7560340380860383,0.7883751647510453,72.0,soc_rate,0.25
mortality,BUN,Gaussian_eb,6705,1596,0.2380313199105145,0.4365955331954966,2.920354387049046,1.9851674927478773,1.5177159141673124,0.8529274493159936,72.0,sensitivity,0.25
mortality,BUN,Gaussian_eb,6705,848,0.1264727815063385,0.4153619417880778,1.8597597220414055,0.956650757874402,0.8158287362853822,0.7429914858964028,72.0,soc_rate,0.25
mortality,BUN,NORMA_q_age_set,6705,1519,0.2265473527218493,0.3801851067491573,0.9153195200987292,1.6835983159302974,1.2594800091528215,0.855691735711994,72.0,sensitivity,0.25
mortality,BUN,NORMA_q_age_set,6705,858,0.1279642058165548,0.6736522699375989,0.8060018715720829,0.9490345471611292,0.9400266360661228,0.9790648963414472,72.0,soc_rate,0.25
mortality,BUN,NORMA_334f7e21,6705,858,0.1279642058165548,0.9214024354852768,0.8051882722984984,1.364051927603685,0.8383051729480946,0.9144590195611512,72.0,soc_rate,0.25
mortality,CA,Cohen_m4,7973,1371,0.1719553493039006,0.0093591001233223,1.1232756744256516,1.6169409629424942,1.6901379269450687,1.6232270339123251,0.0,sensitivity,0.25
mortality,BUN,NORMA_q_age,6705,1470,0.2192393736017897,0.5783739960136061,0.9553556105889968,1.6423289333088076,1.4793752051788274,0.9634263353127756,72.0,sensitivity,0.25
mortality,BUN,NORMA_q_age,6705,858,0.1279642058165548,0.9794105010858865,1.287249128769311,1.2458540936010916,1.169445190121985,0.8535672248208074,72.0,soc_rate,0.25
mortality,BUN,NORMA_q_age_set_co,6705,1910,0.284862043251305,0.145431209806539,0.6741891610680673,1.1502917152086187,0.8483190692283322,0.5855237659497654,72.0,sensitivity,0.25
mortality,BUN,NORMA_q_age_set_co,6705,858,0.1279642058165548,0.2176669056850462,0.8068033463462791,1.192429011342595,0.7988074221166822,0.74465207954761,72.0,soc_rate,0.25
mortality,BUN,StandardOfCare,6705,858,0.1279642058165548,4.33146188317713e-22,11.04748816916052,8.119475438120642,6.08632188620494,3.0563190860679565,72.0,sensitivity,0.25
mortality,BUN,StandardOfCare,6705,858,0.1279642058165548,4.33146188317713e-22,11.04748816916052,8.119475438120642,6.08632188620494,3.0563190860679565,72.0,soc_rate,0.25
mortality,BUN,PopRI,2891,589,0.2037357315807679,0.785582149566469,1.2830094851927327,1.2902472440735928,0.9241266976889738,0.9915752084900616,168.0,sensitivity,0.25
mortality,BUN,PopRI,2891,627,0.2168799723279142,0.8486532853492007,1.1811913121370836,1.1986801012344803,0.9665147557432036,0.9976297242924737,168.0,soc_rate,0.25
mortality,BUN,PerRI,2891,865,0.2992044275337253,0.721073580218035,0.441444444665127,1.0853409804377956,1.0469360841679316,0.7951721116332521,168.0,sensitivity,0.25
mortality,BUN,Cohen_m2,2891,782,0.2704946385333794,0.1604769068447609,0.2524325518030219,0.51106353985131,0.9039666525167096,0.9247948656299256,168.0,sensitivity,0.25
mortality,BUN,Cohen_m2,2891,627,0.2168799723279142,0.1897222141657757,0.6681208970578867,0.8009451302714373,0.7772242664265878,0.8177380998853387,168.0,soc_rate,0.25
mortality,CA,Gaussian_mle,7973,2349,0.2946193402734228,0.4831759281718154,1.7983381323667755,1.3775434140915188,1.1746482465297428,1.0288899640258415,0.0,sensitivity,0.25
mortality,CL,PerRI,3653,843,0.2307692307692307,0.3244289753775504,1.8434347859416549,1.0488669591701476,1.1095408809043272,0.9477318150117184,168.0,sensitivity,0.25
mortality,CA,Cohen_m2,6880,958,0.1392441860465116,9.711402844654168e-05,1.8380335813237496,1.858596358568399,1.8052874583983192,1.9105310122700407,24.0,sensitivity,0.25
mortality,CA,NORMA_q_age,6880,404,0.0587209302325581,0.4022043559363806,0.8942541116264604,1.280795394871335,1.2936424927022794,1.2453788924642577,24.0,soc_rate,0.25
mortality,CA,NORMA_q_age_set_co,6880,1332,0.1936046511627907,0.0097873508281907,1.269993503532179,2.036981916850661,1.7870925882903792,1.1010244388858157,24.0,sensitivity,0.25
mortality,CA,NORMA_q_age_set_co,6880,404,0.0587209302325581,0.6749621625880144,0.8941823299704398,0.7193606958681182,0.920557834217094,0.7907730666158825,24.0,soc_rate,0.25
mortality,CA,StandardOfCare,6880,404,0.0587209302325581,7.746966962761374e-25,6.882667574993985,8.149940379558233,6.079196785578719,3.00713095731517,24.0,sensitivity,0.25
mortality,CA,StandardOfCare,6880,404,0.0587209302325581,7.746966962761374e-25,6.882667574993985,8.149940379558233,6.079196785578719,3.00713095731517,24.0,soc_rate,0.25
mortality,CA,PopRI,4574,1229,0.2686926104066462,0.9794414660154448,1.7881479245624363,1.4290731032973312,0.9083851114043516,0.8735528725126359,72.0,sensitivity,0.25
mortality,CA,PopRI,4574,817,0.1786182772190643,0.5903259976721524,2.0040817168763034,1.010847826254542,1.0246752466845577,0.6769383478277214,72.0,soc_rate,0.25
mortality,CA,PerRI,4574,1116,0.2439877568867512,0.7199056603667447,0.8077621997414941,1.0243819474092477,1.335541601876996,0.8849114714061906,72.0,sensitivity,0.25
mortality,CA,PerRI,4574,816,0.1783996501967643,0.322561451411203,0.4773484681210749,0.9547618721649784,1.1981596030725572,0.7025039438891503,72.0,soc_rate,0.25
mortality,CA,Cohen_m2,4574,701,0.1532575426322693,0.0063671568490358,1.3471648697997949,1.6174223978153126,1.35807943382932,1.882590204788752,72.0,sensitivity,0.25
mortality,CA,Cohen_m2,4574,817,0.1786182772190643,0.0018305166429779,1.4674049408452683,1.7735259979198434,1.562007661970694,1.863783937802716,72.0,soc_rate,0.25
mortality,CA,Cohen_m3,4574,689,0.1506340183646698,0.0017003175980211,0.926474240871164,2.1860187447871726,1.752549944412276,1.6672030590758191,72.0,sensitivity,0.25
mortality,CA,Cohen_m3,4574,817,0.1786182772190643,0.0109788271423878,1.1348604982086608,1.587822553454842,1.471366739212981,1.6375740032045918,72.0,soc_rate,0.25
mortality,CA,Cohen_m4,4574,754,0.164844774814167,0.0540344726616426,2.58631624496846,2.132494022602385,1.2340722575156606,1.6530339886073802,72.0,sensitivity,0.25
mortality,CA,Cohen_m4,4574,817,0.1786182772190643,0.084079967072589,1.8886754870453648,1.5510519519796744,1.1106187273967696,1.5880726955953928,72.0,soc_rate,0.25
mortality,CA,Gaussian_mle,4574,1296,0.2833406209007433,0.7694063893480538,0.6266350937513188,1.332193135532714,1.1212285748633644,1.0505373560766955,72.0,sensitivity,0.25
mortality,CA,Gaussian_mle,4574,804,0.1757761259291648,0.6699918403958844,0.8485750680088151,0.9475298904064086,0.8644853271519047,1.150825362079175,72.0,soc_rate,0.25
mortality,CA,Gaussian_trunc,4574,1004,0.2195015303891561,0.7838001417088568,0.817549762921742,0.8812715528912424,1.1974015315939086,0.90959263094058,72.0,sensitivity,0.25
mortality,CA,Gaussian_trunc,4574,804,0.1757761259291648,0.452320661223939,0.7640967825340345,1.0563162264199224,1.1768463190463627,0.7987100858012155,72.0,soc_rate,0.25
mortality,CA,Gaussian_eb,4574,1242,0.2715347616965456,0.450091206982391,0.6659239978867537,1.099403317561633,1.0163767806604682,1.2487186907949168,72.0,sensitivity,0.25
mortality,CA,NORMA_334f7e21,6880,404,0.0587209302325581,0.5586191136325434,0.8938186341740655,0.717119249036802,0.6926845744456647,0.7335895191934217,24.0,soc_rate,0.25
mortality,CA,NORMA_334f7e21,6880,1515,0.220203488372093,0.1716962650706309,1.4859894683916208,1.3502370443119014,0.9893066772584308,1.0949888032420667,24.0,sensitivity,0.25
mortality,CA,NORMA_q_age_set,6880,404,0.0587209302325581,0.3711746805078818,0.8954353301013366,1.3329943596787543,1.0614306992703533,1.5178533073277083,24.0,soc_rate,0.25
mortality,CA,NORMA_q_age_set,6880,1706,0.2479651162790697,0.0676693952659132,1.6404047332598928,1.888367700887842,1.012341738124649,1.2308378720534157,24.0,sensitivity,0.25
mortality,CA,Gaussian_trunc,7973,1848,0.2317822651448639,0.5114634876235933,1.107454936751832,0.7203439720583622,1.0703622530580632,1.0631352324171222,0.0,sensitivity,0.25
mortality,CA,Gaussian_eb,7973,2354,0.2952464567916719,0.6543130679634659,2.076477737637845,1.424285673079563,0.9725757390175604,1.0512599947376284,0.0,sensitivity,0.25
mortality,CA,NORMA_q_age_set,7973,1815,0.2276432961244199,0.0121673118415585,1.1640890318534578,1.7259858486079014,1.3219363594807247,1.3093493414559845,0.0,sensitivity,0.25
mortality,CA,NORMA_334f7e21,7973,1718,0.2154772356703875,0.1423607563767431,1.4583003112159774,1.369894097387466,1.144704897304639,1.036235507667841,0.0,sensitivity,0.25
mortality,CA,NORMA_q_age,7973,1703,0.2135958861156403,0.1570571140010848,1.0396146889765938,1.5386664050659984,1.3080513135109866,0.9785288105354824,0.0,sensitivity,0.25
mortality,CA,NORMA_q_age_set_co,7973,1525,0.1912705380659726,0.0081196049410901,1.485042759303745,2.0256117970876257,1.7336635903192543,1.1194556834140703,0.0,sensitivity,0.25
mortality,CA,PopRI,6880,1770,0.2572674418604651,0.2561859546703685,1.6549082234592265,1.87206193727084,1.1117319261140914,1.1107468349020522,24.0,sensitivity,0.25
mortality,CA,PopRI,6880,404,0.0587209302325581,0.8779620788965932,1.0825977162689708,1.545858262250611,0.8550563252519824,0.6088976828442443,24.0,soc_rate,0.25
mortality,CA,PerRI,6880,1731,0.2515988372093023,0.3568627222134054,1.3441208825547868,1.1828618935897706,1.303513394682203,0.9975739984764854,24.0,sensitivity,0.25
mortality,CA,PerRI,6880,404,0.0587209302325581,0.9212326132365704,1.1135472465648963,1.0077105564251418,1.2410599379880365,1.0313592905890758,24.0,soc_rate,0.25
mortality,CA,NORMA_q_age_set,4574,1074,0.234805421950153,0.0695756035612696,1.825596983811045,1.4890676245486894,0.9425833021081744,1.3473372850788683,72.0,sensitivity,0.25
mortality,CA,NORMA_q_age_set,4574,817,0.1786182772190643,0.3625516395540473,0.8310813842641394,1.3596050773714976,0.8600796925373676,1.11565010407894,72.0,soc_rate,0.25
mortality,CA,Cohen_m3,6880,966,0.140406976744186,3.3886906672800044e-05,1.744014886904467,1.662016529958685,2.080903670694626,2.1447533495220705,24.0,sensitivity,0.25
mortality,CA,Cohen_m3,6880,404,0.0587209302325581,3.0615503542468326e-08,3.199502562188098,2.446213208226978,2.3376003846316515,2.722388852082076,24.0,soc_rate,0.25
mortality,CA,Cohen_m4,6880,1144,0.1662790697674418,0.0048731631749259,1.4330695131188207,2.7766863126229384,1.6735799683882375,1.6543522141566762,24.0,sensitivity,0.25
mortality,CA,Cohen_m4,6880,404,0.0587209302325581,4.971995670600509e-05,0.9030387607340772,2.1795921427671123,1.9099682484913376,2.2431454821610903,24.0,soc_rate,0.25
mortality,CA,Gaussian_mle,6880,2055,0.2986918604651162,0.7220688548205688,1.016868142499489,1.1670708484608487,1.2381002133290169,1.0085355992618117,24.0,sensitivity,0.25
mortality,CA,Gaussian_mle,6880,397,0.057703488372093,0.793439426553555,0.9132903741221458,0.794177280836027,0.864180493163781,1.3538401259387862,24.0,soc_rate,0.25
mortality,CA,Gaussian_trunc,6880,1603,0.2329941860465116,0.522417599648218,0.4326556815400143,0.6039375939786,1.1265461847490206,1.0318850284370396,24.0,sensitivity,0.25
mortality,CA,Gaussian_trunc,6880,397,0.057703488372093,0.3371940368830567,0.0,0.4985533271242856,1.053094955837265,1.0187834577154482,24.0,soc_rate,0.25
mortality,CA,Gaussian_eb,6880,2048,0.2976744186046511,0.5983469657932743,0.7241719629695578,1.033785799562997,1.0556908649902834,1.093613030180995,24.0,sensitivity,0.25
mortality,CA,Gaussian_eb,6880,397,0.057703488372093,0.1638715958384682,0.0,0.8338567429586292,0.7619768442376575,0.8929974048205299,24.0,soc_rate,0.25
mortality,CA,Cohen_m2,6880,404,0.0587209302325581,0.000515501668072,2.0777380202379856,3.199663652706405,2.08837921284114,1.8600337679649408,24.0,soc_rate,0.25
mortality,CA,NORMA_q_age,6880,1482,0.215406976744186,0.2334333207086323,1.0974946026072947,1.549718861908852,1.2691340689274402,0.9742035639450308,24.0,sensitivity,0.25
mortality,CL,PerRI,3653,901,0.2466465918423213,0.5682485505721168,1.699801649254828,0.96563753730824,1.0250067331956918,0.6146111932904293,168.0,soc_rate,0.25
mortality,CRE,NORMA_q_age_set_co,2862,433,0.1512928022361984,0.0562632615774212,2.3151689683928827,2.254936176085004,1.954090409159857,1.725450476569368,168.0,soc_rate,0.25
mortality,CL,Gaussian_eb,3653,742,0.2031207226936764,0.1404909047249857,1.076282524038985,1.1989097959092931,1.4458904003253368,1.1873561343793733,168.0,sensitivity,0.25
mortality,CRE,StandardOfCare,9184,246,0.0267857142857142,2.1566164477263293e-50,11.360307429426834,6.78773882994073,8.465599601536908,5.329367031839372,24.0,sensitivity,0.25
mortality,CRE,Cohen_m2,9184,590,0.0642421602787456,3.2979351631971554e-28,11.128759750756968,3.537006544645573,3.498256842238122,3.790840166467493,24.0,sensitivity,0.25
mortality,CRE,Cohen_m2,9184,246,0.0267857142857142,4.639946851684461e-21,7.899943760112187,4.825697679985395,4.014366431829389,4.252381068262749,24.0,soc_rate,0.25
mortality,CRE,Cohen_m3,9184,941,0.1024608013937282,8.623450810617132e-14,3.994775765602804,2.0455323013401103,2.63369798599427,2.4534806940097567,24.0,sensitivity,0.25
mortality,CRE,Cohen_m3,9184,246,0.0267857142857142,2.846827371817925e-17,4.895452045737686,4.297763820970287,3.7966851232393086,3.319222098677534,24.0,soc_rate,0.25
mortality,CRE,Cohen_m4,9184,543,0.0591245644599303,5.73243162280163e-24,6.994277981348846,4.382232523189812,4.473378034128176,3.385822034814553,24.0,sensitivity,0.25
mortality,CRE,Cohen_m4,9184,246,0.0267857142857142,3.1371166568296474e-28,11.675327300871544,5.963890416439282,5.464015215528218,3.929269229813383,24.0,soc_rate,0.25
mortality,CRE,Gaussian_mle,9184,1964,0.2138501742160278,0.1085980152320011,1.2958919058088256,1.3854284872806617,1.3667798822402006,1.2121446780184173,24.0,sensitivity,0.25
mortality,CRE,Gaussian_mle,9184,242,0.0263501742160278,0.1555411673062048,0.0,0.48760373383947,0.1599751593241181,0.758309718735629,24.0,soc_rate,0.25
mortality,CRE,Gaussian_trunc,9184,2096,0.2282229965156794,0.7662169498052105,0.7826790405326541,0.9436844881695076,1.1876202686024142,0.8858928972210096,24.0,sensitivity,0.25
mortality,CRE,Gaussian_trunc,9184,242,0.0263501742160278,0.4962391663890553,0.0,0.0,1.3588076316968276,0.8386195576161629,24.0,soc_rate,0.25
mortality,CRE,Gaussian_eb,9184,2053,0.2235409407665505,0.1726046262568303,2.025295050707399,1.2800543837008571,1.4560075511237365,1.1806547543009704,24.0,sensitivity,0.25
mortality,CRE,Gaussian_eb,9184,242,0.0263501742160278,0.336812235214555,0.0,0.0,1.4051822641101508,0.5329421694260342,24.0,soc_rate,0.25
mortality,CRE,NORMA_q_age_set,9184,1545,0.1682273519163763,0.0001549366620072,1.075255632902706,0.9722823631828714,2.0416880814581715,1.7510658767570144,24.0,sensitivity,0.25
mortality,CRE,NORMA_q_age_set,9184,246,0.0267857142857142,1.04375667972457e-06,0.0,2.7741394163603665,3.3699566540196035,2.3901176060445053,24.0,soc_rate,0.25
mortality,CRE,NORMA_334f7e21,9184,1574,0.1713850174216027,0.0002079681311904,0.3060784456316996,0.7039652837010137,1.8689107151048756,2.151875649802944,24.0,sensitivity,0.25
mortality,CRE,NORMA_334f7e21,9184,246,0.0267857142857142,9.965567306538308e-05,0.0,1.6730264676179765,2.7493345028627565,2.6308345561505257,24.0,soc_rate,0.25
mortality,CRE,NORMA_q_age,9184,1711,0.1863022648083623,0.0039835927118465,1.0228107711532295,0.8747319958913825,1.6072602488088483,1.800964734443993,24.0,sensitivity,0.25
mortality,CRE,NORMA_q_age,9184,246,0.0267857142857142,0.0107043935271293,0.0,2.260413795722422,2.5143361491816303,1.9267426575288384,24.0,soc_rate,0.25
mortality,CRE,NORMA_q_age_set_co,9184,1383,0.1505879790940766,1.0868655933873996e-05,1.231180893679225,1.3647439126174294,2.2801185235107004,1.6583836450628833,24.0,sensitivity,0.25
mortality,CRE,NORMA_q_age_set_co,9184,246,0.0267857142857142,3.165952542932653e-05,0.0,2.265943224731457,3.571588500195262,2.2707616677055573,24.0,soc_rate,0.25
mortality,CRE,PopRI,9184,246,0.0267857142857142,0.391303747113949,0.0,0.5853515955890205,1.1086234563174722,0.5901397713126891,24.0,soc_rate,0.25
mortality,CRE,PerRI,9184,2485,0.2705792682926829,0.7829094577884244,0.9013983196669748,0.8604541719633744,1.050713507803557,1.075201468204256,24.0,sensitivity,0.25
mortality,CRE,NORMA_q_age_set_co,10546,1775,0.1683102598141475,0.0018822299681008,1.5960037911176284,1.345537202239944,1.4326066512108702,1.214303790673342,0.0,sensitivity,0.25
mortality,CRE,StandardOfCare,9184,246,0.0267857142857142,2.1566164477263293e-50,11.360307429426834,6.78773882994073,8.465599601536908,5.329367031839372,24.0,soc_rate,0.25
mortality,CO2,NORMA_q_age_set,4482,1227,0.2737617135207497,0.2013613235430173,1.5282660133492654,1.3238675463202216,1.1957494693788422,0.7717809928817313,168.0,soc_rate,0.25
mortality,CO2,NORMA_334f7e21,4482,1268,0.2829094154395359,0.3341351479205953,1.4583942125201914,1.205998146912278,1.0982762859728543,0.8760298724419336,168.0,sensitivity,0.25
mortality,CO2,NORMA_334f7e21,4482,1227,0.2737617135207497,0.1737258497388345,0.6081222481296295,0.6804613383612131,0.9861646277758452,0.8953837308186733,168.0,soc_rate,0.25
mortality,CO2,NORMA_q_age,4482,1252,0.2793395805443998,0.291801691864863,0.9637148289008292,0.9189431976258764,1.216568895616309,0.8454367819224604,168.0,sensitivity,0.25
mortality,CO2,NORMA_q_age,4482,1227,0.2737617135207497,0.0866892120683275,0.9836861194229544,0.9540690290093096,1.1453768515948548,0.858544376402443,168.0,soc_rate,0.25
mortality,CO2,NORMA_q_age_set_co,4482,1052,0.2347166443551985,0.1746115951342444,1.2561219181331935,1.40596149919631,1.680839951418226,1.4952190503369782,168.0,sensitivity,0.25
mortality,CO2,NORMA_q_age_set_co,4482,1227,0.2737617135207497,0.2724243738009029,1.0214077536888355,0.9856580289282392,1.4144027709287423,1.2510968887700975,168.0,soc_rate,0.25
mortality,CO2,StandardOfCare,4482,1227,0.2737617135207497,2.166407840599796e-06,25.690521502420392,6.70977080944411,3.428382817141659,2.224837744523462,168.0,sensitivity,0.25
mortality,CO2,StandardOfCare,4482,1227,0.2737617135207497,2.166407840599796e-06,25.690521502420392,6.70977080944411,3.428382817141659,2.224837744523462,168.0,soc_rate,0.25
mortality,CRE,PopRI,10546,2771,0.262753650673241,0.9963648908166036,0.9348007870395144,0.7482454439073378,1.066229621604044,0.94877454042755,0.0,sensitivity,0.25
mortality,CRE,Cohen_m2,10546,602,0.057083254314432,3.655714305437609e-37,11.344180371944514,6.966183618446505,4.105836894242551,3.837168245949136,0.0,sensitivity,0.25
mortality,CO2,Gaussian_eb,4482,1010,0.2253458277554663,0.4874048125333642,1.918321234244286,1.1282608064870507,1.1982635284192356,1.3898058401065714,168.0,sensitivity,0.25
mortality,CRE,Cohen_m3,10546,996,0.0944433908590934,1.0816420194261262e-18,5.091104848724636,3.22587260911353,2.612649069276697,2.541618334016345,0.0,sensitivity,0.25
mortality,CRE,Cohen_m4,10546,581,0.0550919780011378,3.296865742164094e-32,10.315363491232011,6.657991423355412,4.873838687504129,3.3382695555847266,0.0,sensitivity,0.25
mortality,CRE,Gaussian_mle,10546,2281,0.2162905366963777,0.733367453322414,0.7666100485131512,1.0737520348717124,1.021104739507134,1.0608061969398996,0.0,sensitivity,0.25
mortality,CRE,Gaussian_trunc,10546,2353,0.2231177697705291,0.7384233403730904,1.5435357945894266,1.3058923665044873,1.0625097216319412,0.860004966145965,0.0,sensitivity,0.25
mortality,CRE,Gaussian_eb,10546,2376,0.2252986914469941,0.3253376984450543,0.6843469844734159,1.4826056913805818,1.288270966916257,1.1887092317683308,0.0,sensitivity,0.25
mortality,CRE,NORMA_q_age_set,10546,1776,0.1684050824957329,7.236368344989952e-05,1.293738096455896,1.0051986103242936,1.6944453784300992,1.7465685955772654,0.0,sensitivity,0.25
mortality,CRE,NORMA_334f7e21,10546,1853,0.1757064289778115,0.0003277599467814,1.8057688394006024,0.9443578879134183,1.391219696899305,1.965148049464376,0.0,sensitivity,0.25
mortality,CRE,NORMA_q_age,10546,1856,0.1759908970225678,0.0001057807836955,2.46100329570634,1.3122536341941229,1.5616477910436124,1.6944329202339838,0.0,sensitivity,0.25
mortality,CRE,PopRI,9184,2435,0.2651350174216028,0.882750895259375,1.1768389059397837,1.156836848584067,1.148481763138577,0.8711599618871987,24.0,sensitivity,0.25
mortality,CO2,NORMA_q_age_set,4482,1283,0.286256135653726,0.1450653360228279,0.9643982104769414,1.293998979904967,1.0398046848519396,0.798796800045123,168.0,sensitivity,0.25
mortality,CRE,PopRI,6313,1566,0.2480595596388405,0.3563367880210543,0.7866590418507128,1.3966237251534348,1.289314254696985,1.0563232578856523,72.0,sensitivity,0.25
mortality,CRE,PopRI,6313,651,0.103120544907334,0.9011605405792854,0.6372649108141544,1.3172606593439156,1.1501298379606952,0.9997866846700982,72.0,soc_rate,0.25
mortality,CRE,PerRI,2862,543,0.1897274633123689,0.0729363155200378,1.9290684385338943,1.8149543261957464,1.4016432661710725,1.2953798775991423,168.0,sensitivity,0.25
mortality,CRE,Cohen_m2,2862,203,0.0709294199860237,6.324739522274407e-19,5.33725621013848,4.788354066525992,3.9836933437260793,4.494139899484247,168.0,sensitivity,0.25
mortality,CRE,Cohen_m2,2862,433,0.1512928022361984,2.1166112777969127e-15,3.1203783110117462,4.206975270264434,3.379926948816792,3.5486922112018524,168.0,soc_rate,0.25
mortality,CRE,Cohen_m3,2862,314,0.1097134870719776,2.3239381976270823e-09,2.4945207596141525,3.134591553762012,3.006949838197849,2.869092069042136,168.0,sensitivity,0.25
mortality,CRE,Cohen_m3,2862,433,0.1512928022361984,1.947628362742638e-09,3.1410136521304577,3.826186950793669,2.773616627579085,3.047077958400989,168.0,soc_rate,0.25
mortality,CRE,Cohen_m4,2862,262,0.0915443745632424,1.863706710608064e-08,2.015336401142807,2.858572219118248,2.332941187775317,3.249604154605972,168.0,sensitivity,0.25
mortality,CRE,Cohen_m4,2862,433,0.1512928022361984,9.90957857260495e-05,3.087107672006258,2.829794054439421,2.1926400676995645,2.168911399257105,168.0,soc_rate,0.25
mortality,CRE,Gaussian_mle,2862,529,0.1848357791754018,0.0732911920519206,1.3640142043078078,1.4991449343863632,1.28680487930952,1.4387691234622473,168.0,sensitivity,0.25
mortality,CRE,Gaussian_mle,2862,426,0.1488469601677149,0.0337476081720063,1.77873074430645,1.993533761765682,1.4230774757038709,1.912910226948112,168.0,soc_rate,0.25
mortality,CRE,Gaussian_trunc,2862,638,0.2229210342417889,0.7077533319621059,2.3829648848980405,1.5860849325755977,1.042316236565819,0.9811585143370188,168.0,sensitivity,0.25
mortality,CRE,Gaussian_trunc,2862,426,0.1488469601677149,0.2739704945957859,2.356251956407257,1.5718857715943244,0.805691543887292,0.7980847310670013,168.0,soc_rate,0.25
mortality,CRE,Gaussian_eb,2862,653,0.2281621243885394,0.2940292341342614,1.9016522438979868,1.9101443565714815,1.1924007009274675,1.3131730890620723,168.0,sensitivity,0.25
mortality,CRE,Gaussian_eb,2862,426,0.1488469601677149,0.930237597027458,2.3837457811060645,1.595514451864952,1.1302674267199562,0.9107905731947676,168.0,soc_rate,0.25
mortality,CRE,NORMA_q_age_set,2862,378,0.1320754716981132,2.5709402242261537e-05,2.9770261115060386,3.222081465953337,2.3687855271530203,2.4111149121452518,168.0,sensitivity,0.25
mortality,CRE,NORMA_q_age_set,2862,433,0.1512928022361984,1.3164098939397848e-05,4.150687537036882,3.691685256115789,2.305111454077979,2.21747671934781,168.0,soc_rate,0.25
mortality,CRE,NORMA_334f7e21,2862,404,0.1411600279524807,4.395339311257124e-05,2.774115023796258,2.6654391774134365,2.342923435674457,2.528636419278456,168.0,sensitivity,0.25
mortality,CRE,NORMA_334f7e21,2862,433,0.1512928022361984,0.1533320637255706,2.441380346395348,2.1133694167205337,1.7552333566077711,1.5111665607116178,168.0,soc_rate,0.25
mortality,CRE,NORMA_q_age,2862,466,0.1628232005590496,0.0002584365308909,3.645138859175341,2.332795773507693,2.015465625043484,2.3866255889942662,168.0,sensitivity,0.25
mortality,CRE,NORMA_q_age,2862,433,0.1512928022361984,0.0129336486043641,4.022537039884176,3.268477122798086,2.221104283827401,1.764707269004025,168.0,soc_rate,0.25
mortality,CRE,NORMA_q_age_set_co,2862,417,0.1457023060796645,5.259052449578518e-05,4.31491332194306,3.309454489983531,2.146471629616016,2.2269655134892137,168.0,sensitivity,0.25
mortality,CRE,PopRI,2862,433,0.1512928022361984,0.4233642956876222,0.3328362246243463,1.0173820843488943,1.3001672078523672,0.763858374938843,168.0,soc_rate,0.25
mortality,CRE,PopRI,2862,632,0.2208245981830887,0.579773714479094,1.028657232397694,1.297681976299394,1.7452003924133284,1.0273095912201922,168.0,sensitivity,0.25
mortality,CRE,StandardOfCare,6313,651,0.103120544907334,3.8891775845954014e-29,6.56155306061299,6.094581916502907,5.094509886893333,3.584419499574269,72.0,soc_rate,0.25
mortality,CRE,PerRI,2862,432,0.1509433962264151,0.1208207622098914,1.8463655995957755,1.6601379754921626,1.3416694879970028,1.4614478599803038,168.0,soc_rate,0.25
mortality,CRE,StandardOfCare,6313,651,0.103120544907334,3.8891775845954014e-29,6.56155306061299,6.094581916502907,5.094509886893333,3.584419499574269,72.0,sensitivity,0.25
mortality,CRE,PerRI,6313,650,0.1029621416125455,0.969489264095718,0.9966086838823444,0.5823991213275843,0.9500521480969616,1.0139102197581094,72.0,soc_rate,0.25
mortality,CRE,PerRI,6313,1540,0.2439410739743386,0.4421471328794221,0.9807886694465696,1.1767320686986673,1.0701092864151784,1.0378987068862655,72.0,sensitivity,0.25
mortality,CRE,Cohen_m2,6313,472,0.0747663551401869,3.709739097481935e-24,2.0661489463646365,2.665809658891064,3.981433915760464,3.904769756750132,72.0,sensitivity,0.25
mortality,CRE,Cohen_m2,6313,651,0.103120544907334,8.326914512776534e-21,2.3848288251948326,2.382395321837428,3.4920941165134454,3.967635535519601,72.0,soc_rate,0.25
mortality,CRE,Cohen_m3,6313,703,0.1113575162363377,2.119257473877273e-13,1.7304594981980257,2.17943095009841,3.3922194049065952,2.6024809077889586,72.0,sensitivity,0.25
mortality,CRE,Cohen_m3,6313,651,0.103120544907334,4.410814438565352e-09,1.8751724045769167,1.8710335651466248,2.952039412645648,2.4370900746132937,72.0,soc_rate,0.25
mortality,CRE,Cohen_m4,6313,502,0.0795184539838428,1.891217508867518e-15,4.648251905760419,3.4411390853967605,3.790477136928636,3.1837293741950554,72.0,sensitivity,0.25
mortality,CRE,Cohen_m4,6313,651,0.103120544907334,1.7002008679592901e-09,1.3746970459382883,2.037305647063919,2.9421756020198324,2.5654309793128656,72.0,soc_rate,0.25
mortality,CRE,Gaussian_mle,6313,1606,0.2543956914303817,0.5138189527658754,0.3378156048528576,0.6477879416882891,1.1454216525184655,1.1776925670048513,72.0,sensitivity,0.25
mortality,CRE,Gaussian_mle,6313,640,0.1013781086646602,0.5576834813226762,0.0,0.7760887221108791,0.7675032673516489,1.0704847203437706,72.0,soc_rate,0.25
mortality,CO2,Gaussian_eb,4482,1215,0.2710843373493976,0.6443170174996083,7.179351155361407,1.3360406836299192,1.136805385129495,1.258106020053704,168.0,soc_rate,0.25
mortality,CRE,PerRI,10546,2074,0.1966622416081926,0.0224249313476942,1.3734322338763525,1.9053131058611072,1.3171644098229949,1.2097730848094554,0.0,sensitivity,0.25
mortality,CRE,Gaussian_trunc,6313,1560,0.2471091398701093,0.8296303266347009,0.6580346740388288,0.9160557836022588,1.174942119956164,0.9938462635497176,72.0,sensitivity,0.25
mortality,CRE,Gaussian_eb,6313,640,0.1013781086646602,0.1654833456222828,0.0,0.4631105881320561,0.925768227132142,0.9230586006488496,72.0,soc_rate,0.25
mortality,CRE,NORMA_q_age_set,6313,994,0.1574528750198004,2.602127034451533e-06,1.214724140792012,1.8946342303382455,2.54214125972666,2.143586653213968,72.0,sensitivity,0.25
mortality,CRE,NORMA_q_age_set,6313,651,0.103120544907334,2.152438901971473e-06,1.0604408789937374,1.683583926651041,2.308529125057374,2.3643962765303463,72.0,soc_rate,0.25
mortality,CRE,NORMA_334f7e21,6313,1024,0.1622049738634563,2.4644677815627207e-05,0.8656496396148726,1.317815461346994,2.1033465586524724,2.273162383586749,72.0,sensitivity,0.25
mortality,CRE,NORMA_334f7e21,6313,651,0.103120544907334,0.0168039820501523,0.7026638450261525,1.5207009358040493,1.906704482145498,1.8424858182394,72.0,soc_rate,0.25
mortality,CRE,NORMA_q_age,6313,1185,0.1877079043244099,0.00261750478461,1.165362927449019,1.3200025438845695,1.7363035114808272,2.001117229348809,72.0,sensitivity,0.25
mortality,CRE,NORMA_q_age,6313,651,0.103120544907334,0.0562369325671915,1.0638290954210905,1.158584652060191,1.7553284009311048,1.6106493630500802,72.0,soc_rate,0.25
mortality,CRE,NORMA_q_age_set_co,6313,948,0.1501663234595279,9.32624931020616e-06,1.5191606337336798,2.2045144114221737,2.483833203599346,1.825613066273726,72.0,sensitivity,0.25
mortality,CRE,NORMA_q_age_set_co,6313,651,0.103120544907334,0.0010726002561074,1.4536252110045278,2.037936639810382,2.1167747813127984,1.8772530268964347,72.0,soc_rate,0.25
mortality,CRE,Gaussian_trunc,6313,640,0.1013781086646602,0.1832012568208088,0.0,0.4291904569725563,1.0519014543785756,0.8490389631326244,72.0,soc_rate,0.25
mortality,CRE,Gaussian_eb,6313,1550,0.2455251069222239,0.2532532634203392,1.0467383387152354,1.0890954404546662,1.5317054028477206,1.3163605435584065,72.0,sensitivity,0.25
mortality,CO2,Gaussian_trunc,4482,1215,0.2710843373493976,0.2438690589968773,0.6064033766801943,0.388065201378245,0.5195625739934676,0.7821368144247274,168.0,soc_rate,0.25
mortality,CO2,Gaussian_trunc,4482,1375,0.3067826863007586,0.1818056404726308,0.8312064635989028,0.5249987412541537,0.663144538428564,0.9085092608799236,168.0,sensitivity,0.25
mortality,CO2,Cohen_m4,6339,1686,0.2659725508755324,0.3195682786162191,0.4901812157733537,0.9081897210566352,0.9093387596207256,0.9991336792324402,0.0,sensitivity,0.25
mortality,CO2,Gaussian_mle,6339,1389,0.2191197349739706,0.5104371718266125,1.2788326947499042,1.232730661923701,1.0534371697029048,1.1284514745236145,0.0,sensitivity,0.25
mortality,CO2,Gaussian_trunc,6339,1877,0.2961034863543145,0.1571055281645956,0.9381359019870136,0.8204475281634587,0.8159893588740431,0.762699245679727,0.0,sensitivity,0.25
mortality,CO2,Gaussian_eb,6339,1666,0.2628174790976494,0.5259625956686834,0.2919819681311219,0.5549444613260931,0.6753968754455193,1.007143131266808,0.0,sensitivity,0.25
mortality,CO2,NORMA_q_age_set,6339,1822,0.2874270389651364,0.0970080681806848,0.5068982002742423,0.7011439657338132,0.8070180520535144,0.7880004454695878,0.0,sensitivity,0.25
mortality,CO2,NORMA_334f7e21,6339,1741,0.2746489982647105,0.3168808005829192,0.6137609277943928,0.8282332285581167,0.9621056590743976,0.927848627326084,0.0,sensitivity,0.25
mortality,CO2,NORMA_q_age,6339,1866,0.2943681968764789,0.0736160511917797,0.4259155598930155,0.7893636500847836,0.7892293427334568,0.8023342712788663,0.0,sensitivity,0.25
mortality,CO2,NORMA_q_age_set_co,6339,1620,0.2555608140085187,0.7868490107375561,0.6770199912493502,0.6552538726079905,0.8447180882855707,1.1476655268234146,0.0,sensitivity,0.25
mortality,CO2,PopRI,6271,1319,0.2103332801785999,0.1898392302977617,0.8658535531467801,1.0679335665656666,1.1303788090668916,1.4297978592524063,24.0,sensitivity,0.25
mortality,CO2,PopRI,6271,1365,0.2176686333918035,0.9523505012305554,0.6659497225968564,0.8897779446358481,1.111294935181087,1.2064555942260886,24.0,soc_rate,0.25
mortality,CO2,PerRI,6271,1354,0.2159145271886461,0.1058963949393109,1.016832673233558,1.183118653104529,1.18576419121102,1.0350441880377332,24.0,sensitivity,0.25
mortality,CO2,PerRI,6271,1364,0.2175091691915165,0.0262182485692366,1.0072872074789636,1.1730021667968218,1.1663830061545502,1.1797257626755329,24.0,soc_rate,0.25
mortality,CO2,Cohen_m2,6271,1223,0.1950247169510444,0.109114936562701,1.1536458827170737,0.9377671305118428,1.4558047339859377,1.2019687953999123,24.0,sensitivity,0.25
mortality,CO2,Cohen_m2,6271,1365,0.2176686333918035,0.0801294005084132,1.004994031858964,1.011816231105395,1.367957405781724,1.1576387487737785,24.0,soc_rate,0.25
mortality,CO2,Cohen_m3,6271,1446,0.2305852336150534,0.0949661057372888,0.6176975845915618,1.0117163563086156,0.958120726813102,1.7077384718826365,24.0,sensitivity,0.25
mortality,CO2,Cohen_m3,6271,1365,0.2176686333918035,0.0854141293580571,0.3718115998722044,0.8887876114133758,0.9768301039767108,1.7383463352195652,24.0,soc_rate,0.25
mortality,CO2,Cohen_m4,6271,1573,0.2508371870515069,0.65087644265755,1.1676826277828043,1.1507221085439503,1.0196277258492472,1.0419213072041231,24.0,sensitivity,0.25
mortality,CO2,Cohen_m4,6271,1365,0.2176686333918035,0.6326248058728028,0.6652184509132204,1.1603259559965753,1.117432286386681,1.0332411258965613,24.0,soc_rate,0.25
mortality,CO2,Gaussian_mle,6271,1673,0.2667836070802105,0.1979231370102924,0.7694046578186187,1.0681775170919097,0.9338510927575008,0.8882738147818625,24.0,sensitivity,0.25
mortality,CO2,Gaussian_mle,6271,1351,0.215436134587785,0.0296196088770101,0.6741328936720158,0.9671138137402217,0.8736724242043991,0.7758825328422734,24.0,soc_rate,0.25
mortality,CO2,Gaussian_trunc,6271,1913,0.305055015149099,0.0558291882428216,1.0350525803002428,0.7355785809211768,0.8149899982339405,0.7171258445093817,24.0,sensitivity,0.25
mortality,CO2,Cohen_m3,6339,1565,0.2468843666193406,0.490039403903151,0.4638647312824535,0.6859588532765514,0.8477330075991849,1.3458413336658896,0.0,sensitivity,0.25
mortality,CO2,Cohen_m2,6339,1265,0.1995582899510964,0.1291862558650219,0.7129908788718013,1.0150462983263018,1.1534382457817218,1.1067498770012147,0.0,sensitivity,0.25
mortality,CO2,PerRI,6339,1474,0.2325287900299731,0.3643520078920741,1.6961749088333182,1.4310667876052183,1.1825218657546293,0.9835297902018454,0.0,sensitivity,0.25
mortality,CO2,PopRI,6339,1387,0.2188042277961823,0.5187893981625091,0.6342861938163986,0.8519609699364812,0.9820426918926396,1.3090972777766854,0.0,sensitivity,0.25
mortality,CL,Cohen_m2,3653,623,0.1705447577333698,0.1624362045864447,3.718072307062496,1.788604054413395,1.6021264178373016,1.1530505045529909,168.0,sensitivity,0.25
mortality,CL,Cohen_m2,3653,901,0.2466465918423213,0.2461636246134757,1.610795373682173,1.051915847273348,1.52630417053712,1.2447102261762837,168.0,soc_rate,0.25
mortality,CL,Cohen_m3,3653,651,0.1782096906652066,0.0833183176523461,1.6478087683668745,0.9472283364300212,1.3967123588837027,1.219071949477606,168.0,sensitivity,0.25
mortality,CL,Cohen_m3,3653,901,0.2466465918423213,0.0240028812989101,2.349496032849796,1.6760713436908186,1.513231816805186,1.2910917745985124,168.0,soc_rate,0.25
mortality,CL,Cohen_m4,3653,555,0.1519299206131946,0.0041796880571058,1.9854117970896483,1.6102951507447387,1.6373940709408017,1.820446871147496,168.0,sensitivity,0.25
mortality,CL,Cohen_m4,3653,901,0.2466465918423213,0.2848837307620739,1.3284236541082597,0.9678213067856396,0.842605149703028,1.2963595743943213,168.0,soc_rate,0.25
mortality,CL,Gaussian_mle,3653,812,0.2222830550232685,0.3046852112724715,0.9577346697574356,1.0506406106134738,1.4025163663021765,1.088492505130172,168.0,sensitivity,0.25
mortality,CL,Gaussian_mle,3653,891,0.2439091157952368,0.6801922475507999,1.107724928797156,0.7790344693174179,1.041460645894396,1.094715002085221,168.0,soc_rate,0.25
mortality,CL,Gaussian_trunc,3653,1082,0.2961949082945524,0.9467826293453434,0.7868621031843973,0.3695915747268289,0.6748711337724916,1.0916878231589553,168.0,sensitivity,0.25
mortality,CL,Gaussian_trunc,3653,891,0.2439091157952368,0.0249017064913973,0.6637504134651339,0.3542663548745139,0.4957850422383989,0.8457693383608489,168.0,soc_rate,0.25
mortality,CO2,Gaussian_trunc,6271,1351,0.215436134587785,0.1972271214905109,0.3761297737061539,0.6547635520428767,0.7190840917350191,0.7199915049965678,24.0,soc_rate,0.25
mortality,BUN,Cohen_m3,6705,858,0.1279642058165548,0.0616114835633686,0.3778241720840928,0.9755374104466328,0.5702838601973025,0.5611604499082433,72.0,soc_rate,0.25
mortality,CL,NORMA_q_age_set,3653,749,0.2050369559266356,0.5134231077014171,0.5781596098660545,1.2323212489155464,1.335612213228099,1.215362644667712,168.0,sensitivity,0.25
mortality,CL,NORMA_q_age_set,3653,901,0.2466465918423213,0.8184478471529132,0.8283519345395285,1.0482055109815664,0.9331569274106573,1.0440956813904907,168.0,soc_rate,0.25
mortality,CL,NORMA_334f7e21,3653,708,0.1938133041335888,0.7596090370547961,0.8562272085096329,1.5181561229455298,1.0948308533860742,1.1588479347042289,168.0,sensitivity,0.25
mortality,CL,NORMA_334f7e21,3653,901,0.2466465918423213,0.8308316670242373,0.629084120194221,0.9661812982569864,0.8033862314297141,1.2463106549744116,168.0,soc_rate,0.25
mortality,CL,NORMA_q_age,3653,858,0.2348754448398576,0.9351008676295394,0.6737399732859688,1.166386653560138,1.0441116678978513,1.1497077335537578,168.0,sensitivity,0.25
mortality,CL,NORMA_q_age,3653,901,0.2466465918423213,0.9589141523888765,0.8291901735447189,1.0629417622579185,0.7848264402789495,1.2607779067657832,168.0,soc_rate,0.25
mortality,CL,NORMA_q_age_set_co,3653,676,0.1850533807829181,0.3061844632261561,0.6526771818486611,1.0308269890881558,1.356377002460618,1.006369277001613,168.0,sensitivity,0.25
mortality,CL,NORMA_q_age_set_co,3653,901,0.2466465918423213,0.6429013859544357,0.6296632591068215,0.9389066837531984,1.0392003998203885,0.9752626510269106,168.0,soc_rate,0.25
mortality,CL,StandardOfCare,3653,901,0.2466465918423213,8.012102531497114e-12,5.742469874125193,3.410047101948071,3.3996114754197864,2.2971862609749256,168.0,sensitivity,0.25
mortality,CL,StandardOfCare,3653,901,0.2466465918423213,8.012102531497114e-12,5.742469874125193,3.410047101948071,3.3996114754197864,2.2971862609749256,168.0,soc_rate,0.25
mortality,CL,Gaussian_eb,3653,891,0.2439091157952368,0.5335524454901446,0.8480267980525529,0.9336498001428366,1.1069536686429038,1.163927489204325,168.0,soc_rate,0.25
mortality,CO2,Gaussian_eb,6271,1479,0.2358475522245255,0.557202722820729,1.079429508767555,0.7935142552285281,0.9541347051490936,1.2084279677432277,24.0,sensitivity,0.25
mortality,BUN,Cohen_m4,6705,1677,0.2501118568232662,0.4224464733756966,0.5641007363608347,1.1248311734674583,0.9918073004704862,0.6992815511676974,72.0,sensitivity,0.25
mortality,CO2,NORMA_q_age_set,6271,1740,0.2774677084994418,0.6127500902218972,0.8672170630489378,0.9007013581163471,0.9197468680932038,0.8854691638455507,24.0,sensitivity,0.25
mortality,CO2,PopRI,6108,1538,0.2518009168303863,0.4763918439492919,1.733809863971001,1.2139220210024788,1.0606788707793695,1.2471762430863942,72.0,soc_rate,0.25
mortality,CO2,NORMA_334f7e21,6108,1695,0.2775049115913556,0.406707334634625,0.956794751954445,1.1007975779247912,1.1212860057602778,1.0693337912289145,72.0,sensitivity,0.25
mortality,CO2,NORMA_334f7e21,6108,1538,0.2518009168303863,0.349210833668126,0.6066739123047139,0.936295132227077,0.8330476338262581,0.915192114312511,72.0,soc_rate,0.25
mortality,CO2,NORMA_q_age,6108,1745,0.2856908971840209,0.3817733986276291,0.7685411032818797,0.9004266976532671,0.899134546044555,0.9274863514007766,72.0,sensitivity,0.25
mortality,CO2,NORMA_q_age,6108,1538,0.2518009168303863,0.0766971269134538,0.6047252978769051,0.8396243896101722,0.846326835686781,0.8553783589451721,72.0,soc_rate,0.25
mortality,CO2,NORMA_q_age_set_co,6108,1408,0.2305173542894564,0.0772981522313367,1.032655372336675,1.2135428942171933,1.2420157880285734,1.3821050490184534,72.0,sensitivity,0.25
mortality,CO2,NORMA_q_age_set_co,6108,1538,0.2518009168303863,0.1433247191432754,1.2914941864012126,1.4489976877265236,1.2296666307265327,1.273337525514049,72.0,soc_rate,0.25
mortality,CO2,StandardOfCare,6108,1538,0.2518009168303863,1.993603453358912e-11,9.731952855051198,5.249076723879365,4.250506950981111,2.371367547434537,72.0,sensitivity,0.25
mortality,CO2,StandardOfCare,6108,1538,0.2518009168303863,1.993603453358912e-11,9.731952855051198,5.249076723879365,4.250506950981111,2.371367547434537,72.0,soc_rate,0.25
mortality,CO2,PopRI,4482,851,0.1898705934850513,0.7917346435401277,1.567133167595118,0.9417378514207204,1.2434063523867585,1.0439853367826604,168.0,sensitivity,0.25
mortality,CO2,PopRI,4482,1227,0.2737617135207497,0.5558699545929641,3.1682537282329424,0.9744448808027916,1.065799153079121,1.1370183280824202,168.0,soc_rate,0.25
mortality,CO2,PerRI,4482,1158,0.2583668005354752,0.8210173003999481,1.6003072097560636,1.3102620918377372,0.8373432704142135,0.6725696492680004,168.0,sensitivity,0.25
mortality,CO2,PerRI,4482,1226,0.2735385988398036,0.9012724974034528,1.4744083034077589,1.41019884579046,0.846089982333996,0.7303885535047419,168.0,soc_rate,0.25
mortality,CO2,Cohen_m2,4482,721,0.1608656849620705,0.1401970101682588,4.167515689392516,3.1054014007369783,2.421928536686729,1.0520970735069344,168.0,sensitivity,0.25
mortality,CO2,Cohen_m2,4482,1227,0.2737617135207497,0.0992132400369933,2.1102464804560594,1.837804548991232,2.0749196529902454,1.3579383866264148,168.0,soc_rate,0.25
mortality,CO2,Cohen_m3,4482,827,0.1845158411423471,0.0884094117423124,0.9900299576500408,1.067850927644198,1.0812466938067662,1.8482336695487585,168.0,sensitivity,0.25
mortality,CO2,Cohen_m3,4482,1227,0.2737617135207497,0.1698393239585098,1.0134223879471254,0.7762934599452188,0.9807171625505944,1.6575096419326398,168.0,soc_rate,0.25
mortality,CO2,Cohen_m4,4482,1080,0.2409638554216867,0.4170613080214527,1.7923432969714614,1.0574359182569515,0.9525835219245492,1.0107650914148885,168.0,sensitivity,0.25
mortality,CO2,Cohen_m4,4482,1227,0.2737617135207497,0.6661966240321772,1.5436427072447,0.748825280240031,0.82899538368148,1.0153241553410153,168.0,soc_rate,0.25
mortality,CO2,Gaussian_mle,4482,1161,0.2590361445783132,0.2604422505935161,1.6441396702290871,0.9649123246497684,0.7367218785468301,0.6761230749216014,168.0,sensitivity,0.25
mortality,CO2,Gaussian_mle,4482,1215,0.2710843373493976,0.5628639257563757,1.0059792211908984,1.1257003777184045,1.1352694682626543,0.8054515733910899,168.0,soc_rate,0.25
mortality,CO2,NORMA_q_age_set,6108,1736,0.2842174197773412,0.1740403169516149,0.7781593955156312,0.8477424824399151,0.9581929420402268,0.8777474587001042,72.0,sensitivity,0.25
mortality,CO2,Gaussian_eb,6108,1522,0.2491814014407334,0.9738238597679626,0.6078562135851483,0.8541056424748835,0.833407277961348,1.1787237516020372,72.0,soc_rate,0.25
mortality,CO2,Gaussian_eb,6108,1455,0.2382121807465619,0.7579300258379115,0.6409017738653947,0.8883804806137684,0.9822647810544428,1.3172668276576598,72.0,sensitivity,0.25
mortality,CO2,Gaussian_trunc,6108,1522,0.2491814014407334,0.3226413142883479,0.9289692516733312,0.8361591767701361,0.6651970750879161,0.6387490612801663,72.0,soc_rate,0.25
mortality,CO2,NORMA_q_age_set,6271,1365,0.2176686333918035,0.2357047556982334,0.6650801370322121,0.8244549412503357,0.9136011932154584,0.860714817779142,24.0,soc_rate,0.25
mortality,CO2,NORMA_334f7e21,6271,1632,0.260245574868442,0.7740969924277287,0.7949531309785798,1.0407440540440829,1.1375180456192775,1.127237790014253,24.0,sensitivity,0.25
mortality,CO2,NORMA_334f7e21,6271,1365,0.2176686333918035,0.5222225826522519,0.5130432744984906,0.8902401480340839,1.0055393339250618,1.0025759234368303,24.0,soc_rate,0.25
mortality,CO2,NORMA_q_age,6271,1773,0.282730027108914,0.610043017572102,1.327151938657784,1.0370741281213671,0.9671709609200172,0.9598382263517332,24.0,sensitivity,0.25
mortality,CO2,NORMA_q_age,6271,1365,0.2176686333918035,0.5021348813207207,0.828469946838446,0.8848105588798931,1.0164927329312203,0.97889695025945,24.0,soc_rate,0.25
mortality,CO2,NORMA_q_age_set_co,6271,1491,0.23776112262797,0.2212775678260759,0.2136348495687261,0.7418016888809491,0.9209612161471512,1.3428872463886328,24.0,sensitivity,0.25
mortality,CO2,NORMA_q_age_set_co,6271,1365,0.2176686333918035,0.7310954491275226,0.3723551336080289,0.8961267612733076,1.0748262576942478,1.17526338445656,24.0,soc_rate,0.25
mortality,CO2,StandardOfCare,6271,1365,0.2176686333918035,1.925936943096649e-07,4.617903396202966,3.7333295411893785,2.7594269862473717,1.557543823486446,24.0,sensitivity,0.25
mortality,CO2,StandardOfCare,6271,1365,0.2176686333918035,1.925936943096649e-07,4.617903396202966,3.7333295411893785,2.7594269862473717,1.557543823486446,24.0,soc_rate,0.25
mortality,CO2,PopRI,6108,1267,0.2074328749181401,0.554956134533682,1.169131938118746,0.8527803074369574,1.0141924570850185,1.3494663454153302,72.0,sensitivity,0.25
mortality,CO2,Gaussian_eb,6271,1351,0.215436134587785,0.8305700619788299,0.8394698365509385,0.6462857532699909,0.8776527918709488,1.0740712425021397,24.0,soc_rate,0.25
mortality,CRE,PerRI,9184,246,0.0267857142857142,0.7956162793976709,2.8461922827167387,1.093948220548098,1.4758439858655503,1.475748943771606,24.0,soc_rate,0.25
mortality,CO2,PerRI,6108,1537,0.251637197118533,0.1137576100832766,0.9078122964150273,1.1341190644472785,1.3127025216865424,1.1610037259246104,72.0,soc_rate,0.25
mortality,CO2,Cohen_m2,6108,1110,0.1817288801571709,0.1914036240045618,0.500307513183041,0.6468990698134209,1.8186898699415197,1.177947955791015,72.0,sensitivity,0.25
mortality,CO2,Cohen_m2,6108,1538,0.2518009168303863,0.1095440569607625,0.4543213846068132,0.7580163682491399,1.5487778847199962,1.2162607197685398,72.0,soc_rate,0.25
mortality,CO2,Cohen_m3,6108,1352,0.2213490504256712,0.2021532365874872,1.0736269042048616,0.8748987215552965,1.1218007552092657,1.567462735787628,72.0,sensitivity,0.25
mortality,CO2,Cohen_m3,6108,1538,0.2518009168303863,0.0863883085700237,1.280793361025354,0.8895138554810064,1.0037345326582765,1.735290417085805,72.0,soc_rate,0.25
mortality,CO2,Cohen_m4,6108,1553,0.254256712508186,0.7577100216655005,0.7387095115939977,1.0628183515816962,1.0289699452964225,0.995351560692772,72.0,sensitivity,0.25
mortality,CO2,Cohen_m4,6108,1538,0.2518009168303863,0.6568646875592898,1.090843409959866,0.9855032517441036,0.8661162244656837,1.0715274346372834,72.0,soc_rate,0.25
mortality,CO2,Gaussian_mle,6108,1375,0.2251146037982973,0.1463763102126166,1.4710139416597228,1.234900389369338,1.6382442624124751,1.3159623993893343,72.0,sensitivity,0.25
mortality,CO2,Gaussian_mle,6108,1522,0.2491814014407334,0.4968446471456043,1.4998332008852449,1.0611805654889963,1.399913500430794,1.146738813576378,72.0,soc_rate,0.25
mortality,CO2,Gaussian_trunc,6108,1818,0.2976424361493123,0.113907899976374,0.5996575379522386,0.7246288918652114,0.7598668943584961,0.7326613137036531,72.0,sensitivity,0.25
mortality,CO2,PerRI,6108,1255,0.2054682383759004,0.0818714439281436,0.972637105951998,1.2549678024791635,1.2646686632670348,1.4181574642541788,72.0,sensitivity,0.25
mortality,CO2,NORMA_q_age_set,6108,1538,0.2518009168303863,0.2133107030480989,0.7543716671696223,0.846845773143959,1.0454333501300517,0.8889194120435701,72.0,soc_rate,0.25
mortality,BUN,NORMA_334f7e21,6705,1560,0.232662192393736,0.6946473806462312,1.1826624913630714,1.2980311560897155,1.3367540618306046,0.8927415986412315,72.0,sensitivity,0.25
mortality,BUN,Cohen_m3,6705,1645,0.2453392990305742,0.6405720556537572,2.254255554962428,2.078339964697305,0.8867390413572723,0.9500119003735203,72.0,sensitivity,0.25
mortality,CA,NORMA_334f7e21,2200,442,0.2009090909090909,0.3214731483847562,0.2441400704037427,0.564279556365467,0.96368558077145,1.1044081601251097,168.0,sensitivity,0.25
mortality,ALT,Cohen_m4,7223,115,0.0159213623148276,0.2150721540514163,0.0,0.0,1.657531100550506,1.7604558743734684,24.0,soc_rate,0.25
mortality,ALP,PopRI,7458,1347,0.1806114239742558,0.1224775560408577,0.4958489984969372,1.0233884206814463,1.2230813517966288,1.1620067565174188,72.0,sensitivity,0.25
mortality,ALP,PopRI,7458,273,0.0366049879324215,0.1178040472175056,0.0,0.7763571918603335,0.9311094627979069,1.540658064605527,72.0,soc_rate,0.25
mortality,ALP,PerRI,7458,2560,0.3432555644945025,0.4436308376143313,0.6304720973097534,0.6498272761537777,0.8120478169626804,0.9073729716501062,72.0,sensitivity,0.25
mortality,ALP,PerRI,7458,272,0.0364709037275408,0.6311415106379401,1.3778567143980585,1.841957448955366,1.5345954690485446,0.6047744656760805,72.0,soc_rate,0.25
mortality,ALP,Cohen_m2,7458,888,0.1190667739340305,0.0006213397309457,1.3525996305398098,1.162152758558602,1.6426281216537342,1.5178654235715814,72.0,sensitivity,0.25
mortality,ALP,Cohen_m2,7458,273,0.0366049879324215,0.0414773756322674,1.550071671260085,1.65888515014864,1.4908193748822165,0.8627586261899705,72.0,soc_rate,0.25
mortality,ALP,Cohen_m3,7458,873,0.1170555108608206,1.6945513023993474e-06,2.1669936761344077,1.800995360732641,2.052776201829281,1.932855589325972,72.0,sensitivity,0.25
mortality,ALP,Cohen_m3,7458,273,0.0366049879324215,1.804164942817189e-09,3.146370910812951,3.276459486168248,3.82256145708728,2.606613086328224,72.0,soc_rate,0.25
mortality,ALP,Cohen_m4,7458,756,0.1013676588897827,4.1534590479190816e-10,1.750173804746769,2.0232990114417038,2.3675291989771563,2.083320271706475,72.0,sensitivity,0.25
mortality,ALP,Cohen_m4,7458,273,0.0366049879324215,0.0048867915509918,0.0,2.6339746190616524,2.3400686828472024,1.71496631794857,72.0,soc_rate,0.25
mortality,ALP,Gaussian_mle,7458,1630,0.218557253955484,0.0139495111151339,1.6523747961508708,1.0159453292073006,0.9101599187789275,1.4754400756263042,72.0,sensitivity,0.25
mortality,ALP,Gaussian_mle,7458,271,0.0363368195226602,0.489925684780761,0.0,0.912840314368783,0.8449934456990258,0.7508223827170387,72.0,soc_rate,0.25
mortality,ALP,Gaussian_trunc,7458,1579,0.2117189595065701,0.2073021869033552,1.7277828434630322,1.514610082564818,1.362953462066547,1.110111703881199,72.0,sensitivity,0.25
mortality,ALP,Gaussian_trunc,7458,271,0.0363368195226602,0.4624369123560917,0.0,0.8859418640965829,0.7599136583797889,0.9796195853044484,72.0,soc_rate,0.25
mortality,ALP,Gaussian_eb,7458,1610,0.2158755698578707,0.0406306716277775,1.316300804581657,0.9511906398770916,0.8136536506551315,1.451040772921779,72.0,sensitivity,0.25
mortality,ALP,Gaussian_eb,7458,271,0.0363368195226602,0.1621067289278097,0.0,0.9126118425779898,0.8192036442242164,0.3425679406279312,72.0,soc_rate,0.25
mortality,ALP,NORMA_q_age_set,7458,1312,0.1759184768034325,0.1138458018795346,0.8789632007948364,1.2570397608280144,1.458034775100684,1.2098922441030215,72.0,sensitivity,0.25
mortality,ALP,NORMA_q_age_set,7458,273,0.0366049879324215,0.4311428659112736,0.0,0.4321339513294563,0.4610132633145079,1.668170982524294,72.0,soc_rate,0.25
mortality,ALP,NORMA_334f7e21,7458,1526,0.2046124966478948,0.0967257312143208,1.0682980092022205,1.1525455214061584,1.3331281412646103,1.2013068488748853,72.0,sensitivity,0.25
mortality,ALP,NORMA_334f7e21,7458,273,0.0366049879324215,0.27452999141051,0.0,1.260602804796465,1.113020000461194,1.381754258428605,72.0,soc_rate,0.25
mortality,ALP,StandardOfCare,10196,68,0.0066692820714005,2.5793299658607954e-10,21.45106656693312,9.43242686791571,6.501852967350905,3.089675103156877,24.0,sensitivity,0.25
mortality,ALP,NORMA_q_age,7458,273,0.0366049879324215,0.2496924203035723,1.3723533850876284,1.5747924938124018,1.7532631276221913,1.2487614457382534,72.0,soc_rate,0.25
mortality,ALP,NORMA_q_age,7458,1557,0.2087691069991955,0.0655364111947241,0.7102047205052768,0.7970943500211298,1.2365882913334438,1.2385944147442591,72.0,sensitivity,0.25
mortality,ALP,NORMA_q_age,10196,68,0.0066692820714005,0.3057406268237826,0.0,0.0,0.0,0.0,24.0,soc_rate,0.25
mortality,ALP,PopRI,10196,68,0.0066692820714005,0.4142259979526759,0.0,1.9300185483064976,2.7227190411334665,1.2175010435602989,24.0,soc_rate,0.25
mortality,ALP,PerRI,10196,3541,0.3472930561004315,0.3116561097030537,1.040656634873916,0.809003449095233,0.7639712893102758,0.9074714070202512,24.0,sensitivity,0.25
mortality,ALP,PerRI,10196,68,0.0066692820714005,0.8537259557898067,5.154513913733939,1.8990137982013104,0.7458810239875616,0.4059559052291924,24.0,soc_rate,0.25
mortality,ALP,Cohen_m2,10196,1170,0.1147508826990976,1.468862766536262e-06,3.749117163163369,2.634245925231486,2.2823634888909905,1.6831711377444416,24.0,sensitivity,0.25
mortality,ALP,Cohen_m2,10196,68,0.0066692820714005,0.0626948497481352,4.68020181844771,1.7297490109045837,4.862887062554895,0.7538435445440884,24.0,soc_rate,0.25
mortality,ALP,Cohen_m3,10196,1145,0.1122989407610827,1.410209278158896e-08,3.0472754128190696,3.135098259005225,2.8996389474196107,2.060435213727723,24.0,sensitivity,0.25
mortality,ALP,Cohen_m3,10196,68,0.0066692820714005,0.0178302967779274,9.661952803955602,5.611440055920762,5.159925179678926,1.392054105027156,24.0,soc_rate,0.25
mortality,ALP,Cohen_m4,10196,959,0.0940564927422518,7.024234982803685e-16,6.718037005860578,3.5517188665615187,3.752283465928064,2.2649340199475403,24.0,sensitivity,0.25
mortality,ALP,Cohen_m4,10196,68,0.0066692820714005,0.7059798160084018,4.678789161456056,1.7282963841818906,0.6792395601464123,1.45725466492128,24.0,soc_rate,0.25
mortality,ALP,Gaussian_mle,10196,67,0.0065712043938799,0.7849518747155683,0.0,2.568033231424348,1.0092309670402495,0.1603382369042736,24.0,soc_rate,0.25
mortality,ALT,Cohen_m3,7223,115,0.0159213623148276,0.5110845322737161,0.0,0.0,2.4176280465652167,1.6221893368905362,24.0,soc_rate,0.25
mortality,ALP,Gaussian_trunc,10196,2216,0.2173401333856414,0.3756206381905784,2.2435342019301645,1.5172967437151053,1.4384847465028152,1.1005435950030478,24.0,sensitivity,0.25
mortality,ALP,Gaussian_trunc,10196,67,0.0065712043938799,0.7844029792887487,0.0,0.0,0.0,1.2333744063762695,24.0,soc_rate,0.25
mortality,ALP,Gaussian_eb,10196,2278,0.2234209493919184,0.0585921141153158,2.228024820939505,1.638459556191718,1.153252738811361,1.3058274950510886,24.0,sensitivity,0.25
mortality,ALP,Gaussian_eb,10196,67,0.0065712043938799,0.2079790984924645,0.0,0.0,0.0,0.0,24.0,soc_rate,0.25
mortality,ALP,NORMA_q_age_set,10196,1896,0.1859552765790506,0.0573096055626163,2.0991105626279225,1.2062308735134497,0.95448267297247,1.2844801177440404,24.0,sensitivity,0.25
mortality,ALP,NORMA_q_age_set,10196,68,0.0066692820714005,0.2496460376782777,0.0,0.0,0.0,0.0,24.0,soc_rate,0.25
mortality,ALP,NORMA_334f7e21,10196,2007,0.1968418987838368,0.0183560175109486,2.254321602431589,1.7804634981926806,1.1080023706112945,1.329658811961638,24.0,sensitivity,0.25
mortality,ALP,NORMA_334f7e21,10196,68,0.0066692820714005,0.2863552499200692,0.0,0.0,0.0,0.0,24.0,soc_rate,0.25
mortality,ALP,NORMA_q_age,10196,1986,0.1947822675559042,0.001764943389106,1.7156474178066248,1.4639086919451751,1.1988882599290602,1.4046527611422448,24.0,sensitivity,0.25
mortality,ALP,NORMA_q_age_set_co,10196,2200,0.2157708905453119,0.0036467685850375,2.0155539514065657,1.6951570237905669,1.3808977143309626,1.16238879013608,24.0,sensitivity,0.25
mortality,ALP,NORMA_q_age_set_co,10196,68,0.0066692820714005,0.267015916594769,0.0,0.0,0.0,0.0,24.0,soc_rate,0.25
mortality,ALP,NORMA_q_age_set_co,7458,1610,0.2158755698578707,0.0069985240431338,0.9586297541682288,1.2080168178592907,1.6441357166815458,1.1490525237030131,72.0,sensitivity,0.25
mortality,ALP,NORMA_q_age_set_co,7458,273,0.0366049879324215,0.4480683580349902,1.382673039444718,2.0314369500419485,1.3276287783525238,0.6835529221500873,72.0,soc_rate,0.25
mortality,ALP,StandardOfCare,7458,273,0.0366049879324215,4.438000702606483e-12,6.964889753135286,5.033865588981917,4.446110499176953,2.6573471372822928,72.0,sensitivity,0.25
mortality,ALT,PerRI,7904,2394,0.3028846153846153,0.3569166069537517,1.5061995711561431,1.2564122878363546,1.0965892126112815,1.1761233052600168,0.0,sensitivity,0.25
mortality,ALT,Cohen_m2,7904,1609,0.2035678137651821,0.0687913634399681,2.004041590755793,2.0955990398754767,1.504275105147109,1.1682494270418873,0.0,sensitivity,0.25
mortality,ALT,Cohen_m3,7904,951,0.1203188259109311,1.2370260353185252e-05,2.1285013740370453,1.4797415086949626,2.278050156971376,1.584598839681797,0.0,sensitivity,0.25
mortality,ALT,Cohen_m4,7904,1064,0.1346153846153846,2.255706196410878e-06,1.3240493970198726,1.4068222503263528,1.96189169599646,1.6335151659403195,0.0,sensitivity,0.25
mortality,ALT,Gaussian_mle,7904,2006,0.2537955465587044,0.0826014258845717,1.16507995966782,1.1382751225475327,1.1507619735536856,1.248239267325698,0.0,sensitivity,0.25
mortality,ALT,Gaussian_trunc,7904,1941,0.2455718623481781,0.3023924434896331,1.5747024113246066,1.442001855896576,1.3159368428999825,1.056333671266811,0.0,sensitivity,0.25
mortality,ALT,Gaussian_eb,7904,2069,0.2617661943319838,0.2301837598057563,1.1177990469883288,1.2168251232083769,1.22409051637763,1.1155933149449553,0.0,sensitivity,0.25
mortality,ALT,NORMA_q_age_set,7904,1719,0.2174848178137652,0.052345991203862,2.8598025380079544,1.8186306523687976,1.1587670712577027,1.2648746810363956,0.0,sensitivity,0.25
mortality,ALT,NORMA_334f7e21,7904,1562,0.1976214574898785,0.0032732740891356,3.230360431195081,2.0039664411633766,1.7694182737384525,1.4615564478287502,0.0,sensitivity,0.25
mortality,ALT,NORMA_q_age,7904,1772,0.2241902834008097,0.0108665906073874,2.7506459199619693,1.295069361648867,1.3771251584964035,1.3480721062360228,0.0,sensitivity,0.25
mortality,ALT,NORMA_q_age_set_co,7904,1404,0.1776315789473684,0.0018000716422019,4.6382418526613,1.596834340322303,1.8222211210500536,1.1530174026740985,0.0,sensitivity,0.25
mortality,ALT,PopRI,7223,1812,0.2508652914301537,0.8957635112150772,1.7342715650443823,1.1104407144899413,0.9284835062824688,0.8524421380255531,24.0,sensitivity,0.25
mortality,ALT,PopRI,7223,115,0.0159213623148276,0.2518892478940114,7.098963665835012,4.475958361183495,1.9849517471003129,0.7305818230313461,24.0,soc_rate,0.25
mortality,ALT,PerRI,7223,2246,0.3109511283400249,0.4544829584560782,0.8043064340073041,0.9818867510077326,1.0889075539323487,1.2242326741782914,24.0,sensitivity,0.25
mortality,ALT,PerRI,7223,115,0.0159213623148276,0.307005499077311,3.356527957229196,0.9559452102027204,2.254124034170468,0.8605805817202028,24.0,soc_rate,0.25
mortality,ALT,Cohen_m2,7223,1567,0.2169458673681296,0.101683140848906,0.9380172799828153,1.9148420205709364,1.3590458330756956,1.2471459807119252,24.0,sensitivity,0.25
mortality,ALT,Cohen_m2,7223,115,0.0159213623148276,0.9093373427732012,0.0,0.0,0.6679422185961371,0.9887885459489456,24.0,soc_rate,0.25
mortality,ALT,Cohen_m3,7223,904,0.1251557524574276,4.556854171192213e-05,2.424634065678126,1.282932789016434,2.0969044270404984,1.6153588834251034,24.0,sensitivity,0.25
mortality,ALP,NORMA_q_age_set_co,3400,314,0.0923529411764705,0.0028718834737772,1.2075064384308185,2.4295782927990675,2.082719624277096,1.6579275816282733,168.0,soc_rate,0.25
mortality,ALP,NORMA_q_age_set_co,3400,656,0.1929411764705882,0.0008237290389119,3.543065385763692,2.5953721122867086,2.199303387670667,1.2905533505355298,168.0,sensitivity,0.25
mortality,ALT,Cohen_m4,7223,1039,0.143846047348747,2.2815733562628244e-06,0.6830909383161622,1.7137909213852496,2.222974436044546,1.5577286723755115,24.0,sensitivity,0.25
mortality,ALT,PopRI,7904,1937,0.2450657894736842,0.8668787134303042,0.6387643357925312,0.9120404453861436,0.6734424808645072,0.9631349281034652,0.0,sensitivity,0.25
mortality,ALP,NORMA_q_age,3400,314,0.0923529411764705,0.0004141652462968,1.207677792387243,2.054284109117712,1.766449452807418,1.6509588801754254,168.0,soc_rate,0.25
mortality,ALP,StandardOfCare,3400,314,0.0923529411764705,1.7558118071264142e-10,2.717496997498168,3.661465422542746,3.733790593339005,2.3412376845693363,168.0,sensitivity,0.25
mortality,ALP,NORMA_q_age,3400,628,0.1847058823529411,0.0085905389843398,1.2391405021272686,2.252857979913635,1.734823040107284,1.321003753083235,168.0,sensitivity,0.25
mortality,ALP,PopRI,3400,630,0.1852941176470588,0.0619606483013885,0.6324896905685743,1.2398292153870138,1.3403279235981134,1.175754159390762,168.0,sensitivity,0.25
mortality,ALP,PopRI,3400,314,0.0923529411764705,0.2595383629119439,0.0,1.4127675319236408,1.5430956758554275,0.960872019090538,168.0,soc_rate,0.25
mortality,ALP,PerRI,3400,1095,0.3220588235294118,0.668826101387981,0.2571893114942385,1.2131281844647022,0.859142640864075,0.9445546800839488,168.0,sensitivity,0.25
mortality,ALP,PerRI,3400,313,0.0920588235294117,0.4119516110439384,0.0,0.7056431375406939,0.260168135618303,0.5267080520207795,168.0,soc_rate,0.25
mortality,ALP,Cohen_m2,3400,466,0.1370588235294117,0.0004742453936379,1.926156822963652,1.5972752725576895,2.1765831528303186,1.6957303702318347,168.0,sensitivity,0.25
mortality,ALP,Cohen_m2,3400,314,0.0923529411764705,0.123176775871899,3.054724765415886,1.1048201214546505,2.18059197382182,1.4710240437224853,168.0,soc_rate,0.25
mortality,ALP,Cohen_m3,3400,447,0.1314705882352941,1.8710526457204e-06,3.501958373166397,2.033103897182599,2.9754398866003213,1.6885046215103718,168.0,sensitivity,0.25
mortality,ALP,Cohen_m3,3400,314,0.0923529411764705,0.003127978053985,3.033337549615947,2.1973453077241483,2.6807091515564694,1.6888269287084656,168.0,soc_rate,0.25
mortality,ALP,NORMA_q_age_set_co,11232,2273,0.2023682336182336,0.0008240349464062,2.1971324028996952,2.0991459147521665,1.5747198601785848,1.120367221091459,0.0,sensitivity,0.25
mortality,ALP,Cohen_m4,3400,423,0.1244117647058823,2.87061434516364e-10,5.871488218466034,2.346981328630656,2.75314793336991,2.197349526450899,168.0,sensitivity,0.25
mortality,ALP,PopRI,10196,1730,0.1696743821106316,0.0092610472043037,1.7150586927896867,1.6746864803635275,1.503397871713916,1.1355896635722291,24.0,sensitivity,0.25
mortality,ALP,Gaussian_mle,3400,764,0.2247058823529411,0.0116167610110766,0.9564896146311144,0.616183612184741,1.297575872494675,1.5154312802297645,168.0,sensitivity,0.25
mortality,ALP,Gaussian_trunc,3400,768,0.2258823529411764,0.0798963423192408,0.4183075594788773,0.988688751687364,1.1971292543155152,1.1640298445693331,168.0,sensitivity,0.25
mortality,ALP,Gaussian_trunc,3400,311,0.0914705882352941,0.1856616655726122,0.0,0.916276501691858,0.5486084117888703,0.5160533281015672,168.0,soc_rate,0.25
mortality,ALP,Gaussian_eb,3400,739,0.2173529411764705,0.0021336815160321,0.9979578740032038,0.799179261050573,1.180888287253442,1.7097666067526354,168.0,sensitivity,0.25
mortality,ALP,Gaussian_eb,3400,311,0.0914705882352941,0.7624972744181004,0.0,0.6118204456547087,1.0060954829804565,0.8435175029093311,168.0,soc_rate,0.25
mortality,ALP,NORMA_q_age_set,3400,549,0.1614705882352941,0.009596293017811,0.6391862586398036,1.7133485044364138,1.7994535710455457,1.4147422282240396,168.0,sensitivity,0.25
mortality,ALP,NORMA_q_age_set,3400,314,0.0923529411764705,0.0019089910468686,0.0,1.662710563826052,1.9997840164991063,1.647614345158971,168.0,soc_rate,0.25
mortality,ALP,NORMA_334f7e21,3400,610,0.1794117647058823,0.020169972622583,0.0,1.8509810350828888,1.5763477619885655,1.343447414542981,168.0,sensitivity,0.25
mortality,ALP,NORMA_334f7e21,3400,314,0.0923529411764705,3.839461337609284e-05,0.0,2.6141910937957253,1.90740050834282,1.8768996126896635,168.0,soc_rate,0.25
mortality,ALP,Cohen_m4,3400,314,0.0923529411764705,0.0002261411542326,8.21689037113274,2.017652523477224,2.3544152907791087,1.6731761395678324,168.0,soc_rate,0.25
mortality,ALP,StandardOfCare,7458,273,0.0366049879324215,4.438000702606483e-12,6.964889753135286,5.033865588981917,4.446110499176953,2.6573471372822928,72.0,soc_rate,0.25
mortality,ALP,Gaussian_mle,3400,311,0.0914705882352941,0.5831710947348445,0.0,0.6094582789190148,1.1652575738865607,1.1764771407032606,168.0,soc_rate,0.25
mortality,ALP,Gaussian_mle,10196,2309,0.2264613573950568,0.034611261014426,1.8840289411123543,1.7312191106749166,1.2728515102869855,1.2288181896833943,24.0,sensitivity,0.25
mortality,ALP,NORMA_q_age,11232,2128,0.1894586894586894,0.0065066883600481,2.0322718729440203,1.7996762120415348,1.247745540418336,1.3700327797347231,0.0,sensitivity,0.25
mortality,ALP,StandardOfCare,3400,314,0.0923529411764705,1.7558118071264142e-10,2.717496997498168,3.661465422542746,3.733790593339005,2.3412376845693363,168.0,soc_rate,0.25
mortality,ALB,Gaussian_mle,3991,599,0.1500876973189676,0.0324666320313437,2.573859746039601,1.9543466553866704,1.2802460695392337,1.5492299783031172,72.0,soc_rate,0.25
mortality,ALB,NORMA_q_age_set,6041,238,0.0393974507531865,0.8197997789764666,1.637621792962709,0.60474981282473,0.2356679688242871,0.907438786849644,24.0,soc_rate,0.25
mortality,ALB,NORMA_334f7e21,6041,1476,0.2443304088727032,0.6724400335085181,0.7824807493762832,0.3920128630698386,0.7439657676298811,1.014574663572033,24.0,sensitivity,0.25
mortality,ALB,NORMA_334f7e21,6041,238,0.0393974507531865,0.4240124786992816,1.6375907297195416,0.6042934732845107,0.7777608524122918,0.6052579848248427,24.0,soc_rate,0.25
mortality,ALB,NORMA_q_age,6041,1348,0.2231418639298129,0.7025193443695683,1.2487549650858007,0.5479771537473896,0.8122604218149618,0.9405068363987436,24.0,sensitivity,0.25
mortality,ALB,NORMA_q_age,6041,238,0.0393974507531865,0.4925725696563178,1.6355950431030255,0.6035110916591401,0.2347999114066154,1.100921649497926,24.0,soc_rate,0.25
mortality,ALB,NORMA_q_age_set_co,6041,1432,0.2370468465485846,0.0539358606853109,0.7534829274583178,0.8785024477605816,1.0617897384944182,1.715780363397697,24.0,sensitivity,0.25
mortality,ALB,NORMA_q_age_set_co,6041,238,0.0393974507531865,0.2253687773470552,1.6390773206706066,1.536842946852436,1.3581820862493577,1.0675627681724753,24.0,soc_rate,0.25
mortality,ALB,StandardOfCare,6041,238,0.0393974507531865,1.2277419068015549e-43,23.99671078911828,13.608535186873407,8.194558769479807,6.416504746209557,24.0,sensitivity,0.25
mortality,ALB,PopRI,3991,598,0.1498371335504886,0.0025693739339178,0.6006080989811168,1.0111756393359732,1.1711307129493624,2.728612472556858,72.0,sensitivity,0.25
mortality,ALB,Gaussian_trunc,6041,956,0.1582519450422115,0.3253470026822185,0.8270422744081243,0.9169057397908504,1.194638082171376,1.1077252779427582,24.0,sensitivity,0.25
mortality,ALB,PopRI,3991,607,0.1520922074668003,0.0017015304848085,0.5904170459624215,0.6988075558082614,0.7464893918836855,2.607390143807367,72.0,soc_rate,0.25
mortality,ALB,PerRI,3991,458,0.1147582059634177,0.0108190676670153,8.373713089345362,2.985073137713204,1.5396247422441025,1.5400549480840735,72.0,sensitivity,0.25
mortality,ALB,PerRI,3991,607,0.1520922074668003,0.0340533861724887,6.0293982110982025,2.509034271081549,1.2572640879420494,1.4625951081163364,72.0,soc_rate,0.25
mortality,ALB,Cohen_m2,3991,882,0.2209972437985467,0.6476928912414286,2.1982545505871234,0.9837547547431994,1.209039255453466,1.3512347762064962,72.0,sensitivity,0.25
mortality,ALB,Cohen_m2,3991,607,0.1520922074668003,0.9960662105457602,3.462397866440449,0.6979094610250991,0.6784073635414674,1.2004259264371318,72.0,soc_rate,0.25
mortality,ALB,Cohen_m3,3991,692,0.1733901277875219,0.0011627409612878,0.5100078319859432,1.583838626401048,1.6731829175977455,1.6360328401302355,72.0,sensitivity,0.25
mortality,ALB,Cohen_m3,3991,607,0.1520922074668003,0.0149941542415214,0.5977230489238065,1.1466805353171274,1.000051783502945,1.3891356744403638,72.0,soc_rate,0.25
mortality,ALB,Cohen_m4,3991,983,0.2463041844149336,0.0272997967784557,2.128626107718494,1.5347459984231349,1.3244855834353428,1.253390950038413,72.0,sensitivity,0.25
mortality,ALB,Gaussian_trunc,6041,235,0.0389008442310875,0.9736274720887156,0.0,0.0,0.753445654766923,0.5286170958201807,24.0,soc_rate,0.25
mortality,ALB,Cohen_m4,3991,607,0.1520922074668003,0.1030533000213676,2.282443149214449,0.8563342682566548,0.9335954470007608,1.413372476262013,72.0,soc_rate,0.25
mortality,ALB,Gaussian_eb,6041,235,0.0389008442310875,0.0917682437800832,1.8995450352593204,0.6929144796918588,1.0370715336249137,0.7687165781928175,24.0,soc_rate,0.25
mortality,ALB,StandardOfCare,6041,238,0.0393974507531865,1.2277419068015549e-43,23.99671078911828,13.608535186873407,8.194558769479807,6.416504746209557,24.0,soc_rate,0.25
mortality,ALB,Gaussian_mle,6041,1211,0.2004634994206257,0.0798321865453228,1.627279957732837,1.979707552922069,1.3039372051228395,1.3370683372597352,24.0,sensitivity,0.25
mortality,ALB,NORMA_q_age_set,6041,1233,0.2041052805826849,0.0969982069229699,1.4048642463614858,1.071351934799289,1.1898076333642262,1.3235172044437338,24.0,sensitivity,0.25
mortality,ALB,PopRI,6041,934,0.1546101638801522,3.64704379335794e-05,4.145303849943542,1.9992899488204123,1.798074504019504,2.001758594036511,24.0,sensitivity,0.25
mortality,ALB,Cohen_m3,7069,1607,0.2273305983873249,0.0422661402901776,2.542941931639051,0.8800728752575525,1.407717295126217,1.2062589284134004,0.0,sensitivity,0.25
mortality,ALB,Cohen_m4,7069,2111,0.2986278115716508,0.8740821075341146,0.4131374896343497,0.8135082224741919,0.9618691203018764,0.7246688119597076,0.0,sensitivity,0.25
mortality,ALB,Gaussian_mle,7069,1374,0.1943697835620314,0.1536837198753437,0.0,0.8886692694234558,1.3692290918204382,1.3919589637115386,0.0,sensitivity,0.25
mortality,ALB,Gaussian_trunc,7069,1100,0.1556089970292828,0.3286862665136154,2.360285548264063,1.4445534853634052,1.2803342718954298,1.1606245276145333,0.0,sensitivity,0.25
mortality,ALB,Gaussian_eb,7069,1160,0.1640967605036073,0.4829837214685433,0.8868016178506954,1.3080244454731238,1.6106998909449095,1.1371548335561863,0.0,sensitivity,0.25
mortality,ALB,NORMA_q_age_set,7069,1407,0.1990380534729099,0.1828936364855833,0.0,0.5893564002333758,1.0400577759303145,1.1008164367857705,0.0,sensitivity,0.25
mortality,ALB,NORMA_334f7e21,7069,1656,0.2342622718913566,0.753362492890916,0.5705202746331125,0.4778080968605453,0.6834543101039589,1.0796050492117055,0.0,sensitivity,0.25
mortality,ALB,NORMA_q_age,7069,1542,0.21813552129014,0.9544306798924844,0.0,0.5216119528976749,0.8473285933867656,0.9725431124666852,0.0,sensitivity,0.25
mortality,ALB,NORMA_q_age_set_co,7069,1629,0.2304427783279106,0.1190839519271459,1.29489170576733,1.0408789543141663,1.0413424695913405,1.3330648247750414,0.0,sensitivity,0.25
mortality,ALB,Gaussian_mle,3991,810,0.2029566524680531,0.0106792565878903,3.997941386123787,2.883465207825634,1.7108771118521495,1.2807164867016794,72.0,sensitivity,0.25
mortality,ALB,PopRI,6041,238,0.0393974507531865,0.4963155885888256,3.5198733551937424,2.270303012493673,1.4132103365449329,0.539292895740125,24.0,soc_rate,0.25
mortality,ALB,PerRI,6041,238,0.0393974507531865,0.2116262408220603,1.638418605805783,2.778698113933285,1.0214540052132162,1.8485705456936208,24.0,soc_rate,0.25
mortality,ALB,Cohen_m2,6041,1360,0.2251282900182089,0.2327229124825174,1.236831600959019,1.3235894010907163,1.1795885096906915,1.1763905689524836,24.0,sensitivity,0.25
mortality,ALB,Cohen_m2,6041,238,0.0393974507531865,0.868584060582442,0.0,1.5727681830066715,1.8334858006092,0.8585857445089,24.0,soc_rate,0.25
mortality,ALB,Cohen_m3,6041,1429,0.2365502400264856,0.0351233847563732,0.5865334639647791,0.67826580711934,1.564786970550037,1.396684568116232,24.0,sensitivity,0.25
mortality,ALB,Cohen_m3,6041,238,0.0393974507531865,0.6963420517877645,0.0,1.061028228006519,0.4128318324070181,0.7612353921523989,24.0,soc_rate,0.25
mortality,ALB,Cohen_m4,6041,1845,0.305413011090879,0.5847203149610085,0.9476389966740426,1.1842269711555562,1.1437767877229916,0.9120832988390836,24.0,sensitivity,0.25
mortality,ALB,Cohen_m4,6041,238,0.0393974507531865,0.7793806104402492,0.0,0.0,0.870500716996676,1.0392960097339807,24.0,soc_rate,0.25
mortality,ALB,Gaussian_mle,6041,235,0.0389008442310875,0.3610739441488563,0.0,0.8833736342018177,0.3411101231148528,1.5920328949131275,24.0,soc_rate,0.25
mortality,ALB,PerRI,7069,885,0.1251945112462866,0.0081306692496041,0.0,1.2086966392725105,2.0041149211602765,1.5986704780984176,0.0,sensitivity,0.25
mortality,ALB,Cohen_m2,7069,1543,0.2182769840147121,0.3464935890645008,0.5360406123711126,0.6956902988243054,1.2378222292820438,1.4493488792589813,0.0,sensitivity,0.25
mortality,ALB,PerRI,6041,739,0.1223307399437179,0.003775825860153,1.959773730031588,3.195716211851081,1.9062999486260703,1.5358530249330231,24.0,sensitivity,0.25
mortality,ALT,NORMA_q_age,2667,475,0.1781027371578552,0.1121227646364747,0.4177519310358533,0.9412224903099508,1.3750298278157222,1.5095168820299123,168.0,soc_rate,0.25
mortality,ALB,Gaussian_trunc,1821,344,0.1889071938495332,0.4362286168673122,1.997950747271605,3.445249803064482,1.822785048053055,0.9389588231750786,168.0,sensitivity,0.25
mortality,ALB,Gaussian_trunc,3991,599,0.1500876973189676,0.6466416156201574,1.3315322630022162,1.3168830326897851,1.6438537910157076,1.3128902077409812,72.0,soc_rate,0.25
mortality,ALB,Gaussian_eb,1821,414,0.2273476112026359,0.8879651097410919,0.0,1.2370001199672342,1.82887844108825,1.3884300788097197,168.0,soc_rate,0.25
mortality,ALB,NORMA_q_age_set,1821,288,0.158154859967051,0.0512884932795106,2.460948977226145,0.5087695740921816,1.7441061302981475,1.518154538620877,168.0,sensitivity,0.25
mortality,ALB,NORMA_q_age_set,1821,420,0.2306425041186161,0.3157870987329184,1.5396694055128095,0.3188617495220656,1.474631015650144,1.3374240610934156,168.0,soc_rate,0.25
mortality,ALB,NORMA_334f7e21,1821,305,0.1674903898956617,0.569263054288908,2.302081420694767,1.2198153411320916,1.7467239089538302,0.94872021883373,168.0,sensitivity,0.25
mortality,ALB,NORMA_334f7e21,1821,420,0.2306425041186161,0.9510676730622304,0.0,0.0,1.7310988917667285,0.7950828027764933,168.0,soc_rate,0.25
mortality,ALB,NORMA_q_age,1821,305,0.1674903898956617,0.3573227342903426,0.0,0.0,1.6240194037022126,1.168511879888484,168.0,sensitivity,0.25
mortality,ALB,NORMA_q_age,1821,420,0.2306425041186161,0.6432634863320166,0.0,0.0,1.0654057606766132,0.8227625355000197,168.0,soc_rate,0.25
mortality,ALB,NORMA_q_age_set_co,1821,258,0.1416803953871499,0.0093001207569654,2.80523122672171,0.5824603874498817,2.4711706507724718,2.3752734114830707,168.0,sensitivity,0.25
mortality,ALB,NORMA_q_age_set_co,1821,420,0.2306425041186161,0.0027468686777718,1.5474888206903017,0.3218476679245345,2.9879839401365724,1.6069174797575971,168.0,soc_rate,0.25
mortality,ALB,StandardOfCare,1821,420,0.2306425041186161,8.449714429633519e-16,,,18.341673093741097,7.815748780190388,168.0,sensitivity,0.25
mortality,ALB,StandardOfCare,1821,420,0.2306425041186161,8.449714429633519e-16,,,18.341673093741097,7.815748780190388,168.0,soc_rate,0.25
mortality,ALP,PopRI,11232,1745,0.1553596866096866,0.002095468663057,1.7242808571632204,1.999495252760832,1.6842566066657292,1.245856483556034,0.0,sensitivity,0.25
mortality,ALP,PerRI,11232,3885,0.3458867521367521,0.2420716185428595,1.264235163686645,0.88921895987332,0.8375975703096581,0.826373125000252,0.0,sensitivity,0.25
mortality,ALP,Cohen_m2,11232,1277,0.1136930199430199,1.3010553978259236e-06,2.441635068932784,2.430460654456594,2.1366162647408524,1.7248479139509107,0.0,sensitivity,0.25
mortality,ALP,Cohen_m3,11232,1167,0.1038995726495726,4.88920751374185e-09,2.142867449296698,3.1221798685645945,2.95519611307302,2.0804739330934243,0.0,sensitivity,0.25
mortality,ALP,Cohen_m4,11232,1002,0.0892094017094017,1.0590965435685363e-14,4.847610604495794,4.463794680213859,3.4805865600862087,2.2352836276455683,0.0,sensitivity,0.25
mortality,ALP,Gaussian_mle,11232,2574,0.2291666666666666,0.0339353100324412,0.8725422662973716,1.385207233828347,1.3793842903814617,1.207802335625577,0.0,sensitivity,0.25
mortality,ALP,Gaussian_trunc,11232,2265,0.2016559829059829,0.1810772337801741,2.653209675241885,1.3573774565206655,1.5856821931101004,1.1152221120650396,0.0,sensitivity,0.25
mortality,ALP,Gaussian_eb,11232,2506,0.2231125356125356,0.0510453508641564,0.9251019852710508,1.4392643624683727,1.2720730570043992,1.2531795742377256,0.0,sensitivity,0.25
mortality,ALB,Gaussian_mle,1821,414,0.2273476112026359,0.0928896259301259,2.019443447019387,1.0775537743295118,1.8553789643356264,1.474645014080517,168.0,soc_rate,0.25
mortality,ALB,Gaussian_eb,6041,1006,0.166528720410528,0.4989826698406513,2.8365051086983883,1.914748393629079,1.277666253142909,1.0176809811843164,24.0,sensitivity,0.25
mortality,ALB,Gaussian_eb,1821,369,0.2026359143327842,0.4275775507840884,0.0,2.4128724286136483,1.0107134354796197,0.8204634257103043,168.0,sensitivity,0.25
mortality,ALB,Gaussian_mle,1821,366,0.200988467874794,0.4936670185763678,1.8486571696896104,1.1478761961964814,1.2993391584742473,1.472949364427626,168.0,sensitivity,0.25
mortality,ALB,Gaussian_trunc,1821,414,0.2273476112026359,0.7362111384373113,1.5855478704044683,2.7472406004608625,1.846304194655277,1.1558452114171818,168.0,soc_rate,0.25
mortality,ALB,Cohen_m4,1821,420,0.2306425041186161,0.2804219090321508,1.5489131927970723,0.3235121831736913,0.6562142663928494,1.0238611176815968,168.0,soc_rate,0.25
mortality,ALB,Gaussian_eb,3991,599,0.1500876973189676,0.985999656023043,2.4932046225419264,1.8167945697786585,1.5311900291593283,1.0938006286492794,72.0,soc_rate,0.25
mortality,ALB,NORMA_q_age_set,3991,749,0.1876722625908293,0.1017260377453539,1.9312089405929571,1.1318942337839173,0.8594975399942241,1.277824325567518,72.0,sensitivity,0.25
mortality,ALB,NORMA_q_age_set,3991,607,0.1520922074668003,0.3696217735114933,1.3240826135566028,1.2607649449608862,0.8254034938683624,1.2477853485765324,72.0,soc_rate,0.25
mortality,ALB,NORMA_334f7e21,3991,861,0.2157354046604861,0.6021003849443529,0.3839613341566381,0.6123336615187994,0.7569611121846217,1.0057237740917138,72.0,sensitivity,0.25
mortality,ALB,NORMA_334f7e21,3991,607,0.1520922074668003,0.9882602794702198,0.59047530900776,0.688439144889462,0.5010734994446633,0.6690417826950433,72.0,soc_rate,0.25
mortality,ALB,NORMA_q_age,3991,813,0.2037083437734903,0.5549756589274082,0.4123108907774596,0.8822611099559602,0.6940376524575945,1.0009538211969322,72.0,sensitivity,0.25
mortality,ALB,NORMA_q_age,3991,607,0.1520922074668003,0.8067205048390664,0.5920694455488738,0.7101591986867606,0.7193586568804158,0.9081081514189756,72.0,soc_rate,0.25
mortality,ALB,NORMA_q_age_set_co,3991,929,0.2327737409170634,0.1017107672680418,0.7781387559106749,0.9003079009167497,0.6757671085824031,1.719055293336045,72.0,sensitivity,0.25
mortality,ALP,NORMA_334f7e21,11232,2081,0.1852742165242165,0.004291820555976,2.478435664153442,2.064169411099821,1.305226563694348,1.41209396574039,0.0,sensitivity,0.25
mortality,ALB,NORMA_q_age_set_co,3991,607,0.1520922074668003,0.3483296052567947,1.3204661177810362,0.6095450596995169,0.496460271726029,1.187056291818776,72.0,soc_rate,0.25
mortality,ALB,Gaussian_trunc,3991,646,0.1618641944374843,0.340414309939934,0.5446784947023676,1.6841869121234376,1.7626208202014295,1.030449432412553,72.0,sensitivity,0.25
mortality,ALB,StandardOfCare,3991,607,0.1520922074668003,1.608392823090699e-23,8.868570351789995,6.597606134418007,5.808359206152296,5.358072820521293,72.0,soc_rate,0.25
mortality,ALB,PopRI,1821,420,0.2306425041186161,0.0004508217536031,7.2011839842104255,0.7847931759268263,2.693732473387162,1.898427850282288,168.0,soc_rate,0.25
mortality,ALB,PerRI,1821,190,0.1043382756727073,0.0343128595836003,4.018350279764526,0.8294292051821551,2.0382951824330635,1.5624638356526153,168.0,sensitivity,0.25
mortality,ALB,PerRI,1821,420,0.2306425041186161,0.0198693730286503,5.755395683452835,4.048212321790468,2.563775424973544,1.976893603548621,168.0,soc_rate,0.25
mortality,ALB,Cohen_m2,1821,438,0.2405271828665568,0.5429693416051644,0.0,1.062578531659791,1.0953866117405242,1.0470416041176087,168.0,sensitivity,0.25
mortality,ALB,Cohen_m2,1821,420,0.2306425041186161,0.9306952429256776,0.0,0.5170934882054617,0.963203455212293,1.3268225893105168,168.0,soc_rate,0.25
mortality,ALB,Cohen_m3,1821,240,0.1317957166392092,0.0040030867913253,3.939990476192713,0.7752746313479566,2.610733844535754,1.6038606328731135,168.0,sensitivity,0.25
mortality,ALB,Cohen_m3,1821,420,0.2306425041186161,0.0035374718294996,1.9717453374648792,0.9644778428209716,3.4351546089363887,2.2364801890343924,168.0,soc_rate,0.25
mortality,ALB,Cohen_m4,1821,395,0.2169137836353651,0.2343485512836897,1.681715246658712,0.3506819383306555,0.7063202200467005,0.9414539595505286,168.0,sensitivity,0.25
mortality,ALP,NORMA_q_age_set,11232,1938,0.172542735042735,0.0155615021533673,2.2900191208309946,1.404246646639575,1.1077470022591052,1.4073763547602005,0.0,sensitivity,0.25
mortality,ALB,Gaussian_eb,3991,794,0.1989476321723878,0.7792141651108501,4.006180770514974,2.0815101940205576,1.4253379866764428,0.8842386661380218,72.0,sensitivity,0.25
mortality,ALB,PopRI,1821,248,0.1361889071938495,0.0137262123741659,0.0,0.0,1.146528002338134,1.5011327125250884,168.0,sensitivity,0.25
mortality,CRE,StandardOfCare,2862,433,0.1512928022361984,3.599851720810789e-23,5.106386028318185,4.1576164732867325,4.870482492598563,4.414374961108619,168.0,sensitivity,0.25
mortality,ALT,Gaussian_mle,7223,1909,0.2642946144261387,0.2702545338072181,0.5104487337567961,0.9313947483868028,1.1812372721401645,1.1429228935357367,24.0,sensitivity,0.25
mortality,ALT,Gaussian_trunc,7223,1770,0.2450505330195209,0.4442361016364117,0.8350075875956817,1.551022221379043,1.410227831316021,1.156917106654894,24.0,sensitivity,0.25
mortality,AST,NORMA_q_age_set_co,6503,166,0.0255266799938489,0.5014069138790442,0.0,0.0,0.7906981462761822,2.3267543846347465,72.0,soc_rate,0.25
mortality,AST,StandardOfCare,6503,166,0.0255266799938489,4.8061756852154406e-15,9.24092346967033,7.167749143182872,4.603323439245103,2.5975010843107498,72.0,sensitivity,0.25
mortality,AST,StandardOfCare,6503,166,0.0255266799938489,4.8061756852154406e-15,9.24092346967033,7.167749143182872,4.603323439245103,2.5975010843107498,72.0,soc_rate,0.25
mortality,AST,PopRI,3201,649,0.2027491408934708,0.0042056586869668,1.6194755475572498,1.4617388066827444,1.493401500385834,1.4322619600415087,168.0,sensitivity,0.25
mortality,AST,PopRI,3201,169,0.0527960012496094,0.0007060249759799,1.4419641994013923,2.0824497897707657,1.8353282758159408,1.903224885799139,168.0,soc_rate,0.25
mortality,AST,PerRI,3201,963,0.3008434864104967,0.7357634236235633,0.1691325189304375,1.1211101187466272,1.1073979143004928,0.9551124828009698,168.0,sensitivity,0.25
mortality,AST,PerRI,3201,169,0.0527960012496094,0.0209670756061634,1.3030657491842952,3.1616356756365764,1.8434291419574875,0.959670448779198,168.0,soc_rate,0.25
mortality,AST,Cohen_m2,3201,501,0.1565135895032802,0.0003164136742203,1.4472322873806565,1.6785285365848024,2.111353461581128,1.4992174196009762,168.0,sensitivity,0.25
mortality,AST,Cohen_m2,3201,169,0.0527960012496094,0.0569209812340498,0.0,1.7242606268782998,1.9852647783579591,1.0961360933519395,168.0,soc_rate,0.25
mortality,AST,Cohen_m3,3201,917,0.2864729771946266,0.4688619888019164,0.9786462308698096,1.3137091077037788,0.9737264038908204,0.6944958618082356,168.0,sensitivity,0.25
mortality,AST,Cohen_m3,3201,169,0.0527960012496094,0.6432262000305241,1.299236988158643,0.4028920504834106,0.8482568535778623,0.6283483178595837,168.0,soc_rate,0.25
mortality,AST,Cohen_m4,3201,791,0.247110278038113,0.8387327520225553,0.4770385997605746,1.2274651877245173,1.634703552603696,1.0362558781420523,168.0,sensitivity,0.25
mortality,AST,Cohen_m4,3201,169,0.0527960012496094,0.1215757748000191,2.814831023760102,1.9374872808728083,1.214324953025549,1.1865588372087972,168.0,soc_rate,0.25
mortality,AST,Gaussian_mle,3201,667,0.2083723836301156,0.0960290491947404,1.0271419235452708,2.1073803555376758,1.4295266729465452,1.1007632697731542,168.0,sensitivity,0.25
mortality,AST,Gaussian_mle,3201,168,0.0524835988753514,0.5182346613053261,0.0,1.1696069555786293,1.6357759846099504,0.54644955124504,168.0,soc_rate,0.25
mortality,AST,Gaussian_trunc,3201,636,0.1986879100281162,0.0060685120120312,2.250584800891499,1.934360710852149,1.3536193514299306,1.225213345937964,168.0,sensitivity,0.25
mortality,AST,Gaussian_trunc,3201,168,0.0524835988753514,0.4007091979139832,0.0,0.5652666720813838,0.985350269319492,0.7970531714054869,168.0,soc_rate,0.25
mortality,AST,Gaussian_eb,3201,624,0.1949390815370197,0.0189260467128303,1.122277640798695,2.3108099436344203,1.8038988506060196,1.271662837595171,168.0,sensitivity,0.25
mortality,AST,Gaussian_eb,3201,168,0.0524835988753514,0.0459672492771504,0.0,2.569118891039276,2.3291996892118667,0.8040661498356988,168.0,soc_rate,0.25
mortality,AST,NORMA_q_age_set,3201,676,0.2111840049984379,0.0227911341724593,0.2717883787357262,1.1924529235348973,1.525399573869762,1.5276667018320815,168.0,sensitivity,0.25
mortality,AST,NORMA_q_age,6503,166,0.0255266799938489,0.5016618948840164,0.0,0.0,0.8056828956669083,1.2260785971917667,72.0,soc_rate,0.25
mortality,AST,NORMA_q_age_set,3201,169,0.0527960012496094,0.0127342974462338,0.0,1.038101792239925,1.439084009815062,1.4996694695739168,168.0,soc_rate,0.25
mortality,AST,NORMA_334f7e21,3201,169,0.0527960012496094,0.0390481875739509,0.0,0.4871730660726036,1.3621951355354198,1.390225137148377,168.0,soc_rate,0.25
mortality,AST,NORMA_q_age,6503,1446,0.2223589112717207,0.0212182365983971,3.270458859158591,2.560821380935649,1.4262358882799733,1.1044970641695966,72.0,sensitivity,0.25
mortality,AST,NORMA_q_age_set_co,8614,55,0.0063849547248664,0.8109346819863622,0.0,0.0,0.0,1.2713748879789797,24.0,soc_rate,0.25
mortality,AST,StandardOfCare,8614,55,0.0063849547248664,4.6475932361293133e-23,25.544888770108557,22.060784857068278,7.35547283682309,4.358038225700641,24.0,soc_rate,0.25
mortality,AST,PopRI,6503,1333,0.2049823158542211,0.0513773898698234,0.4092505628228788,1.4086822720850756,1.1225845507674057,1.327820697773443,72.0,sensitivity,0.25
mortality,AST,PopRI,6503,166,0.0255266799938489,0.9997640940789236,0.0,0.0,0.539148116135696,1.5071817981503968,72.0,soc_rate,0.25
mortality,AST,PerRI,6503,2076,0.3192372751037982,0.5111137643309552,2.024012479144827,1.5921401279598255,1.101912529990092,0.8685240040848866,72.0,sensitivity,0.25
mortality,AST,PerRI,6503,166,0.0255266799938489,0.6331493535345724,0.0,3.5455563545467763,1.5738874626717,0.7183454680107716,72.0,soc_rate,0.25
mortality,AST,Cohen_m2,6503,897,0.137936337075196,0.0001986097247115,0.6594112311363164,2.993772088220805,2.222607338475195,1.2734538191758724,72.0,sensitivity,0.25
mortality,AST,Cohen_m2,6503,166,0.0255266799938489,0.0305640924006347,0.0,1.3619378341860584,2.312883380182097,1.4702541931808943,72.0,soc_rate,0.25
mortality,AST,Cohen_m3,6503,1669,0.2566507765646624,0.5689081584278424,0.3050462129896522,0.7337310517631417,1.275699901904915,0.7975228296646772,72.0,sensitivity,0.25
mortality,AST,Cohen_m3,6503,166,0.0255266799938489,0.8125544628852245,0.0,1.318578432916754,1.1514481765907787,0.9958589495768332,72.0,soc_rate,0.25
mortality,AST,Cohen_m4,6503,166,0.0255266799938489,0.1286381658682567,0.0,0.0,1.5982807963830463,1.6102104638305768,72.0,soc_rate,0.25
mortality,AST,NORMA_q_age,8614,55,0.0063849547248664,0.7295466352014734,0.0,0.0,0.0,1.058731217946273,24.0,soc_rate,0.25
mortality,AST,Gaussian_mle,6503,1438,0.221128709826234,0.0452611272586095,1.4548435995805795,1.474116664402504,1.7509150124444857,1.0984102375725515,72.0,sensitivity,0.25
mortality,AST,Gaussian_mle,6503,165,0.0253729048131631,0.8962189453177436,0.0,1.7099393571525416,0.4334435790888514,0.3613880168371442,72.0,soc_rate,0.25
mortality,AST,Gaussian_trunc,6503,1258,0.1934491773027833,0.0013719499699065,1.014039128932639,1.792822170138747,1.9647856716421028,1.187556596211211,72.0,sensitivity,0.25
mortality,AST,Gaussian_trunc,6503,165,0.0253729048131631,0.5601400207996107,0.0,1.508887723244609,0.889218405589155,1.4275932524921788,72.0,soc_rate,0.25
mortality,AST,Gaussian_eb,6503,1293,0.1988313086267876,0.0142777211283489,0.982846248376932,1.2582822678580037,1.8315824985275744,1.2149007308042916,72.0,sensitivity,0.25
mortality,AST,Gaussian_eb,6503,165,0.0253729048131631,0.857633252741374,0.0,1.6757370274912242,0.4239859748238738,0.5780545219338594,72.0,soc_rate,0.25
mortality,AST,NORMA_q_age_set,6503,1290,0.1983699830847301,0.0020048962431819,3.782260210294403,2.62260498171832,1.4623425389691125,1.4870516183246767,72.0,sensitivity,0.25
mortality,AST,NORMA_q_age_set,6503,166,0.0255266799938489,0.4407641621225272,0.0,0.0,0.7115666771884548,1.1009690182668164,72.0,soc_rate,0.25
mortality,AST,NORMA_334f7e21,6503,166,0.0255266799938489,0.3493283807937514,0.0,0.0,0.7237707185408664,1.2943596179470556,72.0,soc_rate,0.25
mortality,AST,NORMA_334f7e21,3201,661,0.2064979693845673,0.0443634903064501,0.598723996420063,1.1818550001419943,1.226379026827916,1.146153380166679,168.0,sensitivity,0.25
mortality,AST,NORMA_334f7e21,6503,1309,0.201291711517761,0.0150168338599079,3.711402452953153,2.168666528702551,1.2048312021315346,1.1477523817711663,72.0,sensitivity,0.25
mortality,AST,NORMA_q_age,3201,691,0.2158700406123086,0.0641487808283695,0.6190674118951853,1.5234975666548596,1.05095998519383,1.1521551454658503,168.0,sensitivity,0.25
mortality,BUN,Cohen_m4,9428,265,0.0281077641069155,0.6468363157358535,0.0,0.6947148495512803,0.2224597626585144,1.302766271431581,24.0,soc_rate,0.25
mortality,AST,NORMA_q_age,3201,169,0.0527960012496094,0.0094155193186285,1.3251620554786945,1.568651097716231,1.3797745922612954,1.5000544046660107,168.0,soc_rate,0.25
mortality,BUN,Gaussian_trunc,9428,2595,0.2752439541790411,0.8037074225054808,0.1994939211772957,0.7027254485079689,0.9222638887718174,0.9132117382590004,24.0,sensitivity,0.25
mortality,BUN,Gaussian_trunc,9428,262,0.0277895630038184,0.8433690981507548,2.6548167615663654,1.358567618560999,1.2377066500594451,0.7417880904959004,24.0,soc_rate,0.25
mortality,BUN,Gaussian_eb,9428,2228,0.2363173525668222,0.2405101957605795,1.269668699568047,1.9068693665262888,1.258830455610398,1.0615286375526871,24.0,sensitivity,0.25
mortality,BUN,Gaussian_eb,9428,262,0.0277895630038184,0.3213777288693575,2.654991132205901,0.5441613766098894,0.1760554527417727,0.6912704287716126,24.0,soc_rate,0.25
mortality,BUN,NORMA_q_age_set,9428,2116,0.2244378447178616,0.4287626992240433,0.9858600877674446,1.0338362486619856,1.282667900406671,0.8402319332860667,24.0,sensitivity,0.25
mortality,BUN,NORMA_q_age_set,9428,265,0.0281077641069155,0.8814911582870382,2.6341908594367083,0.5396332934856155,1.386885697004227,0.8836324572073571,24.0,soc_rate,0.25
mortality,BUN,NORMA_334f7e21,9428,1970,0.2089520577004666,0.4228761274272455,2.149759242587986,1.2020673894163074,1.4347780404772428,0.8670434465832603,24.0,sensitivity,0.25
mortality,BUN,NORMA_334f7e21,9428,265,0.0281077641069155,0.6555954357545828,2.634365395787563,0.5396325402708708,1.0868547855884538,1.08676140683442,24.0,soc_rate,0.25
mortality,BUN,NORMA_q_age,9428,1975,0.2094823928722952,0.5414063262951091,2.1460837796327925,1.0825173030034223,1.7113274415899429,0.938856302300016,24.0,sensitivity,0.25
mortality,BUN,NORMA_q_age,9428,265,0.0281077641069155,0.5261769562447822,2.6343942618870284,0.5400728046322647,0.6008218654724511,0.5935666241640992,24.0,soc_rate,0.25
mortality,BUN,NORMA_q_age_set_co,9428,2706,0.287017394993636,0.0452177292852682,1.8964581750424323,0.8561306378004396,1.085465953830416,0.5207476558423186,24.0,sensitivity,0.25
mortality,BUN,NORMA_q_age_set_co,9428,265,0.0281077641069155,0.0856046261210553,2.624406856638157,0.5379158224130747,0.5635886332236735,0.658617826437587,24.0,soc_rate,0.25
mortality,BUN,StandardOfCare,9428,265,0.0281077641069155,1.780169951118626e-32,14.10611176059892,8.257778237331138,9.455270985663274,3.9730867373647376,24.0,sensitivity,0.25
mortality,BUN,StandardOfCare,9428,265,0.0281077641069155,1.780169951118626e-32,14.10611176059892,8.257778237331138,9.455270985663274,3.9730867373647376,24.0,soc_rate,0.25
mortality,BUN,PopRI,6705,1409,0.2101416853094705,0.9957148956337982,1.747250688399108,1.4029790625034282,1.1498643299195366,0.7035539067499078,72.0,sensitivity,0.25
mortality,BUN,PopRI,6705,858,0.1279642058165548,0.0134743210542958,0.3795539146577249,0.4283839198514286,0.2263494351319765,0.5644152212608974,72.0,soc_rate,0.25
mortality,BUN,PerRI,6705,2653,0.3956748695003728,0.576181066445731,0.5933506090256456,0.5668061656876728,0.7990806910014288,0.9580932054772252,72.0,sensitivity,0.25
mortality,BUN,PerRI,6705,857,0.1278150633855332,0.1375892300085777,0.515780438299179,0.4965245295311857,0.6998461183905398,0.3968707304967803,72.0,soc_rate,0.25
mortality,BUN,Cohen_m4,9428,2340,0.2481968604157828,0.3451351617825265,1.1996031311323403,0.8225196797880077,0.9728435525593304,0.7509168625181479,24.0,sensitivity,0.25
mortality,BUN,Cohen_m3,9428,265,0.0281077641069155,0.3339706748942529,0.0,0.0,0.0,1.0487445946867875,24.0,soc_rate,0.25
mortality,ALP,StandardOfCare,10196,68,0.0066692820714005,2.5793299658607954e-10,21.45106656693312,9.43242686791571,6.501852967350905,3.089675103156877,24.0,soc_rate,0.25
mortality,BUN,Gaussian_mle,9428,262,0.0277895630038184,0.2147537958093052,0.0,0.0,0.0,0.7250741517158115,24.0,soc_rate,0.25
mortality,BUN,Cohen_m3,9428,2310,0.2450148493848112,0.2638076335726348,0.5142289727349812,0.935236169869935,0.8774852923552564,0.8022522360552281,24.0,sensitivity,0.25
mortality,BUN,Gaussian_mle,9428,2199,0.2332414085702163,0.0580251320648113,1.291310603957199,1.9512655523416216,1.259877988713588,1.200500110407288,24.0,sensitivity,0.25
mortality,BUN,Cohen_m2,9428,265,0.0281077641069155,0.7681624803739264,0.0,1.2246671516554384,0.3879694329330626,0.928447569064834,24.0,soc_rate,0.25
mortality,AST,NORMA_q_age_set_co,3201,169,0.0527960012496094,0.2702097483578703,0.0,1.050913704608959,0.8265456314202799,1.028908587079914,168.0,soc_rate,0.25
mortality,AST,StandardOfCare,3201,169,0.0527960012496094,1.9606430143607287e-21,4.645452884819703,7.879538076974117,5.459883246735467,2.921878149783414,168.0,sensitivity,0.25
mortality,AST,StandardOfCare,3201,169,0.0527960012496094,1.9606430143607287e-21,4.645452884819703,7.879538076974117,5.459883246735467,2.921878149783414,168.0,soc_rate,0.25
mortality,BUN,PopRI,10461,2141,0.2046649459898671,0.154595045806325,1.1950542266128608,1.571388410726516,1.491826196488783,0.8299365085959945,0.0,sensitivity,0.25
mortality,BUN,PerRI,10461,3771,0.3604817895038715,0.7621331274882652,0.9012912316378758,1.3690700156977678,0.6676721345451145,0.780035989858995,0.0,sensitivity,0.25
mortality,BUN,Cohen_m2,10461,2595,0.2480642386005162,0.3817534522252381,0.6006578477109157,0.837820938662256,1.091589939687003,0.8557086068136714,0.0,sensitivity,0.25
mortality,BUN,Cohen_m3,10461,2540,0.2428066150463626,0.224860480123699,0.7689591185961899,0.6249127544537016,1.0350912830811752,0.7409942707368167,0.0,sensitivity,0.25
mortality,BUN,Cohen_m4,10461,2559,0.2446228850014339,0.509748474353586,0.4611880678334791,0.7059720414899001,1.1836930648191986,0.8660370917531045,0.0,sensitivity,0.25
mortality,AST,NORMA_q_age_set_co,8614,1539,0.1786626422103552,0.0170685563434394,3.4002021719910185,2.242779444899728,1.6342046931090046,1.2664619625138471,24.0,sensitivity,0.25
mortality,BUN,Gaussian_mle,10461,2404,0.2298059458942739,0.0762785712891122,0.6514407166167065,1.292256736921054,1.158839186653289,1.119632414395704,0.0,sensitivity,0.25
mortality,AST,StandardOfCare,8614,55,0.0063849547248664,4.6475932361293133e-23,25.544888770108557,22.060784857068278,7.35547283682309,4.358038225700641,24.0,sensitivity,0.25
mortality,BUN,Gaussian_eb,10461,2376,0.2271293375394321,0.0585273368690255,1.003595970354953,1.5060418510174605,1.6354413342210556,1.094681017179465,0.0,sensitivity,0.25
mortality,BUN,NORMA_334f7e21,10461,2225,0.2126947710543925,0.3141007631866804,0.7188516405901562,1.046160878221282,1.2560216172801166,0.9110626526020938,0.0,sensitivity,0.25
mortality,BUN,NORMA_q_age,10461,2283,0.2182391740751362,0.7554833762242612,0.6954942098035983,0.8204136044716831,1.4938071280506773,0.9565650843679055,0.0,sensitivity,0.25
mortality,BUN,NORMA_q_age_set_co,10461,3044,0.2909855654335149,0.0639110975068797,0.7319150007537891,0.8064141613687998,1.0971070957921027,0.5802796162661222,0.0,sensitivity,0.25
mortality,BUN,PopRI,9428,1901,0.2016334323292321,0.5888044431031108,2.9318181442107063,1.8991942295320583,1.3397925960512125,0.9390067019388216,24.0,sensitivity,0.25
mortality,BUN,PopRI,9428,265,0.0281077641069155,0.231854060917528,9.485699353602255,1.6976067377942494,0.5366555841527774,0.0909112200791905,24.0,soc_rate,0.25
mortality,BUN,PerRI,9428,3613,0.3832201951633432,0.6458463333462134,1.563276384693163,1.1524331410042432,0.6279287325060412,0.8779493579339133,24.0,sensitivity,0.25
mortality,BUN,PerRI,9428,265,0.0281077641069155,0.2042275111444678,2.614311704673195,1.6871255899045838,1.6271647714974442,1.1411749936594824,24.0,soc_rate,0.25
mortality,BUN,Cohen_m2,9428,2539,0.2693042002545608,0.2339631189165035,0.4439388369840025,0.5269953355168148,0.8127457901290727,0.8639313659090885,24.0,sensitivity,0.25
mortality,BUN,Gaussian_trunc,10461,2825,0.2700506643724309,0.8232996164232854,0.5252017672354419,0.4994905023554087,1.0241541647062964,0.7487799142394608,0.0,sensitivity,0.25
mortality,AST,NORMA_q_age_set_co,3201,642,0.2005623242736644,0.0909951107108699,0.2901547229072401,1.0578916085531125,1.1059602464246263,1.242377751556002,168.0,sensitivity,0.25
mortality,BUN,NORMA_q_age_set,10461,2374,0.226938151228372,0.3708467358402604,0.5094642440188994,0.8294836543747724,1.2779889869554883,0.9043762572925008,0.0,sensitivity,0.25
mortality,AST,Cohen_m4,6503,1413,0.2172843303090881,0.2743573799467566,1.5598662887903008,2.080239863013428,1.3920708391643537,1.2413183092982698,72.0,sensitivity,0.25
mortality,AST,NORMA_q_age,8614,1672,0.1941026236359415,0.0004021475411662,3.0770756723121093,3.3856961708259155,1.4595629130204584,1.2325179258799162,24.0,sensitivity,0.25
mortality,AST,NORMA_334f7e21,8614,55,0.0063849547248664,0.8363035147606621,0.0,0.0,0.0,1.2715201842081605,24.0,soc_rate,0.25
mortality,ALT,Gaussian_trunc,5453,542,0.0993948285347515,0.2941015906191556,2.2686071582195075,1.1833619401008528,0.86168770840848,1.2950943148789134,72.0,soc_rate,0.25
mortality,ALT,Gaussian_eb,5453,1425,0.2613240418118467,0.3357529128696503,0.6843526425232648,1.0671866446140044,1.3735631708423592,1.0757650314724696,72.0,sensitivity,0.25
mortality,ALT,Gaussian_eb,5453,542,0.0993948285347515,0.7786042915025811,1.4660699269861657,1.687240854143885,1.0275579772659589,0.9051914338511984,72.0,soc_rate,0.25
mortality,ALT,NORMA_q_age_set,5453,1272,0.2332660920594168,0.1567488801314231,1.382906797965491,0.8158010275054269,0.8819694362305378,1.431400525167964,72.0,sensitivity,0.25
mortality,ALT,NORMA_q_age_set,5453,547,0.1003117549972492,0.0403800643306656,2.027211802160829,1.111675935666568,1.1480340002138638,1.911218373648338,72.0,soc_rate,0.25
mortality,ALT,NORMA_334f7e21,5453,1148,0.2105263157894736,0.0231570345966904,1.584714023307671,1.1034909505907349,1.3727680958177468,1.5523029138742963,72.0,sensitivity,0.25
mortality,ALT,NORMA_334f7e21,5453,547,0.1003117549972492,0.1056365595198385,0.584268441490795,0.6529985877270271,0.930596705968112,1.903356708279091,72.0,soc_rate,0.25
mortality,ALT,NORMA_q_age,5453,1173,0.2151109481019622,0.0077539716580061,2.111370833244381,1.2516402750758049,1.1484102900301243,1.5678979152502954,72.0,sensitivity,0.25
mortality,ALT,NORMA_q_age,5453,547,0.1003117549972492,0.0047642230443072,2.040290043733439,1.1241921533535466,1.3062993737138269,2.1761390159834435,72.0,soc_rate,0.25
mortality,ALT,NORMA_q_age_set_co,5453,1031,0.1890702365670273,0.006643089768131,1.888020614370904,1.2739432489411493,1.1262405778766016,1.2608784499555503,72.0,sensitivity,0.25
mortality,ALT,NORMA_q_age_set_co,5453,547,0.1003117549972492,0.0114636015831256,0.5401931589080123,0.6244532255180641,1.0489930051273104,1.5639727904756635,72.0,soc_rate,0.25
mortality,ALT,StandardOfCare,5453,547,0.1003117549972492,1.5524435191976108e-18,4.029058715577729,3.599175567359745,4.503146284704444,2.534136787576648,72.0,sensitivity,0.25
mortality,ALT,StandardOfCare,5453,547,0.1003117549972492,1.5524435191976108e-18,4.029058715577729,3.599175567359745,4.503146284704444,2.534136787576648,72.0,soc_rate,0.25
mortality,ALT,PopRI,2667,760,0.2849643794525684,0.5378349511518186,1.1744479145658775,1.175068805712398,0.9442555096245864,0.6537746568124874,168.0,sensitivity,0.25
mortality,ALT,PopRI,2667,475,0.1781027371578552,0.8024936369678894,1.4959066007934445,1.0286383351114352,1.028862268396269,0.7295416021224366,168.0,soc_rate,0.25
mortality,ALT,PerRI,2667,867,0.3250843644544432,0.7933584049606488,1.295439496275821,1.1216405989642464,1.0774460423654204,0.8255152168656076,168.0,sensitivity,0.25
mortality,ALT,PerRI,2667,474,0.1777277840269966,0.6454250399049262,1.3181635173910018,1.04424337332828,1.0935814339097096,1.3958502776568846,168.0,soc_rate,0.25
mortality,ALT,Cohen_m2,2667,713,0.2673415823022122,0.8608231353083076,0.7802606053101273,0.8041157449878813,1.156411335502379,0.9388091509012508,168.0,sensitivity,0.25
mortality,ALT,Cohen_m2,2667,475,0.1781027371578552,0.5834194057820139,0.8006950804934251,1.4101549979009491,1.2753895850788353,1.080906038797203,168.0,soc_rate,0.25
mortality,ALT,Gaussian_mle,5453,1383,0.2536218595268659,0.1380616882564793,0.7144961501106504,1.114447610181658,1.3010092892019585,1.2191963671398858,72.0,sensitivity,0.25
mortality,BUN,Cohen_m2,6705,858,0.1279642058165548,0.0751418099295848,0.3778389641658925,1.1340557109018987,0.8513502322506948,0.6875434803424373,72.0,soc_rate,0.25
mortality,ALT,Gaussian_trunc,5453,1423,0.2609572712268476,0.914411705587714,1.3750874528915833,1.0147198204246213,1.2145106053789767,1.1069855099623027,72.0,sensitivity,0.25
mortality,ALT,Cohen_m4,5453,547,0.1003117549972492,1.9387720001816176e-05,1.982081318278605,0.8303917267350006,2.3342016145144457,1.5476644311586272,72.0,soc_rate,0.25
mortality,ALT,Cohen_m4,5453,770,0.1412066752246469,8.786728749986746e-06,1.970649042110215,0.9305694494629788,2.6397383445387432,1.4127210070436174,72.0,sensitivity,0.25
mortality,ALT,Cohen_m3,5453,547,0.1003117549972492,0.0049464637289161,1.920540311955724,1.0641013407620432,1.757312326842526,1.4987583695236943,72.0,soc_rate,0.25
mortality,ALT,Gaussian_trunc,7223,114,0.015782915686003,0.0011108877260677,0.0,5.036754298891438,3.041585866459211,2.2896463428418667,24.0,soc_rate,0.25
mortality,ALT,Gaussian_eb,7223,1977,0.2737089851862107,0.4189681392281758,0.4866081268167561,1.090529512765002,1.3346252185698837,1.0359441568647685,24.0,sensitivity,0.25
mortality,ALT,Gaussian_eb,7223,114,0.015782915686003,0.0443889481667819,0.0,3.0680152166860064,2.3143000334275827,1.8382089342392272,24.0,soc_rate,0.25
mortality,ALT,NORMA_q_age_set,7223,1695,0.2346670358576768,0.1484395292873732,1.1366025364446906,1.25511192269633,0.9422345597093628,1.2610131109631584,24.0,sensitivity,0.25
mortality,ALT,NORMA_q_age_set,7223,115,0.0159213623148276,0.0202497050861999,0.0,0.0,1.3656632118379357,3.428014094025296,24.0,soc_rate,0.25
mortality,ALT,NORMA_334f7e21,7223,1525,0.2111311089574968,0.0105367362876822,1.6790594133427106,1.543353076466097,1.4604196584327955,1.523144421890875,24.0,sensitivity,0.25
mortality,ALT,NORMA_334f7e21,7223,115,0.0159213623148276,7.13811138931618e-05,0.0,0.0,2.277485514436477,3.914412785889732,24.0,soc_rate,0.25
mortality,ALT,NORMA_q_age,7223,1727,0.2390973279800637,0.0786895656240927,1.1075902533795865,1.1444534718858186,1.2186826625512477,1.3764401278508984,24.0,sensitivity,0.25
mortality,ALT,Cohen_m3,2667,458,0.1717285339332583,0.0357978381374742,2.098764753274565,1.4533111108140742,1.1591342293847653,1.3079674624237796,168.0,sensitivity,0.25
mortality,ALT,NORMA_q_age_set_co,7223,115,0.0159213623148276,0.0055827400703665,0.0,0.0,2.2021794045427363,2.465265786425586,24.0,soc_rate,0.25
mortality,ALT,Cohen_m4,2667,475,0.1781027371578552,0.0039034269776227,2.03534078598583,2.456514712466232,1.1244687041703578,1.5087562094462927,168.0,soc_rate,0.25
mortality,ALT,Cohen_m3,2667,475,0.1781027371578552,0.0613442809877783,2.011771918453781,1.449978489994863,1.2496014147076469,1.202569273796369,168.0,soc_rate,0.25
mortality,ALT,StandardOfCare,7223,115,0.0159213623148276,8.01408690885503e-09,7.098150467896622,7.406845964754172,2.845672027861183,2.617486207526234,24.0,soc_rate,0.25
mortality,ALT,PopRI,5453,1370,0.2512378507243719,0.8275979276028498,0.6896355118953892,0.708439584636466,0.8744180806312433,0.8204985887395135,72.0,sensitivity,0.25
mortality,ALT,PopRI,5453,547,0.1003117549972492,0.3909139576585495,0.5410949335658165,0.9660214598050012,0.8288740767929906,0.9111418874498428,72.0,soc_rate,0.25
mortality,ALT,PerRI,5453,1745,0.3200073354116999,0.5903453895477917,0.7257770673272845,1.0169287466857744,1.0710463142518731,1.1107307751619262,72.0,sensitivity,0.25
mortality,ALT,PerRI,5453,546,0.1001283697047496,0.6169973484785992,0.0,0.3477304841731112,1.0673541970969047,1.218318456267692,72.0,soc_rate,0.25
mortality,ALT,Cohen_m2,5453,1285,0.2356501008619108,0.6277058440129396,1.92379663999585,1.0951308708369687,0.9816383598584733,1.193839652089372,72.0,sensitivity,0.25
mortality,ALT,Cohen_m2,5453,547,0.1003117549972492,0.2922901699988354,1.2449233287229493,0.8617226879219335,1.1289646973527996,1.3733878334930556,72.0,soc_rate,0.25
mortality,ALT,Cohen_m3,5453,719,0.1318540253071703,0.0005337275365326,1.4781155806321586,1.2461887844801929,1.8528859492582996,1.4796733197867908,72.0,sensitivity,0.25
mortality,ALT,NORMA_q_age_set_co,7223,1451,0.2008860584244773,0.0425393983109509,1.3865146857215656,1.443896660837256,1.5353948919740743,1.205632545282045,24.0,sensitivity,0.25
mortality,ALT,Gaussian_mle,7223,114,0.015782915686003,0.0540922460946542,0.0,3.315083847521599,2.650651996751222,2.709964642473605,24.0,soc_rate,0.25
mortality,ALT,StandardOfCare,7223,115,0.0159213623148276,8.01408690885503e-09,7.098150467896622,7.406845964754172,2.845672027861183,2.617486207526234,24.0,sensitivity,0.25
mortality,ALT,NORMA_q_age,7223,115,0.0159213623148276,0.0041340574194967,0.0,0.0,2.216773178531329,3.491946219518004,24.0,soc_rate,0.25
mortality,AST,NORMA_q_age_set_co,6503,1276,0.1962171305551284,0.0254489515026687,1.682622276051107,3.823855377458933,1.5761671692199657,1.1068567083321326,72.0,sensitivity,0.25
mortality,ALT,Gaussian_mle,2667,472,0.1769778777652793,0.5768744675204873,2.775356735421572,1.1641410310183629,0.972780572874262,0.8938669687889413,168.0,soc_rate,0.25
mortality,AST,PopRI,8614,1474,0.1711167866264221,0.0002030538638504,1.4242561734450467,1.633420022393829,1.621822277105452,1.5755415943728617,24.0,sensitivity,0.25
mortality,AST,PopRI,8614,55,0.0063849547248664,0.962512297333672,0.0,5.07239437128213,1.4494714341242396,0.1493573920177072,24.0,soc_rate,0.25
mortality,AST,PerRI,8614,2516,0.2920826561411655,0.0399286145500304,2.4816097804830064,2.0506906698477607,1.0308657716849985,1.1466516735837275,24.0,sensitivity,0.25
mortality,AST,PerRI,8614,55,0.0063849547248664,0.3309158775077511,0.0,0.0,0.0,0.0,24.0,soc_rate,0.25
mortality,AST,Cohen_m2,8614,1233,0.1431390759229162,0.0001432488873785,0.5135074938031801,1.777596375267348,2.4688997256033067,1.3683395026516283,24.0,sensitivity,0.25
mortality,AST,Cohen_m2,8614,55,0.0063849547248664,8.562478367386389e-05,0.0,0.0,2.266210952103484,2.2730001461765137,24.0,soc_rate,0.25
mortality,AST,Cohen_m3,8614,2356,0.2735082423960994,0.2023775993900307,0.4304066308542764,0.408539518541185,0.9536141147246766,0.6893309481396066,24.0,sensitivity,0.25
mortality,AST,Cohen_m3,8614,55,0.0063849547248664,0.6506224535733873,0.0,0.0,0.0,0.0,24.0,soc_rate,0.25
mortality,AST,Cohen_m4,8614,1786,0.2073368934293011,0.7769426754336723,0.0,1.0035042617908043,1.1295691486619726,1.0113388362225504,24.0,sensitivity,0.25
mortality,AST,Cohen_m4,8614,55,0.0063849547248664,0.0721830444401522,0.0,0.0,0.0,1.972659526753793,24.0,soc_rate,0.25
mortality,AST,Gaussian_mle,8614,1854,0.2152310192709542,0.0029089836618765,2.023976942383381,2.367964002204927,1.414522045219029,1.1723533329150215,24.0,sensitivity,0.25
mortality,AST,Gaussian_mle,8614,55,0.0063849547248664,0.4957098162233967,0.0,0.0,0.0,0.0,24.0,soc_rate,0.25
mortality,AST,Gaussian_trunc,8614,1640,0.1903877408869282,0.0138096741984126,1.2408932048428687,1.2843551587317616,1.9708167714721163,1.1633502141665146,24.0,sensitivity,0.25
mortality,AST,Gaussian_trunc,8614,55,0.0063849547248664,0.79388860956336,0.0,0.0,0.0,1.725271910296798,24.0,soc_rate,0.25
mortality,AST,Gaussian_eb,8614,1781,0.2067564429997678,0.0035838497489813,2.126215211875288,2.2143945927804385,1.4296377557100066,1.1756460028595652,24.0,sensitivity,0.25
mortality,AST,Gaussian_eb,8614,55,0.0063849547248664,0.7792659484260029,0.0,0.0,0.0,1.057215399898363,24.0,soc_rate,0.25
mortality,AST,NORMA_q_age_set,8614,1639,0.1902716508010216,0.0014473374251868,1.6352706446960945,3.235178295124678,1.451645517398884,1.4632884407976536,24.0,sensitivity,0.25
mortality,AST,NORMA_q_age_set,8614,55,0.0063849547248664,0.9606509248949756,0.0,0.0,0.0,1.5907458686588067,24.0,soc_rate,0.25
mortality,AST,NORMA_334f7e21,8614,1610,0.1869050383097283,0.0098818347751535,4.422771218472428,3.9305125008058193,1.465078580830097,1.187246572020831,24.0,sensitivity,0.25
mortality,AST,NORMA_334f7e21,9432,1741,0.1845843935538592,0.0044797570227867,3.211719943020668,3.2970644670621696,2.0938379112333902,1.120062699484866,0.0,sensitivity,0.25
mortality,ALT,Gaussian_mle,5453,542,0.0993948285347515,0.97849973063279,1.4588745215043817,1.3098867377508945,0.9166855942678104,0.9162746749506554,72.0,soc_rate,0.25
mortality,AST,NORMA_q_age_set_co,9432,1676,0.1776929601357082,0.0089936504864048,4.6778087217754285,2.9796851641625564,2.520704434464773,1.1744347510575877,0.0,sensitivity,0.25
mortality,AST,NORMA_q_age_set,9432,1719,0.1822519083969465,0.0001375862177178,4.532943821401902,3.4429108750829496,2.333739398183073,1.4349155504831954,0.0,sensitivity,0.25
mortality,AST,Gaussian_eb,9432,1957,0.2074851569126378,0.0013336162773643,3.7738411133931873,2.895634077174898,1.653510566105898,1.2269043517585716,0.0,sensitivity,0.25
mortality,AST,Gaussian_trunc,9432,1775,0.1881891433418151,0.0030790948429692,2.170587274938737,1.6647474771773982,1.939515622895371,1.2196974267761962,0.0,sensitivity,0.25
mortality,ALT,Gaussian_trunc,2667,730,0.2737157855268091,0.6784162349054956,2.2496111272291834,0.926201899452474,1.0143016437871994,1.245305890250595,168.0,sensitivity,0.25
mortality,ALT,Gaussian_trunc,2667,472,0.1769778777652793,0.2406886936013367,2.7562141897587047,1.1295731897674184,1.0172766277171172,1.4515835501168215,168.0,soc_rate,0.25
mortality,ALT,Gaussian_eb,2667,682,0.2557180352455943,0.1407715524769922,3.3289130398972366,1.664779824426027,1.1335054083082148,1.4063035405959368,168.0,sensitivity,0.25
mortality,ALT,Gaussian_eb,2667,472,0.1769778777652793,0.6086382954696239,1.9873640193088244,1.0395810348819534,0.9277365397073052,1.215162688779432,168.0,soc_rate,0.25
mortality,ALT,NORMA_q_age_set,2667,595,0.2230971128608924,0.0844675122368866,0.3238047895319877,0.963166368213304,1.60245279520212,1.4033604948448266,168.0,sensitivity,0.25
mortality,ALT,NORMA_q_age_set,2667,475,0.1781027371578552,0.0331202244541123,0.4296254915775063,0.6482696588348499,1.9221043538866491,1.5938216318787373,168.0,soc_rate,0.25
mortality,ALT,NORMA_334f7e21,2667,557,0.2088488938882639,0.0326480084896479,0.7126682021053454,1.3144499742130893,1.4405519131105684,1.5044580790220128,168.0,sensitivity,0.25
mortality,ALT,NORMA_334f7e21,2667,475,0.1781027371578552,0.2692193345732449,0.4220903171097034,0.7601194515642559,1.3698482426176934,1.2893270684382203,168.0,soc_rate,0.25
mortality,ALT,Cohen_m4,2667,431,0.161604799400075,3.628911708613807e-05,3.1635224928138226,2.9588109223058425,1.470688350527852,1.6766741371014893,168.0,sensitivity,0.25
mortality,ALT,NORMA_q_age_set_co,2667,573,0.2148481439820022,0.0540459472924739,1.1597591565442795,1.0494877618290746,1.2677037836651357,1.2147549322929172,168.0,sensitivity,0.25
mortality,ALT,NORMA_q_age,2667,582,0.21822272215973,0.1750606643686773,0.72802580202601,0.8408889388782582,1.1769580585783672,1.3111292928868667,168.0,sensitivity,0.25
mortality,AST,NORMA_q_age,9432,1762,0.1868108566581849,3.046756785612708e-05,3.172655982090201,3.279414074996962,2.2979695862727105,1.2010885560547109,0.0,sensitivity,0.25
mortality,ALT,StandardOfCare,2667,475,0.1781027371578552,2.4246770505184127e-10,2.924261314913794,2.6522243263259697,1.9186935998127048,2.1893168553107167,168.0,sensitivity,0.25
mortality,ALT,StandardOfCare,2667,475,0.1781027371578552,2.4246770505184127e-10,2.924261314913794,2.6522243263259697,1.9186935998127048,2.1893168553107167,168.0,soc_rate,0.25
mortality,AST,PopRI,9432,1672,0.1772688719253604,0.0007358682217284,3.379058734068315,2.5553910707032723,1.61415430790882,1.5201912930906785,0.0,sensitivity,0.25
mortality,AST,PerRI,9432,2794,0.296225614927905,0.0155329094538599,4.946018583212879,2.8406186431031317,1.5246313039629869,1.1271427237568268,0.0,sensitivity,0.25
mortality,AST,Cohen_m2,9432,1343,0.1423876166242578,0.0002797796905444,6.082624124174648,3.275945557852008,2.6365631579515707,1.373597882818397,0.0,sensitivity,0.25
mortality,AST,Cohen_m3,9432,2487,0.263676844783715,0.2610699818583416,0.9008090357065388,0.5014419293206432,0.8675235085584103,0.7081591951271642,0.0,sensitivity,0.25
mortality,AST,Cohen_m4,9432,1958,0.2075911789652247,0.9657944055503768,1.233283612353867,0.8736462691047491,1.3797515533054507,1.0027440115189294,0.0,sensitivity,0.25
mortality,AST,Gaussian_mle,9432,2084,0.2209499575911789,0.0047645859936166,2.508492490160138,2.4272467866579075,1.4634378890614064,1.269658480524042,0.0,sensitivity,0.25
mortality,BUN,Cohen_m2,6705,1696,0.2529455630126771,0.5527466067059159,0.1637200485154787,0.982863410505214,0.9534255641073388,0.9920048221635256,72.0,sensitivity,0.25
mortality,ALT,Gaussian_mle,2667,665,0.2493438320209973,0.0908033771476542,3.459583894986324,1.7424021726069427,1.1837709749171828,1.3183521661655084,168.0,sensitivity,0.25
mortality,ALT,NORMA_q_age_set_co,2667,475,0.1781027371578552,0.0188452003962984,0.9024528131909372,0.882206670015401,1.7208330360545434,1.227607219582993,168.0,soc_rate,0.25
mortality,NA,Cohen_m3,16078,1690,0.1051125761910685,1.4359310887033192e-16,2.214236034106888,3.137534498906645,2.8038345722861377,1.804921781208139,72.0,soc_rate,0.25
mortality,ALB,StandardOfCare,3991,607,0.1520922074668003,1.608392823090699e-23,8.868570351789995,6.597606134418007,5.808359206152296,5.358072820521293,72.0,sensitivity,0.25
mortality,GLU,PopRI,7175,2701,0.3764459930313589,0.4513403824931095,1.1301092080203037,1.062258205091137,1.0160771866961265,1.0617041906641844,24.0,soc_rate,0.25
mortality,PLT,NORMA_q_age_set,3838,142,0.0369984366857738,0.1524507565797752,0.0,0.8477476809908855,1.2349124109353693,2.422865028049652,168.0,soc_rate,0.25
mortality,TBIL,PerRI,8870,2357,0.2657271702367531,0.96245682492979,0.8751165924666934,0.6171330148420585,0.8455739088342796,1.0371560201369343,24.0,sensitivity,0.25
mortality,PLT,NORMA_q_age,3838,718,0.1870766023970818,0.0004274373537883,1.0687193291055883,2.34285790974034,1.749936248024177,1.5740054567884545,168.0,sensitivity,0.25
mortality,PLT,NORMA_q_age,3838,142,0.0369984366857738,0.0015641030555151,0.0,2.744705922579247,1.369534036949395,3.864371748666257,168.0,soc_rate,0.25
mortality,PLT,NORMA_q_age_set_co,3838,692,0.1803022407503908,0.0066331852384854,1.102820310769712,1.8264482423337076,1.5584571360283253,1.205773191158016,168.0,sensitivity,0.25
mortality,PLT,NORMA_q_age_set_co,3838,142,0.0369984366857738,0.0128026742154123,0.0,0.0,0.8854846538884578,2.2151113129923385,168.0,soc_rate,0.25
mortality,PLT,StandardOfCare,3838,142,0.0369984366857738,1.216746453473063e-47,38.23046714379732,20.01310748477795,17.671565585026592,6.473622881778373,168.0,sensitivity,0.25
mortality,PLT,StandardOfCare,3838,142,0.0369984366857738,1.216746453473063e-47,38.23046714379732,20.01310748477795,17.671565585026592,6.473622881778373,168.0,soc_rate,0.25
mortality,TBIL,PopRI,9976,1968,0.1972734562951082,0.6114288618992298,2.174468617308267,1.306749336987981,1.1586140213209868,0.9855933910110318,0.0,sensitivity,0.25
mortality,TBIL,PerRI,9976,2680,0.268644747393745,0.8099815657570465,1.7544067416271227,1.1219076751658144,1.559679978813304,1.2654045819445727,0.0,sensitivity,0.25
mortality,TBIL,Cohen_m2,9976,2318,0.2323576583801122,0.089906557639756,0.3143012684985602,0.4675599676211999,1.3846778368394854,1.0190972156404006,0.0,sensitivity,0.25
mortality,TBIL,Cohen_m3,9976,2144,0.214915797914996,0.4715615600356586,1.2874145188064274,1.150182701940187,0.9854736460788944,0.8155226336048021,0.0,sensitivity,0.25
mortality,TBIL,Cohen_m4,9976,2144,0.214915797914996,0.1631135108111543,1.013428598158667,1.0920914616030224,1.3418621652643172,1.1527291162294149,0.0,sensitivity,0.25
mortality,TBIL,Gaussian_mle,9976,2043,0.2047914995990377,0.4554710080506523,1.3744870461620595,1.3124417738986618,1.275470851506174,1.3459414736110014,0.0,sensitivity,0.25
mortality,TBIL,Gaussian_trunc,9976,2036,0.2040898155573376,0.7917798191203116,1.710422716987805,1.60710815346554,1.472791224642285,0.8157137824523766,0.0,sensitivity,0.25
mortality,TBIL,Gaussian_eb,9976,2036,0.2040898155573376,0.0097720289536218,1.081870873485068,1.6991274491895303,1.649740136842765,1.3078125566386056,0.0,sensitivity,0.25
mortality,TBIL,NORMA_q_age_set,9976,1948,0.1952686447473937,0.0120952606717032,1.143157613989457,1.3500428199175527,1.5037505391425976,1.7968585068036322,0.0,sensitivity,0.25
mortality,TBIL,NORMA_334f7e21,9976,1921,0.1925621491579791,0.0317429669132703,1.1631627090001475,0.958260610515114,1.2685307701291642,1.500579533821195,0.0,sensitivity,0.25
mortality,TBIL,NORMA_q_age,9976,1926,0.1930633520449077,0.0215934844549682,0.3975820088244003,0.935426977115766,1.3450295686457892,1.620400664120079,0.0,sensitivity,0.25
mortality,TBIL,NORMA_q_age_set_co,9976,1922,0.1926623897353648,0.0100340592230587,0.8810560705430318,1.2824816624662785,1.458036951980935,1.5516739274159344,0.0,sensitivity,0.25
mortality,TBIL,PopRI,8870,1828,0.2060879368658399,0.5390511960588704,0.9556524185274368,0.622750786247531,1.128055789329291,1.0911021230159892,24.0,sensitivity,0.25
mortality,PLT,Gaussian_eb,3838,140,0.0364773319437206,0.5011134019798341,0.0,0.0,0.7165480704191312,0.1536638775596818,168.0,soc_rate,0.25
mortality,TBIL,PopRI,8870,118,0.013303269447576,0.2766354680341693,0.0,1.898195650485653,3.1639595871820765,0.6829053117397655,24.0,soc_rate,0.25
mortality,PLT,NORMA_q_age,9150,2057,0.2248087431693989,0.0072011484860246,1.7632950786250832,1.0344351525430378,1.5566413148518554,1.2616049948410355,72.0,sensitivity,0.25
mortality,PLT,NORMA_q_age_set,3838,799,0.2081813444502345,0.0269224463020076,1.4008363161352462,2.354448715580046,1.3100007906464706,1.1468435595509696,168.0,sensitivity,0.25
mortality,PLT,Cohen_m2,3838,142,0.0369984366857738,0.3443381076031275,0.0,0.0,0.0,0.9970795360727048,168.0,soc_rate,0.25
mortality,PLT,NORMA_q_age,9150,189,0.020655737704918,0.8561881626095346,5.462590015286653,1.205519995676329,0.296096308178836,1.7769394270585266,72.0,soc_rate,0.25
mortality,PLT,NORMA_q_age_set_co,9150,1849,0.2020765027322404,0.0020578102922204,3.103485613630591,2.3095025158002147,1.6040039802070962,1.3575377469447452,72.0,sensitivity,0.25
mortality,PLT,NORMA_q_age_set_co,9150,189,0.020655737704918,0.7589383193161923,5.463007140801936,1.2063268124864486,0.2962380790873366,2.353772324687868,72.0,soc_rate,0.25
mortality,PLT,StandardOfCare,9150,189,0.020655737704918,4.440407826798362e-87,157.98267539265083,48.21886160898548,21.20455921128792,8.027782659768516,72.0,sensitivity,0.25
mortality,PLT,StandardOfCare,9150,189,0.020655737704918,4.440407826798362e-87,157.98267539265083,48.21886160898548,21.20455921128792,8.027782659768516,72.0,soc_rate,0.25
mortality,PLT,PopRI,3838,291,0.0758207399687337,1.0615183081328977e-08,8.603539671711813,4.146170692576496,4.616284852889608,2.2567669989593893,168.0,sensitivity,0.25
mortality,PLT,PopRI,3838,142,0.0369984366857738,8.530259560200163e-06,6.325160347875775,4.021239529825931,4.16819395429361,2.2644198169178664,168.0,soc_rate,0.25
mortality,PLT,PerRI,3838,1362,0.3548723293381969,0.8312396444278263,1.2109959187204138,0.5019838552169528,0.569830132319657,1.2853655804243456,168.0,sensitivity,0.25
mortality,PLT,PerRI,3838,141,0.0367378843147472,0.2252424260482729,3.722515697424859,1.2796548251152975,1.977160959080932,1.3859414633172318,168.0,soc_rate,0.25
mortality,PLT,Cohen_m2,3838,1241,0.3233454924439812,0.1161400635027741,0.3271421277809985,0.610716824235766,0.4920736204779783,0.6042181597472152,168.0,sensitivity,0.25
mortality,PLT,Cohen_m3,3838,784,0.2042730588848358,0.0394023398712802,1.944172164785149,1.6196452872967668,1.479466746639729,1.2934672371541407,168.0,sensitivity,0.25
mortality,TBIL,PopRI,3093,139,0.0449401875202069,0.3842283269871027,0.0,0.0,0.4725635333861903,1.037298307616476,168.0,soc_rate,0.25
mortality,PLT,Cohen_m3,3838,142,0.0369984366857738,0.2766369890167957,0.0,0.0,0.5409914414758845,0.5211884035060749,168.0,soc_rate,0.25
mortality,PLT,Cohen_m4,3838,481,0.1253256904637832,4.089820307338061e-06,3.4292948694831105,2.329197544355442,2.8910011814061782,1.354895380205415,168.0,sensitivity,0.25
mortality,PLT,Cohen_m4,3838,142,0.0369984366857738,2.7302657981369468e-06,3.9981230557296072,2.271248620964695,4.204976213681612,1.3417076987108922,168.0,soc_rate,0.25
mortality,PLT,Gaussian_mle,3838,1156,0.3011985409067222,0.9929595212099468,1.1210641547033668,0.7008908918560458,0.9580402020588804,1.4412773714511755,168.0,sensitivity,0.25
mortality,PLT,Gaussian_mle,3838,140,0.0364773319437206,0.2257024802779946,0.0,0.0,0.0,0.0,168.0,soc_rate,0.25
mortality,PLT,Gaussian_trunc,3838,1316,0.3428869202709744,0.5673861868086687,1.720101904135224,0.7266787450406845,0.6554742609996098,0.9565630969339138,168.0,sensitivity,0.25
mortality,PLT,Gaussian_trunc,3838,140,0.0364773319437206,0.996121299964622,1.797353096418011,1.6139562776032934,0.8234384753338085,0.1761060906093641,168.0,soc_rate,0.25
mortality,PLT,Gaussian_eb,3838,1166,0.303804064616988,0.9471386542930256,1.527134388487125,0.6682647166359513,0.9257741527036008,1.2940500223660376,168.0,sensitivity,0.25
mortality,TBIL,PerRI,8870,117,0.0131905298759864,0.2855488639890554,0.0,1.785752668016426,1.9275903486807835,4.265500315244169,24.0,soc_rate,0.25
mortality,PLT,NORMA_334f7e21,3838,774,0.2016675351745701,0.005232243243085,0.9806514772478838,1.919929450689006,1.5768468779271132,1.2537348382499047,168.0,sensitivity,0.25
mortality,TBIL,Cohen_m2,8870,1969,0.2219842164599774,0.0432042361347046,0.1774252519296656,0.7019051231223566,1.354816967671117,1.169723226834307,24.0,sensitivity,0.25
mortality,TBIL,Cohen_m2,8870,118,0.013303269447576,0.9578154479663202,3.743518568846862,1.538038783806526,1.5750978580106183,0.9784424176437682,24.0,soc_rate,0.25
mortality,TBIL,PerRI,6419,216,0.0336501012618788,0.6977578510253171,2.927684064438219,0.6992568341191886,0.7783906246913357,0.6613765224268298,72.0,soc_rate,0.25
mortality,TBIL,Cohen_m4,6419,1468,0.2286960585761022,0.146583778286839,1.579801505568723,1.8822203119571432,1.2329926461356295,1.1840995355700716,72.0,sensitivity,0.25
mortality,TBIL,Cohen_m4,6419,217,0.0338058887677208,0.9568561174912548,3.4460469104802365,1.821899112416101,1.025342988644974,0.696201692539939,72.0,soc_rate,0.25
mortality,TBIL,Gaussian_mle,6419,1745,0.2718491976943449,0.8952349961823037,0.6646692151066076,0.8878959150646535,1.138926265444678,0.9568899446914484,72.0,sensitivity,0.25
mortality,TBIL,Gaussian_mle,6419,213,0.0331827387443527,0.7882557589183181,3.3693631989468127,1.8443699124247748,0.6196540551716064,0.5971957064352661,72.0,soc_rate,0.25
mortality,TBIL,Gaussian_trunc,6419,1523,0.2372643713974139,0.5539784660165512,0.3224920198498173,1.1274647220457892,1.327183952436443,0.9084924452775522,72.0,sensitivity,0.25
mortality,TBIL,Gaussian_trunc,6419,213,0.0331827387443527,0.504588359157239,2.9369721604617225,1.7889110605376637,2.085587387150289,1.9168704503989007,72.0,soc_rate,0.25
mortality,TBIL,Gaussian_eb,6419,1339,0.2085994703224801,0.0140470873481107,2.692077817201101,1.4234990763718451,1.4110010605444503,1.3134436168116252,72.0,sensitivity,0.25
mortality,TBIL,Gaussian_eb,6419,213,0.0331827387443527,0.5164707650758733,2.938738338599194,0.7021786247357774,1.5593370864856952,0.9720536666363596,72.0,soc_rate,0.25
mortality,TBIL,NORMA_q_age_set,6419,1026,0.1598379809939243,6.293167852113178e-05,1.3453165863554677,2.38076517225929,1.9893140465835857,1.8721659328653464,72.0,sensitivity,0.25
mortality,TBIL,NORMA_q_age_set,6419,217,0.0338058887677208,0.8945325202822214,3.5447064225261333,3.049085758551393,1.0025575777574334,1.1350167351474756,72.0,soc_rate,0.25
mortality,TBIL,NORMA_334f7e21,6419,1050,0.163576881134133,0.000188176304314,1.2877609864032598,2.275863127066429,1.7588706223780934,1.692836586709735,72.0,sensitivity,0.25
mortality,TBIL,NORMA_334f7e21,6419,217,0.0338058887677208,0.1411900433138674,3.6057509757272896,3.149634898316077,1.0362328918643129,1.2635853826192818,72.0,soc_rate,0.25
mortality,TBIL,NORMA_q_age,6419,1086,0.1691852313444461,0.0002620440476029,1.232518717777874,2.22914600519666,1.8007888184277343,1.6475061259308654,72.0,sensitivity,0.25
mortality,TBIL,NORMA_q_age,6419,217,0.0338058887677208,0.1522199461831081,3.5445188606388696,3.0416956683616103,1.7100065149434736,1.4585688557909269,72.0,soc_rate,0.25
mortality,TBIL,NORMA_q_age_set_co,6419,1196,0.1863218569870696,0.0117349876683864,1.111765285941235,2.0513368641129164,1.320536252051944,1.4779811572671728,72.0,sensitivity,0.25
mortality,TBIL,NORMA_q_age_set_co,6419,217,0.0338058887677208,0.2077462874729291,3.5251499151111303,3.022107936729058,0.9927374368552832,0.9535250786451784,72.0,soc_rate,0.25
mortality,TBIL,StandardOfCare,6419,217,0.0338058887677208,2.6603196283676312e-43,18.57512522284425,14.07748273063226,10.591929036776872,4.987103034527421,72.0,sensitivity,0.25
mortality,TBIL,StandardOfCare,6419,217,0.0338058887677208,2.6603196283676312e-43,18.57512522284425,14.07748273063226,10.591929036776872,4.987103034527421,72.0,soc_rate,0.25
mortality,TBIL,PopRI,3093,638,0.2062722276107339,0.6717624627419726,0.748803207467561,1.4638358388518773,0.9242514621412636,0.9532782136555497,168.0,sensitivity,0.25
mortality,TBIL,Cohen_m2,6419,217,0.0338058887677208,0.8846494203140316,0.0,0.0,0.9188821529526638,1.1140199322643165,72.0,soc_rate,0.25
mortality,TBIL,Cohen_m3,6419,217,0.0338058887677208,0.6869622453505939,0.0,1.07490838687181,1.2136067382758875,0.8872405474858964,72.0,soc_rate,0.25
mortality,TBIL,PerRI,6419,1438,0.2240224334008412,0.0428980586815288,2.376753658232576,0.9079968549988644,1.2530164421346373,1.2537141640192515,72.0,sensitivity,0.25
mortality,TBIL,Cohen_m3,8870,118,0.013303269447576,0.7107185169283937,4.121831738386248,1.685133389404322,1.5284369556381376,0.6450876678083997,24.0,soc_rate,0.25
mortality,TBIL,NORMA_q_age_set,8870,118,0.013303269447576,0.999693896660606,0.0,2.8328763626268016,3.2274385261951077,0.9107100847467188,24.0,soc_rate,0.25
mortality,TBIL,Cohen_m3,6419,1433,0.2232434958716311,0.5019176502855085,0.9550411550459096,0.8425874296139897,0.7159584081910332,0.7381238791946803,72.0,sensitivity,0.25
mortality,TBIL,Cohen_m3,8870,2011,0.2267192784667418,0.710511892610812,0.8508813297749978,0.8441195784129466,1.0118507918044184,0.686630920805151,24.0,sensitivity,0.25
mortality,TBIL,Cohen_m4,8870,2039,0.2298759864712514,0.2108806027673765,0.6359943452925313,1.1839401394623712,1.277236874920541,1.1637996941806852,24.0,sensitivity,0.25
mortality,TBIL,Cohen_m4,8870,118,0.013303269447576,0.3044196197233269,0.0,2.629153265063064,3.3204261749822668,0.439261557626581,24.0,soc_rate,0.25
mortality,TBIL,Gaussian_mle,8870,2085,0.2350620067643743,0.6643796376702158,1.4152321216195172,1.815132824846014,1.6320614556987223,0.7634918325687896,24.0,sensitivity,0.25
mortality,TBIL,Gaussian_mle,8870,116,0.0130777903043968,0.841869150608731,0.0,2.38957135291133,2.2510354353271533,0.8482022641639113,24.0,soc_rate,0.25
mortality,TBIL,Gaussian_trunc,8870,1921,0.2165727170236753,0.7818015058870591,1.2275335113111543,0.9366618888988965,1.191718265371097,0.864568394783628,24.0,sensitivity,0.25
mortality,TBIL,Gaussian_trunc,8870,116,0.0130777903043968,0.925087899995556,3.809250163597466,3.929867564316624,1.3190362354059857,0.1792220731829683,24.0,soc_rate,0.25
mortality,TBIL,Gaussian_eb,8870,1769,0.1994363021420518,0.0089088641970893,1.7439252284387536,2.103850104741039,2.0628820707835347,1.3630730811662788,24.0,sensitivity,0.25
mortality,TBIL,Gaussian_eb,8870,116,0.0130777903043968,0.9079578167237976,0.0,2.232808244165289,0.7596779742279974,0.8128762242552852,24.0,soc_rate,0.25
mortality,PLT,NORMA_334f7e21,9150,1760,0.1923497267759563,0.0004294272143309,2.151659379578027,2.5824354178487634,1.8375809304810091,1.528122085944419,72.0,sensitivity,0.25
mortality,PLT,NORMA_334f7e21,9150,189,0.020655737704918,0.0960425739613335,5.463739910398432,1.2053881012769605,0.296073862476724,3.8668764920619294,72.0,soc_rate,0.25
mortality,TBIL,NORMA_334f7e21,8870,1637,0.1845546786922209,0.0205869598747614,0.472913072852314,0.807487954476233,1.2436230680508873,1.6847914443782015,24.0,sensitivity,0.25
mortality,TBIL,NORMA_334f7e21,8870,118,0.013303269447576,0.7868951239049409,0.0,3.1770850713640217,3.666406389302706,0.9944982502888722,24.0,soc_rate,0.25
mortality,TBIL,NORMA_q_age,8870,1497,0.168771138669673,0.0025530981232367,0.5274977614672216,1.2834294504281332,1.6616472946921643,1.8060900989688595,24.0,sensitivity,0.25
mortality,TBIL,NORMA_q_age,8870,118,0.013303269447576,0.973081064935968,0.0,2.923870499304469,3.3204652985557765,0.9864403306244538,24.0,soc_rate,0.25
mortality,TBIL,NORMA_q_age_set_co,8870,1753,0.1976324689966178,0.0457563837106225,1.0208300442244105,1.5476082860731557,1.4938975744159677,1.4176074033399777,24.0,sensitivity,0.25
mortality,TBIL,NORMA_q_age_set_co,8870,118,0.013303269447576,0.8237959201232399,0.0,3.0192813506064566,3.4835967070428926,0.9158445977324072,24.0,soc_rate,0.25
mortality,TBIL,StandardOfCare,8870,118,0.013303269447576,2.81685331624508e-37,12.711449384012129,14.751090585979275,12.070233309943957,5.583504246528361,24.0,sensitivity,0.25
mortality,TBIL,StandardOfCare,8870,118,0.013303269447576,2.81685331624508e-37,12.711449384012129,14.751090585979275,12.070233309943957,5.583504246528361,24.0,soc_rate,0.25
mortality,TBIL,PopRI,6419,1291,0.2011216700420626,0.9693471648260088,1.1069456178810215,1.3565373972400512,1.6395253644171337,0.9931145508391844,72.0,sensitivity,0.25
mortality,TBIL,PopRI,6419,217,0.0338058887677208,0.908332663629059,0.0,0.0,0.3798797195813377,0.5492941676110024,72.0,soc_rate,0.25
mortality,TBIL,NORMA_q_age_set,8870,1729,0.1949267192784667,0.0461466026652408,0.4418026706361445,0.8956287423905057,1.384341015446812,1.5523140058793814,24.0,sensitivity,0.25
mortality,TBIL,Cohen_m2,6419,1288,0.2006543075245365,0.0051314761082143,1.033016087947734,1.6113585667153232,1.1544252313813483,1.0683653210550996,72.0,sensitivity,0.25
mortality,PLT,NORMA_q_age_set,9150,2146,0.234535519125683,0.0373836508070433,2.5687787404434728,1.9002758637891612,1.6003012343483405,0.99667846454012,72.0,sensitivity,0.25
mortality,PLT,NORMA_334f7e21,13484,140,0.0103826757638682,0.2858178354228023,5.461961194270686,5.148331040323199,1.373687986524169,3.3152767459355084,24.0,soc_rate,0.25
mortality,PLT,Cohen_m3,15112,2346,0.1552408681842244,0.022894201313661,1.7799220876187605,1.8854082544363209,1.5796604122597473,1.554719686489358,0.0,sensitivity,0.25
mortality,NA,Cohen_m4,5842,978,0.1674084217733653,1.2038002491430979e-10,4.710241288926374,2.3889283243557005,3.1923203276672134,2.248800954326318,168.0,soc_rate,0.25
mortality,NA,Gaussian_mle,5842,1761,0.3014378637452927,0.7329939221412365,1.8779014957080489,1.0217719873093605,0.7568128116770304,0.975949023101144,168.0,sensitivity,0.25
mortality,NA,Gaussian_mle,5842,966,0.1653543307086614,0.9307779926443412,1.7224088957145205,0.8016030612293311,0.8535461188416965,0.9522298918455014,168.0,soc_rate,0.25
mortality,NA,Gaussian_trunc,5842,1299,0.2223553577541937,0.4334023306423753,1.2699727566228065,1.117355884457562,1.3611969222318785,1.0758217988711003,168.0,sensitivity,0.25
mortality,NA,Gaussian_trunc,5842,966,0.1653543307086614,0.8620636269409937,1.1024314944995812,0.8746875962649158,1.150796351680621,1.115967996615002,168.0,soc_rate,0.25
mortality,NA,Gaussian_eb,5842,1227,0.2100308113659705,0.0165398161564012,2.511978855571546,1.7494732738592411,1.37405749410708,1.228674182664013,168.0,sensitivity,0.25
mortality,NA,Gaussian_eb,5842,966,0.1653543307086614,0.0061230068557398,2.8041640523849303,1.9544726389248352,1.6016001605752337,1.2596445189603562,168.0,soc_rate,0.25
mortality,NA,NORMA_q_age_set,5842,1392,0.2382745635056487,0.6740200554738247,0.9235587964651476,1.4570201750332694,1.2354804676454345,1.1389358255526427,168.0,sensitivity,0.25
mortality,NA,NORMA_q_age_set,5842,978,0.1674084217733653,0.8332807985619086,0.8130049158347622,1.0176093445506005,0.8409485318617765,0.9155687723695972,168.0,soc_rate,0.25
mortality,NA,NORMA_334f7e21,5842,1097,0.1877781581650119,0.579572090591945,1.283635422358185,1.4247212400177809,1.506615725043437,0.7746180444044647,168.0,sensitivity,0.25
mortality,NA,NORMA_334f7e21,5842,978,0.1674084217733653,0.6268280724027704,1.4777899698232289,1.4762186504493875,1.400187882474866,0.6926525084246482,168.0,soc_rate,0.25
mortality,NA,NORMA_q_age,5842,890,0.1523450872988702,0.0005483345011018,2.2683495408947416,2.552175604212709,3.097790576317044,1.5556958400168788,168.0,sensitivity,0.25
mortality,NA,NORMA_q_age,5842,978,0.1674084217733653,0.0020005779966191,2.489375655098476,2.735387252361072,2.714890641790462,1.5056044090639715,168.0,soc_rate,0.25
mortality,NA,NORMA_q_age_set_co,5842,916,0.1567956179390619,0.0018827836114543,2.100934886761219,2.7694035601552724,2.828450833434711,1.1887772331230664,168.0,sensitivity,0.25
mortality,NA,NORMA_q_age_set_co,5842,978,0.1674084217733653,0.007798831216606,2.457946052645042,2.7426750503990966,2.9746012461683424,1.0781085714301697,168.0,soc_rate,0.25
mortality,NA,StandardOfCare,5842,978,0.1674084217733653,0.0028201225745553,1.1266788044823692,1.6473093598155442,1.463577108057471,1.37627969059266,168.0,sensitivity,0.25
mortality,NA,StandardOfCare,5842,978,0.1674084217733653,0.0028201225745553,1.1266788044823692,1.6473093598155442,1.463577108057471,1.37627969059266,168.0,soc_rate,0.25
mortality,PLT,PopRI,15112,1453,0.096148755955532,1.2798045375529437e-11,0.0,1.56397586846743,5.1097987415450845,2.4204255393297425,0.0,sensitivity,0.25
mortality,PLT,PerRI,15112,4723,0.3125330862890418,0.2599546564193836,1.376445953013812,1.0227912050252548,1.1517274722172657,1.4575894760149355,0.0,sensitivity,0.25
mortality,PLT,Cohen_m2,15112,3423,0.226508734780307,0.4693183333902848,3.324150948817988,1.5286754979393826,0.8588374860732868,0.7541459654001434,0.0,sensitivity,0.25
mortality,NA,Cohen_m3,5842,703,0.1203355015405683,6.423711636586499e-09,4.112303492340167,2.2579421309743197,2.403613693978913,1.8362729914509703,168.0,sensitivity,0.25
mortality,NA,Cohen_m3,5842,978,0.1674084217733653,4.6978317195930246e-08,2.7934223051479696,2.1389300031497283,2.4388171308863758,1.6271846138064705,168.0,soc_rate,0.25
mortality,NA,Cohen_m2,5842,1485,0.2541937692571037,0.668136317099579,2.343999974269789,1.2108091394310332,0.866999193092964,0.9362019426424982,168.0,sensitivity,0.25
mortality,PLT,Cohen_m4,15112,1432,0.0947591318157755,1.0543042068301435e-09,2.185582409583194,1.8832208072414,2.792821622211946,2.083185097516278,0.0,sensitivity,0.25
mortality,NA,Gaussian_mle,16078,4027,0.250466475929842,0.2936286458408801,0.8310374831901872,1.2296642951244392,1.0943482989640487,0.7843119640963147,72.0,sensitivity,0.25
mortality,NA,Gaussian_mle,16078,1665,0.1035576564249284,0.3980763356495832,1.409624361297598,1.3623088705608326,1.1961478208980252,0.6375875454177737,72.0,soc_rate,0.25
mortality,NA,Gaussian_trunc,16078,2984,0.1855952232864784,0.0445908344226182,3.043964749431358,1.821570010656409,1.245376986248421,1.382143504573658,72.0,sensitivity,0.25
mortality,NA,Gaussian_trunc,16078,1665,0.1035576564249284,0.8979097049509623,4.0311006653674175,1.67034915163899,1.2170585728787524,1.0192504270636469,72.0,soc_rate,0.25
mortality,NA,Gaussian_eb,16078,2660,0.1654434631173031,0.0005612288591527,1.591866954041426,1.4183949883239693,1.733377920934488,1.2957593277204829,72.0,sensitivity,0.25
mortality,NA,Gaussian_eb,16078,1665,0.1035576564249284,0.0002422711200261,2.734530801919289,1.6249200206538288,1.933355891697602,1.2356726086748633,72.0,soc_rate,0.25
mortality,NA,NORMA_q_age_set,16078,3707,0.2305635029232491,0.5100870774920782,1.0642369987213969,0.8386130282178339,1.2100990163860683,1.0501434861820196,72.0,sensitivity,0.25
mortality,NA,NORMA_q_age_set,16078,1690,0.1051125761910685,0.3326180048974098,1.7758522428923973,1.2481514109011314,1.26156516238538,0.7483224316192713,72.0,soc_rate,0.25
mortality,NA,NORMA_334f7e21,16078,2751,0.171103371066053,0.0087638086348707,1.3287413890415898,1.131441422191264,1.652771973205437,1.1003719343960732,72.0,sensitivity,0.25
mortality,NA,NORMA_334f7e21,16078,1690,0.1051125761910685,0.098724468432668,1.827838043477928,1.2587092293872382,1.281140982873794,0.8344217758479197,72.0,soc_rate,0.25
mortality,NA,NORMA_q_age,16078,1690,0.1051125761910685,0.0127402839806436,1.8509266101862327,1.2906048944137545,1.923564581750116,1.329850081437362,72.0,soc_rate,0.25
mortality,PLT,Gaussian_trunc,15112,4451,0.2945341450502912,0.6154771890129163,0.7632192999754689,1.5475180203624002,0.9285399337629198,0.7080719852194864,0.0,sensitivity,0.25
mortality,NA,NORMA_q_age_set_co,16078,2269,0.1411245179748725,1.0502516245134235e-06,2.368634283779918,1.545581931421074,2.338273932908411,1.4973340797950838,72.0,sensitivity,0.25
mortality,NA,NORMA_q_age_set_co,16078,1690,0.1051125761910685,2.518310011098471e-05,1.830467070900752,1.6369921049577236,2.534200678523886,1.2952121357600603,72.0,soc_rate,0.25
mortality,NA,StandardOfCare,16078,1690,0.1051125761910685,5.269345424829212e-07,2.210480410341838,2.179984112033329,1.8398024630285224,1.6863685235341106,72.0,sensitivity,0.25
mortality,NA,StandardOfCare,16078,1690,0.1051125761910685,5.269345424829212e-07,2.210480410341838,2.179984112033329,1.8398024630285224,1.6863685235341106,72.0,soc_rate,0.25
mortality,NA,PopRI,5842,1009,0.1727148236905169,0.0093626839710276,1.399485214817041,2.4611407726511474,1.725521701768288,1.321634383979787,168.0,sensitivity,0.25
mortality,NA,PopRI,5842,978,0.1674084217733653,0.0060813186754399,1.4427129798967906,2.5738447269668754,2.0460803727985986,1.4088060899337471,168.0,soc_rate,0.25
mortality,NA,PerRI,5842,1980,0.3389250256761383,0.787742010221038,0.922933499056012,0.5144800938626797,0.8273380477228348,0.9410930708463868,168.0,sensitivity,0.25
mortality,NA,PerRI,5842,978,0.1674084217733653,0.7928448542601932,1.1427324058501374,0.6749469094850435,1.0267922715030768,1.1376520565419144,168.0,soc_rate,0.25
mortality,NA,Cohen_m2,5842,978,0.1674084217733653,0.1426113856519585,2.750974465741094,1.383262779196501,1.050024680999899,1.228021874846947,168.0,soc_rate,0.25
mortality,NA,Cohen_m4,16078,1690,0.1051125761910685,8.653996155375396e-16,1.3953795441133443,3.0199284582369423,3.036963341388788,2.07583044557129,72.0,soc_rate,0.25
mortality,PLT,Gaussian_mle,15112,4803,0.3178268925357332,0.979690948355002,1.264967444961161,1.2861271251214608,0.8089190981896452,1.2980127047332015,0.0,sensitivity,0.25
mortality,PLT,NORMA_q_age,13484,140,0.0103826757638682,0.6241676634894138,0.0,0.0,0.0,1.824991185736148,24.0,soc_rate,0.25
mortality,NA,Cohen_m3,16078,1434,0.0891901977857942,1.8571769622523023e-14,1.595465687075167,2.8264516301189486,2.478046972042654,1.809764656769147,72.0,sensitivity,0.25
mortality,PLT,NORMA_334f7e21,13484,2330,0.172797389498665,0.0009834894511071,2.3597948111172258,1.6789860531801686,1.3700709129233266,1.7562859806156563,24.0,sensitivity,0.25
mortality,PLT,NORMA_q_age_set_co,13484,140,0.0103826757638682,0.7903503816255988,5.502811730475406,2.0919033785668795,0.571216817176288,0.0795618121323677,24.0,soc_rate,0.25
mortality,PLT,StandardOfCare,13484,140,0.0103826757638682,2.171986406816389e-118,92.61826016705196,74.51151823480495,33.8194695140691,8.656677910752476,24.0,sensitivity,0.25
mortality,PLT,StandardOfCare,13484,140,0.0103826757638682,2.171986406816389e-118,92.61826016705196,74.51151823480495,33.8194695140691,8.656677910752476,24.0,soc_rate,0.25
mortality,PLT,PopRI,9150,805,0.0879781420765027,5.945628088347974e-13,8.285633183101767,7.733763877070317,6.455192940319053,2.096870604685001,72.0,sensitivity,0.25
mortality,PLT,PopRI,9150,189,0.020655737704918,0.0670426589666187,0.0,8.801331846645446,3.654983734052551,1.5922735715891614,72.0,soc_rate,0.25
mortality,PLT,PerRI,9150,3296,0.3602185792349727,0.6839972259686284,0.543869143417732,0.9728257756485852,0.5798960814083676,1.2320918993053058,72.0,sensitivity,0.25
mortality,PLT,PerRI,9150,188,0.0205464480874316,0.0835642165797272,0.0,0.0,1.2684105766443032,2.906647407799401,72.0,soc_rate,0.25
mortality,PLT,Cohen_m2,9150,2650,0.2896174863387978,0.096684717419609,0.3271133301350613,0.3504330452636839,0.6012065228221428,0.7406512313335045,72.0,sensitivity,0.25
mortality,PLT,Cohen_m2,9150,189,0.020655737704918,0.7705652939571622,0.0,3.037569053752444,1.1570180542375117,0.761278355667874,72.0,soc_rate,0.25
mortality,PLT,Cohen_m3,9150,1770,0.1934426229508196,0.0121530864351333,0.48235498934313,1.2530442080825233,1.3412220938751256,1.2330964869201166,72.0,sensitivity,0.25
mortality,PLT,Cohen_m3,9150,189,0.020655737704918,0.5529134076402807,0.0,3.073072399010328,0.7243158184200305,0.783762993228985,72.0,soc_rate,0.25
mortality,PLT,Cohen_m4,9150,986,0.10775956284153,3.429199529265618e-07,0.0,2.1145432954765693,2.4654395030775498,1.4037537557643376,72.0,sensitivity,0.25
mortality,PLT,Cohen_m4,9150,189,0.020655737704918,2.8101394017873094e-07,0.0,1.5150733940104584,2.5383653092488734,1.7029981974873454,72.0,soc_rate,0.25
mortality,PLT,Gaussian_mle,9150,3225,0.3524590163934426,0.404122105874349,0.2112256353757383,0.5272481126445357,0.6577877946493582,1.176353140967218,72.0,sensitivity,0.25
mortality,PLT,Gaussian_mle,9150,187,0.0204371584699453,0.6075297557359534,0.0,2.0154430480500096,0.4902369437904336,0.0890646223338173,72.0,soc_rate,0.25
mortality,PLT,Gaussian_trunc,9150,3339,0.3649180327868852,0.2694702831936141,0.4545605392442626,0.5400507702038427,0.7393422827414154,0.8966310524802235,72.0,sensitivity,0.25
mortality,PLT,Gaussian_trunc,9150,187,0.0204371584699453,0.9749863629595124,0.0,0.0,1.814540686433017,0.3235807394376604,72.0,soc_rate,0.25
mortality,PLT,Gaussian_eb,9150,3100,0.3387978142076502,0.6870274386058571,0.2242470526742188,0.563214614307139,0.7145261394938723,1.1535712129028644,72.0,sensitivity,0.25
mortality,PLT,Gaussian_eb,9150,187,0.0204371584699453,0.3799121626612486,0.0,0.0,0.0,0.2200762828254271,72.0,soc_rate,0.25
mortality,PLT,NORMA_q_age,13484,2577,0.1911153960249184,0.0047307076080909,1.998783734326006,1.4068557176807173,1.2215596246450329,1.469145912446415,24.0,sensitivity,0.25
mortality,PLT,NORMA_q_age_set,13484,140,0.0103826757638682,0.3453420274406498,11.450099534259678,7.323801244499021,1.9216954290277064,1.7928025855245473,24.0,soc_rate,0.25
mortality,PLT,Gaussian_eb,15112,4777,0.3161064055055585,0.8595296572332213,2.220682679397803,1.7180492774403513,1.0684693143590178,1.0057741207811468,0.0,sensitivity,0.25
mortality,PLT,NORMA_q_age_set,15112,2670,0.1766807834833245,4.703080751238112e-05,5.755496526234095,2.790494708550092,1.9991902984761636,1.4354664866069369,0.0,sensitivity,0.25
mortality,TBIL,PerRI,3093,520,0.1681215648237956,0.004698297659522,0.950512178102258,1.972784631547875,1.9057853392431523,1.753433955575605,168.0,sensitivity,0.25
mortality,PLT,Cohen_m3,13484,140,0.0103826757638682,0.3148926988667452,0.0,0.0,0.0,0.0,24.0,soc_rate,0.25
mortality,PLT,NORMA_334f7e21,15112,2479,0.1640418210693488,1.2555010903182904e-05,6.317069347290352,2.483183570263058,2.126416701539792,1.5986576971898383,0.0,sensitivity,0.25
mortality,PLT,NORMA_q_age,15112,2499,0.1653652726310217,6.473024074829346e-05,4.906567495317455,2.468580479802148,1.673974906306614,1.7447534660308954,0.0,sensitivity,0.25
mortality,PLT,NORMA_q_age_set_co,15112,2207,0.1460428798305982,4.06526492798538e-06,4.475834128700279,3.3615687994913457,2.6711064666428013,1.7256686210422056,0.0,sensitivity,0.25
mortality,PLT,PopRI,13484,1380,0.1023435182438445,2.6059361984859185e-12,2.5405774975581146,2.81412195925106,5.743286314312323,2.5219482472079475,24.0,sensitivity,0.25
mortality,PLT,PopRI,13484,140,0.0103826757638682,0.792034380482904,0.0,0.0,4.138471448729051,0.5566168220224721,24.0,soc_rate,0.25
mortality,PLT,PerRI,13484,4387,0.325348561257787,0.4228781566595816,2.5033756314313163,0.8285077876815518,1.1128780544079675,1.2604795772292208,24.0,sensitivity,0.25
mortality,PLT,PerRI,13484,140,0.0103826757638682,0.0128090247796193,11.372391857261286,4.1670924726416265,4.335401591547236,2.074815639972325,24.0,soc_rate,0.25
mortality,PLT,Cohen_m2,13484,3417,0.2534114506081281,0.1087718530999576,0.7971004426641292,0.6980070598681598,0.4945236250069255,0.8465353430460584,24.0,sensitivity,0.25
mortality,PLT,NORMA_q_age_set,9150,189,0.020655737704918,0.3887197784240175,5.46371158526467,1.2052701370899612,0.2958593341065227,3.858372875601524,72.0,soc_rate,0.25
mortality,NA,Cohen_m4,5842,654,0.1119479630263608,3.6588254204471316e-10,7.299168193796267,2.489722154459201,3.506558967812805,1.9811378045739552,168.0,sensitivity,0.25
mortality,PLT,Cohen_m2,13484,140,0.0103826757638682,0.7730614538870281,0.0,0.0,0.905019265513192,1.323707094429762,24.0,soc_rate,0.25
mortality,PLT,NORMA_q_age_set_co,13484,2287,0.1696084247997626,0.000410711185927,1.7833912299191843,2.574560980416366,1.8596517927596163,1.4078283136523613,24.0,sensitivity,0.25
mortality,PLT,Cohen_m4,13484,140,0.0103826757638682,0.0139642637739195,0.0,0.0,1.001854830741487,1.2232693099197758,24.0,soc_rate,0.25
mortality,PLT,Gaussian_mle,13484,4509,0.3343963215663008,0.4649532988338499,1.5576533358385192,0.8085298268300485,0.7134380046966121,1.261659141309969,24.0,sensitivity,0.25
mortality,PLT,Gaussian_mle,13484,138,0.0102343518243844,0.4317299916772112,0.0,0.0,0.0,0.0,24.0,soc_rate,0.25
mortality,PLT,Gaussian_trunc,13484,4244,0.314743399584693,0.7891235009769288,1.7681908339257784,1.1599734304847438,1.2927740741605045,0.7763431019819497,24.0,sensitivity,0.25
mortality,PLT,Gaussian_trunc,13484,138,0.0102343518243844,0.239452445870434,0.0,0.0,0.0,0.0,24.0,soc_rate,0.25
mortality,PLT,Gaussian_eb,13484,4347,0.3223820824681103,0.6416373500512667,2.125110003761564,0.9656094990962368,0.989263613429449,1.2049455696867146,24.0,sensitivity,0.25
mortality,PLT,Gaussian_eb,13484,138,0.0102343518243844,0.6910574176555497,0.0,0.0,0.0,0.4723268923365093,24.0,soc_rate,0.25
mortality,PLT,NORMA_q_age_set,13484,2667,0.1977899733016909,0.0036635935473048,1.9105097571304588,2.065377746485145,1.5840746540251356,1.4012823582246403,24.0,sensitivity,0.25
mortality,PLT,Cohen_m3,13484,2162,0.1603381785820231,0.0525052664103048,1.9041302736649488,1.404461618002886,1.5917255976236813,1.3876718595949562,24.0,sensitivity,0.25
mortality,PLT,Cohen_m4,13484,1326,0.098338771877781,9.217936170252517e-09,2.58442797130446,1.1223649112811411,3.450616998783221,1.937783079499944,24.0,sensitivity,0.25
mortality,TBIL,PerRI,3093,138,0.0446168768186227,0.0486988457144537,0.0,2.4020524108023418,1.5920810527775755,2.027704516205185,168.0,soc_rate,0.25
mortality,TBIL,Cohen_m2,3093,715,0.231167151632719,0.0958780915760764,0.7746107530364343,0.8158523346061538,1.0104250559877634,1.1880299813271755,168.0,sensitivity,0.25
mortality,WBC,Cohen_m2,12636,3285,0.25997150997151,0.1588140196657813,2.1549545261130043,0.8914354729855787,0.6926741242944761,0.7997462115023112,24.0,sensitivity,0.25
mortality,WBC,PerRI,12636,3596,0.2845837290281734,0.4233873088958383,0.9119720807286912,0.8778297988855858,0.98261147762004,0.6773292925417381,24.0,sensitivity,0.25
mortality,WBC,Cohen_m3,12636,2935,0.23227287116176,0.8291050141197117,1.4542615657682942,1.1055459271246648,0.8940856704902458,0.9524791793103776,24.0,sensitivity,0.25
mortality,WBC,Cohen_m3,12636,380,0.0300728078505856,0.0095869754093471,3.101698080304303,2.934998281946825,1.876108427630529,2.2382638699721147,24.0,soc_rate,0.25
mortality,WBC,Cohen_m4,12636,2916,0.2307692307692307,0.4016903638293846,1.4119543266673735,1.1755511399689935,1.1697216102760888,0.9518892815206748,24.0,sensitivity,0.25
mortality,WBC,Cohen_m4,12636,380,0.0300728078505856,0.0264182031189896,2.920731783652408,2.447083912896335,2.7425948777542746,1.324011991185696,24.0,soc_rate,0.25
mortality,WBC,Gaussian_mle,12636,2889,0.2286324786324786,0.3761820686656087,1.829795148885363,1.1202715656504347,1.3501535461051566,1.0889437019531798,24.0,sensitivity,0.25
mortality,WBC,Gaussian_mle,12636,376,0.0297562519784742,0.9881016879531068,1.409169255574127,0.4013998690813068,1.4316402793255365,0.7858053550481197,24.0,soc_rate,0.25
mortality,WBC,Gaussian_trunc,12636,3271,0.2588635644191199,0.0344262025120964,1.228816174890464,1.082397620076607,1.0103614117569704,1.5160352909708548,24.0,sensitivity,0.25
mortality,WBC,Gaussian_trunc,12636,376,0.0297562519784742,0.2597010278603945,0.0,0.0,0.0,0.6566331692714052,24.0,soc_rate,0.25
mortality,WBC,Gaussian_eb,12636,2614,0.2068692624248179,0.0501934195293669,1.7702022883504782,1.3868965195139809,1.4402207250813046,1.4126253419849188,24.0,sensitivity,0.25
mortality,WBC,Gaussian_eb,12636,376,0.0297562519784742,0.2237728825730938,0.0,0.0,0.0,0.6559943244297795,24.0,soc_rate,0.25
mortality,WBC,NORMA_q_age_set,12636,2464,0.1949984172206394,0.0580539055087486,2.2891118080006976,1.4533428967390392,1.6408483779607534,1.368899803981639,24.0,sensitivity,0.25
mortality,WBC,NORMA_q_age_set,12636,380,0.0300728078505856,0.0199979939148579,1.4047618000680095,1.44643329823884,2.305412570535533,2.419147652619156,24.0,soc_rate,0.25
mortality,WBC,NORMA_334f7e21,12636,2451,0.1939696106362773,0.0715191020496858,1.9053684511371896,1.4283277685856095,1.6604832675230228,1.4212476287505298,24.0,sensitivity,0.25
mortality,WBC,NORMA_334f7e21,12636,380,0.0300728078505856,0.0033605148520949,1.4650464913732302,1.4415550073152672,2.2977134190970654,2.7451030854258605,24.0,soc_rate,0.25
mortality,WBC,NORMA_q_age,12636,2449,0.1938113327002215,0.1622796376005408,2.750187907133625,1.4331533812952355,1.6680816780914167,1.2725141773462525,24.0,sensitivity,0.25
mortality,WBC,NORMA_q_age,12636,380,0.0300728078505856,0.0898204341371494,0.0,0.4568289993332689,1.0999117680027055,1.935309629381152,24.0,soc_rate,0.25
mortality,WBC,NORMA_q_age_set_co,12636,1883,0.1490186767964545,0.0028742185316536,3.1408495775547447,1.6154074820050095,2.5471896701957686,1.2663764664743202,24.0,sensitivity,0.25
mortality,WBC,NORMA_q_age_set_co,12636,380,0.0300728078505856,0.4596896829862463,1.3966450431543591,2.0253563333289244,0.64070033619866,1.3568217745365088,24.0,soc_rate,0.25
mortality,WBC,StandardOfCare,12636,380,0.0300728078505856,2.12202744994077e-28,14.251847387020716,15.009294452495686,7.747941628155572,3.2949439871695496,24.0,sensitivity,0.25
mortality,WBC,PerRI,12636,380,0.0300728078505856,0.178110657521548,0.0,0.0,0.9976312826978184,1.0313035125673045,24.0,soc_rate,0.25
mortality,WBC,PopRI,12636,2199,0.1740265906932573,0.0723886245294947,0.4313815027704957,1.2581679367654637,1.4137851653282585,1.4359745576153589,24.0,sensitivity,0.25
mortality,WBC,StandardOfCare,12636,380,0.0300728078505856,2.12202744994077e-28,14.251847387020716,15.009294452495686,7.747941628155572,3.2949439871695496,24.0,soc_rate,0.25
mortality,TP,NORMA_q_age_set,2546,338,0.1327572663000785,0.4779963365359131,0.8951725592416685,0.9253106101209694,0.9698950877676342,0.903604637628137,168.0,soc_rate,0.25
mortality,WBC,PopRI,8378,895,0.1068274051086178,0.4201705406884982,1.268401674790951,0.8986903919285145,0.765634244312413,0.9135677041711912,72.0,soc_rate,0.25
mortality,TP,NORMA_334f7e21,2546,338,0.1327572663000785,0.9556511816490812,0.8945202556846659,1.2539174050187016,0.8315046308578008,0.8501786911206558,168.0,soc_rate,0.25
mortality,TP,NORMA_q_age,2546,588,0.2309505106048703,0.99301352447764,2.0727227545449347,1.2756944701352215,1.1562600959332143,0.9400017267627244,168.0,sensitivity,0.25
mortality,TP,NORMA_q_age,2546,338,0.1327572663000785,0.5746791766048167,0.9015768709269518,0.928822256284702,0.9455455391780168,0.8223708826149428,168.0,soc_rate,0.25
mortality,TP,NORMA_q_age_set_co,2546,464,0.1822466614296936,0.2148813231170513,2.7862548713851885,1.7051038473495486,1.6980003048428682,1.2857089267520403,168.0,sensitivity,0.25
mortality,TP,NORMA_q_age_set_co,2546,338,0.1327572663000785,0.7261951183457158,2.3050278406863502,1.6588364921988323,1.379550081933537,0.9166393109812268,168.0,soc_rate,0.25
mortality,TP,StandardOfCare,2546,338,0.1327572663000785,2.3728076458246825e-13,20.40567180366277,3.9042843066892607,7.3116504734525725,2.902332708328896,168.0,sensitivity,0.25
mortality,TP,StandardOfCare,2546,338,0.1327572663000785,2.3728076458246825e-13,20.40567180366277,3.9042843066892607,7.3116504734525725,2.902332708328896,168.0,soc_rate,0.25
mortality,WBC,PopRI,14418,2740,0.190040227493411,0.2098002833584721,0.322896049533646,0.7358149061924523,0.960580650200912,1.3708661488677645,0.0,sensitivity,0.25
mortality,WBC,PerRI,14418,3149,0.2184075461229019,0.102390659537094,0.937373956711922,1.087468396081397,1.1304137157607892,1.414774667385002,0.0,sensitivity,0.25
mortality,WBC,Cohen_m2,14418,3386,0.2348453322236093,0.5018724520160042,1.7288964063890666,1.3832929504023368,0.9215238868842812,0.8147378047064887,0.0,sensitivity,0.25
mortality,WBC,Cohen_m4,14418,3271,0.2268691912886669,0.3577578530275507,2.088092793823473,1.4255367577454745,1.402392990281894,0.9616083129324532,0.0,sensitivity,0.25
mortality,TP,Gaussian_eb,2546,680,0.2670856245090338,0.6959021620813732,0.9422056508659832,1.1150282028283736,0.4924696680848728,0.875969048996481,168.0,sensitivity,0.25
mortality,WBC,Gaussian_mle,14418,3658,0.2537106394784297,0.7867482490263477,1.0935527785298047,1.2520928692550826,0.7861334539377537,0.8866034805601083,0.0,sensitivity,0.25
mortality,WBC,Gaussian_trunc,14418,3731,0.2587737550284367,0.1802975714673986,0.90853978434549,1.0721827804432456,0.942863978214758,1.4808634123677145,0.0,sensitivity,0.25
mortality,WBC,Gaussian_eb,14418,3097,0.2148009432653627,0.1930260686907322,0.9645382332573444,1.2638219983301504,1.1082216196956234,1.289768623221763,0.0,sensitivity,0.25
mortality,WBC,NORMA_q_age_set,14418,2816,0.195311416285199,0.1657572504125111,1.0535587909929822,1.092519456368919,1.3588822422128313,1.3663504446550765,0.0,sensitivity,0.25
mortality,WBC,NORMA_334f7e21,14418,2805,0.194548481065335,0.1800019700232009,1.0583134938054315,1.0955470830841891,1.5810547772280148,1.354980312534346,0.0,sensitivity,0.25
mortality,WBC,NORMA_q_age,14418,2792,0.1936468303509502,0.1650147733741662,0.6556843708380514,1.0210770771933018,1.5747867540276272,1.4314045856694992,0.0,sensitivity,0.25
mortality,WBC,NORMA_q_age_set_co,14418,2119,0.1469690664447218,0.0050759210124155,1.1846805373593263,1.349357655156033,2.254625605098654,1.272355544163569,0.0,sensitivity,0.25
mortality,WBC,PopRI,12636,380,0.0300728078505856,0.1878625200436258,0.0,0.9566898306142458,1.2703882012819752,0.4780478895235945,24.0,soc_rate,0.25
mortality,WBC,PopRI,8378,1344,0.1604201480066841,0.0190014951749065,1.7220630777971773,1.6185724647400968,1.6191351411868211,1.3662998128922212,72.0,sensitivity,0.25
mortality,TP,NORMA_334f7e21,2546,540,0.2120974076983503,0.5040108616837617,1.300866148590307,0.71208083037259,1.1442863589261445,1.15629943891996,168.0,sensitivity,0.25
mortality,WBC,PerRI,8378,2363,0.2820482215325853,0.6608337542884909,0.7444950959862539,0.9668451366701608,0.9887108674629052,1.06238854222812,72.0,sensitivity,0.25
mortality,WBC,PerRI,3377,627,0.1856677524429967,0.657054801148772,1.326326001493435,0.8737933060604325,0.7182680865355773,1.2599572159569987,168.0,soc_rate,0.25
mortality,WBC,Cohen_m2,3377,815,0.2413384660941664,0.236053031010364,0.2222580907288206,0.8858778914544725,1.0453080426795354,0.755321354573906,168.0,sensitivity,0.25
mortality,WBC,Cohen_m3,3377,789,0.2336393248445365,0.9014629466317337,0.849041244647104,0.9433184690932724,1.3242935898006003,0.8383811699398298,168.0,sensitivity,0.25
mortality,WBC,Cohen_m3,3377,627,0.1856677524429967,0.8797289076243014,0.3477393755252425,1.0009395496826845,1.168758894058982,0.8403294422704969,168.0,soc_rate,0.25
mortality,WBC,Cohen_m4,3377,792,0.2345276872964169,0.9964859003465096,0.8444897490972318,1.2633546374431135,1.39310724510671,0.7417288167354282,168.0,sensitivity,0.25
mortality,WBC,Cohen_m4,3377,627,0.1856677524429967,0.2867107413137642,0.7136847209218798,1.9344663686216368,1.6727831449870925,0.8721110402240642,168.0,soc_rate,0.25
mortality,WBC,Gaussian_mle,3377,684,0.2025466390287237,0.198407899281439,2.839121190265321,2.523640315617273,1.5884460396010336,1.1271614962901613,168.0,sensitivity,0.25
mortality,WBC,Gaussian_mle,3377,623,0.1844832691738229,0.2429817343044238,1.7943200171569362,2.479773290339553,1.3742128103683164,1.1130282341522597,168.0,soc_rate,0.25
mortality,WBC,Gaussian_trunc,3377,858,0.254071661237785,0.2777707641445808,1.2006082111912495,1.1668568809543365,1.150124194994067,1.632298131148918,168.0,sensitivity,0.25
mortality,WBC,Gaussian_trunc,3377,623,0.1844832691738229,0.1047494011576166,0.7882094443004989,1.431714320604392,1.1056981664625378,1.739295651677336,168.0,soc_rate,0.25
mortality,WBC,Gaussian_eb,3377,689,0.204027243115191,0.1274802413847011,2.1431907179571805,2.36335826575798,1.498549631832268,1.1813642487724991,168.0,sensitivity,0.25
mortality,WBC,Gaussian_eb,3377,623,0.1844832691738229,0.2733130264567981,1.7886166058782946,2.458705838103436,1.1985845680081764,1.0316582481638528,168.0,soc_rate,0.25
mortality,WBC,NORMA_q_age_set,3377,695,0.2058039680189517,0.4428147462246572,3.0782150412624705,1.635143118282248,1.2123623678356743,1.3288621922451145,168.0,sensitivity,0.25
mortality,WBC,NORMA_q_age_set,3377,627,0.1856677524429967,0.412056621179457,3.490042876541728,1.4033506790557888,1.041346009478399,1.320797488556939,168.0,soc_rate,0.25
mortality,WBC,NORMA_334f7e21,3377,668,0.1978087059520284,0.3539568985548954,1.6101149447725762,1.8901229118660643,1.327985780595586,1.48006674704169,168.0,sensitivity,0.25
mortality,WBC,NORMA_334f7e21,3377,627,0.1856677524429967,0.4885987493524095,2.509701403210544,1.6231817287266483,0.9851530572672642,1.46104460883907,168.0,soc_rate,0.25
mortality,WBC,NORMA_q_age,3377,714,0.2114302635475274,0.8453751322763022,2.1314412249107937,1.3463730677552173,0.92332670290306,1.2069556629681064,168.0,sensitivity,0.25
mortality,WBC,NORMA_q_age_set_co,3377,596,0.1764880071068996,0.6623375204134223,1.9300551007724691,1.1777469920691743,1.2500847047269934,1.107639079235302,168.0,sensitivity,0.25
mortality,WBC,NORMA_q_age_set_co,3377,627,0.1856677524429967,0.7459214235963891,1.8078113357602543,0.9580499524849336,0.8686234833213315,1.0347387558545975,168.0,soc_rate,0.25
mortality,WBC,PerRI,3377,948,0.280722534794196,0.9178627720921434,1.5018241019596676,0.9077997075680296,0.6542728025703496,1.154193448473269,168.0,sensitivity,0.25
mortality,WBC,PopRI,3377,627,0.1856677524429967,0.1969223233217011,1.1947144810615828,1.0820842569583622,1.0478496059634443,1.3415821566824349,168.0,soc_rate,0.25
mortality,WBC,PopRI,3377,554,0.1640509327805744,0.1217037125993953,1.3865453880652214,1.1176481527462023,1.1554610890162416,1.4905040955666151,168.0,sensitivity,0.25
mortality,GLU,PopRI,8058,2316,0.2874162323157111,0.4482474531403608,0.5535093461270383,0.8139977037125674,0.8367357940138953,1.0782014365266022,0.0,sensitivity,0.25
mortality,WBC,StandardOfCare,8378,895,0.1068274051086178,2.163017719025942e-31,5.62259451998382,5.130519492041829,6.236203046835434,3.269757454691756,72.0,soc_rate,0.25
mortality,WBC,Cohen_m2,3377,627,0.1856677524429967,0.0600933922016632,0.0,0.7977617420005992,0.9838908047100864,0.6559670247666722,168.0,soc_rate,0.25
mortality,WBC,PerRI,8378,895,0.1068274051086178,0.0663011130365186,0.9928784689136732,0.7148321100700828,0.7235801702018962,1.5856984361649566,72.0,soc_rate,0.25
mortality,WBC,Cohen_m2,8378,895,0.1068274051086178,0.0235130151469661,0.4624419950160798,0.5163033660155141,0.5093297229341271,0.7649671042377569,72.0,soc_rate,0.25
mortality,WBC,Cohen_m2,8378,2186,0.260921460969205,0.086528053872142,0.3331200261071192,1.1479210252664511,0.8035047039656311,0.7378547254534754,72.0,sensitivity,0.25
mortality,WBC,Cohen_m3,8378,2049,0.2445691095726903,0.6201935331664425,0.3633554240091997,1.1103493919397387,0.9317068139811852,0.9715494561123602,72.0,sensitivity,0.25
mortality,WBC,Cohen_m3,8378,895,0.1068274051086178,0.8287975934548996,0.4650598725417016,1.4184140730722978,1.2682100416993105,0.9764619504186526,72.0,soc_rate,0.25
mortality,WBC,Cohen_m4,8378,1932,0.2306039627596085,0.3743011849774567,1.0389081833246216,1.690646404080646,1.4529957153436346,0.8927521004820188,72.0,sensitivity,0.25
mortality,WBC,Cohen_m4,8378,895,0.1068274051086178,0.7746569516631501,1.1124443764217298,1.7427439541336576,1.6600441104136108,0.7649359693826477,72.0,soc_rate,0.25
mortality,WBC,Gaussian_mle,8378,1933,0.2307233229887801,0.2350274557521892,1.4607019229876923,1.2151742904489804,1.331074672701996,1.2092554350444038,72.0,sensitivity,0.25
mortality,WBC,Gaussian_mle,8378,887,0.1058725232752446,0.9293033122808372,1.1544081499764347,1.1765954763526882,0.923652876449814,1.3079489508418396,72.0,soc_rate,0.25
mortality,WBC,Gaussian_trunc,8378,2144,0.2559083313439961,0.0686416641985809,0.9151357618782616,1.3059146863845648,1.200948714491438,1.4028056742679893,72.0,sensitivity,0.25
mortality,TP,NORMA_q_age_set,2546,516,0.2026708562450903,0.7587646071581358,0.5392024093490775,0.5455167653530272,1.0777586076211658,0.9767105728906084,168.0,sensitivity,0.25
mortality,WBC,Gaussian_trunc,8378,887,0.1058725232752446,0.2319495147385725,0.0,0.6792352904533634,1.0457275108587458,1.5681882389803783,72.0,soc_rate,0.25
mortality,WBC,Cohen_m3,14418,2913,0.2020391177694548,0.3825641889515161,2.0870040448993032,1.8442847925829344,1.2779971890302353,1.0744367484513306,0.0,sensitivity,0.25
mortality,WBC,Gaussian_eb,8378,887,0.1058725232752446,0.4849391825590349,0.4708748401275424,1.201734820007166,1.4007518002699957,1.2449344457334577,72.0,soc_rate,0.25
mortality,WBC,NORMA_q_age_set,8378,895,0.1068274051086178,0.0972420717685897,1.090516822763927,1.0276518686587135,1.611269825475842,1.3014177912627785,72.0,soc_rate,0.25
mortality,WBC,NORMA_334f7e21,8378,1570,0.1873955597994748,0.0318393273280551,2.3601554613720923,1.5073854312287007,1.9793088979389293,1.631948320784164,72.0,sensitivity,0.25
mortality,WBC,NORMA_334f7e21,8378,895,0.1068274051086178,0.2736296716893787,0.4637618844605863,1.0309359761074106,1.3618324670254358,1.4085945663891517,72.0,soc_rate,0.25
mortality,WBC,NORMA_q_age,8378,1618,0.1931248507997135,0.165827562054223,1.2771067326017316,1.0884456763661092,1.5226350126285937,1.4868918287544928,72.0,sensitivity,0.25
mortality,WBC,NORMA_q_age,8378,895,0.1068274051086178,0.2763778851304788,1.8393969525712892,0.986806847837166,1.4284777890920304,1.5521993056597825,72.0,soc_rate,0.25
mortality,WBC,NORMA_q_age_set_co,8378,1265,0.1509906899021246,0.0326527954993179,1.700015679439192,2.1082807523529814,2.0412787282663376,1.263063557548588,72.0,sensitivity,0.25
mortality,WBC,NORMA_q_age_set_co,8378,895,0.1068274051086178,0.8575886973640768,1.0986526911197774,1.7557825352713718,1.4252119991154055,1.1047825594123184,72.0,soc_rate,0.25
mortality,WBC,StandardOfCare,8378,895,0.1068274051086178,2.163017719025942e-31,5.62259451998382,5.130519492041829,6.236203046835434,3.269757454691756,72.0,sensitivity,0.25
mortality,WBC,Gaussian_eb,8378,1827,0.2180711386965863,0.1595746656136089,1.103567313157083,1.3001337774807178,1.9240092751678164,1.24412365165181,72.0,sensitivity,0.25
mortality,TP,Gaussian_eb,2546,336,0.1319717203456402,0.9195342475362116,2.29729949545568,1.8110146565507923,0.6405437285143368,0.5988370295159414,168.0,soc_rate,0.25
mortality,WBC,NORMA_q_age_set,8378,1746,0.2084029601336834,0.19997414123239,1.5292159529304872,1.0840060774332714,1.5237681677996662,1.3553475559963442,72.0,sensitivity,0.25
mortality,WBC,Cohen_m2,12636,380,0.0300728078505856,0.1540813840249202,4.587318736935337,2.211521914170991,0.9861785331181264,0.2264239190492986,24.0,soc_rate,0.25
mortality,TP,Gaussian_trunc,2546,336,0.1319717203456402,0.1650060858457077,6.46952201796915,1.837302169434773,1.2239787795914243,0.9623678254052874,168.0,soc_rate,0.25
mortality,TP,Gaussian_trunc,8854,1266,0.1429862209170996,0.0004525364583153,0.9447654979988578,2.077654592406544,1.9251276221454017,1.3756669279001026,0.0,sensitivity,0.25
mortality,TP,Cohen_m2,8854,2318,0.2618025751072961,0.1447050740314816,0.6740286733652155,1.125588546607525,1.0609021301188526,0.5444392401926164,0.0,sensitivity,0.25
mortality,TP,Gaussian_eb,8854,1844,0.2082674497402304,0.1457119545268232,1.7992663551946495,1.5841331232876132,1.8830380312457229,0.885080161948347,0.0,sensitivity,0.25
mortality,TP,NORMA_q_age_set,8854,2039,0.2302913937203523,0.9228608471604332,1.2545914127410474,0.9828225551645694,1.053392356513583,0.9734070097187368,0.0,sensitivity,0.25
mortality,TP,NORMA_334f7e21,8854,2051,0.2316467133498983,0.6605282737381688,1.6268239743671964,0.7699153571816473,0.7005349005460462,0.9644517105651031,0.0,sensitivity,0.25
mortality,TP,NORMA_q_age,8854,2088,0.2358256155409984,0.8518865725201479,2.105267181117889,1.0144947992602564,0.8383641117398388,0.7113975079037412,0.0,sensitivity,0.25
mortality,TP,NORMA_q_age_set_co,8854,1653,0.186695278969957,0.2304312598951272,3.925300295429517,2.0260018366199226,1.6385874865246464,0.8978934672745895,0.0,sensitivity,0.25
mortality,TP,PopRI,7750,1194,0.1540645161290322,6.040076677795586e-08,1.6585011093153563,2.611871346726546,3.5474349153446902,2.41886704186917,24.0,sensitivity,0.25
mortality,TP,PopRI,7750,241,0.0310967741935483,0.0110371005716566,0.0,1.1643720273063105,2.051089702732662,2.138055655834062,24.0,soc_rate,0.25
mortality,TP,PerRI,7750,1830,0.2361290322580645,0.1932728171636079,1.4120485632431368,1.88538772319078,1.1297176504777806,0.9860666761386676,24.0,sensitivity,0.25
mortality,TP,PerRI,7750,241,0.0310967741935483,0.4686418085650167,2.357566324134288,4.96799071443175,1.457689438778782,0.1829302228097161,24.0,soc_rate,0.25
mortality,TP,Cohen_m2,7750,1900,0.2451612903225806,0.2054225141866039,1.9175673864895049,1.2377004602816457,0.814051582839788,0.6167692025133688,24.0,sensitivity,0.25
mortality,TP,Cohen_m2,7750,241,0.0310967741935483,0.2807458172986444,2.34548735730135,3.222329678344886,0.9579961802314824,0.4783095916908136,24.0,soc_rate,0.25
mortality,TP,Cohen_m3,7750,1684,0.2172903225806451,0.5086733215270218,0.5855612682103648,0.8716350270468132,0.9129161594771108,0.8958380311933858,24.0,sensitivity,0.25
mortality,TP,Cohen_m3,7750,241,0.0310967741935483,0.5690959835365595,2.3444967629200524,2.010327127319995,0.614775323879421,0.4463205297643406,24.0,soc_rate,0.25
mortality,TP,Cohen_m4,7750,1558,0.2010322580645161,0.7492508631271282,1.198021149363036,1.223905657577435,1.289384531745683,0.6704481649936488,24.0,sensitivity,0.25
mortality,TP,Cohen_m4,7750,241,0.0310967741935483,0.6781801164141159,2.345425897065197,3.240396309756453,0.9615343662117782,0.6892216820677707,24.0,soc_rate,0.25
mortality,TP,Gaussian_mle,7750,1879,0.2424516129032258,0.6120138603955816,0.9036979793229972,0.9608392679633492,0.6298197326346759,0.7848312507364228,24.0,sensitivity,0.25
mortality,TP,Gaussian_mle,7750,239,0.0308387096774193,0.1694877903922565,0.0,1.2419481290601109,1.0771993446083497,1.3043095740676542,24.0,soc_rate,0.25
mortality,TP,Gaussian_trunc,7750,926,0.1194838709677419,1.717798319484186e-05,3.1537951682210226,1.9594578659174688,3.1323605867773123,1.590129841645375,24.0,sensitivity,0.25
mortality,TP,Gaussian_trunc,7750,239,0.0308387096774193,0.2849413796007146,2.758121525569956,0.9944395796935004,1.5248572580358155,1.4570214189902728,24.0,soc_rate,0.25
mortality,TP,Cohen_m4,8854,1916,0.2163993675175062,0.8098292324506713,0.8654281206752894,0.903865128209688,1.1667224412426307,0.7742218226285636,0.0,sensitivity,0.25
mortality,TP,PerRI,8854,2126,0.2401174610345606,0.1358552704306272,2.074646778303532,1.736780425182798,1.3895417906278216,0.9812455277053188,0.0,sensitivity,0.25
mortality,TBIL,Cohen_m2,3093,139,0.0449401875202069,0.454654385098325,4.909713475616794,2.120329304099064,0.9924487887353932,1.1647451070460748,168.0,soc_rate,0.25
mortality,TBIL,Cohen_m3,3093,720,0.2327837051406401,0.8300977709685763,1.7428085728497589,0.2955070277461765,0.8028270968185065,0.8221632830269254,168.0,sensitivity,0.25
mortality,NA,Cohen_m4,16078,1349,0.083903470580918,5.000721100098553e-18,1.7861692260415325,3.621165040092809,3.2985719455407287,1.9592638258777408,72.0,sensitivity,0.25
mortality,TBIL,NORMA_q_age_set,3093,139,0.0449401875202069,0.4405713747909056,0.0,0.9799558108572516,0.728639803812652,1.2718037165681286,168.0,soc_rate,0.25
mortality,TBIL,Cohen_m3,3093,139,0.0449401875202069,0.5634647879096157,4.674002475461521,0.9545945378852236,0.6456936192762066,0.706226657096885,168.0,soc_rate,0.25
mortality,TBIL,Cohen_m4,3093,747,0.2415130940834141,0.5996168847693388,0.7174885766449013,0.9602122900551004,0.9445368727761074,1.1105449290369356,168.0,sensitivity,0.25
mortality,TBIL,Cohen_m4,3093,139,0.0449401875202069,0.2065587959820284,0.0,0.0,0.3669469589213078,0.4587844410726997,168.0,soc_rate,0.25
mortality,TBIL,Gaussian_mle,3093,763,0.2466860653087617,0.8446974534475502,1.4561303295543464,0.9171504080292936,0.5042886291692629,0.8836957050979016,168.0,sensitivity,0.25
mortality,TBIL,Gaussian_mle,3093,137,0.0442935661170384,0.9252893199741072,4.171683618355422,0.8770150730462045,0.2351896779109195,0.4323583727604622,168.0,soc_rate,0.25
mortality,TBIL,Gaussian_trunc,3093,861,0.2783705140640155,0.195865234797328,0.498653398584638,1.2968399829319273,0.8114583123951356,0.965593819456492,168.0,sensitivity,0.25
mortality,TBIL,Gaussian_trunc,3093,137,0.0442935661170384,0.2528575351493713,4.132693339494055,5.098247176745827,1.206623234620846,1.653382561476998,168.0,soc_rate,0.25
mortality,TBIL,Gaussian_eb,3093,552,0.1784675072744908,0.0214224135960055,0.8854474427253595,1.0015328647289774,0.915803585363002,1.533940024766448,168.0,sensitivity,0.25
mortality,TP,Gaussian_eb,7750,1451,0.1872258064516129,0.0179323933061272,1.883146755503448,2.155255962750816,2.0325761566412406,0.9908151126392776,24.0,sensitivity,0.25
mortality,TP,Cohen_m3,8854,1906,0.2152699344928845,0.3141686226112232,1.259848827126895,0.8473439691998972,1.0588022244920503,0.9671433124781414,0.0,sensitivity,0.25
mortality,TBIL,Gaussian_eb,3093,137,0.0442935661170384,0.2690254951415729,4.165418427256683,2.081334200809553,0.5361311990506853,0.5841872795531917,168.0,soc_rate,0.25
mortality,TP,Gaussian_mle,8854,2309,0.2607860853851366,0.0716686864289599,0.1947760151543373,0.7161141196597259,0.6103654030017135,1.0922728303282812,0.0,sensitivity,0.25
mortality,TBIL,NORMA_334f7e21,3093,139,0.0449401875202069,0.2967457916312791,0.0,0.972146660834274,1.3048951610722794,1.458481614342899,168.0,soc_rate,0.25
mortality,TBIL,NORMA_q_age,3093,507,0.1639185257032007,0.0043282421068609,1.0144124639658412,1.7755905224052646,2.6778088465962977,1.6588424885327722,168.0,sensitivity,0.25
mortality,TBIL,NORMA_q_age,3093,139,0.0449401875202069,0.1289634613638623,0.0,1.0064577872881924,1.3678468100754817,1.3776545521854973,168.0,soc_rate,0.25
mortality,TBIL,NORMA_q_age_set_co,3093,508,0.1642418364047849,0.01305639083449,1.0122259214850338,0.8240258479089128,2.524465170081461,1.5642316939418828,168.0,sensitivity,0.25
mortality,TBIL,NORMA_q_age_set_co,3093,139,0.0449401875202069,0.100808722917663,0.0,1.231496641870902,2.1018975112156144,1.1076229671885387,168.0,soc_rate,0.25
mortality,TBIL,StandardOfCare,3093,139,0.0449401875202069,7.439204635389035e-30,10.076296119731753,7.516552169306867,7.279518553425319,4.875175313270732,168.0,sensitivity,0.25
mortality,TBIL,StandardOfCare,3093,139,0.0449401875202069,7.439204635389035e-30,10.076296119731753,7.516552169306867,7.279518553425319,4.875175313270732,168.0,soc_rate,0.25
mortality,TP,PopRI,8854,1362,0.1538287779534673,0.0001749665234082,2.062006634934589,1.608897196133579,2.881424651617648,1.709010967438389,0.0,sensitivity,0.25
mortality,TBIL,NORMA_q_age_set,3093,469,0.1516327190430003,0.0015129786361868,1.1057770490941277,1.3539403680282731,2.020404887235985,1.693859746801528,168.0,sensitivity,0.25
mortality,TBIL,NORMA_334f7e21,3093,516,0.1668283220174587,0.0126327933895735,0.98780420598112,1.199114726518849,1.889506115413604,1.7698688804924478,168.0,sensitivity,0.25
mortality,NA,NORMA_q_age,16078,2755,0.1713521582286354,0.0003540689639455,1.333926638756893,1.1673010796840868,1.7917742656348292,1.593416162271314,72.0,sensitivity,0.25
mortality,TP,Gaussian_eb,7750,239,0.0308387096774193,0.4889641314283425,2.8270245511596834,2.108507970742658,2.05698874516038,0.6909361659894542,24.0,soc_rate,0.25
mortality,TP,NORMA_334f7e21,5314,1247,0.2346631539330071,0.9543321346762392,0.0,0.8791461939407708,0.688636774674978,0.989279449815223,72.0,sensitivity,0.25
mortality,TP,NORMA_q_age,5314,1185,0.2229958599924727,0.9303493577096646,0.6671869720678072,0.8054791392389151,1.03635043246654,0.7867341272842043,72.0,sensitivity,0.25
mortality,TP,NORMA_q_age,5314,594,0.1117802032367331,0.598011409734633,0.0,0.621652943868803,0.9209502274468028,0.7308676013568519,72.0,soc_rate,0.25
mortality,TP,NORMA_q_age_set_co,5314,1011,0.1902521640948438,0.4896924456718691,2.007308859786926,1.9874849557750984,1.508158272596382,0.9149478907107434,72.0,sensitivity,0.25
mortality,TP,NORMA_q_age_set_co,5314,594,0.1117802032367331,0.6793481930644947,1.521088203615123,1.4086032383377185,1.6474031890359342,0.6992713366724511,72.0,soc_rate,0.25
mortality,TP,StandardOfCare,5314,594,0.1117802032367331,3.1261954536125226e-30,,12.252861513404282,6.448700128924025,3.2945827744005696,72.0,sensitivity,0.25
mortality,TP,StandardOfCare,5314,594,0.1117802032367331,3.1261954536125226e-30,,12.252861513404282,6.448700128924025,3.2945827744005696,72.0,soc_rate,0.25
mortality,TP,PopRI,2546,408,0.1602513747054202,1.3286197053629896e-05,0.8645160837776827,1.1134078945778056,2.0146085760914425,2.230002988679512,168.0,sensitivity,0.25
mortality,TP,PopRI,2546,338,0.1327572663000785,5.592307517998811e-05,1.0849763794503366,1.4090749008434795,1.8953997234617777,2.5309129576653207,168.0,soc_rate,0.25
mortality,TP,PerRI,2546,708,0.2780832678711704,0.6187843648099005,0.8978488700671463,1.376343939096463,1.3630675675506885,0.6946717786760922,168.0,sensitivity,0.25
mortality,TP,PerRI,2546,338,0.1327572663000785,0.758388668256879,1.0246835250840245,0.9459929260715432,0.5739833577231354,0.6631470169050508,168.0,soc_rate,0.25
mortality,TP,Cohen_m2,2546,747,0.2934014139827179,0.0112725689928129,0.0,0.6068903349753105,0.2931638350171933,0.4703927819923589,168.0,sensitivity,0.25
mortality,TP,Cohen_m2,2546,338,0.1327572663000785,0.0762666236207193,0.0,0.8713904962105715,0.3261243607347691,0.346977647045026,168.0,soc_rate,0.25
mortality,TP,Cohen_m3,2546,587,0.2305577376276512,0.74765785067582,1.1780119963279665,1.0394739521941287,0.676550358252389,0.6577838732783526,168.0,sensitivity,0.25
mortality,TP,Cohen_m3,2546,338,0.1327572663000785,0.565499332504345,0.0,1.307414681455913,0.8123513202811813,0.3569601452529221,168.0,soc_rate,0.25
mortality,TP,Cohen_m4,2546,632,0.2482325216025137,0.848756121149427,1.0639314547476473,2.133826219592324,0.7358166859979,0.5495170848212614,168.0,sensitivity,0.25
mortality,TP,Cohen_m4,2546,338,0.1327572663000785,0.2702818074987289,2.2651357324891075,2.177310126558753,0.9640012134698076,0.3360973876766933,168.0,soc_rate,0.25
mortality,TP,Gaussian_mle,2546,587,0.2305577376276512,0.3765662187972624,0.5079796972558501,0.5958802950385478,0.4882896135262769,0.8748444695816611,168.0,sensitivity,0.25
mortality,TP,Gaussian_mle,2546,336,0.1319717203456402,0.3571522397419573,0.0,0.2574456502982931,0.4113872771963662,1.272420887745258,168.0,soc_rate,0.25
mortality,TP,Gaussian_trunc,2546,494,0.1940298507462686,0.0105484004467915,4.094883531526203,1.4751508978847212,1.3484980484705011,1.2520760606831731,168.0,sensitivity,0.25
mortality,TP,NORMA_q_age_set,5314,594,0.1117802032367331,0.8485482845029582,0.0,1.0578780093376652,1.0797206010420282,0.9174116007812508,72.0,soc_rate,0.25
mortality,TP,NORMA_q_age_set,5314,1137,0.213963116296575,0.94870394686917,1.7344769540020408,1.3720553409382117,0.7623880037762669,0.9608748751797832,72.0,sensitivity,0.25
mortality,TP,Gaussian_eb,5314,590,0.1110274745954083,0.4953161825193092,0.0,0.8446500188896855,1.845584677612082,0.7735583162349033,72.0,soc_rate,0.25
mortality,TP,NORMA_334f7e21,5314,594,0.1117802032367331,0.829707626939147,0.0,0.6204908467280864,0.9109534816479848,0.6250553963626391,72.0,soc_rate,0.25
mortality,TP,Gaussian_eb,5314,1180,0.2220549491908167,0.245989843200729,3.265503533093295,1.555955578643422,1.5242376543162184,0.9704091424032985,72.0,sensitivity,0.25
mortality,TP,NORMA_334f7e21,7750,241,0.0310967741935483,0.9713171553550676,2.3451415262439554,1.9453066960408656,2.117583789792141,0.3769032567470916,24.0,soc_rate,0.25
mortality,TP,NORMA_334f7e21,7750,1789,0.2308387096774193,0.9178668730536432,0.5972156380976334,0.34285108138242,0.9563290478156544,0.8927532543509177,24.0,sensitivity,0.25
mortality,TP,NORMA_q_age,7750,1841,0.2375483870967742,0.7058769926316686,0.5766725712822846,0.6263452086844139,0.8990324269141932,0.7375926798508207,24.0,sensitivity,0.25
mortality,TP,NORMA_q_age,7750,241,0.0310967741935483,0.8000196110595301,2.34335159608503,1.9125974803388617,1.3971315902984336,0.279830368168306,24.0,soc_rate,0.25
mortality,TP,NORMA_q_age_set_co,7750,1541,0.1988387096774193,0.3494938091892539,0.7226262892492039,1.4390030720227835,1.6288438670357162,0.8962168855945108,24.0,sensitivity,0.25
mortality,TP,NORMA_q_age_set_co,7750,241,0.0310967741935483,0.8083016299344083,2.3452904309139195,3.025852753119878,1.772521539543858,0.3202204784337415,24.0,soc_rate,0.25
mortality,TP,StandardOfCare,7750,241,0.0310967741935483,3.6301830302043694e-35,34.82346469630744,17.574331057348672,9.898870574761498,4.510359387597196,24.0,sensitivity,0.25
mortality,TP,StandardOfCare,7750,241,0.0310967741935483,3.6301830302043694e-35,34.82346469630744,17.574331057348672,9.898870574761498,4.510359387597196,24.0,soc_rate,0.25
mortality,TP,PopRI,5314,729,0.1371847948814452,9.786309980338704e-08,13.274500578656596,5.090045578926605,2.152247234405336,2.6739670410543126,72.0,sensitivity,0.25
mortality,TP,PopRI,5314,594,0.1117802032367331,1.6055772988294153e-05,4.411306756535537,4.177682405107508,1.545360991162096,2.57039779296686,72.0,soc_rate,0.25
mortality,TP,NORMA_q_age_set,7750,1787,0.2305806451612903,0.737732984295339,0.6043394445927632,1.0201100794768028,1.0423911908144663,0.8523999351903421,24.0,sensitivity,0.25
mortality,TP,NORMA_q_age_set,7750,241,0.0310967741935483,0.7961376403144784,2.343557910977137,1.938539983540553,1.39853858285464,0.4109756089244488,24.0,soc_rate,0.25
mortality,TP,PerRI,5314,1349,0.2538577342867896,0.5021570182329033,2.755005477175788,1.536215731762446,1.501813835079761,0.7430691022819716,72.0,sensitivity,0.25
mortality,TP,Cohen_m2,5314,594,0.1117802032367331,0.0679644092909495,1.533030238419925,0.6058686826873113,0.848302798600991,0.4004502527733918,72.0,soc_rate,0.25
mortality,TP,Cohen_m3,5314,1157,0.217726759503199,0.6238800082047564,3.348635062125993,1.2738451944189106,1.16189441297091,0.6920312076676005,72.0,sensitivity,0.25
mortality,TP,Cohen_m3,5314,594,0.1117802032367331,0.6547730703625482,1.5358899051493855,1.0080960737615277,1.2571361810012496,0.4023002282744812,72.0,soc_rate,0.25
mortality,TP,Cohen_m4,5314,1157,0.217726759503199,0.9467640996226252,1.973820822041352,1.2910526034764886,1.6781139437984225,0.5785958774553369,72.0,sensitivity,0.25
mortality,TP,Cohen_m4,5314,594,0.1117802032367331,0.6928702898619625,1.5291003189895085,1.749147992015849,1.9877837187597855,0.4459990592855021,72.0,soc_rate,0.25
mortality,TP,Gaussian_mle,5314,1079,0.2030485509973654,0.8186136841009777,0.7557105150741581,1.57607489647815,1.6817283049482905,0.9236637796221656,72.0,sensitivity,0.25
mortality,TP,Gaussian_mle,5314,590,0.1110274745954083,0.7605688420539853,1.5383184471782294,3.1124580752091378,1.6149038358582166,0.7892630672433657,72.0,soc_rate,0.25
mortality,TP,Gaussian_trunc,5314,764,0.1437711704930372,0.0015439404537321,0.0,1.5148174342311451,1.7442264872596371,1.3451482772104617,72.0,sensitivity,0.25
mortality,TP,Gaussian_trunc,5314,590,0.1110274745954083,0.0821858086077699,0.0,1.1245829800588096,1.9462246367295013,1.0206232803985535,72.0,soc_rate,0.25
mortality,TP,PerRI,5314,594,0.1117802032367331,0.3978738281316201,3.801371712590551,1.274607550102785,1.4832673840498338,0.8812335583600245,72.0,soc_rate,0.25
mortality,TP,Cohen_m2,5314,1410,0.2653368460669928,0.0508687029881533,1.3165381726852672,1.4545652900434958,0.8348952437554451,0.3935561148232491,72.0,sensitivity,0.25
mortality,NA,Cohen_m2,16078,1690,0.1051125761910685,0.0170354478472536,1.7358259047238906,2.2528079282038798,1.5285154083029693,1.0031483719250196,72.0,soc_rate,0.25
mortality,WBC,NORMA_q_age,3377,627,0.1856677524429967,0.8203174530525418,1.2160100252867307,1.1059809864737142,0.909418588625146,1.4189551704839374,168.0,soc_rate,0.25
mortality,HCT,PopRI,2691,1033,0.3838721664808621,0.6637378064277728,0.2766341819937163,0.4825456209352545,0.5852322014240076,1.4400363477391074,72.0,soc_rate,0.25
mortality,HCT,StandardOfCare,4144,606,0.1462355212355212,4.3986021182438435e-17,18.267199545657707,10.244594353450406,8.058593165481142,4.625420336134597,24.0,sensitivity,0.25
mortality,HCT,PerRI,2691,680,0.2526941657376439,0.2244180254865552,0.5710201868698375,1.2112739265370591,1.1647465235209855,1.279546248796402,72.0,sensitivity,0.25
mortality,HCT,PerRI,2691,1026,0.3812709030100334,0.5747814712505039,0.9088038424290186,1.576037838712303,1.1501559229182845,1.333226170752857,72.0,soc_rate,0.25
mortality,HCT,Cohen_m2,2691,375,0.1393534002229654,0.1133901171179263,1.0785173107488193,1.2772158086509966,1.2452062877298766,1.6398692757577615,72.0,sensitivity,0.25
mortality,HCT,Cohen_m2,2691,1033,0.3838721664808621,0.1093262988513626,0.9733547948619304,1.7571203547497405,1.674177955141658,1.761421185623469,72.0,soc_rate,0.25
mortality,HCT,Cohen_m3,2691,589,0.218877740616871,0.5789101016775824,0.626284323689292,1.2839485882538386,1.0468429539106652,1.591288916940638,72.0,sensitivity,0.25
mortality,HCT,Cohen_m3,2691,1033,0.3838721664808621,0.2184007891589857,0.9761910799607256,1.7574598200199765,1.7167088833593327,1.6008204926200666,72.0,soc_rate,0.25
mortality,HCT,Cohen_m4,2691,567,0.2107023411371237,0.0021280731709424,0.6616104774526118,2.35220615889224,1.696629419265696,1.9279752945087767,72.0,sensitivity,0.25
mortality,HCT,Cohen_m4,2691,1033,0.3838721664808621,0.9314230740598954,0.2805474653128805,1.1272070693553733,0.9115772885646451,0.9047421384489848,72.0,soc_rate,0.25
mortality,HCT,Gaussian_mle,2691,669,0.2486064659977703,0.7623902120718014,0.732702417433695,0.4442281236309606,0.1794683492863158,0.8784775747244937,72.0,sensitivity,0.25
mortality,HCT,Gaussian_mle,2691,973,0.3615756224451876,0.4780434493928693,0.9229053530094268,0.5531096112353083,0.5600250756366162,1.2636172691112753,72.0,soc_rate,0.25
mortality,HCT,Gaussian_trunc,2691,685,0.2545522110739502,0.5848923794082367,0.704570663160474,0.8670543205266091,0.8069582492120513,1.7276243827788025,72.0,sensitivity,0.25
mortality,HCT,Gaussian_trunc,2691,973,0.3615756224451876,0.9117787708808442,0.9249390576395222,0.6549520478649875,0.6805639772832626,1.297983074889571,72.0,soc_rate,0.25
mortality,HCT,Gaussian_eb,2691,534,0.1984392419175027,0.7075749664277593,0.0,0.3094464631669453,0.4408126949796904,1.2916813442014996,72.0,sensitivity,0.25
mortality,HCT,Gaussian_eb,2691,973,0.3615756224451876,0.0540771468541661,0.9158276396185508,1.047970845947376,1.0101858284663117,2.0938307536115204,72.0,soc_rate,0.25
mortality,HCT,NORMA_q_age_set,2691,546,0.2028985507246377,0.4819072841930507,0.0,0.7069605385316929,0.8526828014347486,1.3946157187627202,72.0,sensitivity,0.25
mortality,HCT,NORMA_q_age_set,2691,1033,0.3838721664808621,0.7578237434120868,0.2851060386089863,0.3810356517162248,0.504883780988332,1.538643333115003,72.0,soc_rate,0.25
mortality,HCT,NORMA_334f7e21,2691,527,0.1958379784466741,0.9772851900651968,0.0,0.7333226742691538,0.8513375120053868,1.224159932274239,72.0,sensitivity,0.25
mortality,HCT,NORMA_334f7e21,2691,1033,0.3838721664808621,0.589096371837734,0.0,0.2817185435803764,0.8024844933251097,1.6804959046176426,72.0,soc_rate,0.25
mortality,HCT,NORMA_q_age,2691,573,0.2129319955406912,0.5898062142079716,0.0,0.3672701588915604,0.966769852617618,1.422016361763609,72.0,sensitivity,0.25
mortality,HCT,StandardOfCare,4144,606,0.1462355212355212,4.3986021182438435e-17,18.267199545657707,10.244594353450406,8.058593165481142,4.625420336134597,24.0,soc_rate,0.25
mortality,HCT,NORMA_q_age_set_co,4144,797,0.1923262548262548,0.66834680475346,0.0,0.197787629197173,0.5619521130145414,1.7993354250442963,24.0,sensitivity,0.25
mortality,HCT,NORMA_q_age,2691,1033,0.3838721664808621,0.1279244145087726,0.2867366458916492,0.5828901868142885,1.5915757849597263,1.6487571103330676,72.0,soc_rate,0.25
mortality,HCT,PopRI,4144,606,0.1462355212355212,0.0501151943174802,0.7673730280629562,1.0330739737650012,0.6263054212051623,2.2216868183375813,24.0,soc_rate,0.25
mortality,HCT,NORMA_q_age_set_co,2691,1033,0.3838721664808621,0.39443779467066,0.2822219165197263,1.1761115089396592,1.22861122868895,1.490300719212844,72.0,soc_rate,0.25
mortality,HCT,PerRI,4144,601,0.1450289575289575,0.0722107535212818,0.7746890105002578,0.2406445768730525,0.0760046061371124,0.0185519147113988,24.0,soc_rate,0.25
mortality,HCT,Cohen_m2,4144,520,0.1254826254826254,0.0308836878308655,4.423001052073978,1.536853610808534,1.4975446681358084,1.3565344334460283,24.0,sensitivity,0.25
mortality,HCT,Cohen_m2,4144,606,0.1462355212355212,0.0146686157491077,3.406169210395708,1.1633753612653124,2.0736234714959307,1.145473457961298,24.0,soc_rate,0.25
mortality,HCT,Cohen_m3,4144,929,0.2241795366795367,0.9022041213149792,1.195473707749608,0.8304111083368146,0.9232565236052728,1.0770056679153093,24.0,sensitivity,0.25
mortality,HCT,Cohen_m3,4144,606,0.1462355212355212,0.1364150806419954,0.7672716416209714,0.2371076861202715,0.5136686075673902,0.1202401709950591,24.0,soc_rate,0.25
mortality,HCT,Cohen_m4,4144,914,0.2205598455598455,0.0120677836726883,2.0456898507829515,1.0628443824163307,2.005433754228899,1.892555259585709,24.0,sensitivity,0.25
mortality,HCT,Cohen_m4,4144,606,0.1462355212355212,0.083401926094243,3.4045019296814454,1.744505262733823,1.949006721424005,1.461451465926529,24.0,soc_rate,0.25
mortality,HCT,Gaussian_mle,4144,1081,0.2608590733590734,0.4527389970628391,0.3706659701372054,0.3659635333436423,0.2122468590948453,0.9388179324629184,24.0,sensitivity,0.25
mortality,HCT,Gaussian_mle,4144,569,0.1373069498069498,0.5844342509008564,0.0,0.0,0.226665976319791,1.111370852379112,24.0,soc_rate,0.25
mortality,HCT,Gaussian_trunc,4144,1220,0.2944015444015444,0.2910896919680031,1.5826966737153203,0.6579523705693989,0.6489997422683698,1.2829041674408317,24.0,sensitivity,0.25
mortality,HCT,Gaussian_eb,4144,868,0.2094594594594594,0.8973206937633873,0.6044945124533531,0.181727406871398,0.1833822242915888,1.6279908715903522,24.0,sensitivity,0.25
mortality,HCT,NORMA_q_age,4739,1017,0.2146022367588098,0.1308108829033872,1.539705762264374,1.0543314587697816,1.2035538545849245,1.1447194455800698,0.0,sensitivity,0.25
mortality,HCT,Gaussian_eb,4144,569,0.1373069498069498,0.4238621448454045,0.9955682771370372,0.2998874495536093,0.3238206585198783,2.1289682319667085,24.0,soc_rate,0.25
mortality,HCT,NORMA_q_age_set,4144,840,0.2027027027027027,0.8562552795145834,0.5133455950146818,0.1563539797034515,0.7856107444994128,1.867901609110584,24.0,sensitivity,0.25
mortality,HCT,NORMA_q_age_set,4144,606,0.1462355212355212,0.9467684859338664,0.764089451267622,0.2334231058729607,0.6400252943059709,1.16020495648149,24.0,soc_rate,0.25
mortality,HCT,NORMA_334f7e21,4144,894,0.2157335907335907,0.981896600794926,0.0,0.1700556670419604,0.5070007943522525,1.8281500272646916,24.0,sensitivity,0.25
mortality,HCT,NORMA_334f7e21,4144,606,0.1462355212355212,0.591454586432811,0.0,0.2686081344340223,0.6039117419127383,0.6155377194361935,24.0,soc_rate,0.25
mortality,HCT,NORMA_q_age,4144,962,0.2321428571428571,0.7673495749030683,0.0,0.1604700735729016,1.1388693485890198,1.4301055083058831,24.0,sensitivity,0.25
mortality,HCT,NORMA_q_age,4144,606,0.1462355212355212,0.6594693160041245,0.0,0.2822261766380268,0.6894557480376542,0.4966568567837405,24.0,soc_rate,0.25
mortality,HCT,NORMA_q_age_set_co,4144,606,0.1462355212355212,0.675326159506884,0.0,0.0,0.5017300877125179,0.8457270230819276,24.0,soc_rate,0.25
mortality,HCT,NORMA_q_age_set_co,2691,506,0.188034188034188,0.587296832749869,0.0,0.4033927798779674,1.1050700940100555,1.6939428890479176,72.0,sensitivity,0.25
mortality,HCT,PerRI,4144,1122,0.2707528957528957,0.5192769631101268,0.9165278258244128,0.70738762073585,1.3382738329208517,1.183306776924811,24.0,sensitivity,0.25
mortality,HCT,StandardOfCare,2691,1033,0.3838721664808621,7.750686688002189e-12,2.4715840965034146,7.708625851051631,8.298914898041149,5.288356677100051,72.0,sensitivity,0.25
mortality,HCT,StandardOfCare,965,408,0.4227979274611399,0.0001148684098354,4.356653584928855,3.7404020467290655,6.2754203234710095,4.791283719662955,168.0,soc_rate,0.25
mortality,HGB,PopRI,2720,418,0.1536764705882353,0.1247248722406874,1.1816620537061782,1.067155002428992,1.7617634695395892,0.6100703836620954,0.0,sensitivity,0.25
mortality,HGB,Cohen_m2,2720,223,0.081985294117647,7.041228027221825e-06,2.1614994083623382,3.18652019482598,4.34409785725367,3.3746627783655203,0.0,sensitivity,0.25
mortality,HGB,Cohen_m3,2720,173,0.0636029411764705,1.8971568193057656e-08,2.844357531758085,4.120382676355588,4.154492056154617,4.356963268217918,0.0,sensitivity,0.25
mortality,HGB,Cohen_m4,2720,158,0.0580882352941176,3.167931194988096e-09,3.133406886822052,4.509582359796162,4.484141245694949,4.459599476479519,0.0,sensitivity,0.25
mortality,HGB,Gaussian_mle,2720,701,0.2577205882352941,0.5257351502294976,2.075055818997672,1.4866774778024296,0.9623131918512198,0.7043214933529575,0.0,sensitivity,0.25
mortality,HGB,Gaussian_trunc,2720,411,0.1511029411764705,0.7299936857032349,1.9229266786833743,2.0267774220556727,1.5556749137029118,0.7130627903275415,0.0,sensitivity,0.25
mortality,HGB,Gaussian_eb,2720,578,0.2125,0.8151117485337691,2.0081235590887263,1.3409037755212756,0.4886650217159543,0.6830874850913607,0.0,sensitivity,0.25
mortality,HGB,NORMA_q_age_set,2720,552,0.2029411764705882,0.7183073671620475,1.3419048743301327,1.627951338323226,0.8441196301494018,0.6390829806078768,0.0,sensitivity,0.25
mortality,HGB,NORMA_334f7e21,2720,639,0.2349264705882353,0.979420896725782,1.6524903327426066,1.604707610158241,1.054346653200717,0.7115691971451344,0.0,sensitivity,0.25
mortality,HGB,NORMA_q_age,2720,595,0.21875,0.571241026265021,1.2205882116065268,1.1024009878210284,0.973983724530504,1.0542153915343395,0.0,sensitivity,0.25
mortality,HGB,NORMA_q_age_set_co,2720,469,0.1724264705882353,0.6714570993543678,1.0227080049525274,1.0602540198452703,0.7012695906622625,0.6922812117200434,0.0,sensitivity,0.25
mortality,HGB,PopRI,2272,624,0.2746478873239437,0.9558450061233684,0.9328935607931024,1.3296456739360605,0.5519354855467233,0.4711293060284088,24.0,sensitivity,0.25
mortality,HGB,PopRI,2272,225,0.099031690140845,0.8976634122825254,0.0,0.0,0.0,1.208071695851613,24.0,soc_rate,0.25
mortality,HGB,PerRI,2272,583,0.2566021126760563,0.4418501133499829,2.030263169512824,0.6040484457329142,0.2834758404403876,0.7728066143003836,24.0,sensitivity,0.25
mortality,HGB,PerRI,2272,224,0.0985915492957746,0.3811064633308451,3.652690615951213,1.252130981233586,0.7354586827216286,0.197866814769454,24.0,soc_rate,0.25
mortality,HGB,Cohen_m2,2272,204,0.0897887323943662,1.7386486053573746e-06,7.629309608376486,2.168690067832074,5.1282141433043975,3.103100730107592,24.0,sensitivity,0.25
mortality,HGB,Cohen_m2,2272,225,0.099031690140845,0.0006020372325989,6.28990138342356,2.8935260446837887,4.566232549625363,1.9654488065047495,24.0,soc_rate,0.25
mortality,HGB,Cohen_m3,2272,160,0.0704225352112676,4.552753158758049e-08,9.813740518229755,2.780923916060714,5.029211249925826,3.909780725724549,24.0,sensitivity,0.25
mortality,HGB,Cohen_m3,2272,225,0.099031690140845,0.0001895173177225,6.969850689932425,3.0888013030393853,5.088842586961395,2.200885515774951,24.0,soc_rate,0.25
mortality,HCT,StandardOfCare,965,408,0.4227979274611399,0.0001148684098354,4.356653584928855,3.7404020467290655,6.2754203234710095,4.791283719662955,168.0,sensitivity,0.25
mortality,HCT,NORMA_q_age_set_co,965,408,0.4227979274611399,0.6070451234498497,1.245879484090838,1.435376028420131,1.3754575477207724,1.4587846432921965,168.0,soc_rate,0.25
mortality,HCT,NORMA_q_age_set_co,965,186,0.1927461139896373,0.3568389946799873,1.3087633087629635,2.79878203085655,1.1665482382349883,1.2182940902157269,168.0,sensitivity,0.25
mortality,HCT,NORMA_q_age,965,408,0.4227979274611399,0.0525015452824193,4.274197103386364,4.486930742526018,1.5014156910805745,2.3163583536057093,168.0,soc_rate,0.25
mortality,HGB,PerRI,2720,687,0.2525735294117647,0.5512022975393518,0.9489611429837672,0.4019439184337782,0.7572767517218857,1.3784976852050277,0.0,sensitivity,0.25
mortality,HCT,StandardOfCare,2691,1033,0.3838721664808621,7.750686688002189e-12,2.4715840965034146,7.708625851051631,8.298914898041149,5.288356677100051,72.0,soc_rate,0.25
mortality,HCT,PopRI,965,408,0.4227979274611399,0.0163223131291312,0.5219047619046833,1.6872984400995503,2.0375011003287007,3.264269439902928,168.0,soc_rate,0.25
mortality,HCT,PopRI,965,146,0.1512953367875647,0.2592459223097402,0.0,0.7830025906169881,0.7270408273406753,1.8577563728491853,168.0,sensitivity,0.25
mortality,HCT,PerRI,965,154,0.1595854922279792,0.2708835585303567,1.7327688720401933,0.6535777367771113,1.263491309756385,1.02880711060796,168.0,sensitivity,0.25
mortality,HCT,PerRI,965,407,0.421761658031088,0.1856726334564194,1.279830236225435,1.1508356102059167,1.5843062969245747,1.702616093333349,168.0,soc_rate,0.25
mortality,HCT,Cohen_m2,965,104,0.1077720207253886,0.0071444932203022,0.0,3.715857323131238,2.860065875426655,1.5770001367611233,168.0,sensitivity,0.25
mortality,HCT,Cohen_m2,965,408,0.4227979274611399,0.2513531118404319,0.0,1.0423271260438842,1.586105424809278,1.2983140135027285,168.0,soc_rate,0.25
mortality,HCT,Cohen_m3,965,201,0.2082901554404145,0.4284365377853207,0.0,1.451821955313651,2.882769938030631,1.130065812664374,168.0,sensitivity,0.25
mortality,HCT,Cohen_m3,965,408,0.4227979274611399,0.385312424218605,0.0,1.0672760956046103,1.7425418589453976,1.3648127041814189,168.0,soc_rate,0.25
mortality,HCT,Cohen_m4,965,134,0.138860103626943,0.0218668374510591,5.858026865222263,1.7066684670147474,2.444417339524356,1.8306806873548127,168.0,sensitivity,0.25
mortality,HCT,PopRI,4144,659,0.1590250965250965,0.0517879191540175,1.5984680511131375,1.211163843455746,0.6249704916038237,1.7316492041397848,24.0,sensitivity,0.25
mortality,HCT,Cohen_m4,965,408,0.4227979274611399,0.5333399718781466,1.2841987716362773,0.3716418423435025,1.0830139237909373,0.9105376681046842,168.0,soc_rate,0.25
mortality,HCT,Gaussian_trunc,4144,569,0.1373069498069498,0.94032601975878,2.426352576904708,1.850622154975384,0.7170301915834637,1.7943078470511606,24.0,soc_rate,0.25
mortality,HCT,Gaussian_mle,965,382,0.3958549222797927,0.6150044137235179,0.0,0.6435871395192797,1.21994528368978,1.3051509334992082,168.0,soc_rate,0.25
mortality,HCT,Gaussian_trunc,965,382,0.3958549222797927,0.497099699477475,0.5813008130081984,0.5523813560562987,1.06268713850215,1.3222128196972132,168.0,soc_rate,0.25
mortality,HCT,Gaussian_eb,965,154,0.1595854922279792,0.0179326085440134,0.0,0.8991938725686596,1.4805931607829683,2.4448284940552507,168.0,sensitivity,0.25
mortality,HCT,Gaussian_eb,965,382,0.3958549222797927,0.0251043814355311,0.0,1.200827486111017,1.4752794131933953,2.1498295646169194,168.0,soc_rate,0.25
mortality,HCT,NORMA_q_age_set,965,167,0.1730569948186528,0.0957274268725962,1.5184294506497114,1.7302763149652882,1.037265736671275,1.709995229519555,168.0,sensitivity,0.25
mortality,HCT,NORMA_q_age_set,965,408,0.4227979274611399,0.2438991974066798,4.269741226515369,1.3387378219718464,0.981548523489198,1.8471881388489175,168.0,soc_rate,0.25
mortality,HCT,NORMA_334f7e21,965,179,0.1854922279792746,0.3796457295837626,1.371129927132336,2.8950644377132044,1.222286594059141,1.2245659770568789,168.0,sensitivity,0.25
mortality,HCT,NORMA_334f7e21,965,408,0.4227979274611399,0.1801683395042153,4.278678588745435,2.439081045209213,1.6849338280475472,2.774752467324701,168.0,soc_rate,0.25
mortality,HCT,NORMA_q_age,965,154,0.1595854922279792,0.1841981768441956,1.6638684452619572,1.881104157536812,1.0619918443191534,1.4446675224376044,168.0,sensitivity,0.25
mortality,HCT,Gaussian_mle,965,192,0.1989637305699481,0.847243511542852,0.0,0.0,0.7927934142862875,0.690105650451262,168.0,sensitivity,0.25
mortality,HCT,NORMA_q_age_set_co,4739,943,0.1989871280860941,0.5653956082854106,1.0078905020797158,0.6682927915342721,0.5363085763333909,1.2751445787609603,0.0,sensitivity,0.25
mortality,HCT,Gaussian_trunc,965,256,0.2652849740932642,0.8711637577035254,0.0,0.4667937593064028,0.6831062240708364,1.7060023662747277,168.0,sensitivity,0.25
mortality,HCT,NORMA_334f7e21,4739,1128,0.2380248997678835,0.9341953562762858,1.061690976775691,0.8220138635928086,0.6123874933214848,1.1034892927280144,0.0,sensitivity,0.25
mortality,GLU,Gaussian_eb,7175,2512,0.3501045296167247,0.0224507936300613,0.8236608290421923,1.2633703762806892,1.3296706378103151,1.631384793848767,24.0,soc_rate,0.25
mortality,GLU,NORMA_q_age_set,7175,1887,0.2629965156794425,0.4517070473751639,0.8795611618890756,0.930496274957023,0.8511902409005649,1.1979299257091005,24.0,sensitivity,0.25
mortality,GLU,NORMA_q_age_set,7175,2701,0.3764459930313589,0.3154333831660291,0.6334432130338677,0.8967099545470202,1.0506190843665548,1.3166232544437606,24.0,soc_rate,0.25
mortality,GLU,NORMA_334f7e21,7175,1956,0.2726132404181184,0.7596750602466372,0.477143520663886,0.6240844486972673,0.7114561742176829,1.177163636162117,24.0,sensitivity,0.25
mortality,GLU,NORMA_334f7e21,7175,2701,0.3764459930313589,0.9699328377876866,0.6339908252534325,0.7272233129325899,0.6680128122250364,1.2427401704575058,24.0,soc_rate,0.25
mortality,GLU,NORMA_q_age,7175,1547,0.2156097560975609,0.0224531684937738,0.6504007640140526,1.2315501343680737,1.2384511740493211,1.6509884575176883,24.0,sensitivity,0.25
mortality,GLU,NORMA_q_age,7175,2701,0.3764459930313589,0.3727601503803323,0.9193061893301188,1.1059980458215504,0.949775418889031,1.2517127046782976,24.0,soc_rate,0.25
mortality,GLU,NORMA_q_age_set_co,7175,2058,0.2868292682926829,0.5345893220679533,0.4689804128164421,1.0217740549414756,0.820360175623596,1.048219983144251,24.0,sensitivity,0.25
mortality,GLU,NORMA_q_age_set_co,7175,2701,0.3764459930313589,0.9411883316932916,0.5091147928437643,0.9389100447788568,0.879338520965928,1.006816230408918,24.0,soc_rate,0.25
mortality,GLU,StandardOfCare,7175,2701,0.3764459930313589,1.698021318370856e-08,3.523549781625035,2.745407432149652,3.32299026165977,1.856269897255276,24.0,sensitivity,0.25
mortality,GLU,StandardOfCare,7175,2701,0.3764459930313589,1.698021318370856e-08,3.523549781625035,2.745407432149652,3.32299026165977,1.856269897255276,24.0,soc_rate,0.25
mortality,GLU,PopRI,4858,1237,0.2546315356113627,0.7720435194381565,0.5082745356539448,1.2264614746438876,0.8420157833633958,1.029970784984881,72.0,sensitivity,0.25
mortality,GLU,PopRI,4858,2098,0.4318649650061754,0.5037053334710304,1.0425153716681403,1.2402406242722557,0.6313600280684046,0.9016697952184816,72.0,soc_rate,0.25
mortality,GLU,PerRI,4858,1497,0.3081515026759983,0.8706630384947934,2.34677053904737,1.1974393655991322,0.9552674009386164,1.0961306938377278,72.0,sensitivity,0.25
mortality,GLU,PerRI,4858,2095,0.4312474269246603,0.4339293281191815,1.3735648560711164,0.7890351425961364,0.800928131586831,0.998049654668268,72.0,soc_rate,0.25
mortality,GLU,Cohen_m2,4858,998,0.2054343351173322,0.1059212320727084,2.1804486372101923,1.4844319286212957,1.6356385500184163,1.3949459522382628,72.0,sensitivity,0.25
mortality,GLU,Cohen_m2,4858,2098,0.4318649650061754,0.0534972760601409,1.3621295279920076,1.5514065124669003,1.1764865342787774,1.4557753731991152,72.0,soc_rate,0.25
mortality,GLU,Cohen_m3,4858,704,0.1449156031288596,0.0241996740650122,4.291129561417285,3.3145354949848342,3.094253704648119,1.307181726958361,72.0,sensitivity,0.25
mortality,GLU,Cohen_m3,4858,2098,0.4318649650061754,0.0148939614848633,2.198834358631228,1.640491760472235,1.9640421302973945,1.3865307803423097,72.0,soc_rate,0.25
mortality,GLU,Cohen_m4,4858,640,0.1317414573898723,0.009037746686573,2.492544822046461,1.9528212449747424,2.6660034752156028,1.6245666495092923,72.0,sensitivity,0.25
mortality,GLU,Cohen_m4,4858,2098,0.4318649650061754,3.3501007068038903e-06,6.782863982285227,2.153578252607398,2.803471866526815,1.6644490837950172,72.0,soc_rate,0.25
mortality,GLU,Gaussian_eb,7175,1797,0.2504529616724739,0.616800234192044,0.3833286904716889,0.8943430858304219,1.0941530067869465,1.3786819857982675,24.0,sensitivity,0.25
mortality,GLU,Gaussian_trunc,7175,2512,0.3501045296167247,0.3332615585367647,0.9887526876500176,1.0665111935273806,0.9827372792266648,1.69061225533589,24.0,soc_rate,0.25
mortality,GLU,Gaussian_trunc,7175,1862,0.2595121951219512,0.4822956749150602,0.8636715550617449,1.0805478118188552,0.8976424084083136,1.3547869695783987,24.0,sensitivity,0.25
mortality,GLU,Gaussian_mle,7175,2512,0.3501045296167247,0.0203674949541655,0.6799985257271342,1.3072214847185657,1.3735445300743754,1.6521571006962872,24.0,soc_rate,0.25
mortality,GLU,PerRI,8058,2539,0.315090593199305,0.940509933484184,1.2842522154203533,0.7741521398063981,1.0846797262253478,1.223076471750009,0.0,sensitivity,0.25
mortality,GLU,Cohen_m2,8058,1473,0.1827997021593447,0.0015265400028416,1.8606849935397265,1.7120963383625154,1.4817618236221002,1.5080676006665956,0.0,sensitivity,0.25
mortality,GLU,Cohen_m3,8058,646,0.080168776371308,2.2802138346352443e-14,8.188149577950957,6.311740392528528,4.488761781371506,1.9619451960557683,0.0,sensitivity,0.25
mortality,HCT,PopRI,2691,495,0.1839464882943143,0.9366974161556176,0.0,0.3177645149728821,1.038560301058076,0.9199926451244352,72.0,sensitivity,0.25
mortality,GLU,Cohen_m4,8058,518,0.0642839414246711,3.2905342379539162e-21,13.335850445109855,8.916723738993596,5.11144342243873,2.435695771204291,0.0,sensitivity,0.25
mortality,GLU,Gaussian_mle,8058,1620,0.201042442293373,0.0688610227735033,1.7862119873580438,1.5700658069771072,1.4679052791147826,1.650374695272731,0.0,sensitivity,0.25
mortality,GLU,Gaussian_trunc,8058,1784,0.2213948870687515,0.0917731385118216,1.7686825211100026,1.6496570631146124,1.2681149529090656,1.4906806722169617,0.0,sensitivity,0.25
mortality,GLU,NORMA_q_age_set,8058,2046,0.2539091586001489,0.3592887851550641,0.7560765156184515,0.8423038919771639,1.070524367283051,1.2799964461547046,0.0,sensitivity,0.25
mortality,GLU,NORMA_334f7e21,8058,2204,0.2735170017374038,0.5550770340542787,0.4400930129632083,0.5634718370994406,0.7545741147872731,1.2390286531719037,0.0,sensitivity,0.25
mortality,GLU,NORMA_q_age,8058,1701,0.2110945644080417,0.0289816610272045,0.7315223603450188,0.9289320853089098,1.1396883824604371,1.704759985945027,0.0,sensitivity,0.25
mortality,GLU,Gaussian_mle,4858,1023,0.2105804857966241,0.1774544119338379,0.6370840945923851,2.4894067927533445,1.3403465707492883,1.5997526895443344,72.0,sensitivity,0.25
mortality,GLU,NORMA_q_age_set_co,8058,2184,0.2710349962769918,0.6463361030493364,0.7966758960485648,0.8098800591780887,0.865451452954615,1.011223969407406,0.0,sensitivity,0.25
mortality,GLU,Gaussian_mle,4858,1962,0.4038699053108275,0.2964896731683114,1.0844507591285315,2.9534482011915704,1.554446469564419,1.390879496271627,72.0,soc_rate,0.25
mortality,GLU,PerRI,7175,2357,0.3285017421602787,0.8696812587501084,0.8330451917138437,0.979536674130418,1.0867535091878302,1.1628535880411517,24.0,sensitivity,0.25
mortality,GLU,PerRI,7175,2699,0.3761672473867596,0.2046296823735783,0.660285588447347,0.7926729001153459,0.9817641190352356,0.9921000206230534,24.0,soc_rate,0.25
mortality,GLU,Cohen_m2,7175,1403,0.1955400696864111,0.0243231218951035,2.3035422422855083,2.0067848595970386,1.6391639393848083,1.396183155734059,24.0,sensitivity,0.25
mortality,GLU,Cohen_m2,7175,2701,0.3764459930313589,0.0393367104447311,1.8627371584189376,1.6339579188013085,1.1782949534541505,1.3668720377989754,24.0,soc_rate,0.25
mortality,GLU,Cohen_m3,7175,768,0.1070383275261324,2.578630053350747e-06,4.487419863511984,4.711024810579649,3.466362560411143,1.7046000111461632,24.0,sensitivity,0.25
mortality,GLU,Cohen_m3,7175,2701,0.3764459930313589,0.0008186973115275,2.825313201739803,2.335793942249954,2.362645919410108,1.3767556272304613,24.0,soc_rate,0.25
mortality,GLU,Cohen_m4,7175,748,0.1042508710801393,0.0003937538672797,4.591368783129591,3.572221620460502,2.922414673421315,1.7488789799255824,24.0,sensitivity,0.25
mortality,GLU,Cohen_m4,7175,2701,0.3764459930313589,5.365162214206733e-09,4.0116085819929,4.484500919459025,3.672830885034045,1.7680911983847984,24.0,soc_rate,0.25
mortality,GLU,Gaussian_mle,7175,1741,0.2426480836236934,0.6764512891162044,0.5557029916495828,1.0047153704498102,0.908578443101874,1.506358754557971,24.0,sensitivity,0.25
mortality,GLU,PopRI,7175,1924,0.2681533101045296,0.9986404488823712,1.057718207940408,0.9570420693286632,0.9453414550205964,1.036036629340705,24.0,sensitivity,0.25
mortality,HGB,Cohen_m4,2272,149,0.0655809859154929,9.847375055044361e-09,10.704745309752498,3.037226976322142,5.416642186543337,3.999590460657127,24.0,sensitivity,0.25
mortality,GLU,Gaussian_trunc,4858,1962,0.4038699053108275,0.0959103980705567,0.7844873836304224,1.9148765483183972,1.2874463552906945,1.656699092009864,72.0,soc_rate,0.25
mortality,HGB,Cohen_m4,2272,225,0.099031690140845,0.0013627025779481,3.491115724750377,2.107407085528657,4.497698543633538,1.9783453034408085,24.0,soc_rate,0.25
mortality,GLU,Gaussian_eb,2254,498,0.2209405501330967,0.1862124697510628,0.3902791341629784,1.8068363573868749,1.0612001551883672,1.7094674544907038,168.0,sensitivity,0.25
mortality,GLU,PopRI,2254,598,0.2653061224489796,0.9395085483211322,0.3035194879864975,0.7469453878469426,0.8625531203529567,1.3781938930853572,168.0,sensitivity,0.25
mortality,GLU,NORMA_q_age_set,2254,476,0.2111801242236025,0.0400222494287052,0.9143479908871692,0.9647838994017864,1.0595681364732226,1.5143958885973292,168.0,sensitivity,0.25
mortality,GLU,NORMA_q_age_set,2254,1074,0.4764862466725821,0.3487275903535571,0.4627194727801297,0.8103674079438482,1.0605427242166272,1.335558968117777,168.0,soc_rate,0.25
mortality,GLU,NORMA_334f7e21,2254,538,0.2386867790594498,0.3580600376723635,0.7902196118588108,1.2838645867148646,1.2809227960408585,1.178698614271772,168.0,sensitivity,0.25
mortality,GLU,NORMA_334f7e21,2254,1074,0.4764862466725821,0.8692940143850918,0.2716214103531005,0.7148580819431996,0.9435705791462248,0.985869860476088,168.0,soc_rate,0.25
mortality,GLU,NORMA_q_age,2254,473,0.209849157054126,0.0677542786337054,0.925990900009948,1.1973818691391973,1.259274869312769,1.7057715436716885,168.0,sensitivity,0.25
mortality,GLU,NORMA_q_age,2254,1074,0.4764862466725821,0.6419378977466637,0.2709113877420538,0.716207659998243,1.0843099008190038,1.2476500054583914,168.0,soc_rate,0.25
mortality,GLU,NORMA_q_age_set_co,2254,626,0.2777284826974268,0.7282132309079434,1.0849154515750752,1.3736277345544208,0.8961760411066907,0.9520061659958304,168.0,sensitivity,0.25
mortality,GLU,NORMA_q_age_set_co,2254,1074,0.4764862466725821,0.6002293595899408,1.5798616417607187,2.020520023658954,0.7861223519474394,1.0004985030571203,168.0,soc_rate,0.25
mortality,GLU,StandardOfCare,2254,1074,0.4764862466725821,0.0005386542460485,2.425749128749276,2.7538167472491546,3.4860414199855896,1.9141284788367112,168.0,sensitivity,0.25
mortality,GLU,StandardOfCare,2254,1074,0.4764862466725821,0.0005386542460485,2.425749128749276,2.7538167472491546,3.4860414199855896,1.9141284788367112,168.0,soc_rate,0.25
mortality,HCT,PopRI,4739,1284,0.2709432369698248,0.7575246284717854,0.3172843303160109,0.6004015722897709,0.5996204368869079,1.0953316639999715,0.0,sensitivity,0.25
mortality,HCT,PerRI,4739,1141,0.2407680945347119,0.0626855668920561,2.120103142700855,1.545822079545658,1.832010553045155,1.5412488800965976,0.0,sensitivity,0.25
mortality,HCT,Cohen_m2,4739,676,0.1426461278750791,0.0089878369150477,1.9859100194032224,1.7981499983926397,2.0130968691364792,1.319156118430106,0.0,sensitivity,0.25
mortality,HCT,Cohen_m3,4739,1025,0.2162903566153197,0.6207011227997671,1.560977195531129,1.3094002974889087,1.386961003761718,1.2277305470731674,0.0,sensitivity,0.25
mortality,HCT,Cohen_m4,4739,878,0.1852711542519519,0.0012228680705975,3.491073307844515,2.612337026437117,2.42109026746868,2.601279558372137,0.0,sensitivity,0.25
mortality,HCT,Gaussian_mle,4739,1258,0.265456847436168,0.937163924475279,0.902140696137495,0.5373416001546706,0.582824220500613,0.6555523431270786,0.0,sensitivity,0.25
mortality,HCT,Gaussian_trunc,4739,1733,0.365688963916438,0.2999311377365229,0.4385281676429403,0.4743848185567082,0.6524951611627402,1.3925937919945246,0.0,sensitivity,0.25
mortality,HCT,Gaussian_eb,4739,1218,0.2570162481536189,0.9249459419827832,0.7446036534152014,0.4958954850064174,0.7047828492955927,1.1363067073548372,0.0,sensitivity,0.25
mortality,HCT,NORMA_q_age_set,4739,900,0.1899134838573538,0.5023264120954676,1.026322607695699,0.8654276191705268,1.007873630187142,1.3365283452063788,0.0,sensitivity,0.25
mortality,GLU,Gaussian_trunc,2254,1009,0.4476486246672582,0.6159794619529206,0.8090667398871824,1.649413166777664,0.941901966413776,1.653091037616114,168.0,soc_rate,0.25
mortality,GLU,Gaussian_trunc,2254,532,0.2360248447204969,0.2072576669783247,0.8031538573016727,1.887165372480452,1.051365201999666,1.8051230915130276,168.0,sensitivity,0.25
mortality,GLU,Gaussian_mle,2254,1009,0.4476486246672582,0.876906537898896,1.2050224593722774,1.839272989248074,0.94908836481849,1.158781560456794,168.0,soc_rate,0.25
mortality,GLU,Gaussian_mle,2254,489,0.2169476486246672,0.3514085364198047,0.0,1.5520613661752023,0.9803909191195592,1.6198335340254948,168.0,sensitivity,0.25
mortality,GLU,Gaussian_eb,4858,1040,0.2140798682585426,0.0959262532425205,0.6262581837271516,2.4565400395735435,1.660066288395874,1.5639600094662502,72.0,sensitivity,0.25
mortality,GLU,Gaussian_eb,4858,1962,0.4038699053108275,0.1495004884800642,0.7813934091446424,2.7229431674279225,1.5704787005725491,1.4650855620698129,72.0,soc_rate,0.25
mortality,GLU,NORMA_q_age_set,4858,1083,0.2229312474269246,0.0454314848487702,0.9491965282607692,2.233646786994852,0.8348388744331737,1.4549371957624453,72.0,sensitivity,0.25
mortality,GLU,NORMA_q_age_set,4858,2098,0.4318649650061754,0.143004568606589,1.0258803278987416,2.143167759280878,1.08541783624399,1.445817191190533,72.0,soc_rate,0.25
mortality,GLU,NORMA_334f7e21,4858,1202,0.247426924660354,0.2305046148956074,0.5203338464348843,1.4864939085296087,0.9574830631054292,1.3718606398537034,72.0,sensitivity,0.25
mortality,GLU,NORMA_334f7e21,4858,2098,0.4318649650061754,0.6960844677685539,0.7343264534118396,1.3926257943803049,0.7183350945101563,0.9665732708364224,72.0,soc_rate,0.25
mortality,GLU,NORMA_q_age,4858,946,0.1947303417044051,0.0139650161388363,1.703796817092003,2.793545042537977,1.2798660827007315,1.6411759298852506,72.0,sensitivity,0.25
mortality,GLU,NORMA_q_age,4858,2098,0.4318649650061754,0.2708553434390315,1.8485719162223209,3.1603879413126146,1.0719740405864313,1.2182393202691684,72.0,soc_rate,0.25
mortality,GLU,NORMA_q_age_set_co,4858,1261,0.2595718402634829,0.6475538634334214,1.1569403667111349,1.1420336018977932,1.1651169983175649,1.120194027008954,72.0,sensitivity,0.25
mortality,GLU,NORMA_q_age_set_co,4858,2098,0.4318649650061754,0.5952962441193317,1.0150251490250488,0.9737651769893748,1.2527830643310596,1.0644121139841605,72.0,soc_rate,0.25
mortality,GLU,Gaussian_trunc,4858,1206,0.2482503087690407,0.4492140447797876,0.5197641330511849,1.1756621747388407,1.1500137347324486,1.27905558883155,72.0,sensitivity,0.25
mortality,GLU,StandardOfCare,4858,2098,0.4318649650061754,4.6407301859898195e-09,5.068472616074474,5.523089398601882,5.435596466880872,1.9026222693749573,72.0,sensitivity,0.25
mortality,HGB,Gaussian_mle,2272,212,0.0933098591549295,0.6916146124768904,1.461807763528996,0.5675842969125477,0.7304743742181417,0.6123892248287934,24.0,soc_rate,0.25
mortality,GLU,PopRI,2254,1074,0.4764862466725821,0.7941610932080383,1.077042929311194,1.0297729834862597,1.1436032207289435,1.0015244838602004,168.0,soc_rate,0.25
mortality,GLU,PerRI,2254,795,0.3527062999112688,0.3225090634530368,1.1988677639989844,0.6658502995946597,0.95177421947093,0.8695764438540041,168.0,sensitivity,0.25
mortality,GLU,PerRI,2254,1072,0.4755989352262644,0.0492899846422241,1.1325432427765891,0.5767996979361122,0.8364239851238573,0.825857486636628,168.0,soc_rate,0.25
mortality,GLU,Cohen_m2,2254,525,0.2329192546583851,0.2367491587837977,2.297859659958415,1.842284590674534,1.343343829448117,1.1767514831620076,168.0,sensitivity,0.25
mortality,GLU,Cohen_m2,2254,1074,0.4764862466725821,0.1166936470642308,1.137299609063662,1.4651658982953093,1.0866578241649896,1.787259516422485,168.0,soc_rate,0.25
mortality,GLU,Cohen_m3,2254,410,0.1818988464951197,0.0716198427675977,4.606503097386695,3.141543801169601,1.8991969425174944,1.3386536699263103,168.0,sensitivity,0.25
mortality,GLU,Cohen_m3,2254,1074,0.4764862466725821,0.0845584488796173,4.453138188226059,2.3324725065592324,2.309086647055259,1.146122250594741,168.0,soc_rate,0.25
mortality,GLU,Cohen_m4,2254,399,0.1770186335403726,0.1092473446616147,4.768878244679176,2.362071540054139,1.770383478972994,1.6763762113788816,168.0,sensitivity,0.25
mortality,GLU,Cohen_m4,2254,1074,0.4764862466725821,0.0006038474596934,9.96269294994331,2.6788890631340574,2.414330254680164,1.7145577763305624,168.0,soc_rate,0.25
mortality,GLU,StandardOfCare,4858,2098,0.4318649650061754,4.6407301859898195e-09,5.068472616074474,5.523089398601882,5.435596466880872,1.9026222693749573,72.0,soc_rate,0.25
mortality,ALB,PopRI,7069,1318,0.1864478709859952,0.0104172635333209,0.7749839011526113,1.1813461389481508,1.320099586539328,1.656214408833307,0.0,sensitivity,0.25
mortality,GLU,Gaussian_eb,2254,1009,0.4476486246672582,0.7790774554940045,1.2063315433342536,1.5880230904895547,0.9186187705641732,1.277633629587018,168.0,soc_rate,0.25
mortality,K,NORMA_q_age_set_co,17456,1271,0.0728116406966086,0.72834579683503,0.7629542231383383,0.917714854253226,1.005118278908844,0.9605257943982526,72.0,soc_rate,0.25
mortality,GLU,Gaussian_eb,8058,1666,0.2067510548523206,0.05502012594169,2.112876788250313,1.6931790360080765,1.614750538743566,1.4154840161980706,0.0,sensitivity,0.25
mortality,HGB,StandardOfCare,2272,225,0.099031690140845,5.045832494819419e-11,4.049100813823237,3.901800220163616,10.813479330347,5.166470900928391,24.0,sensitivity,0.25
mortality,K,NORMA_334f7e21,17456,1271,0.0728116406966086,0.0150877590237317,1.627811392397417,1.4648164328449311,1.7560373872915376,1.4677838510124754,72.0,soc_rate,0.25
mortality,K,NORMA_q_age,17456,1271,0.0728116406966086,0.1023994641672724,1.1768831880223192,1.0606628532436706,1.2641200961724186,0.9334098796649845,72.0,soc_rate,0.25
mortality,K,StandardOfCare,17456,1271,0.0728116406966086,1.7849941971138595e-09,4.6097046054321495,4.221583076514362,3.499073551221488,1.3470783031313205,72.0,soc_rate,0.25
mortality,K,PopRI,6613,1074,0.1624073794042038,0.0019205653268484,2.250752979974435,1.6079683055024707,1.7032038216925882,1.2656715498559916,168.0,sensitivity,0.25
mortality,K,PopRI,6613,576,0.0871011643732043,0.1920330036648673,2.183366100727273,1.242258916232656,1.0533570543198012,1.005688076874985,168.0,soc_rate,0.25
mortality,K,PerRI,6613,1508,0.2280356872826251,0.0736934416517742,1.820573392881049,0.8174018146542258,1.4254105841052005,1.4851641446154271,168.0,sensitivity,0.25
mortality,K,PerRI,6613,576,0.0871011643732043,0.4282616040479478,1.4979690681496876,0.6060315825679282,0.6372729207345408,0.9065847624162814,168.0,soc_rate,0.25
mortality,K,Cohen_m2,6613,1158,0.1751096325419628,0.0058950283160323,2.498989217580025,1.3580494436153576,1.6548401597192948,1.3917391864745747,168.0,sensitivity,0.25
mortality,K,Cohen_m2,6613,576,0.0871011643732043,0.0009271524143023,3.679373941542041,2.274493937381868,1.8469114728114573,1.2488667393464976,168.0,soc_rate,0.25
mortality,K,Cohen_m3,6613,1001,0.1513685165582942,0.0058938809180457,2.935918778041634,2.377969205072437,2.0978603471199047,1.253167192752242,168.0,sensitivity,0.25
mortality,K,Cohen_m3,6613,576,0.0871011643732043,0.0011264175116683,4.544927881999,2.6071405019941407,2.9427200931336106,1.2275497668197053,168.0,soc_rate,0.25
mortality,K,Cohen_m4,6613,1024,0.154846514441252,0.0187352182412641,2.3791281058720246,1.676517782196426,1.6910098949646986,1.2841072903515571,168.0,sensitivity,0.25
mortality,K,Cohen_m4,6613,576,0.0871011643732043,0.0445843111018182,2.943723182501326,1.8885542341468176,1.7999692074818436,1.3551319545106826,168.0,soc_rate,0.25
mortality,K,Gaussian_mle,6613,1482,0.2241040375018902,0.1610663088032091,1.4827239900312166,0.9359137894955742,1.4335356764798437,1.4596914463137232,168.0,sensitivity,0.25
mortality,K,Gaussian_mle,6613,574,0.0867987297746862,0.023992228651223,0.9596550579314262,1.1075363786933836,1.69324326569633,1.8559827132644728,168.0,soc_rate,0.25
mortality,K,Gaussian_trunc,6613,1276,0.1929532738545289,0.0816494404839453,1.4404852872109,1.5357304960220677,1.4042119388506054,1.4005405370412891,168.0,sensitivity,0.25
mortality,K,Gaussian_trunc,6613,574,0.0867987297746862,0.1787652402692605,0.9406586641877196,1.017048574155109,1.242863303935077,1.79311409228957,168.0,soc_rate,0.25
mortality,K,Gaussian_eb,6613,1230,0.1859972780886133,0.0075894657031098,2.324931013984704,1.239243165254807,1.59402092875788,1.3142185784383018,168.0,sensitivity,0.25
mortality,K,Gaussian_eb,6613,574,0.0867987297746862,0.0654903516857782,2.217613279110735,1.6513409803821542,1.535064081632083,1.1613794393174983,168.0,soc_rate,0.25
mortality,K,NORMA_q_age_set,6613,1267,0.1915923181611976,0.1230018178850232,0.3834465318556582,1.3894359172837685,1.07371021538945,1.1813404477212477,168.0,sensitivity,0.25
mortality,K,NORMA_q_age_set,6613,576,0.0871011643732043,0.10850887051619,0.9594772637031004,1.7620855310566514,1.0581345367440078,1.377399088208025,168.0,soc_rate,0.25
mortality,K,StandardOfCare,22034,646,0.0293183262231097,2.718697231806108e-30,9.926266177542756,7.800754059357174,5.953489757643166,2.2519417166037754,24.0,sensitivity,0.25
mortality,K,NORMA_q_age_set_co,17456,3198,0.1832034830430797,0.017377647635946,1.0898073962315769,1.4219791228919596,1.6395042701361435,1.2472663278525942,72.0,sensitivity,0.25
mortality,K,StandardOfCare,22034,646,0.0293183262231097,2.718697231806108e-30,9.926266177542756,7.800754059357174,5.953489757643166,2.2519417166037754,24.0,soc_rate,0.25
mortality,K,NORMA_334f7e21,6613,576,0.0871011643732043,0.1090433124919642,0.4558801935782313,1.823101429907257,1.730176326119514,1.0836649776316554,168.0,soc_rate,0.25
mortality,K,Gaussian_mle,17456,3696,0.2117323556370302,0.1463478076847531,1.4997437558552875,1.433843208441856,1.3241821233215962,1.313629372372738,72.0,sensitivity,0.25
mortality,K,PopRI,17456,2806,0.1607470210815765,0.0011253060784122,1.4929281669891934,1.636991573217125,1.606535648785948,1.0696090015695074,72.0,sensitivity,0.25
mortality,K,PopRI,17456,1271,0.0728116406966086,0.2227648369989665,1.5958579848754282,1.8832694349172427,1.5424367743354228,0.9729555144161832,72.0,soc_rate,0.25
mortality,K,PerRI,17456,4419,0.2531507791017415,0.72904505133244,0.4795585740774877,0.4520246212852173,0.7227063078911974,1.3717741592037431,72.0,sensitivity,0.25
mortality,K,PerRI,17456,1271,0.0728116406966086,0.1875813047491423,0.3792865569054011,0.1274214501026487,0.7032611803864003,1.2410091022367542,72.0,soc_rate,0.25
mortality,K,Cohen_m2,17456,2961,0.1696264894592117,0.0011639128190289,2.0257385220913893,1.3220313977799965,1.4917707360387826,1.340050683751651,72.0,sensitivity,0.25
mortality,K,Cohen_m2,17456,1271,0.0728116406966086,0.0002088840418322,2.6084182631278416,1.8937319773503585,2.082606810193393,1.297872904370727,72.0,soc_rate,0.25
mortality,K,Cohen_m3,17456,1843,0.1055797433547204,3.165210009549645e-08,2.093861854147653,2.231744822832375,2.5648678607912063,1.322428868239962,72.0,sensitivity,0.25
mortality,K,Cohen_m3,17456,1271,0.0728116406966086,1.1093565625439044e-05,1.6469443301884634,1.987776031582462,2.4467790880460343,1.3547602659560678,72.0,soc_rate,0.25
mortality,K,Cohen_m4,17456,2548,0.1459670027497708,0.000596349249823,1.7189324579162726,1.5801110537361551,1.723621072050355,1.1883375809412455,72.0,sensitivity,0.25
mortality,K,Cohen_m4,17456,1271,0.0728116406966086,0.0013554260780369,2.1318535590167227,1.9217973334758156,1.8800858110782328,1.5289941849586957,72.0,soc_rate,0.25
mortality,K,Gaussian_mle,17456,1263,0.0723533455545371,0.4220042795142573,1.1804586996678466,1.2059745593855136,1.7804110549857863,0.8934721866704597,72.0,soc_rate,0.25
mortality,K,NORMA_q_age,22034,646,0.0293183262231097,0.2588433941776948,0.709224127074415,0.9392736217612724,0.9546167451196956,1.3433200362586413,24.0,soc_rate,0.25
mortality,K,Gaussian_trunc,17456,3695,0.2116750687442713,0.2392400687145532,1.508054212173089,1.1810618041271932,1.2179564416268955,1.2185409247935488,72.0,sensitivity,0.25
mortality,K,Gaussian_trunc,17456,1263,0.0723533455545371,0.0987544918359503,2.104084348775786,1.500375946626361,1.1177483628544629,1.682869833829741,72.0,soc_rate,0.25
mortality,K,Gaussian_eb,17456,3695,0.2116750687442713,0.2263595912899827,0.6321861713979637,0.9394893160994048,1.0945826844158013,0.8890680365739934,72.0,sensitivity,0.25
mortality,K,Gaussian_eb,17456,1263,0.0723533455545371,0.8206853277725912,0.0,0.5357111516020914,1.2648701436437422,1.0777748600301038,72.0,soc_rate,0.25
mortality,K,NORMA_q_age_set,17456,3274,0.1875572868927589,0.0366135036627005,1.2926648744298534,1.3887895522695195,1.3027939046702826,1.0846642697249569,72.0,sensitivity,0.25
mortality,K,NORMA_q_age_set,17456,1271,0.0728116406966086,0.2716225469703558,1.1738168827228124,0.8833315854537716,1.379496629915563,1.2755769172751392,72.0,soc_rate,0.25
mortality,K,NORMA_334f7e21,17456,3061,0.1753551787351054,0.0021951469298143,1.6343293251841835,1.406454890501157,1.7902088123540147,1.1640014419032425,72.0,sensitivity,0.25
mortality,K,NORMA_q_age,17456,3111,0.1782195233730522,0.0049088492305402,1.3299320667040726,1.654776033161645,1.4171871607839683,1.0580329150889825,72.0,sensitivity,0.25
mortality,K,NORMA_q_age,6613,1350,0.2041433539996975,0.282458010144292,1.3648640977564048,1.380567158557449,0.8918667259444939,1.0417222350598925,168.0,sensitivity,0.25
mortality,K,NORMA_334f7e21,6613,1161,0.1755632844397399,0.0278178925282124,1.3049842928813646,1.923232301393908,1.3209107727315437,1.3786031357117965,168.0,sensitivity,0.25
mortality,K,NORMA_q_age,6613,576,0.0871011643732043,0.2382962270202416,0.4567965129214296,1.072616081587093,1.1263004580590446,1.0923297315025815,168.0,soc_rate,0.25
mortality,NA,Gaussian_mle,20775,5257,0.2530445246690734,0.1850640668138379,0.9224669668838784,1.0481636567115644,1.2472199771022805,0.82108212602319,24.0,sensitivity,0.25
mortality,NA,Cohen_m3,20775,1891,0.0910228640192539,1.062170716068016e-16,2.035233154082845,2.671995852622319,2.9471729617114173,1.6967619725923475,24.0,sensitivity,0.25
mortality,NA,Gaussian_trunc,20775,968,0.0465944645006016,0.0142525588380599,3.3567070065017703,4.727935637499916,2.096372133620445,1.332763795617625,24.0,soc_rate,0.25
mortality,NA,Gaussian_eb,20775,3421,0.1646690734055355,2.2815576387397976e-05,1.9206178943727084,1.881001712283996,1.7402250307652765,1.178310045165285,24.0,sensitivity,0.25
mortality,NA,Gaussian_eb,20775,968,0.0465944645006016,0.0004938178588771,2.4029110114686465,2.64088771325503,1.7729115557874584,2.077354922983601,24.0,soc_rate,0.25
mortality,NA,NORMA_q_age_set,20775,4895,0.2356197352587244,0.6495951791121305,0.5066068118377174,0.9569286877806004,0.9605688965908288,0.9167196182637922,24.0,sensitivity,0.25
mortality,NA,NORMA_q_age_set,20775,984,0.0473646209386281,0.0511177339736337,0.7074908634326201,2.4031076386822496,1.6360649759491634,1.2001479587206758,24.0,soc_rate,0.25
mortality,NA,NORMA_334f7e21,20775,3794,0.1826233453670276,0.0394454235462797,0.9276850678138856,1.1925744043568287,1.2317998384126412,1.0567983682010391,24.0,sensitivity,0.25
mortality,NA,NORMA_334f7e21,20775,984,0.0473646209386281,0.0023653742331368,0.7066823686957812,2.6233920995962468,2.209579872866018,1.3434423000190727,24.0,soc_rate,0.25
mortality,NA,NORMA_q_age,20775,3494,0.1681829121540312,5.674553651810948e-05,0.5579929484450461,1.185205077920235,1.4720676076948296,1.5340311007470104,24.0,sensitivity,0.25
mortality,NA,NORMA_q_age,20775,984,0.0473646209386281,0.0300009047432785,0.707480562950397,2.1144723990046663,1.948492721911356,1.1808864281169418,24.0,soc_rate,0.25
mortality,NA,NORMA_q_age_set_co,20775,2889,0.1390613718411552,2.830849729445223e-07,1.2590666342067858,2.1211317502516804,1.9071686838560948,1.4447363037419525,24.0,sensitivity,0.25
mortality,NA,NORMA_q_age_set_co,20775,984,0.0473646209386281,0.0003833626122922,0.707466020972046,2.6281754960446984,2.6803758324050198,1.4226643111565718,24.0,soc_rate,0.25
mortality,NA,StandardOfCare,20775,984,0.0473646209386281,8.080783342324608e-16,0.7026512302528924,4.103143530867411,2.833284351760672,2.4404507536069167,24.0,sensitivity,0.25
mortality,NA,StandardOfCare,20775,984,0.0473646209386281,8.080783342324608e-16,0.7026512302528924,4.103143530867411,2.833284351760672,2.4404507536069167,24.0,soc_rate,0.25
mortality,NA,PopRI,16078,2354,0.1464112451797487,8.971497636965144e-05,0.9364294348449468,1.228107633666082,1.807198775504706,1.5148536457981283,72.0,sensitivity,0.25
mortality,NA,PopRI,16078,1690,0.1051125761910685,0.0001405142248304,1.362332941555313,1.4784696597384532,1.80628920689143,1.582615850739991,72.0,soc_rate,0.25
mortality,NA,Cohen_m3,20775,984,0.0473646209386281,1.760303180025273e-15,3.1536003447330203,3.73354976598496,4.3654096013300165,1.8615741876971743,24.0,soc_rate,0.25
mortality,NA,PerRI,16078,5072,0.3154621221544968,0.9283981592934828,1.1707123898917344,0.8935560118122352,0.8205994896215404,0.7429091435328703,72.0,sensitivity,0.25
mortality,NA,Cohen_m2,16078,3082,0.1916905087697474,0.012685372420903,1.090060072776477,1.6589662199447577,1.4061970552504697,0.9538487051859,72.0,sensitivity,0.25
mortality,NA,Cohen_m4,20775,984,0.0473646209386281,1.7181781986787672e-24,3.177223007186368,3.087358876132554,4.864062883350087,2.5370284965150285,24.0,soc_rate,0.25
mortality,PLT,NORMA_334f7e21,3838,142,0.0369984366857738,0.0617271240330354,0.0,0.0,1.942903054590717,2.9742866163668182,168.0,soc_rate,0.25
mortality,NA,Gaussian_trunc,20775,3778,0.1818531889290012,0.009163812144824,1.1865710736314898,2.098068591840554,1.3060114599385988,1.3131651331603684,24.0,sensitivity,0.25
mortality,K,NORMA_q_age_set_co,6613,1166,0.176319370936035,0.0448334558003815,2.1372104832329613,1.976857843031273,1.1275346590478528,1.2816612774091949,168.0,sensitivity,0.25
mortality,K,StandardOfCare,6613,576,0.0871011643732043,7.599276737577399e-06,9.349500998628317,3.7859312233074975,2.801770930332315,1.5600496701672275,168.0,sensitivity,0.25
mortality,K,NORMA_q_age_set_co,22034,3863,0.1753199600617228,6.078510937447375e-05,3.5085560937966456,1.9632891007091693,1.5757170611004088,1.1706751793403531,24.0,sensitivity,0.25
mortality,NA,Gaussian_mle,20775,968,0.0465944645006016,0.0674322178674305,0.7176890027588961,2.171856034792385,2.212956896992327,0.6827589424100104,24.0,soc_rate,0.25
mortality,K,NORMA_q_age_set_co,6613,576,0.0871011643732043,0.2862689313549832,1.717969687549045,1.4474194246975831,0.973430326564598,1.1677514129586124,168.0,soc_rate,0.25
mortality,K,StandardOfCare,6613,576,0.0871011643732043,7.599276737577399e-06,9.349500998628317,3.7859312233074975,2.801770930332315,1.5600496701672275,168.0,soc_rate,0.25
mortality,NA,PopRI,21996,3322,0.1510274595380978,6.066188476221913e-05,1.1822451465373915,1.6738409332631567,1.7849380361015703,1.2721722763165426,0.0,sensitivity,0.25
mortality,NA,PerRI,21996,6739,0.3063738861611202,0.7574500845500479,1.1254603153908247,0.9538705178715592,1.0126478380863215,0.9112076059040076,0.0,sensitivity,0.25
mortality,NA,Cohen_m2,21996,3693,0.1678941625750136,2.604082596616556e-07,2.616946636643062,2.3640202129493706,1.9753623308493944,1.0537897010508082,0.0,sensitivity,0.25
mortality,NA,Cohen_m3,21996,2053,0.0933351518457901,9.936783228159296e-20,2.0208101689896125,2.672728166989913,2.852136883219905,1.8019626249407945,0.0,sensitivity,0.25
mortality,NA,Cohen_m4,21996,1922,0.0873795235497363,5.304932896896864e-25,3.369829218185745,3.327665394923925,3.586851468814828,2.138406508868722,0.0,sensitivity,0.25
mortality,NA,Gaussian_mle,21996,5224,0.237497726859429,0.0435307886062928,1.5956963658123924,1.3948946020912625,1.328082867824864,0.7918945088970121,0.0,sensitivity,0.25
mortality,K,NORMA_q_age_set_co,22034,646,0.0293183262231097,0.7378308931402752,1.4424482404898276,0.8635883157598321,0.5932310782207698,0.8363264923868585,24.0,soc_rate,0.25
mortality,K,NORMA_q_age,22034,3875,0.1758645729327403,9.951285804685292e-05,3.1843391024798624,1.992853116300574,1.3813559550820385,1.0848826614942468,24.0,sensitivity,0.25
mortality,NA,Gaussian_trunc,21996,3641,0.1655300963811602,0.0031105903001181,2.368971822903866,2.0766913154375777,1.6258993191625413,1.3464996596185772,0.0,sensitivity,0.25
mortality,NA,NORMA_334f7e21,21996,4179,0.1899890889252591,0.1032083406823147,0.716114405812646,0.9151721533718274,1.0368718027203996,1.2087756959717046,0.0,sensitivity,0.25
mortality,NA,NORMA_q_age,21996,3999,0.1818057828696126,0.0004440054957363,0.4263042816819058,0.7440995958655545,1.150259475075195,1.6887107412861062,0.0,sensitivity,0.25
mortality,NA,NORMA_q_age_set_co,21996,3187,0.1448899799963629,4.89624229926999e-08,1.362057530349366,1.6165655832744588,1.6573934313895764,1.6047179367695512,0.0,sensitivity,0.25
mortality,NA,PopRI,20775,3483,0.1676534296028881,0.0013724639329318,0.5602870611371878,1.2153242954406611,1.8267595649285715,1.11285420384072,24.0,sensitivity,0.25
mortality,NA,PopRI,20775,984,0.0473646209386281,0.3850331215169271,0.7045876530265657,1.4650990479004518,0.7580254787079466,0.6265246287575508,24.0,soc_rate,0.25
mortality,NA,PerRI,20775,6742,0.3245246690734055,0.7154361058784734,0.6603320716721788,0.826845531937827,0.9555822082232234,0.957588024206518,24.0,sensitivity,0.25
mortality,NA,PerRI,20775,983,0.0473164861612515,0.8853922308474257,0.7107540410138876,0.4104050517471624,0.801271195412357,1.6745426205730822,24.0,soc_rate,0.25
mortality,NA,Cohen_m2,20775,3703,0.1782430806257521,1.096146878280446e-05,1.7219752126736287,1.5607338520509697,2.002599628020682,1.0095926091045968,24.0,sensitivity,0.25
mortality,NA,Cohen_m2,20775,984,0.0473646209386281,3.879033806178885e-08,5.1167504581727234,3.612737764482168,3.2719922127047463,1.2362541005757506,24.0,soc_rate,0.25
mortality,NA,Gaussian_eb,21996,3420,0.1554828150572831,1.4131796601100386e-07,2.554740247801665,2.294795985905364,1.9316708664982,1.1869908984674424,0.0,sensitivity,0.25
mortality,NA,NORMA_q_age_set,21996,5315,0.2416348426986725,0.789603362496014,0.8672678933227245,0.8191085984239677,0.8964364433522107,1.0287004575213428,0.0,sensitivity,0.25
mortality,HGB,Gaussian_trunc,1425,264,0.1852631578947368,0.4420564585112488,1.5269223839877353,1.2682534533789682,1.125764234185682,1.0930591689238256,72.0,sensitivity,0.25
mortality,NA,PerRI,16078,1689,0.1050503794004229,0.6095222684224622,0.6866674201879264,0.4756811469195012,0.6607940057776939,1.1264254416441757,72.0,soc_rate,0.25
mortality,K,NORMA_334f7e21,23234,4030,0.1734526986313161,8.391203162004855e-06,1.717107239187794,2.0936163735956823,1.7368183519523206,1.1573341446205858,0.0,sensitivity,0.25
mortality,HGB,Cohen_m4,1425,403,0.2828070175438597,0.0276605821610591,0.6824584866860937,2.901578415534758,3.043654968787017,1.3682392530306402,72.0,soc_rate,0.25
mortality,HGB,Gaussian_eb,1425,358,0.2512280701754386,0.3344974157840711,2.7075003655152408,0.7677437457612021,0.4589001669039302,0.8148808629272632,72.0,sensitivity,0.25
mortality,HGB,Gaussian_eb,1425,381,0.2673684210526316,0.7799118354179058,2.471159754224504,0.700267381095776,1.064528498973043,0.9775725051780542,72.0,soc_rate,0.25
mortality,HGB,NORMA_q_age_set,1425,409,0.2870175438596491,0.4547961064509709,0.0,0.0,0.4065731425226349,1.0243468461144152,72.0,sensitivity,0.25
mortality,HGB,NORMA_q_age_set,1425,403,0.2828070175438597,0.6100030586406657,0.0,0.4631264307460903,0.6179134381916694,0.9752897508749608,72.0,soc_rate,0.25
mortality,HGB,NORMA_334f7e21,1425,447,0.3136842105263158,0.2837925662734447,0.0,0.3618246731534325,0.6495779893497413,0.6656373042521386,72.0,sensitivity,0.25
mortality,HGB,NORMA_334f7e21,1425,403,0.2828070175438597,0.3419237598784729,0.0,0.4369993879827763,0.8006845398679018,0.5145727138467469,72.0,soc_rate,0.25
mortality,HGB,NORMA_q_age,1425,351,0.2463157894736842,0.3695342293496139,0.0,0.5741505393274245,1.7595148736040598,1.9265096504628836,72.0,sensitivity,0.25
mortality,HGB,NORMA_q_age,1425,403,0.2828070175438597,0.4225420728837196,0.0,0.4626814700793106,1.27220006768509,2.0437405038921237,72.0,soc_rate,0.25
mortality,HGB,NORMA_q_age_set_co,1425,286,0.2007017543859649,0.5890040238703532,0.0,0.6521209388051868,1.2716869447452823,1.2159861903444102,72.0,sensitivity,0.25
mortality,HGB,NORMA_q_age_set_co,1425,403,0.2828070175438597,0.827636665677972,0.0,0.4188003182194126,0.5336271951567282,1.460410639128701,72.0,soc_rate,0.25
mortality,HGB,StandardOfCare,1425,403,0.2828070175438597,1.7711084516991222e-11,7.495675919612758,2.762445316144153,7.624352991274119,5.367464239307798,72.0,sensitivity,0.25
mortality,HGB,StandardOfCare,1425,403,0.2828070175438597,1.7711084516991222e-11,7.495675919612758,2.762445316144153,7.624352991274119,5.367464239307798,72.0,soc_rate,0.25
mortality,HGB,PopRI,626,174,0.2779552715654952,0.4397928327671754,1.5874103932892587,0.8792628087212252,0.3883661214778862,0.4588652058805977,168.0,sensitivity,0.25
mortality,HGB,PopRI,626,222,0.3546325878594249,0.4727019240737025,1.1232656341922227,0.6220382110506044,0.2733011730153513,0.7459225833190062,168.0,soc_rate,0.25
mortality,HGB,PerRI,626,83,0.1325878594249201,0.0987677134775895,9.825509212713962,4.43954306398955,1.721621356587916,1.743687190022233,168.0,sensitivity,0.25
mortality,HGB,PerRI,626,221,0.353035143769968,0.0107663706936669,7.826463321791381,2.148636400639142,3.146202089755044,2.3223243408446903,168.0,soc_rate,0.25
mortality,HGB,Cohen_m2,626,56,0.0894568690095846,0.0008360946720572,7.359211838850953,4.050178732285137,3.402818926936308,2.965062084469763,168.0,sensitivity,0.25
mortality,HGB,Cohen_m2,626,222,0.3546325878594249,0.3625375165619732,1.2423543067528688,1.3857520723650736,1.4668930042285189,1.101308737218115,168.0,soc_rate,0.25
mortality,HGB,Cohen_m3,626,62,0.0990415335463258,0.0005204152733372,6.46955928007206,3.552211875191407,2.9255459310104737,3.084245325381825,168.0,sensitivity,0.25
mortality,HGB,Gaussian_mle,1425,381,0.2673684210526316,0.8024604326681744,0.0,0.0,0.6373097876832167,1.3345823145296407,72.0,soc_rate,0.25
mortality,HGB,Cohen_m4,1425,137,0.0961403508771929,0.0003823675500153,0.0,0.0,4.237879278865608,2.889511130995657,72.0,sensitivity,0.25
mortality,HGB,Gaussian_trunc,2272,416,0.1830985915492957,0.7637142297337565,2.8605187539215446,1.6994300561472446,0.9699287545952197,1.061295327226718,24.0,sensitivity,0.25
mortality,HGB,Gaussian_trunc,2272,212,0.0933098591549295,0.5374123258308617,1.4451577458658873,0.5622783523669845,0.5297788181818858,0.9310815254930848,24.0,soc_rate,0.25
mortality,HGB,Gaussian_mle,2272,905,0.3983274647887324,0.0207700077887713,1.0770769057715424,0.5816218772512507,0.8412007487307243,0.3263286165295802,24.0,sensitivity,0.25
mortality,HGB,Gaussian_eb,2272,576,0.2535211267605634,0.5786258495425374,1.0344317335585316,0.8340381192215934,0.4714475357959841,1.0689914061714838,24.0,sensitivity,0.25
mortality,HGB,Gaussian_trunc,1425,381,0.2673684210526316,0.9557483427244936,2.4565572137495755,2.583192879609338,1.955588855299462,1.3423799135511465,72.0,soc_rate,0.25
mortality,HGB,Gaussian_eb,2272,212,0.0933098591549295,0.4937100425224738,1.4485128411826755,0.5681357080861319,0.1777676760164625,1.9795325228190723,24.0,soc_rate,0.25
mortality,HGB,NORMA_q_age_set,2272,596,0.2623239436619718,0.8996204378382417,2.005604198337261,0.9539795958231282,0.9622175424417798,0.8941816985543158,24.0,sensitivity,0.25
mortality,HGB,NORMA_q_age_set,2272,225,0.099031690140845,0.9927713579704444,0.0,0.0,0.7752667317742388,2.3878165071181328,24.0,soc_rate,0.25
mortality,HGB,NORMA_334f7e21,2272,663,0.2918133802816901,0.5137561828119905,0.9682465191221856,0.5893364522477165,0.8942433300375681,0.6073180213941212,24.0,sensitivity,0.25
mortality,HGB,NORMA_334f7e21,2272,225,0.099031690140845,0.2891265938246693,0.0,0.0,0.7744100463871889,0.8602836807218971,24.0,soc_rate,0.25
mortality,HGB,NORMA_q_age,2272,585,0.2574823943661972,0.5445351957011372,1.1618773236495898,0.7080893498117863,1.232558738465683,1.0529759112324246,24.0,sensitivity,0.25
mortality,HGB,NORMA_q_age,2272,225,0.099031690140845,0.8654702075011982,0.0,0.0,1.9942341644931303,2.1560192121291246,24.0,soc_rate,0.25
mortality,HGB,Cohen_m3,626,222,0.3546325878594249,0.2821937639770043,1.2470335312255558,1.4108525064522133,0.907243789513248,1.082942128379386,168.0,soc_rate,0.25
mortality,HGB,Gaussian_mle,1425,370,0.2596491228070175,0.689358824942002,0.0,0.0,0.6570782784621645,1.080009366463123,72.0,sensitivity,0.25
mortality,HGB,NORMA_q_age_set_co,2272,480,0.2112676056338028,0.5861128138935412,2.66953196099902,0.791310838720307,1.0541263124788007,0.5049825073827804,24.0,sensitivity,0.25
mortality,HGB,Gaussian_mle,626,119,0.1900958466453674,0.9982594152482034,5.724251057585263,2.6788805661463155,1.0563913769095972,0.5383616401371786,168.0,sensitivity,0.25
mortality,HGB,PopRI,1425,275,0.1929824561403508,0.8977496607167584,1.422207601878592,1.3402804053093604,0.9959858007348918,1.0108982939398348,72.0,sensitivity,0.25
mortality,HGB,PopRI,1425,403,0.2828070175438597,0.9871452640252945,2.2670728104202555,1.315357530286658,0.7986511567709269,0.7937603851504228,72.0,soc_rate,0.25
mortality,HGB,PerRI,1425,248,0.1740350877192982,0.0335824513638203,1.713898188711432,2.0952648492411976,3.919582206691073,1.447413716906104,72.0,sensitivity,0.25
mortality,HGB,PerRI,1425,401,0.2814035087719298,0.0767764070669505,0.8924747083899636,1.049009351853554,1.9310186415634225,1.4214739090352873,72.0,soc_rate,0.25
mortality,HGB,Cohen_m2,1425,178,0.1249122807017543,0.0082235441093195,0.0,2.817138729621527,3.272885877618504,2.22508433409383,72.0,sensitivity,0.25
mortality,HGB,Cohen_m2,1425,403,0.2828070175438597,0.0173659599694292,2.2593999555281115,4.823133142954291,3.764801479659796,1.189527790953366,72.0,soc_rate,0.25
mortality,HGB,Cohen_m3,1425,162,0.1136842105263157,0.0002615802714892,0.0,1.1892143060674505,4.32351359665729,3.167229102879157,72.0,sensitivity,0.25
mortality,HGB,Cohen_m3,1425,403,0.2828070175438597,0.0191066008408525,0.6816272290117545,2.9490734007611934,3.1573755136635544,1.437396884867553,72.0,soc_rate,0.25
mortality,HGB,NORMA_q_age_set_co,2272,225,0.099031690140845,0.7994715057128228,0.0,0.0,1.6298216682776894,1.3686553318184351,24.0,soc_rate,0.25
mortality,HGB,StandardOfCare,2272,225,0.099031690140845,5.045832494819419e-11,4.049100813823237,3.901800220163616,10.813479330347,5.166470900928391,24.0,soc_rate,0.25
mortality,HGB,Cohen_m4,626,50,0.0798722044728434,5.3601012174112135e-06,8.230028838914956,4.518189053216874,3.673754862117225,3.8344613742590616,168.0,sensitivity,0.25
mortality,NA,Cohen_m4,20775,1868,0.0899157641395908,8.276693291845756e-20,2.5969283085433688,2.7140110272763804,3.896067198025456,2.010569590290626,24.0,sensitivity,0.25
mortality,K,StandardOfCare,17456,1271,0.0728116406966086,1.7849941971138595e-09,4.6097046054321495,4.221583076514362,3.499073551221488,1.3470783031313205,72.0,sensitivity,0.25
mortality,K,NORMA_q_age_set,23234,4331,0.1864078505638288,0.0008639533705774,1.7993327144460978,1.7150289227421958,1.4982223629484617,1.0394735524889505,0.0,sensitivity,0.25
mortality,K,PopRI,22034,646,0.0293183262231097,0.000402674043957,3.921259407492332,2.971086036083914,3.017188589015505,1.1539474020647784,24.0,soc_rate,0.25
mortality,K,PerRI,22034,5819,0.2640918580375783,0.8649646916083105,0.954255889496599,0.8830775087030301,0.8862048760531445,1.270878149301539,24.0,sensitivity,0.25
mortality,K,PerRI,22034,646,0.0293183262231097,0.4613910790571681,0.7071741863389709,0.6868959877658776,0.233861955372747,0.7572758580319264,24.0,soc_rate,0.25
mortality,K,Cohen_m2,22034,3521,0.1597984932377235,4.564446493584147e-05,2.411799351706165,2.096181993243614,1.6524128760094328,1.4073000419173909,24.0,sensitivity,0.25
mortality,K,Cohen_m2,22034,646,0.0293183262231097,8.877082440441582e-06,2.1979667709234088,3.0554900575363857,3.273570511236524,1.6068499847431688,24.0,soc_rate,0.25
mortality,K,Cohen_m3,22034,2353,0.1067895071253517,3.805853999541327e-11,3.524463259547682,2.856881646500092,2.743804604062788,1.2891588526809852,24.0,sensitivity,0.25
mortality,K,Cohen_m3,22034,646,0.0293183262231097,0.0004906794053166,4.01155214745986,3.3602524643694944,2.978134165860237,1.7006763164731635,24.0,soc_rate,0.25
mortality,K,Cohen_m4,22034,2897,0.1314786239448125,3.477504275761448e-07,3.6810780298488783,2.648250634746661,1.906495064982,1.2263004995737496,24.0,sensitivity,0.25
mortality,K,Cohen_m4,22034,646,0.0293183262231097,0.0065024449462516,3.929648811807907,2.5181698487782764,1.7084424054142175,1.4844579977693144,24.0,soc_rate,0.25
mortality,K,Gaussian_mle,22034,5507,0.2499319233911228,0.9000906592175467,1.119578434233938,1.0851687663896818,1.0505678945038184,1.009515093848086,24.0,sensitivity,0.25
mortality,K,Gaussian_mle,22034,641,0.0290914041935191,0.4059550802987283,1.4435812271578408,0.5521987530866083,0.5987561624573738,0.6176212267025053,24.0,soc_rate,0.25
mortality,K,Gaussian_trunc,22034,4705,0.2135336298447853,0.176965228278084,0.9891493089634884,1.0767068851815955,1.090327615806565,1.1521423268955095,24.0,sensitivity,0.25
mortality,K,Gaussian_trunc,22034,641,0.0290914041935191,0.1308422898726267,0.7124834300253942,1.6615104645533314,1.2276442826315883,1.399397642668971,24.0,soc_rate,0.25
mortality,K,Gaussian_eb,22034,4105,0.1863029862939094,0.0013693301989493,2.444452092614574,1.800371045901483,1.5888648372041143,0.9702049970527102,24.0,sensitivity,0.25
mortality,K,Gaussian_eb,22034,641,0.0290914041935191,0.9143213155352332,2.233416540270992,0.8417030686844146,1.0483042201340311,0.9692103895472344,24.0,soc_rate,0.25
mortality,K,NORMA_q_age_set,22034,4270,0.1937914132704002,0.0024783530782103,2.368626713753544,1.6607177520977725,1.2286102746087455,0.942130939585048,24.0,sensitivity,0.25
mortality,K,NORMA_334f7e21,22034,646,0.0293183262231097,0.02480579812958,0.7091617073386002,1.978804673072934,1.5980810472635474,1.5247166094359594,24.0,soc_rate,0.25
mortality,K,NORMA_334f7e21,22034,3915,0.1776799491694653,0.0001015978680862,3.1226154620869218,2.073901133500344,1.4290805534405198,1.1383555610191454,24.0,sensitivity,0.25
mortality,K,NORMA_q_age_set_co,23234,4147,0.1784884221399673,0.0001355204863509,1.3302470706906624,2.0371718967550976,1.4439424694466565,1.079849186127242,0.0,sensitivity,0.25
mortality,K,NORMA_q_age,23234,4182,0.1799948351553757,0.0001430507087751,1.5320855617780151,1.8643592647146652,1.60295944456776,1.091507168106893,0.0,sensitivity,0.25
mortality,K,Gaussian_eb,23234,4840,0.2083153998450546,0.0146325582799793,1.108535722212087,1.6024378754113715,1.1872136340276918,0.9674515672580816,0.0,sensitivity,0.25
mortality,HGB,Gaussian_mle,626,212,0.3386581469648562,0.5194345196441044,7.221783741121739,4.455971600737843,1.0936661179412162,0.9134623156520548,168.0,soc_rate,0.25
mortality,K,NORMA_q_age_set,22034,646,0.0293183262231097,0.0636686356578849,1.4411573578564558,1.5774350155702768,1.0875843250650323,1.863848848823162,24.0,soc_rate,0.25
mortality,WBC,StandardOfCare,3377,627,0.1856677524429967,2.996369994205183e-14,25.5898856354311,6.647980933869246,5.344520805242018,2.8725506553479803,168.0,sensitivity,0.25
mortality,HGB,Gaussian_trunc,626,212,0.3386581469648562,0.7318394586075861,3.2246440964269576,2.7084717926246498,0.822169592062337,1.1897979216891703,168.0,soc_rate,0.25
mortality,HGB,Gaussian_trunc,626,123,0.1964856230031949,0.1931425701173766,0.0,0.7757325596144535,0.3627595484289618,0.5594163131709629,168.0,sensitivity,0.25
mortality,HGB,Gaussian_eb,626,149,0.2380191693290735,0.2532844470330923,0.7626494506531669,0.475265531973026,0.7761001744714546,0.9397502675505506,168.0,sensitivity,0.25
mortality,HGB,NORMA_q_age_set_co,626,222,0.3546325878594249,0.8861982810313693,2.653997948717832,1.1979576640655192,0.4668534118361326,1.009195392670578,168.0,soc_rate,0.25
mortality,HGB,NORMA_q_age_set,626,147,0.2348242811501597,0.9468721108059432,0.7776535221018569,0.4828244636596399,0.2334214372516132,2.052864683301795,168.0,sensitivity,0.25
mortality,HGB,NORMA_q_age_set,626,222,0.3546325878594249,0.9671298258886633,2.6787534563710653,1.205179805956203,0.4730697151105149,1.2874640874389465,168.0,soc_rate,0.25
mortality,HGB,NORMA_334f7e21,626,193,0.3083067092651757,0.2561945896764325,1.3956818560247628,0.7735492643842304,0.3417614134450628,0.4254557111278182,168.0,sensitivity,0.25
mortality,HGB,NORMA_334f7e21,626,222,0.3546325878594249,0.2203261084170534,2.6897182545819,1.2158388413577053,0.476807667547344,0.3004742226171795,168.0,soc_rate,0.25
mortality,HGB,NORMA_q_age,626,119,0.1900958466453674,0.8586956823319032,2.946912786883235,1.610899828292219,0.7109715507453239,1.292447359094626,168.0,sensitivity,0.25
mortality,HGB,Cohen_m4,626,222,0.3546325878594249,0.0979610480170959,1.2470335312255558,1.4020399767516594,2.448518306964846,1.2635180127699237,168.0,soc_rate,0.25
mortality,HGB,NORMA_q_age,626,222,0.3546325878594249,0.4315035273167813,2.6897182545819,1.213676024594642,0.8305694012008014,1.655627621113084,168.0,soc_rate,0.25
mortality,HGB,Gaussian_eb,626,212,0.3386581469648562,0.8047479538287778,8.555622274881998,2.4204018696713856,1.3748512290221304,1.4769748596823289,168.0,soc_rate,0.25
mortality,K,Cohen_m4,23234,3181,0.136911422914694,2.076546265916582e-07,1.8461376996064165,2.521904195106016,1.7806388705756897,1.3339731153248533,0.0,sensitivity,0.25
mortality,K,PopRI,22034,3265,0.1481800853226831,6.019726305864939e-07,3.2191732479083344,2.699282949476296,2.070470854215412,0.9704767893923338,24.0,sensitivity,0.25
mortality,HGB,StandardOfCare,626,222,0.3546325878594249,2.08312274750723e-08,7.849675848461891,4.488290982541934,10.844275673174206,10.786272380135689,168.0,soc_rate,0.25
mortality,K,PopRI,23234,3538,0.1522768356718602,1.395376230095662e-07,1.624133259611792,2.483016426994806,1.8733747503094909,1.0671791645918542,0.0,sensitivity,0.25
mortality,K,PerRI,23234,5839,0.2513127313419988,0.7228337667783404,1.3890646990346356,1.1860943938962687,0.9057335338009032,1.028403618088731,0.0,sensitivity,0.25
mortality,K,Cohen_m2,23234,3775,0.1624774038047688,2.080250756674098e-05,1.51518704478157,1.7828244604496135,1.5524368488184428,1.4866419260816623,0.0,sensitivity,0.25
mortality,K,Cohen_m3,23234,2590,0.1114745631402255,7.52308470446672e-12,2.159782521566687,2.799344909867449,2.2880080569737755,1.4161446167881016,0.0,sensitivity,0.25
mortality,HGB,NORMA_q_age_set_co,626,87,0.1389776357827476,0.2784716481888707,3.879131629716513,2.161688807893957,0.9521803593327746,1.3837060933127567,168.0,sensitivity,0.25
mortality,K,Gaussian_trunc,23234,5103,0.2196350176465524,0.1305283672187202,1.7766737971771511,1.1561680226599904,0.956189352536013,1.08645608994474,0.0,sensitivity,0.25
mortality,K,Gaussian_mle,23234,5643,0.2428768184557114,0.867811411416429,1.2926429237149817,1.2921773388188,0.9914119610737844,1.4368533797879215,0.0,sensitivity,0.25
mortality,HGB,StandardOfCare,626,222,0.3546325878594249,2.08312274750723e-08,7.849675848461891,4.488290982541934,10.844275673174206,10.786272380135689,168.0,sensitivity,0.25
periop_infection,CL,NORMA_334f7e21,13720,2778,0.2024781341107871,0.903410772317618,4.076786078282344,3.103613580538152,1.2043664172612678,0.5892444055104605,0.0,sensitivity,0.25
periop_infection,CL,NORMA_q_age_set,13720,2975,0.2168367346938775,0.532783562584205,2.447213313089169,1.7940002355184612,0.9326555986022796,0.6206547928252464,0.0,sensitivity,0.25
periop_infection,CL,Gaussian_eb,13720,3209,0.2338921282798833,0.734233705312179,3.3042095749631675,1.9356881931924397,1.5018367890818791,0.6250515929570778,0.0,sensitivity,0.25
periop_infection,CL,Gaussian_mle,12617,3115,0.2468891178568598,0.4454022628083934,2.0466925455633573,2.455505701228117,1.0648944580534103,0.5929969614405608,24.0,sensitivity,0.25
periop_infection,CL,Gaussian_mle,13720,3192,0.2326530612244897,0.8097635708066482,2.2463413462205155,2.0114895877629717,1.3005102060858813,0.6632728452287899,0.0,sensitivity,0.25
periop_infection,CL,Cohen_m4,13720,3256,0.2373177842565597,0.7751010239277475,0.8082427477594494,0.7039027566798822,0.7741127858871335,1.1525097229431474,0.0,sensitivity,0.25
periop_infection,CL,Cohen_m3,13720,3089,0.2251457725947521,0.5118837248721229,0.8650943262384878,0.9826883126969236,0.9601232985726532,0.6016374559074564,0.0,sensitivity,0.25
periop_infection,CL,Gaussian_trunc,13720,4599,0.3352040816326531,0.4321576618696101,0.4905528853432391,0.7649310863451111,1.051697650208147,0.6498339083688952,0.0,sensitivity,0.25
periop_infection,CL,NORMA_q_age,13720,2817,0.2053206997084548,0.614418361429311,2.627424089389787,1.907326320187502,0.9829174789621442,0.5330333393158134,0.0,sensitivity,0.25
periop_infection,CL,PerRI,12617,661,0.0523896330347943,0.1397807724540771,0.0,2.1636197321126365,1.0358844117849189,0.866274289994045,24.0,soc_rate,0.25
periop_infection,CL,PopRI,12617,2176,0.1724657208528176,0.7894986294809219,1.1132389144978294,2.2171364342257225,1.0628694917289967,0.6343066926919789,24.0,sensitivity,0.25
periop_infection,CL,PopRI,12617,661,0.0523896330347943,0.1209800725263225,0.0,1.532625878937338,0.7427804253674278,0.3779298965041755,24.0,soc_rate,0.25
periop_infection,CL,PerRI,12617,4214,0.3339938178647856,0.9560945106027388,0.5546223250570617,1.18910073420397,0.8946742865637374,0.735150612318518,24.0,sensitivity,0.25
periop_infection,CL,Cohen_m2,12617,3756,0.2976935880161687,0.001906464510033,0.6397889829573756,0.9546203909173276,0.651305598487167,0.3807433045859796,24.0,sensitivity,0.25
periop_infection,CL,Cohen_m2,12617,661,0.0523896330347943,0.4159775900071947,0.0,2.158561223421878,2.0596937882647515,0.2903188542792987,24.0,soc_rate,0.25
periop_infection,CL,Cohen_m3,12617,2941,0.2330982008401363,0.2879390034913902,0.8897551466226626,1.6028839677254487,1.0588936137312546,0.5735734715224756,24.0,sensitivity,0.25
periop_infection,CL,Cohen_m3,12617,661,0.0523896330347943,0.3320613690419485,0.0,1.4972790580430635,0.88733488976247,0.2864519499425157,24.0,soc_rate,0.25
periop_infection,CL,Cohen_m4,12617,3038,0.2407862407862407,0.6305258765462496,0.8513967972189103,1.267780001174465,0.683255360060593,1.0750849439641903,24.0,sensitivity,0.25
periop_infection,CL,Cohen_m4,12617,661,0.0523896330347943,0.7625536689828081,0.0,1.8089827356770165,1.0400136691163575,1.0337854051372817,24.0,soc_rate,0.25
periop_infection,CL,NORMA_q_age_set_co,13720,2884,0.210204081632653,0.1990829821893727,1.6708671745774677,1.5928062599140735,0.8693824714626679,0.5079784553133379,0.0,sensitivity,0.25
periop_infection,CL,Cohen_m2,13720,4042,0.2946064139941691,0.0090436290894646,0.2555385808872768,0.4103327304469164,0.7380087492582165,0.4312634642137912,0.0,sensitivity,0.25
periop_infection,CA,NORMA_q_age_set,2032,447,0.2199803149606299,0.6089113854791695,0.0,0.0,1.176689299623683,1.0435409752141558,168.0,soc_rate,0.25
periop_infection,CL,PopRI,13720,2570,0.1873177842565597,0.840325532170801,2.879851848630937,1.7254511210263022,0.8608761816421449,0.5799554112607268,0.0,sensitivity,0.25
periop_infection,CA,Cohen_m2,2032,350,0.1722440944881889,0.2628614680715523,0.0,1.657620476429528,2.078735414596353,0.9112138595503714,168.0,sensitivity,0.25
periop_infection,CA,Cohen_m2,2032,447,0.2199803149606299,0.153370822007494,0.0,3.430581838235142,2.1780162267004632,0.7973405603654219,168.0,soc_rate,0.25
periop_infection,CA,Cohen_m3,2032,342,0.1683070866141732,0.1594472507778032,0.0,1.6843318993980585,2.1496874371383914,1.5331260584712485,168.0,sensitivity,0.25
periop_infection,CA,Cohen_m3,2032,447,0.2199803149606299,0.6854256940128505,0.0,1.2374362277234374,1.5535826143519451,0.7729137868430733,168.0,soc_rate,0.25
periop_infection,CA,Cohen_m4,2032,341,0.1678149606299212,0.5916057102523645,0.0,1.7662683832934716,2.247217175142836,1.5444569074157746,168.0,sensitivity,0.25
periop_infection,CA,Cohen_m4,2032,447,0.2199803149606299,0.7119380763061365,0.0,1.300377623977388,1.6901393183766384,1.393957252014984,168.0,soc_rate,0.25
periop_infection,CA,Gaussian_mle,2032,486,0.2391732283464566,0.6934037634829224,0.0,1.0297276345937785,0.7317015304678516,1.2729920426657255,168.0,sensitivity,0.25
periop_infection,CA,Gaussian_mle,2032,442,0.21751968503937,0.5333705436736658,0.0,1.1600879201396253,0.8405482878260773,0.6658126636415013,168.0,soc_rate,0.25
periop_infection,CA,Gaussian_trunc,2032,450,0.2214566929133858,0.3289459746604103,0.0,1.2356051721554075,0.8204928123977446,1.0963005118513145,168.0,sensitivity,0.25
periop_infection,CA,Gaussian_trunc,2032,442,0.21751968503937,0.5233204747336229,0.0,0.0,0.4250308240108219,1.002465332920778,168.0,soc_rate,0.25
periop_infection,CA,Gaussian_eb,2032,502,0.2470472440944882,0.3308016972165819,0.0,0.9662658892484126,0.6813209926761901,0.7005270419950901,168.0,sensitivity,0.25
periop_infection,CA,Gaussian_eb,2032,442,0.21751968503937,0.4763635541224735,0.0,1.1479941863125347,0.8222919860756016,0.6700120004349065,168.0,soc_rate,0.25
periop_infection,CA,NORMA_q_age_set,2032,606,0.2982283464566929,0.6117741220943295,0.0,0.7393911212972155,1.7505224355012896,1.029784779025654,168.0,sensitivity,0.25
periop_infection,CA,NORMA_334f7e21,2032,553,0.2721456692913386,0.5894827791512077,0.0,0.8176486394853207,1.913602366219726,1.0998155100403952,168.0,sensitivity,0.25
periop_infection,CA,NORMA_334f7e21,2032,447,0.2199803149606299,0.9642913387982044,0.0,0.0,1.8739647615834945,1.071776477522177,168.0,soc_rate,0.25
periop_infection,CA,NORMA_q_age,2032,510,0.2509842519685039,0.7149626073047033,0.0,0.0,1.4714642127825823,1.0373691154286644,168.0,sensitivity,0.25
periop_infection,CA,NORMA_q_age,2032,447,0.2199803149606299,0.6638089364846589,0.0,0.0,1.7374569880726651,1.2290237682408416,168.0,soc_rate,0.25
periop_infection,CA,NORMA_q_age_set_co,2032,416,0.2047244094488189,0.0589575465182769,0.0,0.0,1.3141797369831612,1.893706155983788,168.0,sensitivity,0.25
periop_infection,CA,NORMA_q_age_set_co,2032,447,0.2199803149606299,0.2425467160006499,0.0,0.0,1.1558626852282852,1.3754708868329395,168.0,soc_rate,0.25
periop_infection,CA,StandardOfCare,2032,447,0.2199803149606299,0.0020154688572406,,3.00999880142863,1.402039942460387,2.5368036396645466,168.0,sensitivity,0.25
periop_infection,CA,StandardOfCare,2032,447,0.2199803149606299,0.0020154688572406,,3.00999880142863,1.402039942460387,2.5368036396645466,168.0,soc_rate,0.25
periop_infection,CL,PerRI,13720,4462,0.3252186588921282,0.942223833879768,0.5243996229676092,0.9601445615032246,0.908032621815646,0.860260187445306,0.0,sensitivity,0.25
periop_infection,CL,Gaussian_mle,12617,647,0.0512800190219545,0.2870384872615142,0.0,2.524529545139865,0.6872925532050596,0.4941074456846352,24.0,soc_rate,0.25
periop_infection,CL,Cohen_m4,9025,1424,0.1577839335180055,0.2842850181639463,1.0634684050097385,0.7383255419164351,0.6533615453373646,0.7721805310687284,72.0,soc_rate,0.25
periop_infection,CL,Gaussian_trunc,12617,647,0.0512800190219545,0.6525003679990171,0.0,4.035856915741314,1.059613357253771,1.7778259107935634,24.0,soc_rate,0.25
periop_infection,CL,Gaussian_eb,9025,1397,0.154792243767313,0.8023987458786029,5.642435951312864,2.9952544459857946,1.6763375705668726,0.7555890206497431,72.0,soc_rate,0.25
periop_infection,CL,NORMA_q_age_set,9025,2155,0.238781163434903,0.1797918592502733,3.182746727893048,2.0264944500281405,0.8062539577528763,0.847485574964773,72.0,sensitivity,0.25
periop_infection,CL,NORMA_q_age_set,9025,1424,0.1577839335180055,0.5469778623810938,5.316178240858058,1.7653950608831748,0.7161974413595706,0.8533338143831748,72.0,soc_rate,0.25
periop_infection,CL,NORMA_334f7e21,9025,1946,0.2156232686980609,0.3843022763033188,3.615205217840721,1.7305946468664155,0.8035177924395853,0.7260790725582714,72.0,sensitivity,0.25
periop_infection,CL,NORMA_334f7e21,9025,1424,0.1577839335180055,0.439918189870582,5.274989619970617,1.1910671542471385,0.5812688823424763,0.6665041136569045,72.0,soc_rate,0.25
periop_infection,CL,NORMA_q_age,9025,2127,0.2356786703601108,0.3234220634200428,3.221209172382568,2.054011006053853,0.8273005359472162,0.6349084746639019,72.0,sensitivity,0.25
periop_infection,CL,NORMA_q_age,9025,1424,0.1577839335180055,0.6504080899681388,5.292919960521135,1.306943634435358,0.6176011532726606,0.5975726268355711,72.0,soc_rate,0.25
periop_infection,CL,NORMA_q_age_set_co,9025,1918,0.2125207756232687,0.0701737707179549,1.9617865316686784,1.0449035814816818,0.6399030837777384,0.6813396248390347,72.0,sensitivity,0.25
periop_infection,CL,NORMA_q_age_set_co,9025,1424,0.1577839335180055,0.1080312672074149,2.8149929766737096,1.510248586126118,0.6530294947512422,0.722334831604661,72.0,soc_rate,0.25
periop_infection,CL,StandardOfCare,9025,1424,0.1577839335180055,0.6034940780166371,2.996938915536397,2.223830180438354,0.6900581005977036,0.85100262366662,72.0,sensitivity,0.25
periop_infection,CL,StandardOfCare,9025,1424,0.1577839335180055,0.6034940780166371,2.996938915536397,2.223830180438354,0.6900581005977036,0.85100262366662,72.0,soc_rate,0.25
periop_infection,CL,PopRI,3409,543,0.1592842475799354,0.1741393447716913,0.0,1.4037454325358905,1.191579897714657,1.5541896547391725,168.0,sensitivity,0.25
periop_infection,CL,PopRI,3409,813,0.2384863596362569,0.6561103893099196,0.0,0.8508267432988048,1.3532770819411075,1.301466914649494,168.0,soc_rate,0.25
periop_infection,CL,PerRI,3409,1259,0.3693165151070695,0.385574211000137,0.0,0.5534509082911551,0.402521842726366,0.9014520872314048,168.0,sensitivity,0.25
periop_infection,CL,PerRI,3409,813,0.2384863596362569,0.1298752973598717,0.0,1.0456168078234005,0.7569573494540086,0.5379977174757256,168.0,soc_rate,0.25
periop_infection,CL,Cohen_m2,3409,961,0.2819008506893517,0.0919487141418657,0.0,0.0,0.3119092202166198,0.8040150017934187,168.0,sensitivity,0.25
periop_infection,CL,Cohen_m2,3409,813,0.2384863596362569,0.1757839228596573,0.0,0.0,0.3874060005997173,0.8313475398756218,168.0,soc_rate,0.25
periop_infection,CL,Cohen_m3,3409,809,0.2373129950132003,0.4039622742748224,0.0,0.939449819374747,0.2757084509540141,1.1468140093150665,168.0,sensitivity,0.25
periop_infection,CL,Cohen_m3,3409,813,0.2384863596362569,0.1587294136401565,0.0,0.0,0.0,0.7995864103556624,168.0,soc_rate,0.25
periop_infection,CL,Cohen_m4,3409,776,0.2276327368729832,0.7875110845000552,0.0,0.0,0.0,1.2143983195062575,168.0,sensitivity,0.25
periop_infection,CL,Cohen_m4,3409,813,0.2384863596362569,0.2542609418944014,0.0,0.0,0.4859125144776075,1.1048250178614945,168.0,soc_rate,0.25
periop_infection,CL,Gaussian_eb,9025,2424,0.2685872576177285,0.3574185991836093,2.808514224268187,1.8117405027455256,1.0249216420087377,0.7277608930972799,72.0,sensitivity,0.25
periop_infection,CL,Gaussian_trunc,9025,1397,0.154792243767313,0.7255965555541639,5.770957217253943,0.9043583723058998,0.9590082097638128,0.6448655494237844,72.0,soc_rate,0.25
periop_infection,CL,Gaussian_trunc,9025,3147,0.3486980609418282,0.1695531566152099,1.9385103806465824,1.0591191795715371,1.1234112926249025,0.7056466616403164,72.0,sensitivity,0.25
periop_infection,CL,Gaussian_mle,9025,1397,0.154792243767313,0.6095183641002472,5.6169593906102095,3.012194987916096,1.7265255399182375,0.5971164879122421,72.0,soc_rate,0.25
periop_infection,CL,Gaussian_eb,12617,3345,0.2651184909249425,0.3238605625264837,0.6432226174412485,1.8918957504857317,0.8971623359922107,0.5558440840317513,24.0,sensitivity,0.25
periop_infection,CL,Gaussian_eb,12617,647,0.0512800190219545,0.4064375472882419,0.0,2.566808156023954,0.6991557330311933,1.0049313277196148,24.0,soc_rate,0.25
periop_infection,CL,NORMA_q_age_set,12617,2900,0.2298486169453911,0.2808349798927759,0.7798852931827822,1.905335085633276,0.6910880187118758,0.767124658362658,24.0,sensitivity,0.25
periop_infection,CL,NORMA_q_age_set,12617,661,0.0523896330347943,0.7324053965576953,0.0,2.788659245822225,1.0420533490396766,0.6235516828509585,24.0,soc_rate,0.25
periop_infection,CL,NORMA_334f7e21,12617,2770,0.2195450582547356,0.6688899791675688,2.1473596072699976,2.7366750774026114,0.8312067019391305,0.746128075618142,24.0,sensitivity,0.25
periop_infection,CL,NORMA_334f7e21,12617,661,0.0523896330347943,0.4190372364599979,0.0,4.077665556936861,1.0228461492082794,0.5437150271983205,24.0,soc_rate,0.25
periop_infection,CL,NORMA_q_age,12617,2958,0.2344455892842989,0.3058215669208301,0.7569049833738101,1.8111276240306955,0.6558335941964888,0.6279901767861712,24.0,sensitivity,0.25
periop_infection,CL,NORMA_q_age,12617,661,0.0523896330347943,0.6886009513873804,0.0,2.820723912052241,0.7415978189805543,0.6538897449524966,24.0,soc_rate,0.25
periop_infection,CL,NORMA_q_age_set_co,12617,3062,0.2426884362368233,0.0277782817857232,0.722740754416892,1.388368375996298,0.4726180895078399,0.5092806648568267,24.0,sensitivity,0.25
periop_infection,CL,NORMA_q_age_set_co,12617,661,0.0523896330347943,0.2701557678106941,0.0,2.89801445779008,0.7624681472822273,0.5419169174087146,24.0,soc_rate,0.25
periop_infection,CL,Gaussian_trunc,12617,4606,0.3650630102243005,0.1813603653318561,0.4745117811575499,1.0635537439070408,0.716291324846276,0.5694770910191821,24.0,sensitivity,0.25
periop_infection,CL,StandardOfCare,12617,661,0.0523896330347943,0.6574297168200451,0.0,1.8770628285250408,2.2985235330629825,0.7178527296344521,24.0,sensitivity,0.25
periop_infection,CL,PopRI,9025,1753,0.1942382271468144,0.7744072628040392,0.0,0.8792914075237837,0.9839151969605656,0.6080069774036032,72.0,sensitivity,0.25
periop_infection,CL,PopRI,9025,1424,0.1577839335180055,0.5566252513984244,0.0,1.1451164537728065,0.5530709189947901,0.6471660676486941,72.0,soc_rate,0.25
periop_infection,CL,PerRI,9025,3086,0.3419390581717451,0.3669500864650102,2.005582056429644,1.02408672572452,0.9401127508689554,0.5623920158403184,72.0,sensitivity,0.25
periop_infection,CL,PerRI,9025,1424,0.1577839335180055,0.5808132736587126,2.6352715082837053,0.5349822817930949,0.7478553764579358,0.3564720173841286,72.0,soc_rate,0.25
periop_infection,CL,Cohen_m2,9025,2425,0.2686980609418282,0.0222501002116951,3.1424506979353954,1.0962732336280523,1.346781820343572,0.6721442526532787,72.0,sensitivity,0.25
periop_infection,CL,Cohen_m2,9025,1424,0.1577839335180055,0.0067815182969271,2.8701198682648226,1.1032189708301008,0.7608645581642766,0.4703092313998791,72.0,soc_rate,0.25
periop_infection,CL,Cohen_m3,9025,2030,0.2249307479224376,0.4596719268275347,3.929343232046279,1.617686007667009,1.437915953483761,0.8240397556492716,72.0,sensitivity,0.25
periop_infection,CL,Cohen_m3,9025,1424,0.1577839335180055,0.0265708744379198,2.8444493838255216,0.9813252273273962,0.6988361428504625,0.6018802451296319,72.0,soc_rate,0.25
periop_infection,CL,Cohen_m4,9025,2321,0.2571745152354571,0.2491464378295853,3.3010885131423158,1.092281831268516,0.7588508584773663,1.1054112561305078,72.0,sensitivity,0.25
periop_infection,CL,Gaussian_mle,9025,2459,0.2724653739612188,0.3860482821686424,2.7634005787525195,1.7931130670074438,1.3279844091279596,0.7534881376244363,72.0,sensitivity,0.25
periop_infection,CL,StandardOfCare,12617,661,0.0523896330347943,0.6574297168200451,0.0,1.8770628285250408,2.2985235330629825,0.7178527296344521,24.0,soc_rate,0.25
periop_infection,CA,PerRI,2032,447,0.2199803149606299,0.9890928329505024,0.0,1.4037182237689263,0.3541378579077858,1.4204137701720003,168.0,soc_rate,0.25
periop_infection,CA,Cohen_m2,4351,757,0.1739829924155366,0.642982223409126,3.0234414441109623,2.386791087340446,1.040006036441846,0.6433535436702761,72.0,soc_rate,0.25
periop_infection,CA,PopRI,2032,447,0.2199803149606299,0.1449802449911102,0.0,0.0,2.0291472089868883,3.411729327301441,168.0,soc_rate,0.25
periop_infection,BUN,NORMA_334f7e21,2692,731,0.2715453194650817,0.2201500385185092,5.143640161659061,0.999940658242395,0.8602702110835655,1.0782594591702224,168.0,sensitivity,0.25
periop_infection,BUN,NORMA_334f7e21,2692,565,0.2098811292719168,0.1549801532415515,1.6054052980653064,0.5336951823367853,0.8471479164612931,0.8632469793256419,168.0,soc_rate,0.25
periop_infection,BUN,NORMA_q_age,2692,641,0.238112927191679,0.4115948806736307,1.833263150491273,0.5730569520816111,1.5009673016656409,1.312833715868753,168.0,sensitivity,0.25
periop_infection,BUN,NORMA_q_age,2692,565,0.2098811292719168,0.4074293601362836,2.108943625974274,0.658486358139688,1.711560697074548,0.937479035837284,168.0,soc_rate,0.25
periop_infection,BUN,NORMA_q_age_set_co,2692,926,0.3439821693907875,0.0088042586060533,0.9867850739640646,0.8496131391513934,0.6578461320380428,1.132007885960873,168.0,sensitivity,0.25
periop_infection,BUN,NORMA_q_age_set_co,2692,565,0.2098811292719168,0.309201094975703,1.895579334199406,0.6021518252770055,0.8467783540243509,1.226921780450868,168.0,soc_rate,0.25
periop_infection,BUN,StandardOfCare,2692,565,0.2098811292719168,6.343374759124348e-06,8.705349940979419,7.360892394283151,5.874861689167545,3.62948989508776,168.0,sensitivity,0.25
periop_infection,BUN,StandardOfCare,2692,565,0.2098811292719168,6.343374759124348e-06,8.705349940979419,7.360892394283151,5.874861689167545,3.62948989508776,168.0,soc_rate,0.25
periop_infection,CA,PopRI,7692,1968,0.2558502340093603,0.255392503789212,3.627234449834775,1.730222502385556,0.949310397984486,1.5262918997341597,0.0,sensitivity,0.25
periop_infection,CA,PerRI,7692,1955,0.2541601664066563,0.0674521612969375,2.1385541871074785,1.5439917133837764,1.240150864998913,1.2101853374458793,0.0,sensitivity,0.25
periop_infection,CA,Cohen_m2,7692,1286,0.1671866874674987,0.2240876647499295,3.9486995623984775,2.5592973166198365,1.945359240493616,0.6569681397376659,0.0,sensitivity,0.25
periop_infection,CA,Cohen_m3,7692,1213,0.1576963078523141,0.0766612109914732,7.311334421009482,5.327942721254742,2.283439509713621,0.8660057552312194,0.0,sensitivity,0.25
periop_infection,CA,Cohen_m4,7692,1318,0.1713468538741549,0.4257400778395283,12.16613786516101,4.4971104197922775,1.6824876934187754,1.4826746109561038,0.0,sensitivity,0.25
periop_infection,CA,Gaussian_mle,7692,1914,0.2488299531981279,0.3644358691987516,1.3169925705140104,1.74196728784198,1.1093079046593346,1.4942897561245014,0.0,sensitivity,0.25
periop_infection,CA,Gaussian_trunc,7692,1114,0.1448257930317212,0.364030621226896,1.0720483747821576,1.9841394012126403,2.1180024517548155,0.6985031512435612,0.0,sensitivity,0.25
periop_infection,CA,Gaussian_eb,7692,1918,0.2493499739989599,0.4423485409768926,0.5164604171685097,1.4268127890546436,1.3314497231500722,1.2158033139316002,0.0,sensitivity,0.25
periop_infection,CA,NORMA_q_age_set,7692,2369,0.3079823192927717,0.9886469380702264,0.8390372519939746,1.5999349881021614,0.7241257931276984,1.1015823635116673,0.0,sensitivity,0.25
periop_infection,CA,NORMA_334f7e21,7692,2440,0.3172126885075403,0.4897258021366079,0.3424637140426773,0.9943566941946088,0.7298542456562314,1.197123818091118,0.0,sensitivity,0.25
periop_infection,CA,NORMA_q_age,7692,2240,0.2912116484659386,0.723870388022346,1.0040049832672748,1.3526036112338036,1.0385701917600327,1.3104019532160218,0.0,sensitivity,0.25
periop_infection,CA,NORMA_q_age_set_co,7692,1993,0.2591003640145606,0.8428662291307781,0.0,0.7273767283215917,0.9237020477464172,1.5314340419002472,0.0,sensitivity,0.25
periop_infection,CA,PopRI,6620,1642,0.248036253776435,0.5055124829563007,6.354337852861272,1.0901540838269663,0.792265832373723,1.4201191118535252,24.0,sensitivity,0.25
periop_infection,BUN,NORMA_q_age_set,2692,565,0.2098811292719168,0.3010580349909701,2.1086162561420028,0.6566983722380552,0.8849860682201164,1.242237166938821,168.0,soc_rate,0.25
periop_infection,CA,PopRI,6620,385,0.0581570996978852,0.7939710758520069,0.0,0.0,0.0,1.0269577316503464,24.0,soc_rate,0.25
periop_infection,BUN,NORMA_q_age_set,2692,733,0.2722882615156017,0.515765281659029,5.145845533654141,1.0006952010470134,0.8634433195622524,1.139634926003538,168.0,sensitivity,0.25
periop_infection,BUN,Gaussian_eb,2692,650,0.2414561664190193,0.7019544840120466,6.12160625237614,5.85739190603748,3.262069322637731,2.035190473245052,168.0,sensitivity,0.25
periop_infection,BUN,NORMA_q_age,6430,1567,0.243701399688958,0.6569624200134963,3.216553087887071,1.6999992989351032,1.1876212219278648,1.1918481443372406,72.0,sensitivity,0.25
periop_infection,BUN,NORMA_q_age,6430,808,0.125660964230171,0.4158565490165266,3.762396242093833,3.17574972482154,1.2627782758090689,0.6803809117729163,72.0,soc_rate,0.25
periop_infection,CL,Gaussian_mle,3409,811,0.2378996773247286,0.999766886693544,0.0,0.0,0.4256549525700076,1.4289202827606995,168.0,sensitivity,0.25
periop_infection,BUN,NORMA_q_age_set_co,6430,1885,0.2931570762052877,0.416265928278428,2.526903903348807,0.6356900837605122,0.849269198685541,1.2299708185194191,72.0,sensitivity,0.25
periop_infection,BUN,NORMA_q_age_set_co,6430,808,0.125660964230171,0.1658563581372993,3.797190346203647,2.2676853582553687,1.0274803174081748,0.7634883449985506,72.0,soc_rate,0.25
periop_infection,BUN,StandardOfCare,6430,808,0.125660964230171,9.215003476563898e-06,3.467383652788931,3.809040630491704,3.250426109459634,2.521428875621046,72.0,sensitivity,0.25
periop_infection,BUN,StandardOfCare,6430,808,0.125660964230171,9.215003476563898e-06,3.467383652788931,3.809040630491704,3.250426109459634,2.521428875621046,72.0,soc_rate,0.25
periop_infection,BUN,PopRI,2692,537,0.1994799405646359,0.4655600955576995,7.868674109863877,3.2099874870403933,5.1488071306594,1.4082967976807952,168.0,sensitivity,0.25
periop_infection,BUN,PopRI,2692,565,0.2098811292719168,0.932993391730616,7.375536648198982,1.4361572573366108,3.7068700823792975,0.8444484343463498,168.0,soc_rate,0.25
periop_infection,BUN,PerRI,2692,843,0.313150074294205,0.9515701134607932,0.0,0.0,0.3640729804764365,1.4620314929955789,168.0,sensitivity,0.25
periop_infection,BUN,PerRI,2692,565,0.2098811292719168,0.2386637414941073,0.0,0.0,0.6741751909412665,0.4123523938399317,168.0,soc_rate,0.25
periop_infection,BUN,Cohen_m2,2692,592,0.2199108469539376,0.8752458154615019,0.0,0.7319688667018668,0.8658707353065769,1.7851495933979735,168.0,sensitivity,0.25
periop_infection,BUN,Cohen_m2,2692,565,0.2098811292719168,0.8681341794470387,0.0,0.7571648724926423,0.8915569541993096,0.963892422399768,168.0,soc_rate,0.25
periop_infection,BUN,Cohen_m3,2692,636,0.2362555720653789,0.7679519105928923,0.0,0.6610727099616884,0.7702890262193145,1.088964900733028,168.0,sensitivity,0.25
periop_infection,BUN,Cohen_m3,2692,565,0.2098811292719168,0.6823183824312068,0.0,0.7696007651017257,0.9034009329820613,1.121657343069438,168.0,soc_rate,0.25
periop_infection,BUN,Cohen_m4,2692,625,0.2321693907875185,0.9649470570520244,1.7219054008719037,1.5054047844818512,1.1254803513735951,1.3156937392773702,168.0,sensitivity,0.25
periop_infection,BUN,Cohen_m4,2692,565,0.2098811292719168,0.6743286459483318,0.0,0.7738168143358058,0.9504100657343452,1.206327961795445,168.0,soc_rate,0.25
periop_infection,BUN,Gaussian_mle,2692,766,0.2845468053491827,0.3494820630002297,4.88217814333643,4.73007219955532,1.5661238781084732,1.6821561642368217,168.0,sensitivity,0.25
periop_infection,BUN,Gaussian_mle,2692,560,0.2080237741456166,0.3310113625982827,2.107658983991936,2.113701588695666,1.3766643129861589,1.2321110566347089,168.0,soc_rate,0.25
periop_infection,BUN,Gaussian_trunc,2692,857,0.3183506686478454,0.36506421386359,0.0,0.5583195590008745,0.1902964920110786,1.4782544363709773,168.0,sensitivity,0.25
periop_infection,BUN,Gaussian_trunc,2692,560,0.2080237741456166,0.108444812130797,0.0,0.0,0.0,1.2422212565717528,168.0,soc_rate,0.25
periop_infection,BUN,Gaussian_eb,2692,560,0.2080237741456166,0.8033203579036619,2.136197474890277,1.7524648724693876,2.244731518465114,1.41570119756934,168.0,soc_rate,0.25
periop_infection,CA,PerRI,2032,577,0.2839566929133858,0.3887364463417261,,2.6752088306171,0.5015624092619684,1.6749603705791425,168.0,sensitivity,0.25
periop_infection,CA,PerRI,6620,1968,0.2972809667673716,0.6486282214812067,1.0881023651396111,1.3201191540602764,1.4749919435379546,0.9629235085334422,24.0,sensitivity,0.25
periop_infection,CA,Cohen_m2,6620,1247,0.1883685800604229,0.3673844128891,2.0581794939161053,2.2673096671604727,1.874854561081788,0.7373043225209237,24.0,sensitivity,0.25
periop_infection,CA,Cohen_m3,4351,907,0.2084578257871753,0.281550881055363,0.0,0.6753111658790314,1.3357528993183787,1.2830056049655874,72.0,sensitivity,0.25
periop_infection,CA,Cohen_m3,4351,757,0.1739829924155366,0.351152501866524,0.0,0.0,0.9066549443815756,1.0956724372351605,72.0,soc_rate,0.25
periop_infection,CA,Cohen_m4,4351,1089,0.250287290278097,0.9965791169529956,0.0,0.0,0.8379831423566706,1.492742784220548,72.0,sensitivity,0.25
periop_infection,CA,Cohen_m4,4351,757,0.1739829924155366,0.8499090173583784,0.0,0.0,0.9197264292508268,1.003787078473286,72.0,soc_rate,0.25
periop_infection,CA,Gaussian_mle,4351,1064,0.2445414847161572,0.897803600288902,0.7069940804160224,1.0538112499914132,0.6098816459469356,0.9901645301198192,72.0,sensitivity,0.25
periop_infection,CA,Gaussian_mle,4351,745,0.1712250057458055,0.5737238048311133,1.1203621517760165,0.5028675913691639,0.6398928799153812,1.169748462999506,72.0,soc_rate,0.25
periop_infection,CA,Gaussian_trunc,4351,595,0.1367501723741668,0.1021303646603995,4.337818920831696,2.783132923644419,1.100506721743994,1.0806503400455043,72.0,sensitivity,0.25
periop_infection,CA,Gaussian_trunc,4351,745,0.1712250057458055,0.4270548209533912,3.3166440340287364,2.1294030803646105,0.8503446325179806,0.9630901753799193,72.0,soc_rate,0.25
periop_infection,CA,Gaussian_eb,4351,1094,0.2514364513904849,0.7438590325369391,0.6831410874003021,1.0048138904246071,0.8500899532623082,0.7109796971393724,72.0,sensitivity,0.25
periop_infection,CA,Gaussian_eb,4351,745,0.1712250057458055,0.9196228667131904,0.0,0.0,0.7946248435227818,0.811186905124418,72.0,soc_rate,0.25
periop_infection,CA,NORMA_q_age_set,4351,1368,0.314410480349345,0.6703706691769252,1.3531333398517835,1.202516307939192,0.5571015856487761,1.2800183361130464,72.0,sensitivity,0.25
periop_infection,CA,NORMA_q_age_set,4351,757,0.1739829924155366,0.4636047141500652,1.0844868879864973,0.4872893506201154,0.1555792032705875,1.370192283948287,72.0,soc_rate,0.25
periop_infection,CA,NORMA_334f7e21,4351,1331,0.3059066881176741,0.9211836330876272,0.5150226441575955,0.2313155893417844,0.4481886844563653,1.156611524702822,72.0,sensitivity,0.25
periop_infection,CA,NORMA_334f7e21,4351,757,0.1739829924155366,0.598307181905936,0.0,0.0,0.3058353538527765,1.1260906473446732,72.0,soc_rate,0.25
periop_infection,CA,NORMA_q_age,4351,1205,0.2769478280854975,0.975195156004304,1.612172506806253,0.6165425216679852,0.369801747905278,1.318713431305154,72.0,sensitivity,0.25
periop_infection,CA,NORMA_q_age,4351,757,0.1739829924155366,0.555388227024783,0.0,0.0,0.3039060508866192,1.251343735123643,72.0,soc_rate,0.25
periop_infection,CA,NORMA_q_age_set_co,4351,976,0.2243162491381291,0.2588153409292928,0.7854567054424881,0.3518968822945795,0.1110398551068475,1.8745969262848068,72.0,sensitivity,0.25
periop_infection,CA,NORMA_q_age_set_co,4351,757,0.1739829924155366,0.3119450680008256,1.070008891384749,0.4791779918891477,0.1509394481925389,1.8364344216880444,72.0,soc_rate,0.25
periop_infection,CA,StandardOfCare,4351,757,0.1739829924155366,0.1336978610248631,1.186325637404013,1.247587264508993,0.7338614291537563,1.7219643813403511,72.0,sensitivity,0.25
periop_infection,CA,StandardOfCare,4351,757,0.1739829924155366,0.1336978610248631,1.186325637404013,1.247587264508993,0.7338614291537563,1.7219643813403511,72.0,soc_rate,0.25
periop_infection,CA,PopRI,2032,475,0.233759842519685,0.1780481300270536,0.0,0.0,1.8640051737697043,2.9325079042906848,168.0,sensitivity,0.25
periop_infection,CA,Cohen_m2,4351,785,0.1804182946449092,0.1999289531323582,2.8867348691189045,2.294679311514124,1.4909216923321915,1.0251941966351423,72.0,sensitivity,0.25
periop_infection,CA,PerRI,6620,385,0.0581570996978852,0.2386556136718775,0.0,2.6877049353047564,1.3034706617453042,0.9182416361805834,24.0,soc_rate,0.25
periop_infection,CA,PerRI,4351,756,0.173753160193059,0.981598112903206,1.1945082868118695,0.5284483700013407,1.6488440626873182,0.6309260374760957,72.0,soc_rate,0.25
periop_infection,CA,PopRI,4351,757,0.1739829924155366,0.2474622540599322,0.0,0.0,0.3111546954424911,1.6357795610279884,72.0,soc_rate,0.25
periop_infection,CA,Cohen_m2,6620,385,0.0581570996978852,0.4270099310514592,0.0,0.0,1.311248768766718,0.7145482196237357,24.0,soc_rate,0.25
periop_infection,CA,Cohen_m3,6620,385,0.0581570996978852,0.1513951685756018,7.662122386738947,1.6749729923199572,0.8245040673317556,1.0412565702987056,24.0,soc_rate,0.25
periop_infection,CA,Cohen_m4,6620,1432,0.2163141993957704,0.6156143304669199,,1.1327321265015633,0.7874261362741989,1.2229002634797994,24.0,sensitivity,0.25
periop_infection,CA,Cohen_m4,6620,385,0.0581570996978852,0.299976877600806,7.666223247006,1.6861907432399184,0.8310743439551409,0.7170635637624306,24.0,soc_rate,0.25
periop_infection,CA,Gaussian_mle,6620,1822,0.275226586102719,0.9245702529732794,1.214151648061417,0.7537822564780412,1.2766133134715945,1.4101915023835132,24.0,sensitivity,0.25
periop_infection,CA,Gaussian_mle,6620,378,0.0570996978851963,0.1722263448746135,0.0,0.0,0.0,0.0,24.0,soc_rate,0.25
periop_infection,CA,Gaussian_trunc,6620,945,0.1427492447129909,0.1536615884254752,0.0,2.4803508462233217,2.398507539081333,0.7705143009846465,24.0,sensitivity,0.25
periop_infection,CA,Gaussian_trunc,6620,378,0.0570996978851963,0.0555166368920286,0.0,3.0948563198098946,2.432141467571023,1.021385716997562,24.0,soc_rate,0.25
periop_infection,CA,Gaussian_eb,6620,1738,0.2625377643504532,0.6534056817802023,1.2845963583749866,0.8073574759823398,1.3546454415523734,1.175296287304511,24.0,sensitivity,0.25
periop_infection,CA,Gaussian_eb,6620,378,0.0570996978851963,0.4488866319328235,0.0,0.0,0.9980025342200745,0.1250853037312803,24.0,soc_rate,0.25
periop_infection,CA,NORMA_q_age_set,6620,1908,0.2882175226586103,0.6200219211835307,5.154607082611006,2.130566614238684,0.8038758206056202,1.259447908724432,24.0,sensitivity,0.25
periop_infection,CA,NORMA_q_age_set,6620,385,0.0581570996978852,0.8769526887057605,0.0,0.0,0.0,2.434087247158058,24.0,soc_rate,0.25
periop_infection,CA,NORMA_334f7e21,6620,1961,0.2962235649546827,0.770705576861211,1.343523750543664,0.894357243590984,0.6276311967967124,1.2772638428034115,24.0,sensitivity,0.25
periop_infection,CA,NORMA_334f7e21,6620,385,0.0581570996978852,0.3128156208347471,8.85331000203487,0.7860235368743811,0.3999175730213873,1.5013164180741467,24.0,soc_rate,0.25
periop_infection,CA,NORMA_q_age,6620,1855,0.2802114803625378,0.7146593024549501,5.364076026502686,1.3027742148631642,0.8175177764365911,1.309323270831172,24.0,sensitivity,0.25
periop_infection,CA,NORMA_q_age,6620,385,0.0581570996978852,0.0655084330493896,8.987086172649507,0.7984626498271263,0.4065647248416222,0.3024683922947063,24.0,soc_rate,0.25
periop_infection,CA,NORMA_q_age_set_co,6620,1579,0.2385196374622356,0.6556551964188311,1.8123890976957333,1.2797336503645045,0.5612043064048191,1.844006949096944,24.0,sensitivity,0.25
periop_infection,CA,NORMA_q_age_set_co,6620,385,0.0581570996978852,0.1164900433530359,0.0,0.8331764609374556,0.4224018099062281,0.878567371176127,24.0,soc_rate,0.25
periop_infection,CA,StandardOfCare,6620,385,0.0581570996978852,0.0121519528977833,8.41977365049499,1.8682272589012543,1.6618092619475435,2.6687208711130017,24.0,sensitivity,0.25
periop_infection,CA,StandardOfCare,6620,385,0.0581570996978852,0.0121519528977833,8.41977365049499,1.8682272589012543,1.6618092619475435,2.6687208711130017,24.0,soc_rate,0.25
periop_infection,CA,PopRI,4351,1041,0.2392553435991726,0.1703666507284131,0.0,0.0,0.2168638875665899,1.86486202214112,72.0,sensitivity,0.25
periop_infection,CA,PerRI,4351,1258,0.2891289358768099,0.7205824021593288,1.5275653796655664,0.5774711260133845,1.310206290981455,0.7182009115053246,72.0,sensitivity,0.25
periop_infection,CA,Cohen_m3,6620,1069,0.1614803625377643,0.074614706943556,,2.0707649357333944,2.1954703356878458,0.9956329925382128,24.0,sensitivity,0.25
periop_infection,CO2,NORMA_334f7e21,4233,1139,0.2690763052208835,0.4998772880780021,1.386352154411998,1.5795273676673245,0.4180536175679391,0.8378359364733953,168.0,soc_rate,0.25
periop_infection,CL,Gaussian_trunc,3409,1234,0.3619829862129656,0.0126445280008751,1.901245551602412,0.3527530933612955,0.4740247764168273,0.6682167840149291,168.0,sensitivity,0.25
periop_infection,CRE,Gaussian_trunc,8895,2292,0.2576728499156829,0.8353056807810628,0.0,0.4654553277326634,0.667698453223074,0.7904792128579259,24.0,sensitivity,0.25
periop_infection,CRE,Gaussian_trunc,8895,219,0.0246205733558178,0.7626353302181912,0.0,2.370391594544091,2.0460396412416046,0.3642197085731387,24.0,soc_rate,0.25
periop_infection,CRE,Gaussian_eb,8895,1939,0.2179876335019674,0.0513152610069401,0.0,1.1022030077050644,1.5409147820896216,1.8992308834195608,24.0,sensitivity,0.25
periop_infection,CRE,Gaussian_eb,8895,219,0.0246205733558178,0.7719278389703784,0.0,2.3521458072607957,2.0293607831646625,1.3342371913867648,24.0,soc_rate,0.25
periop_infection,CRE,NORMA_q_age_set,8895,1893,0.2128161888701517,0.0821733481440256,0.0,0.8565071144362775,1.5943418172378094,1.1777603511293364,24.0,sensitivity,0.25
periop_infection,CRE,NORMA_q_age_set,8895,223,0.025070264193367,0.6733348550571181,0.0,0.0,1.0905002879859795,0.1971402144820209,24.0,soc_rate,0.25
periop_infection,CRE,NORMA_334f7e21,8895,1981,0.2227093872962338,0.5031252955465986,0.0,1.064610862660995,1.3513355964551323,0.8920924553114606,24.0,sensitivity,0.25
periop_infection,CRE,NORMA_334f7e21,8895,223,0.025070264193367,0.6305487834508872,0.0,0.0,1.1108189501164305,0.2010918737061868,24.0,soc_rate,0.25
periop_infection,CRE,NORMA_q_age,8895,2085,0.2344013490725126,0.8426118490209599,0.0,0.5288521483099404,1.0371968860461531,0.9073529273127022,24.0,sensitivity,0.25
periop_infection,CRE,NORMA_q_age,8895,223,0.025070264193367,0.6681854307573836,0.0,0.0,1.0719180023809949,0.1938345805586471,24.0,soc_rate,0.25
periop_infection,CRE,NORMA_q_age_set_co,8895,1783,0.2004496908375491,0.1560605559816971,3.355218855220555,0.5428937991895362,0.6869996733532732,1.7426460153489898,24.0,sensitivity,0.25
periop_infection,CRE,NORMA_q_age_set_co,8895,223,0.025070264193367,0.5654848652581896,0.0,0.0,1.0349035814906846,0.1871183439291834,24.0,soc_rate,0.25
periop_infection,CRE,StandardOfCare,8895,223,0.025070264193367,0.0016118956736209,0.0,1.8000088529964997,2.6053763529477845,4.720355093374896,24.0,sensitivity,0.25
periop_infection,CRE,StandardOfCare,8895,223,0.025070264193367,0.0016118956736209,0.0,1.8000088529964997,2.6053763529477845,4.720355093374896,24.0,soc_rate,0.25
periop_infection,CRE,PopRI,6059,1354,0.2234692193431259,0.1115766424169468,1.4341787444405587,0.4164170916709223,1.1148691809438434,1.9131044138783024,72.0,sensitivity,0.25
periop_infection,CRE,PopRI,6059,607,0.1001815481102492,0.7431574671426301,0.0,0.0,0.0,1.8775634480221397,72.0,soc_rate,0.25
periop_infection,CRE,PerRI,6059,1310,0.2162072949331573,0.7420682460522763,0.669802846424343,1.0167828244095682,2.1265321302910114,1.4211780637724458,72.0,sensitivity,0.25
periop_infection,CRE,PerRI,6059,606,0.100016504373659,0.4215915693072531,0.0,0.7888988969633326,1.00595771588385,1.5564170530625565,72.0,soc_rate,0.25
periop_infection,CRE,Cohen_m2,6059,656,0.1082686912031688,1.140752913073174e-06,0.0,3.070941750897016,3.462083514491962,2.697053123159592,72.0,sensitivity,0.25
periop_infection,CRE,Cohen_m2,6059,607,0.1001815481102492,3.6126103114784174e-09,0.0,3.263987855723309,3.585020362568603,4.197155553325231,72.0,soc_rate,0.25
periop_infection,CRE,Cohen_m3,6059,660,0.1089288661495296,8.871422168533823e-07,0.0,2.333937257981194,4.14081291228078,2.981038659686883,72.0,sensitivity,0.25
periop_infection,CRE,Gaussian_mle,8895,219,0.0246205733558178,0.8337308099813368,0.0,0.0,1.2221313552949618,1.271844560947405,24.0,soc_rate,0.25
periop_infection,CRE,Cohen_m3,6059,607,0.1001815481102492,7.806219848996788e-06,0.0,2.5089343148001464,3.416354104376964,3.635795736560908,72.0,soc_rate,0.25
periop_infection,CRE,Gaussian_mle,8895,1924,0.2163012928611579,0.4051508971025981,0.0,1.4662242055170105,1.2415010266080906,1.678603264740829,24.0,sensitivity,0.25
periop_infection,CRE,Cohen_m4,8895,932,0.1047779651489601,0.0002467766061389,9.680048661796404,2.8670363090234656,2.5450012928949457,2.386467807284337,24.0,sensitivity,0.25
periop_infection,CO2,StandardOfCare,4233,1139,0.2690763052208835,0.617090308415601,1.3199169164211602,3.5410016750033004,1.139511740618269,0.7424399546067407,168.0,soc_rate,0.25
periop_infection,CRE,PopRI,10233,1996,0.1950552135248705,0.0581698340179242,0.8035773116229811,1.0660786507225064,0.7543654110291234,2.173392375455781,0.0,sensitivity,0.25
periop_infection,CRE,PerRI,10233,2178,0.2128408091468777,0.1459622288746244,0.7283066597253347,0.648747590552883,0.9590115461992724,1.142716265902903,0.0,sensitivity,0.25
periop_infection,CRE,Cohen_m2,10233,932,0.0910778852731359,1.0738732050510833e-08,2.118809243533331,4.626850019564822,2.591723433707786,3.993998660277261,0.0,sensitivity,0.25
periop_infection,CRE,Cohen_m3,10233,889,0.0868757939998045,1.4128425510892224e-09,0.0,5.04750567450367,2.340286849672409,4.548165598489828,0.0,sensitivity,0.25
periop_infection,CRE,Cohen_m4,10233,992,0.0969412684452262,1.3647265324002552e-05,4.825842279828679,6.721146393063605,2.459656957224764,2.6178362919885845,0.0,sensitivity,0.25
periop_infection,CRE,Gaussian_mle,10233,1580,0.1544024235317111,0.0009723830180528,0.0,0.6756798270621317,1.8239450973529172,1.8232283630949728,0.0,sensitivity,0.25
periop_infection,CRE,Gaussian_trunc,10233,2523,0.2465552623863969,0.6453135327932156,0.6003628402508058,0.7806211070615199,0.8381938635725451,0.7154724447623715,0.0,sensitivity,0.25
periop_infection,CRE,Gaussian_eb,10233,2141,0.2092250561907554,0.0128614969152437,0.8246220557508128,1.050018175374168,1.208112016014773,2.1806948994836763,0.0,sensitivity,0.25
periop_infection,CRE,NORMA_q_age_set,10233,2044,0.1997459200625427,0.057824053544327,4.111367213085338,1.2025378719464672,0.9293638128995988,1.3521697862908757,0.0,sensitivity,0.25
periop_infection,CRE,NORMA_334f7e21,10233,2091,0.2043389035473468,0.3302007101573282,1.8972427155200844,1.3408625382962325,0.7245602480170595,0.9382130114618674,0.0,sensitivity,0.25
periop_infection,CRE,NORMA_q_age,10233,2263,0.2211472686406723,0.6971105491324707,1.8441271780105863,0.8276653309916423,0.5592519716517693,0.9348742556711748,0.0,sensitivity,0.25
periop_infection,CRE,NORMA_q_age_set_co,10233,2032,0.1985732434281246,0.1458773304867869,0.7925649616673978,1.3286462206008605,0.8223766688789221,1.4931597467259723,0.0,sensitivity,0.25
periop_infection,CRE,PopRI,8895,2331,0.2620573355817875,0.5762505674450062,2.3782739373077377,0.8628829382004891,0.5091062217565808,1.5350407271880555,24.0,sensitivity,0.25
periop_infection,CRE,PopRI,8895,223,0.025070264193367,0.4776105203154119,0.0,0.0,0.0,4.3306248978653805,24.0,soc_rate,0.25
periop_infection,CRE,PerRI,8895,1091,0.1226531759415402,0.0016937435601693,8.33012820514269,2.152289866348404,1.948112170770246,2.3452487956418016,24.0,sensitivity,0.25
periop_infection,CRE,PerRI,8895,223,0.025070264193367,0.9872101995253888,0.0,1.7189114316174956,0.7037719933694774,3.3090739051929527,24.0,soc_rate,0.25
periop_infection,CRE,Cohen_m2,8895,840,0.0944350758853288,3.083878269766356e-08,10.906504065071177,2.522075713914017,3.104057562286013,3.661440727168653,24.0,sensitivity,0.25
periop_infection,CRE,Cohen_m2,8895,223,0.025070264193367,5.0859496477488084e-14,0.0,7.317444582792429,9.526076323380597,4.866696735922886,24.0,soc_rate,0.25
periop_infection,CRE,Cohen_m3,8895,770,0.0865654862282181,6.016318747706527e-09,11.631805157627117,3.4457592283501293,3.229399651803733,4.108575557481949,24.0,sensitivity,0.25
periop_infection,CRE,Cohen_m3,8895,223,0.025070264193367,1.4285261131026722e-06,0.0,3.3728056597985328,4.836338135774147,3.142271092172588,24.0,soc_rate,0.25
periop_infection,CRE,Cohen_m4,8895,223,0.025070264193367,1.2494482056949717e-08,41.45933014299959,9.34692192712106,5.481594951627626,4.709618392124368,24.0,soc_rate,0.25
periop_infection,CO2,StandardOfCare,4233,1139,0.2690763052208835,0.617090308415601,1.3199169164211602,3.5410016750033004,1.139511740618269,0.7424399546067407,168.0,sensitivity,0.25
periop_infection,CRE,Cohen_m4,6059,819,0.1351708202673708,0.0035063965558768,0.0,1.686904016385012,2.1747620869454534,1.6948910128758792,72.0,sensitivity,0.25
periop_infection,CRE,Gaussian_mle,6059,1790,0.2954282884964516,0.344281310463563,0.4297843103795301,0.1393822713606331,0.7870890763926888,1.3321592104296562,72.0,sensitivity,0.25
periop_infection,CRE,Gaussian_mle,2687,507,0.1886862672125046,0.0442991938386786,0.0,3.241108995714946,3.899185647475401,2.197710151957342,168.0,sensitivity,0.25
periop_infection,CRE,Gaussian_mle,2687,375,0.139560848529959,0.4806797161545918,0.0,4.838633560299964,4.066228688025982,1.76802223371375,168.0,soc_rate,0.25
periop_infection,CRE,Gaussian_trunc,2687,810,0.3014514328247116,0.5347966667628858,0.0,1.727740723203769,1.417300446225719,1.260467833117776,168.0,sensitivity,0.25
periop_infection,CRE,Gaussian_trunc,2687,375,0.139560848529959,0.1503661289602649,0.0,0.0,0.0,0.0,168.0,soc_rate,0.25
periop_infection,CRE,Gaussian_eb,2687,689,0.2564197990323781,0.1869990491850872,0.0,5.777775607010993,3.781385992346093,1.719937553945875,168.0,sensitivity,0.25
periop_infection,CRE,Gaussian_eb,2687,375,0.139560848529959,0.1819319635324844,0.0,1.842357644694756,0.5642673765515402,0.0989639023065355,168.0,soc_rate,0.25
periop_infection,CRE,NORMA_q_age_set,2687,567,0.2110160029772981,0.4670691414587804,,4.642273446443193,0.9264800253745088,1.7964314836071682,168.0,sensitivity,0.25
periop_infection,CRE,NORMA_q_age_set,2687,381,0.1417938221064384,0.1927961759322474,0.0,1.72456262501627,0.5269084657693835,2.471301962217729,168.0,soc_rate,0.25
periop_infection,CRE,NORMA_334f7e21,2687,511,0.1901749162634909,0.7400427158473489,4.956221198154919,7.14502997000961,1.2056454680093522,2.096741698115556,168.0,sensitivity,0.25
periop_infection,CRE,NORMA_334f7e21,2687,381,0.1417938221064384,0.6810808307331746,0.0,1.6974283111926385,0.5175876721699635,1.5564858374427295,168.0,soc_rate,0.25
periop_infection,CRE,NORMA_q_age,2687,541,0.2013397841458876,0.3996519818972732,0.0,1.0994749600382243,0.3329719321731005,2.7782301627591464,168.0,sensitivity,0.25
periop_infection,CRE,NORMA_q_age,2687,381,0.1417938221064384,0.8860246384736017,0.0,1.7700039086286086,0.5401882744865555,2.363860695977564,168.0,soc_rate,0.25
periop_infection,CRE,NORMA_q_age_set_co,2687,516,0.1920357275772236,0.4090462441802742,0.0,1.1203167276747137,0.862437765063706,1.632946743324308,168.0,sensitivity,0.25
periop_infection,CRE,NORMA_q_age_set_co,2687,381,0.1417938221064384,0.6169852919506901,0.0,1.633196245291366,0.4975286709695867,1.7573390365326744,168.0,soc_rate,0.25
periop_infection,CRE,StandardOfCare,2687,381,0.1417938221064384,2.0206065754589826e-06,7.074534161491835,32.13529865944312,11.000081502237869,3.521169475945954,168.0,sensitivity,0.25
periop_infection,CRE,StandardOfCare,2687,381,0.1417938221064384,2.0206065754589826e-06,7.074534161491835,32.13529865944312,11.000081502237869,3.521169475945954,168.0,soc_rate,0.25
periop_infection,GLU,PopRI,7799,1900,0.2436209770483395,0.7569607277892362,1.2727993252488412,1.011525782869978,1.2356878583641282,1.4792639504481604,0.0,sensitivity,0.25
periop_infection,GLU,PerRI,7799,2243,0.2876009744839082,0.0653851781573661,0.4266613246677053,1.3560615999739334,1.3577802310963754,1.4171650207597504,0.0,sensitivity,0.25
periop_infection,BUN,NORMA_334f7e21,6430,808,0.125660964230171,0.0507167637463128,3.691582850014155,3.0454799880001424,0.8103569881917534,0.4466257749307756,72.0,soc_rate,0.25
periop_infection,GLU,Cohen_m2,7799,1784,0.228747275291704,0.6517587486599141,0.5402465826925329,1.5769543017490464,1.4910251241981711,0.8751945876657902,0.0,sensitivity,0.25
periop_infection,GLU,Cohen_m3,7799,1043,0.1337350942428516,0.0147276052221926,4.838960145698105,6.338585597349768,4.782143723918876,1.0319153128189071,0.0,sensitivity,0.25
periop_infection,CRE,Cohen_m4,2687,381,0.1417938221064384,0.0363724685838343,0.0,4.699501423856125,3.1655760053726976,2.4472336595407995,168.0,soc_rate,0.25
periop_infection,CRE,Cohen_m4,6059,607,0.1001815481102492,0.0567668968306105,0.0,2.465237129877048,2.44789854557999,2.4153252047524885,72.0,soc_rate,0.25
periop_infection,CRE,Cohen_m4,2687,358,0.1332340900632675,1.7594359498065985e-05,0.0,5.06806300606549,3.4117031883831044,2.546846610388832,168.0,sensitivity,0.25
periop_infection,CRE,Cohen_m3,2687,253,0.094157052474879,1.0511753654122025e-07,0.0,8.053538608382778,5.702896691032596,5.375713921893067,168.0,sensitivity,0.25
periop_infection,CRE,Gaussian_mle,6059,597,0.0985311107443472,0.6842677978447571,0.0,0.0,2.44859620173561,1.7439793854936647,72.0,soc_rate,0.25
periop_infection,CRE,Gaussian_trunc,6059,1589,0.2622544974418221,0.4969235531636494,0.4960172198135932,0.9736299777911812,0.9142723828681014,0.7831854706227974,72.0,sensitivity,0.25
periop_infection,CRE,Gaussian_trunc,6059,597,0.0985311107443472,0.0628774891009478,1.607112048560992,1.1690459209440072,0.4841766421937934,0.0942025064660532,72.0,soc_rate,0.25
periop_infection,CRE,Gaussian_eb,6059,1486,0.2452549925730318,0.1487588800210227,0.5489365991684358,1.0843839023716642,1.7924071434909965,1.7456799009953268,72.0,sensitivity,0.25
periop_infection,CRE,Gaussian_eb,6059,597,0.0985311107443472,0.2779685043403168,1.584227563682035,1.1499794760080226,0.4765702856383114,0.4666686843700969,72.0,soc_rate,0.25
periop_infection,CRE,NORMA_q_age_set,6059,1263,0.208450239313418,0.0416591564871255,0.685181948820859,1.934199960898603,1.725032653759885,1.235611915030731,72.0,sensitivity,0.25
periop_infection,CRE,NORMA_q_age_set,6059,607,0.1001815481102492,0.421539826890735,1.6080752790091932,1.2729214504337245,1.2461776740904849,0.7146854390178403,72.0,soc_rate,0.25
periop_infection,CRE,NORMA_334f7e21,6059,1357,0.2239643505528965,0.3599831838662392,0.6280509066429085,0.8404289843904479,1.1320912887350316,1.1349865544987514,72.0,sensitivity,0.25
periop_infection,CRE,NORMA_334f7e21,6059,607,0.1001815481102492,0.7907953271769921,0.0,0.6621909661832808,0.967563939596038,1.3300363817241938,72.0,soc_rate,0.25
periop_infection,CRE,NORMA_q_age,6059,1484,0.2449249050998514,0.760516153454228,0.5581048958225882,1.0489334885011703,0.6557755772655937,0.9105400621943752,72.0,sensitivity,0.25
periop_infection,CRE,NORMA_q_age,6059,607,0.1001815481102492,0.4809302570190784,0.0,0.6742661874136394,0.9933318461806304,0.4398951646642359,72.0,soc_rate,0.25
periop_infection,CRE,NORMA_q_age_set_co,6059,1262,0.2082851955768278,0.1460575864516162,0.0,0.6839882402025094,0.8907449141437529,1.9408081886735389,72.0,sensitivity,0.25
periop_infection,CRE,NORMA_q_age_set_co,6059,607,0.1001815481102492,0.9786740359727863,0.0,0.6620917589772626,0.8962912662264332,1.0747160299692518,72.0,soc_rate,0.25
periop_infection,CRE,StandardOfCare,6059,607,0.1001815481102492,0.0304910730851628,1.6482362903771108,2.075095649304485,2.1644867994724097,1.2433615352181364,72.0,sensitivity,0.25
periop_infection,CRE,StandardOfCare,6059,607,0.1001815481102492,0.0304910730851628,1.6482362903771108,2.075095649304485,2.1644867994724097,1.2433615352181364,72.0,soc_rate,0.25
periop_infection,CRE,PopRI,2687,469,0.1745441012281354,0.2264671122765238,0.0,1.408936044384708,1.0185031876229262,3.079379781670124,168.0,sensitivity,0.25
periop_infection,CRE,PopRI,2687,381,0.1417938221064384,0.3653519900583372,0.0,1.811958300427601,1.314991660113624,2.259400636743038,168.0,soc_rate,0.25
periop_infection,CRE,PerRI,2687,590,0.2195757350204689,0.9708844647155972,0.0,2.976002653063748,0.7141566184112487,1.8186701061353496,168.0,sensitivity,0.25
periop_infection,CRE,PerRI,2687,380,0.1414216598436918,0.8348185523647216,0.0,1.6637327560607709,0.5136836986119806,1.949528520313311,168.0,soc_rate,0.25
periop_infection,CRE,Cohen_m2,2687,247,0.0919240788983997,7.091345272743816e-08,0.0,8.10936113784249,9.323173646364546,5.599631382883104,168.0,sensitivity,0.25
periop_infection,CRE,Cohen_m2,2687,381,0.1417938221064384,4.126440890166741e-06,0.0,5.019535223989026,9.544634944706036,3.9528991017489528,168.0,soc_rate,0.25
periop_infection,CRE,Cohen_m3,2687,381,0.1417938221064384,1.580142858274994e-07,0.0,5.279894471723203,3.710349523534184,4.239764845225372,168.0,soc_rate,0.25
periop_infection,CO2,NORMA_q_age_set_co,4233,1139,0.2690763052208835,0.1304838307970672,1.3958891631592194,1.5967082301159938,1.1757379505364802,1.4047659302398374,168.0,soc_rate,0.25
periop_infection,CO2,NORMA_q_age_set_co,4233,824,0.194660996928892,0.0722542916778754,0.8702910741514147,1.6530091899327184,1.1316167463676328,1.6323256980977987,168.0,sensitivity,0.25
periop_infection,CO2,NORMA_q_age,4233,1139,0.2690763052208835,0.5775437177582419,0.0,0.6672504706905079,0.2083082790763379,0.9797696939773046,168.0,soc_rate,0.25
periop_infection,CO2,PopRI,5995,1370,0.2285237698081735,0.5920402814148874,1.931939505042916,1.8784051486134512,1.2951217601148068,1.0447370197604051,24.0,sensitivity,0.25
periop_infection,CO2,PopRI,5995,1315,0.2193494578815679,0.8911184536949095,0.7897452199451009,1.4290437919238912,1.1404268101914217,0.9048526271389608,24.0,soc_rate,0.25
periop_infection,CO2,PerRI,5995,1447,0.2413678065054212,0.5721326282979943,1.7979748836570613,1.2630172361485388,1.301317346259955,0.8884345322728148,24.0,sensitivity,0.25
periop_infection,CO2,PerRI,5995,1314,0.2191826522101751,0.7802912006902367,1.336807000071974,0.5938238610895284,0.8501630096383174,0.8604893225787561,24.0,soc_rate,0.25
periop_infection,CO2,Cohen_m2,5995,1005,0.1676396997497914,0.3263875925864226,1.1013676944350004,1.67340995718331,1.3795012934168709,1.1794164089063977,24.0,sensitivity,0.25
periop_infection,CO2,Cohen_m2,5995,1315,0.2193494578815679,0.0376640781976607,0.3564561221390832,0.9785598412864576,1.1612465524481994,1.230406711791136,24.0,soc_rate,0.25
periop_infection,CO2,Cohen_m3,5995,1500,0.250208507089241,0.689031267453891,1.1196398240379075,1.0005963393778845,1.2345565297628074,1.02028509849377,24.0,sensitivity,0.25
periop_infection,CO2,Cohen_m3,5995,1315,0.2193494578815679,0.6017831694145923,1.329680639190148,1.1891652484162691,1.46724149970608,1.0053636089253737,24.0,soc_rate,0.25
periop_infection,CO2,Cohen_m4,5995,1202,0.2005004170141784,0.1589950605143298,0.8841660026911432,0.8751581542527016,1.7166223340350422,1.1185552617305998,24.0,sensitivity,0.25
periop_infection,CO2,Cohen_m4,5995,1315,0.2193494578815679,0.903565651213186,0.7889106051659625,0.9796497326457309,1.3242290823896643,1.067843196710845,24.0,soc_rate,0.25
periop_infection,CO2,Gaussian_mle,5995,1525,0.2543786488740617,0.8980053727728634,0.2926125059015665,0.2270096529938687,0.4160655625309559,0.9380926052779056,24.0,sensitivity,0.25
periop_infection,CO2,Gaussian_mle,5995,1301,0.2170141784820684,0.6062695572342991,0.3604270723055343,0.279468305990735,0.3296751584897808,0.7656924770824404,24.0,soc_rate,0.25
periop_infection,CO2,Gaussian_trunc,5995,1488,0.2482068390325271,0.7045469117749172,0.6731409927860157,0.664514777331723,0.8349940066756995,0.6829271979134734,24.0,sensitivity,0.25
periop_infection,CO2,Gaussian_trunc,5995,1301,0.2170141784820684,0.5542060668595785,0.3603886386206841,0.2817250567160593,0.6961924226256463,0.9239173680915808,24.0,soc_rate,0.25
periop_infection,CO2,Gaussian_eb,5995,1360,0.2268557130942452,0.0055842059374924,0.3404010180484057,0.5760860086566011,0.4833076839506469,1.6326313607212344,24.0,sensitivity,0.25
periop_infection,CO2,Gaussian_eb,5995,1301,0.2170141784820684,0.0257581566582563,0.359787018265872,0.9934440620258465,0.9145214540323056,1.3698427387120158,24.0,soc_rate,0.25
periop_infection,CO2,NORMA_q_age_set,5995,1480,0.2468723936613845,0.3611031614270292,1.142271203415372,1.449030817389588,1.5282998307521196,0.9162566954736624,24.0,sensitivity,0.25
periop_infection,CO2,NORMA_q_age_set,5995,1315,0.2193494578815679,0.669947752784589,0.3561605429833717,0.594841351097631,0.7464961459927417,0.9392968769239182,24.0,soc_rate,0.25
periop_infection,CO2,NORMA_334f7e21,5995,1465,0.244370308590492,0.2821047155030478,1.1582742420351009,1.4584905098974583,1.3590624023711293,1.0101763388013325,24.0,sensitivity,0.25
periop_infection,CO2,NORMA_334f7e21,5995,1315,0.2193494578815679,0.6653718305568403,1.3349547994277198,1.6800524318589285,1.6078097541952914,1.1225047145917098,24.0,soc_rate,0.25
periop_infection,CO2,NORMA_q_age,5995,1419,0.236697247706422,0.1468765417879697,1.8418059505434417,1.5277748546692056,1.226440859803685,1.1438875453690274,24.0,sensitivity,0.25
periop_infection,CO2,NORMA_q_age_set_co,6049,1470,0.2430153744420565,0.44765054951492,0.777811230481215,0.4403705498276541,0.8782980618532693,1.2496509630581896,0.0,sensitivity,0.25
periop_infection,CO2,NORMA_q_age,5995,1315,0.2193494578815679,0.914874859801734,1.3340934558963282,0.9611118774792656,1.013015671716283,1.019825398577994,24.0,soc_rate,0.25
periop_infection,CO2,NORMA_q_age,6049,1434,0.2370639775169449,0.1078935081788386,0.8030114218338996,1.5983058187241583,1.6097300031349324,1.2900198319312048,0.0,sensitivity,0.25
periop_infection,CO2,NORMA_q_age_set,6049,1497,0.2474789221358902,0.2829445204170954,0.7598048714755032,1.2448360765179267,1.5547972476640262,1.0365321744652536,0.0,sensitivity,0.25
periop_infection,CL,Gaussian_trunc,3409,803,0.2355529480786154,0.0090492455593225,0.0,0.0,0.6640884315391011,0.1482953778873126,168.0,soc_rate,0.25
periop_infection,CL,Gaussian_eb,3409,808,0.2370196538574362,0.8465829639585315,0.0,0.0,0.4272060496235121,1.45420795697911,168.0,sensitivity,0.25
periop_infection,CL,Gaussian_eb,3409,803,0.2355529480786154,0.3855124302149735,0.0,0.0,1.1035410808424175,1.4560878426211477,168.0,soc_rate,0.25
periop_infection,CL,NORMA_q_age_set,3409,827,0.2425931358169551,0.5348705042857784,0.0,0.8410379510709909,0.703820752837277,0.6892398401571456,168.0,sensitivity,0.25
periop_infection,CL,NORMA_q_age_set,3409,813,0.2384863596362569,0.109458256098379,0.0,0.8573219360260517,0.7255341896231831,0.5301561561930884,168.0,soc_rate,0.25
periop_infection,CL,NORMA_334f7e21,3409,730,0.2141390437078322,0.5491371789606962,0.0,0.9726952661886566,0.8057411884341623,0.8084594998156791,168.0,sensitivity,0.25
periop_infection,CL,NORMA_334f7e21,3409,813,0.2384863596362569,0.2528588410245046,0.0,0.8394105261666703,0.6989212084234037,0.5725470651618174,168.0,soc_rate,0.25
periop_infection,CL,NORMA_q_age,3409,933,0.2736872983279554,0.3279012912208774,0.0,0.7123379208615886,1.101707254232138,0.5237982479872781,168.0,sensitivity,0.25
periop_infection,CL,NORMA_q_age,3409,813,0.2384863596362569,0.085598482719815,0.0,0.8577037988706735,0.7156409068809665,0.3025554949123215,168.0,soc_rate,0.25
periop_infection,CL,NORMA_q_age_set_co,3409,791,0.2320328542094455,0.4766931543020873,0.0,0.8745867397427646,0.7271285881847255,0.7497738482713191,168.0,sensitivity,0.25
periop_infection,CL,NORMA_q_age_set_co,3409,813,0.2384863596362569,0.4478384291567264,0.0,0.8265650112355,1.2888805218785244,0.584774940307864,168.0,soc_rate,0.25
periop_infection,CL,StandardOfCare,3409,813,0.2384863596362569,0.9958882251927134,3.4228187919485547,1.8384425932025117,1.0744764968420928,1.1605247199708288,168.0,sensitivity,0.25
periop_infection,CL,StandardOfCare,3409,813,0.2384863596362569,0.9958882251927134,3.4228187919485547,1.8384425932025117,1.0744764968420928,1.1605247199708288,168.0,soc_rate,0.25
periop_infection,CO2,PopRI,6049,1426,0.2357414448669201,0.924827792035453,0.8096812841220241,1.3299382338134471,1.172219038842583,0.9162752678119996,0.0,sensitivity,0.25
periop_infection,CO2,PerRI,6049,1588,0.2625227310299223,0.0917758949657529,0.0,0.7415612513236255,0.8296469012352394,1.0610929678494427,0.0,sensitivity,0.25
periop_infection,CO2,Cohen_m2,6049,1051,0.1737477268970077,0.3199371844051144,3.166011126845208,1.238612333786995,1.7846841225792756,1.1599680269240078,0.0,sensitivity,0.25
periop_infection,CO2,Cohen_m3,6049,1541,0.2547528517110266,0.9438454581389644,0.7291493049650636,0.5755658480418361,1.3927869502835526,1.1198825156621337,0.0,sensitivity,0.25
periop_infection,CO2,Cohen_m4,6049,1219,0.2015209125475285,0.1724223500990228,0.9875157004362354,0.5579435400014755,1.785469313238674,1.223046643520688,0.0,sensitivity,0.25
periop_infection,CO2,Gaussian_mle,6049,1530,0.2529343693172425,0.2251180316369246,0.7415569891073244,0.7791743170270509,0.886654762222927,0.9603369295802012,0.0,sensitivity,0.25
periop_infection,CO2,Gaussian_trunc,6049,1506,0.2489667713671681,0.601097749013202,0.7543744204017887,0.4278616414662606,0.7242122005644064,0.7556854734726308,0.0,sensitivity,0.25
periop_infection,CO2,Gaussian_eb,6049,1377,0.2276409323855182,0.0047037215325823,0.8460194578418994,0.30456779249755,0.7116366007760251,1.3937160968764124,0.0,sensitivity,0.25
periop_infection,CO2,NORMA_334f7e21,6049,1507,0.2491320879484212,0.2741170517317222,0.7531606937099731,1.235361789735333,1.217807227980404,1.1411586486760792,0.0,sensitivity,0.25
periop_infection,CO2,NORMA_q_age_set_co,5995,1394,0.2325271059216013,0.3834699452269635,0.3286620137627958,0.5514944238741907,0.911143238625459,1.1818683492844069,24.0,sensitivity,0.25
periop_infection,CO2,NORMA_q_age_set_co,5995,1315,0.2193494578815679,0.3676910286832917,0.3544373117202413,0.4313536700941238,0.888470805574587,1.3980720358716494,24.0,soc_rate,0.25
periop_infection,CO2,StandardOfCare,5995,1315,0.2193494578815679,0.7412458944193936,0.3549248507037727,1.4563170930082416,1.770066314763161,1.3320233003596875,24.0,sensitivity,0.25
periop_infection,CO2,StandardOfCare,5817,1447,0.248753653085783,0.6078589075958989,,2.743703063988336,3.918260859268088,1.0637977412797712,72.0,soc_rate,0.25
periop_infection,CO2,PopRI,4233,858,0.2026931254429482,0.9568537845989312,0.8240374104608478,1.5696360034793118,1.2931207691982851,0.70619582518898,168.0,sensitivity,0.25
periop_infection,CO2,PopRI,4233,1139,0.2690763052208835,0.9964334645010176,0.5719783274246157,1.0929089077435987,1.1435269279093103,0.7363302069859102,168.0,soc_rate,0.25
periop_infection,CO2,PerRI,4233,1301,0.307347035199622,0.5198020980031718,1.138258408439154,1.331458301523278,1.4190694414497118,0.5615822338278719,168.0,sensitivity,0.25
periop_infection,CO2,PerRI,4233,1138,0.2688400661469407,0.2961589242656499,1.3596032257077146,0.9711372867994664,1.1339782745615647,0.5357321863903011,168.0,soc_rate,0.25
periop_infection,CO2,Cohen_m2,4233,835,0.1972596267422631,0.393718389432634,0.0,1.0234616089657649,1.115197027874558,1.1275215567038115,168.0,sensitivity,0.25
periop_infection,CO2,Cohen_m2,4233,1139,0.2690763052208835,0.0966674236674334,0.5513515654596115,1.02555252858784,1.4567768120078843,1.3825233459701,168.0,soc_rate,0.25
periop_infection,CO2,Cohen_m3,4233,1062,0.2508858965272856,0.5182221500682898,0.6294436898786627,0.6864863410468709,0.8864064371138782,0.7604150497821311,168.0,sensitivity,0.25
periop_infection,CO2,Cohen_m3,4233,1139,0.2690763052208835,0.8335422484243797,0.5712776940691162,0.6212457937677072,0.7926728595821572,0.8509164716009533,168.0,soc_rate,0.25
periop_infection,CO2,Cohen_m4,4233,783,0.184975194897236,0.4661638542975655,0.9196011688904444,1.7679086709032048,2.4419370281693564,0.837117247390997,168.0,sensitivity,0.25
periop_infection,CO2,Cohen_m4,4233,1139,0.2690763052208835,0.9911170028245528,0.5715161921197783,1.1031047880776566,1.5669075513226027,0.8054491446542345,168.0,soc_rate,0.25
periop_infection,CO2,Gaussian_mle,4233,899,0.2123789274746043,0.6209838864270761,1.892014558803892,1.3239643040909332,0.5957146749642106,1.5194260594029911,168.0,sensitivity,0.25
periop_infection,CO2,Gaussian_mle,4233,1128,0.2664776754075124,0.9590392910824118,1.403062204792034,0.9855023149909224,0.4463332253668159,1.6170766167450583,168.0,soc_rate,0.25
periop_infection,CO2,Gaussian_trunc,4233,1042,0.246161115048429,0.3611264867150882,1.4899670275564136,1.1068744378422768,1.5564823153097307,0.955352574374298,168.0,sensitivity,0.25
periop_infection,CO2,Gaussian_trunc,4233,1128,0.2664776754075124,0.2405808640297088,2.6762387093665856,2.29223684367367,1.8931521819881505,1.2476284993204507,168.0,soc_rate,0.25
periop_infection,CO2,Gaussian_eb,4233,818,0.193243562485235,0.002721961389236,0.0,1.089696687737307,2.361985404261449,1.7584110470109224,168.0,sensitivity,0.25
periop_infection,CO2,Gaussian_eb,4233,1128,0.2664776754075124,0.1135347984768041,0.0,1.2079777638071143,1.8146986819011877,1.3048682657016335,168.0,soc_rate,0.25
periop_infection,CO2,NORMA_q_age_set,4233,1159,0.2738010866997401,0.7948867048288379,1.3576850383104722,2.3734036806362795,1.0380813865632723,1.0062618344195642,168.0,sensitivity,0.25
periop_infection,CO2,NORMA_q_age_set,4233,1139,0.2690763052208835,0.3647772896628128,1.3912400815726624,1.0014671834645594,0.4989202421644978,0.9331300331067351,168.0,soc_rate,0.25
periop_infection,CO2,NORMA_334f7e21,4233,1041,0.2459248759744861,0.4557966846242268,1.5626485697433556,2.722328125834598,0.9181326771075076,1.005097448328689,168.0,sensitivity,0.25
periop_infection,CO2,NORMA_q_age,4233,1049,0.2478147885660288,0.7506235548644361,0.6423117891270385,1.2167110999059154,0.5981232607453683,1.0023152600838987,168.0,sensitivity,0.25
periop_infection,CO2,StandardOfCare,5817,1447,0.248753653085783,0.6078589075958989,,2.743703063988336,3.918260859268088,1.0637977412797712,72.0,sensitivity,0.25
periop_infection,CO2,NORMA_q_age_set_co,5817,1447,0.248753653085783,0.1043511052727787,1.2138110773924984,1.1951825136187664,1.3300628143541933,1.2200262664019583,72.0,soc_rate,0.25
periop_infection,CO2,NORMA_q_age_set_co,5817,1245,0.2140278494069107,0.0987743638407624,1.4785808085662384,1.4548772892477797,1.6012177715632918,1.295753326242977,72.0,sensitivity,0.25
periop_infection,CO2,NORMA_q_age,5817,1447,0.248753653085783,0.982104046845553,2.294271570466947,1.979904545418012,1.2164810839577522,0.9082434947048098,72.0,soc_rate,0.25
periop_infection,CO2,StandardOfCare,5995,1315,0.2193494578815679,0.7412458944193936,0.3549248507037727,1.4563170930082416,1.770066314763161,1.3320233003596875,24.0,soc_rate,0.25
periop_infection,CO2,PopRI,5817,1222,0.210073921265257,0.419572590774444,2.823516389617963,1.4040059364255122,1.119929110584069,1.005177955369084,72.0,sensitivity,0.25
periop_infection,CO2,PopRI,5817,1447,0.248753653085783,0.337535398007885,2.2774422886467214,1.5181547815473253,1.2299281136066684,1.0036490804898703,72.0,soc_rate,0.25
periop_infection,CO2,PerRI,5817,1561,0.2683513838748496,0.4957214385333479,2.017225600688127,1.67491500357294,0.9147403603545218,0.8763667452651603,72.0,sensitivity,0.25
periop_infection,CO2,PerRI,5817,1446,0.2485817431665807,0.0825122847323383,2.2373959215887047,1.8490907420267848,0.7844272818092041,0.8142956625949411,72.0,soc_rate,0.25
periop_infection,CO2,Cohen_m2,5817,985,0.1693312704143029,0.0847508863705217,6.569212621938458,2.345390930083183,1.5353687745873537,1.079187117001022,72.0,sensitivity,0.25
periop_infection,CO2,Cohen_m2,5817,1447,0.248753653085783,0.1212384729903862,2.266189584877934,1.4915615453655378,1.3502790119133206,1.0429292301160653,72.0,soc_rate,0.25
periop_infection,CO2,Cohen_m3,5817,1398,0.2403300670448684,0.5445136949181092,2.39441054264552,1.6537632843951071,1.279563596931368,0.9257954805841596,72.0,sensitivity,0.25
periop_infection,CO2,Cohen_m3,5817,1447,0.248753653085783,0.4054043380816761,4.062681923559986,3.1227541981507185,1.7201047000240957,0.8908484399812405,72.0,soc_rate,0.25
periop_infection,CO2,Cohen_m4,5817,1180,0.2028537046587588,0.1228064795309691,2.985069003294205,2.583190725627463,2.4566627424541174,1.0895142296166678,72.0,sensitivity,0.25
periop_infection,CL,Gaussian_mle,3409,803,0.2355529480786154,0.4548077658543435,0.0,0.0,0.9786566769314308,1.2779854010886895,168.0,soc_rate,0.25
periop_infection,CO2,Cohen_m4,5817,1447,0.248753653085783,0.9899480392454274,4.064497206126703,2.391467834900931,1.7918883891041169,0.9388924310151596,72.0,soc_rate,0.25
periop_infection,CO2,Gaussian_mle,5817,1432,0.2461750042977479,0.9682579804314336,1.243134853767713,0.8688793337743662,1.1289992393258204,0.6466196148839147,72.0,soc_rate,0.25
periop_infection,CO2,Gaussian_trunc,5817,1442,0.2478941034897713,0.2788384785653242,1.2404965606397913,0.5913221248348777,0.9703124558396024,0.7249356776242064,72.0,sensitivity,0.25
periop_infection,CO2,Gaussian_trunc,5817,1432,0.2461750042977479,0.2067783818200044,2.317181293791731,0.8385272853440289,1.3064050296184369,1.182723904066247,72.0,soc_rate,0.25
periop_infection,CO2,Gaussian_eb,5817,1222,0.210073921265257,0.0011313676014212,2.839850382062058,0.7058928993440603,1.029155211436494,1.2587049777284358,72.0,sensitivity,0.25
periop_infection,CO2,Gaussian_eb,5817,1432,0.2461750042977479,0.04272713637364,2.34892524669202,1.1719193371170995,1.1039314889342624,1.1657023988799635,72.0,soc_rate,0.25
periop_infection,CO2,NORMA_q_age_set,5817,1461,0.2511603919546157,0.3854194571654182,2.219358795746234,1.5029441245043498,1.9431405343736885,0.8627641023351812,72.0,sensitivity,0.25
periop_infection,CO2,NORMA_q_age_set,5817,1447,0.248753653085783,0.9652820340165756,2.2520460389499943,1.5405519675744557,1.2181235770087924,0.8146391604345568,72.0,soc_rate,0.25
periop_infection,CO2,NORMA_334f7e21,5817,1439,0.2473783737321643,0.3712446173732704,2.268826023681181,1.9633102855530256,1.7204718505565166,1.0331522461023268,72.0,sensitivity,0.25
periop_infection,CO2,NORMA_334f7e21,5817,1447,0.248753653085783,0.7576273982059815,2.2591208299565664,1.9817601053292824,1.8916966369722437,0.9360309765679184,72.0,soc_rate,0.25
periop_infection,CO2,NORMA_q_age,5817,1388,0.2386109678528451,0.23659247121884,1.278251024376167,1.6491350160225258,1.1274855671369648,0.9051109318046516,72.0,sensitivity,0.25
periop_infection,CO2,Gaussian_mle,5817,1479,0.2542547705002578,0.761498852347787,0.4895874365155103,0.5944534571734563,0.9606833192228597,0.6394855528615842,72.0,sensitivity,0.25
periop_infection,BUN,NORMA_334f7e21,6430,1697,0.2639191290824261,0.4609895138821976,2.878511494690247,1.5166372222879745,1.2709061983715102,0.9962369818605517,72.0,sensitivity,0.25
periop_infection,ALT,NORMA_q_age_set_co,6913,104,0.0150441197743382,0.3117625532761556,0.0,0.0,0.0,0.0,24.0,soc_rate,0.25
periop_infection,BUN,NORMA_q_age_set,6430,1610,0.2503888024883359,0.8906735774998292,3.11991940634109,2.187558752428817,1.3777688719020684,1.086327345177184,72.0,sensitivity,0.25
periop_infection,ALP,Gaussian_eb,7136,1749,0.2450952914798206,0.2319270451676914,0.6846159521663244,0.7208796226241936,0.9460698401921306,1.1973999789241023,72.0,sensitivity,0.25
periop_infection,ALP,Gaussian_eb,7136,252,0.0353139013452914,0.3683030338867941,0.0,0.0,0.0,1.4049340248842523,72.0,soc_rate,0.25
periop_infection,ALP,NORMA_q_age_set,7136,1417,0.1985706278026905,0.75310555109944,0.3959968074207848,0.6068764406143046,1.0866748461583269,1.2488900097473623,72.0,sensitivity,0.25
periop_infection,ALP,NORMA_q_age_set,7136,254,0.0355941704035874,0.4903251840797382,0.0,1.2390104713530663,0.5894296961615633,1.737070130031433,72.0,soc_rate,0.25
periop_infection,ALP,NORMA_334f7e21,7136,1460,0.2045964125560538,0.5182389982860682,0.8541556912295778,0.7969395193564879,1.2132684603902637,1.412058135254832,72.0,sensitivity,0.25
periop_infection,ALP,NORMA_334f7e21,7136,254,0.0355941704035874,0.7806816616462064,0.0,1.259059292787753,0.6000019247615569,1.3639894006396955,72.0,soc_rate,0.25
periop_infection,ALP,NORMA_q_age,7136,1529,0.2142656950672645,0.6075354336553501,0.3637282097418453,0.7745187939738818,1.1993159484892382,1.5065955925944832,72.0,sensitivity,0.25
periop_infection,ALP,NORMA_q_age,7136,254,0.0355941704035874,0.4889752642073186,0.0,0.0,0.0,0.441691156445137,72.0,soc_rate,0.25
periop_infection,ALP,NORMA_q_age_set_co,7136,1400,0.1961883408071749,0.1983956379864902,0.9605955414021148,1.2417483700684404,2.0732098330777133,1.285815501985829,72.0,sensitivity,0.25
periop_infection,ALP,NORMA_q_age_set_co,7136,254,0.0355941704035874,0.8857664917377784,0.0,1.2326560899128287,0.5869384310740281,0.5561268376402919,72.0,soc_rate,0.25
periop_infection,ALP,StandardOfCare,7136,254,0.0355941704035874,0.3901667582998652,5.702038213920773,6.867193438904237,2.8794110320560757,1.2920990003550603,72.0,sensitivity,0.25
periop_infection,ALP,StandardOfCare,7136,254,0.0355941704035874,0.3901667582998652,5.702038213920773,6.867193438904237,2.8794110320560757,1.2920990003550603,72.0,soc_rate,0.25
periop_infection,ALP,PopRI,3166,464,0.1465571699305116,0.2518670302326276,0.0,1.9971597282072464,0.5744871363578623,1.2930767288307743,168.0,sensitivity,0.25
periop_infection,ALP,PopRI,3166,283,0.089387239418825,0.3568146439120897,0.0,3.3280668839323533,0.9548748324190792,1.095842605653739,168.0,soc_rate,0.25
periop_infection,ALP,PerRI,3166,1208,0.3815540113708149,0.5740673035496585,0.0,0.0,0.626842685621133,0.6802751360797243,168.0,sensitivity,0.25
periop_infection,ALP,PerRI,3166,282,0.0890713834491472,0.326611406272309,0.0,0.0,0.0,0.1651890886336517,168.0,soc_rate,0.25
periop_infection,ALP,Cohen_m2,3166,601,0.1898294377763739,0.6343661364684683,0.0,0.0,0.0,1.1746655295842232,168.0,sensitivity,0.25
periop_infection,ALP,Cohen_m2,3166,283,0.089387239418825,0.4040956252723849,0.0,0.0,0.0,1.6193568551399655,168.0,soc_rate,0.25
periop_infection,ALP,Cohen_m3,3166,900,0.2842703727100442,0.1642060202504449,0.0,0.0,0.8173117296621916,0.4870337386218635,168.0,sensitivity,0.25
periop_infection,ALP,Cohen_m3,3166,283,0.089387239418825,0.6728717136335923,0.0,0.0,0.0,0.6339602118772107,168.0,soc_rate,0.25
periop_infection,ALP,Cohen_m4,3166,600,0.1895135818066961,0.1930495720816297,0.0,0.0,0.6919144632104651,1.4167701863534865,168.0,sensitivity,0.25
periop_infection,ALP,Gaussian_trunc,7136,252,0.0353139013452914,0.1929169174741745,0.0,0.0,0.0,0.5476601311526748,72.0,soc_rate,0.25
periop_infection,ALP,Cohen_m4,3166,283,0.089387239418825,0.1259991951418529,0.0,0.0,1.6501206845730263,1.4197594760058805,168.0,soc_rate,0.25
periop_infection,ALP,Gaussian_trunc,7136,1608,0.2253363228699551,0.7002606458250538,0.7589004093307035,0.551540085315187,0.6190791524883018,0.9261079804278408,72.0,sensitivity,0.25
periop_infection,ALP,Gaussian_mle,7136,1714,0.2401905829596412,0.1703759137964339,0.7078287459963746,0.7467951608411675,0.9862918375319768,1.1788553676060345,72.0,sensitivity,0.25
periop_infection,ALP,Gaussian_eb,9855,66,0.006697108066971,0.4702791008173393,15.14737319737262,3.815612727841052,1.928731667451856,0.213387033096581,24.0,soc_rate,0.25
periop_infection,ALP,NORMA_q_age_set,9855,2117,0.2148148148148148,0.2865012882602434,3.188291426627284,0.6940009660773859,0.817912871961801,1.2222104011625678,24.0,sensitivity,0.25
periop_infection,ALP,NORMA_q_age_set,9855,67,0.0067985794013191,0.6258960523370459,14.413418891260935,3.6309266011179018,1.835511464530016,0.2027864109484382,24.0,soc_rate,0.25
periop_infection,ALP,NORMA_334f7e21,9855,2169,0.2200913242009132,0.9289194374562963,3.080563421768604,1.2120428003935522,0.863849109547353,1.3105886139821012,24.0,sensitivity,0.25
periop_infection,ALP,NORMA_334f7e21,9855,67,0.0067985794013191,0.0307848091116323,14.65093383237184,3.690003561261233,1.8655948474933912,3.334172816975319,24.0,soc_rate,0.25
periop_infection,ALP,NORMA_q_age,9855,2220,0.2252663622526636,0.6434755574867619,2.97416105060542,0.775113882016668,0.8434672680323977,1.526241045857473,24.0,sensitivity,0.25
periop_infection,ALP,NORMA_q_age,9855,67,0.0067985794013191,0.4198415211092363,14.41116499214561,3.630054150693796,1.8358567318678307,0.203073171811697,24.0,soc_rate,0.25
periop_infection,ALP,NORMA_q_age_set_co,9855,1950,0.197869101978691,0.2402878711801679,3.361413368305641,1.1566359295635344,1.196639349700337,1.6624304952021094,24.0,sensitivity,0.25
periop_infection,ALP,NORMA_q_age_set_co,9855,67,0.0067985794013191,0.5120952023178259,14.409079500376956,3.629172229175309,1.8346031169710053,0.2029919151437321,24.0,soc_rate,0.25
periop_infection,ALP,StandardOfCare,9855,67,0.0067985794013191,0.4196613976761304,0.0,0.0,2.195786698877908,1.0729559565925446,24.0,sensitivity,0.25
periop_infection,ALP,StandardOfCare,9855,67,0.0067985794013191,0.4196613976761304,0.0,0.0,2.195786698877908,1.0729559565925446,24.0,soc_rate,0.25
periop_infection,ALP,PopRI,7136,1378,0.1931053811659192,0.606314318494325,0.0,0.1907929438080465,1.0160225988971192,0.9442902121288902,72.0,sensitivity,0.25
periop_infection,ALP,PopRI,7136,254,0.0355941704035874,0.7155391049561111,0.0,0.0,1.605650338330992,1.2448222006125609,72.0,soc_rate,0.25
periop_infection,ALP,PerRI,7136,2496,0.3497757847533632,0.4855863056666625,0.3964214148521441,0.5284857682215246,0.3326777561241545,0.8882644910499604,72.0,sensitivity,0.25
periop_infection,ALP,PerRI,7136,253,0.0354540358744394,0.7494313886247235,0.0,2.719475923057249,1.2564233189516325,0.3884424639099199,72.0,soc_rate,0.25
periop_infection,ALP,Cohen_m2,7136,1143,0.1601737668161435,0.4581362086013416,1.9596815355144,1.4560484314367224,0.7913579904539642,1.3143207002791188,72.0,sensitivity,0.25
periop_infection,ALP,Cohen_m2,7136,254,0.0355941704035874,0.6800809797019738,2.477048337981896,0.9986753588797082,1.270493944299044,1.2433294322817094,72.0,soc_rate,0.25
periop_infection,ALP,Cohen_m3,7136,1145,0.1604540358744394,0.7460920101105935,4.3458948007698,2.038889770149465,1.0226440576120526,1.1207306286350098,72.0,sensitivity,0.25
periop_infection,ALP,Cohen_m3,7136,254,0.0355941704035874,0.9363091035319326,2.83639552224705,1.1349638086096867,0.5367749974239874,1.1567953893216318,72.0,soc_rate,0.25
periop_infection,ALP,Cohen_m4,7136,1306,0.1830156950672645,0.5972045332943103,2.5541697460734234,1.99210850892108,1.3360379077818527,1.0072803540304285,72.0,sensitivity,0.25
periop_infection,ALP,Cohen_m4,7136,254,0.0355941704035874,0.3557561448444307,0.0,1.1923415186884192,0.5639657190861496,1.1444930328111231,72.0,soc_rate,0.25
periop_infection,ALP,Gaussian_mle,7136,252,0.0353139013452914,0.6302350553670134,0.0,0.0,0.0,2.135260867053862,72.0,soc_rate,0.25
periop_infection,ALP,Gaussian_eb,9855,2469,0.2505327245053272,0.463314917374008,1.81303787403908,0.9278108264720792,0.7803947306243758,1.1924774761778214,24.0,sensitivity,0.25
periop_infection,ALP,Gaussian_mle,3166,819,0.2586860391661402,0.1282408709307658,0.0,0.4777215819131542,0.159020238028084,1.415755336249442,168.0,sensitivity,0.25
periop_infection,ALP,Gaussian_trunc,3166,660,0.2084649399873657,0.2132806098852828,0.0,0.6618775993812707,0.217551809745678,0.9600588189687874,168.0,sensitivity,0.25
periop_infection,ALT,PopRI,6913,1527,0.2208881816866773,0.1658554858862175,1.1913947737479536,0.7845664520459714,1.3149728264030562,1.440505940086731,24.0,sensitivity,0.25
periop_infection,ALT,PopRI,6913,104,0.0150441197743382,0.4445606581476904,0.0,0.0,0.0,1.8262312243091483,24.0,soc_rate,0.25
periop_infection,ALT,PerRI,6913,1946,0.2814986257775206,0.0380136645821325,4.262024744424399,1.6485046032216395,1.6241245471498258,1.7795661297127896,24.0,sensitivity,0.25
periop_infection,ALT,PerRI,6913,104,0.0150441197743382,0.2639499276020757,0.0,0.0,0.0,0.0,24.0,soc_rate,0.25
periop_infection,ALT,Cohen_m2,6913,1557,0.2252278316215825,0.3851235570333323,3.2797097202580416,1.1867395050395892,1.5203716921720047,1.2561738951652404,24.0,sensitivity,0.25
periop_infection,ALT,Cohen_m2,6913,104,0.0150441197743382,0.9124795025246308,0.0,0.0,0.0,0.7848024113903375,24.0,soc_rate,0.25
periop_infection,ALT,Cohen_m3,6913,1140,0.1649066975263995,0.4128513130897715,0.0,0.5915641909239644,0.9175841934027398,1.4476240525012345,24.0,sensitivity,0.25
periop_infection,ALT,Cohen_m3,6913,104,0.0150441197743382,0.6786177748294724,0.0,0.0,0.0,0.4102704949759851,24.0,soc_rate,0.25
periop_infection,ALT,Cohen_m4,6913,1563,0.2260957616085635,0.8461948648904426,0.4862346369158868,1.0859233838754738,1.00991654158374,0.8268397442137909,24.0,sensitivity,0.25
periop_infection,ALT,Cohen_m4,6913,104,0.0150441197743382,0.5253969363150954,0.0,0.0,0.0,0.630899897421402,24.0,soc_rate,0.25
periop_infection,ALT,Gaussian_mle,6913,1792,0.2592217561116736,0.2701661262140046,0.9275008456804652,0.5860678491656656,1.147041096867078,1.5118466796540144,24.0,sensitivity,0.25
periop_infection,ALT,Gaussian_mle,6913,103,0.014899464776508,0.8655291994072265,0.0,2.5206473253382486,1.1249583546060722,0.133271125651149,24.0,soc_rate,0.25
periop_infection,ALT,Gaussian_trunc,6913,1550,0.2242152466367713,0.8944926108687995,2.0632447252805384,0.6704073363113064,0.7220539502220042,1.0255176935557275,24.0,sensitivity,0.25
periop_infection,ALT,Gaussian_trunc,6913,103,0.014899464776508,0.3517680137447607,0.0,0.0,0.0,0.0,24.0,soc_rate,0.25
periop_infection,ALT,Gaussian_eb,6913,1814,0.2624041660639375,0.2046085144427059,1.6876794623103424,0.5485173413728381,1.1129028688759377,1.4665849634620698,24.0,sensitivity,0.25
periop_infection,ALT,Gaussian_eb,6913,103,0.014899464776508,0.3148426700603893,0.0,0.0,0.0,0.0,24.0,soc_rate,0.25
periop_infection,ALT,NORMA_q_age_set,6913,1630,0.2357876464631853,0.3462399796899195,5.466969037535876,1.8788641773611487,1.884759769388229,0.8124744570305835,24.0,sensitivity,0.25
periop_infection,ALT,NORMA_q_age_set,6913,104,0.0150441197743382,0.4145266264512144,9.785000615816568,2.2146494929509264,0.9869166340404362,0.1171880119815428,24.0,soc_rate,0.25
periop_infection,ALT,NORMA_334f7e21,6913,1568,0.2268190365977144,0.7371783578915361,2.0301732527090293,1.2609497894247843,1.8572547994449684,0.5805471379968679,24.0,sensitivity,0.25
periop_infection,ALT,NORMA_334f7e21,6913,104,0.0150441197743382,0.0389087180095739,10.004322423018827,4.807578871029496,2.1009521843756604,0.2459521448572773,24.0,soc_rate,0.25
periop_infection,ALT,NORMA_q_age,6913,1479,0.2139447417908288,0.154459611195578,3.8320069592792367,1.3575922681241546,2.106567860781157,1.0585108662196083,24.0,sensitivity,0.25
periop_infection,ALT,NORMA_q_age_set_co,7582,1565,0.2064099182273806,0.5130440432403772,7.487249302251732,2.886499026697261,1.8394271124776749,1.024816658824037,0.0,sensitivity,0.25
periop_infection,ALP,Gaussian_mle,3166,280,0.0884396715097915,0.9554114760997264,0.0,0.0,0.0,0.906901681421394,168.0,soc_rate,0.25
periop_infection,ALT,NORMA_q_age,7582,1665,0.2195990503824848,0.1144443391747537,2.7855125846807653,2.494599450714082,1.7774858664828408,1.1659048154851248,0.0,sensitivity,0.25
periop_infection,ALT,NORMA_q_age_set,7582,1753,0.2312054866789765,0.1513136263700004,6.531276008370799,3.960810471313196,2.115813404630913,0.9607734042966048,0.0,sensitivity,0.25
periop_infection,ALP,Gaussian_trunc,3166,280,0.0884396715097915,0.8973052269113253,0.0,0.0,0.0,0.5551974573166625,168.0,soc_rate,0.25
periop_infection,ALP,Gaussian_eb,3166,862,0.2722678458622868,0.1718520687666893,0.0,0.441449898025712,0.146172047900126,1.4486827446488082,168.0,sensitivity,0.25
periop_infection,ALP,Gaussian_eb,3166,280,0.0884396715097915,0.5895720650763585,0.0,0.0,0.0,1.1441412588147015,168.0,soc_rate,0.25
periop_infection,ALP,NORMA_q_age_set,3166,594,0.1876184459886291,0.7518172388522217,0.0,3.2053682372533365,0.7801212635202244,0.7411199528925996,168.0,sensitivity,0.25
periop_infection,ALP,NORMA_q_age_set,3166,283,0.089387239418825,0.3405951866725381,0.0,3.857221526418182,1.128373020071554,0.7403348229249153,168.0,soc_rate,0.25
periop_infection,ALP,NORMA_334f7e21,3166,553,0.1746683512318382,0.1801256789420836,0.0,3.604629028434674,0.8748048246058656,1.0193406412359922,168.0,sensitivity,0.25
periop_infection,ALP,NORMA_334f7e21,3166,283,0.089387239418825,0.1371839731624675,0.0,8.117175102135686,1.9770869103244817,0.8907598531400786,168.0,soc_rate,0.25
periop_infection,ALP,NORMA_q_age,3166,543,0.17150979153506,0.0331326541399984,0.0,3.870838082297792,0.9438036058317658,1.3002975542681543,168.0,sensitivity,0.25
periop_infection,ALP,NORMA_q_age,3166,283,0.089387239418825,0.2678863467211705,0.0,4.725012831598971,1.3546381149814326,0.8432309130007167,168.0,soc_rate,0.25
periop_infection,ALP,NORMA_q_age_set_co,3166,616,0.1945672773215414,0.1209285157947665,0.0,3.221592409246857,1.413440100654168,0.9142323557471264,168.0,sensitivity,0.25
periop_infection,ALP,NORMA_q_age_set_co,3166,283,0.089387239418825,0.5573251645873929,0.0,1.8018757482678132,0.5953951373011591,1.06985052479057,168.0,soc_rate,0.25
periop_infection,ALP,StandardOfCare,3166,283,0.089387239418825,0.0792647253519098,0.0,3.391170404373971,1.8510940567012129,1.2409035072532206,168.0,sensitivity,0.25
periop_infection,ALP,StandardOfCare,3166,283,0.089387239418825,0.0792647253519098,0.0,3.391170404373971,1.8510940567012129,1.2409035072532206,168.0,soc_rate,0.25
periop_infection,ALT,PopRI,7582,1605,0.2116855710894223,0.2730527314391613,1.0518455022517592,0.754453891102023,0.9444157521544608,1.2418386330568372,0.0,sensitivity,0.25
periop_infection,ALT,PerRI,7582,1999,0.2636507517805328,0.0107168690682725,2.232403667311113,2.286442868426984,1.3435959238606194,1.7199643612144542,0.0,sensitivity,0.25
periop_infection,ALT,Cohen_m2,7582,1792,0.2363492482194671,0.2706528144983479,1.514180251373106,2.2252224989839005,1.558104264720212,1.169787739542559,0.0,sensitivity,0.25
periop_infection,ALT,Cohen_m3,7582,1249,0.1647322606172513,0.1963717941115185,1.425104363869113,0.7460459026749767,0.8469744188649038,1.2309980697969989,0.0,sensitivity,0.25
periop_infection,ALT,Cohen_m4,7582,1770,0.2334476391453442,0.8327910688986946,0.8888768529958438,1.231810814962955,0.8950883591856897,0.9221753347797697,0.0,sensitivity,0.25
periop_infection,ALT,Gaussian_mle,7582,1920,0.2532313373780005,0.2745236867084508,1.434418854159878,1.108388607627499,1.153113316352072,1.748874732409655,0.0,sensitivity,0.25
periop_infection,ALT,Gaussian_trunc,7582,1663,0.2193352677393827,0.748318132203079,2.8212632214264293,1.503755250867703,1.0276972736559529,1.1939106598876836,0.0,sensitivity,0.25
periop_infection,ALT,Gaussian_eb,7582,1998,0.2635188604589818,0.2307853277056202,2.142395483333309,1.1688773266219703,1.1452040321273218,1.7026339634583312,0.0,sensitivity,0.25
periop_infection,ALT,NORMA_334f7e21,7582,1690,0.2228963334212609,0.5728001357096807,4.194453030187863,2.301371789616076,1.6062758621739084,0.6261032372851243,0.0,sensitivity,0.25
periop_infection,ALT,NORMA_q_age,6913,104,0.0150441197743382,0.389259195648275,9.78520365888211,2.214849140887402,0.9873228350608868,0.1172066661888634,24.0,soc_rate,0.25
periop_infection,ALP,Gaussian_trunc,9855,66,0.006697108066971,0.119137039400074,15.40997177461432,3.880826305404948,1.9612500644488933,2.722250973371944,24.0,soc_rate,0.25
periop_infection,ALP,Gaussian_mle,9855,66,0.006697108066971,0.3546112507940444,15.680024537277337,3.950345032047913,1.9972274542432769,4.455964551015672,24.0,soc_rate,0.25
periop_infection,ALB,Cohen_m2,3849,1778,0.4619381657573396,0.3272100598098993,0.0,2.0274261603373414,0.1663269351045309,0.5886760363470137,72.0,sensitivity,0.25
periop_infection,ALB,Cohen_m2,3849,574,0.1491296440633931,0.0048888020135399,0.0,0.0,0.0,0.0,72.0,soc_rate,0.25
periop_infection,ALB,Cohen_m3,3849,1239,0.3219017926734216,0.6972547944311107,0.0,0.0,1.3601135585346948,0.7444721817535956,72.0,sensitivity,0.25
periop_infection,ALB,Cohen_m3,3849,574,0.1491296440633931,0.665288854813914,0.0,0.0,1.109802350923049,0.933241607349392,72.0,soc_rate,0.25
periop_infection,ALB,Cohen_m4,3849,775,0.2013510002598077,0.002941932674513,0.0,0.0,7.719126921362539,1.5517164948782949,72.0,sensitivity,0.25
periop_infection,ALB,Cohen_m4,3849,574,0.1491296440633931,0.450617701283944,0.0,0.0,4.715843054538614,0.3186388392904432,72.0,soc_rate,0.25
periop_infection,ALB,Gaussian_mle,3849,1137,0.2954014029618083,0.6045195278281983,0.0,0.0,0.0,0.5067295800090801,72.0,sensitivity,0.25
periop_infection,ALB,Gaussian_mle,3849,566,0.1470511821252273,0.458634425121294,0.0,0.0,0.0,0.486333382445216,72.0,soc_rate,0.25
periop_infection,ALB,Gaussian_trunc,3849,432,0.1122369446609509,0.2401796358408379,0.0,0.0,1.0235865396295285,1.3280042725984729,72.0,sensitivity,0.25
periop_infection,ALB,Gaussian_trunc,3849,566,0.1470511821252273,0.0167523108803381,0.0,0.0,2.4885466898378152,2.415495673501294,72.0,soc_rate,0.25
periop_infection,ALB,Gaussian_eb,3849,651,0.1691348402182385,0.6892171722072495,0.0,0.0,1.3175045984994391,1.4979138079555725,72.0,sensitivity,0.25
periop_infection,ALB,Gaussian_eb,3849,566,0.1470511821252273,0.8784348471088939,0.0,0.0,1.519815266429113,1.7758597192564594,72.0,soc_rate,0.25
periop_infection,ALB,NORMA_q_age_set,3849,795,0.2065471551052221,0.0529691073162236,0.0,0.0,2.362960754967392,3.0656329205121766,72.0,sensitivity,0.25
periop_infection,ALB,NORMA_q_age_set,3849,574,0.1491296440633931,0.2739810035638591,0.0,0.0,1.8028664128761167,3.028477495948535,72.0,soc_rate,0.25
periop_infection,ALB,NORMA_334f7e21,3849,777,0.2018706157443491,0.0846844218639361,0.0,0.0,2.2117196592947392,2.395488726661459,72.0,sensitivity,0.25
periop_infection,ALB,NORMA_334f7e21,3849,574,0.1491296440633931,0.6642586473270711,0.0,0.0,1.53501275383278,1.6788891976666511,72.0,soc_rate,0.25
periop_infection,ALB,NORMA_q_age,3849,924,0.2400623538581449,0.4035541118370986,0.0,0.0,1.783289087839798,2.245471447510838,72.0,sensitivity,0.25
periop_infection,ALB,NORMA_q_age,3849,574,0.1491296440633931,0.4377763519863964,0.0,0.0,3.128798326089524,2.2480249229101705,72.0,soc_rate,0.25
periop_infection,ALB,NORMA_q_age_set_co,3849,746,0.1938165757339568,0.0330042165065207,0.0,0.0,3.333795340746651,4.346484146424926,72.0,sensitivity,0.25
periop_infection,ALB,NORMA_q_age_set_co,3849,574,0.1491296440633931,0.3987576244128852,0.0,0.0,1.6763227580798,3.904686664216447,72.0,soc_rate,0.25
periop_infection,ALB,StandardOfCare,3849,574,0.1491296440633931,0.0055608874824567,0.0,0.0,3.2024270039004734,0.9772871532743664,72.0,sensitivity,0.25
periop_infection,ALB,PerRI,3849,574,0.1491296440633931,0.445842076406103,,3.201851851847907,0.4219060659650936,1.2814326468841666,72.0,soc_rate,0.25
periop_infection,ALB,StandardOfCare,3849,574,0.1491296440633931,0.0055608874824567,0.0,0.0,3.2024270039004734,0.9772871532743664,72.0,soc_rate,0.25
periop_infection,ALB,PerRI,3849,590,0.1532865679397246,0.735371819508809,0.0,0.0,0.0,0.8998726028481971,72.0,sensitivity,0.25
periop_infection,ALB,PopRI,3849,317,0.0823590542998181,0.0079461536319585,,6.322259136217893,0.8374540546459868,2.233254833687617,72.0,sensitivity,0.25
periop_infection,ALB,Cohen_m3,5872,1760,0.2997275204359673,0.8574041306495598,0.7220634972641734,1.6272771711643206,1.249792966636218,0.8253788325000767,24.0,sensitivity,0.25
periop_infection,GLU,Cohen_m4,7799,1009,0.129375560969355,0.0067322631796856,2.717081915109908,2.9469319994210363,3.50399771886735,1.3006301582767503,0.0,sensitivity,0.25
periop_infection,ALB,Cohen_m3,5872,226,0.0384877384196185,0.6141908028962597,0.0,0.0,0.0,0.0,24.0,soc_rate,0.25
periop_infection,ALB,Cohen_m4,5872,1297,0.2208787465940054,0.0160884134210401,4.020962363101889,1.044589507979021,1.4390926899228262,2.7143904565082355,24.0,sensitivity,0.25
periop_infection,ALB,Cohen_m4,5872,226,0.0384877384196185,0.7082468562548727,0.0,0.0,0.0,0.0,24.0,soc_rate,0.25
periop_infection,ALB,Gaussian_mle,5872,1252,0.2132152588555858,0.0359859692150856,1.2038235021750874,1.1724342778132726,0.4514831132207188,1.254144427522565,24.0,sensitivity,0.25
periop_infection,ALB,Gaussian_mle,5872,223,0.0379768392370572,0.6312519195972865,0.0,0.0,0.0,1.541042511499685,24.0,soc_rate,0.25
periop_infection,ALB,Gaussian_trunc,5872,901,0.1534400544959128,0.8937279813623794,0.0,0.0,0.661836613015532,1.7413264309903604,24.0,sensitivity,0.25
periop_infection,ALB,Gaussian_trunc,5872,223,0.0379768392370572,0.2957061020133722,0.0,0.0,0.0,0.0,24.0,soc_rate,0.25
periop_infection,ALB,Gaussian_eb,5872,1288,0.2193460490463215,0.9327272196546798,3.270176818200231,1.7851657533491343,1.4145395410130706,1.3993998467484092,24.0,sensitivity,0.25
periop_infection,ALB,Gaussian_eb,5872,223,0.0379768392370572,0.0958480603904493,0.0,0.0,0.0,1.2431192204101529,24.0,soc_rate,0.25
periop_infection,ALB,NORMA_q_age_set,5872,1132,0.1927792915531335,0.1831934968030678,3.8629763263277344,1.0633281571712825,1.3084039140213264,1.606731915096827,24.0,sensitivity,0.25
periop_infection,ALB,NORMA_q_age_set,5872,226,0.0384877384196185,0.106469942927302,0.0,0.0,0.0,1.668642093875078,24.0,soc_rate,0.25
periop_infection,ALB,NORMA_334f7e21,5872,1037,0.1766008174386921,0.1463080019453829,1.4301424697627318,1.4275667885939785,1.516990394447679,1.8800043553920127,24.0,sensitivity,0.25
periop_infection,ALB,NORMA_334f7e21,5872,226,0.0384877384196185,0.582370400357591,0.0,0.0,0.0,1.6458874525013447,24.0,soc_rate,0.25
periop_infection,ALB,NORMA_q_age,5872,1092,0.185967302452316,0.4608304707046152,1.3415783738929823,1.3421423027497696,1.451654182190708,1.4577435948268178,24.0,sensitivity,0.25
periop_infection,ALB,NORMA_q_age,5872,226,0.0384877384196185,0.1431009927411535,7.657707361472105,2.7498088413626878,1.1649183597754362,1.289363105575491,24.0,soc_rate,0.25
periop_infection,ALB,NORMA_q_age_set_co,5872,1175,0.2001021798365122,0.0424586865931365,3.710709081329082,2.051246675926856,0.7206091343807045,2.986983245714664,24.0,sensitivity,0.25
periop_infection,ALB,NORMA_q_age_set_co,5872,226,0.0384877384196185,0.9343559438107572,0.0,0.0,0.0,1.9148646163471028,24.0,soc_rate,0.25
periop_infection,ALB,StandardOfCare,5872,226,0.0384877384196185,1.958788143641436e-05,7.735779516913292,7.585754061446237,7.614529824146394,3.807734725901666,24.0,sensitivity,0.25
periop_infection,ALB,StandardOfCare,5872,226,0.0384877384196185,1.958788143641436e-05,7.735779516913292,7.585754061446237,7.614529824146394,3.807734725901666,24.0,soc_rate,0.25
periop_infection,ALB,PopRI,3849,574,0.1491296440633931,0.0006964810626381,,3.286778398512216,1.5581703206906612,1.601084706778097,72.0,soc_rate,0.25
periop_infection,ALP,Gaussian_trunc,9855,2510,0.2546930492135971,0.7972375237435582,1.6692101083030506,1.015551241883899,0.5722608244918507,0.9517468045404762,24.0,sensitivity,0.25
periop_infection,ALB,PopRI,1722,180,0.1045296167247386,0.0104688690252264,,9.097345132744094,5.522519595599042,1.2980922296690591,168.0,sensitivity,0.25
periop_infection,ALB,PerRI,1722,196,0.1138211382113821,0.3818217661487451,,0.0,0.0,0.902028713829963,168.0,sensitivity,0.25
periop_infection,ALP,Cohen_m2,10869,1805,0.1660686355690495,0.763417785834103,2.115429870371448,2.1448371500553614,1.804870629636768,1.0876303102620213,0.0,sensitivity,0.25
periop_infection,ALP,Cohen_m3,10869,1776,0.1634004968258349,0.4755719569621114,2.1240040643875298,3.625980159257168,2.361721413749512,1.2307431253531955,0.0,sensitivity,0.25
periop_infection,ALP,Cohen_m4,10869,1736,0.1597203054558837,0.1564130274666942,2.056611280541019,2.178946814248631,2.1786665796031968,1.3495531236556149,0.0,sensitivity,0.25
periop_infection,ALP,Gaussian_mle,10869,2717,0.2499769988039378,0.486405294353629,1.2037156442842698,1.4353876262852925,0.8143488166643035,1.003693844753443,0.0,sensitivity,0.25
periop_infection,ALP,Gaussian_trunc,10869,2676,0.2462048026497378,0.9143194245389348,2.348379627336504,1.896965363527672,0.7809069172847932,0.996018202271958,0.0,sensitivity,0.25
periop_infection,ALP,Gaussian_eb,10869,2708,0.2491489557456987,0.3458066126396051,4.055613729888948,1.8796304025172204,1.0537756955255255,1.0586602380434584,0.0,sensitivity,0.25
periop_infection,ALP,NORMA_q_age_set,10869,2132,0.1961542000184009,0.9937373166984826,5.397491718939207,1.683893080303619,1.039427282192488,1.439181743288169,0.0,sensitivity,0.25
periop_infection,ALP,NORMA_334f7e21,10869,2248,0.2068267549912595,0.5275751196652894,9.178742435765116,2.105023365979016,1.1071405390217544,1.1701000041986542,0.0,sensitivity,0.25
periop_infection,ALP,NORMA_q_age,10869,2174,0.2000184009568497,0.580060135462795,9.558958769958071,2.185932468523601,1.2632427878897934,1.5871469674689636,0.0,sensitivity,0.25
periop_infection,ALP,NORMA_q_age_set_co,10869,1994,0.1834575397920692,0.0389574739182325,6.172601060265838,2.1390201777594493,1.4184067325326972,1.5589439878998224,0.0,sensitivity,0.25
periop_infection,ALP,PopRI,9855,2213,0.2245560629122273,0.6927183733139651,1.9513385139291304,0.4902025996899112,0.4327786679459954,1.0432138364033725,24.0,sensitivity,0.25
periop_infection,ALP,PopRI,9855,67,0.0067985794013191,0.170624098425969,0.0,0.0,0.0,1.3675991096859448,24.0,soc_rate,0.25
periop_infection,ALP,PerRI,9855,3582,0.3634703196347032,0.3075607108915205,0.4073914821287259,0.4820122784581945,0.7167265909191698,1.081671021565095,24.0,sensitivity,0.25
periop_infection,ALP,PerRI,9855,67,0.0067985794013191,0.8816800143852443,14.712462716854295,3.691323725588091,1.86244453440368,0.9798179218431076,24.0,soc_rate,0.25
periop_infection,ALP,Cohen_m2,9855,1661,0.1685438863521055,0.7571246230565849,2.647959674520036,1.620958854346184,1.539943305547289,1.057328162502908,24.0,sensitivity,0.25
periop_infection,ALP,Cohen_m2,9855,67,0.0067985794013191,0.7887508342183753,0.0,0.0,0.0,2.115682247485649,24.0,soc_rate,0.25
periop_infection,ALP,Cohen_m3,9855,1620,0.1643835616438356,0.4841855781788142,1.74957422028873,3.94674048386532,1.9680026334899423,1.2057819289315204,24.0,sensitivity,0.25
periop_infection,ALP,Cohen_m3,9855,67,0.0067985794013191,0.3695067764009321,0.0,0.0,0.0,0.0,24.0,soc_rate,0.25
periop_infection,ALP,Cohen_m4,9855,1617,0.1640791476407914,0.2171992805687804,2.7345098245892,2.352868454561621,1.9289067289270776,1.3223589214084126,24.0,sensitivity,0.25
periop_infection,ALP,Cohen_m4,9855,67,0.0067985794013191,0.9195660409074702,0.0,0.0,0.0,1.985171704884099,24.0,soc_rate,0.25
periop_infection,ALP,Gaussian_mle,9855,2477,0.2513444951801116,0.4795718836770111,1.803781567298487,0.9266116985853012,0.6747648263958569,1.0588189937378474,24.0,sensitivity,0.25
periop_infection,ALP,PerRI,10869,3992,0.3672830987211335,0.4682132530466883,1.3007310919242578,0.8357823887694258,0.7732071939447452,1.021746043647557,0.0,sensitivity,0.25
periop_infection,ALB,PopRI,1722,379,0.2200929152148664,0.006311346490094,,3.5519999999989667,5.214841048343493,2.6312997079382816,168.0,soc_rate,0.25
periop_infection,ALP,PopRI,10869,2402,0.2209954917655718,0.7169838993483777,2.545750605805549,1.228076911415758,0.5565878355901642,1.1907104226515726,0.0,sensitivity,0.25
periop_infection,ALB,StandardOfCare,1722,379,0.2200929152148664,0.0086927501965355,,0.0,2.5369346632297627,1.324627626701406,168.0,sensitivity,0.25
periop_infection,ALB,PerRI,1722,379,0.2200929152148664,0.1578810154132668,,0.0,0.8126468507299218,1.7065218484322564,168.0,soc_rate,0.25
periop_infection,ALB,Cohen_m2,1722,794,0.4610917537746806,0.4772039156455856,,0.0,0.0,1.095676891237423,168.0,sensitivity,0.25
periop_infection,ALB,Cohen_m2,1722,379,0.2200929152148664,0.0789767385412176,,0.0,0.0,0.0,168.0,soc_rate,0.25
periop_infection,ALB,Cohen_m3,1722,459,0.2665505226480836,0.9093134040190044,,2.958188153309694,1.7813214484242057,0.8694849123814486,168.0,sensitivity,0.25
periop_infection,ALB,Cohen_m3,1722,379,0.2200929152148664,0.4187269189158434,,0.0,0.0,0.7546248036116975,168.0,soc_rate,0.25
periop_infection,ALB,Cohen_m4,1722,260,0.1509872241579558,0.0011392100797069,,,8.546941427288166,2.72301594914733,168.0,sensitivity,0.25
periop_infection,ALB,Cohen_m4,1722,379,0.2200929152148664,0.0253357581323071,,3.6460905349778936,2.4132991468924527,3.718157791692219,168.0,soc_rate,0.25
periop_infection,ALB,Gaussian_mle,1722,326,0.18931475029036,0.1793417178246023,,0.0,1.065842424414032,0.5241420999557389,168.0,sensitivity,0.25
periop_infection,ALB,Gaussian_mle,1722,374,0.2171893147502903,0.5361212554501293,,0.0,0.888869514281479,0.4515429833325815,168.0,soc_rate,0.25
periop_infection,ALB,Gaussian_trunc,1722,229,0.1329849012775842,0.3640742186917178,,0.0,1.6390262905585573,3.252173783237114,168.0,sensitivity,0.25
periop_infection,ALB,Gaussian_trunc,1722,374,0.2171893147502903,0.0594385938430098,,3.484251968504001,2.362491588850211,3.43903608006783,168.0,soc_rate,0.25
periop_infection,ALB,Gaussian_eb,1722,257,0.1492450638792102,0.4931496728261327,,0.0,0.0,3.1321005714140884,168.0,sensitivity,0.25
periop_infection,ALB,Gaussian_eb,1722,374,0.2171893147502903,0.6349791890012159,,3.695473251026515,0.8530049842917223,2.084903692533697,168.0,soc_rate,0.25
periop_infection,ALB,NORMA_q_age_set,1722,300,0.1742160278745644,0.2384957743671326,,4.886597938146172,1.125582046303992,2.0650211657354074,168.0,sensitivity,0.25
periop_infection,ALB,NORMA_q_age_set,1722,379,0.2200929152148664,0.1553749136401686,,3.501976284584077,2.3953034310867745,1.825360601798778,168.0,soc_rate,0.25
periop_infection,ALB,NORMA_334f7e21,1722,242,0.140534262485482,0.0342017501293797,,5.757396449704582,8.123205660880004,1.7097742629921997,168.0,sensitivity,0.25
periop_infection,ALB,NORMA_334f7e21,1722,379,0.2200929152148664,0.1347666805137704,,,,1.5130125900808795,168.0,soc_rate,0.25
periop_infection,ALB,NORMA_q_age,1722,401,0.2328687572590011,0.6450440688519594,,3.119133574008158,0.7174563636266293,1.3127515106492695,168.0,sensitivity,0.25
periop_infection,ALB,NORMA_q_age,1722,379,0.2200929152148664,0.4886952755973336,,3.237918215613866,2.107686805422664,1.593988396178433,168.0,soc_rate,0.25
periop_infection,ALB,NORMA_q_age_set_co,1722,218,0.1265969802555168,0.1629338642972058,,6.755102040811453,4.128611745158948,3.039775960510592,168.0,sensitivity,0.25
periop_infection,ALB,NORMA_q_age_set_co,1722,379,0.2200929152148664,0.0030625367728818,,,13.473731757084584,4.380162820692434,168.0,soc_rate,0.25
periop_infection,ALB,StandardOfCare,1722,379,0.2200929152148664,0.0086927501965355,,0.0,2.5369346632297627,1.324627626701406,168.0,soc_rate,0.25
periop_infection,BUN,NORMA_q_age_set,6430,808,0.125660964230171,0.7887985700853002,3.7859797955309777,3.145146822846434,0.8384326130979293,1.3449876067071915,72.0,soc_rate,0.25
periop_infection,ALT,NORMA_q_age_set_co,6913,1408,0.2036742369448864,0.8245808645467911,2.398793190564326,1.446549472157289,1.90652915875932,0.8920623278773205,24.0,sensitivity,0.25
periop_infection,ALT,StandardOfCare,6913,104,0.0150441197743382,0.2160613026360993,0.0,0.0,0.0,0.0,24.0,soc_rate,0.25
periop_infection,AST,Cohen_m4,2959,150,0.0506928016221696,0.8112551033359628,0.0,0.0,0.0,0.9943379527336872,168.0,soc_rate,0.25
periop_infection,AST,Gaussian_mle,2959,703,0.2375802636025684,0.6323422039518236,,3.6045630010039673,2.219114671668196,1.0631382277601826,168.0,sensitivity,0.25
periop_infection,AST,Gaussian_mle,2959,149,0.0503548496113551,0.7047097432511749,0.0,0.0,1.828909400890171,1.5244263268117175,168.0,soc_rate,0.25
periop_infection,AST,Gaussian_trunc,2959,942,0.3183507941872254,0.7632078415712386,0.0,0.3899102827050855,0.3640612437769139,0.8175388676016639,168.0,sensitivity,0.25
periop_infection,AST,Gaussian_trunc,2959,149,0.0503548496113551,0.1184862411145708,0.0,0.0,0.0,0.0,168.0,soc_rate,0.25
periop_infection,AST,Gaussian_eb,2959,728,0.24602906387293,0.9518165368842004,,3.447906892369592,2.1197832623634105,1.2545793918307733,168.0,sensitivity,0.25
periop_infection,AST,Gaussian_eb,2959,149,0.0503548496113551,0.6710865281370386,0.0,0.0,1.6443698230008157,1.323809459909958,168.0,soc_rate,0.25
periop_infection,AST,NORMA_q_age_set,2959,696,0.2352145995268671,0.378688128086039,0.0,3.342032134670857,1.2123383730037656,1.0052021416104957,168.0,sensitivity,0.25
periop_infection,AST,NORMA_q_age_set,2959,150,0.0506928016221696,0.2687636236815449,0.0,3.285509320026528,0.6588364918527259,1.1989150392851926,168.0,soc_rate,0.25
periop_infection,AST,NORMA_334f7e21,2959,700,0.236566407570125,0.7336116284636411,0.0,1.6298988650635475,0.8925671746675852,0.9788617293595904,168.0,sensitivity,0.25
periop_infection,AST,NORMA_334f7e21,2959,150,0.0506928016221696,0.2697311228883235,0.0,3.403610238074658,0.6838154457628203,1.2657804784398434,168.0,soc_rate,0.25
periop_infection,AST,NORMA_q_age,2959,768,0.2595471443055086,0.8209930021800539,,5.8146430299170815,0.7963428050611152,1.1455816030814885,168.0,sensitivity,0.25
periop_infection,AST,NORMA_q_age,2959,150,0.0506928016221696,0.1897868094410115,0.0,3.464339967588649,0.6954960882439208,1.247129084823626,168.0,soc_rate,0.25
periop_infection,AST,NORMA_q_age_set_co,2959,774,0.2615748563703954,0.309576283632625,0.0,3.177925895644484,0.559718869642027,0.8103825540741281,168.0,sensitivity,0.25
periop_infection,AST,NORMA_q_age_set_co,2959,150,0.0506928016221696,0.9986898364938152,0.0,3.4000646441825366,0.6819513143036181,0.674457255904011,168.0,soc_rate,0.25
periop_infection,AST,StandardOfCare,2959,150,0.0506928016221696,1.985570600810436e-06,0.0,35.18888681033198,7.541070119941458,3.482969455286727,168.0,sensitivity,0.25
periop_infection,AST,StandardOfCare,2959,150,0.0506928016221696,1.985570600810436e-06,0.0,35.18888681033198,7.541070119941458,3.482969455286727,168.0,soc_rate,0.25
periop_infection,BUN,PopRI,10139,2079,0.2050498076733405,0.1752475059182148,1.3970707285605342,0.5607030518310511,1.4673902537248735,1.489712684435211,0.0,sensitivity,0.25
periop_infection,BUN,PerRI,10139,3736,0.3684781536640694,0.8616270442299411,1.915470392764736,1.109003789188885,0.9886550929598376,0.8917764688812588,0.0,sensitivity,0.25
periop_infection,BUN,Cohen_m2,10139,2168,0.2138277936680146,0.6086786656346013,0.0,0.8595308171490686,1.5216015583763811,0.9248218750756044,0.0,sensitivity,0.25
periop_infection,BUN,Cohen_m3,10139,1952,0.1925239175461091,0.921220479421706,0.0,0.2536162688507122,1.3739436392719404,0.8652642793160739,0.0,sensitivity,0.25
periop_infection,AST,Cohen_m4,2959,775,0.2619128083812099,0.745312900604807,,1.4107059833431668,1.6330265302236602,1.007064529344034,168.0,sensitivity,0.25
periop_infection,BUN,Cohen_m4,10139,2230,0.2199427951474504,0.3809400373338777,0.0,0.882046232346579,1.2385517063127582,0.8031827386069612,0.0,sensitivity,0.25
periop_infection,AST,Cohen_m3,2959,150,0.0506928016221696,0.1726513134781508,0.0,0.0,0.0,0.357273633558257,168.0,soc_rate,0.25
periop_infection,AST,Cohen_m2,2959,150,0.0506928016221696,0.9114072875464,0.0,4.538136690590434,1.913196605441126,1.0158155056297329,168.0,soc_rate,0.25
periop_infection,AST,Gaussian_mle,6174,1627,0.2635244574020084,0.5831640396798028,3.01535091824113,1.3545679741561774,1.298910160349335,1.145736754451902,72.0,sensitivity,0.25
periop_infection,AST,Gaussian_mle,6174,153,0.0247813411078717,0.833078895793588,0.0,0.0,0.0,0.9559568838650452,72.0,soc_rate,0.25
periop_infection,AST,Gaussian_trunc,6174,1816,0.2941367022999676,0.5578206075972344,1.2164144509515131,0.9053765230352684,0.5004092995600533,0.6302130066644367,72.0,sensitivity,0.25
periop_infection,AST,Gaussian_trunc,6174,153,0.0247813411078717,0.5728312664205228,0.0,0.0,0.0,1.154779502943252,72.0,soc_rate,0.25
periop_infection,AST,Gaussian_eb,6174,1659,0.2687074829931973,0.5711425780746607,2.919948987791817,1.3107098544225604,1.2559342983848052,1.1695257088169817,72.0,sensitivity,0.25
periop_infection,AST,Gaussian_eb,6174,153,0.0247813411078717,0.5690635997674478,0.0,0.0,0.0,0.6332206100357384,72.0,soc_rate,0.25
periop_infection,AST,NORMA_q_age_set,6174,1563,0.2531584062196307,0.5370262611215433,1.6141885128237137,1.1537501819388842,1.446475865907199,1.049734632305083,72.0,sensitivity,0.25
periop_infection,AST,NORMA_q_age_set,6174,154,0.0249433106575963,0.6164031846088694,0.0,2.5089604534045447,1.104637816862298,1.0569301505627424,72.0,soc_rate,0.25
periop_infection,AST,NORMA_334f7e21,6174,1695,0.2745383867832847,0.9254312213679536,1.4484364898662483,1.0357720340388477,0.9993684114481752,1.0152797791451138,72.0,sensitivity,0.25
periop_infection,AST,NORMA_334f7e21,6174,154,0.0249433106575963,0.5985930093338887,0.0,2.609902768604452,3.4676632195611963,0.3256129670483891,72.0,soc_rate,0.25
periop_infection,AST,NORMA_q_age,6174,1638,0.2653061224489796,0.954127134208212,1.511906448319366,1.46926147511024,1.4447259949453766,1.2064443239471785,72.0,sensitivity,0.25
periop_infection,AST,NORMA_q_age,6174,154,0.0249433106575963,0.0756672730440687,0.0,2.7505112587921685,3.8242226060672255,1.060694484877024,72.0,soc_rate,0.25
periop_infection,AST,NORMA_q_age_set_co,6174,1756,0.2844185293164885,0.5372349652034122,2.726826345728086,1.2313243455872518,1.3073420946862506,0.8793263310712761,72.0,sensitivity,0.25
periop_infection,AST,NORMA_q_age_set_co,6174,154,0.0249433106575963,0.0180119133591633,8.546500329237361,4.871853795586432,4.731056404291818,0.9658482518014884,72.0,soc_rate,0.25
periop_infection,AST,StandardOfCare,6174,154,0.0249433106575963,6.0442286893032336e-05,0.0,0.0,6.180065929334819,2.52361366654538,72.0,sensitivity,0.25
periop_infection,AST,StandardOfCare,6174,154,0.0249433106575963,6.0442286893032336e-05,0.0,0.0,6.180065929334819,2.52361366654538,72.0,soc_rate,0.25
periop_infection,AST,PopRI,2959,569,0.1922946941534302,0.602567287859311,0.0,0.0,1.490709605921417,1.390839528816594,168.0,sensitivity,0.25
periop_infection,AST,PopRI,2959,150,0.0506928016221696,0.3469858394988673,0.0,0.0,0.0,1.2950183602436542,168.0,soc_rate,0.25
periop_infection,AST,PerRI,2959,852,0.2879351132139236,0.9519570985550307,0.0,1.4890110057957882,0.9415677040462396,0.8743175851902724,168.0,sensitivity,0.25
periop_infection,AST,PerRI,2959,150,0.0506928016221696,0.4950939383347447,0.0,0.0,1.2760593367752535,0.2073067335888696,168.0,soc_rate,0.25
periop_infection,AST,Cohen_m2,2959,535,0.1808043257857384,0.1610298090753931,,4.682957249840216,2.7852468349129134,1.2425038684900498,168.0,sensitivity,0.25
periop_infection,AST,Cohen_m3,2959,766,0.2588712402838797,0.5492693180963799,,3.164197929168888,2.466852462940844,0.6681786463052206,168.0,sensitivity,0.25
periop_infection,AST,Cohen_m4,6174,154,0.0249433106575963,0.2760024628098054,0.0,0.0,0.0,0.0,72.0,soc_rate,0.25
periop_infection,BUN,Gaussian_mle,10139,2767,0.2729065982838544,0.7367542072120816,0.8289458371632096,1.2164644294961704,1.3941269871934407,0.8783229614249566,0.0,sensitivity,0.25
periop_infection,BUN,Gaussian_eb,10139,2466,0.2432192523917546,0.8293886214116835,0.968188218087456,1.4311044354994171,1.650689480699023,0.9265803169953384,0.0,sensitivity,0.25
periop_infection,BUN,NORMA_q_age,9132,252,0.0275952693823915,0.1750953806919313,0.0,0.0,0.0,1.2708686908092257,24.0,soc_rate,0.25
periop_infection,BUN,NORMA_q_age_set_co,9132,2672,0.2925974594831362,0.2911451249986251,2.467592119005157,1.340228311938624,0.6122574187527178,1.1021340615748798,24.0,sensitivity,0.25
periop_infection,BUN,NORMA_q_age_set_co,9132,252,0.0275952693823915,0.0474552207094621,0.0,2.422182902654878,0.6769800748542985,0.0863033709109154,24.0,soc_rate,0.25
periop_infection,BUN,StandardOfCare,9132,252,0.0275952693823915,0.1750621150898275,0.0,0.0,0.82935404481409,1.8697298300950045,24.0,sensitivity,0.25
periop_infection,BUN,StandardOfCare,9132,252,0.0275952693823915,0.1750621150898275,0.0,0.0,0.82935404481409,1.8697298300950045,24.0,soc_rate,0.25
periop_infection,BUN,PopRI,6430,1148,0.1785381026438569,0.0640186267138724,2.2287004122812406,0.8360534773260799,1.4967610093490058,1.589185749682753,72.0,sensitivity,0.25
periop_infection,BUN,PopRI,6430,808,0.125660964230171,0.2584114275139543,3.405341151498883,0.7383397289329929,1.265635728052661,1.3442549200385026,72.0,soc_rate,0.25
periop_infection,BUN,PerRI,6430,2407,0.3743390357698289,0.9459455613208524,0.3288443589733884,0.4002306585514915,0.9451225391737812,1.041264782700696,72.0,sensitivity,0.25
periop_infection,BUN,PerRI,6430,807,0.1255054432348367,0.110938537237826,0.0,0.0,0.3165097978098205,0.0468605714295269,72.0,soc_rate,0.25
periop_infection,BUN,Cohen_m2,6430,1263,0.1964230171073095,0.898400326350741,1.8956115015795607,1.1785059763803774,1.2373468932844789,1.2341272878770753,72.0,sensitivity,0.25
periop_infection,BUN,Cohen_m2,6430,808,0.125660964230171,0.994865758814766,6.541400530693377,1.811627782461171,1.6753425093866312,1.1693750840376438,72.0,soc_rate,0.25
periop_infection,BUN,Cohen_m3,6430,1153,0.1793157076205287,0.9090796474719622,0.860857438748303,1.3883374004544653,1.4132653342539223,1.1450138752550183,72.0,sensitivity,0.25
periop_infection,BUN,Cohen_m3,6430,808,0.125660964230171,0.9671297494290436,1.304570204860123,0.3342227001747213,1.4586555398271646,1.09514745947436,72.0,soc_rate,0.25
periop_infection,BUN,Cohen_m4,6430,1349,0.2097978227060653,0.634340370039938,1.945444285478972,0.8348612000199287,1.0660709229853869,0.9697759656355998,72.0,sensitivity,0.25
periop_infection,BUN,Cohen_m4,6430,808,0.125660964230171,0.9676352598087355,1.3002980752602191,0.3330971926757637,1.455183556037862,1.272999039512663,72.0,soc_rate,0.25
periop_infection,BUN,Gaussian_mle,6430,1789,0.2782270606531882,0.7932445249861392,1.2858228991296123,0.7594908474469947,1.9415547190674824,1.6009597861481106,72.0,sensitivity,0.25
periop_infection,BUN,Gaussian_mle,6430,799,0.1242612752721617,0.2477210599730924,1.3780349055943395,0.3558170776807106,0.1195421707157431,1.1615885613644716,72.0,soc_rate,0.25
periop_infection,BUN,Gaussian_trunc,6430,2120,0.3297045101088647,0.3411233844363354,0.3896448720048304,0.9451076630354068,0.6935259093918713,1.5672769867996963,72.0,sensitivity,0.25
periop_infection,BUN,Gaussian_trunc,6430,799,0.1242612752721617,0.0486158413322313,0.0,0.5215937864939838,0.1713108630947389,0.9361617758298704,72.0,soc_rate,0.25
periop_infection,BUN,Gaussian_eb,6430,1577,0.2452566096423017,0.7457793059263836,0.5941888542689306,0.6493797317054728,2.1022432515741123,1.4122308855660666,72.0,sensitivity,0.25
periop_infection,BUN,Gaussian_eb,6430,799,0.1242612752721617,0.4891392657017416,0.0,0.0,0.2557041846249985,1.7394741446416415,72.0,soc_rate,0.25
periop_infection,BUN,NORMA_q_age,9132,2382,0.2608409986859396,0.9116784964284774,0.9691271258034436,1.620721619375833,1.3360220543649337,1.1241993150767922,24.0,sensitivity,0.25
periop_infection,BUN,Gaussian_trunc,10139,3578,0.35289476279712,0.2417417050450092,0.0,0.438558255259501,0.7792275105134921,1.3318248142140454,0.0,sensitivity,0.25
periop_infection,BUN,NORMA_334f7e21,9132,252,0.0275952693823915,0.2235614065285244,0.0,0.0,0.0,1.519380047896271,24.0,soc_rate,0.25
periop_infection,BUN,NORMA_q_age_set,9132,252,0.0275952693823915,0.4347519353737578,0.0,2.575923725506532,0.7166051192048105,1.2342166756016886,24.0,soc_rate,0.25
periop_infection,BUN,NORMA_q_age_set,10139,2485,0.2450932044580333,0.548730347916959,0.9644168815714308,0.7110436933326932,1.7815305052148371,1.117566713469148,0.0,sensitivity,0.25
periop_infection,BUN,NORMA_334f7e21,10139,2629,0.2592957885393037,0.4293643446817068,0.8962063654621975,0.9339164070070778,1.1338835929981743,0.8445703128414205,0.0,sensitivity,0.25
periop_infection,BUN,NORMA_q_age,10139,2569,0.2533780451721077,0.9454278106632534,0.0,0.7604387572943052,1.0423989054082698,1.1430373880524765,0.0,sensitivity,0.25
periop_infection,BUN,NORMA_q_age_set_co,10139,2656,0.2619587730545418,0.5497119413622258,2.8222900367059056,1.26757082199771,0.6457235322209953,1.1780986461713256,0.0,sensitivity,0.25
periop_infection,BUN,PopRI,9132,1901,0.2081690757774857,0.0473121149113414,0.0,0.7106039543725364,1.404338347704707,1.435042470028483,24.0,sensitivity,0.25
periop_infection,BUN,PopRI,9132,252,0.0275952693823915,0.0567522158728697,0.0,2.1698479758119347,3.099314009447828,1.4427788659851235,24.0,soc_rate,0.25
periop_infection,BUN,PerRI,9132,3464,0.3793254489706526,0.7713955433977175,0.5524135773448532,0.5504680487186293,0.98598618056229,0.8844994988796203,24.0,sensitivity,0.25
periop_infection,BUN,PerRI,9132,252,0.0275952693823915,0.914397455182434,0.0,0.0,1.4050554722452706,0.1762079500414287,24.0,soc_rate,0.25
periop_infection,BUN,Cohen_m2,9132,1949,0.2134253175646079,0.8583327836491295,3.712262443423338,1.5560471100736253,1.3372502175472505,1.060741710195987,24.0,sensitivity,0.25
periop_infection,BUN,Cohen_m2,9132,252,0.0275952693823915,0.9035971530806508,0.0,1.8669686405510908,0.5207420924068028,0.4518484105572497,24.0,soc_rate,0.25
periop_infection,BUN,Cohen_m3,9132,1776,0.1944809461235216,0.8847213389512434,4.1942886578665775,1.3383147824548849,1.4103160974672266,0.8698023006984006,24.0,sensitivity,0.25
periop_infection,BUN,Cohen_m3,9132,252,0.0275952693823915,0.0231488817144539,0.0,0.0,2.077569554756027,1.3045932640687763,24.0,soc_rate,0.25
periop_infection,BUN,Cohen_m4,9132,2053,0.2248138414367061,0.4829410179371626,3.464993685089869,1.4242169670114204,0.9618790645706742,0.8053547056446186,24.0,sensitivity,0.25
periop_infection,BUN,Cohen_m4,9132,252,0.0275952693823915,0.5277390018638428,0.0,0.0,0.8763716491280651,0.6525502041949697,24.0,soc_rate,0.25
periop_infection,BUN,Gaussian_mle,9132,2447,0.2679588261060008,0.7529527648462202,2.778469900753633,1.1572017306864135,1.567512780289194,1.050260765949658,24.0,sensitivity,0.25
periop_infection,BUN,Gaussian_mle,9132,249,0.0272667542706964,0.3200540392843283,0.0,0.0,0.0,2.556205273342613,24.0,soc_rate,0.25
periop_infection,BUN,Gaussian_trunc,9132,3159,0.3459264126149803,0.2472942457443265,1.9444789924802068,0.5964342750504937,0.7486299498367919,1.199972775544926,24.0,sensitivity,0.25
periop_infection,BUN,Gaussian_trunc,9132,249,0.0272667542706964,0.0945556103332839,0.0,0.0,0.0,1.051328235420329,24.0,soc_rate,0.25
periop_infection,BUN,Gaussian_eb,9132,2302,0.2520805957074025,0.914418744290124,3.0202359654790363,1.265694954081933,1.7236633531952112,1.0299109809591784,24.0,sensitivity,0.25
periop_infection,BUN,Gaussian_eb,9132,249,0.0272667542706964,0.2599166488030253,0.0,0.0,0.0,2.123423793403177,24.0,soc_rate,0.25
periop_infection,BUN,NORMA_q_age_set,9132,2262,0.247700394218134,0.5575002557409378,0.0,1.4228413360952812,1.791892802065869,1.2444405248283774,24.0,sensitivity,0.25
periop_infection,BUN,NORMA_334f7e21,9132,2328,0.254927726675427,0.4748445029412365,1.0041089975262627,1.6306490071347115,1.4989489630627135,0.804943201332905,24.0,sensitivity,0.25
periop_infection,ALT,StandardOfCare,6913,104,0.0150441197743382,0.2160613026360993,0.0,0.0,0.0,0.0,24.0,sensitivity,0.25
periop_infection,AST,Cohen_m4,6174,1640,0.2656300615484289,0.0992606984692573,2.7830232570554543,1.1691562415349626,0.9728807039107498,0.928548417856598,72.0,sensitivity,0.25
periop_infection,AST,Cohen_m3,6174,1346,0.2180110139293812,0.653520858302996,0.6595221411472959,1.745863698869552,1.6081491386856637,1.0816504449361752,72.0,sensitivity,0.25
periop_infection,ALT,StandardOfCare,5166,509,0.0985288424312814,0.001596559570474,3.718626492536014,2.176798469551505,2.837764005076852,1.6305647481055727,72.0,soc_rate,0.25
periop_infection,ALT,PopRI,2448,561,0.2291666666666666,0.1890517938888689,0.0,0.7290017752417608,0.9241839961031628,1.660043575329374,168.0,sensitivity,0.25
periop_infection,ALT,PopRI,2448,429,0.1752450980392156,0.4543314241880631,0.0,0.0,0.8804656928194368,1.4621968746228582,168.0,soc_rate,0.25
periop_infection,ALT,PerRI,2448,812,0.3316993464052287,0.6973011996025944,,4.064277761707802,2.5941447095530483,0.6435491264950519,168.0,sensitivity,0.25
periop_infection,ALT,PerRI,2448,428,0.1748366013071895,0.5603654916207528,0.0,0.961164326070762,0.274786483036133,0.727048467201356,168.0,soc_rate,0.25
periop_infection,ALT,Cohen_m2,2448,781,0.3190359477124183,0.3262952102735269,0.0,0.4476961576461176,0.1244140689299766,0.8094357047834406,168.0,sensitivity,0.25
periop_infection,ALT,Cohen_m2,2448,429,0.1752450980392156,0.0615921823218151,0.0,0.0,0.0,0.4180071547976244,168.0,soc_rate,0.25
periop_infection,ALT,Cohen_m3,2448,416,0.1699346405228758,0.519714328576039,,0.7180332949563343,0.2067219812342852,1.3054403727571648,168.0,sensitivity,0.25
periop_infection,ALT,Cohen_m3,2448,429,0.1752450980392156,0.6243870026815215,,1.9802732882751557,0.4791080097696728,1.166981375926745,168.0,soc_rate,0.25
periop_infection,ALT,Cohen_m4,2448,466,0.190359477124183,0.1417583704706332,,1.897721345911186,0.4618572495484096,1.4308836841594894,168.0,sensitivity,0.25
periop_infection,ALT,Cohen_m4,2448,429,0.1752450980392156,0.1984815432160374,,0.7174187922917871,0.2065204345025037,1.147283222402208,168.0,soc_rate,0.25
periop_infection,ALT,Gaussian_mle,2448,631,0.2577614379084967,0.5257170898355836,0.0,3.566781144909552,1.5068525419607226,1.3056861558368695,168.0,sensitivity,0.25
periop_infection,ALT,Gaussian_mle,2448,426,0.1740196078431372,0.5843983094110717,0.0,2.9081656388813326,1.308785060938925,0.9199411049474028,168.0,soc_rate,0.25
periop_infection,ALT,Gaussian_trunc,2448,628,0.2565359477124183,0.6605661937066176,0.0,1.6338273213796195,2.2731521230677654,1.3163898894575594,168.0,sensitivity,0.25
periop_infection,ALT,Gaussian_trunc,2448,426,0.1740196078431372,0.9308706083819036,0.0,2.818906551014765,1.9816032538907973,1.0601341981749122,168.0,soc_rate,0.25
periop_infection,ALT,Gaussian_eb,2448,642,0.2622549019607843,0.4706399547396286,0.0,3.481312782369084,1.4836858361724268,1.5878111628557676,168.0,sensitivity,0.25
periop_infection,ALT,Gaussian_eb,2448,426,0.1740196078431372,0.5150178002969499,0.0,3.0043516103372494,1.3416837201365774,0.9883105555780988,168.0,soc_rate,0.25
periop_infection,ALT,NORMA_q_age_set,2448,794,0.3243464052287582,0.8312832346712162,0.0,1.0435217289025924,0.5062774967242885,0.9093687350308596,168.0,sensitivity,0.25
periop_infection,ALT,NORMA_q_age_set,2448,429,0.1752450980392156,0.6878569156489811,0.0,0.8656939883513319,0.2453006661214871,0.7021453613445515,168.0,soc_rate,0.25
periop_infection,ALT,NORMA_334f7e21,2448,703,0.287173202614379,0.6786614881565846,,2.0943913795103843,0.7377614555731125,1.0462539114762002,168.0,sensitivity,0.25
periop_infection,ALT,NORMA_334f7e21,2448,429,0.1752450980392156,0.2131108006881696,0.0,0.8531121737584527,0.2412428980195871,0.4683900317684601,168.0,soc_rate,0.25
periop_infection,ALT,StandardOfCare,5166,509,0.0985288424312814,0.001596559570474,3.718626492536014,2.176798469551505,2.837764005076852,1.6305647481055727,72.0,sensitivity,0.25
periop_infection,ALT,NORMA_q_age,2448,613,0.2504084967320261,0.506498248332957,,2.57517589533974,0.905171818746438,1.3692885885482766,168.0,sensitivity,0.25
periop_infection,ALT,NORMA_q_age_set_co,5166,509,0.0985288424312814,0.8817118336886539,0.0,0.9242747675150336,1.3784922653387273,0.8904900095281312,72.0,soc_rate,0.25
periop_infection,ALT,NORMA_q_age,5166,509,0.0985288424312814,0.3089211831346241,0.0,0.0,0.5869259587275041,0.9888369846643876,72.0,soc_rate,0.25
periop_infection,ALT,PopRI,5166,1102,0.2133178474641889,0.3482740614311611,0.6002930103263803,1.0769541507711546,1.1481264866597911,1.1886046597445463,72.0,sensitivity,0.25
periop_infection,ALT,PopRI,5166,509,0.0985288424312814,0.5152480546536014,1.4544355778327105,0.5373312540103932,0.1876041071047468,1.1571367082434385,72.0,soc_rate,0.25
periop_infection,ALT,PerRI,5166,1547,0.2994579945799458,0.1128448246644818,0.9205762538908634,1.499176521992667,2.0116942933798883,1.0249515748288929,72.0,sensitivity,0.25
periop_infection,ALT,PerRI,5166,508,0.0983352690669763,0.8708546811064991,0.0,0.8717750280911238,1.8854402036199436,0.3280868204136323,72.0,soc_rate,0.25
periop_infection,ALT,Cohen_m2,5166,1350,0.2613240418118467,0.7927141060854832,0.5157627382854665,0.4535754015635055,0.9965120776628272,1.050210159127024,72.0,sensitivity,0.25
periop_infection,ALT,Cohen_m2,5166,509,0.0985288424312814,0.8579521774067322,0.0,0.7517359721217628,1.4865089106073408,0.9366624876344348,72.0,soc_rate,0.25
periop_infection,ALT,Cohen_m3,5166,855,0.1655052264808362,0.4231496777345712,0.8955421389647068,1.384388632449843,1.6684764360110769,1.1302351443990648,72.0,sensitivity,0.25
periop_infection,ALT,Cohen_m3,5166,509,0.0985288424312814,0.5097066613919046,1.5673311337673232,1.3186164319443183,0.7997976644226822,0.6402577883368955,72.0,soc_rate,0.25
periop_infection,ALT,Cohen_m4,5166,1234,0.2388695315524583,0.9916512968232452,0.5772390668856486,0.2070318799461494,0.80833149681406,0.9428971668284296,72.0,sensitivity,0.25
periop_infection,ALT,Cohen_m4,5166,509,0.0985288424312814,0.8987286374633974,0.0,0.0,0.3698496021053591,1.1117726164787856,72.0,soc_rate,0.25
periop_infection,ALT,Gaussian_mle,5166,1376,0.2663569492837785,0.4043859335791286,0.0,0.5529936303848402,1.853095863268184,1.288572678519321,72.0,sensitivity,0.25
periop_infection,ALT,Gaussian_mle,5166,504,0.0975609756097561,0.977295296643202,0.0,0.8690672658723515,2.5143943675889053,0.9374379551628768,72.0,soc_rate,0.25
periop_infection,ALT,Gaussian_trunc,5166,1248,0.2415795586527294,0.8960537687591965,0.0,0.6433229105747208,1.16113839639211,1.3451075060352844,72.0,sensitivity,0.25
periop_infection,ALT,Gaussian_trunc,5166,504,0.0975609756097561,0.8478149693895513,0.0,0.7952159753885887,0.6763167041799045,0.8761809786393667,72.0,soc_rate,0.25
periop_infection,ALT,Gaussian_eb,5166,1382,0.267518389469609,0.4866915286218175,0.0,0.8935178566446448,1.637003725958212,1.5192498474245275,72.0,sensitivity,0.25
periop_infection,ALT,Gaussian_eb,5166,504,0.0975609756097561,0.3352781864160853,0.0,0.8663194639260748,2.6304040289407475,2.088858131634102,72.0,soc_rate,0.25
periop_infection,ALT,NORMA_q_age_set,5166,1355,0.262291908633372,0.7949140589934222,0.5127668177526864,0.8508903750435889,1.5651366944499707,0.7581194032310983,72.0,sensitivity,0.25
periop_infection,ALT,NORMA_q_age_set,5166,509,0.0985288424312814,0.3432155096878515,0.0,0.7870851566021471,0.8343049788603315,0.7286277381984123,72.0,soc_rate,0.25
periop_infection,ALT,NORMA_334f7e21,5166,1274,0.2466124661246612,0.4933204286952846,1.2654856713239684,1.7859809197346188,1.8602667882293284,0.4870953715908349,72.0,sensitivity,0.25
periop_infection,ALT,NORMA_334f7e21,5166,509,0.0985288424312814,0.3389985334008613,0.0,0.0,0.5688645390072011,0.744413184540969,72.0,soc_rate,0.25
periop_infection,ALT,NORMA_q_age,5166,1138,0.2202864885791715,0.6225641016203525,0.647199005727042,1.0959450698968936,1.790195751820414,0.7505869627507805,72.0,sensitivity,0.25
periop_infection,ALT,NORMA_q_age_set_co,5166,933,0.1806039488966318,0.2770305734439121,0.0,0.4594130142795092,1.4467533203521907,0.9462333677148452,72.0,sensitivity,0.25
periop_infection,AST,Cohen_m3,6174,154,0.0249433106575963,0.1606778850526308,0.0,0.0,0.0,0.4324196395128549,72.0,soc_rate,0.25
periop_infection,ALT,NORMA_q_age,2448,429,0.1752450980392156,0.9136051600830822,,4.085562890819997,0.8176968323194012,0.8096197128493771,168.0,soc_rate,0.25
periop_infection,ALT,NORMA_q_age_set_co,2448,429,0.1752450980392156,0.6889839797072497,,1.8008045354070172,0.4488088558964921,0.9253217575529488,168.0,soc_rate,0.25
periop_infection,AST,Gaussian_mle,8260,50,0.0060532687651331,0.1225279446716696,0.0,7.786380071749498,3.429581720075854,0.3367140148168626,24.0,soc_rate,0.25
periop_infection,AST,Gaussian_trunc,8260,2242,0.2714285714285714,0.2760339076409208,0.5306238942818868,1.365905542148249,0.7040686724442308,0.6530490445014495,24.0,sensitivity,0.25
periop_infection,AST,Gaussian_trunc,8260,50,0.0060532687651331,0.3548511809376504,0.0,6.381942212695175,2.808382271431664,0.2749539043359287,24.0,soc_rate,0.25
periop_infection,AST,Gaussian_eb,8260,2146,0.2598062953995157,0.3672750986637934,0.5653214208954133,1.2013711697288176,0.9558974139436676,1.0894242884621528,24.0,sensitivity,0.25
periop_infection,AST,Gaussian_eb,8260,50,0.0060532687651331,0.6434030694007116,0.0,7.325221079808555,3.224262168541145,1.6288046215866507,24.0,soc_rate,0.25
periop_infection,AST,NORMA_q_age_set,8260,1741,0.210774818401937,0.2718241467295667,0.0,1.3579965592152734,1.3259217188367751,1.2224718100410004,24.0,sensitivity,0.25
periop_infection,AST,NORMA_q_age_set,8260,50,0.0060532687651331,0.0212878549542109,0.0,6.551607031573415,8.721623623244867,0.8365764973529217,24.0,soc_rate,0.25
periop_infection,AST,NORMA_334f7e21,8260,1696,0.2053268765133171,0.2998557961858797,0.0,1.7208178681008,1.487836193158174,1.079009469067585,24.0,sensitivity,0.25
periop_infection,AST,NORMA_334f7e21,8260,50,0.0060532687651331,0.0674503078670774,0.0,6.222178556201954,8.029714439125215,0.7694240534375171,24.0,soc_rate,0.25
periop_infection,AST,NORMA_q_age,8260,2034,0.2462469733656174,0.5582052584831281,0.0,1.6867402886010012,1.346312362471667,1.1104253317788195,24.0,sensitivity,0.25
periop_infection,AST,NORMA_q_age,8260,50,0.0060532687651331,0.0772152864094465,0.0,6.222178556201954,8.029065344275022,0.7693215649509637,24.0,soc_rate,0.25
periop_infection,AST,NORMA_q_age_set_co,8260,1828,0.2213075060532687,0.2877691734623752,0.0,1.6402590279377989,1.1495005583659796,1.2892508400200764,24.0,sensitivity,0.25
periop_infection,AST,NORMA_q_age_set_co,8260,50,0.0060532687651331,0.0731967971036483,0.0,6.382107270662027,8.098874973790457,0.7759327252949705,24.0,soc_rate,0.25
periop_infection,AST,StandardOfCare,8260,50,0.0060532687651331,0.0007884275700383,30.641904737383108,10.817561795142272,4.671707236281832,1.6841223693241143,24.0,sensitivity,0.25
periop_infection,AST,StandardOfCare,8260,50,0.0060532687651331,0.0007884275700383,30.641904737383108,10.817561795142272,4.671707236281832,1.6841223693241143,24.0,soc_rate,0.25
periop_infection,AST,PopRI,6174,1321,0.2139617751862649,0.8180274670557728,0.7689774631910455,0.7332618539696413,0.4713806266595767,1.2863855380626348,72.0,sensitivity,0.25
periop_infection,AST,PopRI,6174,154,0.0249433106575963,0.4455299916953048,0.0,0.0,0.0,1.434628291821162,72.0,soc_rate,0.25
periop_infection,AST,PerRI,6174,1843,0.2985098801425332,0.5120158809058745,1.1402200169660128,1.1404011597195371,0.8802096403029323,0.9499916653765756,72.0,sensitivity,0.25
periop_infection,AST,PerRI,6174,154,0.0249433106575963,0.3659658413742414,0.0,0.0,0.0,1.094715665160611,72.0,soc_rate,0.25
periop_infection,AST,Cohen_m2,6174,1142,0.1849692257855523,0.3981887624670358,2.055496020450202,2.6487401010478564,1.524679704447358,1.2741525298989589,72.0,sensitivity,0.25
periop_infection,AST,Cohen_m2,6174,154,0.0249433106575963,0.9907176941191468,0.0,0.0,0.0,1.3112865151392243,72.0,soc_rate,0.25
periop_infection,AST,Gaussian_mle,8260,2198,0.2661016949152542,0.3848468680895266,0.5494498790809283,1.172197861243661,0.9343677716757982,1.1125352984152157,24.0,sensitivity,0.25
periop_infection,ALT,NORMA_q_age_set_co,2448,568,0.2320261437908496,0.8954343505708275,,2.72322961728812,0.9543226386655178,1.2675294919001554,168.0,sensitivity,0.25
periop_infection,AST,Cohen_m4,8260,50,0.0060532687651331,0.9578419054217256,0.0,6.93116928446191,3.04672303877022,0.2971674595958575,24.0,soc_rate,0.25
periop_infection,AST,Cohen_m3,8260,50,0.0060532687651331,0.8266633961375274,0.0,6.2329518635101255,2.73776699308237,0.2672449671057157,24.0,soc_rate,0.25
periop_infection,ALT,StandardOfCare,2448,429,0.1752450980392156,0.0068616125991306,,4.174190118588466,2.83038277773115,1.4632316596272987,168.0,sensitivity,0.25
periop_infection,ALT,StandardOfCare,2448,429,0.1752450980392156,0.0068616125991306,,4.174190118588466,2.83038277773115,1.4632316596272987,168.0,soc_rate,0.25
periop_infection,AST,PopRI,9069,1915,0.211158892931966,0.8132312374140425,0.0,1.0307375954076718,0.7696488956684777,1.1123966755047356,0.0,sensitivity,0.25
periop_infection,AST,PerRI,9069,2861,0.3154702833829529,0.1451059283227501,0.0,0.5036375891008864,0.62017154744724,0.9658247203612852,0.0,sensitivity,0.25
periop_infection,AST,Cohen_m2,9069,1564,0.1724556180394751,0.2519888095571636,0.0,1.3698451217977676,1.6512002920766438,1.701908566690694,0.0,sensitivity,0.25
periop_infection,AST,Cohen_m3,9069,1805,0.1990296614841768,0.4635271494865738,1.1375399659589525,0.8231411733149261,1.178928971622337,1.301416544239805,0.0,sensitivity,0.25
periop_infection,AST,Cohen_m4,9069,2357,0.2598963502039916,0.1207027457600276,0.3421992311213703,0.5967011433927798,1.0018846461753852,1.3208794916060722,0.0,sensitivity,0.25
periop_infection,AST,Gaussian_mle,9069,2438,0.2688278751791818,0.19152412054399,0.0,0.7740338581199521,0.6871732252800405,1.1850279154809211,0.0,sensitivity,0.25
periop_infection,AST,Gaussian_trunc,9069,2383,0.2627632594552872,0.3803777268919804,3.6467221716535194,2.0058605724356737,0.992870832726871,0.6925781949733358,0.0,sensitivity,0.25
periop_infection,AST,Gaussian_eb,9069,2374,0.2617708677913772,0.2007946699705623,0.0,0.8009819400395427,0.7064827703993388,1.1793480498896118,0.0,sensitivity,0.25
periop_infection,AST,NORMA_q_age_set,9069,1865,0.2056456059102437,0.5495932407290551,0.5040959308233264,1.0587691479573016,1.2299737558327362,1.307958193677995,0.0,sensitivity,0.25
periop_infection,AST,NORMA_334f7e21,9069,1831,0.2018965707354724,0.3875430715275436,0.0,0.8811149920055179,1.2840973951526669,1.0457022508361855,0.0,sensitivity,0.25
periop_infection,AST,NORMA_q_age,9069,2218,0.2445694122836035,0.6303758932871957,0.4023263338784625,0.6782876681447967,1.030436056344544,1.1072349557612644,0.0,sensitivity,0.25
periop_infection,AST,NORMA_q_age_set_co,9069,1982,0.2185466975410739,0.3969207813058142,0.9633805289795871,0.9165763727770186,1.0921165999596456,1.2267238154381706,0.0,sensitivity,0.25
periop_infection,AST,PopRI,8260,1648,0.1995157384987893,0.4341718921817483,0.8006407729733866,1.6406879689677605,1.1099539813804171,1.369345237174934,24.0,sensitivity,0.25
periop_infection,AST,PopRI,8260,50,0.0060532687651331,0.0659839323159081,0.0,5.767690528169198,2.5416002877188184,1.531429565458681,24.0,soc_rate,0.25
periop_infection,AST,PerRI,8260,2504,0.3031476997578692,0.38834864829194,1.1941519431567769,0.6525609104972665,0.5944602491818697,1.0613732392818556,24.0,sensitivity,0.25
periop_infection,AST,PerRI,8260,50,0.0060532687651331,0.5345111784622039,0.0,0.0,0.0,2.71311733970631,24.0,soc_rate,0.25
periop_infection,AST,Cohen_m2,8260,1437,0.1739709443099273,0.151309812266382,0.94155288499084,1.9712992480574336,1.899651766246708,1.563968854972544,24.0,sensitivity,0.25
periop_infection,AST,Cohen_m2,8260,50,0.0060532687651331,0.452270450387916,0.0,0.0,0.0,0.0,24.0,soc_rate,0.25
periop_infection,AST,Cohen_m3,8260,1730,0.2094430992736077,0.4685080200212448,0.0,0.655623524287674,1.3064873283247225,1.5274066644003206,24.0,sensitivity,0.25
periop_infection,AST,Cohen_m4,8260,2172,0.262953995157385,0.1857583593851723,0.5615838479589094,1.272800991479759,1.059029105537115,1.391768040393954,24.0,sensitivity,0.25
periop_infection,GLU,Gaussian_mle,7799,1739,0.2229773047826644,0.79364116126455,2.6202958230142674,2.047324705357104,1.5684554659723122,1.1539475915001371,0.0,sensitivity,0.25
periop_infection,NA,Gaussian_eb,15673,1593,0.1016397626491418,0.9870303813802216,0.9011141918928532,1.1346364395759738,1.365132407729898,0.9802195924036464,72.0,soc_rate,0.25
periop_infection,GLU,Gaussian_eb,7799,1735,0.2224644185151942,0.5456302291793046,2.632551779816801,2.062380880972124,1.5882681084263606,1.3111832678187103,0.0,sensitivity,0.25
periop_infection,PLT,StandardOfCare,3624,122,0.0336644591611479,0.0225743966585589,14.116723259740589,15.30374329674633,3.8750794930564783,3.633503767476181,168.0,sensitivity,0.25
periop_infection,PLT,StandardOfCare,3624,122,0.0336644591611479,0.0225743966585589,14.116723259740589,15.30374329674633,3.8750794930564783,3.633503767476181,168.0,soc_rate,0.25
periop_infection,TBIL,PopRI,9626,2030,0.2108871805526698,0.9628847528520468,0.9125689554757328,0.7292707722026956,1.2227226706401195,1.157974003763921,0.0,sensitivity,0.25
periop_infection,TBIL,PerRI,9626,2918,0.3031373363806358,0.3431663536351901,1.633966993037912,1.1648402304728718,0.9707601771627012,0.8332717745871291,0.0,sensitivity,0.25
periop_infection,TBIL,Cohen_m2,9626,1685,0.1750467483897776,0.0815385589762043,3.0512185287752245,0.8390687267019705,0.7261171400244532,1.3815988974955236,0.0,sensitivity,0.25
periop_infection,TBIL,Cohen_m3,9626,1954,0.2029918969457718,0.7665014550805396,0.9576171699753204,1.1133557349777845,0.9322194072551911,0.8881598157397934,0.0,sensitivity,0.25
periop_infection,TBIL,Cohen_m4,9626,1712,0.1778516517764388,0.2417345870058662,2.967438961948674,1.623712658617273,1.2312004179143097,1.0581154063769254,0.0,sensitivity,0.25
periop_infection,TBIL,Gaussian_mle,9626,2428,0.2522335341782672,0.6739565984508542,0.7276478076789099,0.796043237275884,0.7311839715242275,0.9212086308886752,0.0,sensitivity,0.25
periop_infection,TBIL,Gaussian_trunc,9626,2441,0.2535840432162892,0.1171272238911239,2.0439661865303043,1.0216908700823968,0.9873539168349778,0.6565849254964176,0.0,sensitivity,0.25
periop_infection,TBIL,Gaussian_eb,9626,1929,0.2003947641803449,0.1134661447295972,6.20674005009657,1.7253744341642907,1.623658177457944,1.0659455313138058,0.0,sensitivity,0.25
periop_infection,TBIL,NORMA_q_age_set,9626,2119,0.2201329731975898,0.6182200005982184,2.4797001200671462,1.3189570652550475,1.5908052350257478,1.1849080021336298,0.0,sensitivity,0.25
periop_infection,TBIL,NORMA_334f7e21,9626,1843,0.1914606274672761,0.3515982074596118,6.567806437410917,1.034765672040471,1.4380766461632437,1.3067740909640564,0.0,sensitivity,0.25
periop_infection,TBIL,NORMA_q_age,9626,1690,0.175566174942863,0.0322612980698919,7.314832407249955,2.1676970325275446,1.90181631110311,1.6221929489640083,0.0,sensitivity,0.25
periop_infection,TBIL,NORMA_q_age_set_co,9626,1712,0.1778516517764388,0.1437760766997318,7.168847049187795,2.1357911995288936,1.7350757754610284,1.5934434694564985,0.0,sensitivity,0.25
periop_infection,TBIL,PopRI,8536,1798,0.2106373008434864,0.6844245395813564,0.0,1.2879281644811504,0.8810432149802987,1.1353549722421532,24.0,sensitivity,0.25
periop_infection,TBIL,PopRI,8536,107,0.012535145267104,0.4345111648277118,0.0,0.0,0.0,3.246059576560306,24.0,soc_rate,0.25
periop_infection,TBIL,PerRI,8536,1922,0.2251640112464854,0.7964432477894184,1.1381871820480374,0.9094743501142516,1.1618255997806768,1.0482117106471154,24.0,sensitivity,0.25
periop_infection,TBIL,PerRI,8536,106,0.0124179943767572,0.9022198090551228,0.0,0.0,0.0,1.6534923723649562,24.0,soc_rate,0.25
periop_infection,TBIL,Cohen_m2,8536,1537,0.1800609184629803,0.064942798522092,1.6036720730527252,0.8355693940004238,0.9422111570805408,1.380768722974979,24.0,sensitivity,0.25
periop_infection,TBIL,Cohen_m2,8536,107,0.012535145267104,0.2758694358836233,0.0,0.0,0.0,0.0,24.0,soc_rate,0.25
periop_infection,TBIL,Cohen_m3,8536,1694,0.1984536082474226,0.5695320183997087,0.0,1.3725285055181595,1.4782432537921022,0.7728167992326662,24.0,sensitivity,0.25
periop_infection,PLT,NORMA_q_age_set_co,3624,122,0.0336644591611479,0.4499967121337453,0.0,0.0,2.7994932339491725,0.3035402497609824,168.0,soc_rate,0.25
periop_infection,TBIL,Cohen_m3,8536,107,0.012535145267104,0.7174611833215765,0.0,0.0,0.0,0.4387426863020219,24.0,soc_rate,0.25
periop_infection,PLT,NORMA_q_age_set_co,3624,731,0.2017108167770419,0.7107861083832134,2.083235348586169,1.8583879018492784,0.9732818584408384,1.8978511216539644,168.0,sensitivity,0.25
periop_infection,PLT,NORMA_q_age,3624,860,0.2373068432671081,0.6812045712637231,1.731385254524462,1.5552284128219005,0.8135765468343907,1.3965946564406488,168.0,sensitivity,0.25
periop_infection,PLT,StandardOfCare,8823,161,0.0182477615323586,0.0127512606237346,0.0,4.087143228725348,3.8939381715456896,1.0893146021769484,72.0,soc_rate,0.25
periop_infection,PLT,PopRI,3624,518,0.1429359823399558,0.0468905746943374,3.028896288064498,6.974714919222069,4.217230897902576,1.8320012540334312,168.0,sensitivity,0.25
periop_infection,PLT,PopRI,3624,122,0.0336644591611479,0.6522955136231596,0.0,0.0,4.324859917440133,1.827541218544103,168.0,soc_rate,0.25
periop_infection,PLT,PerRI,3624,1216,0.3355408388520971,0.0992733844923812,1.1081059557441508,0.3834843560923501,1.4657303563557291,3.2535519291790287,168.0,sensitivity,0.25
periop_infection,PLT,PerRI,3624,121,0.0333885209713024,0.7126006703292359,0.0,0.0,0.0,0.0,168.0,soc_rate,0.25
periop_infection,PLT,Cohen_m2,3624,837,0.2309602649006622,0.6832067622782189,,6.097291595482528,2.5136272369084773,1.4806694307742112,168.0,sensitivity,0.25
periop_infection,PLT,Cohen_m2,3624,122,0.0336644591611479,0.9402082876296666,0.0,0.0,0.0,3.011158934025243,168.0,soc_rate,0.25
periop_infection,PLT,Cohen_m3,3624,938,0.2588300220750552,0.8563101802512413,1.3932882865870304,1.5885161179451237,0.7621400880538522,0.9315982097219384,168.0,sensitivity,0.25
periop_infection,PLT,Cohen_m3,3624,122,0.0336644591611479,0.8895935694631129,0.0,0.0,0.0,2.3335932815448825,168.0,soc_rate,0.25
periop_infection,PLT,Cohen_m4,3624,912,0.2516556291390728,0.98510571616159,1.4442562330079094,1.6112508300315511,1.2222665117485978,0.8428112874719582,168.0,sensitivity,0.25
periop_infection,PLT,Cohen_m4,3624,122,0.0336644591611479,0.0869928011356963,13.996724804012109,4.854406844447379,4.82889853118923,5.794770475110107,168.0,soc_rate,0.25
periop_infection,PLT,Gaussian_mle,3624,1024,0.282560706401766,0.5106186435068492,1.2547280829112617,1.4890241626602156,1.5403609545717596,2.7932281582436307,168.0,sensitivity,0.25
periop_infection,PLT,Gaussian_mle,3624,121,0.0333885209713024,0.1788291863804648,0.0,0.0,3.666824559030544,1.1713763551665732,168.0,soc_rate,0.25
periop_infection,PLT,Gaussian_trunc,3624,1009,0.2784216335540839,0.4754712833578425,1.275972044283634,0.4448466421262788,1.0737396700879729,2.350084768205551,168.0,sensitivity,0.25
periop_infection,PLT,Gaussian_trunc,3624,121,0.0333885209713024,0.1753299613893356,0.0,0.0,2.9484718638218284,1.127153477779888,168.0,soc_rate,0.25
periop_infection,PLT,Gaussian_eb,3624,905,0.2497240618101545,0.2783364772929734,1.4781390671956502,1.7597632638876997,1.8391443268342744,2.8054986044862624,168.0,sensitivity,0.25
periop_infection,PLT,Gaussian_eb,3624,121,0.0333885209713024,0.5552101686239961,0.0,0.0,2.850439184659033,1.7611920350993082,168.0,soc_rate,0.25
periop_infection,PLT,NORMA_q_age_set,3624,911,0.2513796909492273,0.357495967762221,1.6071257318999623,2.960988335443256,1.895156673769616,1.3092198507095545,168.0,sensitivity,0.25
periop_infection,PLT,NORMA_q_age_set,3624,122,0.0336644591611479,0.2336612404197408,0.0,0.0,2.518891574372268,0.2720513983161474,168.0,soc_rate,0.25
periop_infection,PLT,NORMA_334f7e21,3624,853,0.2353752759381898,0.6606648617859885,1.7904601707049934,1.611105992537907,1.6083737529877316,1.703939403136638,168.0,sensitivity,0.25
periop_infection,PLT,NORMA_334f7e21,3624,122,0.0336644591611479,0.4427628576316469,0.0,0.0,2.758260807005111,0.2992552901504555,168.0,soc_rate,0.25
periop_infection,PLT,NORMA_q_age,3624,122,0.0336644591611479,0.6558184895979715,0.0,0.0,2.987836554443504,0.3235096515209342,168.0,soc_rate,0.25
periop_infection,PLT,StandardOfCare,8823,161,0.0182477615323586,0.0127512606237346,0.0,4.087143228725348,3.8939381715456896,1.0893146021769484,72.0,sensitivity,0.25
periop_infection,TBIL,Cohen_m4,8536,1664,0.1949390815370197,0.2986366666812559,0.0,0.9820281924306776,1.656282120016605,1.0358605878247946,24.0,sensitivity,0.25
periop_infection,TBIL,Gaussian_mle,8536,1956,0.2291471415182755,0.7982327770643038,0.0,1.9594236800814304,1.7235559510953076,0.815721875240964,24.0,sensitivity,0.25
periop_infection,TBIL,Gaussian_mle,6114,959,0.1568531239777559,0.1404680136180238,2.159807950746852,1.7741135644134294,1.8204627001612448,1.4580990710351756,72.0,sensitivity,0.25
periop_infection,TBIL,Gaussian_mle,6114,200,0.0327118089630356,0.7997036870487813,4.513891008441205,1.4874583597297146,0.6435474967030426,1.3506436976301233,72.0,soc_rate,0.25
periop_infection,TBIL,Gaussian_trunc,6114,1494,0.2443572129538763,0.1525328572772262,1.2727291079523646,1.9149790610309612,1.7309294904839647,0.6763477083090305,72.0,sensitivity,0.25
periop_infection,TBIL,Gaussian_trunc,6114,200,0.0327118089630356,0.5640509536956545,5.508193481661263,1.7843736450290235,0.7702969911816615,1.4840402546642597,72.0,soc_rate,0.25
periop_infection,TBIL,Gaussian_eb,6114,1213,0.1983971213608112,0.2135090313716767,3.148202365669185,1.9351677834342376,1.3088231722863333,0.5092565886733568,72.0,sensitivity,0.25
periop_infection,TBIL,Gaussian_eb,6114,200,0.0327118089630356,0.1555362330377894,5.647005546742337,1.829658740185173,0.7903541066852585,0.0778543991781222,72.0,soc_rate,0.25
periop_infection,TBIL,NORMA_q_age_set,6114,1171,0.1915276414785737,0.2253985198365923,1.6185821477026527,2.6043362760367192,2.0854416222263703,1.1445017110047535,72.0,sensitivity,0.25
periop_infection,TBIL,NORMA_q_age_set,6114,203,0.0332024860974811,0.8553671355487789,4.76372743458654,4.023331501441917,6.391216791696485,0.5477245043498438,72.0,soc_rate,0.25
periop_infection,TBIL,NORMA_334f7e21,6114,1010,0.16519463526333,0.2624072020771329,1.9238180296254883,1.552794477628023,1.7309010273393657,1.0459624181948406,72.0,sensitivity,0.25
periop_infection,TBIL,NORMA_334f7e21,6114,203,0.0332024860974811,0.1481973049442572,4.790109622208891,4.105781665933357,6.636944601615477,0.5689353396277584,72.0,soc_rate,0.25
periop_infection,TBIL,NORMA_q_age,6114,898,0.1468760222440301,0.016171687351824,2.2182982592995053,2.6371593801407047,1.9656321139713255,1.875583118179788,72.0,sensitivity,0.25
periop_infection,TBIL,NORMA_q_age,6114,203,0.0332024860974811,0.6775024712123453,4.842455750643267,4.068821857209537,3.665528923958974,0.3343097445554392,72.0,soc_rate,0.25
periop_infection,TBIL,NORMA_q_age_set_co,6114,1091,0.1784429178933595,0.4424110195350652,1.7621754773181673,2.1224614638970456,1.5828094672785071,1.0106580655885258,72.0,sensitivity,0.25
periop_infection,TBIL,NORMA_q_age_set_co,6114,203,0.0332024860974811,0.6824248280676637,4.816975572138659,1.5818431545188334,2.506961743439804,1.0669699914197115,72.0,soc_rate,0.25
periop_infection,TBIL,StandardOfCare,6114,203,0.0332024860974811,7.849590486831951e-05,0.0,4.995233795707347,3.481715033497146,3.031515012615507,72.0,sensitivity,0.25
periop_infection,TBIL,StandardOfCare,6114,203,0.0332024860974811,7.849590486831951e-05,0.0,4.995233795707347,3.481715033497146,3.031515012615507,72.0,soc_rate,0.25
periop_infection,TBIL,PopRI,2865,551,0.1923211169284467,0.5972997573048013,0.0,0.0,1.241971677659173,0.7003725524901288,168.0,sensitivity,0.25
periop_infection,TBIL,PopRI,2865,120,0.0418848167539267,0.3793018438124782,0.0,0.0,2.034104234014793,1.0847245074566656,168.0,soc_rate,0.25
periop_infection,TBIL,PerRI,2865,612,0.2136125654450262,0.5078150640340724,,0.93717332914191,0.9846881434195792,1.3969179320238123,168.0,sensitivity,0.25
periop_infection,TBIL,PerRI,2865,119,0.0415357766143106,0.5237891909710869,0.0,0.0,0.0,0.0,168.0,soc_rate,0.25
periop_infection,TBIL,Cohen_m2,2865,535,0.1867364746945898,0.0058930336013112,0.0,0.0,0.8134467709797077,1.9941905496066257,168.0,sensitivity,0.25
periop_infection,TBIL,Cohen_m4,6114,203,0.0332024860974811,0.8584060904186015,0.0,0.0,1.452849426178146,0.1387187731677766,72.0,soc_rate,0.25
periop_infection,TBIL,Cohen_m4,8536,107,0.012535145267104,0.6878718954131493,0.0,0.0,0.0,1.219242574577612,24.0,soc_rate,0.25
periop_infection,TBIL,Cohen_m4,6114,1155,0.1889106967615309,0.2129883697092293,0.698973609315193,1.4742082488122412,1.144457768369576,1.101334585382482,72.0,sensitivity,0.25
periop_infection,TBIL,Cohen_m3,6114,1042,0.1704285246974157,0.2600790103565973,2.046109000516903,1.5413696475578236,1.1350085728099375,1.061433593139851,72.0,sensitivity,0.25
periop_infection,TBIL,Gaussian_mle,8536,105,0.0123008434864104,0.6773552004741776,0.0,0.0,0.0,0.0,24.0,soc_rate,0.25
periop_infection,TBIL,Gaussian_trunc,8536,2189,0.2564432989690721,0.0617589138616846,0.9353674675747478,0.7233539068632318,0.687349616211968,0.6473587956827134,24.0,sensitivity,0.25
periop_infection,TBIL,Gaussian_trunc,8536,105,0.0123008434864104,0.4538993189148924,0.0,0.0,0.0,0.0,24.0,soc_rate,0.25
periop_infection,TBIL,Gaussian_eb,8536,1862,0.2181349578256795,0.3264415202574816,0.0,1.0053865176746133,1.6630013426352717,0.6801198038834252,24.0,sensitivity,0.25
periop_infection,TBIL,Gaussian_eb,8536,105,0.0123008434864104,0.1517119205761483,0.0,0.0,0.0,0.0,24.0,soc_rate,0.25
periop_infection,TBIL,NORMA_q_age_set,8536,1935,0.2266869728209934,0.7214415389155612,0.0,1.1087922013555709,1.5826494255273793,1.072978266410959,24.0,sensitivity,0.25
periop_infection,TBIL,NORMA_q_age_set,8536,107,0.012535145267104,0.7703812317333811,0.0,4.970657817483793,1.900200905215127,0.1968976827936438,24.0,soc_rate,0.25
periop_infection,TBIL,NORMA_334f7e21,8536,1680,0.1968134957825679,0.864401445873572,0.0,0.8026212423289384,1.3501661211832687,1.2692845708576723,24.0,sensitivity,0.25
periop_infection,TBIL,NORMA_334f7e21,8536,107,0.012535145267104,0.2059371777063494,0.0,0.0,0.0,0.0,24.0,soc_rate,0.25
periop_infection,TBIL,NORMA_q_age,8536,1485,0.1739690721649484,0.0437381995597431,0.0,1.525660947507257,1.8360357227336437,1.806086742207762,24.0,sensitivity,0.25
periop_infection,TBIL,NORMA_q_age,8536,107,0.012535145267104,0.2825314834790434,0.0,0.0,0.0,0.0,24.0,soc_rate,0.25
periop_infection,TBIL,NORMA_q_age_set_co,8536,1758,0.2059512652296157,0.6146850413306917,0.0,1.2651866656556503,1.5668634745830554,1.4728210063862783,24.0,sensitivity,0.25
periop_infection,TBIL,NORMA_q_age_set_co,8536,107,0.012535145267104,0.3660801181829092,0.0,0.0,0.0,0.0,24.0,soc_rate,0.25
periop_infection,TBIL,StandardOfCare,8536,107,0.012535145267104,5.494677210626444e-05,0.0,0.0,5.62975208622901,3.332529325991037,24.0,sensitivity,0.25
periop_infection,TBIL,StandardOfCare,8536,107,0.012535145267104,5.494677210626444e-05,0.0,0.0,5.62975208622901,3.332529325991037,24.0,soc_rate,0.25
periop_infection,TBIL,PopRI,6114,1268,0.207392868825646,0.6427798355004881,1.5294116828411275,0.7836899978958539,0.7743400008666972,0.9911508102106822,72.0,sensitivity,0.25
periop_infection,TBIL,PopRI,6114,203,0.0332024860974811,0.4073177243253567,0.0,0.0,1.7667703065986966,1.5084788738832762,72.0,soc_rate,0.25
periop_infection,TBIL,PerRI,6114,1369,0.223912332351979,0.5602446484409989,2.63466403695128,1.4756090311328152,2.321812491955692,1.4703775641622818,72.0,sensitivity,0.25
periop_infection,TBIL,PerRI,6114,202,0.033038927052666,0.4955184260387244,0.0,0.0,0.0,1.085260227446934,72.0,soc_rate,0.25
periop_infection,TBIL,Cohen_m2,6114,1072,0.1753352960418711,0.2274941005986742,0.8432480099151646,0.6184421661677425,0.5071490200865536,1.060096614039419,72.0,sensitivity,0.25
periop_infection,TBIL,Cohen_m2,6114,203,0.0332024860974811,0.4200612613587104,0.0,0.0,0.0,0.0,72.0,soc_rate,0.25
periop_infection,TBIL,Cohen_m3,6114,203,0.0332024860974811,0.8079018941965277,0.0,0.0,1.228332818376132,0.1174236368979862,72.0,soc_rate,0.25
periop_infection,TBIL,Cohen_m2,2865,120,0.0418848167539267,0.9393922013966024,0.0,0.0,0.0,1.089110293093695,168.0,soc_rate,0.25
periop_infection,PLT,NORMA_q_age_set_co,8823,161,0.0182477615323586,0.5943676858265228,0.0,0.0,0.0,1.047292473773149,72.0,soc_rate,0.25
periop_infection,PLT,NORMA_q_age,8823,161,0.0182477615323586,0.6122273228614652,0.0,0.0,0.0,0.3544374257598023,72.0,soc_rate,0.25
periop_infection,NA,Gaussian_eb,5563,1253,0.2252381808376775,0.4120263613751739,1.103408907885628,1.5998379231986322,1.6062557319280206,1.0332811346560864,168.0,sensitivity,0.25
periop_infection,NA,Gaussian_eb,5563,903,0.1623224878662592,0.5638479545564916,1.674933718960362,1.7388815430089737,1.2069333373288789,1.0342200209446668,168.0,soc_rate,0.25
periop_infection,NA,NORMA_q_age_set,5563,1203,0.2162502246989034,0.1684730600512764,1.2054196705222977,0.802951503423527,0.8035717811259162,1.3497196907096805,168.0,sensitivity,0.25
periop_infection,NA,NORMA_q_age_set,5563,914,0.1642998382167895,0.867970772765281,1.705036985468452,1.1611590391133182,0.7335929075685665,0.6949447876632894,168.0,soc_rate,0.25
periop_infection,NA,NORMA_334f7e21,5563,994,0.1786805680388279,0.4210451611125807,1.5340965388730965,1.4273206772892089,0.7809015309288295,1.3043229841432928,168.0,sensitivity,0.25
periop_infection,NA,NORMA_334f7e21,5563,914,0.1642998382167895,0.9453782190004087,1.705758455251103,1.616880145212069,0.892342080821256,0.9481226539447608,168.0,soc_rate,0.25
periop_infection,NA,NORMA_q_age,5563,1087,0.1953981664569477,0.6590048669529244,1.3692875055853773,1.8421005572502,1.2559054351206655,0.9717294586123808,168.0,sensitivity,0.25
periop_infection,NA,NORMA_q_age,5563,914,0.1642998382167895,0.7989679345357208,1.7086461667040438,1.7235339438296775,1.8307631118218008,0.9133610716587196,168.0,soc_rate,0.25
periop_infection,NA,NORMA_q_age_set_co,5563,993,0.1785008089160525,0.0876374250249884,4.430322568978277,3.243360081766957,1.799727992147092,1.2792802875745084,168.0,sensitivity,0.25
periop_infection,NA,NORMA_q_age_set_co,5563,914,0.1642998382167895,0.3571642849800772,4.976861260495923,2.820068724256949,1.7996875620036443,0.937616665962174,168.0,soc_rate,0.25
periop_infection,NA,StandardOfCare,5563,914,0.1642998382167895,0.0142636120365265,0.0,0.7233858555963866,0.7128473099184071,2.799833069938517,168.0,sensitivity,0.25
periop_infection,NA,StandardOfCare,5563,914,0.1642998382167895,0.0142636120365265,0.0,0.7233858555963866,0.7128473099184071,2.799833069938517,168.0,soc_rate,0.25
periop_infection,PLT,PopRI,14729,3505,0.237965917577568,0.3235809131553424,0.8249244845490861,0.812585961893238,1.0873015963303827,1.0794601280837994,0.0,sensitivity,0.25
periop_infection,PLT,PerRI,14729,4471,0.3035508181139249,0.0982443581854461,0.1569695681708993,0.1772515858990274,0.6350497987343673,1.372049063988891,0.0,sensitivity,0.25
periop_infection,PLT,Cohen_m2,14729,2835,0.1924774254871342,0.252935992699683,0.2886481665854041,0.7496175195266861,0.7887806835110516,1.6045922516535966,0.0,sensitivity,0.25
periop_infection,PLT,Cohen_m3,14729,2890,0.1962115554348564,0.3674732660562787,0.6329621763680366,1.256832186613544,1.289123738086684,1.218581055468697,0.0,sensitivity,0.25
periop_infection,PLT,Cohen_m4,14729,2326,0.1579197501527598,0.0588384825127984,1.3203198296718557,1.954992765727448,2.2250154418315597,0.9196678836355822,0.0,sensitivity,0.25
periop_infection,PLT,Gaussian_mle,14729,4567,0.3100685722044945,0.117549289495057,0.3449901984631692,0.4208943627897185,1.164400710705322,1.2851224398413668,0.0,sensitivity,0.25
periop_infection,PLT,Gaussian_trunc,14729,4892,0.3321338855319438,0.268132599009977,0.0,0.4111231866143174,0.6997991465354271,1.0903955852703715,0.0,sensitivity,0.25
periop_infection,PLT,Gaussian_eb,14729,4249,0.2884785117794826,0.0165503100163428,0.3824309399287764,0.4683193793256939,0.9111357478159412,1.3790598694485896,0.0,sensitivity,0.25
periop_infection,PLT,NORMA_q_age_set,14729,2924,0.1985199266752665,0.1004847468552229,1.978053301140744,1.432758625790883,0.6016585078586638,1.2201126034020895,0.0,sensitivity,0.25
periop_infection,NA,Gaussian_trunc,5563,903,0.1623224878662592,0.87498404192582,0.0,0.7975184145319406,1.3184723567269587,0.9617238750733376,168.0,soc_rate,0.25
periop_infection,PLT,NORMA_334f7e21,14729,3106,0.210876502138638,0.1553162470704886,1.3599021467200365,1.4363917741589936,0.5896177431149703,1.3144676585327943,0.0,sensitivity,0.25
periop_infection,NA,Gaussian_trunc,5563,1198,0.215351429085026,0.3759938197715241,1.1801068314334442,1.1724998455551978,1.6621860183650976,1.167168684172184,168.0,sensitivity,0.25
periop_infection,NA,Gaussian_mle,5563,1490,0.2678410929354665,0.6521013081285297,0.8883471915554473,0.9630369985282796,1.257483987713678,0.8126370494997032,168.0,sensitivity,0.25
periop_infection,NA,Gaussian_eb,15673,3283,0.2094685127288968,0.7485596404983395,1.5273714267125789,1.4661899892386028,1.638831087429927,1.1194489173756124,72.0,sensitivity,0.25
periop_infection,NA,NORMA_q_age_set,15673,3258,0.207873412875646,0.5646835384786819,1.6162122141096615,1.2045821337346396,1.4610641144517584,1.5066693664245088,72.0,sensitivity,0.25
periop_infection,NA,NORMA_q_age_set,15673,1618,0.1032348625023926,0.1406565365378919,0.0,0.4428491069214914,2.402580407856461,2.139162878069383,72.0,soc_rate,0.25
periop_infection,NA,NORMA_334f7e21,15673,2862,0.1826070312001531,0.6188322661018457,1.0367244947205252,1.8932988152093095,1.5838541942975062,1.4290930859683502,72.0,sensitivity,0.25
periop_infection,NA,NORMA_334f7e21,15673,1618,0.1032348625023926,0.3972290978330794,2.018606311484948,1.5772305292770237,2.7198437671108837,1.4868134620770836,72.0,soc_rate,0.25
periop_infection,NA,NORMA_q_age,15673,3041,0.1940279461494289,0.6424909269006567,0.961784218122672,1.356742031991045,1.711679410663889,1.2637460277880628,72.0,sensitivity,0.25
periop_infection,NA,NORMA_q_age,15673,1618,0.1032348625023926,0.8760665714029134,0.891972996394052,0.721681607522444,2.313444392321109,1.4237288899035476,72.0,soc_rate,0.25
periop_infection,NA,NORMA_q_age_set_co,15673,2622,0.1672940726089453,0.7058321564979761,1.1487367614397326,1.5578972556024353,2.2798404181612844,1.331325137831105,72.0,sensitivity,0.25
periop_infection,NA,NORMA_q_age_set_co,15673,1618,0.1032348625023926,0.1885827990890836,0.8898964745174296,1.6911952112219135,3.251493454024758,1.3393281356974631,72.0,soc_rate,0.25
periop_infection,NA,StandardOfCare,15673,1618,0.1032348625023926,0.0349054530843922,2.10986785508552,1.4479303834087636,1.4451863396011513,1.862852514386159,72.0,sensitivity,0.25
periop_infection,NA,StandardOfCare,15673,1618,0.1032348625023926,0.0349054530843922,2.10986785508552,1.4479303834087636,1.4451863396011513,1.862852514386159,72.0,soc_rate,0.25
periop_infection,NA,PopRI,5563,1263,0.2270357720654323,0.2979650887191401,3.2213270127127487,0.9713316400198728,1.7237792221951092,0.9797437221758636,168.0,sensitivity,0.25
periop_infection,NA,PopRI,5563,914,0.1642998382167895,0.2499076159301737,0.0,0.6705033221869767,1.47586702915489,1.1789739702640645,168.0,soc_rate,0.25
periop_infection,NA,PerRI,5563,1364,0.2451914434657559,0.009457668135899,0.0,0.644843789972,0.7067866460106267,1.502599901788552,168.0,sensitivity,0.25
periop_infection,NA,PerRI,5563,914,0.1642998382167895,0.9802315370380073,0.0,0.5567663636253808,0.2455151469779826,1.1563342280040327,168.0,soc_rate,0.25
periop_infection,NA,Cohen_m2,5563,1318,0.2369225238180837,0.7727041790956313,0.0,0.0,0.9876464550225004,1.1267154559218615,168.0,sensitivity,0.25
periop_infection,NA,Cohen_m2,5563,914,0.1642998382167895,0.8921788601895252,0.0,0.0,0.7578697790106759,0.7488093516246455,168.0,soc_rate,0.25
periop_infection,NA,Cohen_m3,5563,1193,0.2144526334711486,0.6670943058286557,0.0,1.7010883616096912,1.7372865259814965,1.121396041230756,168.0,sensitivity,0.25
periop_infection,NA,Cohen_m3,5563,914,0.1642998382167895,0.4675029144424087,0.0,1.8179941623741176,1.6256520251350957,1.401121720286661,168.0,soc_rate,0.25
periop_infection,NA,Cohen_m4,5563,1057,0.1900053927736832,0.6659404960100154,0.0,0.635723850504095,1.0213986349877473,0.8389622833973825,168.0,sensitivity,0.25
periop_infection,NA,Cohen_m4,5563,914,0.1642998382167895,0.6781123968159052,0.0,1.2471432361339334,0.7291737266158757,0.6954018638529079,168.0,soc_rate,0.25
periop_infection,NA,Gaussian_mle,5563,903,0.1623224878662592,0.7900466956756271,1.6679952297938223,1.2408458466063952,0.7772819621111133,0.69507654745959,168.0,soc_rate,0.25
periop_infection,PLT,NORMA_q_age_set_co,8823,1743,0.1975518531111866,0.6306620204865054,0.7811182464891641,0.5888091031723743,1.0695984658702935,2.3054722147030207,72.0,sensitivity,0.25
periop_infection,PLT,NORMA_q_age,14729,2878,0.1953968361735352,0.0982812233696738,1.4820952062778514,1.5337792618221495,0.8666678987377252,1.095726998147875,0.0,sensitivity,0.25
periop_infection,PLT,PopRI,13114,3044,0.2321183468049412,0.2607488418364147,0.0,0.2399836622450815,1.547877310851642,1.08035149100039,24.0,sensitivity,0.25
periop_infection,PLT,PopRI,8823,1547,0.1753371868978805,0.0194870951736856,0.0,1.0318785225798608,2.161115034145556,1.5903493271188365,72.0,sensitivity,0.25
periop_infection,PLT,PopRI,8823,161,0.0182477615323586,0.0182014316426687,0.0,0.0,0.0,2.1345731751933537,72.0,soc_rate,0.25
periop_infection,PLT,PerRI,8823,3168,0.3590615436926215,0.3038030275263473,0.3397812078526708,0.3962256695724136,1.038939732311904,0.9048309725629228,72.0,sensitivity,0.25
periop_infection,PLT,PerRI,8823,160,0.0181344213986172,0.3808508588171174,0.0,0.0,0.0,0.0,72.0,soc_rate,0.25
periop_infection,PLT,Cohen_m2,8823,2195,0.2487815935622804,0.7514764011920362,0.5645769463854897,0.3590875052986453,1.232789238692193,0.9572955617199996,72.0,sensitivity,0.25
periop_infection,PLT,Cohen_m2,8823,161,0.0182477615323586,0.9671523217300404,0.0,0.0,1.5823461871656512,0.6447520618006438,72.0,soc_rate,0.25
periop_infection,PLT,Cohen_m3,8823,1965,0.2227133628017681,0.9961946824466472,0.6544880578071947,1.152996246355355,1.4566208274352317,0.6932031080745344,72.0,sensitivity,0.25
periop_infection,PLT,Cohen_m3,8823,161,0.0182477615323586,0.7365706314261735,0.0,0.0,0.0,0.5167348970644996,72.0,soc_rate,0.25
periop_infection,PLT,Cohen_m4,8823,1821,0.2063923835430126,0.4129079105015495,2.0770532917123985,1.7493852156989038,1.538188653421221,0.646073438710714,72.0,sensitivity,0.25
periop_infection,PLT,Cohen_m4,8823,161,0.0182477615323586,0.3963695033942312,0.0,0.0,1.383592192441608,1.2656403907815807,72.0,soc_rate,0.25
periop_infection,PLT,Gaussian_mle,8823,2745,0.3111186671200272,0.318348117312444,0.4262708446472889,0.5355853513561909,1.1032835324647312,1.574523516446948,72.0,sensitivity,0.25
periop_infection,PLT,Gaussian_mle,8823,159,0.0180210812648758,0.5941346538695227,0.0,0.0,0.0,0.5020247992803235,72.0,soc_rate,0.25
periop_infection,PLT,Gaussian_trunc,8823,3089,0.3501076731270542,0.5403708647356926,0.3543387624791722,1.36904894986565,1.053402877311327,0.8713154341724274,72.0,sensitivity,0.25
periop_infection,PLT,Gaussian_trunc,8823,159,0.0180210812648758,0.8758981260773165,0.0,0.0,3.050764678641756,0.2884878041911489,72.0,soc_rate,0.25
periop_infection,PLT,Gaussian_eb,8823,2538,0.2876572594355661,0.0529746090198115,0.4758378402666721,1.0072754159828805,1.2020294603809834,1.5404776305122243,72.0,sensitivity,0.25
periop_infection,PLT,Gaussian_eb,8823,159,0.0180210812648758,0.4574951224470328,0.0,0.0,2.806631683702185,1.055842307920577,72.0,soc_rate,0.25
periop_infection,PLT,NORMA_q_age_set,8823,2018,0.22872038989006,0.4691809792522265,0.6535845848188236,0.501588231689284,0.7354934696376443,2.2706012133674727,72.0,sensitivity,0.25
periop_infection,PLT,NORMA_q_age_set,8823,161,0.0182477615323586,0.4539887276912442,0.0,0.0,0.0,0.3548976981046614,72.0,soc_rate,0.25
periop_infection,PLT,NORMA_334f7e21,8823,1990,0.225546866145302,0.4981365063805203,0.0,0.2876569704917427,0.278874553782824,2.617287256101552,72.0,sensitivity,0.25
periop_infection,PLT,NORMA_334f7e21,8823,161,0.0182477615323586,0.9622351166306908,0.0,0.0,0.0,0.0,72.0,soc_rate,0.25
periop_infection,PLT,NORMA_q_age,8823,1916,0.2171596962484415,0.2409804981931056,0.0,0.3026818373925228,0.6860158892378344,1.4592916573999806,72.0,sensitivity,0.25
periop_infection,PLT,StandardOfCare,13114,125,0.0095317980783895,0.1902298058849029,0.0,0.0,0.0,0.8836991709469908,24.0,soc_rate,0.25
periop_infection,PLT,NORMA_q_age_set_co,14729,2937,0.1994025392083644,0.1320704198710115,1.4497789090922006,0.8966666268521865,0.8121990686390005,1.2464972849969254,0.0,sensitivity,0.25
periop_infection,PLT,StandardOfCare,13114,125,0.0095317980783895,0.1902298058849029,0.0,0.0,0.0,0.8836991709469908,24.0,sensitivity,0.25
periop_infection,PLT,NORMA_q_age_set_co,13114,2800,0.2135122769559249,0.9919415374127432,0.0,0.5195229402955507,0.8469347485371476,0.9256604392584038,24.0,sensitivity,0.25
periop_infection,PLT,PopRI,13114,125,0.0095317980783895,0.2370646117801647,0.0,0.0,0.0,0.0,24.0,soc_rate,0.25
periop_infection,PLT,PerRI,13114,4246,0.3237761171267347,0.0412747489076209,0.6695001876761792,0.2726405990810298,0.8050261973798518,1.4941682043337283,24.0,sensitivity,0.25
periop_infection,PLT,PerRI,13114,125,0.0095317980783895,0.2799375273677833,0.0,0.0,0.0,2.253146401963145,24.0,soc_rate,0.25
periop_infection,PLT,Cohen_m2,13114,2357,0.1797315845661125,0.2072451811788053,4.268390288798179,1.1461018557634826,1.585953906334254,1.51671994653529,24.0,sensitivity,0.25
periop_infection,PLT,Cohen_m2,13114,125,0.0095317980783895,0.8054314070172005,0.0,0.0,0.0,1.3448300242257565,24.0,soc_rate,0.25
periop_infection,PLT,Cohen_m3,13114,2470,0.1883483300289766,0.6572550506109751,4.026366756979456,1.085258036976835,1.214971651126666,1.065855404283071,24.0,sensitivity,0.25
periop_infection,PLT,Cohen_m3,13114,125,0.0095317980783895,0.9514970107614288,0.0,0.0,0.0,0.7713629966688385,24.0,soc_rate,0.25
periop_infection,PLT,Cohen_m4,13114,2179,0.1661583041024859,0.1363286661104819,5.1453226118826425,1.9346155045266216,1.5067918840383017,1.0239321142886353,24.0,sensitivity,0.25
periop_infection,PLT,Cohen_m4,13114,125,0.0095317980783895,0.7378168107712146,0.0,0.0,0.0,1.3834430027335174,24.0,soc_rate,0.25
periop_infection,PLT,Gaussian_mle,13114,3735,0.2848101265822785,0.0235738259922454,0.7948773182415221,0.5308680762498506,1.5417158161481512,1.5069399704398114,24.0,sensitivity,0.25
periop_infection,PLT,Gaussian_mle,13114,123,0.0093792893091352,0.9402853219579383,0.0,0.0,0.0,0.8256495656597427,24.0,soc_rate,0.25
periop_infection,PLT,Gaussian_trunc,13114,4133,0.3151593716638706,0.1247106549153048,6.729459046950645,0.7969426255918187,0.7086200929672365,0.9213222581321568,24.0,sensitivity,0.25
periop_infection,PLT,Gaussian_trunc,13114,123,0.0093792893091352,0.812599693991662,0.0,0.0,0.0,0.4958707101103448,24.0,soc_rate,0.25
periop_infection,PLT,Gaussian_eb,13114,3761,0.2867927405825834,0.0456742276226289,0.7877400006381566,0.5270508948934641,1.0000121246223843,1.333200688378684,24.0,sensitivity,0.25
periop_infection,PLT,Gaussian_eb,13114,123,0.0093792893091352,0.2001549725796945,0.0,0.0,0.0,2.202024032331062,24.0,soc_rate,0.25
periop_infection,PLT,NORMA_q_age_set,13114,2787,0.2125209699557724,0.4325041668281995,1.3281136011217047,1.6514686758291723,0.8014268299166134,1.081653148062875,24.0,sensitivity,0.25
periop_infection,PLT,NORMA_q_age_set,13114,125,0.0095317980783895,0.8263421604661866,0.0,0.0,0.0,0.0,24.0,soc_rate,0.25
periop_infection,PLT,NORMA_334f7e21,13114,2723,0.207640689339637,0.5217973352551377,0.0,0.5474514959894649,0.3986857501708564,1.2121665894077012,24.0,sensitivity,0.25
periop_infection,PLT,NORMA_334f7e21,13114,125,0.0095317980783895,0.7050379192700734,0.0,0.0,0.0,0.0,24.0,soc_rate,0.25
periop_infection,PLT,NORMA_q_age,13114,2692,0.2052768034161964,0.3461728336373127,1.389854012817284,0.758590094621346,0.6296463573959404,0.8501032449434486,24.0,sensitivity,0.25
periop_infection,PLT,NORMA_q_age,13114,125,0.0095317980783895,0.6637199569654844,0.0,0.0,0.0,0.0,24.0,soc_rate,0.25
periop_infection,PLT,NORMA_q_age_set_co,13114,125,0.0095317980783895,0.8853653645922899,0.0,0.0,0.0,0.0,24.0,soc_rate,0.25
periop_infection,NA,Gaussian_trunc,15673,1593,0.1016397626491418,0.9527524826632944,0.0,0.8987652498840535,1.1532089279940485,1.2557711572924382,72.0,soc_rate,0.25
periop_infection,TBIL,Cohen_m3,2865,601,0.2097731239092495,0.7508950168561104,,0.9262200460562794,1.9893985305990056,1.1745511863106748,168.0,sensitivity,0.25
periop_infection,TBIL,Cohen_m4,2865,637,0.2223385689354275,0.8246677754233607,,0.8799661982430405,0.8937153602325116,1.1215444207771317,168.0,sensitivity,0.25
periop_infection,WBC,Cohen_m3,12259,2291,0.1868831062892568,0.3962406537729686,2.72744809131569,0.6824598714028137,1.4416280250016065,0.9999535106033184,24.0,sensitivity,0.25
periop_infection,WBC,Cohen_m3,12259,355,0.0289583163390162,0.2346994361787114,7.447403677379876,1.3283038334889354,0.5157496601348227,2.278982996229136,24.0,soc_rate,0.25
periop_infection,WBC,Cohen_m4,12259,2378,0.1939799331103679,0.7574833940444563,2.6321531631367963,1.4215375092679738,1.007421700978653,1.1372050880888784,24.0,sensitivity,0.25
periop_infection,WBC,Cohen_m4,12259,355,0.0289583163390162,0.7402406037056388,0.0,0.0,0.0,0.0,24.0,soc_rate,0.25
periop_infection,WBC,Gaussian_mle,12259,2850,0.2324822579329472,0.1396748671615441,0.7355203304167776,0.9284014907017388,0.5726087767435306,1.542669015759211,24.0,sensitivity,0.25
periop_infection,WBC,Gaussian_mle,12259,351,0.0286320254506892,0.9199312252741054,0.0,2.534090986158119,3.3162119318518206,0.6595836025805493,24.0,soc_rate,0.25
periop_infection,WBC,Gaussian_trunc,12259,3419,0.2788971367974549,0.1780311085078877,0.0,1.3183950898426426,0.7332875129666846,2.026969732720262,24.0,sensitivity,0.25
periop_infection,WBC,Gaussian_trunc,12259,351,0.0286320254506892,0.081406735935701,0.0,0.0,3.194684531780803,0.9951010363491318,24.0,soc_rate,0.25
periop_infection,WBC,Gaussian_eb,12259,2481,0.2023819234847866,0.5374018245268206,0.8867175552524953,0.8775048645820501,0.9216716140982067,1.6429577994739786,24.0,sensitivity,0.25
periop_infection,WBC,Gaussian_eb,12259,351,0.0286320254506892,0.0482977589533956,0.0,0.0,3.1414495882701865,3.484736181374253,24.0,soc_rate,0.25
periop_infection,WBC,NORMA_q_age_set,12259,2620,0.2137205318541479,0.3392101035307802,0.8182631709154765,1.0056961929631023,0.9023804925968394,0.7790951285486953,24.0,sensitivity,0.25
periop_infection,WBC,NORMA_q_age_set,12259,355,0.0289583163390162,0.2485857141370915,7.653106251970199,3.839560778492715,4.007618701656395,1.5328216984689598,24.0,soc_rate,0.25
periop_infection,WBC,NORMA_334f7e21,12259,2768,0.2257932947222448,0.1214257093530091,0.7598109585482221,0.9438595061912572,0.6254331292174155,0.6606967249067678,24.0,sensitivity,0.25
periop_infection,WBC,NORMA_334f7e21,12259,355,0.0289583163390162,0.8537588340751353,7.649245740930959,1.3619342623543134,2.9095706947708555,1.1525020401267765,24.0,soc_rate,0.25
periop_infection,WBC,NORMA_q_age,12259,2733,0.2229382494493841,0.1458310778331444,0.7757486279424743,0.6212367727719118,0.6888028473976361,0.7611992641471024,24.0,sensitivity,0.25
periop_infection,WBC,NORMA_q_age,12259,355,0.0289583163390162,0.5398486078203071,7.604226624436365,3.80696417895186,2.8824814513348573,0.922758449707157,24.0,soc_rate,0.25
periop_infection,WBC,NORMA_q_age_set_co,12259,2304,0.1879435516763194,0.1755565551629424,0.9635320749834884,1.1873716557800793,0.7746837384923405,0.7462170768832819,24.0,sensitivity,0.25
periop_infection,WBC,NORMA_q_age_set_co,12259,355,0.0289583163390162,0.2864274830596464,7.557617769946667,1.3465033027682531,0.5229112890390558,0.6640193734972418,24.0,soc_rate,0.25
periop_infection,WBC,StandardOfCare,12259,355,0.0289583163390162,0.2508341044066687,0.0,1.9170574661695816,0.7359256370475062,0.9292657765397292,24.0,sensitivity,0.25
periop_infection,WBC,StandardOfCare,12259,355,0.0289583163390162,0.2508341044066687,0.0,1.9170574661695816,0.7359256370475062,0.9292657765397292,24.0,soc_rate,0.25
periop_infection,WBC,PopRI,8052,1405,0.1744908097367113,0.6879926799859566,1.058511846816058,0.3482434632231924,0.7391805174354871,0.984812047500111,72.0,sensitivity,0.25
periop_infection,WBC,Cohen_m2,12259,355,0.0289583163390162,0.4567199180701639,7.469689150514436,1.3318159714801492,1.646756914055339,0.6488896254488334,24.0,soc_rate,0.25
periop_infection,WBC,PopRI,8052,847,0.1051912568306011,0.0214952041372583,0.0,0.0,0.6527495644204487,0.9052316029992457,72.0,soc_rate,0.25
periop_infection,WBC,Cohen_m2,12259,2211,0.180357288522718,0.8043020710425361,2.8829106965466544,1.5977852927475578,1.0340048649807816,0.7694678529446242,24.0,sensitivity,0.25
periop_infection,WBC,PerRI,12259,3215,0.2622563014927808,0.083159093969533,0.6307885016638101,0.7781710085342896,0.7325406290788015,0.9003760128100176,24.0,sensitivity,0.25
periop_infection,TP,NORMA_334f7e21,2364,302,0.1277495769881556,0.1308711992370788,0.0,0.0,0.9750970809613568,1.5798947400007175,168.0,soc_rate,0.25
periop_infection,TP,NORMA_q_age,2364,410,0.1734348561759729,0.003152227761265,4.968660968659113,4.467214633228006,2.80941833664412,1.708996903516244,168.0,sensitivity,0.25
periop_infection,TP,NORMA_q_age,2364,302,0.1277495769881556,0.077133282978817,0.0,0.0,0.0,1.6873504453454982,168.0,soc_rate,0.25
periop_infection,TP,NORMA_q_age_set_co,2364,384,0.1624365482233502,0.0918157192199115,0.0,0.0,0.6166071488508326,1.4073552970418075,168.0,sensitivity,0.25
periop_infection,TP,NORMA_q_age_set_co,2364,302,0.1277495769881556,0.1116654852697586,0.0,0.0,0.0,0.906936243148328,168.0,soc_rate,0.25
periop_infection,TP,StandardOfCare,2364,302,0.1277495769881556,0.001652089044628,6.671698113210189,1.9173656709995004,12.200840320417552,1.821906172966264,168.0,sensitivity,0.25
periop_infection,TP,StandardOfCare,2364,302,0.1277495769881556,0.001652089044628,6.671698113210189,1.9173656709995004,12.200840320417552,1.821906172966264,168.0,soc_rate,0.25
periop_infection,WBC,PopRI,14012,2492,0.1778475592349414,0.7702239480795745,2.662729124266733,1.466752066324433,1.077953783370171,1.1360897371340737,0.0,sensitivity,0.25
periop_infection,WBC,PerRI,14012,2832,0.2021124750214102,0.7034317452308586,2.2405584352157435,1.8667532305841523,0.9079132575866876,1.21412083748691,0.0,sensitivity,0.25
periop_infection,WBC,Cohen_m2,14012,2593,0.1850556665715101,0.906439558587286,1.4836661181561113,1.579759371690319,1.043496590095579,0.6980100900412093,0.0,sensitivity,0.25
periop_infection,WBC,Cohen_m3,14012,2768,0.1975449614616043,0.5845522773637748,0.5678311466669465,1.5504662315320097,1.0659702354806455,1.019350603038647,0.0,sensitivity,0.25
periop_infection,WBC,Cohen_m4,14012,2870,0.2048244361975449,0.883410621070659,0.5438924375180925,1.420315666042654,1.2730328378833038,1.0691423433747975,0.0,sensitivity,0.25
periop_infection,WBC,Gaussian_mle,14012,3143,0.2243077362260919,0.8529591769638895,1.1688604442475037,1.3367341453070178,1.8605819205477088,0.8470460963055412,0.0,sensitivity,0.25
periop_infection,WBC,Gaussian_trunc,14012,3471,0.247716243220097,0.0265779994765018,3.117126099179569,1.0275027779416563,1.0231969142631392,1.9118106687274663,0.0,sensitivity,0.25
periop_infection,WBC,Gaussian_eb,14012,2668,0.1904082215244076,0.4432188581386954,1.430174991623122,0.6838229718222909,1.0577763992069826,1.568906392581659,0.0,sensitivity,0.25
periop_infection,WBC,NORMA_q_age_set,14012,2706,0.1931201827005424,0.9640716564054072,1.336317942232621,1.3204657920172604,1.6071006827382193,0.959042890293886,0.0,sensitivity,0.25
periop_infection,WBC,NORMA_334f7e21,14012,2928,0.208963745361119,0.1278493825456176,1.213369735773132,1.2003749556744183,1.0211546533120106,0.7843874791869572,0.0,sensitivity,0.25
periop_infection,WBC,NORMA_q_age,14012,2866,0.2045389666000571,0.4211915372690691,2.2962676649184304,1.564623739815566,0.992752759369324,1.0387780149977075,0.0,sensitivity,0.25
periop_infection,WBC,NORMA_q_age_set_co,14012,2414,0.172280902083928,0.54520256951967,2.8357290918393696,1.500972616309478,1.1859458382668553,0.7392043838973233,0.0,sensitivity,0.25
periop_infection,WBC,PopRI,12259,2323,0.1894934333958724,0.2605803385657556,0.9554727840257998,1.2544915003971016,0.7373697676861108,0.9680195712646288,24.0,sensitivity,0.25
periop_infection,WBC,PopRI,12259,355,0.0289583163390162,0.5782493581760072,7.496838309533758,1.336731047313906,0.5190016073529143,0.9889914824926984,24.0,soc_rate,0.25
periop_infection,WBC,PerRI,12259,355,0.0289583163390162,0.138836087341595,0.0,0.0,0.0,0.4511261591972572,24.0,soc_rate,0.25
periop_infection,TP,NORMA_334f7e21,2364,421,0.1780879864636209,0.095480430302215,0.0,0.0,1.4575296174069046,1.2996970851423209,168.0,sensitivity,0.25
periop_infection,WBC,PerRI,8052,2292,0.2846497764530551,0.8182065021713513,0.504440513541448,0.467302875939657,1.0597421833685468,1.3545269892441338,72.0,sensitivity,0.25
periop_infection,WBC,Cohen_m2,8052,987,0.1225782414307004,0.238383391262494,3.2676723096294293,1.807051846695891,0.8851616896453237,1.07161373576219,72.0,sensitivity,0.25
periop_infection,WBC,Cohen_m2,3162,448,0.1416824794433902,0.1736167551212304,0.0,0.0,0.0,0.7678569416094555,168.0,sensitivity,0.25
periop_infection,WBC,Cohen_m2,3162,585,0.1850094876660341,0.3617255980156122,0.0,0.0,0.4805237039540337,0.7283448647799725,168.0,soc_rate,0.25
periop_infection,WBC,Cohen_m3,3162,611,0.1932321315623023,0.3351536962625012,0.0,0.0,0.0,0.875335609125007,168.0,sensitivity,0.25
periop_infection,WBC,Cohen_m3,3162,585,0.1850094876660341,0.1859690518234777,0.0,1.390759348118054,0.2626385650322502,1.1467214518409856,168.0,soc_rate,0.25
periop_infection,WBC,Cohen_m4,3162,699,0.2210626185958254,0.4948995242681858,0.0,0.0,0.0,0.8975116265292483,168.0,sensitivity,0.25
periop_infection,WBC,Cohen_m4,3162,585,0.1850094876660341,0.401182300794473,0.0,1.4335890757455425,0.2732259924983379,1.4589724204474817,168.0,soc_rate,0.25
periop_infection,WBC,Gaussian_mle,3162,471,0.1489563567362428,0.1217905072754276,0.0,1.8740470102089983,1.0449533253437395,1.9615747805542636,168.0,sensitivity,0.25
periop_infection,WBC,Gaussian_mle,3162,582,0.1840607210626186,0.0470381484480948,0.0,1.4582652671303693,1.6165069027574552,1.9521736938716407,168.0,soc_rate,0.25
periop_infection,WBC,Gaussian_trunc,3162,765,0.2419354838709677,0.2572106727368337,0.0,1.0544704928947108,0.5929126702333075,2.0057368293560733,168.0,sensitivity,0.25
periop_infection,WBC,Gaussian_trunc,3162,582,0.1840607210626186,0.37844042783331,0.0,0.0,0.0,2.1911696927838427,168.0,soc_rate,0.25
periop_infection,WBC,Gaussian_eb,3162,478,0.1511701454775458,0.2599797712493307,0.0,1.8510944126892237,1.0164038426819986,1.4454479113288936,168.0,sensitivity,0.25
periop_infection,WBC,Gaussian_eb,3162,582,0.1840607210626186,0.0491350815703402,0.0,1.4540738624431948,1.544031933192323,1.793657886868813,168.0,soc_rate,0.25
periop_infection,WBC,NORMA_q_age_set,3162,674,0.2131562302340291,0.7233708002860723,0.0,0.0,0.9343409067071596,2.13300216551951,168.0,sensitivity,0.25
periop_infection,WBC,NORMA_q_age_set,3162,585,0.1850094876660341,0.4847046404799306,0.0,0.0,1.099459882198745,1.348711559738916,168.0,soc_rate,0.25
periop_infection,WBC,NORMA_334f7e21,3162,643,0.2033523086654016,0.8089153468788378,0.0,0.0,0.9975541283661234,1.9175298331244568,168.0,sensitivity,0.25
periop_infection,WBC,NORMA_334f7e21,3162,585,0.1850094876660341,0.6670679743294989,0.0,0.0,1.0715735503697597,1.4301712316037138,168.0,soc_rate,0.25
periop_infection,WBC,NORMA_q_age,3162,646,0.2043010752688172,0.2913426431758344,0.0,0.0,0.9354919389704016,0.7868277766876222,168.0,sensitivity,0.25
periop_infection,WBC,NORMA_q_age,3162,585,0.1850094876660341,0.2927831439595012,0.0,0.0,1.0959130760011953,0.9922081373052412,168.0,soc_rate,0.25
periop_infection,WBC,NORMA_q_age_set_co,3162,609,0.1925996204933586,0.778825059875824,0.0,0.0,1.0183333244162698,0.7764533195879486,168.0,sensitivity,0.25
periop_infection,WBC,NORMA_q_age_set_co,3162,585,0.1850094876660341,0.8693410257790241,0.0,0.0,1.0304669860373403,0.7573101149924578,168.0,soc_rate,0.25
periop_infection,ALB,Cohen_m2,5872,226,0.0384877384196185,0.1927598191454839,0.0,0.0,0.0,0.0,24.0,soc_rate,0.25
periop_infection,WBC,PerRI,3162,585,0.1850094876660341,0.6965471118100535,0.0,0.0,0.0,1.4739625810039183,168.0,soc_rate,0.25
periop_infection,WBC,PerRI,8052,847,0.1051912568306011,0.8255103216698709,0.0,0.0,0.0,1.1592866612322748,72.0,soc_rate,0.25
periop_infection,WBC,PerRI,3162,957,0.3026565464895636,0.6971585237723162,0.0,0.0,0.0,1.4401728313841824,168.0,sensitivity,0.25
periop_infection,WBC,PopRI,3162,527,0.1666666666666666,0.2872376168383529,0.0,0.0,0.6089902620521582,0.407301604934575,168.0,sensitivity,0.25
periop_infection,WBC,Cohen_m2,8052,847,0.1051912568306011,0.7776233929315108,0.0,0.7555997116447438,0.6080061008311043,0.6393508648195925,72.0,soc_rate,0.25
periop_infection,WBC,Cohen_m3,8052,1460,0.1813214108296075,0.6269823955761582,0.0,0.4177928543649597,0.5561279422211698,1.209298987526734,72.0,sensitivity,0.25
periop_infection,WBC,Cohen_m3,8052,847,0.1051912568306011,0.577398811673665,0.0,0.0,0.3368750005054955,0.9115616535137812,72.0,soc_rate,0.25
periop_infection,WBC,Cohen_m4,8052,1520,0.1887729756582215,0.8557363553527876,2.091824739842336,1.1421704806048445,0.5533331130621583,1.0290174940150256,72.0,sensitivity,0.25
periop_infection,WBC,Cohen_m4,8052,847,0.1051912568306011,0.8622486609672986,1.6314537725832308,1.4504003278023332,0.4624352845420066,1.068458085630808,72.0,soc_rate,0.25
periop_infection,WBC,Gaussian_mle,8052,1678,0.2083954297069051,0.1872880213759291,0.7496229111853194,1.9865895802500253,0.5214251284626354,0.9879763023497838,72.0,sensitivity,0.25
periop_infection,WBC,Gaussian_mle,8052,839,0.1041977148534525,0.6050209310494445,1.688630062661618,1.4798941375164016,0.4719833832744791,1.4245870628659485,72.0,soc_rate,0.25
periop_infection,WBC,Gaussian_trunc,8052,1857,0.2306259314456036,0.0743696890550525,0.6743726604306063,0.5475219844671632,1.1123355717896075,2.638549076999847,72.0,sensitivity,0.25
periop_infection,WBC,Gaussian_trunc,8052,839,0.1041977148534525,0.1019399436701534,0.0,0.7553382970745655,0.7281874794405373,3.191103279069491,72.0,soc_rate,0.25
periop_infection,WBC,Gaussian_eb,8052,1424,0.1768504719324391,0.4334483796484467,1.047852798225355,0.7850251188410933,1.4324020022662889,1.696831204760808,72.0,sensitivity,0.25
periop_infection,WBC,Gaussian_eb,8052,839,0.1041977148534525,0.2940719739632172,0.0,0.722880388666931,0.6947823026549624,1.831400887174072,72.0,soc_rate,0.25
periop_infection,WBC,NORMA_q_age_set,8052,1525,0.1893939393939394,0.762306346531996,0.9237745723487962,1.3841636676494726,1.0541513287195785,1.1894063039108853,72.0,sensitivity,0.25
periop_infection,WBC,NORMA_q_age_set,8052,847,0.1051912568306011,0.6704336787418472,1.8469450660060984,2.784080370270282,1.2307903495387933,0.8046602281552556,72.0,soc_rate,0.25
periop_infection,WBC,NORMA_334f7e21,8052,1614,0.2004470938897168,0.0995303059555612,0.8509155101938007,1.27960375036051,0.3739919653456939,0.7274304827073336,72.0,sensitivity,0.25
periop_infection,WBC,NORMA_334f7e21,8052,847,0.1051912568306011,0.6346429300654461,1.8265937843883016,2.743254509506765,0.8023431902560626,0.8447447306678436,72.0,soc_rate,0.25
periop_infection,WBC,NORMA_q_age,8052,1500,0.1862891207153502,0.3435837847042875,0.9487166389649156,2.1601090652150168,1.0030286756098232,0.7572961745250625,72.0,sensitivity,0.25
periop_infection,WBC,NORMA_q_age,8052,847,0.1051912568306011,0.3926956127969678,1.8438994312059336,2.7718258910597826,0.8116085540230783,0.6469299194952101,72.0,soc_rate,0.25
periop_infection,WBC,NORMA_q_age_set_co,8052,1486,0.1845504222553403,0.0916058309282352,0.9392961825883216,1.9609331894935969,0.8823239829442269,0.4192693247904644,72.0,sensitivity,0.25
periop_infection,WBC,NORMA_q_age_set_co,8052,847,0.1051912568306011,0.2998963174589201,0.0,1.7912658889611337,0.5538710384820454,0.6544538856472162,72.0,soc_rate,0.25
periop_infection,WBC,StandardOfCare,8052,847,0.1051912568306011,0.9550093081246224,0.0,1.851978344186793,1.830865572169904,1.3401600767033552,72.0,sensitivity,0.25
periop_infection,WBC,StandardOfCare,8052,847,0.1051912568306011,0.9550093081246224,0.0,1.851978344186793,1.830865572169904,1.3401600767033552,72.0,soc_rate,0.25
periop_infection,WBC,PopRI,3162,585,0.1850094876660341,0.7570545649203817,0.0,0.0,0.955622865259647,0.8709043234027889,168.0,soc_rate,0.25
periop_infection,TBIL,Cohen_m3,2865,120,0.0418848167539267,0.3854669372106307,,5.542848731766732,1.015175156255611,1.0516929075135577,168.0,soc_rate,0.25
periop_infection,TP,NORMA_q_age_set,2364,302,0.1277495769881556,0.4093683913367368,0.0,0.0,0.0,0.9617638759867526,168.0,soc_rate,0.25
periop_infection,TP,Gaussian_eb,2364,300,0.1269035532994923,0.3760981909163211,0.0,0.0,1.084708780475632,0.3303881356574792,168.0,soc_rate,0.25
periop_infection,TP,NORMA_q_age_set,8565,2013,0.2350262697022767,0.187047195824088,1.0545849373102278,0.8836014702305347,0.7260282284203781,1.5055731395147538,0.0,sensitivity,0.25
periop_infection,TP,NORMA_334f7e21,8565,1952,0.2279042615294804,0.0373761444997178,3.373182568357314,1.1716130101066824,1.0330138750580764,1.5763148070701447,0.0,sensitivity,0.25
periop_infection,TP,NORMA_q_age,8565,2145,0.2504378283712785,0.2259741934127773,8.97913984200022,0.9573023255254662,0.5525991534887674,1.3578571784228866,0.0,sensitivity,0.25
periop_infection,TP,NORMA_q_age_set_co,8565,1900,0.2218330414477524,0.0449463411870355,1.1357842591372025,1.3740017990004445,1.131433813261009,1.5409126502318349,0.0,sensitivity,0.25
periop_infection,TP,PopRI,7476,1196,0.1599785981808453,1.0988033979421851e-06,5.0449993900313554,2.0400333904108354,2.185194530193228,3.953113130064523,24.0,sensitivity,0.25
periop_infection,TP,PopRI,7476,229,0.0306313536650615,0.0066136835714198,0.0,0.0,0.0,6.866669824687575,24.0,soc_rate,0.25
periop_infection,TP,PerRI,7476,2449,0.327581594435527,0.910639532060854,0.6287086988432012,1.215495576411764,0.5654584782841063,0.7913755169072518,24.0,sensitivity,0.25
periop_infection,TP,PerRI,7476,229,0.0306313536650615,0.7313514651343335,0.0,0.0,3.814772643583009,0.3552953646399882,24.0,soc_rate,0.25
periop_infection,TP,Cohen_m2,7476,2056,0.2750133761369716,0.3181763497642609,0.8220133202141597,0.5392034090302656,0.8499391831677674,0.6985032762866811,24.0,sensitivity,0.25
periop_infection,TP,Cohen_m2,7476,229,0.0306313536650615,0.1577646644345959,0.0,1.7750168880496675,0.6805082381547801,0.3078429718623615,24.0,soc_rate,0.25
periop_infection,TP,Cohen_m3,7476,1655,0.2213750668806848,0.7384948002307725,3.35922907083942,1.764298006742936,1.0890504603013405,0.7035860232346052,24.0,sensitivity,0.25
periop_infection,TP,Cohen_m3,7476,229,0.0306313536650615,0.4839063970729365,0.0,1.8228911146852185,0.6991794145524641,0.5506378463525677,24.0,soc_rate,0.25
periop_infection,TP,Cohen_m4,7476,1912,0.2557517388978063,0.8000277973275534,2.796361447483351,1.0954916664886654,1.1534889857027808,0.544541262965911,24.0,sensitivity,0.25
periop_infection,TP,Cohen_m4,7476,229,0.0306313536650615,0.3307596304163244,0.0,1.813161642968307,0.694113531739625,0.2048022408065247,24.0,soc_rate,0.25
periop_infection,TP,Gaussian_mle,7476,1828,0.2445157838416265,0.609913310640305,1.1482454936968942,1.088404998441002,1.253347700900982,0.973931526288175,24.0,sensitivity,0.25
periop_infection,TP,Gaussian_mle,7476,227,0.0303638309256286,0.9488089767814156,0.0,0.0,0.0,2.217129005035227,24.0,soc_rate,0.25
periop_infection,TP,Gaussian_trunc,7476,1070,0.1431246655965757,0.0093549964091378,2.005826129453052,1.2331147381704664,0.9676491108255488,1.4900607666640364,24.0,sensitivity,0.25
periop_infection,TP,Gaussian_trunc,7476,227,0.0303638309256286,0.5720134833160062,0.0,1.918294888593524,0.7381385370645712,0.823573370540328,24.0,soc_rate,0.25
periop_infection,TP,Gaussian_eb,7476,2086,0.2790262172284644,0.5461100971750089,2.51631472923698,0.72950604234698,0.2514805181988427,1.2089546872251091,24.0,sensitivity,0.25
periop_infection,TP,Gaussian_eb,7476,227,0.0303638309256286,0.1786042413752706,0.0,1.9639846181131813,0.7576335344101354,2.3284984451914204,24.0,soc_rate,0.25
periop_infection,TP,NORMA_q_age_set,7476,1705,0.2280631353665061,0.1143403844347282,0.0,0.4301151247637907,0.7918740749057567,1.4099484364594594,24.0,sensitivity,0.25
periop_infection,TP,Gaussian_eb,8565,2351,0.2744892002335085,0.5001210104103142,0.8581723890067944,1.3069863111071132,0.4268298814532614,1.0349634007521915,0.0,sensitivity,0.25
periop_infection,TP,NORMA_q_age_set,7476,229,0.0306313536650615,0.4609276526611114,0.0,1.7740518812080135,0.6806396575333856,0.368957187504577,24.0,soc_rate,0.25
periop_infection,TP,Gaussian_trunc,8565,1373,0.1603035610040864,0.0314780293747344,1.6955883648328132,1.4503983306770445,1.353235289843698,1.252450587023055,0.0,sensitivity,0.25
periop_infection,TP,Cohen_m4,8565,1996,0.233041447752481,0.8997992603671477,9.925120741578407,1.808462629862348,1.7732640176681629,0.4920426363214203,0.0,sensitivity,0.25
periop_infection,TBIL,Cohen_m4,2865,120,0.0418848167539267,0.7395454871299925,,5.551070693283204,1.014335872262857,0.953580314301336,168.0,soc_rate,0.25
periop_infection,TBIL,Gaussian_mle,2865,1033,0.3605584642233856,0.3453672312546778,0.0,0.0,0.1447504167357861,1.1103979540634037,168.0,sensitivity,0.25
periop_infection,TBIL,Gaussian_mle,2865,119,0.0415357766143106,0.6363168269447985,0.0,0.0,0.0,2.228995273121239,168.0,soc_rate,0.25
periop_infection,TBIL,Gaussian_trunc,2865,842,0.293891797556719,0.0996385847990538,0.0,2.6746940155761654,0.9105538543199028,0.597764075955046,168.0,sensitivity,0.25
periop_infection,TBIL,Gaussian_trunc,2865,119,0.0415357766143106,0.7277326282415546,0.0,0.0,0.0,0.9664288576702744,168.0,soc_rate,0.25
periop_infection,TBIL,Gaussian_eb,2865,711,0.2481675392670157,0.5480698521985669,,0.7951388191210799,0.8485083120003026,1.108982548616291,168.0,sensitivity,0.25
periop_infection,TBIL,Gaussian_eb,2865,119,0.0415357766143106,0.0749219472511008,0.0,0.0,0.0,0.0,168.0,soc_rate,0.25
periop_infection,TBIL,NORMA_q_age_set,2865,517,0.1804537521815008,0.9292073296907216,,1.157000467611051,2.50220714849346,0.6037931816512475,168.0,sensitivity,0.25
periop_infection,TBIL,NORMA_q_age_set,2865,120,0.0418848167539267,0.5950388489226021,,5.504860769816259,3.55413584713555,0.4621207729602186,168.0,soc_rate,0.25
periop_infection,TBIL,NORMA_334f7e21,2865,487,0.1699825479930192,0.9219766210980012,,1.2271942576920776,1.98332090851665,0.7415520002235794,168.0,sensitivity,0.25
periop_infection,TBIL,NORMA_334f7e21,2865,120,0.0418848167539267,0.8176510138598266,,5.505846239592026,3.217516250471639,0.4224933518719445,168.0,soc_rate,0.25
periop_infection,TBIL,NORMA_q_age,2865,479,0.1671902268760907,0.2514906935592899,,1.2581962730115115,2.0624884965421786,1.009099654056142,168.0,sensitivity,0.25
periop_infection,TBIL,NORMA_q_age,2865,120,0.0418848167539267,0.9582486021184068,,5.731455909901642,3.4306432177314403,0.4510088681295511,168.0,soc_rate,0.25
periop_infection,TBIL,NORMA_q_age_set_co,2865,593,0.2069808027923211,0.7533862723769469,,0.9731209059184712,1.5761744566005471,0.7693416938454736,168.0,sensitivity,0.25
periop_infection,TBIL,NORMA_q_age_set_co,2865,120,0.0418848167539267,0.6742666489198879,,5.623315232356544,6.61316488465003,1.3530122482345672,168.0,soc_rate,0.25
periop_infection,TBIL,StandardOfCare,2865,120,0.0418848167539267,0.0004384437917567,0.0,0.0,3.392504017291998,2.675671295209605,168.0,sensitivity,0.25
periop_infection,TBIL,StandardOfCare,2865,120,0.0418848167539267,0.0004384437917567,0.0,0.0,3.392504017291998,2.675671295209605,168.0,soc_rate,0.25
periop_infection,TP,PopRI,8565,1443,0.1684763572679509,1.2838002909846354e-05,1.6836837933794222,1.9226504883116624,1.268528455181418,2.9804681517881946,0.0,sensitivity,0.25
periop_infection,TP,PerRI,8565,2882,0.3364856976065382,0.7074902889655552,1.940484496878676,1.6324835189948843,0.7028403499712463,0.6840080981522554,0.0,sensitivity,0.25
periop_infection,TP,Cohen_m2,8565,2021,0.2359603035610041,0.7948217550793575,3.227563395337418,1.0653140173417242,1.4276067235229684,0.6685213348998764,0.0,sensitivity,0.25
periop_infection,TP,Cohen_m3,8565,1711,0.1997664915353181,0.2287408577204901,3.9869649680176753,2.410177013108921,1.771650707835688,0.6082639853966766,0.0,sensitivity,0.25
periop_infection,TP,Gaussian_mle,8565,1984,0.2316403969643899,0.8334817283247898,1.0763525988028546,0.4086744881542705,0.7031026579810736,1.0021853142866644,0.0,sensitivity,0.25
periop_infection,TP,NORMA_q_age_set,2364,398,0.1683587140439932,0.0992716447474572,5.232142857142275,1.4608520623873065,1.0597467595075167,1.2280302385573525,168.0,sensitivity,0.25
periop_infection,TP,NORMA_334f7e21,7476,1755,0.2347512038523274,0.0497279324458224,0.0,0.763803656517102,0.6036518734187716,1.5385081349385528,24.0,sensitivity,0.25
periop_infection,TP,NORMA_q_age,7476,1779,0.2379614767255216,0.1307433520397227,0.0,0.1999057313762405,0.4821106309258444,1.491844393964526,24.0,sensitivity,0.25
periop_infection,TP,NORMA_q_age,5068,1054,0.2079715864246251,0.0233012000754906,0.0,0.0,0.8399569175572782,1.8137667617011712,72.0,sensitivity,0.25
periop_infection,TP,NORMA_q_age,5068,552,0.1089187056037884,0.0947818936926958,0.0,0.0,0.0,2.2704121647088,72.0,soc_rate,0.25
periop_infection,TP,NORMA_q_age_set_co,5068,966,0.1906077348066298,0.0719813842295189,0.0,0.5785818394297224,0.192815959666783,2.031333557734892,72.0,sensitivity,0.25
periop_infection,TP,NORMA_q_age_set_co,5068,552,0.1089187056037884,0.1947640816831486,0.0,1.085620670528444,0.3627643458059963,0.990784556916686,72.0,soc_rate,0.25
periop_infection,TP,StandardOfCare,5068,552,0.1089187056037884,0.0837208259895187,2.430405953139428,0.9084275371046082,0.9336454522741676,1.7134487956554465,72.0,sensitivity,0.25
periop_infection,TP,StandardOfCare,5068,552,0.1089187056037884,0.0837208259895187,2.430405953139428,0.9084275371046082,0.9336454522741676,1.7134487956554465,72.0,soc_rate,0.25
periop_infection,TP,PopRI,2364,370,0.1565143824027072,0.0011650220786783,0.0,0.0,3.6819410690648566,2.47833105583611,168.0,sensitivity,0.25
periop_infection,TP,PopRI,2364,302,0.1277495769881556,0.0015230567735647,0.0,0.0,4.683613367345191,2.428843840837577,168.0,soc_rate,0.25
periop_infection,TP,PerRI,2364,830,0.3510998307952622,0.3184272012203222,0.0,0.6758695818916824,1.357866432411816,0.5266307166621935,168.0,sensitivity,0.25
periop_infection,TP,PerRI,2364,302,0.1277495769881556,0.9412804268814904,0.0,2.576522787590584,1.80808190800634,0.9198078382920638,168.0,soc_rate,0.25
periop_infection,TP,Cohen_m2,2364,532,0.2250423011844331,0.5080433181564301,0.0,0.0,0.0,0.4571078071751242,168.0,sensitivity,0.25
periop_infection,TP,Cohen_m2,2364,302,0.1277495769881556,0.4710724866908319,0.0,0.0,0.0,0.6171989974107236,168.0,soc_rate,0.25
periop_infection,TP,Cohen_m3,2364,509,0.2153130287648054,0.8004763904768049,0.0,0.0,0.0,0.5689205310552549,168.0,sensitivity,0.25
periop_infection,TP,Cohen_m3,2364,302,0.1277495769881556,0.3384018710767532,0.0,0.0,0.0,0.6938687772212305,168.0,soc_rate,0.25
periop_infection,TP,Cohen_m4,2364,568,0.2402707275803722,0.8144191341872926,0.0,1.0643538191663997,0.2474362205798732,0.902363499994252,168.0,sensitivity,0.25
periop_infection,TP,Cohen_m4,2364,302,0.1277495769881556,0.2394079960584144,0.0,0.0,0.0,0.4422764320162492,168.0,soc_rate,0.25
periop_infection,TP,Gaussian_mle,2364,708,0.299492385786802,0.3591938637263301,2.278399999998165,2.1261370856774646,0.8476613578206568,0.5729998068179865,168.0,sensitivity,0.25
periop_infection,TP,Gaussian_mle,2364,300,0.1269035532994923,0.7000637415226585,0.0,0.0,0.9736558960335138,0.5945458049782154,168.0,soc_rate,0.25
periop_infection,TP,Gaussian_trunc,2364,530,0.2241962774957698,0.3809398121494277,0.0,0.0,1.107253508788528,1.265160929426778,168.0,sensitivity,0.25
periop_infection,TP,Gaussian_trunc,2364,300,0.1269035532994923,0.9294405660665688,0.0,0.0,1.0099017660232352,1.3096172194304625,168.0,soc_rate,0.25
periop_infection,TP,Gaussian_eb,2364,579,0.2449238578680203,0.4056216797471622,0.0,1.1451092539390146,1.709520872478211,1.3606563382468295,168.0,sensitivity,0.25
periop_infection,TP,NORMA_334f7e21,5068,552,0.1089187056037884,0.1176272069026469,0.0,1.1067345285283272,0.3686893225981834,1.4142941657299763,72.0,soc_rate,0.25
periop_infection,TP,NORMA_334f7e21,7476,229,0.0306313536650615,0.771787543981351,0.0,1.794266182611327,0.6906248407760897,0.0656146888318185,24.0,soc_rate,0.25
periop_infection,TP,NORMA_334f7e21,5068,1004,0.1981057616416732,0.0294619693122836,0.0,0.5501521108890227,0.1835859407472681,1.7985238041911245,72.0,sensitivity,0.25
periop_infection,TP,NORMA_q_age_set,5068,910,0.1795580110497237,0.0390885587175106,0.0,0.6186916071897188,0.6638915750064246,1.6634975423812886,72.0,sensitivity,0.25
periop_infection,TP,NORMA_q_age,7476,229,0.0306313536650615,0.3587359964447991,0.0,1.7560070849153435,0.6753771596424336,0.422468707851436,24.0,soc_rate,0.25
periop_infection,TP,NORMA_q_age_set_co,7476,1682,0.2249866238630283,0.0914025196629881,0.0,1.1592450234651597,0.5184101716655647,1.7441055120007365,24.0,sensitivity,0.25
periop_infection,TP,NORMA_q_age_set_co,7476,229,0.0306313536650615,0.5814128276000587,0.0,1.775134408404794,0.6825606009924279,0.0644499873794422,24.0,soc_rate,0.25
periop_infection,TP,StandardOfCare,7476,229,0.0306313536650615,0.1113024418833031,0.0,3.8605036106494,1.4356546085843012,0.8055363364862836,24.0,sensitivity,0.25
periop_infection,TP,StandardOfCare,7476,229,0.0306313536650615,0.1113024418833031,0.0,3.8605036106494,1.4356546085843012,0.8055363364862836,24.0,soc_rate,0.25
periop_infection,TP,PopRI,5068,828,0.1633780584056827,5.292114981200498e-06,1.5015830121441212,0.5629801544802799,0.6062633732827777,3.459993197784639,72.0,sensitivity,0.25
periop_infection,TP,PopRI,5068,552,0.1089187056037884,0.0019225359625817,2.392202514852164,0.8964083240084316,0.979516778130014,2.59949180147219,72.0,soc_rate,0.25
periop_infection,TP,PerRI,5068,1703,0.3360299921073402,0.7888860310928149,2.033104558177227,0.5627567096180861,0.7280421487860327,0.5820384799411642,72.0,sensitivity,0.25
periop_infection,TP,PerRI,5068,552,0.1089187056037884,0.6407875130803338,2.628306883569615,0.9796037316018474,1.3813243903898265,1.2379918723145835,72.0,soc_rate,0.25
periop_infection,TP,Cohen_m2,5068,1396,0.2754538279400157,0.3673130057688479,0.7729607091417855,0.2867514974764266,0.5367071562712438,0.6230768491120544,72.0,sensitivity,0.25
periop_infection,TP,Cohen_m2,5068,552,0.1089187056037884,0.3203434965954137,0.0,0.0,0.49027709481039,0.5178967008036837,72.0,soc_rate,0.25
periop_infection,TP,Cohen_m3,5068,1352,0.2667719021310181,0.8159700394879985,0.8133988830124199,1.4584888550209387,0.6313570830908766,0.6679580071462887,72.0,sensitivity,0.25
periop_infection,TP,Cohen_m3,5068,552,0.1089187056037884,0.1444356365352811,0.0,0.0,0.5105386391953852,0.5932141851608251,72.0,soc_rate,0.25
periop_infection,TP,Cohen_m4,5068,1504,0.2967640094711918,0.4652602128274675,0.6990438376329202,0.7031861579855996,0.7256479461168515,0.5634997143742346,72.0,sensitivity,0.25
periop_infection,TP,Cohen_m4,5068,552,0.1089187056037884,0.0531594534341837,0.0,0.0,0.0,0.3548795135957968,72.0,soc_rate,0.25
periop_infection,TP,Gaussian_mle,5068,1399,0.2760457774269929,0.6635948778215182,2.583086333643251,1.3862121990097949,2.5752236906052914,0.7363857691328426,72.0,sensitivity,0.25
periop_infection,TP,Gaussian_mle,5068,548,0.1081294396211523,0.0379539211831061,3.0479949387163607,1.0975695662855665,2.569838059285926,1.3493521925350234,72.0,soc_rate,0.25
periop_infection,TP,Gaussian_trunc,5068,1174,0.2316495659037095,0.0543690926628002,1.027096394381364,2.1039518056697037,0.5397983474703364,0.972013577314086,72.0,sensitivity,0.25
periop_infection,TP,Gaussian_trunc,5068,548,0.1081294396211523,0.7067375341688309,0.0,0.0,0.0,1.1204591177451395,72.0,soc_rate,0.25
periop_infection,TP,Gaussian_eb,5068,1582,0.3121546961325966,0.9999099328974872,0.0,0.0,0.2559437122355416,0.8755360887188466,72.0,sensitivity,0.25
periop_infection,TP,Gaussian_eb,5068,548,0.1081294396211523,0.3775949444625421,0.0,0.0,0.0,0.4686619607401751,72.0,soc_rate,0.25
periop_infection,TP,NORMA_q_age_set,5068,552,0.1089187056037884,0.4630615527893462,0.0,0.0,0.0,1.6282663269984832,72.0,soc_rate,0.25
periop_infection,NA,Gaussian_trunc,15673,2654,0.1693358004211063,0.5564288240322899,1.3794685925508403,1.617326041044593,1.30209011933995,1.028889507710399,72.0,sensitivity,0.25
periop_infection,NA,Gaussian_mle,15673,1593,0.1016397626491418,0.3476326511991784,0.0,1.0040976277009024,2.5707331383463616,1.2527957428164411,72.0,soc_rate,0.25
periop_infection,NA,Gaussian_mle,15673,3571,0.2278440630383462,0.8992954500157533,0.8326775005071487,1.4710732249379552,1.9734206847736415,1.0259818423974063,72.0,sensitivity,0.25
periop_infection,HCT,Cohen_m2,2620,993,0.3790076335877863,0.7768951830770404,0.0,2.267522889595739,0.6719848502147088,1.1360037010665205,72.0,soc_rate,0.25
periop_infection,HCT,Cohen_m3,2620,716,0.2732824427480916,0.7194984887932555,0.0,1.5310178295354893,0.6375882844578211,0.8090839423332946,72.0,sensitivity,0.25
periop_infection,HCT,Cohen_m3,2620,993,0.3790076335877863,0.8572076253400219,0.0,1.3174325987223232,0.8993077637596475,1.0357291240622708,72.0,soc_rate,0.25
periop_infection,HCT,Cohen_m4,2620,310,0.1183206106870229,0.9712948309909932,0.0,2.431266064880633,2.102039355577228,1.6187061441808663,72.0,sensitivity,0.25
periop_infection,HCT,Cohen_m4,2620,993,0.3790076335877863,0.2166557391644127,0.0,1.5774552234785757,2.4445251634586755,4.899721757344891,72.0,soc_rate,0.25
periop_infection,HCT,Gaussian_mle,2620,550,0.2099236641221374,0.3891927903748955,0.0,0.5158744735205121,0.2577340518888448,0.672092010467165,72.0,sensitivity,0.25
periop_infection,HCT,Gaussian_mle,2620,937,0.3576335877862595,0.1745436462138505,0.0,0.9826636487036148,1.0050100890058138,0.8023122055859312,72.0,soc_rate,0.25
periop_infection,HCT,Gaussian_trunc,2620,472,0.1801526717557252,0.9910782663662104,0.0,2.485178701269566,1.023754232874343,0.5004791930871639,72.0,sensitivity,0.25
periop_infection,HCT,Gaussian_trunc,2620,937,0.3576335877862595,0.5701347969016295,1.5321992709598768,1.4312494110329887,0.5406268161927252,1.0247118784027485,72.0,soc_rate,0.25
periop_infection,HCT,Gaussian_eb,2620,639,0.2438931297709923,0.7889883480684883,0.0,0.4083213605337134,0.2039882592498003,0.53311206077251,72.0,sensitivity,0.25
periop_infection,HCT,Gaussian_eb,2620,937,0.3576335877862595,0.3655234008463811,0.0,0.9508983308178752,0.9859492709491882,0.798639871973248,72.0,soc_rate,0.25
periop_infection,HCT,NORMA_q_age_set,2620,871,0.332442748091603,0.9490445725285906,0.0,0.2577946901701072,0.5932969088692817,0.2676298940691659,72.0,sensitivity,0.25
periop_infection,HCT,NORMA_q_age_set,2620,993,0.3790076335877863,0.1475644382731601,0.0,0.2072059875347473,0.261942047322779,0.0733644561330479,72.0,soc_rate,0.25
periop_infection,HCT,NORMA_334f7e21,2620,863,0.3293893129770992,0.9522269102243331,1.7244094488195294,0.8771420172887925,0.9821990007402552,0.3459599248868382,72.0,sensitivity,0.25
periop_infection,HCT,NORMA_334f7e21,2620,993,0.3790076335877863,0.1345158118526404,0.0,0.2057814600407859,0.4662740271763259,0.2107209619746927,72.0,soc_rate,0.25
periop_infection,HCT,NORMA_q_age,2620,923,0.3522900763358779,0.9106663316910716,0.0,0.2400610915578785,0.5760732967358793,0.2645067095852401,72.0,sensitivity,0.25
periop_infection,HCT,NORMA_q_age,2620,993,0.3790076335877863,0.1789153606949338,0.0,0.2142466194139772,0.2774207780258285,0.0773103077953648,72.0,soc_rate,0.25
periop_infection,HCT,NORMA_q_age_set_co,2620,641,0.2446564885496183,0.7680385623126559,0.0,0.3806294419041186,0.8550884272341568,1.7396602186748993,72.0,sensitivity,0.25
periop_infection,HCT,NORMA_q_age_set_co,2620,993,0.3790076335877863,0.4699309024778231,0.0,0.7950295848398642,0.798214587122648,1.1912622740689038,72.0,soc_rate,0.25
periop_infection,HCT,StandardOfCare,2620,993,0.3790076335877863,0.0026469490029913,1.4240654205618817,3.480218879643929,4.2878040483335775,10.769717499857524,72.0,sensitivity,0.25
periop_infection,HCT,StandardOfCare,2620,993,0.3790076335877863,0.0026469490029913,1.4240654205618817,3.480218879643929,4.2878040483335775,10.769717499857524,72.0,soc_rate,0.25
periop_infection,HCT,Cohen_m2,2620,459,0.1751908396946564,0.8093332313265502,0.0,4.0138195041519005,1.4282711303966775,1.88565210867918,72.0,sensitivity,0.25
periop_infection,HCT,PopRI,921,204,0.2214983713355048,0.4183220554571319,,,,0.7907750797824306,168.0,sensitivity,0.25
periop_infection,HCT,PerRI,2620,987,0.3767175572519084,0.1487440196235966,0.0,2.532669835006204,2.324258898474429,1.2127341528216071,72.0,soc_rate,0.25
periop_infection,HCT,PopRI,2620,993,0.3790076335877863,0.6404865558283801,1.386545039907532,1.1630398912391875,0.9729193824106436,1.4204717072550113,72.0,soc_rate,0.25
periop_infection,HCT,Cohen_m3,4077,1107,0.271523178807947,0.6649203199007573,0.0,0.9658589633220136,0.9867475590565712,1.3288096808179626,24.0,sensitivity,0.25
periop_infection,HCT,Cohen_m3,4077,589,0.1444689722835418,0.0363127227966724,0.0,0.0,0.0,0.0,24.0,soc_rate,0.25
periop_infection,HCT,Cohen_m4,4077,509,0.1248467010056414,0.5469969082654669,0.0,0.0,2.6049671521449023,2.1337938770740683,24.0,sensitivity,0.25
periop_infection,HCT,Cohen_m4,4077,589,0.1444689722835418,0.9064496740678982,0.0,0.0,1.3371502284499026,2.6403377139874324,24.0,soc_rate,0.25
periop_infection,HCT,Gaussian_mle,4077,714,0.1751287711552612,0.0660094058528582,0.0,0.0,1.0551647104163997,1.518481755346432,24.0,sensitivity,0.25
periop_infection,HCT,Gaussian_mle,4077,554,0.1358842285994604,0.0493504681262442,0.0,0.0,1.3892808994829573,0.7653271428115866,24.0,soc_rate,0.25
periop_infection,HCT,Gaussian_trunc,4077,1061,0.2602403728231542,0.6090732684071485,0.0,0.647781558426032,0.9648057064799912,0.6727411696377672,24.0,sensitivity,0.25
periop_infection,HCT,Gaussian_trunc,4077,554,0.1358842285994604,0.5404807043795192,0.0,0.0,0.9865311468986748,0.917248235619548,24.0,soc_rate,0.25
periop_infection,HCT,Gaussian_eb,4077,882,0.2163355408388521,0.5261546285188674,0.0,0.0,0.753846336756019,0.460400357663872,24.0,sensitivity,0.25
periop_infection,HCT,Gaussian_eb,4077,554,0.1358842285994604,0.4794709102030153,0.0,0.0,1.4394711931034536,0.2593762836895609,24.0,soc_rate,0.25
periop_infection,HCT,NORMA_q_age_set,4077,1337,0.3279372087319107,0.8130694882404677,0.0,0.2894174312434175,1.2906261862677155,0.2621002288417811,24.0,sensitivity,0.25
periop_infection,HCT,NORMA_q_age_set,4077,589,0.1444689722835418,0.5801589921380661,0.0,0.8147586129339962,2.3492032258532767,0.3736560795454019,24.0,soc_rate,0.25
periop_infection,HCT,NORMA_334f7e21,4077,1047,0.2568064753495217,0.595728173028425,0.0,0.397540494865045,1.664471863497074,0.7825773878947767,24.0,sensitivity,0.25
periop_infection,HCT,NORMA_334f7e21,4077,589,0.1444689722835418,0.8902867246989821,0.0,0.0,1.820309649450874,0.2922850528660729,24.0,soc_rate,0.25
periop_infection,HCT,NORMA_q_age,4077,1177,0.2886926661761099,0.5061781823000027,1.0279921697536585,0.7192453393845368,1.775187551052001,0.6436909697632655,24.0,sensitivity,0.25
periop_infection,HCT,NORMA_q_age,4077,589,0.1444689722835418,0.9349615132126308,0.0,1.9265745420946976,2.7728137045225485,0.4053708102839153,24.0,soc_rate,0.25
periop_infection,HCT,NORMA_q_age_set_co,4077,958,0.2349766985528575,0.4906412955710725,0.0,1.0699600774304607,2.04969421672706,0.6916218389010055,24.0,sensitivity,0.25
periop_infection,HCT,NORMA_q_age_set_co,4077,589,0.1444689722835418,0.8905540982659919,0.0,0.8024725032293765,3.2171311044059148,0.9282203034597596,24.0,soc_rate,0.25
periop_infection,HCT,StandardOfCare,4077,589,0.1444689722835418,1.2549953413867686e-06,2.5242151787593943,4.0531582149051495,6.029966535920753,7.232825266602581,24.0,sensitivity,0.25
periop_infection,HCT,StandardOfCare,4077,589,0.1444689722835418,1.2549953413867686e-06,2.5242151787593943,4.0531582149051495,6.029966535920753,7.232825266602581,24.0,soc_rate,0.25
periop_infection,HCT,PopRI,2620,641,0.2446564885496183,0.8579213417706364,2.5926573426569504,0.6756807670026529,0.9722341710699632,0.9906860131941404,72.0,sensitivity,0.25
periop_infection,HCT,PerRI,2620,631,0.2408396946564885,0.2934971227684756,0.0,1.1533035912023073,1.036209037119333,0.527028579257868,72.0,sensitivity,0.25
periop_infection,HCT,Cohen_m2,4077,589,0.1444689722835418,0.3985789658073628,0.0,0.8221129631413578,1.354742514142628,1.2627468987090842,24.0,soc_rate,0.25
periop_infection,HCT,PopRI,921,380,0.4125950054288816,0.3490173761859061,,,,0.3259872159917975,168.0,soc_rate,0.25
periop_infection,HCT,PerRI,921,379,0.4115092290988056,0.0345418336887452,,,,0.7156666241641599,168.0,soc_rate,0.25
periop_infection,HGB,Cohen_m3,2668,545,0.2042728635682159,0.4508415516155165,1.155688967883591,4.465585200238737,1.3226398495382017,1.0267325765410211,0.0,sensitivity,0.25
periop_infection,HGB,Cohen_m4,2668,512,0.191904047976012,0.353095590226083,1.2489073677061555,4.744339566824052,2.1669417753738958,1.3542264101435757,0.0,sensitivity,0.25
periop_infection,HGB,Gaussian_mle,2668,1013,0.3796851574212893,0.3068195059481285,4.982518799620546,2.876996525039163,0.5194553221094318,0.3153445650845872,0.0,sensitivity,0.25
periop_infection,HGB,Gaussian_trunc,2668,771,0.2889805097451274,0.3963636927750009,0.7330259997401887,0.3860198943351587,0.8634939000176988,0.6935842569622805,0.0,sensitivity,0.25
periop_infection,HGB,Gaussian_eb,2668,1070,0.4010494752623688,0.3555965497818466,0.4455787043068589,0.753447160021125,0.4587502137565151,1.4325344504747697,0.0,sensitivity,0.25
periop_infection,HGB,NORMA_q_age_set,2668,944,0.3538230884557721,0.8687417414989678,0.0,0.0,1.345884879633838,2.371769367142733,0.0,sensitivity,0.25
periop_infection,HGB,NORMA_334f7e21,2668,904,0.3388305847076461,0.3977299667562972,0.0,0.0,0.8966996769762259,1.899504723580021,0.0,sensitivity,0.25
periop_infection,HGB,NORMA_q_age,2668,931,0.3489505247376311,0.7442270982673191,0.0,0.0,1.3504393588125,2.472457742380058,0.0,sensitivity,0.25
periop_infection,HGB,NORMA_q_age_set_co,2668,895,0.3354572713643178,0.6791446174340454,0.5916436859779017,0.309012488471895,1.1480603998582954,2.33497398140488,0.0,sensitivity,0.25
periop_infection,HGB,PopRI,2223,438,0.1970310391363023,0.3338311897461664,0.0,1.5501154197220648,5.467970382868429,2.1576218977437778,24.0,sensitivity,0.25
periop_infection,HGB,PopRI,2223,217,0.0976158344579397,0.9417188051535272,0.0,3.3154166786174395,3.865247384436238,0.8500104300428525,24.0,soc_rate,0.25
periop_infection,HGB,PerRI,2223,344,0.1547458389563652,0.1123097388246626,0.0,0.0,2.305962157849397,2.778218272837526,24.0,sensitivity,0.25
periop_infection,HGB,PerRI,2223,216,0.097165991902834,0.162024567849116,0.0,0.0,2.0847650995488816,7.517065771757562,24.0,soc_rate,0.25
periop_infection,HGB,Cohen_m2,2223,151,0.0679262258209626,0.0459320199671016,0.0,3.4851001299605024,3.885697983338955,3.391504699302078,24.0,sensitivity,0.25
periop_infection,HGB,Cohen_m2,2223,217,0.0976158344579397,0.0627168823667563,0.0,8.486143435760498,4.1294556168372685,2.519080859551723,24.0,soc_rate,0.25
periop_infection,HGB,Cohen_m3,2223,200,0.0899685110211426,0.3639671960615416,0.0,2.476818211606417,2.8759439004395726,2.6830683971407625,24.0,sensitivity,0.25
periop_infection,HGB,Cohen_m3,2223,217,0.0976158344579397,0.1552805505321896,,5.957548871668064,3.891129677469747,2.755526531864161,24.0,soc_rate,0.25
periop_infection,HGB,Cohen_m4,2223,228,0.1025641025641025,0.5036210544853035,0.0,2.2260225669960927,2.624090881412016,2.2397411867478967,24.0,sensitivity,0.25
periop_infection,HGB,Cohen_m4,2223,217,0.0976158344579397,0.3568580198367523,0.0,2.3278500133357856,2.712286085435581,2.2147820569222088,24.0,soc_rate,0.25
periop_infection,HGB,Gaussian_mle,2223,495,0.2226720647773279,0.6228802185983727,0.0,0.0,3.7398663265209664,2.343214020637192,24.0,sensitivity,0.25
periop_infection,HGB,Gaussian_mle,2223,204,0.0917678812415654,0.5780166334651637,0.0,0.0,2.3084536365002437,4.680972431745476,24.0,soc_rate,0.25
periop_infection,HGB,Cohen_m2,2668,344,0.128935532233883,0.043708936416175,1.9764962089138456,7.230913516391578,3.1133381970875225,1.9104367739527288,0.0,sensitivity,0.25
periop_infection,HCT,PerRI,921,80,0.0868621064060803,0.0075059841633505,,0.0,0.0,0.0,168.0,sensitivity,0.25
periop_infection,HGB,PerRI,2668,724,0.2713643178410794,0.5536486074659204,2.356450003477322,1.0157550901711796,0.2182828979418999,1.0043959903236397,0.0,sensitivity,0.25
periop_infection,HCT,StandardOfCare,921,380,0.4125950054288816,0.0601225401738688,,,,,168.0,soc_rate,0.25
periop_infection,HCT,Cohen_m2,921,192,0.2084690553745928,0.5886422837714128,,0.0,3.800000000000175,1.4920584072114982,168.0,sensitivity,0.25
periop_infection,HCT,Cohen_m2,921,380,0.4125950054288816,0.5751711771497883,,0.0,1.4185022026430176,0.6097612892741434,168.0,soc_rate,0.25
periop_infection,HCT,Cohen_m3,921,173,0.1878393051031487,0.812747057864208,,0.0,5.111111111110963,0.4928585666865955,168.0,sensitivity,0.25
periop_infection,HCT,Cohen_m3,921,380,0.4125950054288816,0.6379835417311636,,0.0,1.5560747663546846,0.7108139653840024,168.0,soc_rate,0.25
periop_infection,HCT,Cohen_m4,921,38,0.0412595005428881,0.2720345576669096,,0.0,0.0,4.585577870310812,168.0,sensitivity,0.25
periop_infection,HCT,Cohen_m4,921,380,0.4125950054288816,0.0765738903925286,,,1.2958333333333825,13.109463606867113,168.0,soc_rate,0.25
periop_infection,HCT,Gaussian_mle,921,99,0.1074918566775244,0.021609078883234,,,7.885245901639723,0.8058931850846377,168.0,sensitivity,0.25
periop_infection,HCT,Gaussian_mle,921,357,0.3876221498371335,0.0553968019801254,,,,0.3704919291215267,168.0,soc_rate,0.25
periop_infection,HCT,Gaussian_trunc,921,161,0.1748099891422367,0.9105424664027336,,0.0,0.0,1.7042558794893408,168.0,sensitivity,0.25
periop_infection,HCT,Gaussian_trunc,921,357,0.3876221498371335,0.5614065375785577,,0.0,0.0,2.239007318773254,168.0,soc_rate,0.25
periop_infection,HCT,Gaussian_eb,921,136,0.1476655808903366,0.1592096724955795,,,5.530120481928551,0.5635990887737523,168.0,sensitivity,0.25
periop_infection,HCT,Gaussian_eb,921,357,0.3876221498371335,0.0732458031416159,,,,0.376960036112798,168.0,soc_rate,0.25
periop_infection,HCT,NORMA_q_age_set,921,251,0.2725298588490771,0.8710780432624413,,0.0,0.0,0.0,168.0,sensitivity,0.25
periop_infection,HCT,NORMA_q_age_set,921,380,0.4125950054288816,0.716000789979413,,0.0,1.3809523809523674,0.1446198167509466,168.0,soc_rate,0.25
periop_infection,HCT,NORMA_334f7e21,921,107,0.1161780673181324,0.397173976301138,,0.0,0.0,0.0,168.0,sensitivity,0.25
periop_infection,HCT,NORMA_334f7e21,921,380,0.4125950054288816,0.7089044066273374,,0.0,1.3404255319146547,0.1348147722066739,168.0,soc_rate,0.25
periop_infection,HCT,NORMA_q_age,921,337,0.3659066232356134,0.6656082310821863,,0.0,0.0,0.0,168.0,sensitivity,0.25
periop_infection,HCT,NORMA_q_age,921,380,0.4125950054288816,0.8103667376739745,,0.0,0.0,0.0,168.0,soc_rate,0.25
periop_infection,HCT,NORMA_q_age_set_co,921,245,0.266015200868621,0.6220044454864906,,0.0,0.0,1.0682245118621407,168.0,sensitivity,0.25
periop_infection,HCT,NORMA_q_age_set_co,921,380,0.4125950054288816,0.6025490366858492,,0.0,1.3164556962023488,0.9593578894921924,168.0,soc_rate,0.25
periop_infection,HCT,StandardOfCare,921,380,0.4125950054288816,0.0601225401738688,,,,,168.0,sensitivity,0.25
periop_infection,HGB,PopRI,2668,1099,0.4119190404797601,0.968303398072238,0.4359201831432426,0.2321773582272102,1.845941753989958,0.9081856564986436,0.0,sensitivity,0.25
periop_infection,HGB,Gaussian_trunc,2223,504,0.2267206477732793,0.2935978999608212,0.0,0.0,0.7433347565413602,0.7650525368592739,24.0,sensitivity,0.25
periop_infection,HCT,Cohen_m2,4077,814,0.1996566102526367,0.6114145103961828,0.0,0.5686708440097634,1.9807478893395043,1.1834954488870058,24.0,sensitivity,0.25
periop_infection,HCT,PerRI,4077,944,0.2315428010792249,0.2328173441598469,0.0,0.0,1.144909334059376,1.6415755374760683,24.0,sensitivity,0.25
periop_infection,GLU,NORMA_q_age,6937,2596,0.374225169381577,0.0086263806419701,1.7064510335390022,1.325945060016004,0.7578734348269506,0.7311594401340209,24.0,soc_rate,0.25
periop_infection,GLU,NORMA_q_age_set_co,6937,1852,0.2669741963384748,0.6453729381847477,1.311684014816228,1.6011838311307205,1.003504380428051,1.0916746039940166,24.0,sensitivity,0.25
periop_infection,GLU,NORMA_q_age_set_co,6937,2596,0.374225169381577,0.8853243873881217,0.7975795538336302,0.9794941072823592,0.7006294319355247,1.1963581856593002,24.0,soc_rate,0.25
periop_infection,GLU,StandardOfCare,6937,2596,0.374225169381577,0.0013455225661033,,5.516108447163033,3.029537057656534,1.9147825736307176,24.0,sensitivity,0.25
periop_infection,GLU,StandardOfCare,6937,2596,0.374225169381577,0.0013455225661033,,5.516108447163033,3.029537057656534,1.9147825736307176,24.0,soc_rate,0.25
periop_infection,GLU,PopRI,4641,1136,0.2447748330101271,0.72768292694579,0.8110458914769746,0.7101179990572066,1.15734865762449,1.5968593054432765,72.0,sensitivity,0.25
periop_infection,GLU,PopRI,4641,1978,0.4262012497306615,0.2973972031880206,2.0064334141306266,0.6983873089134524,1.0701529154712817,1.186182587790752,72.0,soc_rate,0.25
periop_infection,GLU,PerRI,4641,1368,0.2947640594699418,0.1614041668978904,1.7906483327961298,1.4125731634253769,1.0047042344952863,1.7381154115729691,72.0,sensitivity,0.25
periop_infection,GLU,PerRI,4641,1975,0.4255548373195432,0.0736311794787258,1.009794524336698,2.908661430589511,1.521642078977178,1.8735401883009304,72.0,soc_rate,0.25
periop_infection,GLU,Cohen_m2,4641,1140,0.2456367162249515,0.4522492106707737,1.955855952872528,1.6192750175187918,1.6164603636153454,0.9673831100102708,72.0,sensitivity,0.25
periop_infection,GLU,Cohen_m2,4641,1978,0.4262012497306615,0.1098540916128559,1.996474056704984,0.9938666554931632,1.179960082615528,0.8621734100066822,72.0,soc_rate,0.25
periop_infection,GLU,Cohen_m3,4641,743,0.1600948071536306,0.2729448173010997,3.280227847435382,1.6998325092145314,1.235286312159371,0.9907050630240396,72.0,sensitivity,0.25
periop_infection,GLU,Cohen_m3,4641,1978,0.4262012497306615,0.1764427555350367,2.0517483024045164,3.743232188565743,1.6787651349424302,0.7407210902225856,72.0,soc_rate,0.25
periop_infection,GLU,Cohen_m4,4641,799,0.1721611721611721,0.2492922799765559,2.9900175851141912,2.371026703348937,1.9474439962978816,1.033441103989014,72.0,sensitivity,0.25
periop_infection,GLU,Cohen_m4,4641,1978,0.4262012497306615,0.9181512689273988,2.0150724527836985,3.445527049527001,1.017550504754021,0.8110113830258769,72.0,soc_rate,0.25
periop_infection,GLU,Gaussian_mle,4641,1076,0.2318465847877612,0.6368742120511024,2.0989282262975144,0.5906545930527505,1.1587144953405124,0.923466697406112,72.0,sensitivity,0.25
periop_infection,GLU,Gaussian_mle,4641,1847,0.3979745744451626,0.0676845541560512,0.9569541084998224,0.5213049033003758,1.0993452799096008,0.9600282052156456,72.0,soc_rate,0.25
periop_infection,GLU,Gaussian_trunc,4641,1068,0.2301228183581124,0.7425081092073488,2.124010192369399,1.130165251748459,1.3977768412169196,1.0230422259958842,72.0,sensitivity,0.25
periop_infection,GLU,Gaussian_trunc,4641,1847,0.3979745744451626,0.6307371019921015,0.9674950454196056,0.5160764583482984,0.9661317329248368,0.9445554296305284,72.0,soc_rate,0.25
periop_infection,GLU,Gaussian_eb,4641,1103,0.2376642964878259,0.9854852948668562,2.026628170291789,0.5715093266580592,1.4012942341274863,1.103418420188502,72.0,sensitivity,0.25
periop_infection,GLU,Gaussian_eb,4641,1847,0.3979745744451626,0.2520786902963778,2.234790022089695,0.4595427100178871,1.3297860805132269,0.9410517956036708,72.0,soc_rate,0.25
periop_infection,GLU,NORMA_q_age,6937,1722,0.248234106962664,0.0215358499955717,1.5965882845366046,1.8469975594904624,0.590930084374049,0.6593955072403433,24.0,sensitivity,0.25
periop_infection,GLU,NORMA_q_age_set,4641,1276,0.2749407455289808,0.3634020136222833,1.8352052194438444,0.9441787686979388,1.0394942003087302,0.9248917480364132,72.0,sensitivity,0.25
periop_infection,GLU,NORMA_334f7e21,6937,2596,0.374225169381577,0.2103336092510766,1.6568265296794598,1.7982993568811378,0.7934926027616532,1.0290222396785764,24.0,soc_rate,0.25
periop_infection,GLU,NORMA_q_age_set,6937,2596,0.374225169381577,0.2805339989288544,0.9034021836447734,1.0695902410689415,0.6911943852752152,1.055640879956694,24.0,soc_rate,0.25
periop_infection,GLU,NORMA_q_age_set,7799,1957,0.2509296063597897,0.6789168847780997,1.2018829615860445,1.0037715118060182,1.1097078755328864,1.1976810876694233,0.0,sensitivity,0.25
periop_infection,GLU,NORMA_334f7e21,7799,2047,0.262469547377869,0.2074768367769372,1.133061519160944,1.2723870845757388,1.0121479098821258,0.958167013397534,0.0,sensitivity,0.25
periop_infection,GLU,NORMA_q_age,7799,2023,0.2593922297730478,0.0306634934891206,1.1415286731129524,0.9323276304837956,0.7807349282887532,0.7350009976528046,0.0,sensitivity,0.25
periop_infection,GLU,NORMA_q_age_set_co,7799,2036,0.2610591101423259,0.8669675349969554,0.0,0.4325479654583006,0.6657658997469885,1.9064359200241672,0.0,sensitivity,0.25
periop_infection,GLU,PopRI,6937,1735,0.250108115900245,0.5261092801695455,3.1438436991217413,1.700061269459782,1.2189296060168484,0.909817040616738,24.0,sensitivity,0.25
periop_infection,GLU,PopRI,6937,2596,0.374225169381577,0.960437731491158,1.7297975705319786,1.3156788554654677,1.1403141962850152,1.5127160927974377,24.0,soc_rate,0.25
periop_infection,GLU,PerRI,6937,1968,0.2836961222430445,0.0650199505598162,2.669837634848596,2.0220521480570017,0.8916161238495718,1.258561188154296,24.0,sensitivity,0.25
periop_infection,GLU,PerRI,6937,2594,0.3739368603142569,0.2703034393841996,1.7866796888050789,1.374984041629297,1.41815948223335,1.6318424282616355,24.0,soc_rate,0.25
periop_infection,GLU,Cohen_m2,6937,1534,0.2211330546345682,0.2517861838043428,3.286887019903163,3.192069723333926,1.4956766943683677,1.029464967273878,24.0,sensitivity,0.25
periop_infection,GLU,Cohen_m2,6937,2596,0.374225169381577,0.9657059284888218,7.749033088253679,3.83670331556578,1.1147071608090902,0.8984266253964568,24.0,soc_rate,0.25
periop_infection,GLU,Cohen_m3,6937,943,0.1359377252414588,0.1570740215959811,2.8613922228559563,4.043329556196298,2.6704921706062312,0.9383238094698088,24.0,sensitivity,0.25
periop_infection,GLU,Cohen_m3,6937,2596,0.374225169381577,0.5427042559134225,1.5608609722712328,2.029568128010415,1.7730360211202114,0.9423727868179947,24.0,soc_rate,0.25
periop_infection,GLU,Cohen_m4,6937,1024,0.1476142424679256,0.2708391796241988,0.0,2.015049692571964,2.20759385348183,1.1048501813424143,24.0,sensitivity,0.25
periop_infection,GLU,Cohen_m4,6937,2596,0.374225169381577,0.6153159447499221,1.4129613934166847,1.844024073305342,1.1508485809833915,0.7821720956747142,24.0,soc_rate,0.25
periop_infection,GLU,Gaussian_mle,6937,1561,0.2250252270433905,0.824341473896197,1.8346987396097847,2.0485451077382604,1.6039808421680617,1.1008646566090492,24.0,sensitivity,0.25
periop_infection,GLU,Gaussian_mle,6937,2411,0.3475565806544616,0.8083968423239898,3.688647963028807,1.7516555033598284,1.278359314965181,1.398840804076306,24.0,soc_rate,0.25
periop_infection,GLU,Gaussian_trunc,6937,1468,0.2116188554130027,0.5286779520056424,0.7780121742104343,1.6535729989377066,1.4699320528004376,1.2882369243084275,24.0,sensitivity,0.25
periop_infection,GLU,Gaussian_trunc,6937,2411,0.3475565806544616,0.9329425580969656,2.0255721601372274,1.452698278780004,0.9040950017564684,1.4014354403861815,24.0,soc_rate,0.25
periop_infection,GLU,Gaussian_eb,6937,1648,0.2375666714718178,0.9302872017713716,1.7080976211475964,1.913495833196035,1.5199740522883596,1.3450507759450367,24.0,sensitivity,0.25
periop_infection,GLU,Gaussian_eb,6937,2411,0.3475565806544616,0.9411178183790438,3.7027457559423462,1.7647896426851073,1.0111226681434229,1.406184929731179,24.0,soc_rate,0.25
periop_infection,GLU,NORMA_q_age_set,6937,1724,0.2485224160299841,0.7397565247588047,1.6350049242466902,1.9198013442986692,1.0550457719392463,1.1360305294616762,24.0,sensitivity,0.25
periop_infection,GLU,NORMA_334f7e21,6937,1801,0.2596223151218105,0.1087514765795088,1.5379908484724985,2.490402874243078,0.7548471773927272,1.0331324889721358,24.0,sensitivity,0.25
periop_infection,HCT,PerRI,4077,585,0.1434878587196468,0.7532097905057002,0.0,0.0,0.0,1.9701798516767195,24.0,soc_rate,0.25
periop_infection,GLU,NORMA_q_age_set,4641,1978,0.4262012497306615,0.4882278138988523,0.9367731620547364,0.8135863583814148,1.060387296301745,1.4813048685655783,72.0,soc_rate,0.25
periop_infection,GLU,NORMA_334f7e21,4641,1978,0.4262012497306615,0.0646582077285416,1.979888251154904,0.6810134866864558,0.4515507191939773,1.3317243743229896,72.0,soc_rate,0.25
periop_infection,GLU,NORMA_334f7e21,2091,982,0.4696317551410808,0.0261017958752609,0.0,0.180400973020006,1.3960498500857863,1.1213330713227354,168.0,soc_rate,0.25
periop_infection,GLU,NORMA_q_age,2091,649,0.3103778096604495,0.0438936336763466,0.0,0.9127208796588898,0.8766767642803588,0.7704802688119483,168.0,sensitivity,0.25
periop_infection,GLU,NORMA_q_age,2091,982,0.4696317551410808,0.0184878615879855,0.5806385896180675,0.8383790051261951,1.8459929126388332,1.3692035428340006,168.0,soc_rate,0.25
periop_infection,GLU,NORMA_q_age_set_co,2091,550,0.2630320420851267,0.7858064432575759,5.314465408804466,3.5326415033955336,1.8502176293896413,1.8197658341974825,168.0,sensitivity,0.25
periop_infection,GLU,NORMA_q_age_set_co,2091,982,0.4696317551410808,0.1588467152501344,2.107197951100883,1.3747946025755464,1.226117514157608,1.3742961401011855,168.0,soc_rate,0.25
periop_infection,GLU,StandardOfCare,2091,982,0.4696317551410808,0.1250541777836994,0.5812098001672656,1.5276119520339555,1.147891299760986,1.881897324165925,168.0,sensitivity,0.25
periop_infection,GLU,StandardOfCare,2091,982,0.4696317551410808,0.1250541777836994,0.5812098001672656,1.5276119520339555,1.147891299760986,1.881897324165925,168.0,soc_rate,0.25
periop_infection,HCT,PopRI,4660,1042,0.2236051502145922,0.368510913961709,0.0,0.0,0.9334333192235108,2.26065941229554,0.0,sensitivity,0.25
periop_infection,HCT,PerRI,4660,1058,0.227038626609442,0.2424494306801332,0.0,0.0,1.5536378966926936,1.7278748394903185,0.0,sensitivity,0.25
periop_infection,HCT,Cohen_m2,4660,1063,0.2281115879828326,0.221405672378794,0.0,0.7142168833390908,1.6073333933337814,0.9549930659626408,0.0,sensitivity,0.25
periop_infection,HCT,Cohen_m3,4660,1290,0.2768240343347639,0.4505059653438003,0.0,1.5711937649982453,0.9339724095779812,1.2490422591676953,0.0,sensitivity,0.25
periop_infection,HCT,Cohen_m4,4660,642,0.1377682403433476,0.3447896122132506,,0.98237594090074,3.092393857202518,2.024993916717898,0.0,sensitivity,0.25
periop_infection,HCT,Gaussian_mle,4660,783,0.1680257510729613,0.0420342279962898,0.0,0.0,0.9671082638258752,1.638867645455092,0.0,sensitivity,0.25
periop_infection,HCT,Gaussian_trunc,4660,1212,0.2600858369098712,0.4554895771477637,0.0,0.0,1.2366864345170252,0.6921053202089765,0.0,sensitivity,0.25
periop_infection,HCT,Gaussian_eb,4660,958,0.2055793991416309,0.3188741582060651,0.0,0.0,0.7500193180881545,0.5696709594358043,0.0,sensitivity,0.25
periop_infection,HCT,NORMA_q_age_set,4660,1429,0.3066523605150215,0.7934069213278836,0.0,0.4857240994240457,1.016782232872792,0.299940633216366,0.0,sensitivity,0.25
periop_infection,HCT,NORMA_334f7e21,4660,1437,0.3083690987124463,0.7778134236332376,0.0,0.4750544713572592,1.1764561846676926,0.6420981608363732,0.0,sensitivity,0.25
periop_infection,HCT,NORMA_q_age,4660,1368,0.2935622317596567,0.9699244091833816,0.0,1.1408142116919455,1.2707455151569582,0.6533001849157933,0.0,sensitivity,0.25
periop_infection,HCT,NORMA_q_age_set_co,4660,1080,0.2317596566523605,0.8879965059337274,0.0,1.8067628897440056,1.9188222205464995,0.7567734914228843,0.0,sensitivity,0.25
periop_infection,HCT,PopRI,4077,1505,0.3691439784155016,0.3847292011918505,0.0,0.2592554873784348,0.7358008515944362,0.8004735104910914,24.0,sensitivity,0.25
periop_infection,HCT,PopRI,4077,589,0.1444689722835418,0.2003643430962211,0.0,0.0,0.6387872133738033,1.2763966304715473,24.0,soc_rate,0.25
periop_infection,GLU,NORMA_334f7e21,2091,703,0.3362027737924438,0.1187984212953516,0.0,0.8158266958891851,0.8585714936146048,1.2314223240554885,168.0,sensitivity,0.25
periop_infection,GLU,NORMA_334f7e21,4641,1162,0.2503770739064856,0.3284491732654197,4.441132019221977,1.5309093616507734,0.8466331462477154,1.228579490011563,72.0,sensitivity,0.25
periop_infection,GLU,NORMA_q_age_set,2091,982,0.4696317551410808,0.0664675748993571,0.586127799935861,0.8508468410930083,1.5421769310918685,1.300154655324143,168.0,soc_rate,0.25
periop_infection,GLU,Gaussian_eb,2091,919,0.4395026303204208,0.4101236585597209,2.3844632260395096,3.0955778965667973,1.6851905565985117,0.8295036486628395,168.0,soc_rate,0.25
periop_infection,GLU,NORMA_q_age,4641,1201,0.2587804352510235,0.024761887073396,4.217212423211641,1.4333872097185576,0.990154994073338,0.9653359878279296,72.0,sensitivity,0.25
periop_infection,GLU,NORMA_q_age,4641,1978,0.4262012497306615,0.0044519820036811,0.9354049207924258,0.4818250194037858,0.5572311027636663,1.0464725213208912,72.0,soc_rate,0.25
periop_infection,GLU,NORMA_q_age_set_co,4641,1057,0.2277526395173454,0.9591863555743873,5.039367455629356,2.800158329870029,1.9310075312276225,1.965244313411264,72.0,sensitivity,0.25
periop_infection,GLU,NORMA_q_age_set_co,4641,1978,0.4262012497306615,0.6779208806711918,1.9713369116509103,1.0804594179352962,1.0881585693183369,1.552104570097316,72.0,soc_rate,0.25
periop_infection,GLU,StandardOfCare,4641,1978,0.4262012497306615,0.0033044975132176,1.016257198080017,2.795282443301178,2.739297994274156,1.8298793791234167,72.0,sensitivity,0.25
periop_infection,GLU,StandardOfCare,4641,1978,0.4262012497306615,0.0033044975132176,1.016257198080017,2.795282443301178,2.739297994274156,1.8298793791234167,72.0,soc_rate,0.25
periop_infection,GLU,PopRI,2091,557,0.2663797226207556,0.4396872924729654,1.2052817953969932,1.9941823720450624,1.3600795125991618,1.534079576588629,168.0,sensitivity,0.25
periop_infection,GLU,PopRI,2091,982,0.4696317551410808,0.5098878466488712,0.4950870874338653,1.510277812619579,3.078391489744885,1.782204971434692,168.0,soc_rate,0.25
periop_infection,GLU,PerRI,2091,627,0.2998565279770445,0.9229707370006096,0.0,0.4405593605524805,0.5408704012751886,2.755781366164665,168.0,sensitivity,0.25
periop_infection,GLU,PerRI,2091,980,0.468675274988044,0.7445503214743671,0.5023006581630811,0.8609446712339254,0.7894737746212087,1.80824609577987,168.0,soc_rate,0.25
periop_infection,GLU,Cohen_m2,2091,592,0.2831181252989,0.5014511805320919,1.1217641909701157,0.9926262983140752,1.0772756324958987,1.5753433313206329,168.0,sensitivity,0.25
periop_infection,GLU,Cohen_m2,2091,982,0.4696317551410808,0.3757773275539489,0.4981864293231693,1.5357718295918157,1.3274008513935829,1.1218010985427145,168.0,soc_rate,0.25
periop_infection,GLU,Cohen_m3,2091,478,0.228598756575801,0.7906447582619907,1.498367408638853,0.464435476331972,1.0401957656305487,1.4299755689635112,168.0,sensitivity,0.25
periop_infection,GLU,Cohen_m3,2091,982,0.4696317551410808,0.5215684237944197,2.1448763250887635,0.7858733196135723,0.7006702198629099,0.7403797575199894,168.0,soc_rate,0.25
periop_infection,GLU,Cohen_m4,2091,530,0.2534672405547585,0.5154910930809764,1.3060002109038098,0.4052725643595336,0.587404578047156,0.9477732485697056,168.0,sensitivity,0.25
periop_infection,GLU,Cohen_m4,2091,982,0.4696317551410808,0.8740248240877411,0.4907245475623796,0.151872042056655,0.63391855070338,1.3046202994527822,168.0,soc_rate,0.25
periop_infection,GLU,Gaussian_mle,2091,551,0.2635102821616451,0.5235254577999682,1.4831197418682842,4.016219195172493,1.8172283648895515,1.2277430335705928,168.0,sensitivity,0.25
periop_infection,GLU,Gaussian_mle,2091,919,0.4395026303204208,0.4197855547317192,2.3739728037574794,3.061365654862796,2.188092902577544,0.9400997927767611,168.0,soc_rate,0.25
periop_infection,GLU,Gaussian_trunc,2091,613,0.2931611669057867,0.5985813011038619,1.2988960692956406,2.0080688270410967,1.8594025071234677,1.1424571505731098,168.0,sensitivity,0.25
periop_infection,GLU,Gaussian_trunc,2091,919,0.4395026303204208,0.5286120213124719,2.411652761289904,1.709358226571403,1.4799085591434338,1.1112738154521922,168.0,soc_rate,0.25
periop_infection,GLU,Gaussian_eb,2091,591,0.2826398852223816,0.3744558029880644,4.778488352825505,6.233041960978729,1.9134271029297376,1.1558091993864903,168.0,sensitivity,0.25
periop_infection,GLU,NORMA_q_age_set,2091,713,0.3409851745576279,0.3303873412638207,0.0,0.8037221473649179,0.9151284071271448,1.3791401539417143,168.0,sensitivity,0.25
periop_infection,HGB,Gaussian_trunc,2223,204,0.0917678812415654,0.4401569060308959,0.0,0.0,1.28159137901264,0.3170452171043328,24.0,soc_rate,0.25
periop_infection,HGB,Gaussian_eb,2223,879,0.3954116059379217,0.3309531678960049,,1.1512906990634837,0.8096775030170599,1.8452540916229483,24.0,sensitivity,0.25
periop_infection,HGB,Gaussian_eb,2223,204,0.0917678812415654,0.2609418074755908,0.0,0.0,0.0,0.0,24.0,soc_rate,0.25
periop_infection,K,PerRI,6303,525,0.0832936696811042,0.1439197230530254,0.0,0.0,0.0,0.972487958501882,168.0,soc_rate,0.25
periop_infection,K,Cohen_m2,6303,1758,0.2789148024750119,0.5728818554322063,0.924205951395185,0.6963817694622744,1.397206186799919,1.001652592633419,168.0,sensitivity,0.25
periop_infection,K,Cohen_m2,6303,525,0.0832936696811042,0.453844194417947,0.0,0.0,0.6611120537738037,1.2867970392958847,168.0,soc_rate,0.25
periop_infection,K,Cohen_m3,6303,1382,0.2192606695224496,0.946622163823332,2.1827062427809234,0.8327460932797888,1.1738231398190797,1.0786112822491505,168.0,sensitivity,0.25
periop_infection,K,Cohen_m3,6303,525,0.0832936696811042,0.221945071419966,1.7962277311308403,0.572184901394136,1.3405200572458311,1.3497983312114044,168.0,soc_rate,0.25
periop_infection,K,Cohen_m4,6303,1463,0.2321116928446771,0.6174079876145322,2.040525691313062,0.7814562942640628,0.8468131169788686,0.7746570440923668,168.0,sensitivity,0.25
periop_infection,K,Cohen_m4,6303,525,0.0832936696811042,0.137633123976014,0.0,0.0,1.0848134967397944,1.361714458737105,168.0,soc_rate,0.25
periop_infection,K,Gaussian_mle,6303,1481,0.2349674758051721,0.5631724020682568,0.4635565487774956,1.8947425735661283,1.418796716956195,0.8087611514471675,168.0,sensitivity,0.25
periop_infection,K,Gaussian_mle,6303,523,0.0829763604632714,0.1436713617567179,0.0,1.7896928398202456,2.851826355426424,1.0889750586296425,168.0,soc_rate,0.25
periop_infection,K,Gaussian_trunc,6303,1940,0.3077899412977947,0.9324334025181008,0.3125452501091613,1.3038588230598174,0.8329157943912288,0.6698675150835377,168.0,sensitivity,0.25
periop_infection,K,Gaussian_trunc,6303,523,0.0829763604632714,0.1896751476797573,1.5166653285753242,0.4932175117909752,0.1606427076084166,0.1705276389268672,168.0,soc_rate,0.25
periop_infection,K,Gaussian_eb,6303,1625,0.2578137394891321,0.9377161081686404,1.7957539632868629,0.7125752557780274,0.8688610601781783,1.2786597787696945,168.0,sensitivity,0.25
periop_infection,K,Gaussian_eb,6303,523,0.0829763604632714,0.3418672714040143,1.5282902788584911,0.4983396681180004,0.575574892623607,1.7352495456310324,168.0,soc_rate,0.25
periop_infection,K,NORMA_q_age_set,6303,1442,0.2287799460574329,0.1646114150204762,1.099021675739246,0.895061627011868,1.6690143491725953,1.378911711609683,168.0,sensitivity,0.25
periop_infection,K,NORMA_q_age_set,6303,525,0.0832936696811042,0.7720719396849474,0.0,0.7527066031553606,1.0460620201524196,1.6812650983228514,168.0,soc_rate,0.25
periop_infection,K,NORMA_334f7e21,6303,1465,0.2324290020625099,0.893561752428699,0.0,0.4465282952735978,1.346354133422546,1.1055516524603293,168.0,sensitivity,0.25
periop_infection,K,NORMA_334f7e21,6303,525,0.0832936696811042,0.4154536941209624,0.0,0.7207892454403676,1.9729735511769988,1.613571912035131,168.0,soc_rate,0.25
periop_infection,K,NORMA_q_age,6303,1370,0.2173568142154529,0.0753397733025483,0.5868597549964495,0.7474068603577876,1.6381770031019398,0.9969833111991084,168.0,sensitivity,0.25
periop_infection,K,NORMA_q_age,6303,525,0.0832936696811042,0.6176677993897157,0.0,0.0,0.7338433753520455,1.54452461767181,168.0,soc_rate,0.25
periop_infection,K,NORMA_q_age_set_co,6303,1349,0.2140250674282088,0.6063930664989914,0.6025799662803385,0.4608032631680741,1.537199462812601,0.9355278775779622,168.0,sensitivity,0.25
periop_infection,K,NORMA_q_age_set_co,6303,525,0.0832936696811042,0.4207309521642395,0.0,0.7212402995361509,1.0345194795630088,1.0387963179378452,168.0,soc_rate,0.25
periop_infection,K,PerRI,6303,2084,0.3306362049817547,0.0903879761338296,0.2824870463779194,0.7051752751742631,0.5635141078582552,0.8693900944567434,168.0,sensitivity,0.25
periop_infection,K,StandardOfCare,6303,525,0.0832936696811042,0.4674473336592997,1.6947784799730168,1.3809788501839353,0.68732916054936,0.6272045920572379,168.0,sensitivity,0.25
periop_infection,K,PopRI,6303,525,0.0832936696811042,0.6572348581842336,0.0,0.0,0.7064696155152123,1.277980981666098,168.0,soc_rate,0.25
periop_infection,K,StandardOfCare,17021,1215,0.0713824099641619,0.712563783352457,3.992167131090276,4.294058652286532,2.706662025406819,0.7335083736434853,72.0,soc_rate,0.25
periop_infection,K,Cohen_m2,17021,4535,0.2664355795781681,0.3083978872052884,0.4574229635626985,0.6054063061312387,0.7616671081147338,0.5412269027063392,72.0,sensitivity,0.25
periop_infection,K,Cohen_m2,17021,1215,0.0713824099641619,0.1809324428801598,0.0,0.0,0.0,0.5956431581345424,72.0,soc_rate,0.25
periop_infection,K,Cohen_m3,17021,3598,0.2113859350214441,0.9121587768054208,0.2913712529870205,1.0500013789973075,0.8046152985981162,0.7928844670393038,72.0,sensitivity,0.25
periop_infection,K,Cohen_m3,17021,1215,0.0713824099641619,0.4865513401155092,1.0099297741312974,2.248039261984581,1.197415660945085,0.3259141341501941,72.0,soc_rate,0.25
periop_infection,K,Cohen_m4,17021,4017,0.2360025850420069,0.6049283028417441,0.2532672382134157,1.1548811566835142,0.7711417711196993,0.5602890687825012,72.0,sensitivity,0.25
periop_infection,K,Cohen_m4,17021,1215,0.0713824099641619,0.0504724591395231,1.0131230538582263,1.262989165601346,0.5710138622288476,0.2874774935017707,72.0,soc_rate,0.25
periop_infection,K,Gaussian_mle,17021,3955,0.23236002585042,0.0368810157072228,0.2545234057801086,0.5263991210020876,0.9352145884466956,1.8983901578902045,72.0,sensitivity,0.25
periop_infection,K,Gaussian_mle,17021,1207,0.0709124023265378,0.7120193225103919,0.0,0.0,1.1367556538969323,1.417939567865694,72.0,soc_rate,0.25
periop_infection,K,Gaussian_trunc,17021,4367,0.2565654191880618,0.6382852644235659,1.2973905655389313,0.9084130067948746,0.8635797469835431,1.1516181077012078,72.0,sensitivity,0.25
periop_infection,K,Gaussian_trunc,17021,1207,0.0709124023265378,0.3835089065394372,2.3516034757970568,0.7329242370885677,1.173924375450391,0.9721375711141234,72.0,soc_rate,0.25
periop_infection,K,Gaussian_eb,17021,4626,0.2717819164561424,0.6599908711866987,0.2137018581993115,0.697542498052592,0.7904437008314802,0.8044090685471982,72.0,sensitivity,0.25
periop_infection,K,Gaussian_eb,17021,1207,0.0709124023265378,0.5284674678271627,0.0,0.4689837038721727,1.157048981838272,1.9883688824783008,72.0,soc_rate,0.25
periop_infection,K,NORMA_q_age_set,17021,4214,0.2475765231185006,0.4979987358418246,0.0,1.0295583168081577,0.6503456222339838,1.1309075054369202,72.0,sensitivity,0.25
periop_infection,K,NORMA_q_age_set,17021,1215,0.0713824099641619,0.7290912789799431,0.0,0.4522587646324968,0.4911835518640599,0.705385813125423,72.0,soc_rate,0.25
periop_infection,K,NORMA_334f7e21,17021,3797,0.2230773750073438,0.2892977437370038,0.3177543500216879,1.823125142145552,0.6913619850213653,0.8570949094270972,72.0,sensitivity,0.25
periop_infection,K,NORMA_334f7e21,17021,1215,0.0713824099641619,0.9713434906017152,0.0,1.4892787327192258,0.7298500959274569,0.4604438637768056,72.0,soc_rate,0.25
periop_infection,K,NORMA_q_age,17021,3611,0.2121496974325832,0.1624132152632363,0.3399694223134398,1.957143181536656,0.6175392829462502,0.9738997778404532,72.0,sensitivity,0.25
periop_infection,K,NORMA_q_age,17021,1215,0.0713824099641619,0.8100317679520306,0.0,0.4482551892516861,0.1136872037508497,0.3140777941446613,72.0,soc_rate,0.25
periop_infection,K,NORMA_q_age_set_co,17021,3925,0.2305974972093296,0.4554380245205408,0.6143201620241165,1.9670797078924145,0.6947838364536852,0.8781604657102022,72.0,sensitivity,0.25
periop_infection,K,NORMA_q_age_set_co,17021,1215,0.0713824099641619,0.2129730060124901,0.0,0.4545741858884096,0.4630444255689397,0.5988626288233427,72.0,soc_rate,0.25
periop_infection,K,StandardOfCare,17021,1215,0.0713824099641619,0.712563783352457,3.992167131090276,4.294058652286532,2.706662025406819,0.7335083736434853,72.0,sensitivity,0.25
periop_infection,K,PopRI,6303,1509,0.239409804854831,0.6449262749851761,1.1267254431988585,0.3231179003578566,0.5636719683287786,1.0563346821448814,168.0,sensitivity,0.25
periop_infection,K,PerRI,17021,1215,0.0713824099641619,0.2876103719393333,0.0,0.4926599092679593,0.1263562402012316,1.745925186524694,72.0,soc_rate,0.25
periop_infection,K,StandardOfCare,6303,525,0.0832936696811042,0.4674473336592997,1.6947784799730168,1.3809788501839353,0.68732916054936,0.6272045920572379,168.0,soc_rate,0.25
periop_infection,NA,PerRI,21562,6017,0.2790557462202022,0.0864199806702583,0.7049900470053304,0.9865541310081732,0.8206463828722906,1.602562849720207,0.0,sensitivity,0.25
periop_infection,NA,Gaussian_eb,20372,930,0.0456508933830748,0.3257191293885456,0.0,0.5862947699574269,1.6166362252086657,1.92630741893582,24.0,soc_rate,0.25
periop_infection,NA,NORMA_q_age_set,20372,4509,0.2213332024347143,0.3817144133063135,1.985216734363348,1.0141022449314383,1.381212862296382,1.5523081697798509,24.0,sensitivity,0.25
periop_infection,NA,NORMA_q_age_set,20372,946,0.0464362850971922,0.2401202620450194,2.839287249336811,0.5057747450518797,0.5852696279843449,2.3526673768592232,24.0,soc_rate,0.25
periop_infection,NA,NORMA_334f7e21,20372,3789,0.1859905752994305,0.9917999711890404,2.4675485543219,1.1864862040902635,1.589461815237003,1.6199263297071262,24.0,sensitivity,0.25
periop_infection,NA,NORMA_334f7e21,20372,946,0.0464362850971922,0.1900657287067212,0.0,0.0,1.1476297788823626,1.795803475160967,24.0,soc_rate,0.25
periop_infection,NA,NORMA_q_age,20372,4084,0.2004712350284704,0.8298503146686336,2.249972475213065,1.0978407372113694,1.5360767492169112,1.6312931000299236,24.0,sensitivity,0.25
periop_infection,NA,NORMA_q_age,20372,946,0.0464362850971922,0.9588703751688786,0.0,0.0,1.2044296335551166,1.1316454845224508,24.0,soc_rate,0.25
periop_infection,NA,NORMA_q_age_set_co,20372,3609,0.1771549185156096,0.2591324809397796,1.4625522938351496,1.0774426550879148,1.716345363358187,1.5797670066831386,24.0,sensitivity,0.25
periop_infection,NA,NORMA_q_age_set_co,20372,946,0.0464362850971922,0.5599655568740167,0.0,0.0,0.386883450908699,1.802764493142933,24.0,soc_rate,0.25
periop_infection,NA,StandardOfCare,20372,946,0.0464362850971922,0.075649798471115,0.0,1.8226136689385832,3.0433404963958823,0.9586228857190424,24.0,sensitivity,0.25
periop_infection,NA,StandardOfCare,20372,946,0.0464362850971922,0.075649798471115,0.0,1.8226136689385832,3.0433404963958823,0.9586228857190424,24.0,soc_rate,0.25
periop_infection,NA,PopRI,15673,3331,0.2125311044471383,0.6645980681174977,3.8316025150904425,2.2804172695691194,1.1791491756790171,1.584158820002237,72.0,sensitivity,0.25
periop_infection,NA,PopRI,15673,1618,0.1032348625023926,0.5010528846378327,2.119663358098061,1.51969127305694,1.1040168195712703,1.2031463621928409,72.0,soc_rate,0.25
periop_infection,NA,PerRI,15673,3815,0.2434122376060741,0.1815366169459636,0.8703211445027783,0.7103593742512497,0.8989221909988576,1.8583377536878296,72.0,sensitivity,0.25
periop_infection,NA,PerRI,15673,1617,0.1031710585082626,0.3536462668435829,1.0850508139136557,0.8820539021231043,1.986063650351127,2.451133723589739,72.0,soc_rate,0.25
periop_infection,NA,Cohen_m2,15673,4172,0.2661902635104957,0.4844323705443994,1.1361056850678466,0.8841299857225126,0.7491186720970575,1.1284366882517751,72.0,sensitivity,0.25
periop_infection,NA,Cohen_m2,15673,1618,0.1032348625023926,0.6834202470876352,1.990203856401426,1.49533872616428,0.7698518855723077,0.8075406501117602,72.0,soc_rate,0.25
periop_infection,NA,Cohen_m3,15673,2662,0.1698462323741466,0.0710249707975566,1.120685113570606,1.4227490685919462,1.7839058415659983,1.198248275700908,72.0,sensitivity,0.25
periop_infection,NA,Cohen_m3,15673,1618,0.1032348625023926,0.1575913039877009,1.994825800991811,1.92559332336066,1.3661208065805408,1.051318685597593,72.0,soc_rate,0.25
periop_infection,NA,Cohen_m4,15673,3197,0.203981369233714,0.8140543523444648,0.8987373022548649,1.186212680201937,1.4809248579073804,0.7904789609756189,72.0,sensitivity,0.25
periop_infection,NA,Cohen_m4,15673,1618,0.1032348625023926,0.8566805794300139,1.9950216374165688,3.206849902385399,1.4759593275154703,0.771287980236912,72.0,soc_rate,0.25
periop_infection,NA,Gaussian_eb,20372,4920,0.2415079520911054,0.5569207883030456,1.8874847962552792,1.2581915612265278,1.0305622992305354,1.058926479350272,24.0,sensitivity,0.25
periop_infection,NA,PopRI,21562,4215,0.1954827938039142,0.3662334748497883,1.6478019985108114,1.439513033114356,1.5164051942890433,1.0950668481441588,0.0,sensitivity,0.25
periop_infection,NA,Gaussian_trunc,20372,930,0.0456508933830748,0.5271689164990161,2.856037813586493,1.7144680101999636,1.4204617494354344,0.9563770450081532,24.0,soc_rate,0.25
periop_infection,NA,Gaussian_mle,20372,930,0.0456508933830748,0.5054108411474183,0.0,0.0,0.4185925128155794,1.9223553170945529,24.0,soc_rate,0.25
periop_infection,NA,Cohen_m2,21562,5037,0.2336054169372043,0.3462643709619709,2.4810473487339832,2.1796279995713084,1.3015021032688376,1.3753146151554183,0.0,sensitivity,0.25
periop_infection,NA,Cohen_m3,21562,3941,0.1827752527594842,0.1106737987951883,4.475991376893212,2.183024400287674,1.7588411790716143,1.0969687330891245,0.0,sensitivity,0.25
periop_infection,NA,Cohen_m4,21562,4326,0.2006307392635191,0.7345464183172252,2.220792190053411,1.7815866277148635,1.7626976509964096,0.7947247877416903,0.0,sensitivity,0.25
periop_infection,NA,Gaussian_mle,21562,6022,0.2792876356553195,0.4293296147407985,0.7103792619067516,0.8312658398263475,0.8278766326169883,1.156146523227326,0.0,sensitivity,0.25
periop_infection,NA,Gaussian_trunc,21562,4067,0.1886188665244411,0.0746395971410371,1.6986527054537768,1.3139354793744944,1.470357893969254,1.0805312619224765,0.0,sensitivity,0.25
periop_infection,NA,Gaussian_eb,21562,5017,0.232677859196735,0.7436504469015611,1.8303643158627765,1.3279820912779212,1.559804378270602,1.0316966648657184,0.0,sensitivity,0.25
periop_infection,NA,NORMA_q_age_set,21562,4601,0.2133846581949726,0.352860932416066,2.019102293268137,1.082220025121996,1.2942234071358911,1.5640440727254006,0.0,sensitivity,0.25
periop_infection,NA,NORMA_334f7e21,21562,4177,0.1937204340970225,0.8090437134574744,2.305020867871737,1.622771216589863,1.2717693369425096,1.5265261953034648,0.0,sensitivity,0.25
periop_infection,NA,NORMA_q_age,21562,4508,0.2090715147017902,0.6254283242666916,1.4939047672800625,1.3189259630381138,1.3295546453742555,1.4472947131606508,0.0,sensitivity,0.25
periop_infection,NA,NORMA_q_age_set_co,21562,4060,0.1882942213152768,0.6360164642830329,2.4179624805868776,1.2696913756838253,1.457398256771419,1.4227707902691582,0.0,sensitivity,0.25
periop_infection,NA,PopRI,20372,4216,0.2069507166699391,0.9116870399157742,3.5648926375703245,2.001262368316574,1.4484408971343472,0.9566275702436604,24.0,sensitivity,0.25
periop_infection,NA,PopRI,20372,946,0.0464362850971922,0.316247518998573,2.8309306634479268,2.914261392582683,2.5009132286426072,0.7569090664710826,24.0,soc_rate,0.25
periop_infection,NA,PerRI,20372,6054,0.2971725898291773,0.3242264604153608,1.4615443610722394,0.8597687944163913,0.4763554804355951,1.5334035919777484,24.0,sensitivity,0.25
periop_infection,NA,PerRI,20372,945,0.0463871981150598,0.5564292331498912,0.0,0.6809556146458963,0.2333577919459568,0.129931489168715,24.0,soc_rate,0.25
periop_infection,NA,Cohen_m2,20372,5008,0.2458276065187512,0.7853323344635076,3.008292011419913,1.5720609364550802,1.070969653035524,1.079576363289861,24.0,sensitivity,0.25
periop_infection,NA,Cohen_m2,20372,946,0.0464362850971922,0.8138873569618006,3.0667875979087142,2.64451386441318,1.1775169697230046,0.7780646592033479,24.0,soc_rate,0.25
periop_infection,NA,Cohen_m3,20372,4079,0.2002258001178087,0.7086970849718984,3.8991874531933073,1.0669168817069377,1.3780377788353766,1.1229765025950111,24.0,sensitivity,0.25
periop_infection,NA,Cohen_m3,20372,946,0.0464362850971922,0.3422199787307235,3.098973220960239,1.8606029702690603,3.282252270712156,0.9554828051394696,24.0,soc_rate,0.25
periop_infection,NA,Cohen_m4,20372,4429,0.2174062438641272,0.4407957970037593,5.739561571864994,1.1341670491622586,1.1273477031029124,0.6795690282748202,24.0,sensitivity,0.25
periop_infection,NA,Cohen_m4,20372,946,0.0464362850971922,0.9814921836898852,6.924590820320352,3.349646866499836,2.609240704398329,0.6977297320507925,24.0,soc_rate,0.25
periop_infection,NA,Gaussian_mle,20372,5623,0.2760161005301394,0.6898685319384452,1.5778957744562896,0.774154980302886,0.8348492139893446,1.274667019876337,24.0,sensitivity,0.25
periop_infection,NA,Gaussian_trunc,20372,3650,0.1791674847830355,0.055976195098649,0.6248510164180685,1.4337573577517984,1.382327950866333,1.1748971551542802,24.0,sensitivity,0.25
periop_infection,K,PerRI,17021,5042,0.2962223136125962,0.3340187890254692,0.1907003393382294,0.4687838386669165,0.6753273248473386,1.1505760809619572,72.0,sensitivity,0.25
periop_infection,K,PopRI,17021,1215,0.0713824099641619,0.96510565539864,1.032031042576301,0.3419491384587316,0.0862342650944614,0.719439069225842,72.0,soc_rate,0.25
periop_infection,K,PopRI,17021,3898,0.2290112214323482,0.7075719413610795,0.5813153843603168,1.430616566169188,0.775110901320685,1.0311356752113108,72.0,sensitivity,0.25
periop_infection,HGB,Gaussian_eb,1382,367,0.2655571635311143,0.2797860283321413,0.0,0.0,0.5411872950635015,1.261561750969568,72.0,soc_rate,0.25
periop_infection,HGB,NORMA_q_age_set,1382,494,0.3574529667149059,0.9732569306033364,0.0,2.3822208914811736,1.3036859505864635,1.6131783909600177,72.0,sensitivity,0.25
periop_infection,HGB,NORMA_q_age_set,1382,388,0.280752532561505,0.9593959390332047,0.0,0.8479536773681687,1.041269903706339,1.9553559982128013,72.0,soc_rate,0.25
periop_infection,HGB,NORMA_334f7e21,1382,386,0.2793053545586107,0.8304246699419892,0.0,3.4073324699748624,1.8213371802590808,2.1535408357965875,72.0,sensitivity,0.25
periop_infection,HGB,NORMA_334f7e21,1382,388,0.280752532561505,0.8320398509273463,0.0,3.3898228312694783,1.8164069631612585,2.1511354756969334,72.0,soc_rate,0.25
periop_infection,HGB,NORMA_q_age,1382,380,0.2749638205499276,0.5244780103716035,0.0,3.588233069198415,1.9829472793766216,2.425639248534952,72.0,sensitivity,0.25
periop_infection,HGB,NORMA_q_age,1382,388,0.280752532561505,0.5404143708323822,0.0,3.5019916220304688,1.945173678161849,2.367197506438,72.0,soc_rate,0.25
periop_infection,HGB,NORMA_q_age_set_co,1382,486,0.3516642547033285,0.3973163650758641,0.0,2.3433022649891546,1.234174259446866,1.44350824089982,72.0,sensitivity,0.25
periop_infection,HGB,NORMA_q_age_set_co,1382,388,0.280752532561505,0.4895600851484397,0.0,0.8094412822265026,0.9389654286231292,1.5164773724908132,72.0,soc_rate,0.25
periop_infection,HGB,StandardOfCare,1382,388,0.280752532561505,0.0061106468731599,,6.12596963903292,5.366075239650059,5.610595064329593,72.0,sensitivity,0.25
periop_infection,HGB,StandardOfCare,1382,388,0.280752532561505,0.0061106468731599,,6.12596963903292,5.366075239650059,5.610595064329593,72.0,soc_rate,0.25
periop_infection,HGB,PopRI,591,251,0.4247038917089678,0.3577099895626739,,,,0.0,168.0,sensitivity,0.25
periop_infection,HGB,PopRI,591,207,0.350253807106599,0.2814047758262818,,,,0.0,168.0,soc_rate,0.25
periop_infection,HGB,PerRI,591,39,0.065989847715736,0.0803439438958832,,,,0.0,168.0,sensitivity,0.25
periop_infection,HGB,PerRI,591,206,0.3485617597292724,0.0373361897107333,,,,,168.0,soc_rate,0.25
periop_infection,HGB,Cohen_m2,591,207,0.350253807106599,0.6231954072797969,,,,,168.0,soc_rate,0.25
periop_infection,HGB,Cohen_m3,591,207,0.350253807106599,0.498197676978829,,,,,168.0,soc_rate,0.25
periop_infection,HGB,Cohen_m4,591,207,0.350253807106599,0.5780366190766777,,,,,168.0,soc_rate,0.25
periop_infection,HGB,Gaussian_mle,591,104,0.1759729272419627,0.9005682837866763,,,,0.0,168.0,sensitivity,0.25
periop_infection,HGB,Gaussian_mle,591,198,0.3350253807106599,0.5448920766228174,,,,0.0,168.0,soc_rate,0.25
periop_infection,HGB,Gaussian_trunc,591,29,0.0490693739424703,0.3393203177965592,,,,0.0,168.0,sensitivity,0.25
periop_infection,HGB,Gaussian_eb,1382,608,0.4399421128798842,0.1154723182162592,1.0683760683766177,0.3193855772989016,0.421725371639653,0.6678171263246735,72.0,sensitivity,0.25
periop_infection,HGB,Gaussian_trunc,591,198,0.3350253807106599,0.4664269609191585,,,,0.0,168.0,soc_rate,0.25
periop_infection,HGB,Gaussian_trunc,1382,367,0.2655571635311143,0.8220086563358974,0.0,0.8646126878077384,0.9370001445639312,1.295086031845328,72.0,soc_rate,0.25
periop_infection,HGB,Gaussian_mle,1382,367,0.2655571635311143,0.9822503421845584,,,2.0625773487663164,2.217555071912263,72.0,soc_rate,0.25
periop_infection,HGB,NORMA_q_age_set,2223,647,0.2910481331533963,0.8632425150374629,0.0,0.0,1.2522943285047932,3.0617119880716355,24.0,sensitivity,0.25
periop_infection,HGB,NORMA_q_age_set,2223,217,0.0976158344579397,0.9657170350728266,0.0,0.0,2.375017258060625,0.580201276892299,24.0,soc_rate,0.25
periop_infection,HGB,NORMA_334f7e21,2223,686,0.3085919928025191,0.2073269745262765,0.0,0.0,1.0836400280531504,0.7763452310962417,24.0,sensitivity,0.25
periop_infection,HGB,NORMA_334f7e21,2223,217,0.0976158344579397,0.9727115296017032,0.0,0.0,2.499463017979464,0.6141067544868228,24.0,soc_rate,0.25
periop_infection,HGB,NORMA_q_age,2223,646,0.2905982905982906,0.8819023760522267,0.0,0.0,1.243897003305244,3.20625930692222,24.0,sensitivity,0.25
periop_infection,HGB,NORMA_q_age,2223,217,0.0976158344579397,0.5818014512209648,0.0,0.0,2.5516218589622737,4.062717221393494,24.0,soc_rate,0.25
periop_infection,HGB,NORMA_q_age_set_co,2223,657,0.2955465587044534,0.3563950454282497,0.0,0.0,1.181049203514525,2.8759467716036045,24.0,sensitivity,0.25
periop_infection,HGB,NORMA_q_age_set_co,2223,217,0.0976158344579397,0.9702608926761356,0.0,0.0,2.6061133615594563,0.6482469611460707,24.0,soc_rate,0.25
periop_infection,HGB,StandardOfCare,2223,217,0.0976158344579397,0.1270076369049728,0.0,0.0,6.168500505867623,4.414603108790354,24.0,sensitivity,0.25
periop_infection,HGB,StandardOfCare,2223,217,0.0976158344579397,0.1270076369049728,0.0,0.0,6.168500505867623,4.414603108790354,24.0,soc_rate,0.25
periop_infection,HGB,PopRI,1382,464,0.3357452966714906,0.8409398558551497,0.0,2.495114562038252,1.3004927863640694,1.641439470047852,72.0,sensitivity,0.25
periop_infection,HGB,PopRI,1382,388,0.280752532561505,0.2995352868628438,0.0,0.8042870642033902,0.2881548539155891,1.0798484994656148,72.0,soc_rate,0.25
periop_infection,HGB,PerRI,1382,220,0.1591895803183791,0.1731623358241006,0.0,0.0,1.251261507678367,0.5116133401532069,72.0,sensitivity,0.25
periop_infection,HGB,PerRI,1382,386,0.2793053545586107,0.2360904970183523,0.0,0.0,0.5530260403894444,1.4206826760447322,72.0,soc_rate,0.25
periop_infection,HGB,Cohen_m2,1382,134,0.0969609261939218,0.0703478311643459,10.864864864857722,2.8514015483418795,3.148823781676362,5.645266276305442,72.0,sensitivity,0.25
periop_infection,HGB,Cohen_m2,1382,388,0.280752532561505,0.5365744940700289,3.0031250000001246,0.7919376190666007,0.924562939779904,1.6781295308378057,72.0,soc_rate,0.25
periop_infection,HGB,Cohen_m3,1382,311,0.2250361794500723,0.8885246880140945,0.0,0.0,0.627189478394945,1.5162110943738836,72.0,sensitivity,0.25
periop_infection,HGB,Cohen_m3,1382,388,0.280752532561505,0.9540621748533116,0.0,0.0,0.4834013694124179,1.3175667773654092,72.0,soc_rate,0.25
periop_infection,HGB,Cohen_m4,1382,315,0.227930535455861,0.9012549181697982,0.0,0.0,0.6136526610355107,1.5512530807747078,72.0,sensitivity,0.25
periop_infection,HGB,Cohen_m4,1382,388,0.280752532561505,0.6652686302449942,3.0251572327049097,0.7906687295138987,0.8788279049323764,1.5696119729565827,72.0,soc_rate,0.25
periop_infection,HGB,Gaussian_mle,1382,312,0.2257597684515195,0.8438961135014641,,,2.5005428807663588,2.600205557985697,72.0,sensitivity,0.25
periop_infection,HGB,Gaussian_trunc,1382,275,0.1989869753979739,0.8477727986073772,0.0,1.2740195532299337,0.4551279466378186,1.396274329811534,72.0,sensitivity,0.25
periop_infection,HGB,Gaussian_eb,591,208,0.3519458544839255,0.2459112529140047,,,,0.0,168.0,sensitivity,0.25
periop_infection,HGB,Gaussian_eb,591,198,0.3350253807106599,0.1315117562333447,,,,0.0,168.0,soc_rate,0.25
periop_infection,HGB,NORMA_q_age_set,591,216,0.365482233502538,0.7843035160812275,,,,0.0,168.0,sensitivity,0.25
periop_infection,K,Cohen_m2,21591,622,0.0288082997545273,0.3463206300192901,0.0,0.9731490657475222,0.2835207883588173,0.2978470890233741,24.0,soc_rate,0.25
periop_infection,K,Cohen_m3,21591,3918,0.1814644990968459,0.2671610093728312,1.8189414425141373,1.3840321812263805,1.4509906394823706,0.6925330257803823,24.0,sensitivity,0.25
periop_infection,K,Cohen_m3,21591,622,0.0288082997545273,0.3015930746285162,0.0,1.1707108721250727,0.3400369858637425,0.4458535527346121,24.0,soc_rate,0.25
periop_infection,K,Cohen_m4,21591,4723,0.2187485526376731,0.5617905127604077,0.5890702825603906,0.7697162493437738,1.163345217694124,0.4659757429315436,24.0,sensitivity,0.25
periop_infection,K,Cohen_m4,21591,622,0.0288082997545273,0.1826994677215464,0.0,1.002413536969446,0.727569020137999,0.1812762758552545,24.0,soc_rate,0.25
periop_infection,K,Gaussian_mle,21591,4750,0.2199990736881107,0.3621061301397501,0.5770321446717046,0.603889214188957,0.4760713013977557,1.4830491095274083,24.0,sensitivity,0.25
periop_infection,K,Gaussian_mle,21591,618,0.0286230373766847,0.5173379854653585,0.0,0.974226969856938,0.2855000933936978,1.1778304569347071,24.0,soc_rate,0.25
periop_infection,K,Gaussian_trunc,21591,5509,0.2551526098837479,0.778213056102299,0.0,1.186979670035983,0.9658082932441654,0.998825580321557,24.0,sensitivity,0.25
periop_infection,K,Gaussian_trunc,21591,618,0.0286230373766847,0.9831434895300885,0.0,1.0203684624744689,1.0590304706337252,1.444186861276339,24.0,soc_rate,0.25
periop_infection,K,Gaussian_eb,21591,5902,0.2733546385067852,0.6623278760252018,0.0,0.4773237137031246,0.7755391921713274,0.715495466205989,24.0,sensitivity,0.25
periop_infection,K,Gaussian_eb,21591,618,0.0286230373766847,0.5408887917443468,0.0,0.0,0.8378906325677398,3.0182636749329266,24.0,soc_rate,0.25
periop_infection,K,NORMA_q_age_set,21591,5506,0.2550136631003659,0.719619964578539,0.4844446186437599,0.6316825310621429,0.9368639130613504,0.9082026213505264,24.0,sensitivity,0.25
periop_infection,K,NORMA_q_age_set,21591,622,0.0288082997545273,0.617217392608441,0.0,0.0,0.4453706935716618,0.3235843845520079,24.0,soc_rate,0.25
periop_infection,K,NORMA_334f7e21,21591,5246,0.2429716085405956,0.6526417756677307,1.2284147325489956,0.9871599990989652,0.9776208809265228,0.6820213342518774,24.0,sensitivity,0.25
periop_infection,K,NORMA_334f7e21,21591,622,0.0288082997545273,0.4367541206817037,5.610678009659288,0.9070271226509162,0.7006967499979561,0.3548268479609617,24.0,soc_rate,0.25
periop_infection,K,NORMA_q_age,21591,5086,0.2355611134268908,0.3065641252946357,1.2808495597912748,0.8835816568118372,1.0212858271350795,0.7475915826851309,24.0,sensitivity,0.25
periop_infection,K,NORMA_q_age,21591,622,0.0288082997545273,0.8317910710243853,5.629865262974011,0.9105962935687418,0.7201204594506623,0.4506830832766127,24.0,soc_rate,0.25
periop_infection,K,NORMA_q_age_set_co,21591,4858,0.2250011578898615,0.311271235114295,1.3579879041852627,1.2951832081848056,1.3440438533688153,0.6852351564259933,24.0,sensitivity,0.25
periop_infection,K,NORMA_q_age_set_co,21591,622,0.0288082997545273,0.2283471995790393,5.611245868758959,0.907737845422772,0.7255437444690434,0.1854408948144013,24.0,soc_rate,0.25
periop_infection,K,StandardOfCare,21591,622,0.0288082997545273,0.0014629973060268,0.0,1.0879524605814594,4.156213025266347,1.1240606296397209,24.0,sensitivity,0.25
periop_infection,K,StandardOfCare,21591,622,0.0288082997545273,0.0014629973060268,0.0,1.0879524605814594,4.156213025266347,1.1240606296397209,24.0,soc_rate,0.25
periop_infection,K,Cohen_m2,21591,5438,0.2518642026770413,0.4730971465132311,0.4901924879830241,0.9470899380023798,0.5928095218330447,0.4677680705735389,24.0,sensitivity,0.25
periop_infection,K,PerRI,21591,622,0.0288082997545273,0.1500256272271182,0.0,0.0,0.5647365276523192,0.0459581815356662,24.0,soc_rate,0.25
periop_infection,K,PerRI,21591,6787,0.3143439396044648,0.0972513516371922,0.8618130255697524,0.4756239476045297,0.3678789544634092,0.6879008460306699,24.0,sensitivity,0.25
periop_infection,K,PopRI,21591,622,0.0288082997545273,0.3134158893696787,0.0,1.1209967117582966,0.725380246306354,0.0572733476684961,24.0,soc_rate,0.25
periop_infection,HGB,NORMA_q_age_set,591,207,0.350253807106599,0.308568268685131,,,,0.0,168.0,soc_rate,0.25
periop_infection,HGB,NORMA_334f7e21,591,219,0.3705583756345177,0.2817457402180608,,,,0.0,168.0,sensitivity,0.25
periop_infection,HGB,NORMA_334f7e21,591,207,0.350253807106599,0.104646288690824,,,,0.0,168.0,soc_rate,0.25
periop_infection,HGB,NORMA_q_age,591,317,0.5363790186125211,0.0511782289373367,,,,0.0,168.0,sensitivity,0.25
periop_infection,HGB,NORMA_q_age,591,207,0.350253807106599,0.412781684010405,,,,0.0,168.0,soc_rate,0.25
periop_infection,HGB,NORMA_q_age_set_co,591,223,0.377326565143824,0.298145128072548,,,,0.0,168.0,sensitivity,0.25
periop_infection,HGB,NORMA_q_age_set_co,591,207,0.350253807106599,0.1182081584325556,,,,0.0,168.0,soc_rate,0.25
periop_infection,HGB,StandardOfCare,591,207,0.350253807106599,0.255506442406911,,,,,168.0,sensitivity,0.25
periop_infection,HGB,StandardOfCare,591,207,0.350253807106599,0.255506442406911,,,,,168.0,soc_rate,0.25
periop_infection,K,PopRI,22773,5134,0.2254424098713388,0.4480960677686925,2.164730038732129,1.873309608381211,1.2113864358399955,0.8160335067001572,0.0,sensitivity,0.25
periop_infection,GLU,Gaussian_trunc,7799,1749,0.2242595204513399,0.4538695487256567,2.608840172000301,1.0448046917498606,1.5858377770093133,1.5880047118308032,0.0,sensitivity,0.25
periop_infection,K,PerRI,22773,7283,0.3198085452070434,0.0280549834749851,0.6076732629155828,0.6058161157052204,0.43698619919951,0.7073090866572754,0.0,sensitivity,0.25
periop_infection,K,Cohen_m3,22773,4388,0.1926843191498704,0.5895346126856712,0.8224861026699436,1.382189499866627,1.18375078189059,0.6442490370972115,0.0,sensitivity,0.25
periop_infection,K,Cohen_m4,22773,5002,0.2196460721029289,0.7897577755949893,1.3461869191271911,1.323220176575634,0.9568991650965976,0.4723596403082188,0.0,sensitivity,0.25
periop_infection,K,Gaussian_mle,22773,4905,0.2153866420761428,0.9811159759292464,0.7438977574074449,1.4303954462785462,1.706003221244749,1.1745018535206486,0.0,sensitivity,0.25
periop_infection,K,Gaussian_trunc,22773,5883,0.2583322355420893,0.6360207275487876,1.43890311442985,1.2371702670101126,1.0532932213160646,0.90358692885579,0.0,sensitivity,0.25
periop_infection,K,Gaussian_eb,22773,5757,0.2527993676722434,0.910661232329757,2.917117396286889,1.7505600786697812,0.8441286681942887,0.7159319583593305,0.0,sensitivity,0.25
periop_infection,K,NORMA_q_age_set,22773,5564,0.2443244192684319,0.63271092322023,1.1797290514863403,1.1635488575300752,1.1293804375464471,0.8785871813662451,0.0,sensitivity,0.25
periop_infection,K,NORMA_334f7e21,22773,5160,0.2265841127651165,0.3642903853218612,1.3014347749527952,1.2415568464799152,1.5497837061391608,0.7220622982479256,0.0,sensitivity,0.25
periop_infection,K,NORMA_q_age,22773,4983,0.2188117507574759,0.155242908269412,1.760171489483909,1.488990282040687,1.502452440064621,0.8538917492335365,0.0,sensitivity,0.25
periop_infection,K,NORMA_q_age_set_co,22773,4988,0.2190313090062793,0.1647739865137282,1.755297734677244,1.9592974507749965,1.8699356412159185,0.7556717098274214,0.0,sensitivity,0.25
periop_infection,K,PopRI,21591,5204,0.2410263535732481,0.6678827277367346,0.5247635997697492,1.009550606683933,0.9855472534237756,0.8455958546148742,24.0,sensitivity,0.25
periop_infection,K,Cohen_m2,22773,5793,0.2543801870636279,0.4195857031049409,1.4643475393536154,1.4347119409599711,0.7736283449764931,0.492235773414719,0.0,sensitivity,0.25
periop_infection,ALB,Cohen_m2,5872,2252,0.3835149863760217,0.3159689259780474,0.0,0.2282368395499369,0.7601084816285257,0.5864675396773958,24.0,sensitivity,0.25
periop_infection,WBC,StandardOfCare,3162,585,0.1850094876660341,0.9280454221909268,0.0,1.4053721560005838,5.67393309739886,1.1380938894369188,168.0,soc_rate,0.25
periop_infection,ALB,PerRI,5872,1112,0.1893732970027248,0.5947607019460571,4.803210759781286,2.528427192310712,0.8452153066584049,0.7168512761709982,24.0,sensitivity,0.25
periop_infection,ALB,PerRI,5872,226,0.0384877384196185,0.5848192218043223,0.0,0.0,0.0,0.0,24.0,soc_rate,0.25
periop_infection,ALB,PopRI,6884,926,0.1345148169668797,0.0013374104560216,,4.564785918378603,2.341186211917321,2.097587079336809,0.0,sensitivity,0.25
periop_infection,ALB,PerRI,6884,1284,0.1865194654270772,0.4511997606791459,0.0,1.5258632697844483,0.9930079010587122,0.9659555928576388,0.0,sensitivity,0.25
periop_infection,ALB,Cohen_m2,6884,2353,0.3418070889018013,0.3737975955624547,0.0,0.5949666263577944,1.0578146620772788,0.581129393868098,0.0,sensitivity,0.25
periop_infection,ALB,Cohen_m3,6884,2008,0.2916908773968623,0.8171323443260338,,0.6818762516415546,0.8414918382997894,1.0866203919430648,0.0,sensitivity,0.25
periop_infection,ALB,Cohen_m4,6884,1677,0.2436083672283556,0.0219438559046567,0.0,1.414959898360168,1.0256555705627255,2.4759809836312168,0.0,sensitivity,0.25
periop_infection,ALB,Gaussian_mle,6884,1387,0.2014816966879721,0.0149536622340232,,1.9295866222375384,0.5178439306481362,1.1649068775806664,0.0,sensitivity,0.25
periop_infection,WBC,StandardOfCare,3162,585,0.1850094876660341,0.9280454221909268,0.0,1.4053721560005838,5.67393309739886,1.1380938894369188,168.0,sensitivity,0.25
periop_infection,ALB,Gaussian_eb,6884,1378,0.2001743172574084,0.7817102648209057,0.0,0.4349092120452238,0.6232959385037103,1.7927528352414728,0.0,sensitivity,0.25
periop_infection,ALB,NORMA_q_age_set,6884,1242,0.1804183614177803,0.0078298458925056,0.0,1.870320921397047,1.2323390662442804,2.4144222371265425,0.0,sensitivity,0.25
periop_infection,ALB,NORMA_334f7e21,6884,1240,0.1801278326554329,0.3964923534270921,0.0,1.3171845086877354,1.0245250148977396,1.937316619738249,0.0,sensitivity,0.25
periop_infection,ALB,NORMA_q_age,6884,1462,0.2123765252760023,0.3060821447411626,0.0,1.0777017604123214,0.8452201124517528,1.5031201379386976,0.0,sensitivity,0.25
periop_infection,ALB,NORMA_q_age_set_co,6884,1507,0.2189134224288204,0.0520388795911664,0.0,0.8671410207918283,0.7896514563086757,2.8506883042829667,0.0,sensitivity,0.25
periop_infection,ALB,PopRI,5872,752,0.1280653950953678,0.0005037453030949,2.1028245306639266,4.572323849511931,1.508042281093363,1.4387515070447552,24.0,sensitivity,0.25
periop_infection,ALB,Gaussian_trunc,6884,887,0.128849506101104,0.2938681153956501,0.0,0.7231527224693711,0.8562161346994318,1.9460349540650932,0.0,sensitivity,0.25
periop_infection,ALB,PopRI,5872,226,0.0384877384196185,0.0903976333320125,0.0,0.0,0.0,1.5326369738194767,24.0,soc_rate,0.25
unplanned_icu,WBC,Gaussian_eb,2022,1105,0.5464886251236399,0.0645122329378167,0.0,0.9211469361489536,0.5212713936469677,0.1656099545962906,168.0,sensitivity,0.25
unplanned_icu,WBC,Gaussian_eb,2022,333,0.1646884272997032,0.0917591283246917,0.0,0.0,0.0,0.0,168.0,soc_rate,0.25
unplanned_icu,WBC,NORMA_q_age_set,2022,557,0.2754698318496538,0.9926306656512393,0.0,2.951743056010874,2.0156866723335765,0.6042370594458383,168.0,sensitivity,0.25
unplanned_icu,WBC,NORMA_q_age_set,2022,335,0.1656775469831849,0.2971830016813671,0.0,1.8164248707044173,0.6332792591952934,0.1399766045260866,168.0,soc_rate,0.25
unplanned_icu,WBC,NORMA_q_age,2022,967,0.4782393669634026,0.1346534821428441,0.0,0.3976496398183861,0.1393321497737057,0.7995874323833804,168.0,sensitivity,0.25
unplanned_icu,WBC,NORMA_334f7e21,2022,335,0.1656775469831849,0.7770747557052405,0.0,1.8161066623258968,0.6308654530122518,1.166476214108466,168.0,soc_rate,0.25
unplanned_icu,WBC,Gaussian_trunc,2022,333,0.1646884272997032,0.9277947946499128,0.0,0.0,0.0,4.254508066582266,168.0,soc_rate,0.25
unplanned_icu,WBC,NORMA_q_age,2022,335,0.1656775469831849,0.7571595085705252,0.0,1.8475416594526768,0.6413710501118438,1.7719549582275067,168.0,soc_rate,0.25
unplanned_icu,WBC,NORMA_334f7e21,2022,515,0.254698318496538,0.8889385498625489,0.0,1.04550781808272,0.3656109252976157,2.0113286924564635,168.0,sensitivity,0.25
unplanned_icu,WBC,Gaussian_trunc,2022,1082,0.5351137487636004,0.1506197110747903,0.0,0.972684393146554,0.2662282500181193,1.0813915233350793,168.0,sensitivity,0.25
unplanned_icu,WBC,Cohen_m4,2022,650,0.3214638971315529,0.6485587316799939,,1.921995227981332,1.501533516983144,0.4255425924736166,168.0,sensitivity,0.25
unplanned_icu,WBC,Gaussian_mle,2022,967,0.4782393669634026,0.1831048556267505,0.0,1.2016230845059468,0.8566766255986146,0.2432449594009631,168.0,sensitivity,0.25
unplanned_icu,WBC,Cohen_m4,2022,335,0.1656775469831849,0.0557772394613334,0.0,0.0,0.0,0.0,168.0,soc_rate,0.25
unplanned_icu,WBC,NORMA_q_age_set_co,2022,490,0.2423343224530168,0.929281683325233,0.0,3.363395666124593,0.8607132277026588,1.736687803933683,168.0,sensitivity,0.25
unplanned_icu,WBC,Cohen_m3,2022,335,0.1656775469831849,0.2577364423592594,0.0,1.7308033229577322,0.6018178851148348,0.1338984440897155,168.0,soc_rate,0.25
unplanned_icu,WBC,Cohen_m3,2022,902,0.4460929772502472,0.183287218500935,0.0,0.4379869680765696,0.5731176244785952,0.2011659631263141,168.0,sensitivity,0.25
unplanned_icu,WBC,Cohen_m2,2022,335,0.1656775469831849,0.0730133554517314,0.0,0.0,0.0,0.0,168.0,soc_rate,0.25
unplanned_icu,WBC,Cohen_m2,2022,1095,0.5415430267062314,0.034206157055006,0.0,0.9221375942533132,0.5072718519400095,0.1781274620232682,168.0,sensitivity,0.25
unplanned_icu,WBC,Cohen_m2,5444,537,0.0986407053637031,0.1096216337891362,0.0,0.0,0.0,0.0,72.0,soc_rate,0.25
unplanned_icu,WBC,Cohen_m2,5444,2563,0.4707935341660543,0.0337120663285508,,0.5093544863496027,0.8457758071064418,0.254951834872662,72.0,sensitivity,0.25
unplanned_icu,WBC,Gaussian_mle,2022,333,0.1646884272997032,0.0932323914575573,0.0,0.0,0.0,0.0,168.0,soc_rate,0.25
unplanned_icu,CRE,Cohen_m4,1738,591,0.3400460299194476,0.3686404253397569,2.150793650792887,2.150793650792887,0.4911562238207383,0.3545262976825619,168.0,sensitivity,0.25
unplanned_icu,WBC,PopRI,2022,335,0.1656775469831849,0.2251349000535193,0.0,5.332451728605121,3.758183661745592,2.6962762013402446,168.0,soc_rate,0.25
unplanned_icu,WBC,PerRI,2022,335,0.1656775469831849,0.569360166764395,0.0,0.0,1.491098650477679,5.140685459057373,168.0,soc_rate,0.25
unplanned_icu,WBC,NORMA_q_age_set_co,5444,537,0.0986407053637031,0.7072558585665412,0.0,5.740591062861103,3.849435505239585,0.5726662656323086,72.0,soc_rate,0.25
unplanned_icu,WBC,NORMA_q_age_set_co,5444,1044,0.1917707567964731,0.6975697069443485,0.0,5.326473695640731,2.37133958280371,0.8156636189664437,72.0,sensitivity,0.25
unplanned_icu,WBC,NORMA_q_age,5444,537,0.0986407053637031,0.4820591812862536,0.0,1.8923561051105948,0.6235364038967832,0.123668280666938,72.0,soc_rate,0.25
unplanned_icu,WBC,NORMA_q_age,5444,742,0.1362968405584129,0.1968521122133573,0.0,3.924664769120169,2.7735384394709124,3.4702714110087824,72.0,sensitivity,0.25
unplanned_icu,WBC,NORMA_334f7e21,5444,537,0.0986407053637031,0.4416961235140363,0.0,1.8556832773501657,0.6099843965729237,0.1212496455926784,72.0,soc_rate,0.25
unplanned_icu,WBC,NORMA_334f7e21,5444,910,0.1671565025716385,0.3550199155927871,0.0,2.522440972401999,1.9831835247702811,2.697918484307872,72.0,sensitivity,0.25
unplanned_icu,WBC,NORMA_q_age_set,5444,537,0.0986407053637031,0.8887761861060123,0.0,4.6025522819699765,1.285883845549628,0.2367938492968865,72.0,soc_rate,0.25
unplanned_icu,WBC,PopRI,2022,250,0.1236399604352126,0.068636547617095,0.0,7.378154911958835,5.187570623433987,3.919203007987091,168.0,sensitivity,0.25
unplanned_icu,WBC,NORMA_q_age_set,5444,1067,0.1959955914768552,0.5489882951403711,0.0,2.095622073188077,1.6683546657379689,1.2137547750501465,72.0,sensitivity,0.25
unplanned_icu,WBC,Gaussian_eb,5444,1318,0.2421013960323291,0.8210825846036354,0.0,4.169967082950288,3.713559744779431,0.4067446137812866,72.0,sensitivity,0.25
unplanned_icu,WBC,Gaussian_trunc,5444,531,0.0975385745775165,0.5458690845618551,0.0,2.200082814891181,0.7311863917728243,4.075774463196193,72.0,soc_rate,0.25
unplanned_icu,WBC,Gaussian_trunc,5444,1378,0.2531227038941954,0.6196956381851063,0.0,1.660311061892093,1.3995224082959674,1.2195114134228,72.0,sensitivity,0.25
unplanned_icu,WBC,Gaussian_mle,5444,531,0.0975385745775165,0.4095965019379889,0.0,2.5603210221817307,2.921621292298603,1.371082194137461,72.0,soc_rate,0.25
unplanned_icu,WBC,Gaussian_mle,5444,637,0.1170095518001469,0.0522439668285182,0.0,8.041585793518369,4.210222710325037,1.3826842058987725,72.0,sensitivity,0.25
unplanned_icu,WBC,Cohen_m4,5444,537,0.0986407053637031,0.3235381407271767,0.0,1.8721091774532956,0.61565239621533,0.1199109850564187,72.0,soc_rate,0.25
unplanned_icu,WBC,Cohen_m4,5444,1488,0.2733284349742836,0.6936816103985219,,3.0164290975961348,1.4621733678135729,0.4099175379742283,72.0,sensitivity,0.25
unplanned_icu,WBC,Cohen_m3,5444,537,0.0986407053637031,0.9041513070034792,0.0,1.8864509963496,2.431219396692382,0.4101094852083797,72.0,soc_rate,0.25
unplanned_icu,WBC,Cohen_m3,5444,2154,0.3956649522409993,0.1789791419046078,0.0,1.3068459171088385,0.7554787260691003,0.2606785083055793,72.0,sensitivity,0.25
unplanned_icu,WBC,Gaussian_eb,5444,531,0.0975385745775165,0.6372961000461284,0.0,2.082623618051988,0.6899746140243448,0.1376732320606942,72.0,soc_rate,0.25
unplanned_icu,WBC,PerRI,5444,537,0.0986407053637031,0.0311387314108194,0.0,4.905123041853275,1.4749764274037904,5.177233627926188,72.0,soc_rate,0.25
unplanned_icu,WBC,PerRI,2022,690,0.3412462908011869,0.7033815139897113,0.0,0.0,0.5322795414990595,3.645426681058726,168.0,sensitivity,0.25
unplanned_icu,WBC,NORMA_q_age_set_co,2022,335,0.1656775469831849,0.2365821897365357,0.0,1.7370121676287962,0.6024967362884537,0.1298835133842303,168.0,soc_rate,0.25
unplanned_icu,WBC,PerRI,5444,808,0.1484202792064658,0.064578373163778,0.0,5.772894749016992,1.4155167230892465,3.2996028887693494,72.0,sensitivity,0.25
unplanned_icu,WBC,NORMA_q_age_set_co,9739,1169,0.120032857582914,0.0094511342968797,2.953563398178213,3.5037527394372745,4.898502190746169,1.4579578583199118,0.0,sensitivity,0.25
unplanned_icu,WBC,PopRI,8395,221,0.0263251935675997,0.0009493222935295,13.51793977171362,16.560108838378635,5.523305814260334,1.7245829944212172,24.0,soc_rate,0.25
unplanned_icu,WBC,StandardOfCare,8395,221,0.0263251935675997,0.8796490287647536,0.0,0.0,0.0,2.021915391544741,24.0,soc_rate,0.25
unplanned_icu,WBC,StandardOfCare,8395,221,0.0263251935675997,0.8796490287647536,0.0,0.0,0.0,2.021915391544741,24.0,sensitivity,0.25
unplanned_icu,WBC,NORMA_q_age_set_co,8395,221,0.0263251935675997,0.947453362688563,0.0,0.0,2.7983196159861947,0.4024203834620032,24.0,soc_rate,0.25
unplanned_icu,WBC,NORMA_q_age_set_co,8395,1099,0.1309112567004169,0.1644930577662979,2.4443471832395245,2.9835514011739424,4.065181283842252,0.5836329723618008,24.0,sensitivity,0.25
unplanned_icu,WBC,NORMA_q_age,8395,221,0.0263251935675997,0.8071597715955436,0.0,0.0,2.844958922374626,0.4117713189356445,24.0,soc_rate,0.25
unplanned_icu,WBC,NORMA_q_age,8395,1266,0.1508040500297796,0.4711229094121254,0.8732123983976628,0.6044303938781644,1.5231030352553778,2.708639189625623,24.0,sensitivity,0.25
unplanned_icu,WBC,NORMA_334f7e21,8395,221,0.0263251935675997,0.9261212419567584,0.0,0.0,2.844776339288729,0.4090107185947039,24.0,soc_rate,0.25
unplanned_icu,WBC,NORMA_334f7e21,8395,1813,0.2159618820726623,0.860020986477385,0.5637582527033989,0.3895159083643918,0.8513944520161194,2.395864547505273,24.0,sensitivity,0.25
unplanned_icu,WBC,NORMA_q_age_set,8395,221,0.0263251935675997,0.3588235192707265,0.0,0.0,0.0,0.0,24.0,soc_rate,0.25
unplanned_icu,WBC,PopRI,5444,508,0.0933137398971344,0.0223037999152081,0.0,6.3883584281482415,4.096986613847103,1.2747112225560795,72.0,sensitivity,0.25
unplanned_icu,WBC,NORMA_q_age_set,8395,1416,0.168671828469327,0.6263526593776501,0.7653885775172917,1.3206056469099363,1.5376522375688806,0.663030209244527,24.0,sensitivity,0.25
unplanned_icu,WBC,Gaussian_eb,8395,1919,0.2285884455032757,0.670661853769809,0.5242911417240051,0.9239589775091064,1.903923055419443,0.4762702381121261,24.0,sensitivity,0.25
unplanned_icu,WBC,Gaussian_trunc,8395,219,0.0260869565217391,0.5261705254294525,0.0,0.0,0.0,0.0,24.0,soc_rate,0.25
unplanned_icu,WBC,Gaussian_trunc,8395,2138,0.2546754020250149,0.6929866204989036,1.07976536258405,0.7092069725774748,1.0037507751886707,1.1994374775320689,24.0,sensitivity,0.25
unplanned_icu,WBC,Gaussian_mle,8395,219,0.0260869565217391,0.0050450850424841,5.779116637322761,4.00725156367217,1.5919667070086754,4.638807864301223,24.0,soc_rate,0.25
unplanned_icu,WBC,Gaussian_mle,8395,827,0.098511018463371,0.0021408855771268,3.3407599266047816,4.924261567812515,6.044008346951711,1.7283478775824397,24.0,sensitivity,0.25
unplanned_icu,WBC,Cohen_m4,8395,221,0.0263251935675997,0.3425672156692779,0.0,0.0,0.0,0.0,24.0,soc_rate,0.25
unplanned_icu,WBC,Cohen_m4,8395,2052,0.2444312090530077,0.6918346090655177,0.478209516912405,1.048282912141308,1.2779292678201797,0.4924508993094355,24.0,sensitivity,0.25
unplanned_icu,WBC,Cohen_m3,8395,221,0.0263251935675997,0.8236939194402373,5.802329972009061,4.022447103315875,1.5944090546767569,0.2384171152864836,24.0,soc_rate,0.25
unplanned_icu,WBC,Cohen_m2,8395,221,0.0263251935675997,0.3216120743086847,0.0,0.0,0.0,0.0,24.0,soc_rate,0.25
unplanned_icu,WBC,Gaussian_eb,8395,219,0.0260869565217391,0.5298438867112623,0.0,0.0,0.0,0.0,24.0,soc_rate,0.25
unplanned_icu,WBC,PopRI,5444,537,0.0986407053637031,0.0269338308525954,0.0,6.06151792383894,3.929055996228487,1.232692745841322,72.0,soc_rate,0.25
unplanned_icu,WBC,Cohen_m3,8395,2456,0.2925550923168553,0.6563414542624202,3.118896837895959,1.6606346396398208,0.8228289779259151,0.4183330749716292,24.0,sensitivity,0.25
unplanned_icu,WBC,Cohen_m2,8395,2826,0.336628945801072,0.1499692718550627,2.5799519253280487,1.374307032335925,0.678399576829691,0.1451677577489659,24.0,sensitivity,0.25
unplanned_icu,WBC,PopRI,8395,718,0.0855270994639666,0.0023889638301839,7.221485153665325,7.392294444483196,4.063299371322903,1.192188872124565,24.0,sensitivity,0.25
unplanned_icu,WBC,StandardOfCare,5444,537,0.0986407053637031,0.050647064556196,0.0,0.0,0.0,9.857472102547046,72.0,sensitivity,0.25
unplanned_icu,WBC,NORMA_q_age,9739,1267,0.1300954923503439,0.1118255936008497,2.6888985017906424,1.7321913152607329,3.3046624736894974,1.325359504081853,0.0,sensitivity,0.25
unplanned_icu,WBC,NORMA_334f7e21,9739,1686,0.1731183899784372,0.7275116318054414,1.1900209080753017,0.9061714540451208,1.350626807404374,2.00355860502682,0.0,sensitivity,0.25
unplanned_icu,WBC,NORMA_q_age_set,9739,1598,0.1640825546770715,0.348735489487322,1.1697150626211936,1.4101267996527918,2.58747439964479,0.7745218807907976,0.0,sensitivity,0.25
unplanned_icu,WBC,Gaussian_eb,9739,1687,0.1732210699250436,0.2763376170579211,1.932577888071416,1.7999680649415954,3.0915145447510337,0.550723364767726,0.0,sensitivity,0.25
unplanned_icu,WBC,Gaussian_trunc,9739,2189,0.2247664031214703,0.3856989124086708,1.3098732128830504,1.642225122387294,1.7912216317672496,1.2570120870222767,0.0,sensitivity,0.25
unplanned_icu,WBC,Gaussian_mle,9739,2929,0.3007495636102269,0.869982181555581,1.9960888514086592,1.6892872443744236,1.0542787239857323,0.8212354414163359,0.0,sensitivity,0.25
unplanned_icu,WBC,Cohen_m4,9739,2708,0.2780572954102064,0.4826748005565225,0.601357588182255,0.4719667934628964,1.1016393090422532,0.718365990688182,0.0,sensitivity,0.25
unplanned_icu,WBC,Cohen_m3,9739,2616,0.268610740322415,0.3712952411215685,0.6291874774252868,0.9652882807129526,0.8059053011373507,0.4481942594999058,0.0,sensitivity,0.25
unplanned_icu,WBC,Cohen_m2,9739,2695,0.2767224561043228,0.1227426758943436,0.9238219861870132,0.8538520674334629,0.7309440715569299,0.1779898768381586,0.0,sensitivity,0.25
unplanned_icu,WBC,PerRI,9739,2782,0.285655611459082,0.9453086393742078,0.5277844128747589,0.6313899466117759,1.0709374895143942,2.348368496154352,0.0,sensitivity,0.25
unplanned_icu,WBC,PopRI,9739,981,0.1007290276209056,0.000144714798083,1.035142272776552,3.6214569579013434,4.392303355724709,3.078575085664247,0.0,sensitivity,0.25
unplanned_icu,TP,StandardOfCare,1530,169,0.1104575163398692,0.9318545043457048,9.02907441984717,3.118977451430688,1.9575979773969645,0.3062315282463581,168.0,soc_rate,0.25
unplanned_icu,TP,StandardOfCare,1530,169,0.1104575163398692,0.9318545043457048,9.02907441984717,3.118977451430688,1.9575979773969645,0.3062315282463581,168.0,sensitivity,0.25
unplanned_icu,TP,NORMA_q_age_set_co,1530,169,0.1104575163398692,0.0905402059127405,0.0,0.0,0.0,0.0,168.0,soc_rate,0.25
unplanned_icu,TP,NORMA_q_age_set_co,1530,629,0.4111111111111111,0.2037369322665805,0.456279498384877,0.5508687648582984,0.3434053832545963,0.3082592470978452,168.0,sensitivity,0.25
unplanned_icu,TP,NORMA_q_age,1530,169,0.1104575163398692,0.4009140106648796,0.0,0.0,0.0,0.0,168.0,soc_rate,0.25
unplanned_icu,TP,NORMA_q_age,1530,549,0.3588235294117647,0.4123993549174707,0.5726651826796203,0.2621354497250372,0.1757314945459621,0.457637101657566,168.0,sensitivity,0.25
unplanned_icu,WBC,PerRI,8395,221,0.0263251935675997,0.9049740091629936,0.0,0.0,0.0,0.9849411871088952,24.0,soc_rate,0.25
unplanned_icu,TP,NORMA_334f7e21,1530,697,0.4555555555555555,0.1130909444873772,0.3827021560722747,0.1756416624291501,0.117595522083045,0.6051311358875865,168.0,sensitivity,0.25
unplanned_icu,WBC,PerRI,8395,843,0.1004169148302561,0.0072926365224825,6.745909482974542,4.029494026760703,3.8858923565857935,3.5010229114609,24.0,sensitivity,0.25
unplanned_icu,WBC,StandardOfCare,5444,537,0.0986407053637031,0.050647064556196,0.0,0.0,0.0,9.857472102547046,72.0,soc_rate,0.25
unplanned_icu,TP,NORMA_q_age_set,5827,1171,0.2009610434185687,0.3679870560069387,2.5049557496222232,2.3984022149655884,1.9667171414899824,0.3723477036787198,0.0,sensitivity,0.25
unplanned_icu,TP,NORMA_q_age_set,1530,169,0.1104575163398692,0.8478911258414911,0.0,0.0,0.0,0.0,168.0,soc_rate,0.25
unplanned_icu,TP,Gaussian_trunc,1530,754,0.4928104575163399,0.0428883658119074,0.411441580377611,0.5124392093582841,0.318607766354884,0.16160484379349,168.0,sensitivity,0.25
unplanned_icu,TP,Gaussian_mle,1530,168,0.1098039215686274,0.9298389811656989,0.0,0.0,0.0,0.8615535545281168,168.0,soc_rate,0.25
unplanned_icu,TP,Gaussian_mle,1530,389,0.2542483660130719,0.8476570656357825,0.0,0.6472360366204944,1.2013196789473854,0.5783203574369902,168.0,sensitivity,0.25
unplanned_icu,TP,Cohen_m4,1530,169,0.1104575163398692,0.7135143219526067,0.0,0.0,0.0,0.6435609754197207,168.0,soc_rate,0.25
unplanned_icu,TP,Cohen_m4,1530,300,0.196078431372549,0.7079638971555179,0.0,0.0,1.707800742319455,0.6037463445749168,168.0,sensitivity,0.25
unplanned_icu,TP,Cohen_m3,1530,169,0.1104575163398692,0.2158965918968635,0.0,0.0,1.4704546009091823,1.042266072412977,168.0,soc_rate,0.25
unplanned_icu,TP,Cohen_m3,1530,181,0.1183006535947712,0.061138393112313,2.9680998914234165,1.3168975549542792,2.647590428917109,1.2169914744823611,168.0,sensitivity,0.25
unplanned_icu,TP,Cohen_m2,1530,169,0.1104575163398692,0.1305149077991018,0.0,0.0,1.248397631756619,1.363923437246225,168.0,soc_rate,0.25
unplanned_icu,TP,Cohen_m2,1530,103,0.0673202614379085,0.0106913507171522,0.0,0.0,2.1317857399832074,2.2667171702970306,168.0,sensitivity,0.25
unplanned_icu,TP,Gaussian_trunc,1530,168,0.1098039215686274,0.1190913194660716,0.0,0.0,0.0,0.0,168.0,soc_rate,0.25
unplanned_icu,TP,PerRI,1530,169,0.1104575163398692,0.1734952579496013,0.0,0.0,0.0,0.0,168.0,soc_rate,0.25
unplanned_icu,TP,PopRI,1530,169,0.1104575163398692,0.1624267030465304,0.0,0.0,0.0,0.0,168.0,soc_rate,0.25
unplanned_icu,TP,PopRI,1530,614,0.4013071895424837,0.3981016104474978,4.833647362575009,1.0339243981845838,0.6035977881965774,1.0777642844061277,168.0,sensitivity,0.25
unplanned_icu,TP,StandardOfCare,3337,330,0.0988912196583757,0.6890100656367775,0.0,4.584961162192316,2.140681530298881,0.383181876728395,72.0,soc_rate,0.25
unplanned_icu,TP,StandardOfCare,3337,330,0.0988912196583757,0.6890100656367775,0.0,4.584961162192316,2.140681530298881,0.383181876728395,72.0,sensitivity,0.25
unplanned_icu,TP,NORMA_q_age_set_co,3337,330,0.0988912196583757,0.4210292521809213,4.538628394478741,2.40284247227805,0.7273744780286385,0.1360052934293517,72.0,soc_rate,0.25
unplanned_icu,TP,NORMA_q_age_set_co,3337,699,0.209469583458196,0.8776788849601465,1.8821590282438847,1.012914634351245,0.5961456047414407,0.5743749656354353,72.0,sensitivity,0.25
unplanned_icu,TP,NORMA_q_age,3337,330,0.0988912196583757,0.4968763873875905,0.0,1.2171702260377293,0.3976988773845719,0.0786881996819414,72.0,soc_rate,0.25
unplanned_icu,TP,NORMA_q_age_set_co,4989,1074,0.2152736019242333,0.985281952869906,1.3938743925357904,1.425937658480059,1.4072634165029885,0.2904412748447412,24.0,sensitivity,0.25
unplanned_icu,TP,NORMA_q_age,4989,117,0.0234515935057125,0.7976131661264454,0.0,0.0,1.2917401680085945,0.3383790722035589,24.0,soc_rate,0.25
unplanned_icu,TP,PerRI,1530,482,0.3150326797385621,0.7222517347083959,0.0,0.4757333191437122,0.8864743829366882,1.0967057868318175,168.0,sensitivity,0.25
unplanned_icu,TP,Gaussian_eb,1530,461,0.3013071895424836,0.7876469707190268,0.0,0.515516839096506,0.9593049936451628,0.4579708901718226,168.0,sensitivity,0.25
unplanned_icu,TP,Gaussian_eb,1530,168,0.1098039215686274,0.9225515786435972,0.0,0.0,0.0,0.9282952502429168,168.0,soc_rate,0.25
unplanned_icu,TP,NORMA_q_age,3337,878,0.2631105783637998,0.8045170233515985,1.39839902970534,1.5884981229801585,0.7097373647243508,0.5215221128916022,72.0,sensitivity,0.25
unplanned_icu,TP,Gaussian_eb,3337,934,0.2798921186694635,0.8494033209188823,5.1287553648160005,2.4034103780169724,1.3790040347832695,0.52610731959161,72.0,sensitivity,0.25
unplanned_icu,TP,Gaussian_trunc,3337,328,0.0982918789331735,0.1826944456919039,4.568587384798945,0.9371819193162804,0.3099623025997458,0.0620093393452395,72.0,soc_rate,0.25
unplanned_icu,TP,Gaussian_trunc,3337,1428,0.4279292777944261,0.0657266818496582,2.6526610644244597,0.5831272047847299,0.4739334541532877,0.2232882744557782,72.0,sensitivity,0.25
unplanned_icu,TP,Gaussian_mle,3337,328,0.0982918789331735,0.9530503186686669,0.0,1.1707361480466665,0.3834368868627334,0.8414357887162447,72.0,soc_rate,0.25
unplanned_icu,TP,Gaussian_mle,3337,855,0.2562181600239736,0.7753566267605306,1.4515807687383384,1.7983610697773795,1.2573205320699692,0.5118792348468049,72.0,sensitivity,0.25
unplanned_icu,TP,Cohen_m4,3337,330,0.0988912196583757,0.7098885360824254,0.0,1.172228004267185,0.3810117759323286,0.6197300219220386,72.0,soc_rate,0.25
unplanned_icu,TP,Cohen_m4,3337,660,0.1977824393167515,0.3194106724750006,0.0,2.49533576635748,0.9266217207624676,0.6710228318283374,72.0,sensitivity,0.25
unplanned_icu,TP,NORMA_q_age_set,3337,330,0.0988912196583757,0.903638033969621,0.0,1.223120582866405,0.3985977017619637,0.0785353110551916,72.0,soc_rate,0.25
unplanned_icu,TP,Cohen_m3,3337,330,0.0988912196583757,0.2992131929126332,0.0,1.4297249743305092,0.4566086573470152,1.0430505107745114,72.0,soc_rate,0.25
unplanned_icu,TP,Cohen_m2,3337,330,0.0988912196583757,0.2382802837319447,0.0,1.1964480243971554,0.3880937064365674,1.2337533713818316,72.0,soc_rate,0.25
unplanned_icu,TP,Cohen_m2,3337,751,0.2250524423134552,0.4848005602549011,1.7202906152274444,0.8872488866291138,0.8184511348268892,0.7724415475849928,72.0,sensitivity,0.25
unplanned_icu,TP,PerRI,3337,330,0.0988912196583757,0.1167825542698716,0.0,0.0,0.0,0.0,72.0,soc_rate,0.25
unplanned_icu,TP,PerRI,3337,1088,0.3260413545100389,0.7380370897002763,0.0,0.7124854285190265,0.7212559467388069,1.0706498226362062,72.0,sensitivity,0.25
unplanned_icu,TP,PopRI,3337,330,0.0988912196583757,0.8636506010474344,4.538628394478741,0.9462620563865974,1.0690334897887646,0.2054301316791179,72.0,soc_rate,0.25
unplanned_icu,TP,PopRI,3337,1012,0.3032664069523524,0.954527675233409,1.1446553868129656,1.5264960968024357,1.0235431857455577,1.706078522534701,72.0,sensitivity,0.25
unplanned_icu,TP,StandardOfCare,4989,117,0.0234515935057125,0.3182096087144586,0.0,0.0,0.0,0.0,24.0,soc_rate,0.25
unplanned_icu,TP,StandardOfCare,4989,117,0.0234515935057125,0.3182096087144586,0.0,0.0,0.0,0.0,24.0,sensitivity,0.25
unplanned_icu,TP,NORMA_q_age_set_co,4989,117,0.0234515935057125,0.7288193206087499,0.0,0.0,1.427188939699277,0.3710187096002704,24.0,soc_rate,0.25
unplanned_icu,TP,Cohen_m3,3337,478,0.1432424333233443,0.0232752160082646,2.993166460896704,3.0871839504786496,2.039497904233783,1.0389214672213003,72.0,sensitivity,0.25
unplanned_icu,TP,NORMA_334f7e21,3337,783,0.2346418939166916,0.8485361381233902,6.48275862068574,1.438513335858401,1.0608900367509202,0.6499795573201401,72.0,sensitivity,0.25
unplanned_icu,TP,NORMA_334f7e21,3337,330,0.0988912196583757,0.5489409839854487,4.537868666606812,2.456104516207358,0.7450419954096545,0.1427134590359179,72.0,soc_rate,0.25
unplanned_icu,TP,NORMA_q_age,4989,1023,0.2050511124473842,0.970713427772722,1.6679571576315757,1.0174065918307922,1.7979338740444193,0.3652546841733477,24.0,sensitivity,0.25
unplanned_icu,TP,NORMA_334f7e21,4989,117,0.0234515935057125,0.8349239449075314,0.0,0.0,1.3918093250020067,0.3632236047582362,24.0,soc_rate,0.25
unplanned_icu,TP,Gaussian_mle,5827,1169,0.2006178136262227,0.3498910780311944,0.0,0.5820335040094037,1.1047836729450542,2.225775009205748,0.0,sensitivity,0.25
unplanned_icu,TP,Cohen_m4,5827,1176,0.2018191178994336,0.7260231265647328,1.1216815114159329,0.2319735187852502,1.2688007101333616,0.9127389944325108,0.0,sensitivity,0.25
unplanned_icu,TP,NORMA_q_age_set,4989,726,0.1455201443174985,0.2294245689809398,2.2425374860689926,2.2756658320765686,2.139198069150487,0.4481913664247448,24.0,sensitivity,0.25
unplanned_icu,TP,Gaussian_eb,4989,116,0.0232511525355782,0.2810512406946789,0.0,7.58287447912077,2.5804503376333203,0.6666553574654562,24.0,soc_rate,0.25
unplanned_icu,TP,Gaussian_eb,4989,1209,0.2423331328923632,0.7056138350295512,1.3652124026817094,1.97010768613232,1.4565218252848209,0.992900642374382,24.0,sensitivity,0.25
unplanned_icu,TP,Gaussian_trunc,4989,116,0.0232511525355782,0.3505017308274062,0.0,7.851079343332086,2.666776010080046,0.6856237443285089,24.0,soc_rate,0.25
unplanned_icu,TP,Gaussian_trunc,4989,1669,0.3345359791541391,0.1809499955773912,0.3323228971161052,0.9301015026670304,0.90299098918477,0.5666285227578192,24.0,sensitivity,0.25
unplanned_icu,TP,Gaussian_mle,4989,116,0.0232511525355782,0.3351325898238746,0.0,0.0,0.0,0.0,24.0,soc_rate,0.25
unplanned_icu,TP,Gaussian_mle,4989,1350,0.2705953096812988,0.7082154952411833,3.429841310000433,1.266264710428788,1.197847894389423,0.7800802379562469,24.0,sensitivity,0.25
unplanned_icu,TP,Cohen_m4,4989,117,0.0234515935057125,0.6335892199128605,0.0,0.0,0.0,2.1397597804154445,24.0,soc_rate,0.25
unplanned_icu,TP,Cohen_m4,4989,851,0.1705752655842854,0.7769662209293111,0.0,0.0,1.014766448420192,1.0615592418734263,24.0,sensitivity,0.25
unplanned_icu,TP,Cohen_m3,4989,117,0.0234515935057125,0.8471181588907457,0.0,0.0,0.0,0.87832419266078,24.0,soc_rate,0.25
unplanned_icu,TP,Cohen_m3,4989,555,0.1112447384245339,0.0706360147936061,1.2809073042122574,1.2505776718934771,1.7863423440218258,0.8940569268917739,24.0,sensitivity,0.25
unplanned_icu,TP,Cohen_m2,4989,117,0.0234515935057125,0.1950801225259464,0.0,0.0,0.0,0.0,24.0,soc_rate,0.25
unplanned_icu,TP,Cohen_m2,4989,1022,0.2048506714772499,0.7884318071361164,0.6220208074522566,0.6155745437598299,0.6461535002426126,1.1280911561812288,24.0,sensitivity,0.25
unplanned_icu,TP,PerRI,4989,117,0.0234515935057125,0.3919484176740305,0.0,0.0,0.0,0.0,24.0,soc_rate,0.25
unplanned_icu,TP,PerRI,4989,1505,0.3016636600521146,0.3898972461108176,0.4566191619585962,0.1704686862975611,0.7728595117826,0.8010000560197998,24.0,sensitivity,0.25
unplanned_icu,TP,PopRI,4989,117,0.0234515935057125,0.8099346333117656,0.0,3.827513979213927,1.3895596590538388,0.3697187415111392,24.0,soc_rate,0.25
unplanned_icu,TP,PopRI,4989,1275,0.2555622369212267,0.9282049981865892,1.3050095058987914,1.2967859235482329,1.2725998353202754,1.1188320292728418,24.0,sensitivity,0.25
unplanned_icu,TP,NORMA_q_age_set_co,5827,1516,0.2601681825982495,0.693217774264459,3.9312168266019536,1.1415318082837065,1.2302461910304698,0.2448356941333837,0.0,sensitivity,0.25
unplanned_icu,TP,NORMA_q_age,5827,1016,0.1743607345117556,0.2294800238787882,6.545727845923031,1.7598623751646734,1.8772868767523887,0.5072321049607212,0.0,sensitivity,0.25
unplanned_icu,TBIL,Cohen_m4,1889,325,0.1720487030174695,0.4758820359393561,0.0,0.6924540891312931,1.0227434084764278,1.163242925588347,168.0,sensitivity,0.25
unplanned_icu,TBIL,Gaussian_mle,1889,351,0.1858125992588671,0.1618843804842454,0.9744886368418092,1.9407022488711776,0.9929494739412412,3.285265096948315,168.0,sensitivity,0.25
unplanned_icu,TP,NORMA_q_age_set,4989,117,0.0234515935057125,0.7324482660350775,0.0,0.0,1.3378763777412013,0.3488355134203954,24.0,soc_rate,0.25
unplanned_icu,TP,NORMA_334f7e21,1530,169,0.1104575163398692,0.1090601629314763,0.0,0.0,0.0,0.0,168.0,soc_rate,0.25
unplanned_icu,TP,NORMA_334f7e21,4989,1200,0.2405291641611545,0.7672894104031841,0.6112349033296672,1.4676819224665836,1.8255929809846967,0.3402936256990198,24.0,sensitivity,0.25
unplanned_icu,TP,Gaussian_eb,5827,1468,0.2519306675819461,0.6459787552959527,0.7119843073681716,1.057907310242562,2.154262582505252,0.940217002349522,0.0,sensitivity,0.25
unplanned_icu,TP,Cohen_m3,5827,1155,0.1982152050798009,0.7251236370401095,0.0,0.6256029662911192,1.5226648527739826,0.5606338021849374,0.0,sensitivity,0.25
unplanned_icu,TP,Cohen_m2,5827,1272,0.2182941479320405,0.5410828839983589,2.557534010702678,0.6866833891640238,1.0552214176188683,1.1357479475090024,0.0,sensitivity,0.25
unplanned_icu,TP,PerRI,5827,1818,0.3119958812424918,0.4586327504480408,1.3967594570766926,0.4503902687985092,0.8347105461794971,0.8032158093029678,0.0,sensitivity,0.25
unplanned_icu,TP,PopRI,5827,1816,0.3116526514501458,0.5299013748641302,1.3928239993104,0.4406430748925058,1.3269677173845462,1.3503669214893688,0.0,sensitivity,0.25
unplanned_icu,TBIL,StandardOfCare,1889,72,0.0381154049761778,0.2215356010011144,0.0,6.835641536089727,7.605414812764987,1.2483948861066176,168.0,soc_rate,0.25
unplanned_icu,TBIL,StandardOfCare,1889,72,0.0381154049761778,0.2215356010011144,0.0,6.835641536089727,7.605414812764987,1.2483948861066176,168.0,sensitivity,0.25
unplanned_icu,TBIL,NORMA_q_age_set_co,1889,72,0.0381154049761778,0.5163923941042758,0.0,3.077251839369304,1.7939578278498918,0.348661154012111,168.0,soc_rate,0.25
unplanned_icu,TBIL,NORMA_q_age_set_co,1889,294,0.1556379036527263,0.6168522441625626,1.0570202720859196,2.682866678701385,2.27956911512027,0.3543491190913121,168.0,sensitivity,0.25
unplanned_icu,TBIL,NORMA_q_age,1889,72,0.0381154049761778,0.0138002796816143,0.0,7.862187391740933,7.797288424729133,1.2887937524084805,168.0,soc_rate,0.25
unplanned_icu,TBIL,NORMA_q_age,1889,271,0.1434621492853361,0.5338909272288472,0.0,1.8067017814417567,1.798814109776468,0.7174264687860505,168.0,sensitivity,0.25
unplanned_icu,TBIL,NORMA_334f7e21,1889,72,0.0381154049761778,0.1417742170629805,0.0,3.0759423568929765,4.646048237014319,0.829240243733104,168.0,soc_rate,0.25
unplanned_icu,TBIL,NORMA_334f7e21,1889,248,0.131286394917946,0.4655358646381947,0.0,2.0249040266054004,3.5433843869181625,0.969671702498218,168.0,sensitivity,0.25
unplanned_icu,TBIL,NORMA_q_age_set,1889,72,0.0381154049761778,0.5187506641706929,0.0,3.02363597247037,4.437031257845899,0.79472032529888,168.0,soc_rate,0.25
unplanned_icu,TBIL,NORMA_q_age_set,1889,334,0.1768131286394918,0.9671118118866332,0.0,1.418165746090177,2.448376949750384,0.7047414272291326,168.0,sensitivity,0.25
unplanned_icu,TBIL,Gaussian_eb,1889,71,0.0375860243515087,0.6805880618664923,0.0,0.0,0.0,1.0588861288216518,168.0,soc_rate,0.25
unplanned_icu,TBIL,Gaussian_eb,1889,235,0.1244044467972472,0.295493784610506,1.389196527455569,5.57287527475221,2.6356629791933166,1.7992103669114623,168.0,sensitivity,0.25
unplanned_icu,TBIL,Gaussian_trunc,1889,71,0.0375860243515087,0.8144078659952407,0.0,0.0,0.0,1.2622305620866634,168.0,soc_rate,0.25
unplanned_icu,TBIL,Gaussian_trunc,1889,417,0.2207517204870301,0.6474303051092958,0.6970300595211089,1.5839840698912513,0.8172974292860989,1.4180993146641256,168.0,sensitivity,0.25
unplanned_icu,TBIL,Gaussian_mle,1889,71,0.0375860243515087,0.6605760601547652,0.0,2.9248186957104263,1.698658706071483,0.987291712401918,168.0,soc_rate,0.25
unplanned_icu,TP,Gaussian_trunc,5827,2264,0.3885361249356444,0.0833493759912222,0.3773714788422502,0.3807549367015073,0.682493416712872,0.4135996729618904,0.0,sensitivity,0.25
unplanned_icu,TP,NORMA_q_age_set,1530,385,0.2516339869281045,0.9753911771230014,0.9527784262865386,1.1503303059616026,0.7175214226317216,0.5820988530404961,168.0,sensitivity,0.25
unplanned_icu,TP,NORMA_334f7e21,5827,1301,0.2232709799210571,0.5369735159570528,4.8133111145914,1.476025161355612,1.885496290760753,0.4262675439443061,0.0,sensitivity,0.25
unplanned_icu,TBIL,Cohen_m3,1889,72,0.0381154049761778,0.8231301392875794,0.0,0.0,2.861772968233647,0.5329593216935801,168.0,soc_rate,0.25
unplanned_icu,PLT,NORMA_q_age,8911,78,0.0087532263494557,0.0680595602496109,0.0,0.0,0.0,14.883376799025722,24.0,soc_rate,0.25
unplanned_icu,PLT,NORMA_q_age_set_co,8911,2277,0.2555268768937268,0.8801109471000178,0.3921320445629662,0.9625287206374076,0.976309099309911,0.7949198581218185,24.0,sensitivity,0.25
unplanned_icu,TBIL,Cohen_m2,1889,338,0.1789306511381683,0.2658336692832227,0.0,0.0,1.368689276938421,1.90596662595138,168.0,sensitivity,0.25
unplanned_icu,TBIL,PerRI,1889,71,0.0375860243515087,0.0787356656811244,0.0,0.0,0.0,6.956611160920737,168.0,soc_rate,0.25
unplanned_icu,TBIL,PerRI,1889,215,0.1138168343038644,0.0004908653929142,1.859163638335944,4.112295181725155,3.562220681805746,5.3161685361205295,168.0,sensitivity,0.25
unplanned_icu,TBIL,PopRI,1889,72,0.0381154049761778,0.4107171889933129,4.931894564881803,5.943592614567273,3.306305924368865,0.6104796544586075,168.0,soc_rate,0.25
unplanned_icu,TBIL,PopRI,1889,383,0.2027527792482795,0.3058782069742656,1.8910851886051356,1.5416793375431683,2.3007540214609423,0.3070391621947539,168.0,sensitivity,0.25
unplanned_icu,TBIL,StandardOfCare,4070,112,0.0275184275184275,0.8567870081895705,0.0,0.0,3.74491203854694,0.7007302581437217,72.0,soc_rate,0.25
unplanned_icu,TBIL,StandardOfCare,4070,112,0.0275184275184275,0.8567870081895705,0.0,0.0,3.74491203854694,0.7007302581437217,72.0,sensitivity,0.25
unplanned_icu,TBIL,NORMA_q_age_set_co,4070,112,0.0275184275184275,0.916408038103511,0.0,0.0,0.0,0.0,72.0,soc_rate,0.25
unplanned_icu,TBIL,NORMA_q_age_set_co,4070,506,0.1243243243243243,0.0641794299520927,0.0,2.4628483180720115,3.4561626433540287,0.7711937439644647,72.0,sensitivity,0.25
unplanned_icu,TBIL,Cohen_m2,1889,72,0.0381154049761778,0.3243876537279118,0.0,0.0,0.0,0.0,168.0,soc_rate,0.25
unplanned_icu,TBIL,NORMA_q_age,4070,112,0.0275184275184275,0.1431258893216084,0.0,0.0,4.806073547407845,0.8936085430852515,72.0,soc_rate,0.25
unplanned_icu,TBIL,NORMA_334f7e21,4070,112,0.0275184275184275,0.7247707956349634,0.0,0.0,0.0,0.0,72.0,soc_rate,0.25
unplanned_icu,TBIL,NORMA_334f7e21,4070,413,0.1014742014742014,0.0103668408680193,0.0,11.02824680294606,4.827404850906713,1.2945544196016543,72.0,sensitivity,0.25
unplanned_icu,TBIL,NORMA_q_age_set,4070,112,0.0275184275184275,0.7804678650188196,0.0,0.0,4.217968885482034,0.784793960758547,72.0,soc_rate,0.25
unplanned_icu,TBIL,NORMA_q_age_set,4070,600,0.1474201474201474,0.0372911896153346,0.0,7.196589810770652,3.333178054664752,1.680369848804833,72.0,sensitivity,0.25
unplanned_icu,TBIL,Gaussian_eb,4070,110,0.027027027027027,0.962225203959029,0.0,0.0,0.0,2.0825973181914588,72.0,soc_rate,0.25
unplanned_icu,TBIL,Gaussian_eb,4070,585,0.1437346437346437,0.0975880577072978,0.0,2.119543480062137,3.834671168093561,1.2647265295989296,72.0,sensitivity,0.25
unplanned_icu,TBIL,Gaussian_trunc,4070,110,0.027027027027027,0.8657068121049961,0.0,0.0,0.0,3.029515518954205,72.0,soc_rate,0.25
unplanned_icu,TBIL,Gaussian_trunc,4070,837,0.2056511056511056,0.7270924319548082,4.5617021276678,14.494222006100628,2.7795454150193355,1.3716757170540417,72.0,sensitivity,0.25
unplanned_icu,TBIL,Gaussian_mle,4070,110,0.027027027027027,0.3275446823796955,0.0,0.0,0.0,0.0,72.0,soc_rate,0.25
unplanned_icu,TBIL,NORMA_q_age,4070,377,0.0926289926289926,0.0064487840841582,0.0,12.411503123260536,5.463476998575866,1.0732591092396604,72.0,sensitivity,0.25
unplanned_icu,TBIL,Gaussian_mle,4070,1111,0.2729729729729729,0.6615545265858622,3.185064935064203,10.339849888319293,0.7279198305948434,0.5087559282183789,72.0,sensitivity,0.25
unplanned_icu,TBIL,Cohen_m4,4070,674,0.1656019656019656,0.4373143753206592,0.0,1.6570295396026655,0.786202507625531,0.6242670715588646,72.0,sensitivity,0.25
unplanned_icu,TBIL,Gaussian_mle,5698,64,0.0112320112320112,0.5265771831739248,0.0,0.0,0.0,4.273225079400933,24.0,soc_rate,0.25
unplanned_icu,TBIL,Cohen_m2,4070,112,0.0275184275184275,0.3171412707140326,0.0,0.0,0.0,0.0,72.0,soc_rate,0.25
unplanned_icu,TBIL,Cohen_m2,4070,971,0.2385749385749385,0.6192877847835927,0.0,0.0,0.0,2.5867224590881364,72.0,sensitivity,0.25
unplanned_icu,TBIL,PerRI,4070,111,0.0272727272727272,0.6150249781920698,0.0,0.0,0.0,3.967515614249712,72.0,soc_rate,0.25
unplanned_icu,TBIL,PerRI,4070,463,0.1137592137592137,0.0005065354445286,0.0,2.5587783495634158,3.5025171646566102,4.234535832223845,72.0,sensitivity,0.25
unplanned_icu,TBIL,PopRI,4070,112,0.0275184275184275,0.0246778891386723,39.00000000000656,38.37244534651801,2.9824616319519586,2.6415205490190794,72.0,soc_rate,0.25
unplanned_icu,TBIL,PopRI,4070,588,0.1444717444717444,0.2730655082174704,6.943887775550689,6.792410910127238,2.1279806884470007,1.287396480271788,72.0,sensitivity,0.25
unplanned_icu,TBIL,StandardOfCare,5698,65,0.0114075114075114,0.454154247624642,0.0,0.0,0.0,0.0,24.0,soc_rate,0.25
unplanned_icu,TBIL,StandardOfCare,5698,65,0.0114075114075114,0.454154247624642,0.0,0.0,0.0,0.0,24.0,sensitivity,0.25
unplanned_icu,TBIL,NORMA_q_age_set_co,5698,65,0.0114075114075114,0.396934306568065,0.0,0.0,0.0,0.0,24.0,soc_rate,0.25
unplanned_icu,TBIL,NORMA_q_age_set_co,5698,867,0.1521586521586521,0.014436098762451,0.0,1.299691093473277,3.090030678827295,1.035635848551913,24.0,sensitivity,0.25
unplanned_icu,TBIL,NORMA_q_age,5698,65,0.0114075114075114,0.5503971256297489,0.0,0.0,0.0,0.0,24.0,soc_rate,0.25
unplanned_icu,TBIL,NORMA_q_age,5698,1073,0.1883116883116883,0.0802124778389885,0.0,0.9888028364283348,2.351007518959676,1.3474314145806254,24.0,sensitivity,0.25
unplanned_icu,TBIL,NORMA_334f7e21,5698,65,0.0114075114075114,0.3663134749453463,0.0,0.0,0.0,0.0,24.0,soc_rate,0.25
unplanned_icu,TBIL,NORMA_334f7e21,5698,912,0.16005616005616,0.0344414076995339,0.0,1.198826022386462,2.971020571127448,1.8836070723864176,24.0,sensitivity,0.25
unplanned_icu,TBIL,NORMA_q_age_set,5698,65,0.0114075114075114,0.5337377903460077,0.0,0.0,0.0,0.0,24.0,soc_rate,0.25
unplanned_icu,TBIL,NORMA_q_age_set,5698,1304,0.2288522288522288,0.2931252984491084,0.0,0.7667876374355419,1.9812870369944584,1.3479238783892709,24.0,sensitivity,0.25
unplanned_icu,TBIL,Gaussian_eb,5698,64,0.0112320112320112,0.4427625515611167,0.0,0.0,0.0,0.0,24.0,soc_rate,0.25
unplanned_icu,TBIL,Gaussian_eb,5698,1177,0.2065637065637065,0.1987134533425508,0.7663819288411912,0.3247555431488139,1.275027414800305,1.1889409037578766,24.0,sensitivity,0.25
unplanned_icu,TBIL,Gaussian_trunc,5698,64,0.0112320112320112,0.5722951718535713,0.0,0.0,0.0,0.0,24.0,soc_rate,0.25
unplanned_icu,TBIL,Gaussian_trunc,5698,1089,0.1911196911196911,0.2920228030340576,2.1054676147943505,2.4456732345153807,3.17665589890012,1.789039064138304,24.0,sensitivity,0.25
unplanned_icu,TBIL,Cohen_m3,4070,112,0.0275184275184275,0.8776715759167188,0.0,0.0,0.0,0.7849583435130755,72.0,soc_rate,0.25
unplanned_icu,TBIL,Cohen_m4,4070,112,0.0275184275184275,0.9860036153549294,0.0,0.0,0.0,0.0,72.0,soc_rate,0.25
unplanned_icu,NA,Gaussian_eb,9997,754,0.0754226267880364,0.1853713952303235,9.481830417242811,1.8558417486582357,2.838918923387489,0.8837085738643992,72.0,soc_rate,0.25
unplanned_icu,TBIL,Gaussian_mle,5698,1223,0.2146367146367146,0.088207251614262,1.8214670424519184,2.2022146616517277,2.200384318838211,1.9387008977829052,24.0,sensitivity,0.25
unplanned_icu,TBIL,Cohen_m4,5698,1276,0.2239382239382239,0.6448488741409159,0.0,0.3506899557060896,1.1679142317120883,0.7088867368745999,24.0,sensitivity,0.25
unplanned_icu,TBIL,Cohen_m3,5698,65,0.0114075114075114,0.4151804910788517,0.0,0.0,0.0,0.0,24.0,soc_rate,0.25
unplanned_icu,TBIL,Cohen_m3,5698,1113,0.1953316953316953,0.1540094971096837,0.8202149428416097,2.6189487412375514,1.371539627592848,1.3283364676352838,24.0,sensitivity,0.25
unplanned_icu,TBIL,Cohen_m2,5698,65,0.0114075114075114,0.4860659517836848,0.0,0.0,0.0,0.0,24.0,soc_rate,0.25
unplanned_icu,TBIL,Cohen_m2,5698,1541,0.2704457704457704,0.2462457445372671,1.358403177237656,0.5096589997032772,0.1536651407128718,2.171540061411449,24.0,sensitivity,0.25
unplanned_icu,TBIL,PerRI,5698,65,0.0114075114075114,0.4285933058322032,0.0,0.0,0.0,6.088331878357287,24.0,soc_rate,0.25
unplanned_icu,TBIL,PerRI,5698,858,0.1505791505791505,0.0008537928474179,2.814785466511703,1.8473923421916325,1.6654878634285897,3.803191785641725,24.0,sensitivity,0.25
unplanned_icu,TBIL,PopRI,5698,65,0.0114075114075114,0.5662669369340226,0.0,0.0,5.695493491134732,1.008343699695157,24.0,soc_rate,0.25
unplanned_icu,TBIL,PopRI,5698,1013,0.1777816777816777,0.2859612900687157,0.92286150127489,3.148579443412503,3.1325165396122627,1.1948429209300864,24.0,sensitivity,0.25
unplanned_icu,TBIL,NORMA_q_age_set_co,6537,882,0.1349242771913721,0.0316351940542661,1.7858598825972338,1.9065552231597864,2.315321829391122,1.041719574534281,0.0,sensitivity,0.25
unplanned_icu,TBIL,NORMA_q_age,6537,1015,0.1552700015297537,0.0804455435445018,1.514201676851054,1.2115435148675688,2.82969851205218,0.9369898620670758,0.0,sensitivity,0.25
unplanned_icu,TBIL,NORMA_334f7e21,6537,1033,0.1580235582071286,0.0603612161132151,1.0423521687006945,1.2859748130562194,2.8337579620823696,1.8474640256546924,0.0,sensitivity,0.25
unplanned_icu,TBIL,NORMA_q_age_set,6537,1329,0.2033042680128499,0.294953684024994,1.089714947452689,0.8693505883180653,2.0097729657844505,1.4897565551001994,0.0,sensitivity,0.25
unplanned_icu,TBIL,Gaussian_eb,6537,991,0.1515985926265871,0.2197424659208776,1.5575392244145634,1.174066090712264,2.0208213615516155,1.293742511487359,0.0,sensitivity,0.25
unplanned_icu,TBIL,Gaussian_trunc,6537,1126,0.1722502677068992,0.2370378998687635,1.8512377776910032,1.9705360058563264,2.568253505230728,1.753905448147741,0.0,sensitivity,0.25
unplanned_icu,TBIL,Gaussian_mle,6537,1340,0.2049869970934679,0.4985847246378257,0.7983635375954137,0.8801773408921755,0.5999243497997326,1.8087995261284524,0.0,sensitivity,0.25
unplanned_icu,TBIL,Cohen_m4,6537,925,0.141502218142879,0.1205649433327182,2.2626861394506768,1.2353094971163443,1.2457122881747738,0.7058514770631424,0.0,sensitivity,0.25
unplanned_icu,TBIL,Cohen_m3,6537,929,0.1421141196267401,0.2761608389836749,2.999835289338587,1.9554475042316664,2.1563917236724377,1.1473016317375335,0.0,sensitivity,0.25
unplanned_icu,TBIL,Cohen_m2,6537,1224,0.1872418540614961,0.1681061757964823,2.2586627833296,1.803488064839115,1.18170403119049,2.1965011194345685,0.0,sensitivity,0.25
unplanned_icu,TBIL,PerRI,6537,930,0.1422670949977053,0.0034820168523147,1.2414113251017629,1.7996760501969111,1.665033554682835,3.932342028612503,0.0,sensitivity,0.25
unplanned_icu,TBIL,PopRI,6537,841,0.1286522869817959,0.02418721099272,1.939198781476388,2.5085089131998672,3.934204873565606,0.9291788673974818,0.0,sensitivity,0.25
unplanned_icu,PLT,StandardOfCare,2375,56,0.023578947368421,0.5243342621450616,0.0,0.0,0.0,0.0,168.0,soc_rate,0.25
unplanned_icu,PLT,StandardOfCare,2375,56,0.023578947368421,0.5243342621450616,0.0,0.0,0.0,0.0,168.0,sensitivity,0.25
unplanned_icu,TBIL,Cohen_m3,4070,728,0.1788697788697788,0.3619568434724882,3.8113730929258014,3.7385669662015935,0.7065940774555152,1.1178417990009069,72.0,sensitivity,0.25
unplanned_icu,PLT,NORMA_q_age_set_co,2375,638,0.2686315789473684,0.9589606677339808,0.0,0.9073025632472964,0.779426119519797,0.4320335733364047,168.0,sensitivity,0.25
unplanned_icu,PLT,NORMA_q_age,2375,56,0.023578947368421,0.0003595065302079,0.0,13.753909215720483,4.050638270999604,5.615308144220879,168.0,soc_rate,0.25
unplanned_icu,PLT,NORMA_q_age,2375,568,0.2391578947368421,0.7219806815585952,,2.625033771560168,0.6222816005436099,0.5095365311197764,168.0,sensitivity,0.25
unplanned_icu,PLT,NORMA_334f7e21,2375,56,0.023578947368421,0.1045285370370599,0.0,0.0,0.0,5.460275038735022,168.0,soc_rate,0.25
unplanned_icu,PLT,NORMA_334f7e21,2375,604,0.2543157894736842,0.8117851016585123,,2.4445555710651763,0.578619643107244,0.4756277959335777,168.0,sensitivity,0.25
unplanned_icu,PLT,NORMA_q_age_set,2375,56,0.023578947368421,0.0002398803081545,0.0,13.750298462438574,4.046435852462703,6.304755601071702,168.0,soc_rate,0.25
unplanned_icu,PLT,NORMA_q_age_set,2375,546,0.2298947368421052,0.8535065110531697,0.0,1.127648628692675,0.3339342483436076,0.9829312600329874,168.0,sensitivity,0.25
unplanned_icu,PLT,Gaussian_eb,2375,55,0.0231578947368421,0.579104304779212,0.0,0.0,0.0,0.0,168.0,soc_rate,0.25
unplanned_icu,PLT,Gaussian_eb,2375,1000,0.4210526315789473,0.4118294864470334,,0.3566533146986926,0.5897470553430989,0.7435101856221943,168.0,sensitivity,0.25
unplanned_icu,PLT,Gaussian_trunc,2375,55,0.0231578947368421,0.0748799293041991,0.0,21.53287006294625,6.013270652210967,1.15626054978604,168.0,soc_rate,0.25
unplanned_icu,PLT,Gaussian_trunc,2375,1198,0.504421052631579,0.1530072081959479,,1.074834089190304,0.7034693060128719,0.2738283472111159,168.0,sensitivity,0.25
unplanned_icu,PLT,Gaussian_mle,2375,55,0.0231578947368421,0.6395688340921359,0.0,0.0,0.0,0.0,168.0,soc_rate,0.25
unplanned_icu,PLT,Gaussian_mle,2375,837,0.3524210526315789,0.6916776527902406,,0.4716712850676027,0.781406508258508,0.9396868275554656,168.0,sensitivity,0.25
unplanned_icu,PLT,Cohen_m4,2375,56,0.023578947368421,0.5304911365951802,0.0,0.0,0.0,0.0,168.0,soc_rate,0.25
unplanned_icu,PLT,Cohen_m4,2375,564,0.2374736842105263,0.9914575627313812,,0.8018548428336968,0.8421207959741889,0.9578131307369544,168.0,sensitivity,0.25
unplanned_icu,PLT,Cohen_m3,2375,56,0.023578947368421,0.3474173633333407,0.0,0.0,0.0,3.133077567692005,168.0,soc_rate,0.25
unplanned_icu,PLT,Cohen_m3,2375,573,0.2412631578947368,0.8538518267936367,0.0,1.3193303668218186,1.2738220104786595,1.2832203938437148,168.0,sensitivity,0.25
unplanned_icu,PLT,Cohen_m2,2375,56,0.023578947368421,0.3311808519628673,0.0,0.0,0.0,3.42506961832608,168.0,soc_rate,0.25
unplanned_icu,PLT,Cohen_m2,2375,459,0.1932631578947368,0.6362700124639984,0.0,0.0,0.887008521583423,1.3374714738534066,168.0,sensitivity,0.25
unplanned_icu,PLT,PerRI,2375,56,0.023578947368421,0.6109156923550174,0.0,0.0,0.0,0.0,168.0,soc_rate,0.25
unplanned_icu,PLT,PerRI,2375,1180,0.4968421052631579,0.2238950112556465,,1.111344739917942,0.7246032102668066,0.3107850255930172,168.0,sensitivity,0.25
unplanned_icu,PLT,PopRI,2375,56,0.023578947368421,0.5160554910943931,0.0,0.0,0.0,0.0,168.0,soc_rate,0.25
unplanned_icu,PLT,PopRI,2375,413,0.1738947368421052,0.6673433769264125,,1.2020070169363877,3.041266299075862,1.4217331788039342,168.0,sensitivity,0.25
unplanned_icu,TBIL,Cohen_m4,5698,65,0.0114075114075114,0.4638868765223929,0.0,0.0,0.0,0.0,24.0,soc_rate,0.25
unplanned_icu,TBIL,Cohen_m3,1889,398,0.2106934886183165,0.4421972690630765,0.7278376718439181,0.936234604713392,1.8646501024799955,1.5036001011441502,168.0,sensitivity,0.25
unplanned_icu,PLT,StandardOfCare,5958,100,0.0167841557569654,9.00446543135336e-05,,124.34306023146664,18.38566801841286,2.150186290151582,72.0,soc_rate,0.25
unplanned_icu,PLT,NORMA_q_age_set_co,5958,100,0.0167841557569654,0.1685660676977197,,0.0,0.0,7.762838910108106,72.0,soc_rate,0.25
unplanned_icu,PLT,NORMA_334f7e21,5958,100,0.0167841557569654,0.124926207159075,,0.0,0.0,9.358857325406518,72.0,soc_rate,0.25
unplanned_icu,PLT,NORMA_334f7e21,5958,1744,0.292715676401477,0.7592201007435136,,0.0,1.5637869280902057,0.5419656563124571,72.0,sensitivity,0.25
unplanned_icu,PLT,NORMA_q_age_set,5958,100,0.0167841557569654,0.0003481849084823,,0.0,9.255107911369793,10.690180930136597,72.0,soc_rate,0.25
unplanned_icu,PLT,NORMA_q_age_set,5958,1323,0.2220543806646525,0.9230669192232394,,1.5673165078210274,0.8941648681588402,1.3209344772437417,72.0,sensitivity,0.25
unplanned_icu,PLT,Gaussian_eb,5958,99,0.0166163141993957,0.5815884363693213,,0.0,0.0,0.0,72.0,soc_rate,0.25
unplanned_icu,PLT,Gaussian_eb,5958,3415,0.5731789191003692,0.0171548635739563,,0.0,0.2298588014837515,0.5950122174681892,72.0,sensitivity,0.25
unplanned_icu,PLT,Gaussian_trunc,5958,99,0.0166163141993957,0.1066085946444421,,0.0,14.016697100115763,1.8031263119260916,72.0,soc_rate,0.25
unplanned_icu,PLT,Gaussian_trunc,5958,2774,0.4655924806982209,0.1375690524792392,,0.7267750317250959,1.2266301887475417,0.3502562101973597,72.0,sensitivity,0.25
unplanned_icu,PLT,Gaussian_mle,5958,99,0.0166163141993957,0.6205909061649584,,0.0,0.0,0.0,72.0,soc_rate,0.25
unplanned_icu,PLT,NORMA_q_age,5958,1476,0.2477341389728096,0.8437312945892258,,0.0,1.9809462965163989,0.7064134758487,72.0,sensitivity,0.25
unplanned_icu,PLT,Gaussian_mle,5958,2925,0.4909365558912387,0.0870690043585695,,0.4599354658202556,0.2467322160705319,0.7616564443690204,72.0,sensitivity,0.25
unplanned_icu,PLT,Cohen_m4,5958,1172,0.1967103054716348,0.9657240567795902,,2.2629609041581165,0.7992194672599532,1.2989731397458653,72.0,sensitivity,0.25
unplanned_icu,PLT,Cohen_m3,5958,100,0.0167841557569654,0.5920806310267681,,0.0,0.0,3.049225200907474,72.0,soc_rate,0.25
unplanned_icu,PLT,Cohen_m3,5958,1128,0.18932527693857,0.9070282147823358,,2.325002196078126,1.093952620405658,1.7251164688797151,72.0,sensitivity,0.25
unplanned_icu,PLT,Cohen_m2,5958,100,0.0167841557569654,0.5538833310109028,,0.0,0.0,3.2761044793085503,72.0,soc_rate,0.25
unplanned_icu,PLT,Cohen_m2,5958,1060,0.1779120510238335,0.8363080410993536,,0.0,0.7337125145559765,1.697537275390511,72.0,sensitivity,0.25
unplanned_icu,PLT,PerRI,5958,100,0.0167841557569654,0.5834451060550756,,0.0,0.0,0.0,72.0,soc_rate,0.25
unplanned_icu,PLT,PerRI,5958,2479,0.4160792212151729,0.5880224619251373,,3.377739778593328,0.5651996853056651,0.6438387840192283,72.0,sensitivity,0.25
unplanned_icu,PLT,PopRI,5958,100,0.0167841557569654,0.5216760879063718,,0.0,0.0,0.0,72.0,soc_rate,0.25
unplanned_icu,PLT,PerRI,8911,5059,0.5677252833576478,0.1037804173053839,0.2422629073318962,0.1976811391102806,0.9239685061753778,0.4824304410648351,24.0,sensitivity,0.25
unplanned_icu,PLT,Cohen_m4,5958,100,0.0167841557569654,0.4604884432178184,,0.0,0.0,0.0,72.0,soc_rate,0.25
unplanned_icu,PLT,NORMA_q_age,5958,100,0.0167841557569654,0.1136540682064208,,0.0,0.0,7.802036158858021,72.0,soc_rate,0.25
unplanned_icu,PLT,PopRI,5958,1015,0.170359180933199,0.4802130362174628,,11.87280533129892,1.877633996124816,0.7215671739718952,72.0,sensitivity,0.25
unplanned_icu,PLT,StandardOfCare,8911,78,0.0087532263494557,0.1924164533013985,0.0,0.0,9.567253915166672,1.0658342898923467,24.0,soc_rate,0.25
unplanned_icu,TP,Gaussian_eb,3337,328,0.0982918789331735,0.8559924337831017,4.568587384798945,0.9422630572648484,0.3153404089668867,0.9513249665513624,72.0,soc_rate,0.25
unplanned_icu,PLT,NORMA_q_age,8911,2164,0.2428459207720794,0.3388578773368482,1.9013929160573384,2.795582038718654,3.565489106821008,0.7970478061380473,24.0,sensitivity,0.25
unplanned_icu,PLT,NORMA_334f7e21,8911,78,0.0087532263494557,0.084350925791124,0.0,0.0,0.0,11.15816296607345,24.0,soc_rate,0.25
unplanned_icu,PLT,NORMA_334f7e21,8911,2493,0.2797665806306811,0.6663875271328221,1.5672978692518502,2.302007795412801,2.922945317493465,0.6427609441128284,24.0,sensitivity,0.25
unplanned_icu,PLT,NORMA_q_age_set,8911,78,0.0087532263494557,0.1030700462512707,0.0,0.0,0.0,11.153077516835026,24.0,soc_rate,0.25
unplanned_icu,PLT,NORMA_q_age_set,8911,1772,0.1988553473235327,0.7472728798180929,1.4034338166427844,2.337736600099709,1.0355153248656326,1.5139639405495111,24.0,sensitivity,0.25
unplanned_icu,PLT,Gaussian_eb,8911,77,0.0086410054988216,0.6162735993615753,0.0,0.0,0.0,0.0,24.0,soc_rate,0.25
unplanned_icu,PLT,Gaussian_eb,8911,4974,0.5581865110537538,0.0642107406329659,0.7927712369422264,1.0787033205215673,0.4651498582479751,1.068540086511484,24.0,sensitivity,0.25
unplanned_icu,PLT,NORMA_q_age_set_co,8911,78,0.0087532263494557,0.6534103721566561,0.0,0.0,0.0,0.0,24.0,soc_rate,0.25
unplanned_icu,PLT,Gaussian_trunc,8911,77,0.0086410054988216,0.6452042753916116,0.0,0.0,0.0,0.0,24.0,soc_rate,0.25
unplanned_icu,PLT,Gaussian_mle,8911,77,0.0086410054988216,0.6708084680636254,0.0,0.0,0.0,0.0,24.0,soc_rate,0.25
unplanned_icu,PLT,Gaussian_mle,8911,4722,0.5299068566939737,0.0527748094452352,0.5457992375445112,0.8044646699047696,0.5962048098434816,0.6982468785542877,24.0,sensitivity,0.25
unplanned_icu,PLT,Cohen_m4,8911,78,0.0087532263494557,0.5112824815925705,0.0,0.0,0.0,0.0,24.0,soc_rate,0.25
unplanned_icu,PLT,Cohen_m4,8911,1725,0.1935809673437324,0.2428973264692807,1.29876013070141,2.155362859710648,1.8922440437095849,2.186814874755138,24.0,sensitivity,0.25
unplanned_icu,PLT,Cohen_m3,8911,78,0.0087532263494557,0.3248800823935867,0.0,0.0,0.0,5.517925760333994,24.0,soc_rate,0.25
unplanned_icu,PLT,Cohen_m3,8911,2078,0.2331949276175513,0.924218018607422,0.4415566257275266,1.0329576289608131,0.905200959147116,1.9510930117201264,24.0,sensitivity,0.25
unplanned_icu,PLT,Cohen_m2,8911,78,0.0087532263494557,0.4972452827714188,0.0,0.0,0.0,4.388692982600932,24.0,soc_rate,0.25
unplanned_icu,PLT,Cohen_m2,8911,2606,0.2924475367523286,0.6762282660652421,0.3244646355986396,0.7630896359794622,0.2180451698168105,1.897071775998193,24.0,sensitivity,0.25
unplanned_icu,PLT,PerRI,8911,78,0.0087532263494557,0.6195325822640467,0.0,0.0,0.0,0.0,24.0,soc_rate,0.25
unplanned_icu,PLT,Gaussian_trunc,8911,5037,0.5652564246436989,0.0506378618003519,0.478173879855115,0.7027923282880012,0.968721583663126,0.3460234736379023,24.0,sensitivity,0.25
unplanned_icu,PLT,StandardOfCare,8911,78,0.0087532263494557,0.1924164533013985,0.0,0.0,9.567253915166672,1.0658342898923467,24.0,sensitivity,0.25
unplanned_icu,PLT,PopRI,8911,78,0.0087532263494557,0.5964703889779477,0.0,0.0,0.0,0.0,24.0,soc_rate,0.25
unplanned_icu,PLT,PopRI,8911,2000,0.2244417012680956,0.2234444430663435,0.4750554356629271,0.3968319358649539,2.896776430650053,0.8863920783056708,24.0,sensitivity,0.25
unplanned_icu,PLT,NORMA_q_age_set_co,10130,2562,0.2529121421520237,0.9579188746677868,0.5742457439894727,0.818216713780136,1.071857971603134,0.7919071448900197,0.0,sensitivity,0.25
unplanned_icu,NA,Gaussian_mle,3170,370,0.1167192429022082,0.4342959607762064,0.0,2.2456141436364043,3.2080314873839058,0.6399065543547668,168.0,soc_rate,0.25
unplanned_icu,PLT,NORMA_334f7e21,10130,2206,0.2177690029615005,0.2811804593519083,3.429472140814378,3.273494410437493,1.7435056635931667,0.7934685402187802,0.0,sensitivity,0.25
unplanned_icu,PLT,NORMA_q_age_set,10130,1952,0.1926949654491609,0.7543263476814687,2.0209286383681184,2.252386647429007,1.414507715538007,0.6914783203609024,0.0,sensitivity,0.25
unplanned_icu,PLT,Gaussian_eb,10130,5510,0.543928923988154,0.0284513036639963,0.8122959104263463,0.5860125372329337,0.2486886935658902,1.120810838314827,0.0,sensitivity,0.25
unplanned_icu,PLT,Gaussian_trunc,10130,5728,0.5654491609081935,0.0325557942305222,0.4158072999625271,0.6047376320112885,0.6708372460195884,0.3621137449693089,0.0,sensitivity,0.25
unplanned_icu,PLT,Gaussian_mle,10130,5346,0.5277393879565646,0.0195798483445917,0.4370600230781981,0.4892010215477926,0.3255933309193722,0.7182172440690677,0.0,sensitivity,0.25
unplanned_icu,PLT,Cohen_m4,10130,1297,0.128035538005923,0.0202396426535579,12.783666549509595,5.568346043642111,3.0228938245697354,1.7466208321295464,0.0,sensitivity,0.25
unplanned_icu,PLT,Cohen_m3,10130,2241,0.2212240868706811,0.6363577342678085,1.7063640506024291,1.2910020899682786,1.2780861863384292,2.0594591140050977,0.0,sensitivity,0.25
unplanned_icu,PLT,Cohen_m2,10130,2691,0.2656465942744324,0.9667903300356882,1.3388782134454464,1.0140190804482545,0.4446401546247681,2.1334915693254377,0.0,sensitivity,0.25
unplanned_icu,PLT,PerRI,10130,4859,0.4796643632773938,0.2485569051092278,1.0429715365551793,0.4889128465316543,0.988476126313138,0.5802802860756461,0.0,sensitivity,0.25
unplanned_icu,PLT,PopRI,10130,2124,0.2096742349457058,0.1085835556717096,3.936391256041607,1.243040505798489,1.6991000671028222,0.9781213026886248,0.0,sensitivity,0.25
unplanned_icu,NA,StandardOfCare,3170,376,0.1186119873817034,0.7886564311777253,0.0,2.000170780814688,2.5182122800027824,1.2178255577595034,168.0,soc_rate,0.25
unplanned_icu,NA,StandardOfCare,3170,376,0.1186119873817034,0.7886564311777253,0.0,2.000170780814688,2.5182122800027824,1.2178255577595034,168.0,sensitivity,0.25
unplanned_icu,NA,NORMA_q_age_set_co,3170,376,0.1186119873817034,0.6110847471663797,0.0,0.0,1.574968541806325,0.3498787437796347,168.0,soc_rate,0.25
unplanned_icu,NA,NORMA_q_age_set_co,3170,562,0.1772870662460567,0.4939828459253758,1.467686691298545,3.3197675160324,2.5198521696127947,0.4593149092736385,168.0,sensitivity,0.25
unplanned_icu,NA,NORMA_q_age,3170,376,0.1186119873817034,0.9024326802976452,0.0,2.284044718588521,0.8892002983774756,0.2100820712222867,168.0,soc_rate,0.25
unplanned_icu,NA,NORMA_q_age,3170,607,0.1914826498422712,0.489343648564184,1.7646113917479067,3.5522895990738017,5.087496491460643,0.6960969047817002,168.0,sensitivity,0.25
unplanned_icu,NA,NORMA_334f7e21,3170,376,0.1186119873817034,0.924531674633488,2.329033119594197,1.685906701687166,2.7761535975424847,0.5651555577069909,168.0,soc_rate,0.25
unplanned_icu,NA,NORMA_334f7e21,3170,532,0.1678233438485804,0.3516478681902715,1.552660145250868,3.47445762895622,5.546355414715745,0.7907246810541434,168.0,sensitivity,0.25
unplanned_icu,NA,NORMA_q_age_set,3170,376,0.1186119873817034,0.5853088128646616,0.0,0.0,1.8909372111956395,0.4238935184565054,168.0,soc_rate,0.25
unplanned_icu,NA,NORMA_q_age_set,3170,588,0.1854889589905362,0.1369332005069037,4.959018423471123,7.733884588356114,7.50343095416482,0.8921013590131102,168.0,sensitivity,0.25
unplanned_icu,NA,Gaussian_eb,3170,715,0.2255520504731861,0.7837465959331394,0.0,0.9782463939616473,1.3185227356068088,0.2539533410826708,168.0,sensitivity,0.25
unplanned_icu,PLT,NORMA_q_age,10130,1846,0.1822309970384995,0.1050477408186927,4.2821038917463214,4.075572348427387,2.166425887399324,0.9074063811268248,0.0,sensitivity,0.25
unplanned_icu,PLT,StandardOfCare,5958,100,0.0167841557569654,9.00446543135336e-05,,124.34306023146664,18.38566801841286,2.150186290151582,72.0,sensitivity,0.25
unplanned_icu,NA,Gaussian_eb,3170,370,0.1167192429022082,0.7519569705063996,0.0,2.1562700035571885,2.8484838673248296,0.5510014777101989,168.0,soc_rate,0.25
unplanned_icu,PLT,NORMA_q_age_set_co,5958,1617,0.2713997985901309,0.8151329680251256,,1.7095532380340583,0.7803071153537753,0.5720087614839217,72.0,sensitivity,0.25
unplanned_icu,NA,Gaussian_mle,3170,912,0.2876971608832807,0.7014841174521976,0.0,0.7165344030974842,0.9861923069444236,0.5294277760781443,168.0,sensitivity,0.25
unplanned_icu,NA,Cohen_m4,3170,376,0.1186119873817034,0.3435977930515501,0.0,2.0857968054008458,2.599561701436496,1.2387521245035455,168.0,soc_rate,0.25
unplanned_icu,NA,Cohen_m4,3170,521,0.1643533123028391,0.506074745068269,1.5630265300004902,3.4274938907870776,2.607681292177257,0.9061452055369316,168.0,sensitivity,0.25
unplanned_icu,NA,Cohen_m3,3170,376,0.1186119873817034,0.4895051099348452,0.0,2.1203886381754744,5.134562262879349,0.7983116903380512,168.0,soc_rate,0.25
unplanned_icu,NA,Cohen_m3,3170,487,0.1536277602523659,0.4143283556541964,1.68611289386654,3.71289821385965,5.403982553953379,0.7312874068352495,168.0,sensitivity,0.25
unplanned_icu,NA,Cohen_m2,3170,376,0.1186119873817034,0.7787845227305219,0.0,2.129395370728268,2.6979412002371275,0.517103022132995,168.0,soc_rate,0.25
unplanned_icu,NA,Cohen_m2,3170,651,0.2053627760252366,0.6566112967159778,0.0,1.1203246684877353,1.4654676037414314,0.280762857258133,168.0,sensitivity,0.25
unplanned_icu,NA,PerRI,3170,376,0.1186119873817034,0.6469222804235946,0.0,0.0,0.0,0.0,168.0,soc_rate,0.25
unplanned_icu,NA,PerRI,3170,778,0.2454258675078864,0.3522954095262305,1.0061189214094577,2.2655265223345253,0.7564874395850807,1.4177209934279478,168.0,sensitivity,0.25
unplanned_icu,NA,PopRI,3170,376,0.1186119873817034,0.0658939484594465,0.0,2.1796487783085805,5.447020503135098,1.900153311973475,168.0,soc_rate,0.25
unplanned_icu,NA,PopRI,3170,296,0.0933753943217665,0.0102705923155062,0.0,2.8377538906503097,7.253894280130436,2.5291455032503123,168.0,sensitivity,0.25
unplanned_icu,NA,StandardOfCare,9997,768,0.0768230469140742,0.9866966723098428,0.0,0.0,3.802230260015957,0.4392899333207519,72.0,soc_rate,0.25
unplanned_icu,NA,StandardOfCare,9997,768,0.0768230469140742,0.9866966723098428,0.0,0.0,3.802230260015957,0.4392899333207519,72.0,sensitivity,0.25
unplanned_icu,NA,NORMA_q_age_set_co,9997,768,0.0768230469140742,0.1719869873493369,0.0,0.0,0.0,0.0,72.0,soc_rate,0.25
unplanned_icu,NA,NORMA_q_age_set_co,9997,1667,0.1667500250075022,0.4917493775573722,6.199548192785945,0.9768446957702438,2.4400854956129168,0.4813020447511786,72.0,sensitivity,0.25
unplanned_icu,NA,NORMA_q_age,9997,768,0.0768230469140742,0.6430575585840168,0.0,0.0,0.0,0.0,72.0,soc_rate,0.25
unplanned_icu,NA,NORMA_q_age,9997,1855,0.18555566670001,0.5192683371351636,5.484662576698828,0.8661256622883589,2.49661539371511,0.7038780437284089,72.0,sensitivity,0.25
unplanned_icu,NA,NORMA_334f7e21,9997,768,0.0768230469140742,0.7443373471003414,0.0,0.0,0.0,0.6839925015619556,72.0,soc_rate,0.25
unplanned_icu,NA,NORMA_334f7e21,9997,1866,0.1866559967990397,0.7216406358926282,5.404169468775295,0.8488984206841271,2.0331139253131782,0.6126156798467164,72.0,sensitivity,0.25
unplanned_icu,NA,NORMA_q_age_set,9997,768,0.0768230469140742,0.2600623455891624,0.0,0.0,0.0,0.0,72.0,soc_rate,0.25
unplanned_icu,NA,Gaussian_trunc,3170,660,0.2082018927444795,0.9416125702219128,0.0,0.0,2.0107496873708803,1.2371581621657808,168.0,sensitivity,0.25
unplanned_icu,NA,Gaussian_trunc,3170,370,0.1167192429022082,0.0827253841461695,0.0,0.0,0.0,0.0,168.0,soc_rate,0.25
unplanned_icu,TP,NORMA_q_age_set,3337,539,0.1615223254420137,0.6403954363757132,2.5848741611498376,2.8715678715921857,1.2660052083930418,0.2105834349101811,72.0,sensitivity,0.25
unplanned_icu,HCT,PerRI,2824,350,0.1239376770538243,0.4971976567337222,0.0,0.0,0.0,0.0,24.0,soc_rate,0.25
unplanned_icu,TBIL,Cohen_m4,1889,72,0.0381154049761778,0.7261831687399558,0.0,0.0,0.0,0.0,168.0,soc_rate,0.25
unplanned_icu,NA,Gaussian_mle,9997,3164,0.3164949484845453,0.6404297082652639,0.0,0.6281155650697601,0.619089671077141,0.4672874684959041,72.0,sensitivity,0.25
unplanned_icu,NA,Cohen_m4,9997,768,0.0768230469140742,0.2667957390308025,0.0,0.0,1.710238155284191,1.5903589676074514,72.0,soc_rate,0.25
unplanned_icu,NA,Cohen_m4,9997,1574,0.157447234170251,0.6727633095864629,0.0,1.430724651537468,2.4604872906567,0.8368761700850947,72.0,sensitivity,0.25
unplanned_icu,NA,Cohen_m3,9997,768,0.0768230469140742,0.1962967900631521,0.0,3.062268390018253,2.7372375170315943,1.0654606061004654,72.0,soc_rate,0.25
unplanned_icu,NA,Cohen_m3,9997,1008,0.1008302490747224,0.1618382016957906,10.824390243933712,5.314287221404287,2.8395558426778025,0.902917379065256,72.0,sensitivity,0.25
unplanned_icu,NA,Cohen_m2,9997,768,0.0768230469140742,0.7242364040372751,0.0,0.0,0.0,0.3995549805973889,72.0,soc_rate,0.25
unplanned_icu,NA,Cohen_m2,9997,2321,0.2321696508952686,0.9733936200541288,0.0,0.0,0.6003640590374216,0.8076305686814154,72.0,sensitivity,0.25
unplanned_icu,NA,PerRI,9997,767,0.0767230169050715,0.2944490221765258,0.0,0.0,0.0,0.0,72.0,soc_rate,0.25
unplanned_icu,NA,PerRI,9997,2928,0.292887866359908,0.6592598751744652,0.0,0.0,1.1663705343348083,2.5349597647494964,72.0,sensitivity,0.25
unplanned_icu,NA,Gaussian_mle,9997,754,0.0754226267880364,0.8047333671386085,0.0,0.0,2.416384499492884,0.3264075543188899,72.0,soc_rate,0.25
unplanned_icu,NA,PopRI,9997,768,0.0768230469140742,0.8509377956135739,0.0,0.0,0.0,2.4128571294726835,72.0,soc_rate,0.25
unplanned_icu,NA,StandardOfCare,13771,409,0.029700094401278,0.0359861788457528,15.399609221479087,4.312414006126137,5.13814228485379,1.2835634953009347,24.0,soc_rate,0.25
unplanned_icu,NA,StandardOfCare,13771,409,0.029700094401278,0.0359861788457528,15.399609221479087,4.312414006126137,5.13814228485379,1.2835634953009347,24.0,sensitivity,0.25
unplanned_icu,NA,NORMA_q_age_set_co,13771,409,0.029700094401278,0.4196812302903727,0.0,0.0,0.0,0.0,24.0,soc_rate,0.25
unplanned_icu,NA,NORMA_q_age_set_co,13771,2201,0.1598286253721589,0.4703835465710791,2.4508829671263883,2.387243542415717,1.26750760179703,0.4958280222771676,24.0,sensitivity,0.25
unplanned_icu,NA,NORMA_q_age,13771,409,0.029700094401278,0.4362340335816397,0.0,0.0,0.0,0.0,24.0,soc_rate,0.25
unplanned_icu,NA,NORMA_q_age,13771,2578,0.1872049960060997,0.6254465616661322,2.0218654941735457,1.9737584937521189,1.2463115814952528,0.650165548519604,24.0,sensitivity,0.25
unplanned_icu,NA,NORMA_334f7e21,13771,409,0.029700094401278,0.4701250095063952,0.0,0.0,0.0,0.0,24.0,soc_rate,0.25
unplanned_icu,NA,NORMA_334f7e21,13771,2472,0.1795076610267954,0.7128773718622676,2.128950439527906,2.078556701247511,1.072502760788501,0.6216240627923866,24.0,sensitivity,0.25
unplanned_icu,NA,Gaussian_mle,14794,3685,0.2490874678923888,0.7198339217388934,1.297025908347562,1.3642663378752466,1.0889424222704638,0.4406111861804164,0.0,sensitivity,0.25
unplanned_icu,NA,PopRI,9997,1887,0.1887566269880964,0.5821923820728858,5.389374579648464,0.8456070796954062,0.8753435796646726,1.0813729983833484,72.0,sensitivity,0.25
unplanned_icu,NA,Gaussian_trunc,9997,2012,0.201260378113434,0.7614901570574881,,1.6758845225969308,0.3775903802821833,1.1228657526579031,72.0,sensitivity,0.25
unplanned_icu,NA,NORMA_q_age_set,13771,409,0.029700094401278,0.4417059698213951,0.0,0.0,0.0,0.0,24.0,soc_rate,0.25
unplanned_icu,NA,NORMA_q_age_set,13771,2724,0.1978069856945755,0.4470576441356405,1.890568214024901,1.3107355029053922,2.073553608417585,0.7610735778533665,24.0,sensitivity,0.25
unplanned_icu,NA,Gaussian_trunc,13771,2803,0.2035436787451891,0.9034876545799092,0.0,2.191385508903063,0.3605860072790757,1.0077833095751445,24.0,sensitivity,0.25
unplanned_icu,NA,Gaussian_mle,13771,401,0.0291191634594437,0.4626389421855351,0.0,0.0,0.0,0.0,24.0,soc_rate,0.25
unplanned_icu,NA,Gaussian_mle,13771,3865,0.2806622612736911,0.8430890447768592,1.4082937424053152,1.6618127668649032,0.5040071394580202,0.2667566601256602,24.0,sensitivity,0.25
unplanned_icu,NA,Cohen_m4,13771,409,0.029700094401278,0.018450207257485,0.0,0.0,0.0,3.1178348790610304,24.0,soc_rate,0.25
unplanned_icu,NA,Cohen_m4,13771,1287,0.0934572652675913,0.0504025293621307,19.941828090621755,5.782417893489663,0.9581682386766116,1.3357353093346525,24.0,sensitivity,0.25
unplanned_icu,NA,Cohen_m3,13771,409,0.029700094401278,0.0692597021783749,0.0,0.0,0.0,1.896867945579085,24.0,soc_rate,0.25
unplanned_icu,NA,Cohen_m3,13771,1529,0.1110304262580785,0.1858097050145529,0.0,3.858626733393622,1.260427190228564,0.8088896399094458,24.0,sensitivity,0.25
unplanned_icu,NA,Cohen_m2,13771,409,0.029700094401278,0.1364424807609179,0.0,5.0234008518932445,1.101950986565846,1.0643186451737103,24.0,soc_rate,0.25
unplanned_icu,NA,Gaussian_eb,13771,2752,0.1998402439909955,0.7641649970723545,2.200783676683025,4.9587200215537415,0.6163610967658036,0.3352291488905696,24.0,sensitivity,0.25
unplanned_icu,NA,Cohen_m2,13771,3062,0.2223513179870742,0.9114265088792672,0.0,1.263614456374616,0.2428794061613806,0.2712613272371432,24.0,sensitivity,0.25
unplanned_icu,NA,PerRI,13771,4505,0.3271367366204342,0.7788892750504007,0.0,0.3127367823436641,0.4489108251014232,1.970898152919292,24.0,sensitivity,0.25
unplanned_icu,NA,PopRI,13771,409,0.029700094401278,0.2862876107441757,0.0,0.0,0.0,0.0,24.0,soc_rate,0.25
unplanned_icu,NA,PopRI,13771,3015,0.2189383487037978,0.8040442659785338,0.0,0.8616372265850012,1.038002689097106,0.6459233521259201,24.0,sensitivity,0.25
unplanned_icu,NA,NORMA_q_age_set_co,14794,2531,0.1710828714343653,0.1113680311111323,1.0859727560960768,1.0835438960434325,1.183911099158564,2.287160061061308,0.0,sensitivity,0.25
unplanned_icu,NA,NORMA_q_age,14794,2951,0.1994727592267135,0.1917787945264061,1.1137682605940142,1.0919838768526748,1.0326807205140924,2.311565538269093,0.0,sensitivity,0.25
unplanned_icu,NA,NORMA_334f7e21,14794,2955,0.1997431391104502,0.2548838543653641,1.00522757196422,1.107417512708248,1.0452103729534072,2.2727663769316755,0.0,sensitivity,0.25
unplanned_icu,NA,NORMA_q_age_set,14794,3748,0.253345951061241,0.6664811402879466,0.8181433331418247,0.8899998372474944,0.8094994524611684,1.9622428055859875,0.0,sensitivity,0.25
unplanned_icu,NA,Gaussian_eb,14794,3541,0.2393537920778694,0.7008817481007459,1.0639406586323836,1.261489515977962,1.1225760302351238,0.412357315339993,0.0,sensitivity,0.25
unplanned_icu,NA,Gaussian_trunc,14794,2660,0.1798026226848722,0.0252006735682186,1.8007071213104755,1.5860473647270463,1.6198902871894152,1.4187723393834757,0.0,sensitivity,0.25
unplanned_icu,NA,PerRI,13771,409,0.029700094401278,0.3822692786524898,0.0,0.0,0.0,0.0,24.0,soc_rate,0.25
unplanned_icu,NA,Gaussian_eb,13771,401,0.0291191634594437,0.8664117567611956,0.0,6.283297338623828,1.343080450574042,0.1952704203317782,24.0,soc_rate,0.25
unplanned_icu,NA,Cohen_m4,14794,1837,0.1241719616060565,0.0001915988199774,2.360855442995061,2.517829509040559,2.4118103296136737,3.051499721738877,0.0,sensitivity,0.25
unplanned_icu,NA,Cohen_m3,14794,1802,0.1218061376233608,0.0001437008383471,2.001571210358175,2.634297910745013,2.7945179734031185,2.187444101470629,0.0,sensitivity,0.25
unplanned_icu,NA,Cohen_m2,14794,2398,0.1620927403001216,0.0131854137449421,2.2227221610074266,2.332776625380092,1.861213741529609,0.6962815893324452,0.0,sensitivity,0.25
unplanned_icu,K,PopRI,3548,294,0.0828635851183765,0.8753707421092929,5.630027683131876,1.6680639023992212,0.9306040084367492,0.2417779660401465,168.0,soc_rate,0.25
unplanned_icu,K,StandardOfCare,3548,294,0.0828635851183765,0.8403705989154949,0.0,0.0,0.0,1.5811632688152335,168.0,soc_rate,0.25
unplanned_icu,K,StandardOfCare,3548,294,0.0828635851183765,0.8403705989154949,0.0,0.0,0.0,1.5811632688152335,168.0,sensitivity,0.25
unplanned_icu,K,NORMA_q_age_set_co,3548,294,0.0828635851183765,0.2887057347383173,5.674088135281486,5.565424950877739,2.714325469748878,4.643886769377239,168.0,soc_rate,0.25
unplanned_icu,K,NORMA_q_age_set_co,3548,526,0.1482525366403607,0.4901672541209873,2.95255003292314,6.699542225163168,2.664320774421148,3.0697270286812226,168.0,sensitivity,0.25
unplanned_icu,K,NORMA_q_age,3548,294,0.0828635851183765,0.2453614306364804,5.692349126720763,5.8219660392913095,2.854036679846509,1.8594014195668425,168.0,soc_rate,0.25
unplanned_icu,K,NORMA_q_age,3548,504,0.1420518602029312,0.3955354883004235,3.089010165677662,3.080777994492517,1.505242510775335,2.6438154310314226,168.0,sensitivity,0.25
unplanned_icu,K,NORMA_334f7e21,3548,294,0.0828635851183765,0.9766085212665456,0.0,2.835631517741928,1.5177402613135424,1.4410751954999188,168.0,soc_rate,0.25
unplanned_icu,K,NORMA_334f7e21,3548,451,0.1271138669673055,0.2158127524581226,3.5251448965652097,3.4980941096424183,1.70967020869976,3.0608472711573254,168.0,sensitivity,0.25
unplanned_icu,K,NORMA_q_age_set,3548,294,0.0828635851183765,0.2621166525168892,0.0,2.9361275701458576,5.275160803427246,2.4327419804918264,168.0,soc_rate,0.25
unplanned_icu,K,NORMA_q_age_set,3548,820,0.2311161217587373,0.9850979430166672,1.7091652155942334,1.7075705006486048,2.2031795627737365,2.134291916866859,168.0,sensitivity,0.25
unplanned_icu,K,Gaussian_eb,3548,293,0.0825817361894024,0.9087675114114008,0.0,0.0,0.0,1.1879145276860454,168.0,soc_rate,0.25
unplanned_icu,K,Gaussian_eb,3548,885,0.2494363021420518,0.8701661642225701,1.4718331177589077,3.5171092645508986,1.422058902077725,0.6615315885913045,168.0,sensitivity,0.25
unplanned_icu,K,Gaussian_trunc,3548,293,0.0825817361894024,0.555882433634109,0.0,0.0,0.0,0.0,168.0,soc_rate,0.25
unplanned_icu,K,Gaussian_trunc,3548,1448,0.4081172491544532,0.3082830334239012,2.870543599522396,0.5153341376492206,0.2677682810409804,0.2189887126243743,168.0,sensitivity,0.25
unplanned_icu,K,Gaussian_mle,3548,293,0.0825817361894024,0.5194679883017519,5.673218341567817,5.656642427548801,2.793271890301121,0.6702278944707173,168.0,soc_rate,0.25
unplanned_icu,K,Gaussian_mle,3548,672,0.1894024802705749,0.4635549452639986,2.216894491283507,2.194092432944078,1.079902105769618,1.1427838527823306,168.0,sensitivity,0.25
unplanned_icu,K,Cohen_m4,3548,294,0.0828635851183765,0.6630966776293321,0.0,2.545877314132824,1.3640138607866668,1.2211639959291642,168.0,soc_rate,0.25
unplanned_icu,K,Cohen_m4,3548,753,0.2122322435174746,0.8249836583551119,1.8947914989737784,1.7747638441590114,0.867379864344778,1.670688365838158,168.0,sensitivity,0.25
unplanned_icu,K,Cohen_m3,3548,294,0.0828635851183765,0.9953489269927512,0.0,2.586034140905324,1.3801525345533905,0.3450136643119757,168.0,soc_rate,0.25
unplanned_icu,K,Cohen_m3,3548,736,0.2074408117249154,0.9890738494250372,1.93759304037126,1.791830241960091,0.8709215671928878,1.5574255381792557,168.0,sensitivity,0.25
unplanned_icu,K,Cohen_m2,3548,1012,0.2852311161217587,0.8455527615282857,0.0,0.6015445159951053,0.3223169795360716,0.8715219106868776,168.0,sensitivity,0.25
unplanned_icu,NA,PopRI,14794,2254,0.1523590644856022,0.054642669435518,1.5364376130623942,1.3665739228612368,1.302324107490472,2.456914412892383,0.0,sensitivity,0.25
unplanned_icu,NA,Gaussian_trunc,13771,401,0.0291191634594437,0.2472555661875184,0.0,0.0,0.0,0.0,24.0,soc_rate,0.25
unplanned_icu,K,Cohen_m2,3548,294,0.0828635851183765,0.7846348006237212,0.0,0.0,0.0,0.8012399560801747,168.0,soc_rate,0.25
unplanned_icu,K,Cohen_m2,10787,753,0.0698062482617966,0.8465693275968796,,0.0,0.0,0.690835950110401,72.0,soc_rate,0.25
unplanned_icu,K,PopRI,3548,569,0.1603720405862457,0.3975737969461427,10.657779844470458,4.54054710502516,1.970224230446333,1.7103224456030863,168.0,sensitivity,0.25
unplanned_icu,K,StandardOfCare,10787,753,0.0698062482617966,0.2610755741528212,,0.0,5.966283178156038,2.700501336035049,72.0,soc_rate,0.25
unplanned_icu,K,StandardOfCare,10787,753,0.0698062482617966,0.2610755741528212,,0.0,5.966283178156038,2.700501336035049,72.0,sensitivity,0.25
unplanned_icu,K,NORMA_q_age_set_co,10787,753,0.0698062482617966,0.7026325190441494,,0.0,0.0,3.485842333785416,72.0,soc_rate,0.25
unplanned_icu,K,NORMA_q_age_set_co,10787,1493,0.1384073421711319,0.3833855246183628,,6.217751479289066,4.6687956820730205,2.954635467379706,72.0,sensitivity,0.25
unplanned_icu,K,NORMA_q_age,10787,753,0.0698062482617966,0.2936108496560601,,0.0,4.283683036755317,2.096818755080912,72.0,soc_rate,0.25
unplanned_icu,K,NORMA_q_age,10787,1633,0.1513859275053305,0.3906500451881968,,0.0,2.5264717863831705,2.364806444764457,72.0,sensitivity,0.25
unplanned_icu,K,NORMA_334f7e21,10787,753,0.0698062482617966,0.9281546324191814,,0.0,2.2384448726090587,1.617063439716734,72.0,soc_rate,0.25
unplanned_icu,K,NORMA_334f7e21,10787,1695,0.1571335867247613,0.4439946797017097,,0.0,2.384948593592038,2.2672945137390856,72.0,sensitivity,0.25
unplanned_icu,K,NORMA_q_age_set,10787,753,0.0698062482617966,0.1992580810160474,,0.0,2.399584368521149,2.85050188035472,72.0,soc_rate,0.25
unplanned_icu,K,NORMA_q_age_set,10787,2488,0.2306480022249003,0.9716090996394994,,0.0,1.5912005719471802,1.996104058038181,72.0,sensitivity,0.25
unplanned_icu,K,Gaussian_eb,10787,747,0.0692500231760452,0.8668513245557763,,0.0,0.0,1.4965524344290857,72.0,soc_rate,0.25
unplanned_icu,K,Gaussian_eb,10787,2726,0.2527115972930379,0.9205882866732712,,0.0,2.56496100077864,0.6215596693538262,72.0,sensitivity,0.25
unplanned_icu,K,Gaussian_trunc,10787,747,0.0692500231760452,0.9957970949390812,,13.02528735632805,0.7426899659986481,0.1520602657089072,72.0,soc_rate,0.25
unplanned_icu,K,Gaussian_trunc,10787,3281,0.3041624177250394,0.7027511770531379,,2.280021540122144,0.6028000580157501,0.3196274724013982,72.0,sensitivity,0.25
unplanned_icu,K,Gaussian_mle,10787,747,0.0692500231760452,0.7422913121651288,,0.0,0.0,4.723571862188452,72.0,soc_rate,0.25
unplanned_icu,K,Gaussian_mle,10787,2653,0.2459441920830629,0.9150235745805932,,0.0,0.574049307107917,1.456319497848343,72.0,sensitivity,0.25
unplanned_icu,K,Cohen_m4,10787,753,0.0698062482617966,0.9065559985691908,,0.0,1.5943845953626965,1.0940489632460648,72.0,soc_rate,0.25
unplanned_icu,K,Cohen_m4,10787,1850,0.1715027347733382,0.7620761669913896,,0.0,1.685485067338519,1.6569748172001266,72.0,sensitivity,0.25
unplanned_icu,K,Cohen_m3,10787,753,0.0698062482617966,0.66362926114686,,0.0,1.5178464834686802,0.2769437332514222,72.0,soc_rate,0.25
unplanned_icu,K,PerRI,3548,1084,0.3055242390078918,0.9913911352199846,1.1208683975303262,1.1523419945742468,0.5746205114284582,1.1317288354542552,168.0,sensitivity,0.25
unplanned_icu,K,PerRI,3548,294,0.0828635851183765,0.2085394444772916,0.0,0.0,0.0,0.0,168.0,soc_rate,0.25
unplanned_icu,HGB,Gaussian_trunc,1488,510,0.3427419354838709,0.196853797705364,0.0,0.5993625948030328,0.5993625948030328,1.301175224150796,24.0,sensitivity,0.25
unplanned_icu,K,Cohen_m3,10787,1754,0.1626031334013164,0.9272973027026022,,0.0,1.702304395660395,1.552007231924006,72.0,sensitivity,0.25
unplanned_icu,HGB,Gaussian_mle,906,230,0.2538631346578366,0.4233961368629825,0.0,0.0,0.0,2.61356284203928,72.0,soc_rate,0.25
unplanned_icu,K,PopRI,10787,753,0.0698062482617966,0.4908906340847597,,0.0,1.2589571853916814,2.4836393567315835,72.0,soc_rate,0.25
unplanned_icu,K,PopRI,10787,1984,0.1839250950217854,0.5773348672695651,,0.0,3.4934315751359835,1.481322480152139,72.0,sensitivity,0.25
unplanned_icu,K,StandardOfCare,14507,355,0.024470945061005,0.3269559886126245,0.0,0.0,3.7257318100298034,1.5646426804349505,24.0,soc_rate,0.25
unplanned_icu,K,StandardOfCare,14507,355,0.024470945061005,0.3269559886126245,0.0,0.0,3.7257318100298034,1.5646426804349505,24.0,sensitivity,0.25
unplanned_icu,K,NORMA_q_age_set_co,14507,355,0.024470945061005,0.3316807303885188,0.0,0.0,0.0,0.0,24.0,soc_rate,0.25
unplanned_icu,K,NORMA_q_age_set_co,14507,2764,0.1905287102777969,0.5630391081177291,0.0,0.0,0.8876149901964838,2.80876427024296,24.0,sensitivity,0.25
unplanned_icu,K,NORMA_q_age,14507,355,0.024470945061005,0.790930067126733,0.0,0.0,0.0,1.3015370542131046,24.0,soc_rate,0.25
unplanned_icu,K,NORMA_q_age,14507,3669,0.2529123871234576,0.9092013441907948,0.0,0.3674692300438648,0.9018091914699924,1.8015541588193345,24.0,sensitivity,0.25
unplanned_icu,K,NORMA_334f7e21,14507,355,0.024470945061005,0.8287195724903966,0.0,0.0,0.0,3.074664661053603,24.0,soc_rate,0.25
unplanned_icu,K,PerRI,10787,753,0.0698062482617966,0.2309770612329663,,0.0,0.0,0.0,72.0,soc_rate,0.25
unplanned_icu,K,NORMA_334f7e21,14507,3063,0.2111394499207279,0.7361359907801468,0.910610783808096,0.8943933798303993,2.1856133017290014,1.6293044920185384,24.0,sensitivity,0.25
unplanned_icu,HGB,NORMA_q_age,391,112,0.2864450127877238,0.1404154660096977,,,,2.9677419354837338,168.0,soc_rate,0.25
unplanned_icu,K,Gaussian_eb,14507,352,0.0242641483421796,0.3677031612270729,0.0,0.0,0.0,0.0,24.0,soc_rate,0.25
unplanned_icu,K,Gaussian_eb,14507,3556,0.2451230440477011,0.9477787662363968,11.194905331891672,2.273855567821423,0.9942432643761936,0.4941718658883309,24.0,sensitivity,0.25
unplanned_icu,K,Gaussian_trunc,14507,352,0.0242641483421796,0.1958864116150697,9.726311325362524,3.5974202846360552,1.125008849362311,0.1857562083680894,24.0,soc_rate,0.25
unplanned_icu,K,Gaussian_trunc,14507,3434,0.2367133108154684,0.7697249225161236,4.5498490439865975,1.7725536083493427,1.8302939886758784,0.4724928610243571,24.0,sensitivity,0.25
unplanned_icu,K,Gaussian_mle,14507,352,0.0242641483421796,0.7193608989953504,0.0,4.373319796481472,1.361928150303903,0.2254106788069359,24.0,soc_rate,0.25
unplanned_icu,K,Gaussian_mle,14507,1544,0.1064313779554697,0.0034394782631008,2.3480492545009244,3.311993106545048,4.9559675511033205,0.8952054666701531,24.0,sensitivity,0.25
unplanned_icu,K,Cohen_m4,14507,2587,0.1783277038670986,0.6076175419216518,6.508248737553359,1.510668440768328,1.5618087436146395,1.553174651186174,24.0,sensitivity,0.25
unplanned_icu,K,Cohen_m3,14507,1890,0.1302819328599986,0.1821632796155178,9.43815535085912,3.4517341311469862,2.566685062127139,1.4146177156816773,24.0,sensitivity,0.25
unplanned_icu,K,NORMA_q_age_set,14507,355,0.024470945061005,0.1773857242290538,0.0,0.0,0.0,4.25178633648185,24.0,soc_rate,0.25
unplanned_icu,K,PerRI,10787,3216,0.2981366459627329,0.8990413783723934,,0.0,0.7326930283339552,2.5342290145860407,72.0,sensitivity,0.25
unplanned_icu,K,Cohen_m3,14507,355,0.024470945061005,0.4723966444509785,0.0,0.0,0.0,0.7701949687178958,24.0,soc_rate,0.25
unplanned_icu,K,Cohen_m4,14507,355,0.024470945061005,0.4070215820919194,9.64595102841741,3.5703591999244213,1.1140301852920944,0.1827015310979075,24.0,soc_rate,0.25
unplanned_icu,K,PerRI,14507,4943,0.3407320603846419,0.4049103546366301,1.2403842945843049,0.6761226864150017,0.4671635228371874,1.8601321494004568,24.0,sensitivity,0.25
unplanned_icu,K,NORMA_334f7e21,15558,2430,0.1561897416120324,0.0224142916195549,2.2048781469552563,1.742209217546374,2.008828688164049,0.9407191650650564,0.0,sensitivity,0.25
unplanned_icu,K,PopRI,14507,355,0.024470945061005,0.2798708601132248,0.0,0.0,0.0,0.0,24.0,soc_rate,0.25
unplanned_icu,K,PopRI,14507,3092,0.2131384848693734,0.6334888452119285,2.3704100398634638,1.4123791445290872,1.690499095474474,1.1048505917910467,24.0,sensitivity,0.25
unplanned_icu,K,NORMA_q_age_set_co,15558,2263,0.1454557141020696,0.0035527227723189,2.570359036237031,2.0222538461467923,1.9336376773201265,2.1680576020997897,0.0,sensitivity,0.25
unplanned_icu,K,Cohen_m2,14507,1612,0.1111187702488453,0.0917600723328759,11.289688393425712,6.1109330094680185,1.315815770595703,0.8739959538639814,24.0,sensitivity,0.25
unplanned_icu,K,NORMA_q_age,15558,2382,0.153104512148091,0.0051017704433671,2.7655622083066063,2.1562720098689567,2.1236040573523125,1.121918209508278,0.0,sensitivity,0.25
unplanned_icu,K,PerRI,14507,355,0.024470945061005,0.3642260641630995,0.0,0.0,0.0,0.0,24.0,soc_rate,0.25
unplanned_icu,K,NORMA_q_age_set,15558,2229,0.1432703432317778,0.0054604301446221,2.6159799567322595,2.2231712935951293,2.1057055312533146,1.35885509354166,0.0,sensitivity,0.25
unplanned_icu,K,Cohen_m4,15558,1656,0.1064404165059776,2.3279982353350075e-06,3.426830552484817,3.341317686382753,3.6152604371672337,1.44135551031382,0.0,sensitivity,0.25
unplanned_icu,K,Gaussian_trunc,15558,4209,0.2705360586193598,0.7985939856651336,0.9518695555074044,0.8779864824698919,1.048766921497012,1.2961964104410546,0.0,sensitivity,0.25
unplanned_icu,K,Gaussian_mle,15558,3858,0.2479753181642884,0.7089823265631428,1.2376173192329305,1.1228162903400112,0.92670891862053,1.3100801541752043,0.0,sensitivity,0.25
unplanned_icu,K,Cohen_m3,15558,1912,0.1228949736469983,4.5188673268327945e-05,2.3333312188473454,2.551419606474502,2.8003261373747934,2.377368522074571,0.0,sensitivity,0.25
unplanned_icu,K,Cohen_m2,15558,2652,0.1704589278827613,0.0228264429525384,1.849224948654552,1.821971107553171,1.4920544551229151,2.638785345006521,0.0,sensitivity,0.25
unplanned_icu,K,PerRI,15558,4295,0.2760637614089214,0.663196972910155,0.8575670292826324,0.8669087902730418,0.8379822765111699,1.4582126982943162,0.0,sensitivity,0.25
unplanned_icu,K,PopRI,15558,2173,0.1396709088571796,0.0002970574967255,2.8832125854228727,2.4102552444450205,2.366922003793728,1.8824330788066508,0.0,sensitivity,0.25
unplanned_icu,HGB,StandardOfCare,391,112,0.2864450127877238,0.2711117464979769,,,,3.407407407407248,168.0,soc_rate,0.25
unplanned_icu,HGB,StandardOfCare,391,112,0.2864450127877238,0.2711117464979769,,,,3.407407407407248,168.0,sensitivity,0.25
unplanned_icu,HGB,NORMA_q_age_set_co,391,112,0.2864450127877238,0.2130842514137151,,,,0.0,168.0,soc_rate,0.25
unplanned_icu,K,Gaussian_eb,15558,3318,0.2132664866949479,0.2291399354073706,1.205977818220002,1.3073306181521664,1.2463490591173498,0.8878608262917285,0.0,sensitivity,0.25
unplanned_icu,K,Cohen_m2,14507,355,0.024470945061005,0.4230817478418774,9.64274333047999,3.566896690155564,1.1144269057549503,2.134048414218357,24.0,soc_rate,0.25
unplanned_icu,K,NORMA_q_age_set,14507,4115,0.283656165988833,0.6028490390183702,0.0,0.2620416434871079,0.824663802287951,1.942411322367167,24.0,sensitivity,0.25
unplanned_icu,HGB,StandardOfCare,906,245,0.2704194260485651,0.0666158886689663,2.9909502262444487,2.9909502262444487,2.9909502262444487,5.804804715408193,72.0,sensitivity,0.25
unplanned_icu,HGB,NORMA_q_age_set,391,112,0.2864450127877238,0.1592778863921513,,,,2.9999999999999383,168.0,soc_rate,0.25
unplanned_icu,HGB,Cohen_m3,906,214,0.2362030905077262,0.9998823311380016,3.056074766354389,3.056074766354389,3.056074766354389,0.1853267381204159,72.0,sensitivity,0.25
unplanned_icu,HGB,Gaussian_trunc,391,106,0.2710997442455243,0.5770478992898892,,,,2.51428571428559,168.0,soc_rate,0.25
unplanned_icu,HGB,Gaussian_mle,391,106,0.2710997442455243,0.6926514465369504,,,,1.9024390243903029,168.0,soc_rate,0.25
unplanned_icu,HGB,Cohen_m4,391,112,0.2864450127877238,0.5358829928954358,,,,0.0,168.0,soc_rate,0.25
unplanned_icu,HGB,Cohen_m3,391,112,0.2864450127877238,0.5770478992898892,,,,0.0,168.0,soc_rate,0.25
unplanned_icu,HGB,Cohen_m2,391,112,0.2864450127877238,0.0897190965675578,,,,0.0,168.0,soc_rate,0.25
unplanned_icu,HGB,PerRI,391,111,0.2838874680306905,0.8901081224772446,,,,1.926829268292692,168.0,soc_rate,0.25
unplanned_icu,HGB,PopRI,391,112,0.2864450127877238,0.9280359138573768,,,,2.9677419354837338,168.0,soc_rate,0.25
unplanned_icu,HGB,StandardOfCare,906,245,0.2704194260485651,0.0666158886689663,2.9909502262444487,2.9909502262444487,2.9909502262444487,5.804804715408193,72.0,soc_rate,0.25
unplanned_icu,HGB,NORMA_q_age_set_co,906,245,0.2704194260485651,0.6660530652027075,2.9377777777785616,2.9377777777785616,2.9377777777785616,0.192050845534002,72.0,soc_rate,0.25
unplanned_icu,HGB,NORMA_q_age_set_co,906,298,0.3289183222958057,0.8897028100207094,2.2189781021897343,2.2189781021897343,2.2189781021897343,0.1481645996689009,72.0,sensitivity,0.25
unplanned_icu,HGB,NORMA_q_age,906,245,0.2704194260485651,0.8108086790621253,0.0,0.0,0.0,2.7878176941213866,72.0,soc_rate,0.25
unplanned_icu,HGB,NORMA_q_age,906,279,0.3079470198675497,0.5647443807048069,0.0,0.0,0.0,2.4002220210112486,72.0,sensitivity,0.25
unplanned_icu,HGB,NORMA_334f7e21,906,245,0.2704194260485651,0.46922548993591,0.0,0.0,0.0,2.350610604639349,72.0,soc_rate,0.25
unplanned_icu,HGB,NORMA_334f7e21,906,199,0.2196467991169978,0.2724903245983542,0.0,0.0,0.0,3.4270109235353954,72.0,sensitivity,0.25
unplanned_icu,HGB,NORMA_q_age_set,906,245,0.2704194260485651,0.0794756696720206,2.8991228070181627,2.8991228070181627,2.8991228070181627,3.6796558704456186,72.0,soc_rate,0.25
unplanned_icu,HGB,NORMA_q_age_set,906,188,0.2075055187637969,0.2788332860823173,4.150289017341208,4.150289017341208,4.150289017341208,4.831773166061847,72.0,sensitivity,0.25
unplanned_icu,HGB,Gaussian_eb,906,230,0.2538631346578366,0.5352877371523954,3.1737089201884805,3.1737089201884805,3.1737089201884805,0.1937422358581789,72.0,soc_rate,0.25
unplanned_icu,HGB,Gaussian_eb,906,258,0.2847682119205298,0.9248693953970216,2.700000000000856,2.700000000000856,2.700000000000856,2.189846009253845,72.0,sensitivity,0.25
unplanned_icu,HGB,Gaussian_trunc,906,230,0.2538631346578366,0.3655995192170987,0.0,0.0,0.0,1.8449621823766549,72.0,soc_rate,0.25
unplanned_icu,HGB,Gaussian_trunc,906,299,0.3300220750551876,0.616409748166513,2.167857142856666,2.167857142856666,2.167857142856666,1.6756357575162433,72.0,sensitivity,0.25
unplanned_icu,HGB,Cohen_m4,906,245,0.2704194260485651,0.9055563535277784,2.5428571428570854,2.5428571428570854,2.5428571428570854,0.1541915997036601,72.0,soc_rate,0.25
unplanned_icu,HGB,Gaussian_eb,391,106,0.2710997442455243,0.7941365530200977,,,,2.0512820512821146,168.0,soc_rate,0.25
unplanned_icu,NA,PerRI,14794,4337,0.2931593889414627,0.6789003751340117,0.8756502697195169,0.7738652940062245,0.7091194748097248,3.328114342957247,0.0,sensitivity,0.25
unplanned_icu,HGB,Gaussian_mle,906,384,0.423841059602649,0.4269860802107688,1.4419889502764112,1.4419889502764112,1.4419889502764112,1.3623417041692727,72.0,sensitivity,0.25
unplanned_icu,HGB,NORMA_334f7e21,391,112,0.2864450127877238,0.1901530073577143,,,,2.5714285714285,168.0,soc_rate,0.25
unplanned_icu,HGB,Cohen_m2,906,245,0.2704194260485651,0.3563853903091647,2.555102040816127,2.555102040816127,2.555102040816127,0.1578481391175147,72.0,soc_rate,0.25
unplanned_icu,HGB,Cohen_m2,906,291,0.3211920529801324,0.7916567937825031,,,,0.2853604778371215,72.0,sensitivity,0.25
unplanned_icu,HGB,PerRI,906,243,0.2682119205298013,0.7012805374967553,2.580246913579275,2.580246913579275,2.580246913579275,2.2776951846061886,72.0,soc_rate,0.25
unplanned_icu,HGB,PerRI,906,126,0.1390728476821192,0.1914576580463303,5.825396825397661,5.825396825397661,5.825396825397661,5.892780453508564,72.0,sensitivity,0.25
unplanned_icu,HGB,PopRI,906,245,0.2704194260485651,0.6203470614631361,2.8491379310352163,2.8491379310352163,2.8491379310352163,3.243681935715355,72.0,soc_rate,0.25
unplanned_icu,HGB,PopRI,906,179,0.1975717439293598,0.4032477381964593,4.37951807228947,4.37951807228947,4.37951807228947,4.409873900137662,72.0,sensitivity,0.25
unplanned_icu,HGB,StandardOfCare,1488,140,0.0940860215053763,0.0452660993558764,2.978608073267192,1.4515669334968642,1.4515669334968642,6.807404795358719,24.0,soc_rate,0.25
unplanned_icu,HGB,StandardOfCare,1488,140,0.0940860215053763,0.0452660993558764,2.978608073267192,1.4515669334968642,1.4515669334968642,6.807404795358719,24.0,sensitivity,0.25
unplanned_icu,HGB,NORMA_q_age_set_co,1488,140,0.0940860215053763,0.3611775587944935,0.0,0.0,0.0,0.0,24.0,soc_rate,0.25
unplanned_icu,HGB,NORMA_q_age_set_co,1488,475,0.3192204301075269,0.4427560080345872,0.0,0.6269602074038609,0.6269602074038609,0.1271093598738915,24.0,sensitivity,0.25
unplanned_icu,HGB,NORMA_q_age,1488,140,0.0940860215053763,0.3780689163687101,0.0,0.0,0.0,0.0,24.0,soc_rate,0.25
unplanned_icu,HGB,NORMA_q_age,1488,420,0.282258064516129,0.6888165360653554,0.0,0.0,0.0,1.872000552046692,24.0,sensitivity,0.25
unplanned_icu,HGB,NORMA_334f7e21,1488,140,0.0940860215053763,0.8522283635113272,0.0,0.0,0.0,7.836022401488167,24.0,soc_rate,0.25
unplanned_icu,HGB,NORMA_334f7e21,1488,298,0.200268817204301,0.8742202039858146,0.0,0.0,0.0,2.684076440882455,24.0,sensitivity,0.25
unplanned_icu,HGB,NORMA_q_age_set,1488,140,0.0940860215053763,0.3661373825615558,0.0,0.0,0.0,0.0,24.0,soc_rate,0.25
unplanned_icu,HGB,NORMA_q_age_set,1488,293,0.1969086021505376,0.8683909820198082,0.0,1.1725349963852565,1.1725349963852565,3.664297576414798,24.0,sensitivity,0.25
unplanned_icu,K,Cohen_m2,10787,2881,0.2670807453416149,0.5836887687215695,,0.0,0.6236120343854109,0.7713633369758027,72.0,sensitivity,0.25
unplanned_icu,HGB,Gaussian_eb,1488,132,0.0887096774193548,0.3688772959521371,0.0,0.0,0.0,0.0,24.0,soc_rate,0.25
unplanned_icu,HGB,Gaussian_eb,1488,431,0.2896505376344086,0.5186116036088108,0.0,0.7850066156221499,0.7850066156221499,1.7159689128892404,24.0,sensitivity,0.25
unplanned_icu,HGB,Gaussian_trunc,1488,132,0.0887096774193548,0.6533488356267296,0.0,0.0,0.0,4.5532775783093,24.0,soc_rate,0.25
unplanned_icu,HGB,Cohen_m3,906,245,0.2704194260485651,0.9508474618838252,2.5428571428570854,2.5428571428570854,2.5428571428570854,0.1614017552853109,72.0,soc_rate,0.25
unplanned_icu,HGB,Cohen_m4,906,234,0.2582781456953642,0.944386311387346,2.705128205129857,2.705128205129857,2.705128205129857,0.1653785862710423,72.0,sensitivity,0.25
unplanned_icu,GLU,NORMA_q_age_set,1224,513,0.4191176470588235,0.2064656417470334,0.6472509322058999,0.3976909333366652,0.514462292389701,0.2204123673676872,168.0,soc_rate,0.25
unplanned_icu,HGB,Gaussian_mle,1488,255,0.1713709677419354,0.8772806735096622,0.0,1.250461351155109,1.250461351155109,0.2396988189054418,24.0,sensitivity,0.25
unplanned_icu,GLU,Gaussian_trunc,2981,1056,0.3542435424354243,0.7308400241702235,0.0,0.0,0.8161069401372738,0.4701729479578973,72.0,soc_rate,0.25
unplanned_icu,HGB,Cohen_m3,1488,140,0.0940860215053763,0.639166489109602,2.9692757689558453,4.453731589918094,4.453731589918094,0.7267970582631915,24.0,soc_rate,0.25
unplanned_icu,HGB,Cohen_m3,1488,53,0.0356182795698924,0.0366960721051484,8.357821351254955,11.956911372084075,11.956911372084075,2.0065665208252343,24.0,sensitivity,0.25
unplanned_icu,HGB,Cohen_m2,1488,140,0.0940860215053763,0.6705209785967661,2.971002629293272,4.410028361976046,4.410028361976046,0.6990674153243607,24.0,soc_rate,0.25
unplanned_icu,HGB,Cohen_m2,1488,64,0.043010752688172,0.0947525399948938,6.870253283078204,10.421213588103509,10.421213588103509,1.745687975286051,24.0,sensitivity,0.25
unplanned_icu,HGB,PerRI,1488,139,0.0934139784946236,0.7993093879218546,3.0017776730794496,1.4587639882881902,1.4587639882881902,0.3140897754932841,24.0,soc_rate,0.25
unplanned_icu,HGB,PerRI,1488,224,0.1505376344086021,0.5931691519769284,1.7452967793773944,0.8500897986680146,0.8500897986680146,4.387468497799132,24.0,sensitivity,0.25
unplanned_icu,HGB,PopRI,1488,140,0.0940860215053763,0.8658949312001576,0.0,0.0,0.0,0.0,24.0,soc_rate,0.25
unplanned_icu,HGB,PopRI,1488,253,0.1700268817204301,0.7215665819676834,0.0,0.0,0.0,3.7930084339749737,24.0,sensitivity,0.25
unplanned_icu,HGB,NORMA_q_age_set_co,1818,615,0.3382838283828382,0.6736211460424895,0.0,0.0,0.4831383351184203,1.7273503493522977,0.0,sensitivity,0.25
unplanned_icu,HGB,Cohen_m4,1488,34,0.0228494623655914,0.0017460900604942,13.21229793886676,19.8871143212852,19.8871143212852,3.3408173224612976,24.0,sensitivity,0.25
unplanned_icu,HGB,NORMA_q_age,1818,637,0.3503850385038504,0.693461063481384,0.0,0.0,0.4360694552134526,1.6027534669462682,0.0,sensitivity,0.25
unplanned_icu,HGB,NORMA_q_age_set,1818,412,0.2266226622662266,0.6407866572695431,0.0,0.0,0.7934326250052957,2.910252010397149,0.0,sensitivity,0.25
unplanned_icu,HGB,Gaussian_eb,1818,679,0.3734873487348735,0.4525577527636399,0.0,0.3975072079149226,0.811282375275183,1.2210961773698177,0.0,sensitivity,0.25
unplanned_icu,HGB,Gaussian_trunc,1818,686,0.3773377337733773,0.2751322924905859,0.0,0.0,0.4194697486518,5.533576439357702,0.0,sensitivity,0.25
unplanned_icu,HGB,Gaussian_mle,1818,379,0.2084708470847084,0.6272528708452247,0.0,6.053920853320513,2.2579256609899683,0.3923710718777369,0.0,sensitivity,0.25
unplanned_icu,HGB,Cohen_m4,1818,293,0.1611661166116611,0.8256725620971705,0.0,2.9034753366922392,3.148541871124196,0.4760301808742704,0.0,sensitivity,0.25
unplanned_icu,HGB,Cohen_m3,1818,353,0.1941694169416941,0.9727785316156408,0.0,0.8992958833144261,1.5411405621361465,0.2748396382201903,0.0,sensitivity,0.25
unplanned_icu,HGB,Cohen_m2,1818,251,0.138063806380638,0.6718845771031499,0.0,3.4052521919034997,3.7450282366340986,0.5672757805744983,0.0,sensitivity,0.25
unplanned_icu,HGB,PerRI,1818,330,0.1815181518151815,0.3478573643182556,0.0,1.4269737955620287,2.4497347092906185,0.4510996361906219,0.0,sensitivity,0.25
unplanned_icu,HCT,StandardOfCare,532,179,0.3364661654135338,0.455421635254487,0.0,0.0,3.3786407766991537,12.215085884988852,168.0,soc_rate,0.25
unplanned_icu,HGB,NORMA_334f7e21,1818,610,0.3355335533553355,0.5753237520950722,0.0,0.0,0.452306775200106,1.3512223543149284,0.0,sensitivity,0.25
unplanned_icu,HGB,Cohen_m4,1488,140,0.0940860215053763,0.6350534826218528,2.9661411371448683,4.3761527474489,4.3761527474489,0.7009464990738645,24.0,soc_rate,0.25
unplanned_icu,HGB,PopRI,1818,446,0.2453245324532453,0.7474121870429601,0.0,0.7422404363096938,0.4161071005179651,2.090675249431791,0.0,sensitivity,0.25
unplanned_icu,HCT,StandardOfCare,532,179,0.3364661654135338,0.455421635254487,0.0,0.0,3.3786407766991537,12.215085884988852,168.0,sensitivity,0.25
unplanned_icu,HCT,NORMA_q_age_set,532,179,0.3364661654135338,0.787925146885353,0.0,0.0,2.9152542372879764,0.637504343461648,168.0,soc_rate,0.25
unplanned_icu,HCT,Gaussian_eb,532,166,0.3120300751879699,0.4496599000530452,0.0,0.0,3.245454545455162,11.106666666668216,168.0,soc_rate,0.25
unplanned_icu,HCT,Gaussian_trunc,532,166,0.3120300751879699,0.7263378614597081,0.0,0.0,0.0,3.179920196687403,168.0,soc_rate,0.25
unplanned_icu,HCT,Gaussian_mle,532,166,0.3120300751879699,0.8196001204596921,0.0,0.0,3.432692307692637,0.7290673927842085,168.0,soc_rate,0.25
unplanned_icu,HCT,Cohen_m4,532,179,0.3364661654135338,0.7251891083137794,,,,1.1648868423631555,168.0,soc_rate,0.25
unplanned_icu,HCT,Cohen_m3,532,179,0.3364661654135338,0.5249352470017341,0.0,0.0,0.0,3.051601423487429,168.0,soc_rate,0.25
unplanned_icu,HCT,Cohen_m2,532,179,0.3364661654135338,0.6089162667484551,0.0,0.0,0.0,2.6924486131970733,168.0,soc_rate,0.25
unplanned_icu,HCT,PerRI,532,178,0.3345864661654135,0.6227578984333495,0.0,0.0,0.0,2.4992068046041065,168.0,soc_rate,0.25
unplanned_icu,HCT,PopRI,532,179,0.3364661654135338,0.078767390071018,0.0,0.0,3.017543859648858,11.760683760682838,168.0,soc_rate,0.25
unplanned_icu,HCT,StandardOfCare,1736,606,0.3490783410138249,0.0005831275705191,,,,,72.0,soc_rate,0.25
unplanned_icu,HCT,StandardOfCare,1736,606,0.3490783410138249,0.0005831275705191,,,,,72.0,sensitivity,0.25
unplanned_icu,HCT,NORMA_q_age_set_co,1736,606,0.3490783410138249,0.6318742466631231,,,0.0,0.0,72.0,soc_rate,0.25
unplanned_icu,HCT,NORMA_q_age,1736,606,0.3490783410138249,0.1751445795187328,,,0.0,0.0,72.0,soc_rate,0.25
unplanned_icu,HCT,NORMA_334f7e21,1736,606,0.3490783410138249,0.7122039311930644,,,0.0,2.6412639405206244,72.0,soc_rate,0.25
unplanned_icu,HCT,NORMA_q_age_set,1736,606,0.3490783410138249,0.4930525897597577,,,0.0,10.025806451611476,72.0,soc_rate,0.25
unplanned_icu,HCT,Gaussian_eb,1736,568,0.3271889400921659,0.4589654042235007,,,0.0,10.922922922922403,72.0,soc_rate,0.25
unplanned_icu,HCT,Gaussian_trunc,1736,568,0.3271889400921659,0.6679770307011618,,,0.0,2.7545840787119857,72.0,soc_rate,0.25
unplanned_icu,HCT,Gaussian_mle,1736,568,0.3271889400921659,0.844878457961774,,,0.0,0.7671241830066169,72.0,soc_rate,0.25
unplanned_icu,HCT,Cohen_m4,1736,606,0.3490783410138249,0.6898856185706832,,,,1.244908838895584,72.0,soc_rate,0.25
unplanned_icu,HCT,NORMA_q_age_set_co,532,179,0.3364661654135338,0.6924773028912712,0.0,0.0,0.0,0.0,168.0,soc_rate,0.25
unplanned_icu,HCT,Cohen_m3,1736,606,0.3490783410138249,0.5777208991787639,,,0.0,2.799830604178463,72.0,soc_rate,0.25
unplanned_icu,HGB,Gaussian_mle,1488,132,0.0887096774193548,0.2481031034215783,0.0,0.0,0.0,0.0,24.0,soc_rate,0.25
unplanned_icu,HCT,Cohen_m2,1736,606,0.3490783410138249,0.8186207167043578,,,0.0,2.0926426738783075,72.0,soc_rate,0.25
unplanned_icu,HCT,PopRI,1736,606,0.3490783410138249,0.5478221835702963,,,0.0,9.833618623758046,72.0,soc_rate,0.25
unplanned_icu,HCT,PopRI,2824,516,0.1827195467422096,0.3778789272749114,3.737864077673159,3.737864077673159,0.6814890307354028,0.1232487333119388,24.0,sensitivity,0.25
unplanned_icu,HCT,StandardOfCare,2824,354,0.1253541076487252,0.0106013405513794,0.0,0.0,20.197543873886254,107.89740543154934,24.0,sensitivity,0.25
unplanned_icu,HCT,NORMA_q_age_set_co,2824,354,0.1253541076487252,0.3448062437906239,0.0,0.0,0.0,0.0,24.0,soc_rate,0.25
unplanned_icu,HCT,NORMA_q_age_set_co,2824,960,0.3399433427762039,0.8702339708166589,0.0,0.0,0.0,0.4732691268198846,24.0,sensitivity,0.25
unplanned_icu,HCT,NORMA_q_age,2824,354,0.1253541076487252,0.3364598879823331,0.0,0.0,0.0,0.0,24.0,soc_rate,0.25
unplanned_icu,HCT,NORMA_q_age,2824,1147,0.4061614730878187,0.8009096281254915,0.0,0.0,0.0,5.769820211029567,24.0,sensitivity,0.25
unplanned_icu,HCT,NORMA_334f7e21,2824,354,0.1253541076487252,0.3201794104756856,0.0,0.0,0.0,0.0,24.0,soc_rate,0.25
unplanned_icu,HCT,NORMA_334f7e21,2824,1083,0.3834985835694051,0.7736345442410046,1.3089731729858998,1.3089731729858998,0.2353722062795485,2.020977390321435,24.0,sensitivity,0.25
unplanned_icu,HCT,NORMA_q_age_set,2824,354,0.1253541076487252,0.3229993075238559,0.0,0.0,0.0,0.0,24.0,soc_rate,0.25
unplanned_icu,HCT,NORMA_q_age_set,2824,901,0.3190509915014164,0.9996077199421438,0.0,0.0,0.0,7.277880378862788,24.0,sensitivity,0.25
unplanned_icu,HCT,Gaussian_eb,2824,331,0.1172096317280453,0.1347976896896675,0.0,0.0,0.0,23.71436519541414,24.0,soc_rate,0.25
unplanned_icu,HCT,Gaussian_eb,2824,310,0.1097733711048158,0.7347428410384931,0.0,0.0,0.0,2.231671947803208,24.0,sensitivity,0.25
unplanned_icu,HCT,Gaussian_trunc,2824,331,0.1172096317280453,0.3338679496566605,0.0,0.0,0.0,0.0,24.0,soc_rate,0.25
unplanned_icu,HCT,Gaussian_trunc,2824,409,0.1448300283286119,0.9904900073727128,0.0,0.0,0.0,6.326160428799366,24.0,sensitivity,0.25
unplanned_icu,HCT,Gaussian_mle,2824,331,0.1172096317280453,0.6509158024237676,0.0,0.0,0.0,1.968018509282878,24.0,soc_rate,0.25
unplanned_icu,HCT,Gaussian_mle,2824,209,0.0740084985835694,0.3122068093039283,0.0,0.0,0.0,4.260388724611258,24.0,sensitivity,0.25
unplanned_icu,HCT,Cohen_m4,2824,354,0.1253541076487252,0.9500868766700732,0.0,0.0,16.13277711097914,1.0851724634069149,24.0,soc_rate,0.25
unplanned_icu,PLT,NORMA_q_age_set_co,2375,56,0.023578947368421,0.1653845895683627,0.0,0.0,0.0,4.744452695068654,168.0,soc_rate,0.25
unplanned_icu,HCT,Cohen_m3,2824,354,0.1253541076487252,0.4455737931493951,0.0,0.0,0.0,0.0,24.0,soc_rate,0.25
unplanned_icu,HCT,Cohen_m3,2824,590,0.2089235127478753,0.4672142507632791,0.0,0.0,0.0,5.240655848681858,24.0,sensitivity,0.25
unplanned_icu,HCT,Cohen_m2,2824,354,0.1253541076487252,0.9724847549505384,0.0,0.0,0.0,0.0,24.0,soc_rate,0.25
unplanned_icu,NA,Gaussian_eb,9997,2643,0.2643793137941382,0.6225186166315291,2.1341791618417814,0.4168810024038573,0.6180928124428159,0.4563627056531827,72.0,sensitivity,0.25
unplanned_icu,HCT,StandardOfCare,2824,354,0.1253541076487252,0.0106013405513794,0.0,0.0,20.197543873886254,107.89740543154934,24.0,soc_rate,0.25
unplanned_icu,HCT,NORMA_334f7e21,532,179,0.3364661654135338,0.7632443175111577,0.0,0.0,0.0,2.966606498194912,168.0,soc_rate,0.25
unplanned_icu,HCT,Cohen_m2,2824,403,0.1427053824362606,0.4275365107772259,0.0,0.0,0.0,4.893174649333295,24.0,sensitivity,0.25
unplanned_icu,HCT,PerRI,1736,600,0.3456221198156682,0.7081735752310572,,,0.0,2.833594976452173,72.0,soc_rate,0.25
unplanned_icu,HCT,NORMA_q_age_set_co,3302,1035,0.3134463961235614,0.6310855204542456,1.0674490579870006,0.7501908118278575,0.7501908118278575,0.1257337353791481,0.0,sensitivity,0.25
unplanned_icu,HCT,NORMA_q_age,3302,1314,0.3979406420351302,0.3238965136631848,0.7365981618968916,0.5171708914384066,0.5171708914384066,0.4904541233211743,0.0,sensitivity,0.25
unplanned_icu,HCT,NORMA_334f7e21,3302,1278,0.387038158691702,0.3230806822726136,0.4414250506058479,0.5798587678902029,0.5798587678902029,1.5507745343831625,0.0,sensitivity,0.25
unplanned_icu,HCT,NORMA_q_age_set,3302,1047,0.3170805572380376,0.63569401774046,0.6028520595510259,0.4415949161395908,0.4415949161395908,4.377955469741914,0.0,sensitivity,0.25
unplanned_icu,HCT,Gaussian_eb,3302,553,0.1674742580254391,0.3829042549057243,1.393188711003938,1.023264831537087,1.023264831537087,8.754275794645984,0.0,sensitivity,0.25
unplanned_icu,HCT,Gaussian_trunc,3302,1205,0.3649303452453059,0.4342215510039441,0.4861544826203342,0.3581566339759794,0.3581566339759794,3.9603480508100177,0.0,sensitivity,0.25
unplanned_icu,HCT,Gaussian_mle,3302,487,0.1474863718958207,0.1894377681706314,2.824758754997456,1.9896842391378908,1.9896842391378908,1.8207125734236496,0.0,sensitivity,0.25
unplanned_icu,HCT,Cohen_m4,3302,399,0.1208358570563295,0.1646057423630206,3.536403204834246,2.4889064690889136,2.4889064690889136,1.4312069092053863,0.0,sensitivity,0.25
unplanned_icu,HCT,Cohen_m3,3302,533,0.1614173228346456,0.2328664894218358,2.531722930041975,1.7846092589469988,1.7846092589469988,0.3312050962020805,0.0,sensitivity,0.25
unplanned_icu,HCT,Cohen_m2,3302,433,0.1311326468806783,0.2271729762234932,3.230423998432983,2.275714698215689,2.275714698215689,0.3844509498832136,0.0,sensitivity,0.25
unplanned_icu,HCT,PerRI,3302,710,0.2150211992731678,0.534171795144796,1.7755578653803132,1.250574585328902,1.250574585328902,4.622081533819861,0.0,sensitivity,0.25
unplanned_icu,HCT,PopRI,3302,1002,0.3034524530587523,0.8138693951213419,0.6419453059590017,0.4739329344434173,0.4739329344434173,6.122045256916069,0.0,sensitivity,0.25
unplanned_icu,GLU,StandardOfCare,1224,513,0.4191176470588235,0.2480089737935481,2.899740870354867,4.700004710169759,1.699245338948188,1.6929391377637848,168.0,soc_rate,0.25
unplanned_icu,GLU,StandardOfCare,1224,513,0.4191176470588235,0.2480089737935481,2.899740870354867,4.700004710169759,1.699245338948188,1.6929391377637848,168.0,sensitivity,0.25
unplanned_icu,GLU,NORMA_q_age_set_co,1224,513,0.4191176470588235,0.3076718020853475,0.6416013646281862,0.3913183427599738,1.1162741402731964,0.8220199795192276,168.0,soc_rate,0.25
unplanned_icu,GLU,NORMA_q_age_set_co,1224,197,0.1609477124183006,0.2119671726168189,0.0,0.0,3.0489520986324887,1.0046300667340882,168.0,sensitivity,0.25
unplanned_icu,GLU,NORMA_q_age,1224,513,0.4191176470588235,0.7108865080556774,2.947022995761011,1.2496558279191503,0.8901491354410538,0.5335902782270245,168.0,soc_rate,0.25
unplanned_icu,GLU,NORMA_q_age,1224,151,0.1233660130718954,0.0995096920746632,15.094426435213943,6.398905142602298,4.47561504876643,1.3985471110355217,168.0,sensitivity,0.25
unplanned_icu,GLU,NORMA_334f7e21,1224,513,0.4191176470588235,0.6934354032522473,0.6422012035680428,0.3939711771554805,0.5075366876195306,0.3395481215625414,168.0,soc_rate,0.25
unplanned_icu,GLU,NORMA_334f7e21,1224,362,0.2957516339869281,0.6170741228572576,1.1121250342748883,0.683028603147307,0.8883846431132503,0.3929392031122574,168.0,sensitivity,0.25
unplanned_icu,HCT,PopRI,2824,354,0.1253541076487252,0.8084124613738826,5.832861189805397,5.832861189805397,1.0503797839802826,0.191881858822405,24.0,soc_rate,0.25
unplanned_icu,HCT,PerRI,2824,853,0.3020538243626062,0.8656124538778773,2.6857923497276337,2.6857923497276337,0.4342642067178479,3.257055556860295,24.0,sensitivity,0.25
unplanned_icu,HCT,NORMA_q_age,532,179,0.3364661654135338,0.1751445795187328,0.0,0.0,0.0,0.0,168.0,soc_rate,0.25
unplanned_icu,GLU,NORMA_q_age_set,1224,352,0.2875816993464052,0.5789299110776434,0.0,0.0,0.4731923798481159,0.309256351949359,168.0,sensitivity,0.25
unplanned_icu,GLU,Gaussian_eb,1224,479,0.3913398692810457,0.9397513641745052,0.0,0.647124627138779,0.7448734021376391,0.3932116664489644,168.0,soc_rate,0.25
unplanned_icu,GLU,Gaussian_mle,1224,308,0.2516339869281045,0.9490093363838482,0.0,0.0,0.6567141310428959,0.3459867928936677,168.0,sensitivity,0.25
unplanned_icu,GLU,Cohen_m4,1224,513,0.4191176470588235,0.2525133664511226,0.7925993604383867,0.4690026693954806,2.3736868947831904,3.8573716958010777,168.0,soc_rate,0.25
unplanned_icu,GLU,Cohen_m4,1224,150,0.1225490196078431,0.3273063811989063,4.148673702765309,2.4704196015736635,2.993170699699608,1.3883447664529875,168.0,sensitivity,0.25
unplanned_icu,GLU,Cohen_m3,1224,513,0.4191176470588235,0.0289149197430093,0.8173100507693984,1.760871247592568,5.199790161565592,2.7856359716356134,168.0,soc_rate,0.25
unplanned_icu,GLU,Cohen_m3,1224,98,0.0800653594771241,0.0038527207055457,0.0,0.0,11.694856461954632,3.168116406335791,168.0,sensitivity,0.25
unplanned_icu,GLU,Cohen_m2,1224,513,0.4191176470588235,0.2674497129451387,3.0065074710227906,1.2796292128736102,1.9506224898077944,1.4168828628064902,168.0,soc_rate,0.25
unplanned_icu,GLU,Cohen_m2,1224,178,0.1454248366013072,0.1686307858327853,3.29696350963143,1.97074677226316,2.350569362049017,1.3916589104295194,168.0,sensitivity,0.25
unplanned_icu,GLU,PerRI,1224,512,0.4183006535947712,0.0488888144372434,0.0,0.0,0.3012453572697076,0.2070270195355905,168.0,soc_rate,0.25
unplanned_icu,GLU,PerRI,1224,587,0.4795751633986928,0.1047806106630538,0.0,0.0,0.229277827987216,0.6841597411289864,168.0,sensitivity,0.25
unplanned_icu,GLU,PopRI,1224,513,0.4191176470588235,0.5475409017886516,0.6413535353532798,0.3945357199312727,1.1894853597962904,0.3236122406436849,168.0,soc_rate,0.25
unplanned_icu,GLU,PopRI,1224,391,0.3194444444444444,0.4615223445585584,0.9894041665147666,0.6086534615116111,0.8146732400232175,0.1448682189624953,168.0,sensitivity,0.25
unplanned_icu,GLU,StandardOfCare,2981,1135,0.3807447165380744,0.7599678691466354,,1.322398190046271,1.927246474508892,0.9596676222698804,72.0,soc_rate,0.25
unplanned_icu,GLU,StandardOfCare,2981,1135,0.3807447165380744,0.7599678691466354,,1.322398190046271,1.927246474508892,0.9596676222698804,72.0,sensitivity,0.25
unplanned_icu,GLU,NORMA_q_age_set_co,2981,1135,0.3807447165380744,0.4096652950522866,,,1.1390714998490783,1.1290052369615928,72.0,soc_rate,0.25
unplanned_icu,GLU,NORMA_q_age_set_co,2981,526,0.176450855417645,0.1891400287435353,0.0,0.0,0.6231629947982492,1.364021862081244,72.0,sensitivity,0.25
unplanned_icu,GLU,NORMA_q_age,2981,1135,0.3807447165380744,0.7472780180376009,0.0,2.214912280701435,1.5591579243156664,0.4771744272108627,72.0,soc_rate,0.25
unplanned_icu,GLU,NORMA_q_age,2981,369,0.1237839651123784,0.0689008122809945,0.0,0.0,4.706369994817613,1.9259581924886948,72.0,sensitivity,0.25
unplanned_icu,GLU,NORMA_334f7e21,2981,1135,0.3807447165380744,0.8865115438657114,0.0,2.218795888399292,0.8359571368127572,0.6336831854207381,72.0,soc_rate,0.25
unplanned_icu,GLU,NORMA_334f7e21,2981,809,0.2713854411271385,0.8134513736072715,0.0,3.6776859504127217,0.6862988356539329,0.6010992947478634,72.0,sensitivity,0.25
unplanned_icu,GLU,NORMA_334f7e21,4769,1603,0.3361291675403648,0.9837044871477209,2.481154771449745,0.4603103627662187,1.3358741835472765,0.5617612849624657,24.0,soc_rate,0.25
unplanned_icu,GLU,NORMA_334f7e21,4769,1346,0.2822394631998322,0.7897254247793594,3.217307692307404,0.5969771469549009,0.8941644833372203,0.6109468837780592,24.0,sensitivity,0.25
unplanned_icu,GLU,Gaussian_mle,1224,479,0.3913398692810457,0.655403232181379,0.7270125553914468,1.672537311420111,1.1686122728935413,0.4532014985435232,168.0,soc_rate,0.25
unplanned_icu,GLU,NORMA_q_age_set,4769,1603,0.3361291675403648,0.6392708042036089,2.5068825910922627,0.467965464350044,0.7133472158943077,0.4684586853877128,24.0,soc_rate,0.25
unplanned_icu,GLU,Gaussian_trunc,1224,318,0.2598039215686274,0.8643677985717527,0.0,1.2013704667217646,0.4751473756930481,0.3358098995506746,168.0,sensitivity,0.25
unplanned_icu,GLU,NORMA_q_age_set,2981,894,0.2998993626299899,0.5589038266561703,0.0,0.0,0.3010628497271038,0.441871586428991,72.0,sensitivity,0.25
unplanned_icu,GLU,Gaussian_trunc,2981,827,0.2774236833277423,0.9403361091756772,0.0,0.0,1.1575924501070498,0.4723055209850053,72.0,sensitivity,0.25
unplanned_icu,GLU,Gaussian_mle,2981,1056,0.3542435424354243,0.9050690572128184,0.0,0.0,1.3709136030604343,0.4959247673702043,72.0,soc_rate,0.25
unplanned_icu,GLU,Gaussian_mle,2981,772,0.2589734988258974,0.9474138108668116,0.0,0.0,0.3685509444616783,0.4994880383685041,72.0,sensitivity,0.25
unplanned_icu,GLU,Cohen_m4,2981,1135,0.3807447165380744,0.4649747669532312,0.0,0.0,0.5157429410046287,2.4878717069102065,72.0,soc_rate,0.25
unplanned_icu,GLU,Cohen_m4,2981,331,0.1110365649111036,0.5028704702969928,0.0,0.0,1.1356260331223769,1.421612148048349,72.0,sensitivity,0.25
unplanned_icu,GLU,Cohen_m3,2981,1135,0.3807447165380744,0.143388990022675,0.0,0.0,0.779169620814619,4.997976905014244,72.0,soc_rate,0.25
unplanned_icu,GLU,Cohen_m3,2981,281,0.0942636699094263,0.034534569010443,0.0,0.0,0.0,4.397093092123015,72.0,sensitivity,0.25
unplanned_icu,GLU,Cohen_m2,2981,1135,0.3807447165380744,0.5158823122851814,0.0,2.171469740633322,0.513440615865323,2.1384673541896584,72.0,soc_rate,0.25
unplanned_icu,GLU,Gaussian_eb,2981,832,0.2791009728279101,0.8727407342101168,0.0,0.0,0.3406395326851358,0.4802979821002169,72.0,sensitivity,0.25
unplanned_icu,GLU,Cohen_m2,2981,425,0.1425696075142569,0.1660088334523881,0.0,0.0,1.0124195129131883,2.3840533829728168,72.0,sensitivity,0.25
unplanned_icu,GLU,PerRI,2981,1552,0.5206306608520631,0.0474323221716712,0.0,0.0,0.157609258786507,0.2070269901325123,72.0,sensitivity,0.25
unplanned_icu,GLU,PopRI,2981,1135,0.3807447165380744,0.719381956516197,0.0,2.2791044776108422,1.4787637280610604,0.4066273695496084,72.0,soc_rate,0.25
unplanned_icu,GLU,PopRI,2981,882,0.2958738678295874,0.5601227082597595,0.0,3.264150943400267,1.2566711655378844,0.1852849663351249,72.0,sensitivity,0.25
unplanned_icu,GLU,StandardOfCare,4769,1603,0.3361291675403648,0.499330300386768,0.0,2.1669610382834907,1.655678256655007,1.1046321619732655,24.0,soc_rate,0.25
unplanned_icu,GLU,StandardOfCare,4769,1603,0.3361291675403648,0.499330300386768,0.0,2.1669610382834907,1.655678256655007,1.1046321619732655,24.0,sensitivity,0.25
unplanned_icu,GLU,NORMA_q_age_set_co,4769,1603,0.3361291675403648,0.7439308836418357,2.467677573824348,1.771175451925832,0.936404324289383,0.8463719000935559,24.0,soc_rate,0.25
unplanned_icu,GLU,NORMA_q_age_set_co,4769,810,0.169846928077165,0.1676742056929314,6.169059011163081,1.1316358256561605,0.9253891398586432,1.375348061838734,24.0,sensitivity,0.25
unplanned_icu,GLU,NORMA_q_age,4769,1603,0.3361291675403648,0.6963529674878747,2.4700718276189217,0.4588692935131869,2.4385319372096803,0.6027354925216971,24.0,soc_rate,0.25
unplanned_icu,GLU,NORMA_q_age,4769,586,0.1228769133990354,0.0485893247588952,8.759656652417336,1.6113069436419656,5.795818278866347,1.941337652291616,24.0,sensitivity,0.25
unplanned_icu,GLU,PerRI,2981,1133,0.3800738007380074,0.0614301091421124,0.0,0.0,0.0,0.318361951734321,72.0,soc_rate,0.25
unplanned_icu,GLU,Gaussian_eb,2981,1056,0.3542435424354243,0.8592059327409589,0.0,0.0,0.7757515003429066,0.4273838223088853,72.0,soc_rate,0.25
unplanned_icu,GLU,NORMA_q_age_set,2981,1135,0.3807447165380744,0.5919233689438687,0.0,2.263079222722097,0.869225875157847,0.4303715408697439,72.0,soc_rate,0.25
unplanned_icu,NA,NORMA_q_age_set,9997,2386,0.2386716014804441,0.9278215068157348,0.0,0.0,2.47260059314667,0.5661810449876155,72.0,sensitivity,0.25
unplanned_icu,GLU,NORMA_q_age_set,4769,1518,0.3183057244705389,0.520608786026965,2.7272727272805266,0.5097655641825836,0.4393588447982007,0.4522329297301825,24.0,sensitivity,0.25
unplanned_icu,GLU,PerRI,5575,1144,0.205201793721973,0.1462289557691177,1.5889546740062708,1.4785802999320392,1.2713540818443618,0.7226472348198459,0.0,sensitivity,0.25
unplanned_icu,GLU,Gaussian_trunc,4769,1482,0.3107569721115538,0.7296063675456677,2.79322328409294,0.5177116228909819,0.4460761730019246,0.4108893317796551,24.0,soc_rate,0.25
unplanned_icu,GLU,Gaussian_trunc,4769,1362,0.28559446424827,0.9896025417513457,3.153263954578517,0.5842174556672897,0.5122339008245179,0.4852096520244559,24.0,sensitivity,0.25
unplanned_icu,GLU,Gaussian_mle,4769,1482,0.3107569721115538,0.7498583486367456,2.738907849840863,0.5040246615639552,0.4246569847222776,0.5241045607200931,24.0,soc_rate,0.25
unplanned_icu,GLU,Gaussian_mle,4769,1268,0.2658838330886978,0.9329394592781628,3.4670719351683763,0.6408578224150904,0.5424887476144201,0.5137824582422598,24.0,sensitivity,0.25
unplanned_icu,GLU,Cohen_m4,4769,1603,0.3361291675403648,0.2159404659434732,0.0,1.0205124637430576,0.8314647029195906,2.421945747305268,24.0,soc_rate,0.25
unplanned_icu,GLU,Cohen_m4,4769,433,0.0907947158733487,0.3847962233286509,0.0,0.0,1.1125221040765985,2.181462037205251,24.0,sensitivity,0.25
unplanned_icu,GLU,Cohen_m3,4769,1603,0.3361291675403648,0.1008095741538958,1.5239898989883864,0.9304864840514704,0.5167758011587381,4.886627973711791,24.0,soc_rate,0.25
unplanned_icu,GLU,Cohen_m3,4769,371,0.0777940868106521,0.0170524564527772,0.0,2.415459208587148,0.4726980618891226,4.363118031862475,24.0,sensitivity,0.25
unplanned_icu,GLU,Cohen_m2,4769,1603,0.3361291675403648,0.316362717783366,2.368946963867756,1.1455892438046589,0.9577172892599296,1.5035661627060202,24.0,soc_rate,0.25
unplanned_icu,GLU,Cohen_m2,4769,642,0.1346194170685678,0.1809247179891128,0.0,1.3241930623985922,1.3120817641208682,2.2042539851202183,24.0,sensitivity,0.25
unplanned_icu,GLU,PerRI,4769,1602,0.3359194799748375,0.0758162207833999,2.577464788735133,0.482241474168547,0.1005739879951884,0.2938812903807016,24.0,soc_rate,0.25
unplanned_icu,GLU,PerRI,4769,2486,0.5212832879010275,0.0367569712984175,,1.1010968530177527,0.1457388509789991,0.2083450553560459,24.0,sensitivity,0.25
unplanned_icu,GLU,PopRI,4769,1603,0.3361291675403648,0.2507594316948783,0.0,0.0,1.161943811862142,0.4087038598599617,24.0,soc_rate,0.25
unplanned_icu,GLU,PopRI,4769,1808,0.3791151184734745,0.2199809081716947,0.0,0.0,0.9440109991799296,0.3403614906398611,24.0,sensitivity,0.25
unplanned_icu,GLU,NORMA_q_age_set_co,5575,815,0.1461883408071748,0.0008050067434392,1.868531540639307,1.8802018513491048,1.7975823462704512,2.073703611587581,0.0,sensitivity,0.25
unplanned_icu,GLU,NORMA_q_age,5575,1162,0.2084304932735426,0.2369658150282558,1.280051379936335,1.285679002443326,1.4900187022319384,1.0783276822295436,0.0,sensitivity,0.25
unplanned_icu,GLU,NORMA_334f7e21,5575,1206,0.2163228699551569,0.2622195906652458,1.349782232087616,1.3491714076936037,1.3269527972866435,0.958422710766064,0.0,sensitivity,0.25
unplanned_icu,GLU,NORMA_q_age_set,5575,1165,0.2089686098654708,0.1838781748403927,1.480669061031666,1.4763210869875385,1.2652132239318723,0.940560783386798,0.0,sensitivity,0.25
unplanned_icu,GLU,Gaussian_eb,5575,1030,0.1847533632286995,0.2200048830888033,1.4121032777906783,1.4233198708492936,1.2305231063521005,0.9586848086304972,0.0,sensitivity,0.25
unplanned_icu,GLU,Gaussian_mle,5575,874,0.1567713004484305,0.0309791922612942,1.8132191794214572,1.8186708076007572,1.566642023781501,0.9294347871994192,0.0,sensitivity,0.25
unplanned_icu,GLU,Gaussian_eb,1224,324,0.2647058823529412,0.8934540542257565,0.0,0.0,0.6216193970875137,0.3354078669224079,168.0,sensitivity,0.25
unplanned_icu,GLU,Gaussian_eb,4769,1374,0.2881107150345984,0.8351083980412828,3.099999999998306,0.5741496121364525,0.4973986269896199,0.4924236131536702,24.0,sensitivity,0.25
unplanned_icu,GLU,Cohen_m2,5575,706,0.1266367713004484,9.092352255132553e-06,2.20584976694503,2.20496497686896,1.8939356682149049,3.3825947462834534,0.0,sensitivity,0.25
unplanned_icu,GLU,Gaussian_eb,4769,1482,0.3107569721115538,0.8516182690913544,2.749143835604211,0.5066535491008796,0.4324352383162799,0.5525554019534644,24.0,soc_rate,0.25
unplanned_icu,GLU,Cohen_m4,5575,551,0.0988340807174888,4.797351192009607e-06,2.472366344708054,2.657701780741989,2.27559297034054,2.4419629315259748,0.0,sensitivity,0.25
unplanned_icu,GLU,PopRI,5575,1574,0.2823318385650224,0.4914144538488008,0.954084347104334,0.9518246501680236,1.0965091342345707,0.4765962701590356,0.0,sensitivity,0.25
unplanned_icu,CRE,StandardOfCare,1738,191,0.1098964326812428,0.7213389700127298,0.0,0.0,0.0,0.8368850062291122,168.0,soc_rate,0.25
unplanned_icu,CRE,StandardOfCare,1738,191,0.1098964326812428,0.7213389700127298,0.0,0.0,0.0,0.8368850062291122,168.0,sensitivity,0.25
unplanned_icu,CRE,NORMA_q_age_set_co,1738,191,0.1098964326812428,0.7389470874254452,0.0,0.0,0.0,0.7374929263228539,168.0,soc_rate,0.25
unplanned_icu,CRE,NORMA_q_age_set_co,1738,304,0.1749136939010356,0.4991912805227203,5.044609665425013,5.044609665425013,1.1449420580203362,1.461646723209984,168.0,sensitivity,0.25
unplanned_icu,CRE,NORMA_q_age,1738,191,0.1098964326812428,0.2347444292604124,0.0,0.0,0.0,0.0,168.0,soc_rate,0.25
unplanned_icu,CRE,NORMA_q_age,1738,327,0.1881472957422324,0.5938359519176459,0.0,0.0,0.0,0.96246279526647,168.0,sensitivity,0.25
unplanned_icu,CRE,NORMA_334f7e21,1738,191,0.1098964326812428,0.2260390375905612,0.0,0.0,0.0,0.0,168.0,soc_rate,0.25
unplanned_icu,CRE,NORMA_334f7e21,1738,258,0.1484464902186421,0.3686612454157348,0.0,0.0,0.0,1.3212679159603624,168.0,sensitivity,0.25
unplanned_icu,CRE,NORMA_q_age_set,1738,191,0.1098964326812428,0.8351201572264734,0.0,0.0,0.0,0.8833636779261153,168.0,soc_rate,0.25
unplanned_icu,CRE,NORMA_q_age_set,1738,270,0.1553509781357882,0.3006664580286137,5.935897435897695,5.935897435897695,1.3605408734722653,1.717898844205651,168.0,sensitivity,0.25
unplanned_icu,CRE,Gaussian_eb,1738,188,0.1081703107019562,0.8853839517843525,0.0,0.0,3.97467308076818,0.6597933227841631,168.0,soc_rate,0.25
unplanned_icu,CRE,Gaussian_eb,1738,347,0.1996547756041427,0.550986736520538,0.0,0.0,1.987930492964272,1.541562976433872,168.0,sensitivity,0.25
unplanned_icu,CRE,Gaussian_trunc,1738,188,0.1081703107019562,0.9204395492148352,0.0,0.0,4.194781272961086,0.6978777424671233,168.0,soc_rate,0.25
unplanned_icu,CRE,Gaussian_trunc,1738,305,0.1754890678941311,0.415697689266882,0.0,0.0,2.241343940135608,1.600250497246965,168.0,sensitivity,0.25
unplanned_icu,CRE,Gaussian_mle,1738,188,0.1081703107019562,0.4944821446244607,0.0,0.0,0.0,1.9035283243594183,168.0,soc_rate,0.25
unplanned_icu,NA,Gaussian_trunc,9997,754,0.0754226267880364,0.0826735729081096,0.0,0.0,0.0,0.0,72.0,soc_rate,0.25
unplanned_icu,CRE,Gaussian_mle,1738,316,0.1818181818181818,0.6160237904114276,0.0,0.0,0.0,1.0173456366830542,168.0,sensitivity,0.25
unplanned_icu,CRE,Cohen_m4,1738,191,0.1098964326812428,0.8069062036051752,8.830303030304039,8.830303030304039,2.0405910595824666,0.3836885039221832,168.0,soc_rate,0.25
unplanned_icu,GLU,Cohen_m3,5575,676,0.1212556053811659,0.0001907681076358,2.197445035635176,2.204239986387472,1.8889626644086783,2.3836721354031907,0.0,sensitivity,0.25
unplanned_icu,GLU,Gaussian_trunc,1224,479,0.3913398692810457,0.4489032961781362,0.0,0.6602847885215378,0.7666736827987451,0.2634614512094287,168.0,soc_rate,0.25
unplanned_icu,GLU,Gaussian_trunc,5575,981,0.1759641255605381,0.1347164611544064,1.4983716467313049,1.507898006405864,1.3024690048268848,0.997385888850961,0.0,sensitivity,0.25
unplanned_icu,HCT,Cohen_m4,2824,515,0.1823654390934844,0.5658091403455875,0.0,0.0,10.397273593907158,2.3035722971684134,24.0,sensitivity,0.25
unplanned_icu,ALT,NORMA_q_age_set,1433,230,0.1605024424284717,0.2193951190259052,0.0,2.045647527080401,0.5228288700395224,0.1913459503315801,168.0,soc_rate,0.25
unplanned_icu,CRE,Cohen_m2,1738,191,0.1098964326812428,0.8805081371088724,0.0,0.0,0.0,1.1465430216175432,168.0,soc_rate,0.25
unplanned_icu,CRE,PopRI,1738,191,0.1098964326812428,0.8014221479286954,8.950920245407623,8.950920245407623,2.063878092001772,0.3908282539249548,168.0,soc_rate,0.25
unplanned_icu,CRE,PopRI,1738,351,0.2019562715765247,0.5767479946978395,4.399328859059057,4.399328859059057,1.011372727676976,1.273712234926586,168.0,sensitivity,0.25
unplanned_icu,CRE,StandardOfCare,3844,347,0.0902705515088449,0.7494722656242597,0.0,0.0,3.6989276081535456,0.6594232679494855,72.0,soc_rate,0.25
unplanned_icu,CRE,StandardOfCare,3844,347,0.0902705515088449,0.7494722656242597,0.0,0.0,3.6989276081535456,0.6594232679494855,72.0,sensitivity,0.25
unplanned_icu,CRE,NORMA_q_age_set_co,3844,347,0.0902705515088449,0.6331622648452316,0.0,0.0,0.0,1.0258253488678355,72.0,soc_rate,0.25
unplanned_icu,CRE,NORMA_q_age_set_co,3844,642,0.1670135275754422,0.4228156438371728,5.098726114628463,5.098726114628463,2.4257640996900527,2.0365909817579704,72.0,sensitivity,0.25
unplanned_icu,CRE,NORMA_q_age,3844,347,0.0902705515088449,0.2246225714604548,0.0,0.0,0.0,0.0,72.0,soc_rate,0.25
unplanned_icu,CRE,NORMA_q_age,3844,744,0.1935483870967742,0.5129663186088449,,,0.987180620407768,1.4851602929846293,72.0,sensitivity,0.25
unplanned_icu,CRE,NORMA_334f7e21,3844,347,0.0902705515088449,0.2225005147849196,0.0,0.0,0.0,0.0,72.0,soc_rate,0.25
unplanned_icu,CRE,PerRI,1738,76,0.0437284234752589,0.002274194980004,24.123076923082497,24.123076923082497,5.540171875579805,6.109118715275843,168.0,sensitivity,0.25
unplanned_icu,CRE,NORMA_334f7e21,3844,656,0.1706555671175858,0.4464508019948665,4.731707317056369,4.731707317056369,0.5037309201668626,1.545212813659412,72.0,sensitivity,0.25
unplanned_icu,CRE,NORMA_q_age_set,3844,614,0.159729448491155,0.2494492324273417,5.392320534213483,5.392320534213483,2.768192852580605,2.3440441568899284,72.0,sensitivity,0.25
unplanned_icu,CRE,Gaussian_eb,3844,341,0.0887096774193548,0.7028909852243288,0.0,0.0,0.0,0.8388702282793331,72.0,soc_rate,0.25
unplanned_icu,CRE,Gaussian_eb,3844,773,0.201092611862643,0.5196991391947197,0.0,0.0,0.8388845656293976,2.262099736856511,72.0,sensitivity,0.25
unplanned_icu,CRE,Gaussian_trunc,3844,341,0.0887096774193548,0.6935430668962899,0.0,0.0,0.0,0.8558174479189424,72.0,soc_rate,0.25
unplanned_icu,CRE,Gaussian_trunc,3844,642,0.1670135275754422,0.3588555999917074,0.0,0.0,0.984190002382938,2.369914749070709,72.0,sensitivity,0.25
unplanned_icu,CRE,Gaussian_mle,3844,341,0.0887096774193548,0.2005552921434469,0.0,0.0,0.0,0.0,72.0,soc_rate,0.25
unplanned_icu,CRE,Gaussian_mle,3844,714,0.1857440166493236,0.5945714762417686,,,3.2439837978554023,1.0347792175307964,72.0,sensitivity,0.25
unplanned_icu,CRE,Gaussian_mle,5759,98,0.0170168432019447,0.5207213458907318,0.0,0.0,0.0,0.0,24.0,soc_rate,0.25
unplanned_icu,CRE,Gaussian_mle,5759,836,0.1451640909880187,0.4477694800805077,0.0,0.6150870512267222,0.302183734252863,1.6081529266078445,24.0,sensitivity,0.25
unplanned_icu,CRE,NORMA_q_age_set,3844,347,0.0902705515088449,0.7625926678469277,0.0,0.0,0.0,1.3267141996695608,72.0,soc_rate,0.25
unplanned_icu,CRE,PerRI,1738,191,0.1098964326812428,0.0195910897689007,8.884146341465842,8.884146341465842,7.968526665888078,3.6326719622619272,168.0,soc_rate,0.25
unplanned_icu,CRE,Cohen_m2,1738,362,0.2082853855005753,0.6245475330051624,0.0,0.0,0.0,1.1547367353493956,168.0,sensitivity,0.25
unplanned_icu,CRE,Cohen_m4,3844,347,0.0902705515088449,0.722452838994148,9.815561959670667,9.815561959670667,1.047791788627,0.2130352719068209,72.0,soc_rate,0.25
unplanned_icu,CRE,PerRI,3844,347,0.0902705515088449,0.8782641211052807,10.315634218275935,10.315634218275935,1.0828039180509896,0.2224922102591411,72.0,soc_rate,0.25
unplanned_icu,CRE,PerRI,3844,946,0.2460978147762747,0.8430801428336453,3.1568627451005,3.1568627451005,1.4401174442550218,1.5300435354745474,72.0,sensitivity,0.25
unplanned_icu,CRE,PopRI,3844,347,0.0902705515088449,0.2348434914175123,0.0,0.0,0.0,0.0,72.0,soc_rate,0.25
unplanned_icu,CRE,PopRI,3844,887,0.2307492195629552,0.6295380233964796,0.0,0.0,2.717145630883301,1.7774624304697346,72.0,sensitivity,0.25
unplanned_icu,CRE,StandardOfCare,5759,100,0.0173641257162701,0.6425679660730541,0.0,0.0,6.673204927192465,1.923333247967686,24.0,soc_rate,0.25
unplanned_icu,CRE,StandardOfCare,5759,100,0.0173641257162701,0.6425679660730541,0.0,0.0,6.673204927192465,1.923333247967686,24.0,sensitivity,0.25
unplanned_icu,CRE,NORMA_q_age_set_co,5759,100,0.0173641257162701,0.5166187816318937,0.0,0.0,0.0,0.0,24.0,soc_rate,0.25
unplanned_icu,CRE,Cohen_m3,3844,809,0.2104578563995837,0.3305136101213298,3.658838071694803,3.658838071694803,4.888304102027737,1.840383179782092,72.0,sensitivity,0.25
unplanned_icu,CRE,NORMA_q_age_set_co,5759,1172,0.2035075533946865,0.2398376467477319,0.9177571694939102,1.5676785588090731,1.5144302949588997,2.1167510180895595,24.0,sensitivity,0.25
unplanned_icu,CRE,NORMA_q_age,5759,1056,0.1833651675638131,0.5226186500460277,0.0,1.205244902325157,1.48286819262256,1.577623669617802,24.0,sensitivity,0.25
unplanned_icu,CRE,NORMA_334f7e21,5759,100,0.0173641257162701,0.5099971782432993,0.0,0.0,0.0,0.0,24.0,soc_rate,0.25
unplanned_icu,CRE,NORMA_334f7e21,5759,1054,0.1830178850494877,0.6047231144425165,0.0,1.199773576895376,1.454328007525891,1.6057338062872053,24.0,sensitivity,0.25
unplanned_icu,CRE,NORMA_q_age_set,5759,100,0.0173641257162701,0.5069703105006738,0.0,0.0,0.0,0.0,24.0,soc_rate,0.25
unplanned_icu,CRE,NORMA_q_age_set,5759,1404,0.2437923250564334,0.7485433524105127,0.0,0.8596787568955622,1.056188946944339,1.7165754122572237,24.0,sensitivity,0.25
unplanned_icu,CRE,Gaussian_eb,5759,98,0.0170168432019447,0.5039757909556362,0.0,0.0,0.0,0.0,24.0,soc_rate,0.25
unplanned_icu,CRE,Gaussian_eb,5759,1297,0.2252127105400243,0.838494636646969,2.51407195387645,0.6677972126730239,0.7851226139885471,1.6970834247958624,24.0,sensitivity,0.25
unplanned_icu,CRE,Gaussian_trunc,5759,98,0.0170168432019447,0.499096353237376,0.0,0.0,0.0,0.0,24.0,soc_rate,0.25
unplanned_icu,CRE,Gaussian_trunc,5759,1100,0.191005382878972,0.9962490801838572,0.9993283390216336,0.3373661321900901,0.6536694595256823,2.0851346367252863,24.0,sensitivity,0.25
unplanned_icu,CRE,NORMA_q_age,5759,100,0.0173641257162701,0.49520977044012,0.0,0.0,0.0,0.0,24.0,soc_rate,0.25
unplanned_icu,CRE,Cohen_m3,3844,347,0.0902705515088449,0.3672930053491103,9.809798270891488,9.809798270891488,4.012037551965973,0.7071120542721989,72.0,soc_rate,0.25
unplanned_icu,CRE,Cohen_m4,3844,1369,0.3561394380853278,0.3129567743319686,1.7618699780862588,1.7618699780862588,0.9484319208660748,0.4746818634519062,72.0,sensitivity,0.25
unplanned_icu,CRE,Cohen_m4,5759,100,0.0173641257162701,0.4680023418626206,0.0,5.797938699744195,2.795493849572072,0.8586605664828161,24.0,soc_rate,0.25
unplanned_icu,CRE,Cohen_m4,5759,968,0.1680847369334954,0.7786186311647809,1.1728523894502385,2.789199638444895,2.340493931852217,0.5543103718252576,24.0,sensitivity,0.25
unplanned_icu,CO2,NORMA_q_age,1035,179,0.1729468599033816,0.6353039670645815,0.0,0.0,2.556972110328143,0.7824349507252085,168.0,sensitivity,0.25
unplanned_icu,CO2,NORMA_334f7e21,1035,274,0.2647342995169082,0.520389711768093,0.0,0.0,1.4418015321803426,0.4366851589495699,168.0,soc_rate,0.25
unplanned_icu,CRE,Cohen_m2,5759,100,0.0173641257162701,0.404311856680096,0.0,0.0,0.0,6.959549371817198,24.0,soc_rate,0.25
unplanned_icu,CRE,Cohen_m2,5759,595,0.1033165480118076,0.1281934733486188,2.072644327139552,4.82437111949424,1.92014374561536,1.766968378353689,24.0,sensitivity,0.25
unplanned_icu,CRE,PerRI,5759,100,0.0173641257162701,0.4647192676212514,0.0,0.0,0.0,0.0,24.0,soc_rate,0.25
unplanned_icu,CRE,PerRI,5759,2656,0.4611911790241361,0.01798999099492,0.8703691173077537,0.4457395114841038,0.4349907094646772,0.4956098692443952,24.0,sensitivity,0.25
unplanned_icu,CRE,PopRI,5759,100,0.0173641257162701,0.536873690280061,0.0,0.0,0.0,0.0,24.0,soc_rate,0.25
unplanned_icu,CRE,PopRI,5759,1511,0.2623719395728425,0.395704544372335,0.6672167515461026,0.9869837500076128,1.876224251952364,2.055362672356932,24.0,sensitivity,0.25
unplanned_icu,CRE,NORMA_q_age_set_co,6860,1502,0.2189504373177842,0.2975383963557483,0.3875827339589593,0.9852259126308824,1.1903433110315658,1.865682932901556,0.0,sensitivity,0.25
unplanned_icu,CRE,NORMA_q_age,6860,1405,0.2048104956268221,0.59176207003485,0.9470738376425706,0.6228352484143566,0.9506953865831692,1.3135400702157622,0.0,sensitivity,0.25
unplanned_icu,CRE,NORMA_334f7e21,6860,1435,0.2091836734693877,0.6946437457482229,0.9221753782674056,0.6601659723184861,0.9680012023440838,1.3220495507096537,0.0,sensitivity,0.25
unplanned_icu,CRE,NORMA_q_age_set,6860,1648,0.2402332361516035,0.6275094390871928,0.8527625864689325,0.5387089247902072,0.8163086584321183,1.6896045463224534,0.0,sensitivity,0.25
unplanned_icu,CRE,Gaussian_eb,6860,1505,0.2193877551020408,0.9337403715122048,0.8684127644713486,0.8903717436087599,1.084984816346594,1.603718071683052,0.0,sensitivity,0.25
unplanned_icu,CRE,Gaussian_trunc,6860,1503,0.2190962099125364,0.6933306920511774,0.3876090602989891,0.3763683695685754,0.6736017353100486,2.0880557402068494,0.0,sensitivity,0.25
unplanned_icu,CRE,Gaussian_mle,6860,921,0.1342565597667638,0.031259433793529,1.7626193228185278,2.347264405636555,1.4624303273644816,1.64224698579399,0.0,sensitivity,0.25
unplanned_icu,CRE,Cohen_m4,6860,1370,0.1997084548104956,0.8270809466679234,1.0703495105885084,1.4672332950528837,1.2320466081693813,0.4862016448347194,0.0,sensitivity,0.25
unplanned_icu,CRE,Cohen_m3,6860,1846,0.2690962099125364,0.791246759103734,0.6620403378876354,0.6761042274053376,1.1572735257875877,1.104796705536101,0.0,sensitivity,0.25
unplanned_icu,CRE,Cohen_m2,6860,914,0.1332361516034985,0.1403669942072364,0.7071313279003942,1.7903675928858531,2.707398110060519,2.4269338755084475,0.0,sensitivity,0.25
unplanned_icu,CRE,PerRI,6860,2030,0.2959183673469387,0.7769619734192141,0.9938833498349392,1.846290993583744,1.0394203324866025,0.5716505080858874,0.0,sensitivity,0.25
unplanned_icu,CRE,PopRI,6860,1794,0.2615160349854227,0.3887592788698012,0.6895611062328619,0.7932397874752272,0.9912062349579462,2.121896835533447,0.0,sensitivity,0.25
unplanned_icu,CO2,StandardOfCare,1035,274,0.2647342995169082,0.6530264765735364,0.0,0.0,0.6792097748504117,1.5678634920132484,168.0,soc_rate,0.25
unplanned_icu,CO2,NORMA_q_age_set_co,1035,274,0.2647342995169082,0.7974130196963276,0.0,0.0,3.136879436679477,0.783049556274182,168.0,soc_rate,0.25
unplanned_icu,CL,Gaussian_eb,5759,791,0.1373502344156971,0.3261591440097457,,0.8622032378669363,7.248898927314236,0.8675222976429644,72.0,soc_rate,0.25
unplanned_icu,CRE,Cohen_m3,5759,765,0.1328355617294669,0.1421226491191939,1.5466809911617536,2.4138986088882763,2.233028732692247,2.3628067545978526,24.0,sensitivity,0.25
unplanned_icu,CRE,Cohen_m2,3844,624,0.1623309053069719,0.2734845935075897,5.025641025634098,5.025641025634098,1.9304832367107123,2.53836691209951,72.0,sensitivity,0.25
unplanned_icu,CRE,Cohen_m3,5759,100,0.0173641257162701,0.4920994598484504,0.0,0.0,0.0,0.0,24.0,soc_rate,0.25
unplanned_icu,CO2,NORMA_q_age_set_co,1035,222,0.2144927536231884,0.902117084447071,0.0,0.0,2.1369939503220023,0.6478359283441504,168.0,sensitivity,0.25
unplanned_icu,CO2,NORMA_334f7e21,1035,241,0.2328502415458937,0.8247793492777823,0.0,0.0,1.708053421545313,0.5210472035280456,168.0,sensitivity,0.25
unplanned_icu,CO2,NORMA_q_age_set,1035,274,0.2647342995169082,0.6425356968314407,0.0,0.0,1.4782806584118149,0.45278111974015,168.0,soc_rate,0.25
unplanned_icu,CO2,NORMA_q_age_set,1035,270,0.2608695652173913,0.6557161299765772,0.0,0.0,1.501360117710172,0.459813198971385,168.0,sensitivity,0.25
unplanned_icu,CO2,Gaussian_eb,1035,270,0.2608695652173913,0.8745949981900634,,,1.266576054413011,0.3988967773845538,168.0,soc_rate,0.25
unplanned_icu,CO2,Gaussian_eb,1035,270,0.2608695652173913,0.8745949981900634,,,1.266576054413011,0.3988967773845538,168.0,sensitivity,0.25
unplanned_icu,CO2,Gaussian_trunc,1035,270,0.2608695652173913,0.2600131511005892,,,0.4504154275864527,0.1645584720717794,168.0,soc_rate,0.25
unplanned_icu,CO2,Gaussian_trunc,1035,308,0.2975845410628019,0.5762933572025498,,,0.3730059463474834,0.1360101358022672,168.0,sensitivity,0.25
unplanned_icu,CO2,Gaussian_mle,1035,270,0.2608695652173913,0.40750861922621,,,1.224414552555081,1.550026004557758,168.0,soc_rate,0.25
unplanned_icu,CO2,Gaussian_mle,1035,106,0.102415458937198,0.1292205421145229,,,1.3071286527303043,3.259918645211929,168.0,sensitivity,0.25
unplanned_icu,CO2,Cohen_m4,1035,274,0.2647342995169082,0.4011764401564183,,,2.3662797273281897,0.6106715465854106,168.0,soc_rate,0.25
unplanned_icu,CO2,Cohen_m4,1035,319,0.3082125603864734,0.4806163577062321,,,1.9025295203183328,0.486595549743741,168.0,sensitivity,0.25
unplanned_icu,CO2,Cohen_m3,1035,274,0.2647342995169082,0.4075531118756287,,,10.924504774002935,1.2377726280692118,168.0,soc_rate,0.25
unplanned_icu,CO2,Cohen_m3,1035,157,0.1516908212560386,0.3637913907983658,,,9.997191487184583,1.8975981674660731,168.0,sensitivity,0.25
unplanned_icu,CO2,Cohen_m2,1035,274,0.2647342995169082,0.1804495743437224,0.0,0.0,1.3219521732113195,0.394466949023258,168.0,soc_rate,0.25
unplanned_icu,CO2,Cohen_m2,1035,340,0.3285024154589372,0.3496242586018881,0.0,0.0,2.124056707363889,0.4800369588948847,168.0,sensitivity,0.25
unplanned_icu,CO2,PerRI,1035,273,0.263768115942029,0.9373391138735588,0.0,0.0,1.8918052619451764,0.5895172841744551,168.0,soc_rate,0.25
unplanned_icu,CO2,PerRI,1035,327,0.3159420289855073,0.99891550189316,0.0,0.0,1.4813472140705275,0.8695401435018263,168.0,sensitivity,0.25
unplanned_icu,CO2,PopRI,1035,274,0.2647342995169082,0.3564699145188168,,,4.555885677636439,1.3399800977443932,168.0,soc_rate,0.25
unplanned_icu,CO2,PopRI,1035,70,0.0676328502415458,0.0485346117705294,0.0,0.0,5.875301341827467,1.7877487280573978,168.0,sensitivity,0.25
unplanned_icu,CO2,NORMA_q_age,1035,274,0.2647342995169082,0.7117297867311974,0.0,0.0,1.4709709362157546,0.4505708883002172,168.0,soc_rate,0.25
unplanned_icu,CO2,StandardOfCare,1397,347,0.2483894058697208,0.3850051751165575,,,4.783071262859259,1.7012175149727968,72.0,sensitivity,0.25
unplanned_icu,CO2,StandardOfCare,1035,274,0.2647342995169082,0.6530264765735364,0.0,0.0,0.6792097748504117,1.5678634920132484,168.0,sensitivity,0.25
unplanned_icu,CL,Gaussian_eb,5759,1034,0.1795450599062337,0.1401448488712967,,0.6063161123323056,5.016881218674787,1.1158491392744592,72.0,sensitivity,0.25
unplanned_icu,CRE,Cohen_m2,3844,347,0.0902705515088449,0.4970643596292696,9.824207492815416,9.824207492815416,1.0483290777250456,1.9936132913580316,72.0,soc_rate,0.25
unplanned_icu,CO2,NORMA_q_age_set_co,1397,347,0.2483894058697208,0.8625981665862161,,3.3789473684204605,1.432511818468487,0.6912449338616792,72.0,soc_rate,0.25
unplanned_icu,CO2,NORMA_334f7e21,1397,171,0.1224051539012169,0.0528060743729176,,,11.11605415860796,2.0148118509435715,72.0,sensitivity,0.25
unplanned_icu,CO2,NORMA_q_age_set,1397,347,0.2483894058697208,0.8979831441268047,,,4.689514957885972,0.8048982677653562,72.0,soc_rate,0.25
unplanned_icu,CO2,NORMA_q_age_set,1397,268,0.1918396564065855,0.3572102417521808,,,6.590429784154404,1.1611458604591889,72.0,sensitivity,0.25
unplanned_icu,CO2,Gaussian_eb,1397,341,0.2440944881889764,0.4773765806385133,,0.0,2.1230244809419103,0.4229547571765586,72.0,soc_rate,0.25
unplanned_icu,CO2,Gaussian_eb,1397,384,0.2748747315676449,0.9953878302105812,,0.0,1.74683350449549,0.5714643090864127,72.0,sensitivity,0.25
unplanned_icu,CO2,Gaussian_trunc,1397,341,0.2440944881889764,0.2377305385266993,,0.0,2.256039252532438,0.1806384877396403,72.0,soc_rate,0.25
unplanned_icu,CO2,Gaussian_trunc,1397,435,0.3113815318539728,0.7415936358155881,,2.063451776650661,5.044836145120205,0.2198276084234415,72.0,sensitivity,0.25
unplanned_icu,CO2,Gaussian_mle,1397,341,0.2440944881889764,0.9407400207342758,,0.0,0.0,0.5405244584528615,72.0,soc_rate,0.25
unplanned_icu,CO2,Gaussian_mle,1397,366,0.2619899785254116,0.8309184405680116,,0.0,1.8895751633986004,0.6777469143168239,72.0,sensitivity,0.25
unplanned_icu,CO2,NORMA_334f7e21,1397,347,0.2483894058697208,0.9111682558773722,,,4.848554671136891,0.8196375684609563,72.0,soc_rate,0.25
unplanned_icu,CO2,Cohen_m4,1397,347,0.2483894058697208,0.9357338329417728,,,,0.9446536035908392,72.0,soc_rate,0.25
unplanned_icu,CO2,Cohen_m3,1397,347,0.2483894058697208,0.2505909826045113,,3.25084745762598,7.183971542159835,1.3940878116745354,72.0,soc_rate,0.25
unplanned_icu,CO2,Cohen_m3,1397,259,0.1853972798854688,0.376326544424763,,4.896713615023367,10.86282445631525,1.645178047772257,72.0,sensitivity,0.25
unplanned_icu,CO2,Cohen_m2,1397,347,0.2483894058697208,0.1333945006305109,,0.0,0.0,0.3784371169291811,72.0,soc_rate,0.25
unplanned_icu,CO2,Cohen_m2,1397,481,0.3443092340730136,0.3834440784861328,,2.02195121951173,0.8396238114924086,0.5070559492264374,72.0,sensitivity,0.25
unplanned_icu,CO2,PerRI,1397,346,0.2476735862562634,0.9322793448523652,,0.0,0.0,0.6593015646517073,72.0,soc_rate,0.25
unplanned_icu,CO2,PerRI,1397,513,0.3672154617036506,0.6277392367325392,,0.0,0.0,0.6803957139001329,72.0,sensitivity,0.25
unplanned_icu,CO2,PopRI,1397,347,0.2483894058697208,0.2077471926895968,,,,1.6535467325844255,72.0,soc_rate,0.25
unplanned_icu,CO2,PerRI,1483,540,0.3641267700606878,0.6235823019245103,1.6981481481477505,0.8358955407733794,0.2894424721061944,0.6935585000146456,24.0,sensitivity,0.25
unplanned_icu,CO2,PopRI,1483,297,0.2002697235333783,0.8604740668043265,3.8989898989937233,1.9221575970048264,0.6529205573910063,0.5800280665498452,24.0,soc_rate,0.25
unplanned_icu,CO2,Cohen_m4,1397,325,0.2326413743736578,0.8658065678665723,,,,1.0134259141297282,72.0,sensitivity,0.25
unplanned_icu,CO2,NORMA_q_age,1397,252,0.180386542591267,0.4000910394167476,,4.265486725664973,1.886990074352838,0.937943523902212,72.0,sensitivity,0.25
unplanned_icu,CO2,NORMA_q_age,1397,347,0.2483894058697208,0.9444508138759756,,2.848874598069519,1.26018271445831,0.6136467610362206,72.0,soc_rate,0.25
unplanned_icu,CO2,PopRI,1397,165,0.1181102362204724,0.2264745191134057,,8.13768115942043,3.394575569358669,1.2324866584712273,72.0,sensitivity,0.25
unplanned_icu,CO2,NORMA_q_age,1483,412,0.2778152393796358,0.9308257077195556,0.0,0.0,1.369294992117545,0.6056215511891854,24.0,sensitivity,0.25
unplanned_icu,CO2,NORMA_334f7e21,1483,297,0.2002697235333783,0.8291461274522051,0.0,0.0,2.107863632032523,0.9230685012470256,24.0,soc_rate,0.25
unplanned_icu,CO2,NORMA_334f7e21,1483,369,0.24881995954147,0.8504060746307155,0.0,0.0,1.6116669289852277,0.7194790680126707,24.0,sensitivity,0.25
unplanned_icu,CO2,NORMA_q_age_set,1483,297,0.2002697235333783,0.7244960449755795,0.0,0.0,2.0915396663737584,0.9621612580971892,24.0,soc_rate,0.25
unplanned_icu,CO2,NORMA_q_age_set,1483,396,0.2670262980445044,0.941779922100924,0.0,0.0,1.4198179106729645,0.6358930523417937,24.0,sensitivity,0.25
unplanned_icu,CO2,Gaussian_eb,1483,292,0.1968981793661497,0.5130194440847847,3.969178082190008,1.9532534246573603,2.3649428303826694,0.3234893383938788,24.0,soc_rate,0.25
unplanned_icu,CO2,Gaussian_eb,1483,400,0.2697235333782872,0.9331758241479798,2.6349999999987888,1.2958807915051522,1.5389840408371425,0.6222288541622446,24.0,sensitivity,0.25
unplanned_icu,CO2,NORMA_q_age_set_co,1483,297,0.2002697235333783,0.7248694936049114,3.905723905723515,1.921184665595472,1.900429217551028,0.9960805009528352,24.0,soc_rate,0.25
unplanned_icu,CO2,Gaussian_trunc,1483,292,0.1968981793661497,0.3480526379894036,3.9726027397247536,1.9523102538360293,2.5135615128586317,0.3477975058883037,24.0,soc_rate,0.25
unplanned_icu,CO2,Gaussian_mle,1483,292,0.1968981793661497,0.7691942496276969,0.0,0.0,2.137609042159856,0.2963033067245635,24.0,soc_rate,0.25
unplanned_icu,CO2,Gaussian_mle,1483,326,0.2198246797033041,0.6000045611369834,0.0,0.0,1.8438573197902817,0.4866367314935075,24.0,sensitivity,0.25
unplanned_icu,CO2,Cohen_m4,1483,297,0.2002697235333783,0.1279200209592193,,,20.169010623765804,1.4764165573952417,24.0,soc_rate,0.25
unplanned_icu,CO2,Cohen_m4,1483,285,0.1921780175320296,0.2922601780539593,,,6.503556780219702,1.234376799660586,24.0,sensitivity,0.25
unplanned_icu,CO2,Cohen_m3,1483,297,0.2002697235333783,0.0553287046846397,4.0340136054373446,8.152361990083717,8.814682931669246,2.1461056450025544,24.0,soc_rate,0.25
unplanned_icu,CO2,Cohen_m3,1483,221,0.1490222521915037,0.1224619318240642,5.78899082569346,11.68669509412412,5.936424679235136,2.080797077141986,24.0,sensitivity,0.25
unplanned_icu,CO2,Cohen_m2,1483,297,0.2002697235333783,0.4301504386072223,3.895622895623844,1.9161327561333752,0.6451366022543508,0.5728553689331458,24.0,soc_rate,0.25
unplanned_icu,CO2,Cohen_m2,1483,510,0.3438975050573162,0.409202394471736,1.858823529412465,0.9159708875515332,0.8702177848222294,0.5357933160067656,24.0,sensitivity,0.25
unplanned_icu,CO2,PerRI,1483,296,0.1995954146999325,0.917837696236234,0.0,0.0,0.0,0.7865674371621685,24.0,soc_rate,0.25
unplanned_icu,CO2,Gaussian_trunc,1483,459,0.3095077545515846,0.7853091262941041,2.1742919389969138,1.070539870168065,2.565540631099856,0.2771152483665008,24.0,sensitivity,0.25
unplanned_icu,CO2,StandardOfCare,1483,297,0.2002697235333783,0.59540200230634,0.0,0.0,1.280161943817458,1.4155496421281322,24.0,sensitivity,0.25
unplanned_icu,CO2,StandardOfCare,1483,297,0.2002697235333783,0.59540200230634,0.0,0.0,1.280161943817458,1.4155496421281322,24.0,soc_rate,0.25
unplanned_icu,CO2,PopRI,1483,304,0.2049898853674983,0.7767548162891278,3.786184210527607,1.866381811009685,1.8138176224333231,0.7415884398827414,24.0,sensitivity,0.25
unplanned_icu,CO2,NORMA_q_age_set_co,1765,469,0.2657223796033994,0.5403091869496099,0.9068039674182178,0.9114270093980068,0.9243732539841896,0.9600740795237042,0.0,sensitivity,0.25
unplanned_icu,CL,Gaussian_mle,2087,451,0.216099664590321,0.1373043827335187,7.41973056269203,18.59231107025618,8.425923666987847,1.7873861899699226,168.0,soc_rate,0.25
unplanned_icu,CL,Gaussian_mle,2087,316,0.1514135122184954,0.1479751041524939,11.537704918026392,29.542957872438222,4.9477959301900265,1.3839292305703113,168.0,sensitivity,0.25
unplanned_icu,CO2,NORMA_q_age_set,1765,486,0.2753541076487252,0.353162223367905,0.882075963675523,0.8672141145979596,0.9015623491436736,0.84570786290331,0.0,sensitivity,0.25
unplanned_icu,CO2,Gaussian_eb,1765,423,0.2396600566572237,0.5971586953772254,1.1335916638129853,1.137924286412317,1.1225867339505164,0.9941866053889268,0.0,sensitivity,0.25
unplanned_icu,CO2,Gaussian_trunc,1765,452,0.2560906515580736,0.8053133656509184,0.9952943764187132,0.999798127052702,1.0115178701976018,0.903469231231229,0.0,sensitivity,0.25
unplanned_icu,CO2,Gaussian_mle,1765,410,0.2322946175637393,0.3975319201467392,1.1800850913173906,1.160000142532244,1.1446780628016096,1.0627396635813016,0.0,sensitivity,0.25
unplanned_icu,CO2,Cohen_m4,1765,462,0.261756373937677,0.6575040936571042,0.9455937210220324,0.9718616238404916,0.9843254903456162,0.931952560382674,0.0,sensitivity,0.25
unplanned_icu,CO2,Cohen_m3,1765,391,0.2215297450424929,0.3055509074297267,1.127916466704158,1.160529869886617,1.176057719824053,1.1648363364055896,0.0,sensitivity,0.25
unplanned_icu,CO2,Cohen_m2,1765,495,0.2804532577903683,0.2271564382410101,0.8971682690339139,0.9009732038218108,0.8889383156055889,0.8405877327450743,0.0,sensitivity,0.25
unplanned_icu,CO2,PerRI,1765,386,0.2186968838526912,0.0789558790390651,1.2497245018901624,1.2552149681582754,1.238753501343788,1.192392580588154,0.0,sensitivity,0.25
unplanned_icu,CO2,PopRI,1765,444,0.2515580736543909,0.7788895517050656,0.8922894081377231,0.8981522933728648,0.9365519160088108,1.0252433767630904,0.0,sensitivity,0.25
unplanned_icu,CL,StandardOfCare,2087,457,0.2189746046957355,0.0962906834551691,0.0,0.0,2.781256532027732,0.4119687497447135,168.0,soc_rate,0.25
unplanned_icu,CL,StandardOfCare,2087,457,0.2189746046957355,0.0962906834551691,0.0,0.0,2.781256532027732,0.4119687497447135,168.0,sensitivity,0.25
unplanned_icu,CL,NORMA_q_age_set_co,2087,457,0.2189746046957355,0.5382780751845404,1.8132936742898904,2.316589247399887,6.644937387757841,1.4516013225069209,168.0,soc_rate,0.25
unplanned_icu,CL,NORMA_q_age_set_co,2087,203,0.0972688068998562,0.0662182684746357,4.678995298814948,6.295591550625656,7.509411535015652,1.9576058672186225,168.0,sensitivity,0.25
unplanned_icu,CL,NORMA_q_age,2087,457,0.2189746046957355,0.4290262992384256,1.8173776690517096,2.3397573735448627,6.8015128459521454,1.0835390546401882,168.0,soc_rate,0.25
unplanned_icu,CL,NORMA_q_age,2087,262,0.1255390512697652,0.1489091618954696,3.5249359063162182,4.575601087723855,5.475058413631582,1.4336537441161332,168.0,sensitivity,0.25
unplanned_icu,CL,NORMA_334f7e21,2087,457,0.2189746046957355,0.3924635653610213,1.8132936742898904,2.3367497993321398,6.801044474413294,1.0404521727851257,168.0,soc_rate,0.25
unplanned_icu,CL,NORMA_334f7e21,2087,310,0.1485385721130809,0.2620820971276974,2.910237950751913,3.823547822986991,4.702457029920324,0.6668516733441978,168.0,sensitivity,0.25
unplanned_icu,CL,NORMA_q_age_set,2087,457,0.2189746046957355,0.2687124965420046,1.8132936742898904,2.344242242450676,2.9599113086362623,0.8047628944275299,168.0,soc_rate,0.25
unplanned_icu,CL,NORMA_q_age_set,2087,307,0.1471011020603737,0.2401522268836682,2.944455001520696,3.817855366247742,4.708613625010468,0.6756787201657726,168.0,sensitivity,0.25
unplanned_icu,CL,Gaussian_eb,2087,304,0.1456636320076665,0.1600855885764252,12.047573238048775,31.01699148781587,5.192398763338146,0.7423017337612332,168.0,sensitivity,0.25
unplanned_icu,CL,NORMA_q_age_set,5759,815,0.141517624587602,0.3718723841021149,,1.1074679744157676,2.2216075585915163,0.6860370341545883,72.0,sensitivity,0.25
unplanned_icu,CO2,NORMA_334f7e21,1765,504,0.2855524079320113,0.1139248248712261,0.8202783618007984,0.8065377479571135,0.8392876678774427,0.787398870962838,0.0,sensitivity,0.25
unplanned_icu,CO2,StandardOfCare,1397,347,0.2483894058697208,0.3850051751165575,,,4.783071262859259,1.7012175149727968,72.0,soc_rate,0.25
unplanned_icu,CO2,NORMA_q_age,1765,481,0.2725212464589235,0.3817193189313931,0.9142458293189896,0.8987840005895419,0.9092235953522816,0.8518256899519071,0.0,sensitivity,0.25
unplanned_icu,CL,Gaussian_trunc,2087,451,0.216099664590321,0.8264058351794824,1.8646012702904424,3.122782137262651,1.3160194919754324,0.7849775004240822,168.0,soc_rate,0.25
unplanned_icu,CL,Cohen_m4,2087,457,0.2189746046957355,0.2559381127801629,1.7988702114914372,7.458858329965435,16.43117078971736,1.287121884834076,168.0,soc_rate,0.25
unplanned_icu,CL,Cohen_m4,2087,329,0.1576425491135601,0.1147758327964598,2.699971052612369,11.258373568882671,8.610095948222085,1.4452967374987626,168.0,sensitivity,0.25
unplanned_icu,CL,Cohen_m3,2087,457,0.2189746046957355,0.6110167534284763,7.326065170516834,18.804061079541142,3.14875461983261,0.9051826127575772,168.0,soc_rate,0.25
unplanned_icu,CL,Cohen_m3,2087,254,0.1217057977958792,0.0635364528185759,14.872395273899585,37.84460515560709,6.296278274326562,1.69744061467609,168.0,sensitivity,0.25
unplanned_icu,CL,Cohen_m2,2087,457,0.2189746046957355,0.4961373391618985,1.7982991085276965,7.411896070203951,2.123616210292206,0.7127723412713743,168.0,soc_rate,0.25
unplanned_icu,CL,Cohen_m2,2087,360,0.1724964063248682,0.4461116550340362,2.425820152313218,10.040611690440382,2.8677902784831626,0.9322394248047604,168.0,sensitivity,0.25
unplanned_icu,CL,PerRI,2087,457,0.2189746046957355,0.5047016777915161,1.807510202037164,0.7049918979679303,0.3650704195643343,0.5185509893045214,168.0,soc_rate,0.25
unplanned_icu,CL,PerRI,2087,648,0.3104935313847628,0.7867516250460458,4.557445932134869,3.5049503899092027,3.2085914851401256,0.7140424851909126,168.0,sensitivity,0.25
unplanned_icu,CL,PopRI,2087,457,0.2189746046957355,0.0295392946496125,1.808083154369664,2.3103230753408788,6.761803325664546,1.554677334226924,168.0,soc_rate,0.25
unplanned_icu,CL,PopRI,2087,245,0.1173933876377575,0.0831942307745224,3.845551556919515,4.936384799637066,14.350329074549654,1.3319767128379023,168.0,sensitivity,0.25
unplanned_icu,CL,StandardOfCare,5759,807,0.1401284945303004,0.978983320327288,,5.541048039767826,1.239201773236681,0.99766769680773,72.0,soc_rate,0.25
unplanned_icu,CL,StandardOfCare,5759,807,0.1401284945303004,0.978983320327288,,5.541048039767826,1.239201773236681,0.99766769680773,72.0,sensitivity,0.25
unplanned_icu,CL,NORMA_q_age_set_co,5759,807,0.1401284945303004,0.2165857947402129,,2.704035717863068,3.011230937846024,1.278840517927665,72.0,soc_rate,0.25
unplanned_icu,CL,NORMA_q_age_set_co,5759,809,0.1404757770446258,0.2827251424780961,,2.720368697978051,3.038742627987053,0.7897402406977053,72.0,sensitivity,0.25
unplanned_icu,CL,NORMA_q_age,5759,807,0.1401284945303004,0.3795160968878734,,1.102925423817743,2.2418182545402527,1.1814922410776074,72.0,soc_rate,0.25
unplanned_icu,CL,NORMA_q_age,5759,961,0.1668692481333565,0.7463740818491285,,0.8751343540947223,1.7859033761737122,0.5663969570365066,72.0,sensitivity,0.25
unplanned_icu,CL,NORMA_334f7e21,5759,807,0.1401284945303004,0.4794649139952841,,1.0931094750936716,2.18373371436044,0.6594149614941793,72.0,soc_rate,0.25
unplanned_icu,CL,NORMA_334f7e21,5759,856,0.1486369161312727,0.3170846985105192,,2.494680268888398,2.7087609874765137,0.7138779434372942,72.0,sensitivity,0.25
unplanned_icu,CL,NORMA_q_age_set,5759,807,0.1401284945303004,0.5930851333969455,,1.1304860449980298,2.282667494144168,0.7074762955104376,72.0,soc_rate,0.25
unplanned_icu,CL,Gaussian_trunc,2087,551,0.2640153330138955,0.7289808729205968,1.4234401761679771,2.312165176386824,0.972575222343406,1.4232230924212417,168.0,sensitivity,0.25
unplanned_icu,CO2,NORMA_q_age_set_co,1397,321,0.2297780959198282,0.6674427582523199,,3.770992366411064,1.6007477800276613,0.7802673821939957,72.0,sensitivity,0.25
unplanned_icu,CL,Gaussian_eb,2087,451,0.216099664590321,0.4967515070479524,7.41957760851491,18.647175403262537,3.1020882200935165,0.8764539451916943,168.0,soc_rate,0.25
unplanned_icu,CL,Gaussian_trunc,5759,791,0.1373502344156971,0.5576417488111995,,0.9130916486876632,0.3123236337876374,1.2653273915504726,72.0,soc_rate,0.25
unplanned_icu,CA,PerRI,4366,204,0.0467246907924874,0.0098125549157735,4.052081273436497,1.8641034737860085,4.3966293141957085,1.767286512581258,24.0,soc_rate,0.25
unplanned_icu,CA,PerRI,4366,462,0.1058176820888685,0.0001179184265027,4.045804403216,3.527916162416292,3.451932566418855,3.0914101395914093,24.0,sensitivity,0.25
unplanned_icu,CL,Cohen_m4,5759,807,0.1401284945303004,0.3080272931932058,,1.49375915162225,3.466463512367373,1.434694611589156,72.0,soc_rate,0.25
unplanned_icu,CL,Cohen_m4,5759,1215,0.2109741274526827,0.4722898458403671,,0.9319758613273338,2.167211343560735,1.189624781880083,72.0,sensitivity,0.25
unplanned_icu,CL,Cohen_m3,5759,807,0.1401284945303004,0.1042354148172802,,3.166546188710408,8.251841305091784,1.417404738766738,72.0,soc_rate,0.25
unplanned_icu,CL,Cohen_m3,5759,689,0.1196388261851015,0.0607004852464793,,3.770175407203854,6.82080420189428,1.4453014127786146,72.0,sensitivity,0.25
unplanned_icu,CL,Cohen_m2,5759,807,0.1401284945303004,0.9241366125121404,,1.4552108892894724,2.4118104791834774,0.8969528605454699,72.0,soc_rate,0.25
unplanned_icu,CL,Cohen_m2,5759,921,0.1599235978468484,0.3130020291858323,,0.6819225128610861,3.593860964609919,0.9341566610331996,72.0,sensitivity,0.25
unplanned_icu,CL,PerRI,5759,807,0.1401284945303004,0.0478755839076619,,0.0,0.0,0.0,72.0,soc_rate,0.25
unplanned_icu,CL,PerRI,5759,2004,0.3479770793540545,0.5835595110169726,,0.3794575066535724,1.4023747124888033,0.648637497285807,72.0,sensitivity,0.25
unplanned_icu,CL,PopRI,5759,807,0.1401284945303004,0.1769563741906017,,0.0,1.5175859465694876,1.3737063831398568,72.0,soc_rate,0.25
unplanned_icu,CL,Gaussian_mle,5759,1247,0.2165306476818892,0.5072120339476718,,0.4921284306437497,4.059160757080191,0.924777048086494,72.0,sensitivity,0.25
unplanned_icu,CL,PopRI,5759,725,0.1258899114429588,0.1343545401547197,,0.0,1.7474024261270396,0.9603640499065146,72.0,sensitivity,0.25
unplanned_icu,CL,StandardOfCare,8237,362,0.0439480393347092,0.955010073027681,0.0,0.0,1.355641851144732,0.9642460397947896,24.0,sensitivity,0.25
unplanned_icu,CL,NORMA_q_age_set_co,8237,362,0.0439480393347092,0.2437545386805582,3.017412003455412,2.03220482693458,4.380942342974048,1.386815787263349,24.0,soc_rate,0.25
unplanned_icu,CL,NORMA_q_age_set_co,8237,1001,0.1215248270001214,0.1198157946107147,1.0309608705295843,1.6443622464938623,1.7526913209165147,1.1726177895704537,24.0,sensitivity,0.25
unplanned_icu,CL,NORMA_q_age,8237,362,0.0439480393347092,0.285402863091304,3.016974881662737,2.031185354302236,2.632915456585363,1.0850184122965656,24.0,soc_rate,0.25
unplanned_icu,CL,NORMA_q_age,8237,928,0.1126623770790336,0.0135022938622457,2.575852579945558,4.62300723343347,2.435413945666502,1.2590919759818793,24.0,sensitivity,0.25
unplanned_icu,CL,NORMA_334f7e21,8237,362,0.0439480393347092,0.0214261987991459,3.017045287083956,2.0314481169042167,4.418398059396495,1.385085390444838,24.0,soc_rate,0.25
unplanned_icu,CL,NORMA_334f7e21,8237,952,0.1155760592448707,0.0060795431813868,2.5062785639496683,4.506538781424719,2.424306611595633,1.3016772313659015,24.0,sensitivity,0.25
unplanned_icu,CL,NORMA_q_age_set,8237,1037,0.125895350248877,0.0133763572338264,2.26693778870654,4.053698872239831,2.772082818778837,0.9634711512193932,24.0,sensitivity,0.25
unplanned_icu,CRE,Cohen_m3,1738,533,0.3066743383199079,0.9070647883496912,2.6627634660422035,2.6627634660422035,2.998852268414468,0.8772728153961156,168.0,sensitivity,0.25
unplanned_icu,CL,StandardOfCare,8237,362,0.0439480393347092,0.955010073027681,0.0,0.0,1.355641851144732,0.9642460397947896,24.0,soc_rate,0.25
unplanned_icu,CL,Gaussian_mle,5759,791,0.1373502344156971,0.2917062913585472,,0.8583614234788705,7.410982289579413,0.8934939534635451,72.0,soc_rate,0.25
unplanned_icu,CL,Gaussian_trunc,5759,1788,0.3104705678069109,0.728986717692161,,0.3099146990219621,1.0881837847085196,1.181244219709248,72.0,sensitivity,0.25
unplanned_icu,CL,NORMA_q_age_set,8237,362,0.0439480393347092,0.1746653679800466,3.016380698027838,2.030523290432449,4.065732891488659,1.273922360475826,24.0,soc_rate,0.25
unplanned_icu,CL,Gaussian_mle,8237,1365,0.1657156731819837,0.013831255119722,4.8358437355894495,6.043529743989261,3.2203184697951484,0.9045892465432238,24.0,sensitivity,0.25
unplanned_icu,CL,Cohen_m4,8237,362,0.0439480393347092,0.9171076621057054,3.017120141733882,2.0316468988873586,0.5139384868189539,0.6734068294462162,24.0,soc_rate,0.25
unplanned_icu,CL,Cohen_m4,8237,1537,0.1865970620371494,0.1963747914722225,1.4072496792792228,0.9000787198337454,0.5909012820614102,1.2855920680074515,24.0,sensitivity,0.25
unplanned_icu,CL,Cohen_m3,8237,362,0.0439480393347092,0.3015373923217981,0.0,0.0,1.4230361540523102,1.2524777509974452,24.0,soc_rate,0.25
unplanned_icu,CL,Cohen_m3,8237,1366,0.1658370766055602,0.1978175086106166,1.624978351669546,1.0385194975616483,1.6624588110517744,1.184001931270919,24.0,sensitivity,0.25
unplanned_icu,CL,Cohen_m2,8237,362,0.0439480393347092,0.5198861575324167,0.0,2.418734253806242,2.548612454331628,0.9557059140329264,24.0,soc_rate,0.25
unplanned_icu,CL,Cohen_m2,8237,1203,0.1460483185625834,0.1086231154556084,0.815149323221388,2.342801248978857,1.1334022407551212,1.5679775714374862,24.0,sensitivity,0.25
unplanned_icu,CL,PerRI,8237,362,0.0439480393347092,0.7189630580351731,3.055256267564415,2.0579743312163568,0.5232378231070592,0.1039995300136832,24.0,soc_rate,0.25
unplanned_icu,CL,PerRI,8237,2467,0.2995022459633362,0.7048942095887505,1.3739075660755335,1.3184516692084596,1.0605558955389145,0.8050767644392643,24.0,sensitivity,0.25
unplanned_icu,CL,PopRI,8237,362,0.0439480393347092,0.686207068236774,0.0,2.393015088314962,0.596773536437863,0.587965918071283,24.0,soc_rate,0.25
unplanned_icu,CL,PopRI,8237,903,0.10962729148962,0.0600796943436642,1.1264211189959794,3.2207506946412137,1.5608789149820332,1.380657619779143,24.0,sensitivity,0.25
unplanned_icu,CL,NORMA_q_age_set_co,9031,1297,0.143616432288783,0.028267395439062,0.0,2.533095254003717,1.6027580910104138,1.005666090892542,0.0,sensitivity,0.25
unplanned_icu,CL,NORMA_q_age,9031,1762,0.1951057468718857,0.3669012287670187,0.0,1.0698160796497924,1.175277237231999,0.7566477264206459,0.0,sensitivity,0.25
unplanned_icu,CL,NORMA_334f7e21,9031,1454,0.161000996567379,0.1289092592321943,0.0,1.348331674956098,1.4865451306705766,0.9119783179031252,0.0,sensitivity,0.25
unplanned_icu,CL,NORMA_q_age_set,9031,1598,0.1769460746318237,0.2179955351855967,0.0,1.1953894539162138,1.709679787617261,0.6661955433897847,0.0,sensitivity,0.25
unplanned_icu,CL,Gaussian_eb,9031,1635,0.1810430738567157,0.0533907674294278,0.4973346469947804,1.9537498306911063,1.165292823154293,0.9827464341018614,0.0,sensitivity,0.25
unplanned_icu,CL,Gaussian_trunc,9031,2714,0.30052042963127,0.7288372560077508,0.9847778107566348,1.2083294636812516,0.9067686773625988,1.304714301792114,0.0,sensitivity,0.25
unplanned_icu,CL,Gaussian_mle,9031,1856,0.2055143394972871,0.1188181712990428,0.4249751075880778,1.6608521740855535,0.990855586762499,1.3152991097012607,0.0,sensitivity,0.25
unplanned_icu,CL,Gaussian_eb,8237,1353,0.1642588320990652,0.0443757818270357,2.9515526918533417,4.314910947002276,2.953345330266598,0.8871766631693013,24.0,sensitivity,0.25
unplanned_icu,CL,Cohen_m4,9031,1942,0.2150370944524416,0.3834346814024477,0.4012282087568549,1.1721910685456438,0.9374342108293076,1.0963023901866626,0.0,sensitivity,0.25
unplanned_icu,CL,Gaussian_eb,8237,354,0.0429768119460968,0.8168120356533133,3.0981586793459384,2.086888388345728,0.5318118816427926,0.1054759268389987,24.0,soc_rate,0.25
unplanned_icu,CL,Cohen_m3,9031,2236,0.2475916288340161,0.6117191457637976,0.0,0.3195270833185116,0.9487706792507832,1.914280621648369,0.0,sensitivity,0.25
unplanned_icu,CL,PerRI,9031,2801,0.3101539142952054,0.8545457622473869,1.4605759235708229,1.3580365455005377,1.0434799923569005,0.8192383185311229,0.0,sensitivity,0.25
unplanned_icu,CA,PopRI,1276,236,0.1849529780564263,0.5868642298448774,0.0,2.1059897913388776,2.446247521068019,0.5010143943552101,168.0,soc_rate,0.25
unplanned_icu,CA,PopRI,1276,357,0.2797805642633229,0.944745726321523,2.607954545453654,3.1869420275664697,4.154696949811094,0.5753288428612916,168.0,sensitivity,0.25
unplanned_icu,CA,StandardOfCare,1276,236,0.1849529780564263,0.5305334171788403,,4.889224468182608,3.807697536328428,0.6714987801233879,168.0,sensitivity,0.25
unplanned_icu,CA,NORMA_q_age_set_co,1276,236,0.1849529780564263,0.4772065419419427,0.0,1.766349737609788,2.0299879111281243,0.412825813270022,168.0,soc_rate,0.25
unplanned_icu,CA,NORMA_q_age_set_co,1276,356,0.2789968652037617,0.9024212524697524,0.0,1.963581881304001,1.8315757097981835,1.0425189460272892,168.0,sensitivity,0.25
unplanned_icu,CA,NORMA_q_age,1276,236,0.1849529780564263,0.9098042772170336,0.0,1.8082679726635704,2.0919600678811587,0.9439416154847804,168.0,soc_rate,0.25
unplanned_icu,CA,NORMA_q_age,1276,424,0.3322884012539185,0.8964197583985882,0.0,1.4409829500672768,1.3809227770741808,0.8069296012869536,168.0,sensitivity,0.25
unplanned_icu,CA,NORMA_334f7e21,1276,236,0.1849529780564263,0.6219427107644985,0.0,1.838463402607,2.1393723677400613,1.0351533955335943,168.0,soc_rate,0.25
unplanned_icu,CA,NORMA_334f7e21,1276,273,0.2139498432601881,0.496560987325377,0.0,2.8400053383016077,2.656229279223779,1.0205397211083045,168.0,sensitivity,0.25
unplanned_icu,CA,NORMA_q_age_set,1276,236,0.1849529780564263,0.9267403401783754,0.0,3.268843581506648,1.7147824031687993,0.9930784131378996,168.0,soc_rate,0.25
unplanned_icu,CA,NORMA_q_age_set,1276,364,0.2852664576802508,0.7058661311106421,0.0,1.88816559711825,1.845716988345072,0.7583420576379947,168.0,sensitivity,0.25
unplanned_icu,CA,Gaussian_eb,1276,233,0.1826018808777429,0.6876199169068394,0.0,2.045548291981538,1.1502430692528882,0.6101590694587224,168.0,soc_rate,0.25
unplanned_icu,CA,Gaussian_eb,1276,426,0.3338557993730408,0.5827404126583051,0.0,1.5251295723813816,0.787461322181292,1.119365759982147,168.0,sensitivity,0.25
unplanned_icu,CA,Gaussian_trunc,1276,233,0.1826018808777429,0.1757358454921254,0.0,0.6732514720340663,0.4089140552148281,0.3284827963978493,168.0,soc_rate,0.25
unplanned_icu,CA,Gaussian_trunc,1276,563,0.4412225705329153,0.0182703947833809,1.2691622103383042,0.7394733992013882,0.6898154433937349,0.2208364798677674,168.0,sensitivity,0.25
unplanned_icu,CA,Gaussian_mle,1276,233,0.1826018808777429,0.7409549973742788,0.0,1.9493973151698352,1.1127824272307654,0.624396319978749,168.0,soc_rate,0.25
unplanned_icu,CA,Gaussian_mle,1276,454,0.3557993730407524,0.381732451834599,0.0,0.7704639693308514,0.441641221243553,1.5576770032247935,168.0,sensitivity,0.25
unplanned_icu,CA,Cohen_m4,1276,236,0.1849529780564263,0.1148472057448271,0.0,0.8760053982336489,0.5313207923474871,0.1264607938443388,168.0,soc_rate,0.25
unplanned_icu,CA,Cohen_m4,1276,516,0.4043887147335423,0.0796653164991874,0.0,0.6550637453347553,0.7464402343597368,0.5175793220707545,168.0,sensitivity,0.25
unplanned_icu,CA,Cohen_m3,1276,236,0.1849529780564263,0.2104345559407504,0.0,0.7948309184521221,0.4786374179618538,0.6360557310012013,168.0,soc_rate,0.25
unplanned_icu,CA,Cohen_m3,1276,372,0.2915360501567398,0.6578743874048212,0.0,1.015735956009398,2.8453331486515347,0.8465482930012609,168.0,sensitivity,0.25
unplanned_icu,CA,Cohen_m2,1276,193,0.1512539184952978,0.2311578119724246,0.0,2.1279581747607623,2.1691510202277544,1.214550137872171,168.0,sensitivity,0.25
unplanned_icu,WBC,StandardOfCare,2022,335,0.1656775469831849,0.1685975098878444,0.0,1.746228614022871,2.4681456436736937,1.766258921264387,168.0,soc_rate,0.25
unplanned_icu,CA,StandardOfCare,1276,236,0.1849529780564263,0.5305334171788403,,4.889224468182608,3.807697536328428,0.6714987801233879,168.0,soc_rate,0.25
unplanned_icu,CL,Gaussian_mle,8237,354,0.0429768119460968,0.7886166263269343,3.098578187061123,2.086944641880628,0.5322160036891728,0.1056661625311366,24.0,soc_rate,0.25
unplanned_icu,CL,PopRI,9031,1458,0.1614439154025025,0.1929387453951526,0.0,0.9678364584598482,0.833369653240647,1.236691525122467,0.0,sensitivity,0.25
unplanned_icu,CA,PerRI,1276,236,0.1849529780564263,0.0054555228217581,4.425531914892781,2.6554131888147143,2.4609164012640123,5.685901765147406,168.0,soc_rate,0.25
unplanned_icu,CA,StandardOfCare,2837,428,0.1508635882974973,0.8935469912485501,0.0,0.0,2.8199819639706774,0.4653618223420165,72.0,soc_rate,0.25
unplanned_icu,CA,StandardOfCare,2837,428,0.1508635882974973,0.8935469912485501,0.0,0.0,2.8199819639706774,0.4653618223420165,72.0,sensitivity,0.25
unplanned_icu,CA,NORMA_q_age_set_co,2837,428,0.1508635882974973,0.6417999499030156,0.0,0.0,1.8146570416193253,0.5602082593949014,72.0,soc_rate,0.25
unplanned_icu,CA,NORMA_q_age_set_co,2837,817,0.2879802608389143,0.9716351473496034,0.0,2.11914052650183,1.8424056974517864,1.1008502908553508,72.0,sensitivity,0.25
unplanned_icu,CA,NORMA_q_age,2837,428,0.1508635882974973,0.3755871380774861,0.0,4.712489840776067,2.5895667878345083,1.5042728010623423,72.0,soc_rate,0.25
unplanned_icu,CA,NORMA_q_age,2837,912,0.3214663376806486,0.8628806096493089,2.141425389756088,5.745287631050337,1.7684032948811994,0.7103831822028425,72.0,sensitivity,0.25
unplanned_icu,CA,NORMA_334f7e21,2837,428,0.1508635882974973,0.3990469845872363,5.699052132704964,15.296255924177602,3.073007829574901,0.7474643182421199,72.0,soc_rate,0.25
unplanned_icu,CA,NORMA_334f7e21,2837,545,0.1921043355657384,0.0558456349432888,4.244897959180408,11.426517776912773,3.8491113083313255,1.460000568836002,72.0,sensitivity,0.25
unplanned_icu,CA,NORMA_q_age_set,2837,428,0.1508635882974973,0.990134550881038,0.0,4.948233186275466,2.833572694266116,0.4666903508049637,72.0,soc_rate,0.25
unplanned_icu,CA,NORMA_q_age_set,2837,622,0.2192456820585125,0.2207226724263333,3.608482871124729,9.882322408420205,3.30292025861355,1.3452790971298256,72.0,sensitivity,0.25
unplanned_icu,CA,Gaussian_eb,2837,420,0.1480437081424039,0.8063261648313693,0.0,0.0,1.902833064430756,0.7029979346885732,72.0,soc_rate,0.25
unplanned_icu,CA,Gaussian_eb,2837,927,0.3267536129714487,0.3580109747904156,0.0,0.0,1.133817342597982,1.0852515288811857,72.0,sensitivity,0.25
unplanned_icu,CA,Gaussian_trunc,2837,420,0.1480437081424039,0.1177679656423089,0.0,0.0,0.5289872839480957,0.3181724482329073,72.0,soc_rate,0.25
unplanned_icu,CA,Gaussian_trunc,2837,984,0.3468452590764893,0.063332074601706,1.8606307222768863,0.7219521282623977,0.5651972393773319,0.2798446422195478,72.0,sensitivity,0.25
unplanned_icu,CA,Gaussian_mle,2837,420,0.1480437081424039,0.2336599383902302,0.0,0.0,0.0,0.5033354521834718,72.0,soc_rate,0.25
unplanned_icu,CA,Gaussian_mle,2837,941,0.3316884032428622,0.579395626566555,2.03437164339429,0.7896833690100481,0.80480484022901,1.765282918845385,72.0,sensitivity,0.25
unplanned_icu,CA,Cohen_m4,2837,428,0.1508635882974973,0.3740385825022404,5.712589073635977,2.1894838573648747,1.088472825580024,0.1935451001876381,72.0,soc_rate,0.25
unplanned_icu,CA,Cohen_m4,2837,1137,0.4007754670426507,0.1362461601195129,1.5169642857121834,3.891066433561216,0.7619374680832189,0.533830379764855,72.0,sensitivity,0.25
unplanned_icu,CA,Cohen_m3,2837,428,0.1508635882974973,0.1926476989624883,0.0,0.0,0.6713353077805572,0.6688349680245722,72.0,soc_rate,0.25
unplanned_icu,CA,PerRI,1276,79,0.0619122257053291,0.00010591281524,15.139240506326187,8.49179589651483,4.555300979078576,7.890319681796662,168.0,sensitivity,0.25
unplanned_icu,CL,Cohen_m2,9031,1521,0.168419887055697,0.2137414122901126,0.5434106463609314,1.2553790905154671,1.2849739342511128,1.446062174295471,0.0,sensitivity,0.25
unplanned_icu,CA,Cohen_m2,1276,236,0.1849529780564263,0.4024563422518207,0.0,0.8143233872972745,1.1242812438572631,0.8657510703397187,168.0,soc_rate,0.25
unplanned_icu,CL,Gaussian_trunc,8237,2334,0.2833555906276557,0.8998009961885455,0.8201027079237656,2.2686387681049696,1.2264515323594862,0.7234836334505393,24.0,sensitivity,0.25
unplanned_icu,CL,Gaussian_trunc,8237,354,0.0429768119460968,0.2336976697481873,0.0,0.0,0.0,0.0,24.0,soc_rate,0.25
unplanned_icu,CA,Cohen_m3,2837,799,0.2816355304899541,0.6526672040822727,2.6035805626589275,6.63010812590044,1.2284773652296543,0.7711345649314928,72.0,sensitivity,0.25
unplanned_icu,CA,StandardOfCare,4366,204,0.0467246907924874,0.5236110885631087,0.0,0.0,3.5005496478182487,1.2817817131447544,24.0,soc_rate,0.25
unplanned_icu,CA,StandardOfCare,4366,204,0.0467246907924874,0.5236110885631087,0.0,0.0,3.5005496478182487,1.2817817131447544,24.0,sensitivity,0.25
unplanned_icu,CA,NORMA_q_age_set_co,4366,204,0.0467246907924874,0.9583950582115351,0.0,2.748578269691812,1.288464618040685,0.7247865434524788,24.0,soc_rate,0.25
unplanned_icu,CA,NORMA_q_age_set_co,4366,1277,0.2924874026568941,0.8048599069349166,1.1744824931997295,0.9929665420429994,0.8367120870932089,1.779500194722495,24.0,sensitivity,0.25
unplanned_icu,CA,NORMA_q_age,4366,204,0.0467246907924874,0.1044791716106008,4.674261311820469,5.533135230411243,2.445546178288704,1.4514439410116518,24.0,soc_rate,0.25
unplanned_icu,CA,NORMA_q_age,4366,1126,0.2579019697663765,0.3804490039438775,1.6095031125889006,2.1825360194002323,1.4115431195187131,1.5599189862532958,24.0,sensitivity,0.25
unplanned_icu,CA,NORMA_334f7e21,4366,204,0.0467246907924874,0.6261050608200782,0.0,2.708642138312824,3.7444538090121178,0.5279530652320894,24.0,soc_rate,0.25
unplanned_icu,CA,NORMA_334f7e21,4366,676,0.1548327989005955,0.0087170092033679,3.055295546988211,4.129936948885481,2.592004278913324,2.8960545057662834,24.0,sensitivity,0.25
unplanned_icu,CA,NORMA_q_age_set,4366,204,0.0467246907924874,0.7009628636399412,0.0,2.853994832968959,1.3433806298093705,0.2088432762676308,24.0,soc_rate,0.25
unplanned_icu,CA,NORMA_q_age_set,4366,836,0.1914796152084287,0.0291749810031927,4.527772622850303,2.6436065914614386,1.8392519846042643,2.436387269341544,24.0,sensitivity,0.25
unplanned_icu,CA,Gaussian_eb,4366,200,0.0458085203847915,0.967375912327076,4.678324924523212,2.1037267589688025,0.9949463951399824,1.2019891617807457,24.0,soc_rate,0.25
unplanned_icu,CA,Gaussian_eb,4366,1207,0.2764544205222171,0.9388712568881524,2.8231866297481782,1.650343770006628,0.6360165673041656,0.7099318692536031,24.0,sensitivity,0.25
unplanned_icu,CA,Gaussian_trunc,4366,200,0.0458085203847915,0.1033534373094634,0.0,0.0,0.0,0.0,24.0,soc_rate,0.25
unplanned_icu,CA,Gaussian_trunc,4366,734,0.168117269812185,0.6838736617612258,2.694024693736339,5.87517306534407,3.1727919277466823,0.7753627597478272,24.0,sensitivity,0.25
unplanned_icu,CA,Gaussian_mle,4366,200,0.0458085203847915,0.0804217135715326,5.146673953545339,6.3248651315486,2.7896376173405506,2.576060311196702,24.0,soc_rate,0.25
unplanned_icu,CA,Gaussian_mle,4366,1253,0.2869903802107192,0.557627765447788,2.686115888465003,2.661714279449435,0.8972794369064121,0.6356846130210133,24.0,sensitivity,0.25
unplanned_icu,CA,Cohen_m4,4366,204,0.0467246907924874,0.7566974978805953,0.0,2.561147083455107,1.1973466325902296,0.7173211641275387,24.0,soc_rate,0.25
unplanned_icu,CA,Cohen_m4,4366,1268,0.2904260192395785,0.9359897535297456,1.1836394430765071,2.764323869058912,1.3774038482348303,0.4781674117610061,24.0,sensitivity,0.25
unplanned_icu,BUN,NORMA_q_age,1673,329,0.1966527196652719,0.5012466444891561,0.0,0.0,0.0,2.308543068737514,168.0,soc_rate,0.25
unplanned_icu,BUN,NORMA_q_age,1673,210,0.1255230125523012,0.3360253608834926,0.0,0.0,0.0,3.71037845303925,168.0,sensitivity,0.25
unplanned_icu,BUN,NORMA_334f7e21,1673,329,0.1966527196652719,0.0644480488274966,4.058103975537484,4.058103975537484,0.5733239670162522,4.84035431461056,168.0,soc_rate,0.25
unplanned_icu,CA,PopRI,2837,604,0.2129009517095523,0.196355159109013,3.721202003340484,10.324403184340802,5.063789706075331,0.8435105321281606,72.0,sensitivity,0.25
unplanned_icu,BUN,NORMA_334f7e21,1673,190,0.1135684399282725,0.2356433934324481,0.0,0.0,0.0,4.013596696179137,168.0,sensitivity,0.25
unplanned_icu,CA,PopRI,2837,428,0.1508635882974973,0.7217385788431046,0.0,4.845020073696016,2.9843145921171206,0.803735203933754,72.0,soc_rate,0.25
unplanned_icu,CA,Cohen_m3,4366,204,0.0467246907924874,0.4448780093877862,3.9231130514370087,4.926094035715961,2.1791455183950124,0.8000738678353225,24.0,soc_rate,0.25
unplanned_icu,CA,PopRI,4366,204,0.0467246907924874,0.5636782964775922,0.0,0.0,0.0,2.284317144083316,24.0,soc_rate,0.25
unplanned_icu,CA,PopRI,4366,1112,0.2546953733394411,0.4866902237197206,0.5851239535333251,0.7989904673305791,1.8283679772719927,1.2705623017602017,24.0,sensitivity,0.25
unplanned_icu,CA,NORMA_q_age_set_co,5181,1590,0.3068905616676317,0.8839273092240058,2.2581794297280795,1.259340834700302,1.1819788703746832,0.9684363434940608,0.0,sensitivity,0.25
unplanned_icu,CA,NORMA_q_age,5181,1517,0.292800617641382,0.6946561298227031,0.4828742774246982,1.145148759803161,1.5251014692285088,1.2536257614897317,0.0,sensitivity,0.25
unplanned_icu,CA,NORMA_334f7e21,5181,1110,0.2142443543717429,0.1135657456171904,0.7325739737280285,1.7623534830220482,2.308554191894576,1.855118339351926,0.0,sensitivity,0.25
unplanned_icu,CA,NORMA_q_age_set,5181,1182,0.2281412854661262,0.1262560451074052,0.6764070261269227,2.177867556724402,1.9227418691978728,1.7673795372805607,0.0,sensitivity,0.25
unplanned_icu,CA,Gaussian_eb,5181,1271,0.2453194364022389,0.7605571683628575,1.5456941698276747,2.5152485203350463,1.214796743851643,0.8705898872782414,0.0,sensitivity,0.25
unplanned_icu,CA,Cohen_m2,4366,636,0.1456710948236372,0.2501538788962012,1.1218303456901797,1.4246404398410102,0.6204398196683076,1.506016810576697,24.0,sensitivity,0.25
unplanned_icu,CA,Gaussian_trunc,5181,834,0.1609727851766068,0.6099983648286066,1.0407609518223453,3.773613752755935,2.5199791348194744,0.8242129042203966,0.0,sensitivity,0.25
unplanned_icu,CA,Cohen_m4,5181,1079,0.2082609534838834,0.2850162201466908,3.812259530224683,4.1453727760614925,3.686844637555315,0.7542603583401717,0.0,sensitivity,0.25
unplanned_icu,CA,Cohen_m3,5181,1186,0.2289133371935919,0.9298293680451426,1.6853533565907153,1.3608930330307982,1.789026447088896,0.5456391811090476,0.0,sensitivity,0.25
unplanned_icu,CA,Cohen_m2,5181,588,0.1134916039374638,0.0401038093426055,3.9129607386927887,3.0861695849375126,1.650874739135681,1.857062778493097,0.0,sensitivity,0.25
unplanned_icu,CA,PerRI,5181,476,0.091874155568423,9.428247141536104e-05,1.978007362464477,4.718501078057276,2.5533343723299238,4.165795060182925,0.0,sensitivity,0.25
unplanned_icu,CA,PopRI,5181,1380,0.2663578459756803,0.7494195562416428,0.554568936438415,0.8694856833671587,1.4216859691621493,1.0838977444141116,0.0,sensitivity,0.25
unplanned_icu,BUN,StandardOfCare,1673,329,0.1966527196652719,0.4901639240871559,4.10461538461924,4.10461538461924,0.5894446745694183,1.2859442714267253,168.0,soc_rate,0.25
unplanned_icu,BUN,StandardOfCare,1673,329,0.1966527196652719,0.4901639240871559,4.10461538461924,4.10461538461924,0.5894446745694183,1.2859442714267253,168.0,sensitivity,0.25
unplanned_icu,BUN,NORMA_q_age_set_co,1673,329,0.1966527196652719,0.5383449785581875,4.070552147241981,4.070552147241981,0.5724105219050899,1.3264616013109436,168.0,soc_rate,0.25
unplanned_icu,BUN,NORMA_q_age_set_co,1673,279,0.1667662881052002,0.7407650692301653,0.0,0.0,0.0,1.4073324485683314,168.0,sensitivity,0.25
unplanned_icu,CA,Gaussian_mle,5181,1320,0.2547770700636942,0.720063188848096,1.4693701046378864,2.4219413892540405,1.178333523322789,0.7342153729600253,0.0,sensitivity,0.25
unplanned_icu,CA,Cohen_m2,4366,204,0.0467246907924874,0.4926536187943502,3.922539854289718,4.827891939477697,2.1255829690578825,0.7683925390742976,24.0,soc_rate,0.25
unplanned_icu,CA,Cohen_m3,4366,1186,0.271644525881814,0.6356631216395328,0.5104337595925439,1.2791509946155384,0.9225886860979206,0.5352702420057851,24.0,sensitivity,0.25
unplanned_icu,CA,PerRI,2837,329,0.1159675713782164,0.020652905031373,0.0,0.0,2.971940381265771,6.335219817427047,72.0,sensitivity,0.25
unplanned_icu,CO2,NORMA_q_age,1483,297,0.2002697235333783,0.8550526026225658,0.0,0.0,0.7813173179688175,0.7233823094759771,24.0,soc_rate,0.25
unplanned_icu,BUN,NORMA_334f7e21,4122,620,0.1504124211547792,0.3426640841172565,2.784200173079149,0.7826478095376395,0.3981554060858968,2.6231884212455365,72.0,sensitivity,0.25
unplanned_icu,BUN,NORMA_q_age_set,4122,1005,0.2438136826783115,0.8217459627978682,0.0,0.7399231848698982,0.36082709040299,3.0970055159043546,72.0,sensitivity,0.25
unplanned_icu,BUN,Gaussian_eb,1673,201,0.1201434548714883,0.4667452299840794,7.451776649747505,7.451776649747505,1.0506650231535466,1.3384574945269851,168.0,sensitivity,0.25
unplanned_icu,BUN,Gaussian_trunc,1673,326,0.1948595337716676,0.9024155267192342,0.0,0.0,0.0,1.6732224101852882,168.0,soc_rate,0.25
unplanned_icu,BUN,Gaussian_trunc,1673,394,0.2355050806933652,0.5120544843676749,0.0,0.0,0.0,2.297886964590991,168.0,sensitivity,0.25
unplanned_icu,BUN,Gaussian_mle,1673,326,0.1948595337716676,0.2551060993749878,4.1708074534176784,4.1708074534176784,0.5958554440783829,2.57759340269488,168.0,soc_rate,0.25
unplanned_icu,BUN,Gaussian_mle,1673,245,0.1464435146443514,0.678046073742369,5.9087136929434125,5.9087136929434125,0.8432366296967985,1.186222018222177,168.0,sensitivity,0.25
unplanned_icu,BUN,Cohen_m4,1673,329,0.1966527196652719,0.9744002976729385,4.145510835912821,4.145510835912821,0.5944406267813181,0.8594548153556959,168.0,soc_rate,0.25
unplanned_icu,BUN,Cohen_m4,1673,290,0.173341303048416,0.9314153478008314,0.0,0.0,0.0,0.7891730001850993,168.0,sensitivity,0.25
unplanned_icu,BUN,Cohen_m3,1673,329,0.1966527196652719,0.3075245700941845,4.132716049382345,4.132716049382345,2.357215128015019,1.5608192692614764,168.0,soc_rate,0.25
unplanned_icu,BUN,Cohen_m3,1673,200,0.1195457262402869,0.5694679113981733,7.48979591836759,7.48979591836759,4.113638195663366,1.1473151333515124,168.0,sensitivity,0.25
unplanned_icu,BUN,Cohen_m2,1673,329,0.1966527196652719,0.3629367101981596,4.148606811143064,4.148606811143064,2.2352000579399447,1.453276332806929,168.0,soc_rate,0.25
unplanned_icu,BUN,Cohen_m2,1673,137,0.0818888224745965,0.25979792502841,0.0,0.0,0.0,2.7253584240082427,168.0,sensitivity,0.25
unplanned_icu,BUN,PerRI,1673,329,0.1966527196652719,0.241150250091403,4.167701863351703,4.167701863351703,0.5981990349830939,0.0882813252873879,168.0,soc_rate,0.25
unplanned_icu,BUN,PerRI,1673,495,0.2958756724447101,0.7758472501489666,2.4098360655746265,2.4098360655746265,0.3435423198812345,0.486547957269707,168.0,sensitivity,0.25
unplanned_icu,BUN,PopRI,1673,329,0.1966527196652719,0.0900004073963595,4.123076923075051,4.123076923075051,0.5850529726108771,2.814467684036774,168.0,soc_rate,0.25
unplanned_icu,BUN,PopRI,1673,243,0.1452480573819486,0.6725640351995017,5.941666666668717,5.941666666668717,0.8394696357117453,1.621356084594376,168.0,sensitivity,0.25
unplanned_icu,BUN,StandardOfCare,4122,501,0.1215429403202329,0.1035829839927038,3.68604243409493,7.916365643253587,6.1045340051531305,2.829193904633314,72.0,soc_rate,0.25
unplanned_icu,BUN,StandardOfCare,4122,501,0.1215429403202329,0.1035829839927038,3.68604243409493,7.916365643253587,6.1045340051531305,2.829193904633314,72.0,sensitivity,0.25
unplanned_icu,BUN,NORMA_q_age_set_co,4122,501,0.1215429403202329,0.7239762815116761,0.0,0.0,0.0,1.1247690160092283,72.0,soc_rate,0.25
unplanned_icu,BUN,NORMA_q_age,4122,501,0.1215429403202329,0.6210682841695745,0.0,1.762410119096874,0.8602891555417408,2.9354748753823805,72.0,soc_rate,0.25
unplanned_icu,CA,Cohen_m2,2837,445,0.1568558336270708,0.402085766469665,0.0,0.0,1.229411374681674,0.916040650954742,72.0,sensitivity,0.25
unplanned_icu,CA,Cohen_m2,2837,428,0.1508635882974973,0.9060384158558552,0.0,0.0,0.6568019031385538,0.8644559115884098,72.0,soc_rate,0.25
unplanned_icu,BUN,Gaussian_eb,1673,326,0.1948595337716676,0.2595347915226751,4.1708074534176784,4.1708074534176784,0.5953407606224321,2.472475887370299,168.0,soc_rate,0.25
unplanned_icu,BUN,NORMA_q_age_set,4122,501,0.1215429403202329,0.8512715507248418,0.0,0.0,0.0,2.488608213600437,72.0,soc_rate,0.25
unplanned_icu,BUN,NORMA_q_age_set,1673,317,0.1894799760908547,0.4550301268058314,0.0,0.0,0.0,4.777891257090743,168.0,sensitivity,0.25
unplanned_icu,BUN,NORMA_q_age_set_co,4122,664,0.1610868510431829,0.4641006452342203,0.0,1.2624964604709377,1.5814843964039458,1.4929690562731597,72.0,sensitivity,0.25
unplanned_icu,BUN,Gaussian_eb,4122,495,0.1200873362445414,0.7562280588603205,0.0,0.0,1.6672202831616572,1.3989613154028255,72.0,soc_rate,0.25
unplanned_icu,BUN,Gaussian_eb,4122,1010,0.245026686074721,0.7676236682938343,0.0,0.0,0.6682440817978267,1.242215807267551,72.0,sensitivity,0.25
unplanned_icu,BUN,Gaussian_trunc,4122,495,0.1200873362445414,0.9651753011731926,3.77923599623436,1.0574571132815602,0.536284314333959,0.5168673711566887,72.0,soc_rate,0.25
unplanned_icu,BUN,Gaussian_trunc,4122,943,0.2287724405628335,0.4526661838324015,1.7230458688888268,1.6148742481550593,0.7163296842663686,2.1926369969031536,72.0,sensitivity,0.25
unplanned_icu,BUN,Gaussian_mle,4122,495,0.1200873362445414,0.3056279089902142,0.0,0.0,0.0,0.5474191993516323,72.0,soc_rate,0.25
unplanned_icu,BUN,Gaussian_mle,4122,1034,0.2508491023774866,0.4535565899600997,0.0,0.0,0.6446950663498044,1.3064676057762223,72.0,sensitivity,0.25
unplanned_icu,BUN,Cohen_m4,4122,501,0.1215429403202329,0.9576054568558572,3.5663247791308588,1.0095383517499394,0.5133121528415518,1.1021601241891212,72.0,soc_rate,0.25
unplanned_icu,BUN,Cohen_m4,4122,761,0.1846191169335274,0.742535988019642,2.1771881437727374,0.6173218430023857,0.3132885528615364,0.9653118033277572,72.0,sensitivity,0.25
unplanned_icu,BUN,Cohen_m3,4122,501,0.1215429403202329,0.6142666075391254,3.5663247791308588,1.007323462458904,2.1031965281731693,1.320001391002246,72.0,soc_rate,0.25
unplanned_icu,BUN,Cohen_m3,4122,544,0.1319747695293547,0.3935094423159315,3.245232680018744,0.916707960783282,1.8894565387056412,1.462118119355989,72.0,sensitivity,0.25
unplanned_icu,BUN,Cohen_m2,4122,501,0.1215429403202329,0.3463331620107202,3.567831791429652,1.0054499924674023,2.049838049599475,1.7243128976845,72.0,soc_rate,0.25
unplanned_icu,BUN,Cohen_m2,4122,673,0.16327025715672,0.616327862132013,2.528152904517809,0.7165776307778299,0.3636181582589065,1.46748920209629,72.0,sensitivity,0.25
unplanned_icu,BUN,PerRI,4122,501,0.1215429403202329,0.126732612013781,0.0,0.0,0.0,0.0,72.0,soc_rate,0.25
unplanned_icu,BUN,PerRI,4122,1551,0.37627365356623,0.2725642304941464,0.8470464494665346,0.2452220883319459,0.5589499627400785,0.3949707233087438,72.0,sensitivity,0.25
unplanned_icu,BUN,PopRI,4122,501,0.1215429403202329,0.2359362691563576,0.0,2.01688254156388,3.0116741148854054,3.874830018301872,72.0,soc_rate,0.25
unplanned_icu,BUN,PopRI,4122,576,0.1397379912663755,0.2405548525825553,0.0,1.6534055435532289,2.4773949325869733,3.422699538388273,72.0,sensitivity,0.25
unplanned_icu,BUN,StandardOfCare,5912,123,0.0208051420838971,0.0009983733911169,0.0,0.0,12.745231125576794,5.890292008393795,24.0,soc_rate,0.25
unplanned_icu,BUN,StandardOfCare,5912,123,0.0208051420838971,0.0009983733911169,0.0,0.0,12.745231125576794,5.890292008393795,24.0,sensitivity,0.25
unplanned_icu,BUN,NORMA_334f7e21,4122,501,0.1215429403202329,0.7057196908178243,0.0,0.0,0.0,3.3834325989541134,72.0,soc_rate,0.25
unplanned_icu,CA,PerRI,2837,428,0.1508635882974973,0.0482416316525791,0.0,0.0,2.497526538959617,6.033647579649294,72.0,soc_rate,0.25
unplanned_icu,BUN,NORMA_q_age,4122,625,0.1516254245511887,0.2874121571971215,0.0,1.3568562271102884,0.6617027609023244,2.9658933633744446,72.0,sensitivity,0.25
unplanned_icu,BUN,NORMA_q_age_set,1673,329,0.1966527196652719,0.9552279695385966,0.0,0.0,0.0,3.3022433128199613,168.0,soc_rate,0.25
unplanned_icu,BUN,Gaussian_eb,5912,121,0.020466847090663,0.4247925988522341,0.0,0.0,0.0,0.0,24.0,soc_rate,0.25
unplanned_icu,CO2,NORMA_q_age_set_co,1483,338,0.2279163857046527,0.5732387109091521,3.3106508875753247,1.6282383001618956,1.6116111239951942,0.8402580474649727,24.0,sensitivity,0.25
unplanned_icu,BUN,NORMA_q_age_set_co,5912,982,0.1661028416779431,0.2616638354746802,0.6921352939955469,0.8895007302829362,2.4450383968307765,1.654706203948038,24.0,sensitivity,0.25
unplanned_icu,BUN,NORMA_q_age_set,5912,123,0.0208051420838971,0.3411935248007859,0.0,0.0,0.0,0.0,24.0,soc_rate,0.25
unplanned_icu,BUN,NORMA_q_age_set,5912,1596,0.2699594046008119,0.9453902379344988,0.3741789421204561,0.4806982940056111,0.8919326775721076,2.9423940338584718,24.0,sensitivity,0.25
unplanned_icu,BUN,Gaussian_eb,5912,1302,0.2202300405953992,0.7239813484633888,1.1273184567826036,0.8704181149038053,0.9852424373199864,2.04553248254063,24.0,sensitivity,0.25
unplanned_icu,BUN,Gaussian_trunc,5912,121,0.020466847090663,0.6190710386420973,0.0,5.087331164866547,2.34205823525493,0.3762971614106006,24.0,soc_rate,0.25
unplanned_icu,BUN,Gaussian_trunc,5912,1301,0.2200608930987821,0.3112642978915662,0.4846751701824914,1.0346673300732077,1.407978782516219,2.428328441956437,24.0,sensitivity,0.25
unplanned_icu,BUN,Gaussian_mle,5912,121,0.020466847090663,0.4120620254889512,0.0,0.0,0.0,0.0,24.0,soc_rate,0.25
unplanned_icu,BUN,Gaussian_mle,5912,1057,0.1787889039242219,0.2661986673972258,1.4639279438813988,1.1316925316592903,1.280595141525818,2.9923058662454918,24.0,sensitivity,0.25
unplanned_icu,BUN,Cohen_m4,5912,123,0.0208051420838971,0.0481273901964762,6.400510553325447,7.970637047067712,3.5264852515677245,2.570494537596091,24.0,soc_rate,0.25
unplanned_icu,BUN,Cohen_m4,5912,1272,0.2151556156968876,0.8300881652098068,1.2738654831353766,1.5068681707345035,0.6012542244220431,0.8436843328362316,24.0,sensitivity,0.25
unplanned_icu,BUN,NORMA_334f7e21,5912,936,0.1583220568335588,0.0821299190821888,1.690498199107789,1.4116203667881246,1.978960861247237,2.83105367953891,24.0,sensitivity,0.25
unplanned_icu,BUN,Cohen_m3,5912,123,0.0208051420838971,0.1060647830732569,6.399386608855149,3.0847595943224784,1.44371521987162,3.631116601459217,24.0,soc_rate,0.25
unplanned_icu,BUN,Cohen_m2,5912,123,0.0208051420838971,0.0509642515361688,0.0,4.19851866407779,6.163550912793583,2.6796140312509333,24.0,soc_rate,0.25
unplanned_icu,BUN,Cohen_m2,5912,923,0.1561231393775372,0.2854302925162031,0.7380569211016639,1.5110259750850354,1.415596783799559,1.6586467299093264,24.0,sensitivity,0.25
unplanned_icu,BUN,PerRI,5912,123,0.0208051420838971,0.8682458761155653,6.457588474345349,3.1163438518219446,1.4593421937964506,0.2339001999928552,24.0,soc_rate,0.25
unplanned_icu,BUN,PerRI,5912,1891,0.3198579161028417,0.6078375415259324,1.3054493590105387,1.2221569203823346,0.937581516614044,0.3390176196480897,24.0,sensitivity,0.25
unplanned_icu,BUN,PopRI,5912,123,0.0208051420838971,0.0419812961666859,0.0,0.0,0.0,21.933959453189505,24.0,soc_rate,0.25
unplanned_icu,BUN,PopRI,5912,1108,0.1874154262516914,0.1666297192834106,1.386997951612417,1.1942561819164397,1.7565652963913152,3.3190653155774643,24.0,sensitivity,0.25
unplanned_icu,BUN,NORMA_q_age_set_co,6688,1099,0.1643241626794258,0.241706850984794,1.253837226082937,1.1884910448034909,2.135660658452497,1.5471659251364225,0.0,sensitivity,0.25
unplanned_icu,BUN,NORMA_q_age,6688,1105,0.1652212918660287,0.1421127835385171,0.5544098934217541,1.214383513370909,2.103568802984604,2.461021700017478,0.0,sensitivity,0.25
unplanned_icu,AST,Gaussian_mle,1908,86,0.0450733752620545,0.0830208721731532,0.0,1.9189532548709665,1.0830513681208682,1.326583937103893,168.0,soc_rate,0.25
unplanned_icu,BUN,Cohen_m3,5912,1189,0.2011163734776725,0.5085419223231766,0.5426856073443279,1.1307611556835628,1.0501359636610552,1.5706639707216086,24.0,sensitivity,0.25
unplanned_icu,BUN,NORMA_334f7e21,5912,123,0.0208051420838971,0.391207914959346,0.0,0.0,0.0,0.0,24.0,soc_rate,0.25
unplanned_icu,BUN,NORMA_334f7e21,6688,1279,0.1912380382775119,0.3184094740400672,0.4640630547064664,1.0252705096386328,1.7705459511002823,2.1559516015526548,0.0,sensitivity,0.25
unplanned_icu,BUN,NORMA_q_age_set,6688,1790,0.2676435406698564,0.8315174678663324,1.1523831105850546,0.7887980892789057,0.6617021017519928,2.523803475975619,0.0,sensitivity,0.25
unplanned_icu,BUN,Cohen_m4,6688,1661,0.2483552631578947,0.571420762628331,0.7443318212778891,0.9659642126453356,0.9935632503567772,1.0295912639737423,0.0,sensitivity,0.25
unplanned_icu,BUN,Cohen_m3,6688,1365,0.2040968899521531,0.4077634991503436,0.9594497458957258,0.9014111149515208,0.6887930034762734,1.6941558360072904,0.0,sensitivity,0.25
unplanned_icu,BUN,Cohen_m2,6688,1428,0.2135167464114832,0.4190600324486732,0.4037171152537325,0.928992126037868,0.6967207308904552,1.6796143462440796,0.0,sensitivity,0.25
unplanned_icu,BUN,PerRI,6688,2328,0.3480861244019139,0.5391736640551745,1.8325074187711488,1.1348562749183115,0.7001445933606931,0.4610294345188772,0.0,sensitivity,0.25
unplanned_icu,BUN,PopRI,6688,1539,0.2301136363636363,0.2547632968862998,0.8242913297934951,1.010244408709552,1.103749533707685,2.6798298588623526,0.0,sensitivity,0.25
unplanned_icu,AST,StandardOfCare,1908,86,0.0450733752620545,0.1804948521947523,0.0,1.9684602589549087,2.49708196716123,2.993863581880715,168.0,soc_rate,0.25
unplanned_icu,AST,StandardOfCare,1908,86,0.0450733752620545,0.1804948521947523,0.0,1.9684602589549087,2.49708196716123,2.993863581880715,168.0,sensitivity,0.25
unplanned_icu,AST,NORMA_q_age_set_co,1908,86,0.0450733752620545,0.1594947111258537,0.0,0.0,0.0,0.0,168.0,soc_rate,0.25
unplanned_icu,BUN,Gaussian_trunc,6688,1813,0.2710825358851674,0.4707986553436654,0.662966457337547,0.8529271274497134,0.9050763052437008,1.7218534879826366,0.0,sensitivity,0.25
unplanned_icu,AST,NORMA_q_age_set_co,1908,512,0.2683438155136268,0.7213067332968335,0.4294774803038812,0.787827653880011,1.0967966153353956,1.788339420687839,168.0,sensitivity,0.25
unplanned_icu,AST,NORMA_q_age,1908,386,0.2023060796645702,0.6647927109868115,1.491792708440416,1.625447765335675,0.8062911371922822,2.988368975857389,168.0,sensitivity,0.25
unplanned_icu,AST,NORMA_334f7e21,1908,86,0.0450733752620545,0.1663228906685223,0.0,0.0,0.0,0.0,168.0,soc_rate,0.25
unplanned_icu,AST,NORMA_334f7e21,1908,339,0.1776729559748427,0.6513909840516585,0.0,0.8720562772054609,0.8508484553374247,3.4703005321265588,168.0,sensitivity,0.25
unplanned_icu,AST,NORMA_q_age_set,1908,86,0.0450733752620545,0.58022126119297,0.0,0.0,0.0,0.629031889094443,168.0,soc_rate,0.25
unplanned_icu,AST,NORMA_q_age_set,1908,398,0.2085953878406708,0.3905607003451832,1.4544882097669158,1.5695515677102936,0.7780774239309156,3.0852110638983308,168.0,sensitivity,0.25
unplanned_icu,AST,Gaussian_eb,1908,86,0.0450733752620545,0.1176832963076482,0.0,1.9180519349317344,1.0808361794389294,1.1491672826842352,168.0,soc_rate,0.25
unplanned_icu,AST,Gaussian_eb,1908,436,0.2285115303983228,0.9687935403683008,0.5345538652104684,0.9576637233484973,0.7994852134271097,1.1903823943576857,168.0,sensitivity,0.25
unplanned_icu,AST,Gaussian_trunc,1908,86,0.0450733752620545,0.7318789759920568,8.813911060096867,3.5322857837482635,1.925525248423222,0.5026185296324247,168.0,soc_rate,0.25
unplanned_icu,AST,Gaussian_trunc,1908,299,0.1567085953878406,0.1842987419291474,2.229878855744792,2.4273174667996087,1.7154690767298826,0.8161037616036397,168.0,sensitivity,0.25
unplanned_icu,AST,NORMA_q_age,1908,86,0.0450733752620545,0.7465869167226572,0.0,1.8923219362463708,1.066127193079178,0.2884066613920949,168.0,soc_rate,0.25
unplanned_icu,BUN,Gaussian_eb,6688,1965,0.2938098086124402,0.8285830231138888,0.263718354888131,0.5905396728665911,0.6134511735452757,1.3109863707950855,0.0,sensitivity,0.25
unplanned_icu,AST,Gaussian_mle,1908,438,0.2295597484276729,0.7407436420674022,1.4220266615594563,0.9579231249334644,0.8013479642350877,1.1487076890180448,168.0,sensitivity,0.25
unplanned_icu,AST,Cohen_m4,1908,86,0.0450733752620545,0.5728205976726239,0.0,0.0,0.0,0.7769612463296166,168.0,soc_rate,0.25
unplanned_icu,AST,Cohen_m4,1908,413,0.2164570230607966,0.9426864615581008,0.578656189894029,0.2604025613415492,0.1470920405812911,2.311565375058847,168.0,sensitivity,0.25
unplanned_icu,AST,Cohen_m4,3998,896,0.224112056028014,0.6026967086731785,0.0,0.4372004417287293,0.398520182813253,1.3687543021560495,72.0,sensitivity,0.25
unplanned_icu,AST,Cohen_m3,1908,679,0.3558700209643606,0.1070012047873533,0.2900731491628884,0.3522495366821741,0.3499652718546123,1.3824612392548583,168.0,sensitivity,0.25
unplanned_icu,AST,Cohen_m2,1908,86,0.0450733752620545,0.7406588875357929,0.0,0.0,0.0,2.522322761298377,168.0,soc_rate,0.25
unplanned_icu,AST,Cohen_m2,1908,358,0.1876310272536687,0.4157641344092763,1.8139776647906023,1.8282636952954707,1.3104453100600315,1.2624433103201635,168.0,sensitivity,0.25
unplanned_icu,AST,PerRI,1908,86,0.0450733752620545,0.786832909465531,4.45615170866578,1.980740270380926,1.118827392180868,0.3031686728529951,168.0,soc_rate,0.25
unplanned_icu,AST,PerRI,1908,622,0.3259958071278826,0.6422240609102281,0.4082631126606882,0.3984514907374115,0.4061929914646183,1.4207080941604262,168.0,sensitivity,0.25
unplanned_icu,AST,PopRI,1908,86,0.0450733752620545,0.0255918921630527,3.3638616204775644,6.276105067354657,4.883466481704009,4.197018289336854,168.0,soc_rate,0.25
unplanned_icu,AST,PopRI,1908,309,0.1619496855345912,0.0609143722658659,3.584873395912823,3.0215253925655454,1.9695554327193032,2.3818528696174366,168.0,sensitivity,0.25
unplanned_icu,AST,StandardOfCare,3998,86,0.0215107553776888,0.3772683145517687,0.0,0.0,0.0,0.0,72.0,soc_rate,0.25
unplanned_icu,AST,StandardOfCare,3998,86,0.0215107553776888,0.3772683145517687,0.0,0.0,0.0,0.0,72.0,sensitivity,0.25
unplanned_icu,AST,NORMA_q_age_set_co,3998,86,0.0215107553776888,0.3735663213624834,0.0,0.0,0.0,0.0,72.0,soc_rate,0.25
unplanned_icu,AST,NORMA_q_age_set_co,3998,887,0.2218609304652326,0.690954116440758,0.0,0.9857770419722944,0.8341983538467541,1.1459571772971298,72.0,sensitivity,0.25
unplanned_icu,AST,NORMA_q_age,3998,86,0.0215107553776888,0.3979965292226674,0.0,0.0,0.0,0.0,72.0,soc_rate,0.25
unplanned_icu,AST,NORMA_q_age,3998,743,0.1858429214607303,0.648360522128524,0.0,1.2340853677890216,1.7031628940887082,1.348463925458016,72.0,sensitivity,0.25
unplanned_icu,AST,NORMA_334f7e21,3998,86,0.0215107553776888,0.3549448112885456,0.0,0.0,0.0,0.0,72.0,soc_rate,0.25
unplanned_icu,AST,NORMA_334f7e21,3998,658,0.1645822911455728,0.549376280864277,0.0,1.453016220465188,1.2474602173842475,1.5758256532435018,72.0,sensitivity,0.25
unplanned_icu,AST,NORMA_q_age_set,3998,86,0.0215107553776888,0.3613424032523726,0.0,0.0,0.0,0.0,72.0,soc_rate,0.25
unplanned_icu,AST,NORMA_q_age_set,3998,765,0.1913456728364182,0.5535977273740348,0.0,1.1632598636279456,1.5828458067760756,1.238485104662105,72.0,sensitivity,0.25
unplanned_icu,AST,Gaussian_eb,3998,86,0.0215107553776888,0.1063664325642771,0.0,0.0,0.0,2.238769768229528,72.0,soc_rate,0.25
unplanned_icu,AST,Gaussian_eb,3998,884,0.2211105552776388,0.8876409174019723,0.0,1.113995500994359,1.1037093305365302,0.690454349073578,72.0,sensitivity,0.25
unplanned_icu,AST,Gaussian_trunc,3998,86,0.0215107553776888,0.1709145026846794,0.0,0.0,5.514783239817257,1.3308139315433845,72.0,soc_rate,0.25
unplanned_icu,AST,Gaussian_mle,3998,86,0.0215107553776888,0.0785588798916973,0.0,0.0,0.0,2.4923123341311166,72.0,soc_rate,0.25
unplanned_icu,AST,Cohen_m3,1908,86,0.0450733752620545,0.2008400774349211,0.0,0.0,0.0,0.0,168.0,soc_rate,0.25
unplanned_icu,BUN,Gaussian_mle,6688,1787,0.267194976076555,0.7950827787636081,0.676431071896618,1.1584338136020125,0.9791788918889552,1.316686474681174,0.0,sensitivity,0.25
unplanned_icu,AST,Gaussian_trunc,3998,656,0.1640820410205102,0.2553578079147144,0.0,0.8709901949747266,2.585725003651796,1.1053711212335775,72.0,sensitivity,0.25
unplanned_icu,AST,Gaussian_trunc,5281,986,0.1867070630562393,0.3536379320839545,0.4695212238985901,0.2472063500744032,1.6302106160305898,0.9994757491720616,24.0,sensitivity,0.25
unplanned_icu,AST,Cohen_m3,3998,86,0.0215107553776888,0.2238844018598729,0.0,0.0,0.0,0.0,72.0,soc_rate,0.25
unplanned_icu,AST,Cohen_m3,3998,1326,0.3316658329164582,0.0873855199293341,0.0,1.02738051128483,0.492835567565962,0.991382796794268,72.0,sensitivity,0.25
unplanned_icu,AST,Cohen_m2,3998,86,0.0215107553776888,0.0827307971932312,0.0,0.0,1.678358118049074,0.4224998683055719,72.0,soc_rate,0.25
unplanned_icu,AST,Cohen_m2,3998,594,0.1485742871435718,0.5509188655567955,0.0,1.49208162713993,1.5068164610409986,0.7609366283951063,72.0,sensitivity,0.25
unplanned_icu,AST,PerRI,3998,86,0.0215107553776888,0.8832595545339805,0.0,0.0,2.913177346321977,0.7254573652386859,72.0,soc_rate,0.25
unplanned_icu,AST,PerRI,3998,1201,0.30040020010005,0.7074877766793344,0.0,0.6755644480764614,0.7783406204187665,0.9235788086903454,72.0,sensitivity,0.25
unplanned_icu,AST,PopRI,3998,86,0.0215107553776888,0.6312431169420573,0.0,0.0,2.119165309275165,1.279423893105767,72.0,soc_rate,0.25
unplanned_icu,AST,PopRI,3998,631,0.1578289144572286,0.1800759471921717,0.0,1.462187640039485,2.2525107807515186,1.295489160531542,72.0,sensitivity,0.25
unplanned_icu,AST,StandardOfCare,5281,23,0.0043552357508047,0.4471749118408894,0.0,0.0,0.0,0.0,24.0,soc_rate,0.25
unplanned_icu,AST,StandardOfCare,5281,23,0.0043552357508047,0.4471749118408894,0.0,0.0,0.0,0.0,24.0,sensitivity,0.25
unplanned_icu,AST,NORMA_q_age_set_co,5281,23,0.0043552357508047,0.6685472379553741,0.0,0.0,0.0,0.0,24.0,soc_rate,0.25
unplanned_icu,AST,NORMA_q_age_set_co,5281,1215,0.2300700624881651,0.9780432712374514,0.8072984770705811,0.4008297554126542,1.0239971947405728,1.3638878108045205,24.0,sensitivity,0.25
unplanned_icu,AST,NORMA_q_age,5281,23,0.0043552357508047,0.6748089840246957,0.0,0.0,0.0,0.0,24.0,soc_rate,0.25
unplanned_icu,AST,NORMA_q_age,5281,1131,0.2141639840939216,0.8789281606765648,0.8857579916616085,0.4408306070661758,1.0692839623255688,1.3160049419296531,24.0,sensitivity,0.25
unplanned_icu,AST,NORMA_334f7e21,5281,23,0.0043552357508047,0.6964855901995788,0.0,0.0,0.0,0.0,24.0,soc_rate,0.25
unplanned_icu,AST,NORMA_334f7e21,5281,1060,0.2007195606892634,0.8827646139426155,0.4288248579360661,0.2253718714776376,0.9228227415086844,1.494714338407661,24.0,sensitivity,0.25
unplanned_icu,AST,NORMA_q_age_set,5281,23,0.0043552357508047,0.6616397378458533,0.0,0.0,0.0,0.0,24.0,soc_rate,0.25
unplanned_icu,AST,NORMA_q_age_set,5281,1130,0.2139746260177996,0.8357177219911658,0.891043672013135,0.4426915665745392,1.3035486574996191,1.3422948538496433,24.0,sensitivity,0.25
unplanned_icu,AST,Gaussian_eb,5281,23,0.0043552357508047,0.7515675444810824,0.0,0.0,0.0,0.0,24.0,soc_rate,0.25
unplanned_icu,AST,Gaussian_eb,5281,1225,0.2319636432493846,0.6782284833631333,2.109049888254928,0.9048606824796002,1.62243263063622,0.8546332571482679,24.0,sensitivity,0.25
unplanned_icu,AST,Cohen_m4,3998,86,0.0215107553776888,0.8860609790689371,0.0,0.0,0.0,1.8646561264498265,72.0,soc_rate,0.25
unplanned_icu,AST,Gaussian_mle,3998,878,0.2196098049024512,0.7741566803792854,0.0,1.1400953142595731,1.141494764056726,0.704246611815169,72.0,sensitivity,0.25
unplanned_icu,BUN,NORMA_q_age,5912,992,0.1677943166441136,0.2612247299100772,0.6859430424271185,0.862721710719008,1.595542665013608,2.8030649095530777,24.0,sensitivity,0.25
unplanned_icu,AST,Gaussian_trunc,5281,23,0.0043552357508047,0.7018541953057456,0.0,0.0,0.0,0.0,24.0,soc_rate,0.25
unplanned_icu,ALT,Cohen_m2,4203,1761,0.4189864382583869,0.0456009743376927,1.5051080608435208,0.4803807346093909,0.6291044337103981,0.3477531540399927,24.0,sensitivity,0.25
unplanned_icu,AST,Cohen_m3,5281,23,0.0043552357508047,0.5758462628941292,0.0,0.0,0.0,0.0,24.0,soc_rate,0.25
unplanned_icu,AST,Cohen_m3,5281,1819,0.3444423404658208,0.0692492974606542,1.209193074396515,0.5170091803989346,0.6356045881247576,0.9494473692550668,24.0,sensitivity,0.25
unplanned_icu,AST,Cohen_m2,5281,23,0.0043552357508047,0.1059619275687369,0.0,0.0,0.0,0.0,24.0,soc_rate,0.25
unplanned_icu,AST,Cohen_m2,5281,973,0.184245408066654,0.5113835925973698,1.8218475230577265,0.8483705387565033,1.329466583796767,0.800159204473098,24.0,sensitivity,0.25
unplanned_icu,AST,PerRI,5281,23,0.0043552357508047,0.6351512953396584,0.0,0.0,0.0,0.0,24.0,soc_rate,0.25
unplanned_icu,AST,PerRI,5281,1511,0.2861200530202613,0.9604520845031972,1.035643137211118,0.723838988897132,0.848374837054727,1.5031382606762227,24.0,sensitivity,0.25
unplanned_icu,AST,PopRI,5281,23,0.0043552357508047,0.1134113512417638,24.61083860471832,12.953213156909552,3.991584118775517,0.8921102936597685,24.0,soc_rate,0.25
unplanned_icu,AST,PopRI,5281,1109,0.2099981064192387,0.6192641418822747,1.5468382437645605,0.7192146326828655,1.5965340927751048,0.6595268953554289,24.0,sensitivity,0.25
unplanned_icu,AST,NORMA_q_age_set_co,5851,1298,0.2218424200991283,0.6999583743237008,2.003709942989385,1.1108552636708144,1.1895394792792262,0.9492888579752924,0.0,sensitivity,0.25
unplanned_icu,AST,Cohen_m4,5281,1311,0.248248437795872,0.4588680032305617,1.2444368820660177,0.5781161731293113,1.0151013438979102,1.481357428133648,24.0,sensitivity,0.25
unplanned_icu,AST,NORMA_q_age,5851,1211,0.2069731669800034,0.4822998219147177,1.4363254087501376,1.0070338793471243,1.5157843826456632,1.0371251767265262,0.0,sensitivity,0.25
unplanned_icu,AST,NORMA_q_age_set,5851,1204,0.2057767902922577,0.2800523551215948,1.44685637112453,0.799360705499337,1.2590575801404935,1.1238303081878689,0.0,sensitivity,0.25
unplanned_icu,AST,Gaussian_eb,5851,1456,0.2488463510511023,0.6877928517207493,1.1321836624191894,0.9865232642240498,1.3727169275788882,0.8603607909816124,0.0,sensitivity,0.25
unplanned_icu,AST,Gaussian_trunc,5851,1272,0.2173987352589301,0.5277541615308001,0.3598425856678053,0.4350353555528607,1.3111172181084063,0.9887294486400696,0.0,sensitivity,0.25
unplanned_icu,AST,Gaussian_mle,5851,1401,0.2394462485045291,0.4698357113107541,1.1913804726524266,0.844253384056159,1.3355410960782734,1.020650436776232,0.0,sensitivity,0.25
unplanned_icu,AST,Cohen_m4,5851,1420,0.2426935566569817,0.9820818477542964,1.783324748076499,1.2033478587523196,0.9813132021596096,1.137145929636698,0.0,sensitivity,0.25
unplanned_icu,AST,Cohen_m3,5851,1787,0.305417877285934,0.1610714208863627,0.5058476704741963,0.7336698301842517,0.6077199455677431,0.9249402159706251,0.0,sensitivity,0.25
unplanned_icu,AST,Cohen_m2,5851,908,0.1551871474961545,0.0872344092886519,4.537620134983304,2.0592271078706585,1.9765836260641805,0.7451837987897201,0.0,sensitivity,0.25
unplanned_icu,AST,PerRI,5851,1550,0.264911980857973,0.4808049382455323,2.312336916952175,1.102452789958428,1.4977270387361334,1.1623124664557738,0.0,sensitivity,0.25
unplanned_icu,ALT,PerRI,1433,680,0.4745289602233077,0.0718450333347293,0.0,0.0,0.2502737798719502,1.6317412810675476,168.0,sensitivity,0.25
unplanned_icu,AST,NORMA_334f7e21,5851,1117,0.1909075371731328,0.4573541629622075,1.5887556678856078,0.6624285729128129,1.5951113814237867,1.1581093779821523,0.0,sensitivity,0.25
unplanned_icu,AST,Cohen_m4,5281,23,0.0043552357508047,0.152958729151736,0.0,0.0,0.0,5.288556055293725,24.0,soc_rate,0.25
unplanned_icu,AST,PopRI,5851,963,0.1645872500427277,0.0251509409206748,2.901379572092606,2.358435228808489,2.1313447054734893,0.8031343124874089,0.0,sensitivity,0.25
unplanned_icu,ALT,StandardOfCare,1433,230,0.1605024424284717,0.575688805492061,0.0,2.137358865718356,0.5555856286305056,5.856222897423472,168.0,soc_rate,0.25
unplanned_icu,ALT,NORMA_q_age_set_co,1433,353,0.2463363572923936,0.8249597890378226,3.399361022362258,10.843316094035051,1.0048172222335563,0.3272349305346645,168.0,sensitivity,0.25
unplanned_icu,ALT,NORMA_q_age,1433,230,0.1605024424284717,0.653619366881886,0.0,6.094669418437904,1.1187893957217434,0.3826564934913667,168.0,soc_rate,0.25
unplanned_icu,ALT,NORMA_q_age,1433,498,0.3475226796929518,0.3782987143075377,0.0,2.2035439219747137,0.3974084923111194,0.1421020628680791,168.0,sensitivity,0.25
unplanned_icu,ALT,NORMA_334f7e21,1433,230,0.1605024424284717,0.8819972793339149,0.0,5.984459869681082,1.0840192846229306,0.3705602205290806,168.0,soc_rate,0.25
unplanned_icu,ALT,NORMA_334f7e21,1433,242,0.1688764829030007,0.4589950691332363,5.58571428570919,17.8069326234044,1.6561209959779526,0.5302227192186514,168.0,sensitivity,0.25
unplanned_icu,ALT,NORMA_q_age_set,1433,421,0.2937892533147243,0.5101379391234683,0.0,2.785188777404618,0.5040492483984432,0.3897729996520613,168.0,sensitivity,0.25
unplanned_icu,ALT,Gaussian_eb,1433,228,0.1591067690160502,0.2766179350054729,0.0,0.0,1.1909610590495183,0.4079609146543733,168.0,soc_rate,0.25
unplanned_icu,ALT,Gaussian_eb,1433,484,0.3377529658060014,0.453350146141279,2.3458646616561096,2.376068143956079,1.0885952712274884,1.8120509266129956,168.0,sensitivity,0.25
unplanned_icu,ALT,NORMA_q_age_set_co,1433,230,0.1605024424284717,0.5502233187252503,5.785365853653207,5.768504072520952,1.0616301885612631,0.3633935016245136,168.0,soc_rate,0.25
unplanned_icu,ALT,Gaussian_trunc,1433,228,0.1591067690160502,0.2679354245164365,0.0,0.0,0.0,2.7473739122026544,168.0,soc_rate,0.25
unplanned_icu,ALT,Gaussian_mle,1433,228,0.1591067690160502,0.2590535652287512,0.0,0.0,1.1922841346078412,0.4063671116365522,168.0,soc_rate,0.25
unplanned_icu,ALT,Gaussian_mle,1433,490,0.3419399860432658,0.4242923991182643,2.298765432097145,2.344069783612865,1.057993468881527,1.7186557238622464,168.0,sensitivity,0.25
unplanned_icu,ALT,Cohen_m4,1433,230,0.1605024424284717,0.9295252747489344,0.0,0.0,2.149400113229281,0.6428835042567695,168.0,soc_rate,0.25
unplanned_icu,ALT,Cohen_m4,1433,258,0.1800418702023726,0.7200869540481747,0.0,0.0,3.7228411831336192,0.926842896188702,168.0,sensitivity,0.25
unplanned_icu,ALT,Cohen_m3,1433,230,0.1605024424284717,0.6956931980104538,0.0,2.105592793778212,5.86400092589671,1.246311538895635,168.0,soc_rate,0.25
unplanned_icu,ALT,Cohen_m3,1433,221,0.154221912072575,0.6629393956767738,0.0,2.185667969824347,6.078495640280919,1.2897817443806432,168.0,sensitivity,0.25
unplanned_icu,ALT,Cohen_m2,1433,230,0.1605024424284717,0.491929304887977,5.979797979800011,1.6685707250356063,0.4472784644584505,2.272597841313346,168.0,soc_rate,0.25
unplanned_icu,ALT,Cohen_m2,1433,539,0.3761339846475924,0.0823360531830039,1.9384615384615809,1.952117001063988,0.7084742793607337,1.0040602961904626,168.0,sensitivity,0.25
unplanned_icu,ALT,PerRI,1433,230,0.1605024424284717,0.760454955188428,0.0,0.0,0.0,3.97302906307827,168.0,soc_rate,0.25
unplanned_icu,ALT,Gaussian_trunc,1433,704,0.4912770411723656,0.0176541175928348,1.2148900169209302,0.3424701476336518,0.3543363696412701,0.7781799406254746,168.0,sensitivity,0.25
unplanned_icu,ALT,StandardOfCare,1433,230,0.1605024424284717,0.575688805492061,0.0,2.137358865718356,0.5555856286305056,5.856222897423472,168.0,sensitivity,0.25
unplanned_icu,ALT,PopRI,1433,230,0.1605024424284717,0.7634610111130549,0.0,6.367695638107623,1.165583960857401,0.4027369409805806,168.0,soc_rate,0.25
unplanned_icu,ALT,PopRI,1433,424,0.2958827634333566,0.6247222381915736,0.0,2.8318312150779845,0.5189225627207517,0.4096407451017285,168.0,sensitivity,0.25
unplanned_icu,ALT,StandardOfCare,3120,299,0.0958333333333333,0.3508906779544477,1.81118058116725,1.6952304994331724,3.302873943018806,1.1158803593224325,72.0,soc_rate,0.25
unplanned_icu,ALT,StandardOfCare,4203,48,0.0114204139900071,0.56431392203037,0.0,4.748185547538872,2.3841954253140822,0.9896809303951932,24.0,soc_rate,0.25
unplanned_icu,ALT,NORMA_q_age_set_co,3120,299,0.0958333333333333,0.7324400383691709,0.0,2.05473496192155,3.577456836039957,1.1396767818251283,72.0,soc_rate,0.25
unplanned_icu,ALT,NORMA_q_age_set_co,3120,809,0.2592948717948718,0.8778777869169461,0.5520213069105215,1.557441857361363,2.389366648960675,0.945963387506072,72.0,sensitivity,0.25
unplanned_icu,ALT,NORMA_q_age,3120,299,0.0958333333333333,0.962849066985284,0.0,2.165421115491564,2.467366503331621,0.8597296149850858,72.0,soc_rate,0.25
unplanned_icu,ALT,NORMA_q_age,3120,1076,0.3448717948717948,0.7906222304524623,0.0,0.647689946043718,2.151229152339149,0.5165234931806639,72.0,sensitivity,0.25
unplanned_icu,ALT,NORMA_334f7e21,3120,299,0.0958333333333333,0.9873826578618096,0.0,2.154369869041,2.435282257598542,0.8466601732358646,72.0,soc_rate,0.25
unplanned_icu,ALT,NORMA_334f7e21,3120,860,0.2756410256410256,0.9530622319456468,0.5061722160285501,1.286276645130175,2.0860870633988826,0.5485224220247805,72.0,sensitivity,0.25
unplanned_icu,ALT,NORMA_q_age_set,3120,299,0.0958333333333333,0.5041370476875027,0.0,2.1780425335660505,1.0648301842481611,0.3968804976634101,72.0,soc_rate,0.25
unplanned_icu,ALT,NORMA_q_age_set,3120,991,0.3176282051282051,0.8524990328783628,1.0240838165917328,1.391328219307178,2.50530050868306,0.5756981578136284,72.0,sensitivity,0.25
unplanned_icu,ALT,Gaussian_eb,3120,296,0.0948717948717948,0.1009592456405259,0.0,0.0,0.0,0.0,72.0,soc_rate,0.25
unplanned_icu,ALT,Gaussian_eb,3120,1061,0.3400641025641026,0.5388199099133146,0.3731190033651452,0.9161118436066072,0.9356051875305762,0.5040552578551724,72.0,sensitivity,0.25
unplanned_icu,ALT,Gaussian_trunc,3120,296,0.0948717948717948,0.6587171428016342,0.0,0.8063413922660446,0.4184752089267659,0.162829176486378,72.0,soc_rate,0.25
unplanned_icu,ALT,Gaussian_trunc,3120,1199,0.3842948717948718,0.1583645934538817,0.3080226044172525,0.6952068944479766,0.9374101792821676,0.453404124538721,72.0,sensitivity,0.25
unplanned_icu,ALT,Gaussian_mle,3120,296,0.0948717948717948,0.0934473927623685,0.0,0.0,0.0,0.0,72.0,soc_rate,0.25
unplanned_icu,ALT,Gaussian_mle,3120,1042,0.3339743589743589,0.5798023576942246,0.3831219621233847,1.3790888173433746,1.1780118719841604,0.5755524214940679,72.0,sensitivity,0.25
unplanned_icu,ALT,Cohen_m4,3120,299,0.0958333333333333,0.0658924519967489,4.491230804611851,4.09523625364633,1.826254764305224,1.958756077880022,72.0,soc_rate,0.25
unplanned_icu,ALT,Cohen_m4,3120,419,0.1342948717948718,0.3067330745846212,3.067989394028946,2.824813305343314,1.2588527638976783,1.3499665830078598,72.0,sensitivity,0.25
unplanned_icu,ALT,Cohen_m3,3120,299,0.0958333333333333,0.5609451362741269,0.0,0.0,0.8157848235929406,1.3273001655043175,72.0,soc_rate,0.25
unplanned_icu,ALT,Cohen_m3,3120,472,0.1512820512820512,0.1554575929976329,2.672499503655282,3.741831977479418,2.430650295314146,2.13074700246786,72.0,sensitivity,0.25
unplanned_icu,ALT,Cohen_m2,3120,299,0.0958333333333333,0.0663982990650984,0.0,0.0,0.0,0.0,72.0,soc_rate,0.25
unplanned_icu,ALT,Cohen_m2,3120,1418,0.4544871794871795,0.0187468188202562,0.2306879396715071,0.6186063961785941,0.7012560453109399,0.2891108670414575,72.0,sensitivity,0.25
unplanned_icu,ALT,PerRI,3120,1247,0.3996794871794872,0.2640741239426309,0.7196493521574158,0.6341254495025073,0.4507406478901622,0.3269151176793258,72.0,sensitivity,0.25
unplanned_icu,ALT,StandardOfCare,3120,299,0.0958333333333333,0.3508906779544477,1.81118058116725,1.6952304994331724,3.302873943018806,1.1158803593224325,72.0,sensitivity,0.25
unplanned_icu,AST,Gaussian_mle,5281,23,0.0043552357508047,0.7770488902147086,0.0,0.0,0.0,0.0,24.0,soc_rate,0.25
unplanned_icu,ALT,PerRI,3120,298,0.0955128205128205,0.7096332359598839,0.0,0.9946950197239872,0.5159256095036313,0.2011389661918997,72.0,soc_rate,0.25
unplanned_icu,AST,Gaussian_mle,5281,1407,0.2664268131035788,0.8162610652026314,1.7551165827959565,0.7531227711429428,1.341080430768546,0.702730203492129,24.0,sensitivity,0.25
unplanned_icu,ALT,StandardOfCare,4203,48,0.0114204139900071,0.56431392203037,0.0,4.748185547538872,2.3841954253140822,0.9896809303951932,24.0,sensitivity,0.25
unplanned_icu,ALT,NORMA_q_age_set_co,4203,48,0.0114204139900071,0.5453989823900389,0.0,0.0,0.0,0.0,24.0,soc_rate,0.25
unplanned_icu,ALT,NORMA_q_age_set_co,4203,1031,0.2453009754936949,0.9956166060145404,0.0,0.9340084525282903,1.3823617742557714,0.7248949958781397,24.0,sensitivity,0.25
unplanned_icu,ALT,NORMA_q_age,4203,48,0.0114204139900071,0.5511111250842151,0.0,0.0,0.0,0.0,24.0,soc_rate,0.25
unplanned_icu,ALT,NORMA_q_age,4203,1325,0.3152510111824887,0.3836076788683679,0.4104943799594697,0.4665372874886574,0.726956234598803,0.6800194530414873,24.0,sensitivity,0.25
unplanned_icu,ALT,NORMA_334f7e21,4203,48,0.0114204139900071,0.5422372220471277,0.0,0.0,0.0,0.0,24.0,soc_rate,0.25
unplanned_icu,ALT,NORMA_334f7e21,4203,1186,0.2821793956697597,0.5626473630892241,0.4805788269573187,0.7442196202032293,0.8816326803014342,0.7487971927235735,24.0,sensitivity,0.25
unplanned_icu,ALT,NORMA_q_age_set,4203,48,0.0114204139900071,0.5353314439294825,0.0,0.0,0.0,0.0,24.0,soc_rate,0.25
unplanned_icu,ALT,NORMA_q_age_set,4203,1311,0.3119200571020699,0.333782555413704,1.148534764108296,0.6601423704131283,0.7126919484047112,1.179417085575342,24.0,sensitivity,0.25
unplanned_icu,ALT,Gaussian_eb,4203,47,0.0111824886985486,0.3567576887769697,0.0,5.038707993984743,2.530651040613668,1.0543870941066145,24.0,soc_rate,0.25
unplanned_icu,ALT,Gaussian_eb,4203,1500,0.356887937187723,0.4190749768649043,0.4014824514697661,0.426803983116386,1.1100248380096978,0.6515472270847209,24.0,sensitivity,0.25
unplanned_icu,ALT,Gaussian_trunc,4203,47,0.0111824886985486,0.3033719709311034,0.0,5.196879811633492,2.611175693608877,1.089054197828574,24.0,soc_rate,0.25
unplanned_icu,ALT,Gaussian_trunc,4203,1444,0.343564120866048,0.1235466848483869,0.4264145865806931,0.5856991282182529,0.941563650452828,0.4841718829352844,24.0,sensitivity,0.25
unplanned_icu,ALT,Gaussian_mle,4203,47,0.0111824886985486,0.2955611659335839,0.0,5.196879811633492,2.6114649248399515,1.0892624300887324,24.0,soc_rate,0.25
unplanned_icu,ALT,Gaussian_mle,4203,1438,0.3421365691172972,0.3244667331469169,0.4288000047826324,0.4545565642801324,0.9430201591207452,0.601014287014384,24.0,sensitivity,0.25
unplanned_icu,ALT,Cohen_m4,4203,48,0.0114204139900071,0.1774274783762316,0.0,7.763573584040938,3.816098241090865,1.563607881587506,24.0,soc_rate,0.25
unplanned_icu,ALT,Cohen_m4,4203,554,0.131810611467999,0.01428770881528,0.0,3.2949827659941886,2.593631282065345,1.7371346336376703,24.0,sensitivity,0.25
unplanned_icu,ALT,Cohen_m3,4203,48,0.0114204139900071,0.358676935094581,0.0,0.0,0.0,0.0,24.0,soc_rate,0.25
unplanned_icu,ALT,Cohen_m3,4203,935,0.2224601475136807,0.1391433777237029,0.0,1.3770222033934592,1.2492461463166276,1.9138901010082063,24.0,sensitivity,0.25
unplanned_icu,ALT,Cohen_m2,4203,48,0.0114204139900071,0.5066437538831622,16.331577306858865,3.414084335840614,1.7249261812535164,0.7198384125273893,24.0,soc_rate,0.25
unplanned_icu,ALT,PopRI,3120,814,0.2608974358974359,0.571664647710636,1.3487988380647835,1.8074061824564216,2.3777558666984966,0.6329577419836993,72.0,sensitivity,0.25
unplanned_icu,ALT,PopRI,3120,299,0.0958333333333333,0.4337605110856634,0.0,2.0786538132690064,2.465311012572726,0.8537931575505245,72.0,soc_rate,0.25
unplanned_icu,ALT,PerRI,4203,48,0.0114204139900071,0.5383140713511756,0.0,0.0,0.0,0.0,24.0,soc_rate,0.25
unplanned_icu,ALT,PopRI,4203,48,0.0114204139900071,0.4510517503723109,0.0,0.0,0.0,0.0,24.0,soc_rate,0.25
unplanned_icu,ALB,Cohen_m2,1078,141,0.1307977736549165,0.5272043025002981,7.609756097565956,3.4754609486831174,1.2757454562062045,2.8149708586200326,168.0,sensitivity,0.25
unplanned_icu,ALT,NORMA_334f7e21,4684,779,0.1663108454312553,0.0680102201630104,4.454589069927359,1.9544824527682343,1.6166285580234667,0.9567891880027564,0.0,sensitivity,0.25
unplanned_icu,ALT,NORMA_q_age_set,4684,1004,0.2143467122117848,0.7423381707405812,3.2571518339936336,1.733199588407736,1.4700929888981369,0.5329469128307839,0.0,sensitivity,0.25
unplanned_icu,ALT,Gaussian_eb,4684,1273,0.2717762596071733,0.9162525115156056,1.8759569460919845,0.9669093937929132,1.2870886008686049,0.8423133264971298,0.0,sensitivity,0.25
unplanned_icu,ALT,Gaussian_trunc,4684,1431,0.3055081127241674,0.2862911216156548,1.2400213043094717,0.8486688884608506,1.1012776794260175,0.5815698855403589,0.0,sensitivity,0.25
unplanned_icu,ALT,Gaussian_mle,4684,1208,0.2578992314261315,0.7710566916937351,1.5699439591938864,1.0790317336627837,0.9708305860382912,0.7282372185292488,0.0,sensitivity,0.25
unplanned_icu,ALT,Cohen_m4,4684,439,0.0937233134073441,7.97369422408208e-06,4.025480332914298,2.93572182698008,4.321242672601897,2.5767640783082277,0.0,sensitivity,0.25
unplanned_icu,ALT,Cohen_m3,4684,803,0.1714346712211784,0.0740446054061382,1.4862528232571248,1.2582964605817542,1.8686166751264497,1.7699524677972367,0.0,sensitivity,0.25
unplanned_icu,ALT,Cohen_m2,4684,1699,0.3627241673783091,0.217215197798489,1.5629632532000928,1.095840990109874,0.7858156681316346,0.4252021895526017,0.0,sensitivity,0.25
unplanned_icu,ALT,PerRI,4684,1476,0.3151152860802733,0.4782402035536521,1.1851430610960905,0.9816243083606896,0.9810111460230788,0.3784545120686042,0.0,sensitivity,0.25
unplanned_icu,ALT,NORMA_q_age,4684,1075,0.2295046968403074,0.9688300972325588,2.983191416041802,1.5851945561678342,1.0860664646998452,0.520460115924969,0.0,sensitivity,0.25
unplanned_icu,ALT,PopRI,4684,1345,0.2871477369769428,0.5947819793550304,0.7630618235760392,0.5129863538634589,0.9403790049613298,1.0866386370971923,0.0,sensitivity,0.25
unplanned_icu,ALP,StandardOfCare,1915,164,0.0856396866840731,0.7149646620916034,0.0,0.0,2.029873803605714,1.4590181567365197,168.0,sensitivity,0.25
unplanned_icu,ALP,NORMA_q_age_set_co,1915,164,0.0856396866840731,0.0343787496249606,,8.853116808993422,3.562129618615232,0.5183937136050221,168.0,soc_rate,0.25
unplanned_icu,ALP,NORMA_q_age_set_co,1915,214,0.1117493472584856,0.1037548997477571,,6.640483271461954,2.6713524840269662,0.3811630809782398,168.0,sensitivity,0.25
unplanned_icu,ALP,NORMA_q_age,1915,164,0.0856396866840731,0.7543971045284754,,2.798973558661316,1.3851653023485346,0.3887125453172646,168.0,soc_rate,0.25
unplanned_icu,ALP,NORMA_q_age,1915,243,0.1268929503916449,0.19176419389261,,5.69639836492455,2.2951467216244392,0.8895665647219934,168.0,sensitivity,0.25
unplanned_icu,ALP,NORMA_334f7e21,1915,164,0.0856396866840731,0.8826672395207189,0.0,0.0,0.0,0.9475487391905574,168.0,soc_rate,0.25
unplanned_icu,ALP,NORMA_334f7e21,1915,263,0.1373368146214099,0.3856710597512474,,1.6529302147795757,0.820270948802282,0.8325010781112756,168.0,sensitivity,0.25
unplanned_icu,ALP,NORMA_334f7e21,4578,150,0.0327653997378768,0.3484242344570007,0.0,7.216224164418054,2.8906402777497795,0.2475439028110343,72.0,soc_rate,0.25
unplanned_icu,ALP,NORMA_334f7e21,4578,704,0.1537789427697684,0.1201267923262194,5.537911301861879,2.198225218839202,3.5038917564513588,1.1714408885558782,72.0,sensitivity,0.25
unplanned_icu,ALP,StandardOfCare,1915,164,0.0856396866840731,0.7149646620916034,0.0,0.0,2.029873803605714,1.4590181567365197,168.0,soc_rate,0.25
unplanned_icu,ALT,NORMA_q_age_set_co,4684,780,0.1665243381725021,0.095754753412746,3.502836446578592,2.475762161807339,2.0401416533030603,1.0750938337484204,0.0,sensitivity,0.25
unplanned_icu,ALT,PopRI,4203,1259,0.2995479419462288,0.644204748386854,0.4412765432914115,0.5283386228873854,0.8093907266899864,1.094146582690762,24.0,sensitivity,0.25
unplanned_icu,ALP,NORMA_q_age_set,1915,164,0.0856396866840731,0.3842933071239901,,2.8066011592743214,1.3876437738441958,0.3773168968550929,168.0,soc_rate,0.25
unplanned_icu,ALP,Gaussian_mle,1915,162,0.0845953002610966,0.8018909119052648,0.0,0.0,0.0,0.7997672990906335,168.0,soc_rate,0.25
unplanned_icu,ALP,Gaussian_mle,1915,270,0.1409921671018277,0.2462317304115574,0.0,2.6986062990915265,1.2577443750380737,1.045091162349965,168.0,sensitivity,0.25
unplanned_icu,ALP,Cohen_m4,1915,164,0.0856396866840731,0.7152522614036354,0.0,0.0,2.914112449859967,1.1927575952864342,168.0,soc_rate,0.25
unplanned_icu,ALP,Cohen_m4,1915,227,0.1185378590078329,0.2815991435284155,0.0,0.0,2.2240014775747348,1.9757330734619407,168.0,sensitivity,0.25
unplanned_icu,ALP,Cohen_m3,1915,164,0.0856396866840731,0.6616489544954901,0.0,0.0,3.2483746828485573,1.8431486848354977,168.0,soc_rate,0.25
unplanned_icu,ALP,Cohen_m3,1915,377,0.1968668407310705,0.8303737868327602,0.0,0.0,1.227506602292663,1.5542779258292752,168.0,sensitivity,0.25
unplanned_icu,ALP,Cohen_m2,1915,164,0.0856396866840731,0.2856222299401633,0.0,0.0,0.0,0.3210168885933926,168.0,soc_rate,0.25
unplanned_icu,ALP,Gaussian_eb,1915,281,0.1467362924281984,0.2859303843756759,0.0,2.567400635144407,1.196145696305179,0.9819098533799244,168.0,sensitivity,0.25
unplanned_icu,ALP,Cohen_m2,1915,251,0.1310704960835509,0.3834958040847136,0.0,0.0,1.8528731957682525,2.100276429579353,168.0,sensitivity,0.25
unplanned_icu,ALP,PerRI,1915,281,0.1467362924281984,0.1093751943503434,0.0,2.033662378085675,0.9852363256998232,1.1328396814932709,168.0,sensitivity,0.25
unplanned_icu,ALP,PopRI,1915,164,0.0856396866840731,0.8940080986399224,0.0,3.771562371749837,1.7375619501317152,1.211989711198718,168.0,soc_rate,0.25
unplanned_icu,ALP,PopRI,1915,501,0.2616187989556136,0.8162730808328087,0.0,1.168253072927943,0.5484658552959132,1.1534975756195611,168.0,sensitivity,0.25
unplanned_icu,ALP,StandardOfCare,4578,150,0.0327653997378768,0.5985824220609408,0.0,0.0,0.0,2.149660010024558,72.0,soc_rate,0.25
unplanned_icu,ALP,StandardOfCare,4578,150,0.0327653997378768,0.5985824220609408,0.0,0.0,0.0,2.149660010024558,72.0,sensitivity,0.25
unplanned_icu,ALP,NORMA_q_age_set_co,4578,150,0.0327653997378768,0.4763669732624442,0.0,6.703212488130236,2.678746926811248,0.2292969578771285,72.0,soc_rate,0.25
unplanned_icu,ALP,NORMA_q_age_set_co,4578,537,0.1173001310615989,0.0211904872804988,0.0,4.285788787663713,5.730236016671339,0.6559519072471636,72.0,sensitivity,0.25
unplanned_icu,ALP,NORMA_q_age,4578,150,0.0327653997378768,0.5397400574646534,0.0,6.949754578615734,2.781575980292893,0.2368642458319146,72.0,soc_rate,0.25
unplanned_icu,ALP,NORMA_q_age,4578,621,0.1356487549148099,0.0859705287783113,6.394822006495721,2.5899724140199254,4.086917021351549,1.2495199032460984,72.0,sensitivity,0.25
unplanned_icu,ALP,PerRI,1915,163,0.0851174934725848,0.7320526329285584,0.0,3.5199367009408906,1.6982970460596978,1.1211224505315698,168.0,soc_rate,0.25
unplanned_icu,ALP,Gaussian_eb,1915,162,0.0845953002610966,0.3642871470351749,0.0,4.847741649575009,2.252373517563253,0.9730724234067574,168.0,soc_rate,0.25
unplanned_icu,ALP,NORMA_q_age_set,1915,235,0.1227154046997389,0.8489361970674627,,6.011868925773146,2.41564766358216,0.329692597187382,168.0,sensitivity,0.25
unplanned_icu,ALP,NORMA_q_age_set,4578,150,0.0327653997378768,0.2798786696937803,0.0,6.477045461068273,2.591151446226533,0.2235271214801862,72.0,soc_rate,0.25
unplanned_icu,ALP,NORMA_q_age_set,4578,557,0.1216688510266491,0.4335376658124186,7.237837837810886,2.8641280161689253,4.512721582526537,0.5207371120073133,72.0,sensitivity,0.25
unplanned_icu,ALP,NORMA_q_age_set,6457,1081,0.1674152083010686,0.3535551767364845,0.8059780108738935,1.0268585922648883,4.0808163882673,0.5338112767837041,24.0,sensitivity,0.25
unplanned_icu,ALP,Gaussian_eb,6457,36,0.0055753445872696,0.657826298092526,0.0,0.0,0.0,0.0,24.0,soc_rate,0.25
unplanned_icu,ALP,Gaussian_trunc,4578,148,0.0323285277413717,0.4728548025128812,0.0,6.664372811017971,2.6514374777822423,2.1861536520341933,72.0,soc_rate,0.25
unplanned_icu,ALP,Gaussian_trunc,4578,739,0.1614242027086063,0.1262304332048313,0.0,2.817959430803091,2.498805235098128,1.2469250942954413,72.0,sensitivity,0.25
unplanned_icu,ALP,Gaussian_mle,4578,148,0.0323285277413717,0.3063805754469469,0.0,7.858292327774122,3.1365085174697214,2.383969705098213,72.0,soc_rate,0.25
unplanned_icu,ALP,Gaussian_mle,4578,736,0.1607688947138488,0.0736407184469517,0.0,2.9165226271679168,2.6651347581830533,1.3480610091462304,72.0,sensitivity,0.25
unplanned_icu,ALP,Cohen_m4,4578,150,0.0327653997378768,0.1091881651704437,0.0,0.0,0.0,1.364662845441004,72.0,soc_rate,0.25
unplanned_icu,ALP,Cohen_m4,4578,602,0.1314984709480122,0.1697601539431654,0.0,0.9789191671301636,0.3943950893843254,2.1901255891468625,72.0,sensitivity,0.25
unplanned_icu,ALP,Cohen_m3,4578,150,0.0327653997378768,0.1192091630614612,0.0,0.0,0.0,1.4400493147049604,72.0,soc_rate,0.25
unplanned_icu,ALP,Cohen_m3,4578,713,0.155744866754041,0.3770441210891544,5.428973277089817,3.1784782711667314,2.160168663073778,0.9646693762221522,72.0,sensitivity,0.25
unplanned_icu,ALP,Cohen_m2,4578,150,0.0327653997378768,0.182168839976568,0.0,0.0,0.0,0.0,72.0,soc_rate,0.25
unplanned_icu,ALP,Cohen_m2,4578,555,0.1212319790301441,0.1327682784267783,0.0,2.927963981009687,1.0235779110564769,2.764969635014673,72.0,sensitivity,0.25
unplanned_icu,ALP,PerRI,4578,149,0.0325469637396242,0.4543255256237226,0.0,5.7838118537900005,2.2959788343562906,0.1918306355376078,72.0,soc_rate,0.25
unplanned_icu,ALP,PerRI,4578,735,0.1605504587155963,0.1527620411137374,0.0,2.590563814750279,0.9391054535483986,0.3259664102160926,72.0,sensitivity,0.25
unplanned_icu,ALP,PopRI,4578,150,0.0327653997378768,0.8847949482649895,0.0,11.114986942020096,3.914679055922911,1.218672289357416,72.0,soc_rate,0.25
unplanned_icu,ALP,PopRI,4578,1130,0.2468326780253385,0.8040252565682238,0.0,5.346971933626517,2.3129488841995824,1.3121115252703326,72.0,sensitivity,0.25
unplanned_icu,ALP,StandardOfCare,6457,36,0.0055753445872696,0.1656326577288924,30.61236677746346,14.568288883634995,7.094807121270335,4.095784856154569,24.0,soc_rate,0.25
unplanned_icu,ALP,StandardOfCare,6457,36,0.0055753445872696,0.1656326577288924,30.61236677746346,14.568288883634995,7.094807121270335,4.095784856154569,24.0,sensitivity,0.25
unplanned_icu,ALP,NORMA_q_age_set_co,6457,36,0.0055753445872696,0.7087410360270248,0.0,0.0,0.0,0.0,24.0,soc_rate,0.25
unplanned_icu,ALP,NORMA_q_age_set_co,6457,1073,0.1661762428372309,0.0365053989024155,1.9416107743634068,0.8396474251827104,4.166595809380713,1.1484184628809309,24.0,sensitivity,0.25
unplanned_icu,ALP,NORMA_q_age,6457,36,0.0055753445872696,0.7013487368072816,0.0,0.0,0.0,0.0,24.0,soc_rate,0.25
unplanned_icu,ALP,NORMA_334f7e21,6457,36,0.0055753445872696,0.6953700347608751,0.0,0.0,0.0,0.0,24.0,soc_rate,0.25
unplanned_icu,BUN,NORMA_q_age,5912,123,0.0208051420838971,0.3904289173089003,0.0,0.0,0.0,0.0,24.0,soc_rate,0.25
unplanned_icu,ALP,Gaussian_eb,4578,757,0.1653560506771516,0.0875494465488156,0.0,2.82685247173955,2.562817905117516,1.2947265140651512,72.0,sensitivity,0.25
unplanned_icu,ALP,Gaussian_trunc,1915,268,0.1399477806788511,0.4108299523476769,0.0,2.491088707844774,1.154768039342609,0.9217114865363176,168.0,sensitivity,0.25
unplanned_icu,ALP,Gaussian_eb,4578,148,0.0323285277413717,0.9804665443019924,0.0,7.650390004469747,3.0508774954607074,0.2612912567607549,72.0,soc_rate,0.25
unplanned_icu,ALP,NORMA_334f7e21,6457,1282,0.1985442155799907,0.1831748374045978,1.7252817804220129,1.3803201572302393,2.057010570272701,0.8981784724059347,24.0,sensitivity,0.25
unplanned_icu,ALP,Gaussian_eb,6457,798,0.1235868050178101,0.0007896635054045,9.014707018134075,2.878895042009453,3.480649968158739,1.2543140752623545,24.0,sensitivity,0.25
unplanned_icu,ALP,Gaussian_trunc,6457,36,0.0055753445872696,0.1231092351263715,0.0,0.0,0.0,7.09457363344989,24.0,soc_rate,0.25
unplanned_icu,ALP,Gaussian_trunc,6457,897,0.1389190026328016,0.0022902925125945,7.88349920661072,2.513821427624232,2.896682419865974,1.6949759914728637,24.0,sensitivity,0.25
unplanned_icu,ALP,Gaussian_mle,6457,36,0.0055753445872696,0.7124189399084229,0.0,0.0,0.0,0.0,24.0,soc_rate,0.25
unplanned_icu,ALP,Gaussian_mle,6457,964,0.1492953383924423,0.0085508211510954,7.242246673461786,2.3157439809395237,2.7784971540493264,0.9682587161897392,24.0,sensitivity,0.25
unplanned_icu,ALP,Cohen_m4,6457,36,0.0055753445872696,0.4346003322888317,0.0,0.0,0.0,0.0,24.0,soc_rate,0.25
unplanned_icu,ALP,Cohen_m4,6457,862,0.1334985287285117,0.0080134571135966,8.921585265554292,3.9299312139125577,2.1387370378248245,2.251734941314423,24.0,sensitivity,0.25
unplanned_icu,ALP,Cohen_m3,6457,36,0.0055753445872696,0.0001775958145715,28.92099822515077,13.76904348829505,6.716960615664311,0.5452252144988478,24.0,soc_rate,0.25
unplanned_icu,ALP,Cohen_m3,6457,1009,0.1562645191265293,0.0360279898725274,13.957179769254717,7.091642108595027,3.696849497159411,0.5450156268109914,24.0,sensitivity,0.25
unplanned_icu,ALP,Cohen_m2,6457,36,0.0055753445872696,0.0146712217455271,28.92001775520326,13.77188517224461,6.714047239657999,0.5489586325569875,24.0,soc_rate,0.25
unplanned_icu,ALP,Cohen_m2,6457,747,0.1156884001858448,0.027348467358049,5.549045123750002,2.1016249148245296,2.3952307677340623,2.823132911869928,24.0,sensitivity,0.25
unplanned_icu,ALP,PerRI,6457,36,0.0055753445872696,0.4614810086715279,0.0,0.0,0.0,0.0,24.0,soc_rate,0.25
unplanned_icu,ALP,PerRI,6457,1386,0.2146507666098807,0.1082448710733671,1.4271469645770531,0.6238150832606394,1.205349408754839,0.837630173126057,24.0,sensitivity,0.25
unplanned_icu,ALP,PopRI,6457,36,0.0055753445872696,0.4128836078499636,0.0,0.0,0.0,1.3184841614525566,24.0,soc_rate,0.25
unplanned_icu,ALP,PopRI,6457,1610,0.2493417995973362,0.8111631510771741,1.1675329284218443,0.9549312646942008,2.1228983560990136,1.2599000268083624,24.0,sensitivity,0.25
unplanned_icu,ALP,NORMA_q_age_set_co,7208,1139,0.1580188679245283,0.013768210828126,1.9443675858287788,1.5002632524919697,2.683448110371068,0.7189954257255414,0.0,sensitivity,0.25
unplanned_icu,ALP,NORMA_q_age,7208,1069,0.1483074361820199,0.0372615474179613,2.0961048437480048,1.6722110204860074,1.859574190559823,0.6206829897620608,0.0,sensitivity,0.25
unplanned_icu,ALP,NORMA_334f7e21,7208,1337,0.185488346281909,0.1820422349281874,2.520977796832649,1.6459341125826197,1.6639118844431864,0.5091716153291589,0.0,sensitivity,0.25
unplanned_icu,ALP,NORMA_q_age_set,7208,1269,0.176054384017758,0.1937308018935677,1.0147213895547986,0.7041134022067818,2.123520080710129,0.6234014245061024,0.0,sensitivity,0.25
unplanned_icu,ALP,NORMA_q_age_set,6457,36,0.0055753445872696,0.7054869668806978,0.0,0.0,0.0,0.0,24.0,soc_rate,0.25
unplanned_icu,ALP,Gaussian_trunc,7208,1038,0.1440066592674805,0.0002988332277047,3.433100960896717,3.4054616824057464,4.254291298226923,2.365850360611506,0.0,sensitivity,0.25
unplanned_icu,ALP,NORMA_q_age,6457,1073,0.1661762428372309,0.0553369273473124,2.131406287148988,1.6928142282268468,3.5694921370193207,1.0453141887584672,24.0,sensitivity,0.25
unplanned_icu,ALP,Gaussian_trunc,1915,162,0.0845953002610966,0.824483179917942,0.0,4.26281844568459,1.978764111272865,1.3765109963051072,168.0,soc_rate,0.25
unplanned_icu,ALP,Gaussian_eb,7208,948,0.1315205327413984,0.0001268379316587,3.662086666724161,3.012647418756513,3.40585618997673,2.4175447193811013,0.0,sensitivity,0.25
unplanned_icu,ALP,Gaussian_mle,7208,962,0.1334628190899001,0.0002004799903076,3.6019094786607324,3.68756436851526,3.8356204590979455,2.1173010893282536,0.0,sensitivity,0.25
unplanned_icu,ALP,PerRI,7208,1594,0.2211431742508324,0.0958177186661051,1.4480795710966352,1.1003582090079738,1.4372598678645805,1.1146925865352004,0.0,sensitivity,0.25
unplanned_icu,ALP,PopRI,7208,1826,0.2533296337402885,0.4455066382014112,1.0745050221615662,1.1691279190790598,2.038657036187101,1.614084930740843,0.0,sensitivity,0.25
unplanned_icu,ALB,StandardOfCare,1078,186,0.1725417439703154,0.0277186053949626,5.591194968552975,2.560070956297128,3.3676315519931337,2.3237241691169346,168.0,soc_rate,0.25
unplanned_icu,ALB,StandardOfCare,1078,186,0.1725417439703154,0.0277186053949626,5.591194968552975,2.560070956297128,3.3676315519931337,2.3237241691169346,168.0,sensitivity,0.25
unplanned_icu,ALB,NORMA_q_age_set_co,1078,186,0.1725417439703154,0.8931389542521257,0.0,0.0,1.82405993151058,1.4903862516621362,168.0,soc_rate,0.25
unplanned_icu,ALB,NORMA_q_age_set_co,1078,119,0.1103896103896103,0.5358641525898684,0.0,0.0,2.805279286079704,2.2248208758617256,168.0,sensitivity,0.25
unplanned_icu,ALB,NORMA_q_age,1078,186,0.1725417439703154,0.4689871675953115,0.0,0.0,1.6911711013506263,0.5195845632095238,168.0,soc_rate,0.25
unplanned_icu,ALB,NORMA_q_age,1078,282,0.261595547309833,0.6014326039043523,0.0,0.0,1.0172977178964226,0.3182569264012265,168.0,sensitivity,0.25
unplanned_icu,ALB,NORMA_334f7e21,1078,186,0.1725417439703154,0.5207320270917897,0.0,0.0,1.6911711013506263,0.5314304765898888,168.0,soc_rate,0.25
unplanned_icu,ALB,NORMA_334f7e21,1078,378,0.3506493506493506,0.361468206013058,0.0,0.0,0.7221437818591595,0.6590686855436884,168.0,sensitivity,0.25
unplanned_icu,ALB,NORMA_q_age_set,1078,186,0.1725417439703154,0.8532303224024183,0.0,0.0,1.6910289270304968,1.4913754668267742,168.0,soc_rate,0.25
unplanned_icu,ALB,NORMA_q_age_set,1078,119,0.1103896103896103,0.381623099846307,0.0,0.0,2.993410179993061,2.5934980017738405,168.0,sensitivity,0.25
unplanned_icu,ALB,Gaussian_eb,1078,184,0.1706864564007421,0.6385156127723124,0.0,2.7562392133255167,1.0029445651393791,0.3535949520054683,168.0,soc_rate,0.25
unplanned_icu,ALB,Gaussian_eb,1078,256,0.2374768089053803,0.8850343138499276,0.0,1.8302843738995112,0.667459235260266,0.2351085225841117,168.0,sensitivity,0.25
unplanned_icu,ALB,Gaussian_trunc,1078,184,0.1706864564007421,0.6816170995091828,0.0,2.653369240677557,0.9628341210900928,0.349925146108621,168.0,soc_rate,0.25
unplanned_icu,ALB,Gaussian_trunc,1078,236,0.2189239332096475,0.9445358595971328,0.0,1.9603729603727504,2.358251911639833,0.6797789923374057,168.0,sensitivity,0.25
unplanned_icu,ALB,Gaussian_mle,1078,184,0.1706864564007421,0.1744032930913161,0.0,0.0,0.0,0.0,168.0,soc_rate,0.25
unplanned_icu,ALB,Gaussian_mle,1078,223,0.2068645640074211,0.9259925736085296,0.0,0.0,1.612691208541542,0.5045050041797683,168.0,sensitivity,0.25
unplanned_icu,ALB,Cohen_m4,1078,186,0.1725417439703154,0.6768409480905146,0.0,0.0,2.1618735961313726,1.8377380139475183,168.0,soc_rate,0.25
unplanned_icu,ALB,Gaussian_mle,2398,547,0.2281067556296914,0.6767094358942527,0.0,0.0,1.3108890969405458,0.7389779765491837,72.0,sensitivity,0.25
unplanned_icu,ALB,Cohen_m4,2398,320,0.1334445371142618,0.966998071057021,0.0,0.0,0.0,1.396683718645151,72.0,soc_rate,0.25
unplanned_icu,ALP,Cohen_m2,7208,903,0.1252774694783573,0.0037465615017275,1.5152170731572994,2.0355215842315086,2.884007831589302,2.4865247103552948,0.0,sensitivity,0.25
unplanned_icu,ALB,Cohen_m4,2398,882,0.3678065054211843,0.7388407487829747,0.0,0.0,0.8100313069256223,1.0496401186033195,72.0,sensitivity,0.25
unplanned_icu,ALP,Cohen_m3,7208,1271,0.1763318534961154,0.2110570087910194,0.4571617360135084,2.4839865958126843,2.009607927851526,0.9848131579001128,0.0,sensitivity,0.25
unplanned_icu,ALB,Cohen_m3,1078,186,0.1725417439703154,0.2363251383174141,0.0,0.0,2.07794344450759,4.647161998658647,168.0,soc_rate,0.25
unplanned_icu,ALB,PerRI,1078,186,0.1725417439703154,0.5655390610802316,0.0,0.0,0.0,0.0,168.0,soc_rate,0.25
unplanned_icu,ALB,PerRI,1078,241,0.2235621521335807,0.8581243514603841,0.0,1.8801272260629909,0.6762158562290771,0.2403717112333196,168.0,sensitivity,0.25
unplanned_icu,ALB,PopRI,1078,186,0.1725417439703154,0.6030860229441459,0.0,2.9006909006907584,1.0592917336695424,1.502594093483433,168.0,soc_rate,0.25
unplanned_icu,ALB,PopRI,1078,137,0.1270871985157699,0.3833152501238362,0.0,4.034222222222572,1.4728564213058315,2.042480892033562,168.0,sensitivity,0.25
unplanned_icu,ALB,StandardOfCare,2398,320,0.1334445371142618,0.4138925087791577,0.0,8.314516129026147,1.005422568714328,1.8409618494787443,72.0,soc_rate,0.25
unplanned_icu,ALB,StandardOfCare,2398,320,0.1334445371142618,0.4138925087791577,0.0,8.314516129026147,1.005422568714328,1.8409618494787443,72.0,sensitivity,0.25
unplanned_icu,ALB,NORMA_q_age_set_co,2398,320,0.1334445371142618,0.8069184647072396,0.0,0.0,0.0,1.891082614333497,72.0,soc_rate,0.25
unplanned_icu,ALB,NORMA_q_age_set_co,2398,1039,0.4332777314428691,0.3452492134261916,,1.0551257253387742,0.1585264881272804,0.5889116854472098,72.0,sensitivity,0.25
unplanned_icu,ALB,Cohen_m2,1078,186,0.1725417439703154,0.313833623809143,5.603773584907803,2.5627013345607965,0.9455047185706013,2.0180521176261434,168.0,soc_rate,0.25
unplanned_icu,ALB,NORMA_q_age,2398,320,0.1334445371142618,0.5891837770979027,0.0,0.0,0.0,0.7047738723282503,72.0,soc_rate,0.25
unplanned_icu,ALB,NORMA_334f7e21,2398,320,0.1334445371142618,0.6232685071799895,0.0,0.0,0.0,0.7345769969153113,72.0,soc_rate,0.25
unplanned_icu,ALB,NORMA_334f7e21,2398,1051,0.4382819015846538,0.2657303798831645,0.0,0.0,0.5102856022034129,0.6287229977806879,72.0,sensitivity,0.25
unplanned_icu,ALB,NORMA_q_age_set,2398,320,0.1334445371142618,0.7364182489155835,0.0,0.0,0.0,0.9010735459673108,72.0,soc_rate,0.25
unplanned_icu,ALB,NORMA_q_age_set,2398,949,0.3957464553794829,0.3952035535571557,0.0,0.0,0.6090670375252072,0.7435705109255819,72.0,sensitivity,0.25
unplanned_icu,ALB,Gaussian_eb,2398,317,0.1321934945788156,0.606641856986534,0.0,0.0,2.1777080654696754,0.3870012168205713,72.0,soc_rate,0.25
unplanned_icu,ALB,Gaussian_eb,2398,738,0.3077564637197664,0.7374789277599018,0.0,0.0,2.626192207135276,0.3188360873999022,72.0,sensitivity,0.25
unplanned_icu,ALB,Gaussian_trunc,2398,317,0.1321934945788156,0.5508985890973794,0.0,0.0,1.8726596339121453,0.3375138538302719,72.0,soc_rate,0.25
unplanned_icu,ALB,Gaussian_trunc,2398,562,0.2343619683069224,0.905765949025353,0.0,0.0,1.034322567099745,1.8816298884267493,72.0,sensitivity,0.25
unplanned_icu,ALB,Gaussian_mle,2398,317,0.1321934945788156,0.1979445514462748,0.0,0.0,0.0,0.0,72.0,soc_rate,0.25
unplanned_icu,ALB,NORMA_q_age,2398,919,0.3832360300250208,0.4473999645869796,0.0,0.0,0.6447118632831785,0.3621272834145364,72.0,sensitivity,0.25
unplanned_icu,ALB,Cohen_m3,1078,102,0.0946196660482374,0.245215954774501,0.0,0.0,3.849638254120801,3.1191011127424413,168.0,sensitivity,0.25
unplanned_icu,ALB,Cohen_m4,1078,170,0.1576994434137291,0.5932722646320525,0.0,0.0,2.408632224002388,2.0294158179094097,168.0,sensitivity,0.25
unplanned_icu,BUN,NORMA_q_age_set_co,5912,123,0.0208051420838971,0.3176027653064259,0.0,0.0,0.0,0.0,24.0,soc_rate,0.25
unplanned_icu,ALB,Cohen_m3,2398,320,0.1334445371142618,0.4767853275076956,0.0,0.0,0.0,2.7095752852693384,72.0,soc_rate,0.25
unplanned_icu,ALB,Cohen_m3,3762,913,0.2426900584795321,0.4619604405082388,2.3505442731975768,1.170055630945169,0.567595485761012,2.9279630182322003,24.0,sensitivity,0.25
unplanned_icu,ALB,Cohen_m2,2398,315,0.1313594662218515,0.2278361812128096,,5.380645161289095,3.8570382237598446,2.914030447820936,72.0,sensitivity,0.25
unplanned_icu,ALB,PerRI,2398,320,0.1334445371142618,0.5222727725467335,0.0,0.0,0.0,0.0,72.0,soc_rate,0.25
unplanned_icu,ALB,PerRI,2398,758,0.3160967472894078,0.4754317899168802,0.0,0.0,2.271945388851055,0.2556463200011409,72.0,sensitivity,0.25
unplanned_icu,ALB,PopRI,2398,320,0.1334445371142618,0.4367642402487662,0.0,0.0,0.0,3.1760878018389804,72.0,soc_rate,0.25
unplanned_icu,ALB,PopRI,2398,494,0.2060050041701417,0.3568577730208344,0.0,0.0,1.7556471284900808,2.495503546174759,72.0,sensitivity,0.25
unplanned_icu,ALB,StandardOfCare,3762,117,0.0311004784688995,0.5912582033424478,0.0,0.0,3.356797272915122,0.8619686969984198,24.0,soc_rate,0.25
unplanned_icu,ALB,StandardOfCare,3762,117,0.0311004784688995,0.5912582033424478,0.0,0.0,3.356797272915122,0.8619686969984198,24.0,sensitivity,0.25
unplanned_icu,ALB,NORMA_q_age_set_co,3762,117,0.0311004784688995,0.9546701886091096,0.0,0.0,0.0,1.7262452223981748,24.0,soc_rate,0.25
unplanned_icu,ALB,NORMA_q_age_set_co,3762,760,0.202020202020202,0.2928054823683311,3.4007740013965115,2.900813841530795,1.2343236511608051,1.57069210479527,24.0,sensitivity,0.25
unplanned_icu,ALB,NORMA_q_age,3762,117,0.0311004784688995,0.3419480330237438,0.0,0.0,0.0,0.0,24.0,soc_rate,0.25
unplanned_icu,ALB,NORMA_q_age,3762,1020,0.2711323763955343,0.8581599492615517,2.2586248088628067,1.897718377799426,0.7996635315280262,0.4976416698526654,24.0,sensitivity,0.25
unplanned_icu,ALB,NORMA_334f7e21,3762,117,0.0311004784688995,0.3273299120151111,0.0,0.0,0.0,0.0,24.0,soc_rate,0.25
unplanned_icu,ALB,NORMA_334f7e21,3762,1287,0.3421052631578947,0.6634170230578103,1.629483066293702,0.7775412538669789,0.3676294713462579,1.6669390756072957,24.0,sensitivity,0.25
unplanned_icu,ALB,NORMA_q_age_set,3762,117,0.0311004784688995,0.3456256630443542,0.0,0.0,0.0,0.0,24.0,soc_rate,0.25
unplanned_icu,ALB,NORMA_q_age_set,3762,493,0.1310473152578415,0.0252902919035556,5.54372036430886,4.649181654065416,1.974341213477183,2.686342941088746,24.0,sensitivity,0.25
unplanned_icu,ALB,Gaussian_eb,3762,116,0.0308346624136097,0.3505564899958623,0.0,0.0,0.0,0.0,24.0,soc_rate,0.25
unplanned_icu,ALB,Gaussian_eb,3762,1159,0.308080808080808,0.8581452367587229,1.6992227164710618,0.832452146115545,1.1324413157153308,0.3854002888102294,24.0,sensitivity,0.25
unplanned_icu,ALB,Gaussian_trunc,3762,116,0.0308346624136097,0.8786313760681606,5.762993556766377,3.386778951329673,1.776022629864657,0.4669765364629454,24.0,soc_rate,0.25
unplanned_icu,ALB,Gaussian_trunc,3762,683,0.181552365762892,0.650720545132569,0.848903469751608,2.1619021900785422,0.94675466096211,0.7871256808180915,24.0,sensitivity,0.25
unplanned_icu,ALB,Gaussian_mle,3762,909,0.2416267942583732,0.514391191685406,2.382281390723713,1.1712688034707033,1.6604318505991489,0.7599842308505957,24.0,sensitivity,0.25
unplanned_icu,ALT,PerRI,4203,1441,0.3428503449916726,0.1405160845401954,0.4321130585415509,0.5967143581692409,0.6460105500136291,0.2407736229449188,24.0,sensitivity,0.25
unplanned_icu,ALB,Cohen_m2,2398,320,0.1334445371142618,0.2311569252345169,,5.2825396825409685,3.8120526642656434,2.905434072754092,72.0,soc_rate,0.25
unplanned_icu,ALB,Cohen_m3,3762,117,0.0311004784688995,0.4757317518288556,0.0,0.0,0.0,0.0,24.0,soc_rate,0.25
unplanned_icu,ALB,Cohen_m3,2398,448,0.1868223519599666,0.3782056311358485,0.0,0.0,0.0,4.504187087106523,72.0,sensitivity,0.25
unplanned_icu,ALB,Cohen_m4,3762,117,0.0311004784688995,0.4845548465617582,0.0,0.0,0.0,0.0,24.0,soc_rate,0.25
unplanned_icu,ALB,Cohen_m2,3762,117,0.0311004784688995,0.1499685377948719,12.718349990662205,6.931505620979163,3.4837360237959696,0.8800732652545677,24.0,soc_rate,0.25
unplanned_icu,ALB,Cohen_m2,3762,255,0.0677830940988835,0.0510159722335575,10.44090782678489,8.973360899383714,3.789353676970034,0.8567841365679838,24.0,sensitivity,0.25
unplanned_icu,ALB,PerRI,3762,117,0.0311004784688995,0.3361542902990893,0.0,0.0,0.0,0.0,24.0,soc_rate,0.25
unplanned_icu,ALB,PerRI,3762,1173,0.3118022328548644,0.968209349887055,1.7169169456235032,0.8368714196183576,1.0567005756226082,0.8599748415279355,24.0,sensitivity,0.25
unplanned_icu,ALB,PopRI,3762,117,0.0311004784688995,0.3601398555284472,0.0,0.0,0.0,2.5323285162700744,24.0,soc_rate,0.25
unplanned_icu,ALB,PopRI,3762,1334,0.3545986177565124,0.8758430137154151,0.3541141656456514,0.4842313163376732,0.2485466030886587,2.604907264354104,24.0,sensitivity,0.25
unplanned_icu,ALB,NORMA_q_age_set_co,4544,1227,0.2700264084507042,0.7756833790481663,0.0,1.665566876147748,1.926471362301144,1.1213562227087124,0.0,sensitivity,0.25
unplanned_icu,ALB,NORMA_q_age,4544,1647,0.3624559859154929,0.4558736933404085,0.7978735463553472,1.3843788813155629,0.9199267231158522,0.3385702791787523,0.0,sensitivity,0.25
unplanned_icu,ALB,NORMA_334f7e21,4544,1886,0.4150528169014084,0.4045029563088799,0.6370577773566685,0.6649939589967873,0.4696744980241468,1.339707406371719,0.0,sensitivity,0.25
unplanned_icu,ALB,NORMA_q_age_set,4544,854,0.1879401408450704,0.1897208488653907,1.9650107469297795,3.438824949891938,2.2955518285903014,1.6124327817890496,0.0,sensitivity,0.25
unplanned_icu,ALB,Gaussian_eb,4544,1511,0.3325264084507042,0.6896476425776839,,1.6110421874941063,1.0689455783155597,0.406966496753071,0.0,sensitivity,0.25
unplanned_icu,ALB,Gaussian_trunc,4544,853,0.1877200704225352,0.1188230425445297,1.972025448610314,3.431462103005846,2.256293193817045,0.8602792727727739,0.0,sensitivity,0.25
unplanned_icu,ALB,Gaussian_mle,4544,1317,0.2898327464788732,0.3803321047675359,1.1083591275274058,2.061648088052107,1.360143821131763,0.661034776232752,0.0,sensitivity,0.25
unplanned_icu,ALB,Cohen_m4,4544,1362,0.2997359154929577,0.2034172916978773,3.892688090770212,1.934114930063004,1.303239820831534,2.825401517281308,0.0,sensitivity,0.25
unplanned_icu,ALB,Cohen_m3,4544,1266,0.2786091549295774,0.4415140351665719,1.1727395643721918,1.7180430152434971,1.182426327362181,2.523205459534316,0.0,sensitivity,0.25
unplanned_icu,ALB,Cohen_m2,4544,292,0.0642605633802816,0.013643984291496,8.32254497651508,9.34752435441314,6.385312991406585,0.9452460993754376,0.0,sensitivity,0.25
unplanned_icu,ALB,PerRI,4544,1398,0.3076584507042254,0.6841081431988156,1.0218792039235227,1.0215538344573964,0.7271170477740321,0.8561266296580357,0.0,sensitivity,0.25
unplanned_icu,ALB,PopRI,4544,2020,0.4445422535211267,0.5962875580683604,0.568804957270947,1.042007009317674,0.7063263684628905,0.9259054876355476,0.0,sensitivity,0.25
unplanned_icu,WBC,StandardOfCare,2022,335,0.1656775469831849,0.1685975098878444,0.0,1.746228614022871,2.4681456436736937,1.766258921264387,168.0,sensitivity,0.25
unplanned_icu,ALB,Cohen_m4,3762,1122,0.2982456140350877,0.3587275402433754,3.0782588181307857,1.3317568828356652,0.6188506201340312,3.0058707414422448,24.0,sensitivity,0.25
unplanned_icu,ALP,Cohen_m4,7208,1042,0.1445615982241953,0.0321689930552896,1.338752740841287,2.9162613813574625,1.9638943125681751,1.7280400969604706,0.0,sensitivity,0.25
unplanned_icu,ALB,Gaussian_mle,3762,116,0.0308346624136097,0.4012499650417067,0.0,0.0,0.0,0.0,24.0,soc_rate,0.25
unplanned_icu,CRE,Cohen_m3,1738,191,0.1098964326812428,0.9724082590862154,0.0,0.0,0.0,1.5533743644119509,168.0,soc_rate,0.25
